segment_id,endpoint,angle_deg,side,x_input,y_input,z_input,x_mm,y_mm,z_mm,signed_r_mm,radial_r_mm,z_from_bottom_mm
0,0,90,positive,0.138092372237,-0.0487361223534,0.00527416846184,138.092372237,-48.7361223534,5.27416846184,58.7552836046,58.7552836046,36.1601684841
0,1,90,positive,0.138092372237,-0.0487753110882,0.00520573509822,138.092372237,-48.7753110882,5.20573509822,58.7160948698,58.7160948698,36.0917351205
1,0,90,positive,0.138092372237,-0.0486437300189,0.00544847026417,138.092372237,-48.6437300189,5.44847026417,58.8476759391,58.8476759391,36.3344702865
1,1,90,positive,0.138092372237,-0.0487361223534,0.00527416846184,138.092372237,-48.7361223534,5.27416846184,58.7552836046,58.7552836046,36.1601684841
2,0,90,positive,0.138092372237,-0.0473163357923,0.00840576559644,138.092372237,-47.3163357923,8.40576559644,60.1750701657,60.1750701657,39.2917656187
2,1,90,positive,0.138092372237,-0.0479057442439,0.00692946898876,138.092372237,-47.9057442439,6.92946898876,59.585661714,59.585661714,37.8154690111
3,0,90,positive,0.138092372237,-0.0465401596659,0.0100850787241,138.092372237,-46.5401596659,10.0850787241,60.9512462921,60.9512462921,40.9710787464
3,1,90,positive,0.138092372237,-0.0471057965129,0.00893180700346,138.092372237,-47.1057965129,8.93180700346,60.3856094451,60.3856094451,39.8178070258
4,0,90,positive,0.138092372237,-0.0465401596659,0.0100850787241,138.092372237,-46.5401596659,10.0850787241,60.9512462921,60.9512462921,40.9710787464
4,1,90,positive,0.138092372237,-0.0462682489746,0.0106285942095,138.092372237,-46.2682489746,10.6285942095,61.2231569834,61.2231569834,41.5145942318
5,0,90,positive,0.138092372237,-0.0445964437712,0.0137149483066,138.092372237,-44.5964437712,13.7149483066,62.8949621868,62.8949621868,44.6009483289
5,1,90,positive,0.138092372237,-0.0448085065107,0.0133217519292,138.092372237,-44.8085065107,13.3217519292,62.6828994473,62.6828994473,44.2077519515
6,0,90,positive,0.138092372237,-0.0445964437712,0.0137149483066,138.092372237,-44.5964437712,13.7149483066,62.8949621868,62.8949621868,44.6009483289
6,1,90,positive,0.138092372237,-0.0434846935542,0.015788175024,138.092372237,-43.4846935542,15.788175024,64.0067124038,64.0067124038,46.6741750463
7,0,90,positive,0.138092372237,-0.0448085065107,0.0133217519292,138.092372237,-44.8085065107,13.3217519292,62.6828994473,62.6828994473,44.2077519515
7,1,90,positive,0.138092372237,-0.0450223549795,0.0129252066665,138.092372237,-45.0223549795,12.9252066665,62.4690509785,62.4690509785,43.8112066888
8,0,90,positive,0.138092372237,-0.0462682489746,0.0106285942095,138.092372237,-46.2682489746,10.6285942095,61.2231569834,61.2231569834,41.5145942318
8,1,90,positive,0.138092372237,-0.0461596542383,0.0108338900894,138.092372237,-46.1596542383,10.8338900894,61.3317517197,61.3317517197,41.7198901117
9,0,90,positive,0.138092372237,-0.0461596542383,0.0108338900894,138.092372237,-46.1596542383,10.8338900894,61.3317517197,61.3317517197,41.7198901117
9,1,90,positive,0.138092372237,-0.0450223549795,0.0129252066665,138.092372237,-45.0223549795,12.9252066665,62.4690509785,62.4690509785,43.8112066888
10,0,90,positive,0.138092372237,-0.0428519463178,0.017227581793,138.092372237,-42.8519463178,17.227581793,64.6394596402,64.6394596402,48.1135818153
10,1,90,positive,0.138092372237,-0.0429478267652,0.0169916226527,138.092372237,-42.9478267652,16.9916226527,64.5435791928,64.5435791928,47.877622675
11,0,90,positive,0.138092372237,-0.0421915502296,0.0185448105351,138.092372237,-42.1915502296,18.5448105351,65.2998557284,65.2998557284,49.4308105574
11,1,90,positive,0.138092372237,-0.0428519463178,0.017227581793,138.092372237,-42.8519463178,17.227581793,64.6394596402,64.6394596402,48.1135818153
12,0,90,positive,0.138092372237,-0.0434846935542,0.015788175024,138.092372237,-43.4846935542,15.788175024,64.0067124038,64.0067124038,46.6741750463
12,1,90,positive,0.138092372237,-0.0429478267652,0.0169916226527,138.092372237,-42.9478267652,16.9916226527,64.5435791928,64.5435791928,47.877622675
13,0,90,positive,0.138092372237,-0.0421915502296,0.0185448105351,138.092372237,-42.1915502296,18.5448105351,65.2998557284,65.2998557284,49.4308105574
13,1,90,positive,0.138092372237,-0.0417560819635,0.0194151446145,138.092372237,-41.7560819635,19.4151446145,65.7353239945,65.7353239945,50.3011446368
14,0,90,positive,0.138092372237,-0.0417560819635,0.0194151446145,138.092372237,-41.7560819635,19.4151446145,65.7353239945,65.7353239945,50.3011446368
14,1,90,positive,0.138092372237,-0.0417347854233,0.0194634935411,138.092372237,-41.7347854233,19.4634935411,65.7566205347,65.7566205347,50.3494935634
15,0,90,positive,0.138092372237,-0.0417347854233,0.0194634935411,138.092372237,-41.7347854233,19.4634935411,65.7566205347,65.7566205347,50.3494935634
15,1,90,positive,0.138092372237,-0.041706234709,0.0195223178281,138.092372237,-41.706234709,19.5223178281,65.7851712489,65.7851712489,50.4083178504
16,0,90,positive,0.138092372237,-0.0576158717278,-0.0118962043614,138.092372237,-57.6158717278,-11.8962043614,49.8755342301,49.8755342301,18.9897956609
16,1,90,positive,0.138092372237,-0.05762752854,-0.0119196696615,138.092372237,-57.62752854,-11.9196696615,49.863877418,49.863877418,18.9663303608
17,0,90,positive,0.138092372237,-0.0575978517295,-0.011851974343,138.092372237,-57.5978517295,-11.851974343,49.8935542284,49.8935542284,19.0340256793
17,1,90,positive,0.138092372237,-0.0576158717278,-0.0118962043614,138.092372237,-57.6158717278,-11.8962043614,49.8755342301,49.8755342301,18.9897956609
18,0,90,positive,0.138092372237,-0.0575978517295,-0.011851974343,138.092372237,-57.5978517295,-11.851974343,49.8935542284,49.8935542284,19.0340256793
18,1,90,positive,0.138092372237,-0.057060856286,-0.010512071709,138.092372237,-57.060856286,-10.512071709,50.430549672,50.430549672,20.3739283133
19,0,90,positive,0.138092372237,-0.0570216924195,-0.0103534112747,138.092372237,-57.0216924195,-10.3534112747,50.4697135384,50.4697135384,20.5325887476
19,1,90,positive,0.138092372237,-0.057060856286,-0.010512071709,138.092372237,-57.060856286,-10.512071709,50.430549672,50.430549672,20.3739283133
20,0,90,positive,0.138092372237,-0.0568526986098,-0.00998239850331,138.092372237,-56.8526986098,-9.98239850331,50.6387073482,50.6387073482,20.903601519
20,1,90,positive,0.138092372237,-0.0570216924195,-0.0103534112747,138.092372237,-57.0216924195,-10.3534112747,50.4697135384,50.4697135384,20.5325887476
21,0,90,positive,0.138092372237,-0.0568526986098,-0.00998239850331,138.092372237,-56.8526986098,-9.98239850331,50.6387073482,50.6387073482,20.903601519
21,1,90,positive,0.138092372237,-0.0567195795968,-0.009651496748,138.092372237,-56.7195795968,-9.651496748,50.7718263612,50.7718263612,21.2345032743
22,0,90,positive,0.138092372237,-0.0564159210066,-0.0089392549211,138.092372237,-56.4159210066,-8.9392549211,51.0754849514,51.0754849514,21.9467451012
22,1,90,positive,0.138092372237,-0.0567195795968,-0.009651496748,138.092372237,-56.7195795968,-9.651496748,50.7718263612,50.7718263612,21.2345032743
23,0,90,positive,0.138092372237,-0.0560401336389,-0.00794657442388,138.092372237,-56.0401336389,-7.94657442388,51.4512723191,51.4512723191,22.9394255984
23,1,90,positive,0.138092372237,-0.0561734691147,-0.0083272034608,138.092372237,-56.1734691147,-8.3272034608,51.3179368433,51.3179368433,22.5587965615
24,0,90,positive,0.138092372237,-0.065811494532,-0.0158637288694,138.092372237,-65.811494532,-15.8637288694,41.679911426,41.679911426,15.0222711529
24,1,90,positive,0.138092372237,-0.065801330811,-0.0158495980933,138.092372237,-65.801330811,-15.8495980933,41.690075147,41.690075147,15.036401929
25,0,90,positive,0.138092372237,-0.065801330811,-0.0158495980933,138.092372237,-65.801330811,-15.8495980933,41.690075147,41.690075147,15.036401929
25,1,90,positive,0.138092372237,-0.0657536136624,-0.0157068330919,138.092372237,-65.7536136624,-15.7068330919,41.7377922955,41.7377922955,15.1791669304
26,0,90,positive,0.138092372237,-0.063780159004,-0.012644969552,138.092372237,-63.780159004,-12.644969552,43.711246954,43.711246954,18.2410304703
26,1,90,positive,0.138092372237,-0.0637348796786,-0.0125563636363,138.092372237,-63.7348796786,-12.5563636363,43.7565262794,43.7565262794,18.329636386
27,0,90,positive,0.138092372237,-0.0638875159831,-0.0127738454553,138.092372237,-63.8875159831,-12.7738454553,43.6038899749,43.6038899749,18.112154567
27,1,90,positive,0.138092372237,-0.063780159004,-0.012644969552,138.092372237,-63.780159004,-12.644969552,43.711246954,43.711246954,18.2410304703
28,0,90,positive,0.138092372237,-0.0651186276325,-0.0145320387005,138.092372237,-65.1186276325,-14.5320387005,42.3727783255,42.3727783255,16.3539613218
28,1,90,positive,0.138092372237,-0.0649047769724,-0.0141849080733,138.092372237,-64.9047769724,-14.1849080733,42.5866289856,42.5866289856,16.701091949
29,0,90,positive,0.138092372237,-0.0654305830859,-0.0149315417715,138.092372237,-65.4305830859,-14.9315417715,42.0608228721,42.0608228721,15.9544582507
29,1,90,positive,0.138092372237,-0.0651186276325,-0.0145320387005,138.092372237,-65.1186276325,-14.5320387005,42.3727783255,42.3727783255,16.3539613218
30,0,90,positive,0.138092372237,-0.0640807809422,-0.0130395436941,138.092372237,-64.0807809422,-13.0395436941,43.4106250158,43.4106250158,17.8464563282
30,1,90,positive,0.138092372237,-0.0638875159831,-0.0127738454553,138.092372237,-63.8875159831,-12.7738454553,43.6038899749,43.6038899749,18.112154567
31,0,90,positive,0.138092372237,-0.0640807809422,-0.0130395436941,138.092372237,-64.0807809422,-13.0395436941,43.4106250158,43.4106250158,17.8464563282
31,1,90,positive,0.138092372237,-0.0649047769724,-0.0141849080733,138.092372237,-64.9047769724,-14.1849080733,42.5866289856,42.5866289856,16.701091949
32,0,90,positive,0.138092372237,-0.0637348796786,-0.0125563636363,138.092372237,-63.7348796786,-12.5563636363,43.7565262794,43.7565262794,18.329636386
32,1,90,positive,0.138092372237,-0.0636935635279,-0.0124647863568,138.092372237,-63.6935635279,-12.4647863568,43.7978424301,43.7978424301,18.4212136655
33,0,90,positive,0.138092372237,-0.0634829400631,-0.012029124228,138.092372237,-63.4829400631,-12.029124228,44.0084658948,44.0084658948,18.8568757943
33,1,90,positive,0.138092372237,-0.0632923958242,-0.0117674405233,138.092372237,-63.2923958242,-11.7674405233,44.1990101338,44.1990101338,19.118559499
34,0,90,positive,0.138092372237,-0.0625493427336,-0.0105510318621,138.092372237,-62.5493427336,-10.5510318621,44.9420632244,44.9420632244,20.3349681602
34,1,90,positive,0.138092372237,-0.0621292720811,-0.0100384204032,138.092372237,-62.1292720811,-10.0384204032,45.3621338768,45.3621338768,20.8475796191
35,0,90,positive,0.138092372237,-0.0632923958242,-0.0117674405233,138.092372237,-63.2923958242,-11.7674405233,44.1990101338,44.1990101338,19.118559499
35,1,90,positive,0.138092372237,-0.0630373280538,-0.0112217499689,138.092372237,-63.0373280538,-11.2217499689,44.4540779042,44.4540779042,19.6642500534
36,0,90,positive,0.138092372237,-0.062920807311,-0.0110624389783,138.092372237,-62.920807311,-11.0624389783,44.570598647,44.570598647,19.823561044
36,1,90,positive,0.138092372237,-0.0625984521643,-0.0106191060127,138.092372237,-62.5984521643,-10.6191060127,44.8929537937,44.8929537937,20.2668940096
37,0,90,positive,0.138092372237,-0.0625493427336,-0.0105510318621,138.092372237,-62.5493427336,-10.5510318621,44.9420632244,44.9420632244,20.3349681602
37,1,90,positive,0.138092372237,-0.0625984521643,-0.0106191060127,138.092372237,-62.5984521643,-10.6191060127,44.8929537937,44.8929537937,20.2668940096
38,0,90,positive,0.138092372237,-0.0634829400631,-0.012029124228,138.092372237,-63.4829400631,-12.029124228,44.0084658948,44.0084658948,18.8568757943
38,1,90,positive,0.138092372237,-0.0636935635279,-0.0124647863568,138.092372237,-63.6935635279,-12.4647863568,43.7978424301,43.7978424301,18.4212136655
39,0,90,positive,0.138092372237,-0.062983209285,-0.0111335995105,138.092372237,-62.983209285,-11.1335995105,44.508196673,44.508196673,19.7524005118
39,1,90,positive,0.138092372237,-0.0630373280538,-0.0112217499689,138.092372237,-63.0373280538,-11.2217499689,44.4540779042,44.4540779042,19.6642500534
40,0,90,positive,0.138092372237,-0.062920807311,-0.0110624389783,138.092372237,-62.920807311,-11.0624389783,44.570598647,44.570598647,19.823561044
40,1,90,positive,0.138092372237,-0.062983209285,-0.0111335995105,138.092372237,-62.983209285,-11.1335995105,44.508196673,44.508196673,19.7524005118
41,0,90,positive,0.138092372237,-0.0621292720811,-0.0100384204032,138.092372237,-62.1292720811,-10.0384204032,45.3621338768,45.3621338768,20.8475796191
41,1,90,positive,0.138092372237,-0.0620280769525,-0.00984044743493,138.092372237,-62.0280769525,-9.84044743493,45.4633290055,45.4633290055,21.0455525874
42,0,90,positive,0.138092372237,-0.0620280769525,-0.00984044743493,138.092372237,-62.0280769525,-9.84044743493,45.4633290055,45.4633290055,21.0455525874
42,1,90,positive,0.138092372237,-0.0619048935968,-0.0094967618444,138.092372237,-61.9048935968,-9.4967618444,45.5865123612,45.5865123612,21.3892381779
43,0,90,positive,0.138092372237,-0.061752645768,-0.00912165245945,138.092372237,-61.752645768,-9.12165245945,45.73876019,45.73876019,21.7643475628
43,1,90,positive,0.138092372237,-0.0619048935968,-0.0094967618444,138.092372237,-61.9048935968,-9.4967618444,45.5865123612,45.5865123612,21.3892381779
44,0,90,positive,0.138092372237,-0.0616914479792,-0.00900877484206,138.092372237,-61.6914479792,-9.00877484206,45.7999579788,45.7999579788,21.8772251802
44,1,90,positive,0.138092372237,-0.061752645768,-0.00912165245945,138.092372237,-61.752645768,-9.12165245945,45.73876019,45.73876019,21.7643475628
45,0,90,positive,0.138092372237,-0.061510987778,-0.00866659423667,138.092372237,-61.510987778,-8.66659423667,45.98041818,45.98041818,22.2194057856
45,1,90,positive,0.138092372237,-0.0607622356708,-0.00756864986815,138.092372237,-60.7622356708,-7.56864986815,46.7291702872,46.7291702872,23.3173501541
46,0,90,positive,0.138092372237,-0.0616258960659,-0.00885283980573,138.092372237,-61.6258960659,-8.85283980573,45.865509892,45.865509892,22.0331602166
46,1,90,positive,0.138092372237,-0.0616914479792,-0.00900877484206,138.092372237,-61.6914479792,-9.00877484206,45.7999579788,45.7999579788,21.8772251802
47,0,90,positive,0.138092372237,-0.061510987778,-0.00866659423667,138.092372237,-61.510987778,-8.66659423667,45.98041818,45.98041818,22.2194057856
47,1,90,positive,0.138092372237,-0.0616258960659,-0.00885283980573,138.092372237,-61.6258960659,-8.85283980573,45.865509892,45.865509892,22.0331602166
48,0,90,positive,0.138092372237,-0.0596180626755,-0.0160589614699,138.092372237,-59.6180626755,-16.0589614699,47.8733432825,47.8733432825,14.8270385524
48,1,90,positive,0.138092372237,-0.0597352082654,-0.0162742009304,138.092372237,-59.7352082654,-16.2742009304,47.7561976926,47.7561976926,14.6117990919
49,0,90,positive,0.138092372237,-0.0591100495935,-0.0151571700434,138.092372237,-59.1100495935,-15.1571700434,48.3813563645,48.3813563645,15.7288299789
49,1,90,positive,0.138092372237,-0.0596180626755,-0.0160589614699,138.092372237,-59.6180626755,-16.0589614699,47.8733432825,47.8733432825,14.8270385524
50,0,90,positive,0.138092372237,-0.0606130799118,-0.0177339757878,138.092372237,-60.6130799118,-17.7339757878,46.8783260462,46.8783260462,13.1520242345
50,1,90,positive,0.138092372237,-0.0597352082654,-0.0162742009304,138.092372237,-59.7352082654,-16.2742009304,47.7561976926,47.7561976926,14.6117990919
51,0,90,positive,0.138092372237,-0.0591100495935,-0.0151571700434,138.092372237,-59.1100495935,-15.1571700434,48.3813563645,48.3813563645,15.7288299789
51,1,90,positive,0.138092372237,-0.0586233860923,-0.014255749487,138.092372237,-58.6233860923,-14.255749487,48.8680198657,48.8680198657,16.6302505353
52,0,90,positive,0.138092372237,-0.0582649079258,-0.0133507360203,138.092372237,-58.2649079258,-13.3507360203,49.2264980322,49.2264980322,17.535264002
52,1,90,positive,0.138092372237,-0.0586233860923,-0.014255749487,138.092372237,-58.6233860923,-14.255749487,48.8680198657,48.8680198657,16.6302505353
53,0,90,positive,0.138092372237,-0.0582649079258,-0.0133507360203,138.092372237,-58.2649079258,-13.3507360203,49.2264980322,49.2264980322,17.535264002
53,1,90,positive,0.138092372237,-0.0578676461933,-0.0124983505647,138.092372237,-57.8676461933,-12.4983505647,49.6237597647,49.6237597647,18.3876494576
54,0,90,positive,0.138092372237,-0.0578676461933,-0.0124983505647,138.092372237,-57.8676461933,-12.4983505647,49.6237597647,49.6237597647,18.3876494576
54,1,90,positive,0.138092372237,-0.05762752854,-0.0119196696615,138.092372237,-57.62752854,-11.9196696615,49.863877418,49.863877418,18.9663303608
55,0,90,positive,0.138092372237,-0.0564159210066,-0.0089392549211,138.092372237,-56.4159210066,-8.9392549211,51.0754849514,51.0754849514,21.9467451012
55,1,90,positive,0.138092372237,-0.0561734691147,-0.0083272034608,138.092372237,-56.1734691147,-8.3272034608,51.3179368433,51.3179368433,22.5587965615
56,0,90,positive,0.138092372237,-0.0554218682669,-0.00666229475951,138.092372237,-55.4218682669,-6.66229475951,52.069537691,52.069537691,24.2237052628
56,1,90,positive,0.138092372237,-0.0560401336389,-0.00794657442388,138.092372237,-56.0401336389,-7.94657442388,51.4512723191,51.4512723191,22.9394255984
57,0,90,positive,0.138092372237,-0.0554218682669,-0.00666229475951,138.092372237,-55.4218682669,-6.66229475951,52.069537691,52.069537691,24.2237052628
57,1,90,positive,0.138092372237,-0.0553549432979,-0.00651053221291,138.092372237,-55.3549432979,-6.51053221291,52.1364626601,52.1364626601,24.3754678094
58,0,90,positive,0.138092372237,-0.0549706566009,-0.00562493529592,138.092372237,-54.9706566009,-5.62493529592,52.5207493571,52.5207493571,25.2610647264
58,1,90,positive,0.138092372237,-0.0553288841569,-0.00642467516949,138.092372237,-55.3288841569,-6.42467516949,52.1625218011,52.1625218011,24.4613248528
59,0,90,positive,0.138092372237,-0.0553549432979,-0.00651053221291,138.092372237,-55.3549432979,-6.51053221291,52.1364626601,52.1364626601,24.3754678094
59,1,90,positive,0.138092372237,-0.0553288841569,-0.00642467516949,138.092372237,-55.3288841569,-6.42467516949,52.1625218011,52.1625218011,24.4613248528
60,0,90,positive,0.138092372237,-0.0549706566009,-0.00562493529592,138.092372237,-54.9706566009,-5.62493529592,52.5207493571,52.5207493571,25.2610647264
60,1,90,positive,0.138092372237,-0.0549157616781,-0.00553489697762,138.092372237,-54.9157616781,-5.53489697762,52.5756442799,52.5756442799,25.3511030447
61,0,90,positive,0.138092372237,-0.0540871821169,-0.00387304537862,138.092372237,-54.0871821169,-3.87304537862,53.4042238411,53.4042238411,27.0129546437
61,1,90,positive,0.138092372237,-0.0543707446191,-0.0044379518857,138.092372237,-54.3707446191,-4.4379518857,53.1206613389,53.1206613389,26.4480481366
62,0,90,positive,0.138092372237,-0.0607387795167,-0.00753319528162,138.092372237,-60.7387795167,-7.53319528162,46.7526264412,46.7526264412,23.3528047407
62,1,90,positive,0.138092372237,-0.0602847950693,-0.00669868154834,138.092372237,-60.2847950693,-6.69868154834,47.2066108886,47.2066108886,24.187318474
63,0,90,positive,0.138092372237,-0.0602847950693,-0.00669868154834,138.092372237,-60.2847950693,-6.69868154834,47.2066108886,47.2066108886,24.187318474
63,1,90,positive,0.138092372237,-0.0597442981702,-0.00556055924482,138.092372237,-59.7442981702,-5.56055924482,47.7471077878,47.7471077878,25.3254407775
64,0,90,positive,0.138092372237,-0.0597020405311,-0.00545754044183,138.092372237,-59.7020405311,-5.45754044183,47.7893654269,47.7893654269,25.4284595805
64,1,90,positive,0.138092372237,-0.0597442981702,-0.00556055924482,138.092372237,-59.7442981702,-5.56055924482,47.7471077878,47.7471077878,25.3254407775
65,0,90,positive,0.138092372237,-0.0583884044738,-0.00296427325623,138.092372237,-58.3884044738,-2.96427325623,49.1030014842,49.1030014842,27.9217267661
65,1,90,positive,0.138092372237,-0.0581878677672,-0.00265210839453,138.092372237,-58.1878677672,-2.65210839453,49.3035381908,49.3035381908,28.2338916278
66,0,90,positive,0.138092372237,-0.0590779010649,-0.00446662797718,138.092372237,-59.0779010649,-4.46662797718,48.4135048931,48.4135048931,26.4193720451
66,1,90,positive,0.138092372237,-0.0590080938119,-0.00428649532126,138.092372237,-59.0080938119,-4.28649532126,48.4833121461,48.4833121461,26.599504701
67,0,90,positive,0.138092372237,-0.0594540460168,-0.00505864427336,138.092372237,-59.4540460168,-5.05864427336,48.0373599412,48.0373599412,25.8273557489
67,1,90,positive,0.138092372237,-0.0590779010649,-0.00446662797718,138.092372237,-59.0779010649,-4.46662797718,48.4135048931,48.4135048931,26.4193720451
68,0,90,positive,0.138092372237,-0.0594540460168,-0.00505864427336,138.092372237,-59.4540460168,-5.05864427336,48.0373599412,48.0373599412,25.8273557489
68,1,90,positive,0.138092372237,-0.0597020405311,-0.00545754044183,138.092372237,-59.7020405311,-5.45754044183,47.7893654269,47.7893654269,25.4284595805
69,0,90,positive,0.138092372237,-0.0590080938119,-0.00428649532126,138.092372237,-59.0080938119,-4.28649532126,48.4833121461,48.4833121461,26.599504701
69,1,90,positive,0.138092372237,-0.0588969915483,-0.00387915522178,138.092372237,-58.8969915483,-3.87915522178,48.5944144097,48.5944144097,27.0068448005
70,0,90,positive,0.138092372237,-0.0588513133848,-0.00369040242371,138.092372237,-58.8513133848,-3.69040242371,48.6400925732,48.6400925732,27.1955975986
70,1,90,positive,0.138092372237,-0.0588969915483,-0.00387915522178,138.092372237,-58.8969915483,-3.87915522178,48.5944144097,48.5944144097,27.0068448005
71,0,90,positive,0.138092372237,-0.0583884044738,-0.00296427325623,138.092372237,-58.3884044738,-2.96427325623,49.1030014842,49.1030014842,27.9217267661
71,1,90,positive,0.138092372237,-0.0588513133848,-0.00369040242371,138.092372237,-58.8513133848,-3.69040242371,48.6400925732,48.6400925732,27.1955975986
72,0,90,positive,0.138092372237,-0.0607387795167,-0.00753319528162,138.092372237,-60.7387795167,-7.53319528162,46.7526264412,46.7526264412,23.3528047407
72,1,90,positive,0.138092372237,-0.0607622356708,-0.00756864986815,138.092372237,-60.7622356708,-7.56864986815,46.7291702872,46.7291702872,23.3173501541
73,0,90,positive,0.138092372237,-0.0581878677672,-0.00265210839453,138.092372237,-58.1878677672,-2.65210839453,49.3035381908,49.3035381908,28.2338916278
73,1,90,positive,0.138092372237,-0.0580990999996,-0.00252374715107,138.092372237,-58.0990999996,-2.52374715107,49.3923059584,49.3923059584,28.3622528712
74,0,90,positive,0.138092372237,-0.0576725095035,-0.00186463633424,138.092372237,-57.6725095035,-1.86463633424,49.8188964545,49.8188964545,29.0213636881
74,1,90,positive,0.138092372237,-0.0580990999996,-0.00252374715107,138.092372237,-58.0990999996,-2.52374715107,49.3923059584,49.3923059584,28.3622528712
75,0,90,positive,0.138092372237,-0.0574514039015,-0.00123692976354,138.092372237,-57.4514039015,-1.23692976354,50.0400020565,50.0400020565,29.6490702588
75,1,90,positive,0.138092372237,-0.0573802288738,-0.00106601080284,138.092372237,-57.3802288738,-1.06601080284,50.1111770842,50.1111770842,29.8199892195
76,0,90,positive,0.138092372237,-0.0574514039015,-0.00123692976354,138.092372237,-57.4514039015,-1.23692976354,50.0400020565,50.0400020565,29.6490702588
76,1,90,positive,0.138092372237,-0.0576725095035,-0.00186463633424,138.092372237,-57.6725095035,-1.86463633424,49.8188964545,49.8188964545,29.0213636881
77,0,90,positive,0.138092372237,-0.0573802288738,-0.00106601080284,138.092372237,-57.3802288738,-1.06601080284,50.1111770842,50.1111770842,29.8199892195
77,1,90,positive,0.138092372237,-0.0573556999015,-0.00100729457305,138.092372237,-57.3556999015,-1.00729457305,50.1357060565,50.1357060565,29.8787054492
78,0,90,positive,0.138092372237,-0.0570961329292,-7.24436463843e-05,138.092372237,-57.0961329292,-0.0724436463843,50.3952730288,50.3952730288,30.8135563759
78,1,90,positive,0.138092372237,-0.0573556999015,-0.00100729457305,138.092372237,-57.3556999015,-1.00729457305,50.1357060565,50.1357060565,29.8787054492
79,0,90,positive,0.138092372237,-0.05692637803,0.000741726031367,138.092372237,-56.92637803,0.741726031367,50.565027928,50.565027928,31.6277260537
79,1,90,positive,0.138092372237,-0.0568876729216,0.000967672201319,138.092372237,-56.8876729216,0.967672201319,50.6037330364,50.6037330364,31.8536722236
80,0,90,positive,0.138092372237,-0.05692637803,0.000741726031367,138.092372237,-56.92637803,0.741726031367,50.565027928,50.565027928,31.6277260537
80,1,90,positive,0.138092372237,-0.0570961329292,-7.24436463843e-05,138.092372237,-57.0961329292,-0.0724436463843,50.3952730288,50.3952730288,30.8135563759
81,0,90,positive,0.138092372237,-0.056847983278,0.00108992385611,138.092372237,-56.847983278,1.08992385611,50.64342268,50.64342268,31.9759238784
81,1,90,positive,0.138092372237,-0.0568876729216,0.000967672201319,138.092372237,-56.8876729216,0.967672201319,50.6037330364,50.6037330364,31.8536722236
82,0,90,positive,0.138092372237,-0.0567417325827,0.00128241981484,138.092372237,-56.7417325827,1.28241981484,50.7496733752,50.7496733752,32.1684198371
82,1,90,positive,0.138092372237,-0.056847983278,0.00108992385611,138.092372237,-56.847983278,1.08992385611,50.64342268,50.64342268,31.9759238784
83,0,90,positive,0.138092372237,-0.0665672382058,-0.0168922416836,138.092372237,-66.5672382058,-16.8922416836,40.9241677522,40.9241677522,13.9937583387
83,1,90,positive,0.138092372237,-0.0664491171235,-0.0167295541252,138.092372237,-66.4491171235,-16.7295541252,41.0422888345,41.0422888345,14.1564458971
84,0,90,positive,0.138092372237,-0.0664491171235,-0.0167295541252,138.092372237,-66.4491171235,-16.7295541252,41.0422888345,41.0422888345,14.1564458971
84,1,90,positive,0.138092372237,-0.0663969367874,-0.0166586351474,138.092372237,-66.3969367874,-16.6586351474,41.0944691706,41.0944691706,14.2273648749
85,0,90,positive,0.138092372237,-0.0665672382058,-0.0168922416836,138.092372237,-66.5672382058,-16.8922416836,40.9241677522,40.9241677522,13.9937583387
85,1,90,positive,0.138092372237,-0.0669524880469,-0.0173899723941,138.092372237,-66.9524880469,-17.3899723941,40.5389179111,40.5389179111,13.4960276282
86,0,90,positive,0.138092372237,-0.065811494532,-0.0158637288694,138.092372237,-65.811494532,-15.8637288694,41.679911426,41.679911426,15.0222711529
86,1,90,positive,0.138092372237,-0.0663969367874,-0.0166586351474,138.092372237,-66.3969367874,-16.6586351474,41.0944691706,41.0944691706,14.2273648749
87,0,90,positive,0.138092372237,-0.065567057606,-0.0151316055976,138.092372237,-65.567057606,-15.1316055976,41.924348352,41.924348352,15.7543944247
87,1,90,positive,0.138092372237,-0.0657536136624,-0.0157068330919,138.092372237,-65.7536136624,-15.7068330919,41.7377922955,41.7377922955,15.1791669304
88,0,90,positive,0.138092372237,-0.0655437139101,-0.0150781298144,138.092372237,-65.5437139101,-15.0781298144,41.9476920479,41.9476920479,15.8078702078
88,1,90,positive,0.138092372237,-0.065567057606,-0.0151316055976,138.092372237,-65.567057606,-15.1316055976,41.924348352,41.924348352,15.7543944247
89,0,90,positive,0.138092372237,-0.0654305830859,-0.0149315417715,138.092372237,-65.4305830859,-14.9315417715,42.0608228721,42.0608228721,15.9544582507
89,1,90,positive,0.138092372237,-0.0655437139101,-0.0150781298144,138.092372237,-65.5437139101,-15.0781298144,41.9476920479,41.9476920479,15.8078702078
90,0,90,positive,0.138092372237,-0.0563320017554,0.00224274867622,138.092372237,-56.3320017554,2.24274867622,51.1594042026,51.1594042026,33.1287486985
90,1,90,positive,0.138092372237,-0.0561210326574,0.00279653016033,138.092372237,-56.1210326574,2.79653016033,51.3703733006,51.3703733006,33.6825301826
91,0,90,positive,0.138092372237,-0.0560085721943,0.00317036726108,138.092372237,-56.0085721943,3.17036726108,51.4828337637,51.4828337637,34.0563672834
91,1,90,positive,0.138092372237,-0.0561210326574,0.00279653016033,138.092372237,-56.1210326574,2.79653016033,51.3703733006,51.3703733006,33.6825301826
92,0,90,positive,0.138092372237,-0.0560085721943,0.00317036726108,138.092372237,-56.0085721943,3.17036726108,51.4828337637,51.4828337637,34.0563672834
92,1,90,positive,0.138092372237,-0.0559947975424,0.00319790639085,138.092372237,-55.9947975424,3.19790639085,51.4966084156,51.4966084156,34.0839064131
93,0,90,positive,0.138092372237,-0.0551997811568,0.00452010402071,138.092372237,-55.1997811568,4.52010402071,52.2916248012,52.2916248012,35.406104043
93,1,90,positive,0.138092372237,-0.0551128751942,0.00468022662644,138.092372237,-55.1128751942,4.68022662644,52.3785307638,52.3785307638,35.5662266487
94,0,90,positive,0.138092372237,-0.0555717130368,0.00401161357865,138.092372237,-55.5717130368,4.01161357865,51.9196929212,51.9196929212,34.8976136009
94,1,90,positive,0.138092372237,-0.0559947975424,0.00319790639085,138.092372237,-55.9947975424,3.19790639085,51.4966084156,51.4966084156,34.0839064131
95,0,90,positive,0.138092372237,-0.0551997811568,0.00452010402071,138.092372237,-55.1997811568,4.52010402071,52.2916248012,52.2916248012,35.406104043
95,1,90,positive,0.138092372237,-0.0555717130368,0.00401161357865,138.092372237,-55.5717130368,4.01161357865,51.9196929212,51.9196929212,34.8976136009
96,0,90,positive,0.138092372237,-0.0551128751942,0.00468022662644,138.092372237,-55.1128751942,4.68022662644,52.3785307638,52.3785307638,35.5662266487
96,1,90,positive,0.138092372237,-0.054906915188,0.00510080495449,138.092372237,-54.906915188,5.10080495449,52.58449077,52.58449077,35.9868049768
97,0,90,positive,0.138092372237,-0.0546849946357,0.00560427921003,138.092372237,-54.6849946357,5.60427921003,52.8064113223,52.8064113223,36.4902792323
97,1,90,positive,0.138092372237,-0.054906915188,0.00510080495449,138.092372237,-54.906915188,5.10080495449,52.58449077,52.58449077,35.9868049768
98,0,90,positive,0.138092372237,-0.0567417325827,0.00128241981484,138.092372237,-56.7417325827,1.28241981484,50.7496733752,50.7496733752,32.1684198371
98,1,90,positive,0.138092372237,-0.0563752885722,0.002124344748,138.092372237,-56.3752885722,2.124344748,51.1161173857,51.1161173857,33.0103447703
99,0,90,positive,0.138092372237,-0.0563320017554,0.00224274867622,138.092372237,-56.3320017554,2.24274867622,51.1594042026,51.1594042026,33.1287486985
99,1,90,positive,0.138092372237,-0.0563752885722,0.002124344748,138.092372237,-56.3752885722,2.124344748,51.1161173857,51.1161173857,33.0103447703
100,0,90,positive,0.138092372237,-0.0539128733326,-0.00357237457159,138.092372237,-53.9128733326,-3.57237457159,53.5785326254,53.5785326254,27.3136254507
100,1,90,positive,0.138092372237,-0.0540871821169,-0.00387304537862,138.092372237,-54.0871821169,-3.87304537862,53.4042238411,53.4042238411,27.0129546437
101,0,90,positive,0.138092372237,-0.0548176381866,-0.00531006073804,138.092372237,-54.8176381866,-5.31006073804,52.6737677713,52.6737677713,25.5759392843
101,1,90,positive,0.138092372237,-0.0543707446191,-0.0044379518857,138.092372237,-54.3707446191,-4.4379518857,53.1206613389,53.1206613389,26.4480481366
102,0,90,positive,0.138092372237,-0.0539128733326,-0.00357237457159,138.092372237,-53.9128733326,-3.57237457159,53.5785326254,53.5785326254,27.3136254507
102,1,90,positive,0.138092372237,-0.0533199817505,-0.00252037846294,138.092372237,-53.3199817505,-2.52037846294,54.1714242074,54.1714242074,28.3656215594
103,0,90,positive,0.138092372237,-0.0549157616781,-0.00553489697762,138.092372237,-54.9157616781,-5.53489697762,52.5756442799,52.5756442799,25.3511030447
103,1,90,positive,0.138092372237,-0.0548176381866,-0.00531006073804,138.092372237,-54.8176381866,-5.31006073804,52.6737677713,52.6737677713,25.5759392843
104,0,90,positive,0.138092372237,-0.0523175491844,8.23085508835e-05,138.092372237,-52.3175491844,0.0823085508835,55.1738567736,55.1738567736,30.9683085732
104,1,90,positive,0.138092372237,-0.0523242699223,1.9626272133e-05,138.092372237,-52.3242699223,0.019626272133,55.1671360357,55.1671360357,30.9056262944
105,0,90,positive,0.138092372237,-0.0525559432331,-0.00108948132662,138.092372237,-52.5559432331,-1.08948132662,54.9354627249,54.9354627249,29.7965186957
105,1,90,positive,0.138092372237,-0.0528702503884,-0.00170529949726,138.092372237,-52.8702503884,-1.70529949726,54.6211555696,54.6211555696,29.180700525
106,0,90,positive,0.138092372237,-0.0524860942216,-0.000926287964964,138.092372237,-52.4860942216,-0.926287964964,55.0053117363,55.0053117363,29.9597120573
106,1,90,positive,0.138092372237,-0.0525559432331,-0.00108948132662,138.092372237,-52.5559432331,-1.08948132662,54.9354627249,54.9354627249,29.7965186957
107,0,90,positive,0.138092372237,-0.0524860942216,-0.000926287964964,138.092372237,-52.4860942216,-0.926287964964,55.0053117363,55.0053117363,29.9597120573
107,1,90,positive,0.138092372237,-0.0524101301114,-0.000648301919393,138.092372237,-52.4101301114,-0.648301919393,55.0812758466,55.0812758466,30.2376981029
108,0,90,positive,0.138092372237,-0.0524101301114,-0.000648301919393,138.092372237,-52.4101301114,-0.648301919393,55.0812758466,55.0812758466,30.2376981029
108,1,90,positive,0.138092372237,-0.0523242699223,1.9626272133e-05,138.092372237,-52.3242699223,0.019626272133,55.1671360357,55.1671360357,30.9056262944
109,0,90,positive,0.138092372237,-0.0522950914121,0.000110173814208,138.092372237,-52.2950914121,0.110173814208,55.1963145458,55.1963145458,30.9961738365
109,1,90,positive,0.138092372237,-0.0523175491844,8.23085508835e-05,138.092372237,-52.3175491844,0.0823085508835,55.1738567736,55.1738567736,30.9683085732
110,0,90,positive,0.138092372237,-0.050965022938,0.00137217066051,138.092372237,-50.965022938,1.37217066051,56.5263830199,56.5263830199,32.2581706828
110,1,90,positive,0.138092372237,-0.05113381757,0.0011610672664,138.092372237,-51.13381757,1.1610672664,56.357588388,56.357588388,32.0470672887
111,0,90,positive,0.138092372237,-0.0522950914121,0.000110173814208,138.092372237,-52.2950914121,0.110173814208,55.1963145458,55.1963145458,30.9961738365
111,1,90,positive,0.138092372237,-0.052108462396,0.000347999644865,138.092372237,-52.108462396,0.347999644865,55.3829435619,55.3829435619,31.2339996672
112,0,90,positive,0.138092372237,-0.0516938933044,0.000626241525594,138.092372237,-51.6938933044,0.626241525594,55.7975126536,55.7975126536,31.5122415479
112,1,90,positive,0.138092372237,-0.052108462396,0.000347999644865,138.092372237,-52.108462396,0.347999644865,55.3829435619,55.3829435619,31.2339996672
113,0,90,positive,0.138092372237,-0.0514384730969,0.000782744050086,138.092372237,-51.4384730969,0.782744050086,56.0529328611,56.0529328611,31.6687440724
113,1,90,positive,0.138092372237,-0.05113381757,0.0011610672664,138.092372237,-51.13381757,1.1610672664,56.357588388,56.357588388,32.0470672887
114,0,90,positive,0.138092372237,-0.0533199817505,-0.00252037846294,138.092372237,-53.3199817505,-2.52037846294,54.1714242074,54.1714242074,28.3656215594
114,1,90,positive,0.138092372237,-0.0528702503884,-0.00170529949726,138.092372237,-52.8702503884,-1.70529949726,54.6211555696,54.6211555696,29.180700525
115,0,90,positive,0.138092372237,-0.0516938933044,0.000626241525594,138.092372237,-51.6938933044,0.626241525594,55.7975126536,55.7975126536,31.5122415479
115,1,90,positive,0.138092372237,-0.0515712417383,0.000689302865863,138.092372237,-51.5712417383,0.689302865863,55.9201642197,55.9201642197,31.5753028882
116,0,90,positive,0.138092372237,-0.0515712417383,0.000689302865863,138.092372237,-51.5712417383,0.689302865863,55.9201642197,55.9201642197,31.5753028882
116,1,90,positive,0.138092372237,-0.0514384730969,0.000782744050086,138.092372237,-51.4384730969,0.782744050086,56.0529328611,56.0529328611,31.6687440724
117,0,90,positive,0.138092372237,-0.0508765531507,0.00150028521044,138.092372237,-50.8765531507,1.50028521044,56.6148528073,56.6148528073,32.3862852327
117,1,90,positive,0.138092372237,-0.050965022938,0.00137217066051,138.092372237,-50.965022938,1.37217066051,56.5263830199,56.5263830199,32.2581706828
118,0,90,positive,0.138092372237,-0.0492479288984,0.00425223206741,138.092372237,-49.2479288984,4.25223206741,58.2434770596,58.2434770596,35.1382320897
118,1,90,positive,0.138092372237,-0.0494069687839,0.00392084724865,138.092372237,-49.4069687839,3.92084724865,58.0844371741,58.0844371741,34.8068472709
119,0,90,positive,0.138092372237,-0.0502177294508,0.00256749926543,138.092372237,-50.2177294508,2.56749926543,57.2736765072,57.2736765072,33.4534992877
119,1,90,positive,0.138092372237,-0.0494069687839,0.00392084724865,138.092372237,-49.4069687839,3.92084724865,58.0844371741,58.0844371741,34.8068472709
120,0,90,positive,0.138092372237,-0.0508765531507,0.00150028521044,138.092372237,-50.8765531507,1.50028521044,56.6148528073,56.6148528073,32.3862852327
120,1,90,positive,0.138092372237,-0.0505324335686,0.00207448379259,138.092372237,-50.5324335686,2.07448379259,56.9589723894,56.9589723894,32.9604838149
121,0,90,positive,0.138092372237,-0.0502177294508,0.00256749926543,138.092372237,-50.2177294508,2.56749926543,57.2736765072,57.2736765072,33.4534992877
121,1,90,positive,0.138092372237,-0.0505324335686,0.00207448379259,138.092372237,-50.5324335686,2.07448379259,56.9589723894,56.9589723894,32.9604838149
122,0,90,positive,0.138092372237,-0.0492479288984,0.00425223206741,138.092372237,-49.2479288984,4.25223206741,58.2434770596,58.2434770596,35.1382320897
122,1,90,positive,0.138092372237,-0.0487753110882,0.00520573509822,138.092372237,-48.7753110882,5.20573509822,58.7160948698,58.7160948698,36.0917351205
123,0,90,positive,0.138092372237,-0.0545387827569,0.00600686875103,138.092372237,-54.5387827569,6.00686875103,52.9526232011,52.9526232011,36.8928687733
123,1,90,positive,0.138092372237,-0.0546849946357,0.00560427921003,138.092372237,-54.6849946357,5.60427921003,52.8064113223,52.8064113223,36.4902792323
124,0,90,positive,0.138092372237,-0.0486437300189,0.00544847026417,138.092372237,-48.6437300189,5.44847026417,58.8476759391,58.8476759391,36.3344702865
124,1,90,positive,0.138092372237,-0.0480371586457,0.00654737478609,138.092372237,-48.0371586457,6.54737478609,59.4542473123,59.4542473123,37.4333748084
125,0,90,positive,0.138092372237,-0.0535533693436,0.0082930073712,138.092372237,-53.5533693436,8.2930073712,53.9380366144,53.9380366144,39.1790073935
125,1,90,positive,0.138092372237,-0.0535069712163,0.00844446070815,138.092372237,-53.5069712163,8.44446070815,53.9844347417,53.9844347417,39.3304607304
126,0,90,positive,0.138092372237,-0.0538874187717,0.0076564232981,138.092372237,-53.8874187717,7.6564232981,53.6039871863,53.6039871863,38.5424233204
126,1,90,positive,0.138092372237,-0.0535533693436,0.0082930073712,138.092372237,-53.5533693436,8.2930073712,53.9380366144,53.9380366144,39.1790073935
127,0,90,positive,0.138092372237,-0.0545387827569,0.00600686875103,138.092372237,-54.5387827569,6.00686875103,52.9526232011,52.9526232011,36.8928687733
127,1,90,positive,0.138092372237,-0.0542248945077,0.00667628835443,138.092372237,-54.2248945077,6.67628835443,53.2665114503,53.2665114503,37.5622883767
128,0,90,positive,0.138092372237,-0.0541425217075,0.00695827894927,138.092372237,-54.1425217075,6.95827894927,53.3488842505,53.3488842505,37.8442789716
128,1,90,positive,0.138092372237,-0.0542248945077,0.00667628835443,138.092372237,-54.2248945077,6.67628835443,53.2665114503,53.2665114503,37.5622883767
129,0,90,positive,0.138092372237,-0.0541425217075,0.00695827894927,138.092372237,-54.1425217075,6.95827894927,53.3488842505,53.3488842505,37.8442789716
129,1,90,positive,0.138092372237,-0.0539287387525,0.00757095383561,138.092372237,-53.9287387525,7.57095383561,53.5626672054,53.5626672054,38.4569538579
130,0,90,positive,0.138092372237,-0.0539142693858,0.00760156870682,138.092372237,-53.9142693858,7.60156870682,53.5771365722,53.5771365722,38.4875687291
130,1,90,positive,0.138092372237,-0.0539287387525,0.00757095383561,138.092372237,-53.9287387525,7.57095383561,53.5626672054,53.5626672054,38.4569538579
131,0,90,positive,0.138092372237,-0.0538874187717,0.0076564232981,138.092372237,-53.8874187717,7.6564232981,53.6039871863,53.6039871863,38.5424233204
131,1,90,positive,0.138092372237,-0.0539142693858,0.00760156870682,138.092372237,-53.9142693858,7.60156870682,53.5771365722,53.5771365722,38.4875687291
132,0,90,positive,0.138092372237,-0.0535069712163,0.00844446070815,138.092372237,-53.5069712163,8.44446070815,53.9844347417,53.9844347417,39.3304607304
132,1,90,positive,0.138092372237,-0.0531550602558,0.00916254410215,138.092372237,-53.1550602558,9.16254410215,54.3363457021,54.3363457021,40.0485441244
133,0,90,positive,0.138092372237,-0.052929773165,0.00951985024495,138.092372237,-52.929773165,9.51985024495,54.561632793,54.561632793,40.4058502672
133,1,90,positive,0.138092372237,-0.0525039228317,0.0101561841538,138.092372237,-52.5039228317,10.1561841538,54.9874831263,54.9874831263,41.0421841761
134,0,90,positive,0.138092372237,-0.0525039228317,0.0101561841538,138.092372237,-52.5039228317,10.1561841538,54.9874831263,54.9874831263,41.0421841761
134,1,90,positive,0.138092372237,-0.0522482569304,0.010653947093,138.092372237,-52.2482569304,10.653947093,55.2431490276,55.2431490276,41.5399471153
135,0,90,positive,0.138092372237,-0.052929773165,0.00951985024495,138.092372237,-52.929773165,9.51985024495,54.561632793,54.561632793,40.4058502672
135,1,90,positive,0.138092372237,-0.0530005287705,0.00943178844274,138.092372237,-53.0005287705,9.43178844274,54.4908771875,54.4908771875,40.317788465
136,0,90,positive,0.138092372237,-0.0521070728392,0.0111016880134,138.092372237,-52.1070728392,11.1016880134,55.3843331187,55.3843331187,41.9876880357
136,1,90,positive,0.138092372237,-0.0522482569304,0.010653947093,138.092372237,-52.2482569304,10.653947093,55.2431490276,55.2431490276,41.5399471153
137,0,90,positive,0.138092372237,-0.0530696447118,0.0093275846275,138.092372237,-53.0696447118,9.3275846275,54.4217612462,54.4217612462,40.2135846498
137,1,90,positive,0.138092372237,-0.0531550602558,0.00916254410215,138.092372237,-53.1550602558,9.16254410215,54.3363457021,54.3363457021,40.0485441244
138,0,90,positive,0.138092372237,-0.0530401282194,0.00936154765234,138.092372237,-53.0401282194,9.36154765234,54.4512777386,54.4512777386,40.2475476746
138,1,90,positive,0.138092372237,-0.0530696447118,0.0093275846275,138.092372237,-53.0696447118,9.3275846275,54.4217612462,54.4217612462,40.2135846498
139,0,90,positive,0.138092372237,-0.0530005287705,0.00943178844274,138.092372237,-53.0005287705,9.43178844274,54.4908771875,54.4908771875,40.317788465
139,1,90,positive,0.138092372237,-0.0530401282194,0.00936154765234,138.092372237,-53.0401282194,9.36154765234,54.4512777386,54.4512777386,40.2475476746
140,0,90,positive,0.138092372237,-0.0480371586457,0.00654737478609,138.092372237,-48.0371586457,6.54737478609,59.4542473123,59.4542473123,37.4333748084
140,1,90,positive,0.138092372237,-0.0479057442439,0.00692946898876,138.092372237,-47.9057442439,6.92946898876,59.585661714,59.585661714,37.8154690111
141,0,90,positive,0.138092372237,-0.0473163357923,0.00840576559644,138.092372237,-47.3163357923,8.40576559644,60.1750701657,60.1750701657,39.2917656187
141,1,90,positive,0.138092372237,-0.0471057965129,0.00893180700346,138.092372237,-47.1057965129,8.93180700346,60.3856094451,60.3856094451,39.8178070258
142,0,90,positive,0.138092372237,-0.0516174631827,0.0120866612765,138.092372237,-51.6174631827,12.0866612765,55.8739427753,55.8739427753,42.9726612988
142,1,90,positive,0.138092372237,-0.0515424023235,0.0122290965713,138.092372237,-51.5424023235,12.2290965713,55.9490036345,55.9490036345,43.1150965936
143,0,90,positive,0.138092372237,-0.051006700145,0.0131061027598,138.092372237,-51.006700145,13.1061027598,56.484705813,56.484705813,43.9921027821
143,1,90,positive,0.138092372237,-0.0505656459366,0.013850206506,138.092372237,-50.5656459366,13.850206506,56.9257600214,56.9257600214,44.7362065283
144,0,90,positive,0.138092372237,-0.050478599254,0.0140238509254,138.092372237,-50.478599254,14.0238509254,57.012806704,57.012806704,44.9098509477
144,1,90,positive,0.138092372237,-0.0505656459366,0.013850206506,138.092372237,-50.5656459366,13.850206506,56.9257600214,56.9257600214,44.7362065283
145,0,90,positive,0.138092372237,-0.0499970996637,0.0149075379841,138.092372237,-49.9970996637,14.9075379841,57.4943062943,57.4943062943,45.7935380064
145,1,90,positive,0.138092372237,-0.0497644767005,0.0152809463888,138.092372237,-49.7644767005,15.2809463888,57.7269292575,57.7269292575,46.1669464111
146,0,90,positive,0.138092372237,-0.050301941766,0.0143292699682,138.092372237,-50.301941766,14.3292699682,57.189464192,57.189464192,45.2152699905
146,1,90,positive,0.138092372237,-0.0499970996637,0.0149075379841,138.092372237,-49.9970996637,14.9075379841,57.4943062943,57.4943062943,45.7935380064
147,0,90,positive,0.138092372237,-0.0497644767005,0.0152809463888,138.092372237,-49.7644767005,15.2809463888,57.7269292575,57.7269292575,46.1669464111
147,1,90,positive,0.138092372237,-0.0494233696163,0.0158623426266,138.092372237,-49.4233696163,15.8623426266,58.0680363416,58.0680363416,46.7483426489
148,0,90,positive,0.138092372237,-0.050301941766,0.0143292699682,138.092372237,-50.301941766,14.3292699682,57.189464192,57.189464192,45.2152699905
148,1,90,positive,0.138092372237,-0.0504449897781,0.0140703204195,138.092372237,-50.4449897781,14.0703204195,57.0464161799,57.0464161799,44.9563204418
149,0,90,positive,0.138092372237,-0.0517152351863,0.0119286053506,138.092372237,-51.7152351863,11.9286053506,55.7761707717,55.7761707717,42.8146053729
149,1,90,positive,0.138092372237,-0.0516174631827,0.0120866612765,138.092372237,-51.6174631827,12.0866612765,55.8739427753,55.8739427753,42.9726612988
150,0,90,positive,0.138092372237,-0.0521070728392,0.0111016880134,138.092372237,-52.1070728392,11.1016880134,55.3843331187,55.3843331187,41.9876880357
150,1,90,positive,0.138092372237,-0.0519354740159,0.0115330556226,138.092372237,-51.9354740159,11.5330556226,55.5559319421,55.5559319421,42.4190556449
151,0,90,positive,0.138092372237,-0.0517152351863,0.0119286053506,138.092372237,-51.7152351863,11.9286053506,55.7761707717,55.7761707717,42.8146053729
151,1,90,positive,0.138092372237,-0.0519354740159,0.0115330556226,138.092372237,-51.9354740159,11.5330556226,55.5559319421,55.5559319421,42.4190556449
152,0,90,positive,0.138092372237,-0.0512321752413,0.0128248502695,138.092372237,-51.2321752413,12.8248502695,56.2592307167,56.2592307167,43.7108502918
152,1,90,positive,0.138092372237,-0.0515424023235,0.0122290965713,138.092372237,-51.5424023235,12.2290965713,55.9490036345,55.9490036345,43.1150965936
153,0,90,positive,0.138092372237,-0.051006700145,0.0131061027598,138.092372237,-51.006700145,13.1061027598,56.484705813,56.484705813,43.9921027821
153,1,90,positive,0.138092372237,-0.0512321752413,0.0128248502695,138.092372237,-51.2321752413,12.8248502695,56.2592307167,56.2592307167,43.7108502918
154,0,90,positive,0.138092372237,-0.0504449897781,0.0140703204195,138.092372237,-50.4449897781,14.0703204195,57.0464161799,57.0464161799,44.9563204418
154,1,90,positive,0.138092372237,-0.050478599254,0.0140238509254,138.092372237,-50.478599254,14.0238509254,57.012806704,57.012806704,44.9098509477
155,0,90,positive,0.138092372237,-0.0484548442794,0.0175159177883,138.092372237,-48.4548442794,17.5159177883,59.0365616786,59.0365616786,48.4019178106
155,1,90,positive,0.138092372237,-0.0482436674618,0.0179736708189,138.092372237,-48.2436674618,17.9736708189,59.2477384962,59.2477384962,48.8596708412
156,0,90,positive,0.138092372237,-0.0484548442794,0.0175159177883,138.092372237,-48.4548442794,17.5159177883,59.0365616786,59.0365616786,48.4019178106
156,1,90,positive,0.138092372237,-0.0486250888563,0.0172159005969,138.092372237,-48.6250888563,17.2159005969,58.8663171016,58.8663171016,48.1019006192
157,0,90,positive,0.138092372237,-0.0482436674618,0.0179736708189,138.092372237,-48.2436674618,17.9736708189,59.2477384962,59.2477384962,48.8596708412
157,1,90,positive,0.138092372237,-0.048176525529,0.0181770894443,138.092372237,-48.176525529,18.1770894443,59.314880429,59.314880429,49.0630894666
158,0,90,positive,0.138092372237,-0.0493591015196,0.0159500460434,138.092372237,-49.3591015196,15.9500460434,58.1323044384,58.1323044384,46.8360460657
158,1,90,positive,0.138092372237,-0.0494233696163,0.0158623426266,138.092372237,-49.4233696163,15.8623426266,58.0680363416,58.0680363416,46.7483426489
159,0,90,positive,0.138092372237,-0.0493092526467,0.0160338012626,138.092372237,-49.3092526467,16.0338012626,58.1821533113,58.1821533113,46.9198012849
159,1,90,positive,0.138092372237,-0.0490982537298,0.0163188156669,138.092372237,-49.0982537298,16.3188156669,58.3931522282,58.3931522282,47.2048156892
160,0,90,positive,0.138092372237,-0.0490982537298,0.0163188156669,138.092372237,-49.0982537298,16.3188156669,58.3931522282,58.3931522282,47.2048156892
160,1,90,positive,0.138092372237,-0.0487572231547,0.0168617069494,138.092372237,-48.7572231547,16.8617069494,58.7341828032,58.7341828032,47.7477069717
161,0,90,positive,0.138092372237,-0.0493092526467,0.0160338012626,138.092372237,-49.3092526467,16.0338012626,58.1821533113,58.1821533113,46.9198012849
161,1,90,positive,0.138092372237,-0.0493591015196,0.0159500460434,138.092372237,-49.3591015196,15.9500460434,58.1323044384,58.1323044384,46.8360460657
162,0,90,positive,0.138092372237,-0.0486250888563,0.0172159005969,138.092372237,-48.6250888563,17.2159005969,58.8663171016,58.8663171016,48.1019006192
162,1,90,positive,0.138092372237,-0.0487572231547,0.0168617069494,138.092372237,-48.7572231547,16.8617069494,58.7341828032,58.7341828032,47.7477069717
163,0,90,positive,0.138092372237,-0.0477337286315,0.0188040614946,138.092372237,-47.7337286315,18.8040614946,59.7576773265,59.7576773265,49.6900615169
163,1,90,positive,0.138092372237,-0.0475662329415,0.0192546287284,138.092372237,-47.5662329415,19.2546287284,59.9251730165,59.9251730165,50.1406287507
164,0,90,positive,0.138092372237,-0.04789917846,0.0185981206722,138.092372237,-47.89917846,18.5981206722,59.592227498,59.592227498,49.4841206945
164,1,90,positive,0.138092372237,-0.0477629481844,0.0187394767033,138.092372237,-47.7629481844,18.7394767033,59.7284577736,59.7284577736,49.6254767256
165,0,90,positive,0.138092372237,-0.04789917846,0.0185981206722,138.092372237,-47.89917846,18.5981206722,59.592227498,59.592227498,49.4841206945
165,1,90,positive,0.138092372237,-0.048176525529,0.0181770894443,138.092372237,-48.176525529,18.1770894443,59.314880429,59.314880429,49.0630894666
166,0,90,positive,0.138092372237,-0.0477337286315,0.0188040614946,138.092372237,-47.7337286315,18.8040614946,59.7576773265,59.7576773265,49.6900615169
166,1,90,positive,0.138092372237,-0.0477629481844,0.0187394767033,138.092372237,-47.7629481844,18.7394767033,59.7284577736,59.7284577736,49.6254767256
167,0,90,positive,0.138092372237,-0.0475662329415,0.0192546287284,138.092372237,-47.5662329415,19.2546287284,59.9251730165,59.9251730165,50.1406287507
167,1,90,positive,0.138092372237,-0.0474434632881,0.0195674445693,138.092372237,-47.4434632881,19.5674445693,60.0479426699,60.0479426699,50.4534445916
168,0,90,positive,0.138092372237,-0.0471199750837,0.0201030460805,138.092372237,-47.1199750837,20.1030460805,60.3714308743,60.3714308743,50.9890461028
168,1,90,positive,0.138092372237,-0.0469096217843,0.0202896954149,138.092372237,-46.9096217843,20.2896954149,60.5817841736,60.5817841736,51.1756954372
169,0,90,positive,0.138092372237,-0.0471199750837,0.0201030460805,138.092372237,-47.1199750837,20.1030460805,60.3714308743,60.3714308743,50.9890461028
169,1,90,positive,0.138092372237,-0.0472335737462,0.0199296761754,138.092372237,-47.2335737462,19.9296761754,60.2578322117,60.2578322117,50.8156761977
170,0,90,positive,0.138092372237,-0.0472335737462,0.0199296761754,138.092372237,-47.2335737462,19.9296761754,60.2578322117,60.2578322117,50.8156761977
170,1,90,positive,0.138092372237,-0.0474434632881,0.0195674445693,138.092372237,-47.4434632881,19.5674445693,60.0479426699,60.0479426699,50.4534445916
171,0,90,positive,0.138092372237,-0.0784131943774,-0.0304503021228,138.092372237,-78.4131943774,-30.4503021228,29.0782115805,29.0782115805,0.435697899449
171,1,90,positive,0.138092372237,-0.0786561840698,-0.0304533157049,138.092372237,-78.6561840698,-30.4533157049,28.8352218882,28.8352218882,0.432684317415
172,0,90,positive,0.138092372237,-0.0803269825781,-0.0304377073194,138.092372237,-80.3269825781,-30.4377073194,27.1644233798,27.1644233798,0.448292702916
172,1,90,positive,0.138092372237,-0.0795039157934,-0.0304296510659,138.092372237,-79.5039157934,-30.4296510659,27.9874901646,27.9874901646,0.456348956416
173,0,90,positive,0.138092372237,-0.0795039157934,-0.0304296510659,138.092372237,-79.5039157934,-30.4296510659,27.9874901646,27.9874901646,0.456348956416
173,1,90,positive,0.138092372237,-0.0786561840698,-0.0304533157049,138.092372237,-78.6561840698,-30.4533157049,28.8352218882,28.8352218882,0.432684317415
174,0,90,positive,0.138092372237,-0.0821730221032,-0.02306958946,138.092372237,-82.1730221032,-23.06958946,25.3183838547,25.3183838547,7.81641056234
174,1,90,positive,0.138092372237,-0.0820423625397,-0.023059458233,138.092372237,-82.0423625397,-23.059458233,25.4490434183,25.4490434183,7.82654178926
175,0,90,positive,0.138092372237,-0.0820423625397,-0.023059458233,138.092372237,-82.0423625397,-23.059458233,25.4490434183,25.4490434183,7.82654178926
175,1,90,positive,0.138092372237,-0.0819682683584,-0.0230544867893,138.092372237,-81.9682683584,-23.0544867893,25.5231375995,25.5231375995,7.83151323296
176,0,90,positive,0.138092372237,-0.081067162407,-0.02292329114,138.092372237,-81.067162407,-22.92329114,26.424243551,26.424243551,7.96270888231
176,1,90,positive,0.138092372237,-0.0819682683584,-0.0230544867893,138.092372237,-81.9682683584,-23.0544867893,25.5231375995,25.5231375995,7.83151323296
177,0,90,positive,0.138092372237,-0.0786640380424,-0.0228752568864,138.092372237,-78.6640380424,-22.8752568864,28.8273679156,28.8273679156,8.01074313589
177,1,90,positive,0.138092372237,-0.078872472568,-0.022821229172,138.092372237,-78.872472568,-22.821229172,28.61893339,28.61893339,8.06477085031
178,0,90,positive,0.138092372237,-0.0796473605918,-0.0227228554465,138.092372237,-79.6473605918,-22.7228554465,27.8440453662,27.8440453662,8.16314457579
178,1,90,positive,0.138092372237,-0.078872472568,-0.022821229172,138.092372237,-78.872472568,-22.821229172,28.61893339,28.61893339,8.06477085031
179,0,90,positive,0.138092372237,-0.081067162407,-0.02292329114,138.092372237,-81.067162407,-22.92329114,26.424243551,26.424243551,7.96270888231
179,1,90,positive,0.138092372237,-0.0810464211626,-0.0229112748445,138.092372237,-81.0464211626,-22.9112748445,26.4449847954,26.4449847954,7.97472517783
180,0,90,positive,0.138092372237,-0.0804942158042,-0.0227634337877,138.092372237,-80.4942158042,-22.7634337877,26.9971901538,26.9971901538,8.12256623457
180,1,90,positive,0.138092372237,-0.0810464211626,-0.0229112748445,138.092372237,-81.0464211626,-22.9112748445,26.4449847954,26.4449847954,7.97472517783
181,0,90,positive,0.138092372237,-0.0804942158042,-0.0227634337877,138.092372237,-80.4942158042,-22.7634337877,26.9971901538,26.9971901538,8.12256623457
181,1,90,positive,0.138092372237,-0.0802265780446,-0.022755847169,138.092372237,-80.2265780446,-22.755847169,27.2648279134,27.2648279134,8.13015285327
182,0,90,positive,0.138092372237,-0.0796473605918,-0.0227228554465,138.092372237,-79.6473605918,-22.7228554465,27.8440453662,27.8440453662,8.16314457579
182,1,90,positive,0.138092372237,-0.0802265780446,-0.022755847169,138.092372237,-80.2265780446,-22.755847169,27.2648279134,27.2648279134,8.13015285327
183,0,90,positive,0.138092372237,-0.065200145163,-0.0245239420939,138.092372237,-65.200145163,-24.5239420939,42.291260795,42.291260795,6.36205792839
183,1,90,positive,0.138092372237,-0.0656378247775,-0.0250394011192,138.092372237,-65.6378247775,-25.0394011192,41.8535811805,41.8535811805,5.84659890311
184,0,90,positive,0.138092372237,-0.0648296433601,-0.0240786374773,138.092372237,-64.8296433601,-24.0786374773,42.6617625979,42.6617625979,6.807362545
184,1,90,positive,0.138092372237,-0.065200145163,-0.0245239420939,138.092372237,-65.200145163,-24.5239420939,42.291260795,42.291260795,6.36205792839
185,0,90,positive,0.138092372237,-0.065957380818,-0.0254401463163,138.092372237,-65.957380818,-25.4401463163,41.53402514,41.53402514,5.44585370601
185,1,90,positive,0.138092372237,-0.0666613462594,-0.0261271899003,138.092372237,-66.6613462594,-26.1271899003,40.8300596986,40.8300596986,4.75881012198
186,0,90,positive,0.138092372237,-0.065957380818,-0.0254401463163,138.092372237,-65.957380818,-25.4401463163,41.53402514,41.53402514,5.44585370601
186,1,90,positive,0.138092372237,-0.0656378247775,-0.0250394011192,138.092372237,-65.6378247775,-25.0394011192,41.8535811805,41.8535811805,5.84659890311
187,0,90,positive,0.138092372237,-0.0648296433601,-0.0240786374773,138.092372237,-64.8296433601,-24.0786374773,42.6617625979,42.6617625979,6.807362545
187,1,90,positive,0.138092372237,-0.0642155916296,-0.0232028689977,138.092372237,-64.2155916296,-23.2028689977,43.2758143284,43.2758143284,7.68313102463
188,0,90,positive,0.138092372237,-0.063964942662,-0.0228133934463,138.092372237,-63.964942662,-22.8133934463,43.526463296,43.526463296,8.07260657597
188,1,90,positive,0.138092372237,-0.0642155916296,-0.0232028689977,138.092372237,-64.2155916296,-23.2028689977,43.2758143284,43.2758143284,7.68313102463
189,0,90,positive,0.138092372237,-0.0638240507177,-0.0226145100282,138.092372237,-63.8240507177,-22.6145100282,43.6673552403,43.6673552403,8.27148999409
189,1,90,positive,0.138092372237,-0.063964942662,-0.0228133934463,138.092372237,-63.964942662,-22.8133934463,43.526463296,43.526463296,8.07260657597
190,0,90,positive,0.138092372237,-0.0614606783765,-0.019005812853,138.092372237,-61.4606783765,-19.005812853,46.0307275815,46.0307275815,11.8801871693
190,1,90,positive,0.138092372237,-0.0618589508859,-0.0196945156476,138.092372237,-61.8589508859,-19.6945156476,45.6324550721,45.6324550721,11.1914843747
191,0,90,positive,0.138092372237,-0.0610329491082,-0.0184182015789,138.092372237,-61.0329491082,-18.4182015789,46.4584568498,46.4584568498,12.4677984434
191,1,90,positive,0.138092372237,-0.0614606783765,-0.019005812853,138.092372237,-61.4606783765,-19.005812853,46.0307275815,46.0307275815,11.8801871693
192,0,90,positive,0.138092372237,-0.0610329491082,-0.0184182015789,138.092372237,-61.0329491082,-18.4182015789,46.4584568498,46.4584568498,12.4677984434
192,1,90,positive,0.138092372237,-0.0606130799118,-0.0177339757878,138.092372237,-60.6130799118,-17.7339757878,46.8783260462,46.8783260462,13.1520242345
193,0,90,positive,0.138092372237,-0.0638240507177,-0.0226145100282,138.092372237,-63.8240507177,-22.6145100282,43.6673552403,43.6673552403,8.27148999409
193,1,90,positive,0.138092372237,-0.0632333904831,-0.0217257995994,138.092372237,-63.2333904831,-21.7257995994,44.2580154748,44.2580154748,9.1602004229
194,0,90,positive,0.138092372237,-0.0622827026172,-0.0203258974138,138.092372237,-62.2827026172,-20.3258974138,45.2087033408,45.2087033408,10.5601026085
194,1,90,positive,0.138092372237,-0.0632333904831,-0.0217257995994,138.092372237,-63.2333904831,-21.7257995994,44.2580154748,44.2580154748,9.1602004229
195,0,90,positive,0.138092372237,-0.0622827026172,-0.0203258974138,138.092372237,-62.2827026172,-20.3258974138,45.2087033408,45.2087033408,10.5601026085
195,1,90,positive,0.138092372237,-0.0618589508859,-0.0196945156476,138.092372237,-61.8589508859,-19.6945156476,45.6324550721,45.6324550721,11.1914843747
196,0,90,positive,0.138092372237,-0.0737616927244,-0.0300816367044,138.092372237,-73.7616927244,-30.0816367044,33.7297132336,33.7297132336,0.804363317931
196,1,90,positive,0.138092372237,-0.0739599518669,-0.0301009192028,138.092372237,-73.9599518669,-30.1009192028,33.5314540911,33.5314540911,0.785080819536
197,0,90,positive,0.138092372237,-0.0720754433419,-0.0295797035643,138.092372237,-72.0754433419,-29.5797035643,35.4159626161,35.4159626161,1.30629645796
197,1,90,positive,0.138092372237,-0.072452013251,-0.0297446968974,138.092372237,-72.452013251,-29.7446968974,35.039392707,35.039392707,1.14130312485
198,0,90,positive,0.138092372237,-0.0736505001609,-0.0300589524093,138.092372237,-73.6505001609,-30.0589524093,33.8409057971,33.8409057971,0.827047613034
198,1,90,positive,0.138092372237,-0.0737616927244,-0.0300816367044,138.092372237,-73.7616927244,-30.0816367044,33.7297132336,33.7297132336,0.804363317931
199,0,90,positive,0.138092372237,-0.0736505001609,-0.0300589524093,138.092372237,-73.6505001609,-30.0589524093,33.8409057971,33.8409057971,0.827047613034
199,1,90,positive,0.138092372237,-0.072452013251,-0.0297446968974,138.092372237,-72.452013251,-29.7446968974,35.039392707,35.039392707,1.14130312485
200,0,90,positive,0.138092372237,-0.0691296975613,-0.0279696669355,138.092372237,-69.1296975613,-27.9696669355,38.3617083967,38.3617083967,2.91633308679
200,1,90,positive,0.138092372237,-0.0705984608612,-0.0288302442659,138.092372237,-70.5984608612,-28.8302442659,36.8929450968,36.8929450968,2.05575575641
201,0,90,positive,0.138092372237,-0.0682985259377,-0.0274211553764,138.092372237,-68.2985259377,-27.4211553764,39.1928800202,39.1928800202,3.46484464593
201,1,90,positive,0.138092372237,-0.068395459456,-0.0274996671222,138.092372237,-68.395459456,-27.4996671222,39.095946502,39.095946502,3.38633290005
202,0,90,positive,0.138092372237,-0.0682985259377,-0.0274211553764,138.092372237,-68.2985259377,-27.4211553764,39.1928800202,39.1928800202,3.46484464593
202,1,90,positive,0.138092372237,-0.0675524216205,-0.0268527152031,138.092372237,-67.5524216205,-26.8527152031,39.9389843375,39.9389843375,4.03328481924
203,0,90,positive,0.138092372237,-0.0691296975613,-0.0279696669355,138.092372237,-69.1296975613,-27.9696669355,38.3617083967,38.3617083967,2.91633308679
203,1,90,positive,0.138092372237,-0.068395459456,-0.0274996671222,138.092372237,-68.395459456,-27.4996671222,39.095946502,39.095946502,3.38633290005
204,0,90,positive,0.138092372237,-0.0720754433419,-0.0295797035643,138.092372237,-72.0754433419,-29.5797035643,35.4159626161,35.4159626161,1.30629645796
204,1,90,positive,0.138092372237,-0.071697094047,-0.0294273753372,138.092372237,-71.697094047,-29.4273753372,35.794311911,35.794311911,1.45862468514
205,0,90,positive,0.138092372237,-0.071697094047,-0.0294273753372,138.092372237,-71.697094047,-29.4273753372,35.794311911,35.794311911,1.45862468514
205,1,90,positive,0.138092372237,-0.0715006938038,-0.0292917944548,138.092372237,-71.5006938038,-29.2917944548,35.9907121542,35.9907121542,1.59420556748
206,0,90,positive,0.138092372237,-0.0707152259709,-0.0288840966359,138.092372237,-70.7152259709,-28.8840966359,36.7761799871,36.7761799871,2.00190338637
206,1,90,positive,0.138092372237,-0.0715006938038,-0.0292917944548,138.092372237,-71.5006938038,-29.2917944548,35.9907121542,35.9907121542,1.59420556748
207,0,90,positive,0.138092372237,-0.0707152259709,-0.0288840966359,138.092372237,-70.7152259709,-28.8840966359,36.7761799871,36.7761799871,2.00190338637
207,1,90,positive,0.138092372237,-0.0705984608612,-0.0288302442659,138.092372237,-70.5984608612,-28.8302442659,36.8929450968,36.8929450968,2.05575575641
208,0,90,positive,0.138092372237,-0.0777864376152,-0.030406850954,138.092372237,-77.7864376152,-30.406850954,29.7049683428,29.7049683428,0.479149068296
208,1,90,positive,0.138092372237,-0.0784131943774,-0.0304503021228,138.092372237,-78.4131943774,-30.4503021228,29.0782115805,29.0782115805,0.435697899449
209,0,90,positive,0.138092372237,-0.0777864376152,-0.030406850954,138.092372237,-77.7864376152,-30.406850954,29.7049683428,29.7049683428,0.479149068296
209,1,90,positive,0.138092372237,-0.0760999957386,-0.0302955338359,138.092372237,-76.0999957386,-30.2955338359,31.3914102194,31.3914102194,0.590466186369
210,0,90,positive,0.138092372237,-0.0760999957386,-0.0302955338359,138.092372237,-76.0999957386,-30.2955338359,31.3914102194,31.3914102194,0.590466186369
210,1,90,positive,0.138092372237,-0.0758661548552,-0.0302838815458,138.092372237,-75.8661548552,-30.2838815458,31.6252511028,31.6252511028,0.602118476488
211,0,90,positive,0.138092372237,-0.075419087957,-0.0302453546996,138.092372237,-75.419087957,-30.2453546996,32.072318001,32.072318001,0.640645322645
211,1,90,positive,0.138092372237,-0.0758661548552,-0.0302838815458,138.092372237,-75.8661548552,-30.2838815458,31.6252511028,31.6252511028,0.602118476488
212,0,90,positive,0.138092372237,-0.075419087957,-0.0302453546996,138.092372237,-75.419087957,-30.2453546996,32.072318001,32.072318001,0.640645322645
212,1,90,positive,0.138092372237,-0.0747623576287,-0.0301621351416,138.092372237,-74.7623576287,-30.1621351416,32.7290483293,32.7290483293,0.72386488068
213,0,90,positive,0.138092372237,-0.0747623576287,-0.0301621351416,138.092372237,-74.7623576287,-30.1621351416,32.7290483293,32.7290483293,0.72386488068
213,1,90,positive,0.138092372237,-0.0739599518669,-0.0301009192028,138.092372237,-73.9599518669,-30.1009192028,33.5314540911,33.5314540911,0.785080819536
214,0,90,positive,0.138092372237,-0.0738552289044,-0.0223532990151,138.092372237,-73.8552289044,-22.3532990151,33.6361770536,33.6361770536,8.53270100718
214,1,90,positive,0.138092372237,-0.0738337611426,-0.0223492311016,138.092372237,-73.8337611426,-22.3492311016,33.6576448153,33.6576448153,8.53676892065
215,0,90,positive,0.138092372237,-0.0744253334983,-0.0224713135953,138.092372237,-74.4253334983,-22.4713135953,33.0660724597,33.0660724597,8.41468642695
215,1,90,positive,0.138092372237,-0.0743923639539,-0.0224529953739,138.092372237,-74.3923639539,-22.4529953739,33.0990420041,33.0990420041,8.43300464839
216,0,90,positive,0.138092372237,-0.0738552289044,-0.0223532990151,138.092372237,-73.8552289044,-22.3532990151,33.6361770536,33.6361770536,8.53270100718
216,1,90,positive,0.138092372237,-0.0743923639539,-0.0224529953739,138.092372237,-74.3923639539,-22.4529953739,33.0990420041,33.0990420041,8.43300464839
217,0,90,positive,0.138092372237,-0.07332130172,-0.0222941342516,138.092372237,-73.32130172,-22.2941342516,34.170104238,34.170104238,8.59186577067
217,1,90,positive,0.138092372237,-0.0738337611426,-0.0223492311016,138.092372237,-73.8337611426,-22.3492311016,33.6576448153,33.6576448153,8.53676892065
218,0,90,positive,0.138092372237,-0.07332130172,-0.0222941342516,138.092372237,-73.32130172,-22.2941342516,34.170104238,34.170104238,8.59186577067
218,1,90,positive,0.138092372237,-0.0733012665708,-0.0222958451577,138.092372237,-73.3012665708,-22.2958451577,34.1901393872,34.1901393872,8.59015486457
219,0,90,positive,0.138092372237,-0.0733012665708,-0.0222958451577,138.092372237,-73.3012665708,-22.2958451577,34.1901393872,34.1901393872,8.59015486457
219,1,90,positive,0.138092372237,-0.0728387024351,-0.0222534824145,138.092372237,-72.8387024351,-22.2534824145,34.6527035229,34.6527035229,8.63251760782
220,0,90,positive,0.138092372237,-0.072334513324,-0.0222131679858,138.092372237,-72.334513324,-22.2131679858,35.1568926339,35.1568926339,8.6728320365
220,1,90,positive,0.138092372237,-0.0724017031653,-0.0222083807185,138.092372237,-72.4017031653,-22.2083807185,35.0897027927,35.0897027927,8.67761930384
221,0,90,positive,0.138092372237,-0.0724017031653,-0.0222083807185,138.092372237,-72.4017031653,-22.2083807185,35.0897027927,35.0897027927,8.67761930384
221,1,90,positive,0.138092372237,-0.0728387024351,-0.0222534824145,138.092372237,-72.8387024351,-22.2534824145,34.6527035229,34.6527035229,8.63251760782
222,0,90,positive,0.138092372237,-0.0672897070544,-0.0266675614511,138.092372237,-67.2897070544,-26.6675614511,40.2016989035,40.2016989035,4.21843857114
222,1,90,positive,0.138092372237,-0.0675524216205,-0.0268527152031,138.092372237,-67.5524216205,-26.8527152031,39.9389843375,39.9389843375,4.03328481924
223,0,90,positive,0.138092372237,-0.0716136897957,-0.022081220101,138.092372237,-71.6136897957,-22.081220101,35.8777161623,35.8777161623,8.8047799213
223,1,90,positive,0.138092372237,-0.0713824935657,-0.0219630095226,138.092372237,-71.3824935657,-21.9630095226,36.1089123922,36.1089123922,8.92299049966
224,0,90,positive,0.138092372237,-0.0722672588228,-0.0221926415019,138.092372237,-72.2672588228,-22.1926415019,35.2241471352,35.2241471352,8.69335852034
224,1,90,positive,0.138092372237,-0.0716136897957,-0.022081220101,138.092372237,-71.6136897957,-22.081220101,35.8777161623,35.8777161623,8.8047799213
225,0,90,positive,0.138092372237,-0.0723153244274,-0.0222118611225,138.092372237,-72.3153244274,-22.2118611225,35.1760815306,35.1760815306,8.67413889975
225,1,90,positive,0.138092372237,-0.072334513324,-0.0222131679858,138.092372237,-72.334513324,-22.2131679858,35.1568926339,35.1568926339,8.6728320365
226,0,90,positive,0.138092372237,-0.0722672588228,-0.0221926415019,138.092372237,-72.2672588228,-22.1926415019,35.2241471352,35.2241471352,8.69335852034
226,1,90,positive,0.138092372237,-0.0723153244274,-0.0222118611225,138.092372237,-72.3153244274,-22.2118611225,35.1760815306,35.1760815306,8.67413889975
227,0,90,positive,0.138092372237,-0.0706499841662,-0.0215389614301,138.092372237,-70.6499841662,-21.5389614301,36.8414217918,36.8414217918,9.34703859221
227,1,90,positive,0.138092372237,-0.0703515165904,-0.021360569917,138.092372237,-70.3515165904,-21.360569917,37.1398893676,37.1398893676,9.52543010533
228,0,90,positive,0.138092372237,-0.0700138006426,-0.0211321411563,138.092372237,-70.0138006426,-21.1321411563,37.4776053153,37.4776053153,9.75385886604
228,1,90,positive,0.138092372237,-0.0703515165904,-0.021360569917,138.092372237,-70.3515165904,-21.360569917,37.1398893676,37.1398893676,9.52543010533
229,0,90,positive,0.138092372237,-0.0700138006426,-0.0211321411563,138.092372237,-70.0138006426,-21.1321411563,37.4776053153,37.4776053153,9.75385886604
229,1,90,positive,0.138092372237,-0.0697739313087,-0.0208639447147,138.092372237,-69.7739313087,-20.8639447147,37.7174746493,37.7174746493,10.0220553076
230,0,90,positive,0.138092372237,-0.06939765102,-0.0203804669308,138.092372237,-69.39765102,-20.3804669308,38.093754938,38.093754938,10.5055330915
230,1,90,positive,0.138092372237,-0.0697739313087,-0.0208639447147,138.092372237,-69.7739313087,-20.8639447147,37.7174746493,37.7174746493,10.0220553076
231,0,90,positive,0.138092372237,-0.06939765102,-0.0203804669308,138.092372237,-69.39765102,-20.3804669308,38.093754938,38.093754938,10.5055330915
231,1,90,positive,0.138092372237,-0.06908148654,-0.0200911828523,138.092372237,-69.08148654,-20.0911828523,38.4099194179,38.4099194179,10.79481717
232,0,90,positive,0.138092372237,-0.0690767962941,-0.0200855236551,138.092372237,-69.0767962941,-20.0855236551,38.4146096639,38.4146096639,10.8004763672
232,1,90,positive,0.138092372237,-0.06908148654,-0.0200911828523,138.092372237,-69.08148654,-20.0911828523,38.4099194179,38.4099194179,10.79481717
233,0,90,positive,0.138092372237,-0.0678539251631,-0.0184691574358,138.092372237,-67.8539251631,-18.4691574358,39.6374807949,39.6374807949,12.4168425865
233,1,90,positive,0.138092372237,-0.0677386752648,-0.018271857786,138.092372237,-67.7386752648,-18.271857786,39.7527306932,39.7527306932,12.6141422363
234,0,90,positive,0.138092372237,-0.0677386752648,-0.018271857786,138.092372237,-67.7386752648,-18.271857786,39.7527306932,39.7527306932,12.6141422363
234,1,90,positive,0.138092372237,-0.0676600281985,-0.0182067564446,138.092372237,-67.6600281985,-18.2067564446,39.8313777594,39.8313777594,12.6792435777
235,0,90,positive,0.138092372237,-0.0676600281985,-0.0182067564446,138.092372237,-67.6600281985,-18.2067564446,39.8313777594,39.8313777594,12.6792435777
235,1,90,positive,0.138092372237,-0.0674358175248,-0.0178817004494,138.092372237,-67.4358175248,-17.8817004494,40.0555884331,40.0555884331,13.0042995729
236,0,90,positive,0.138092372237,-0.0671263142193,-0.0175124747596,138.092372237,-67.1263142193,-17.5124747596,40.3650917387,40.3650917387,13.3735252627
236,1,90,positive,0.138092372237,-0.0669524880469,-0.0173899723941,138.092372237,-66.9524880469,-17.3899723941,40.5389179111,40.5389179111,13.4960276282
237,0,90,positive,0.138092372237,-0.0671263142193,-0.0175124747596,138.092372237,-67.1263142193,-17.5124747596,40.3650917387,40.3650917387,13.3735252627
237,1,90,positive,0.138092372237,-0.0674358175248,-0.0178817004494,138.092372237,-67.4358175248,-17.8817004494,40.0555884331,40.0555884331,13.0042995729
238,0,90,positive,0.138092372237,-0.0690767962941,-0.0200855236551,138.092372237,-69.0767962941,-20.0855236551,38.4146096639,38.4146096639,10.8004763672
238,1,90,positive,0.138092372237,-0.0685479248609,-0.0194294048659,138.092372237,-68.5479248609,-19.4294048659,38.9434810971,38.9434810971,11.4565951563
239,0,90,positive,0.138092372237,-0.0683629960861,-0.0191532430589,138.092372237,-68.3629960861,-19.1532430589,39.1284098719,39.1284098719,11.7327569634
239,1,90,positive,0.138092372237,-0.0685479248609,-0.0194294048659,138.092372237,-68.5479248609,-19.4294048659,38.9434810971,38.9434810971,11.4565951563
240,0,90,positive,0.138092372237,-0.0683629960861,-0.0191532430589,138.092372237,-68.3629960861,-19.1532430589,39.1284098719,39.1284098719,11.7327569634
240,1,90,positive,0.138092372237,-0.0682334356157,-0.0189145401162,138.092372237,-68.2334356157,-18.9145401162,39.2579703423,39.2579703423,11.9714599061
241,0,90,positive,0.138092372237,-0.0678539251631,-0.0184691574358,138.092372237,-67.8539251631,-18.4691574358,39.6374807949,39.6374807949,12.4168425865
241,1,90,positive,0.138092372237,-0.0682334356157,-0.0189145401162,138.092372237,-68.2334356157,-18.9145401162,39.2579703423,39.2579703423,11.9714599061
242,0,90,positive,0.138092372237,-0.0709554588463,-0.0217860214797,138.092372237,-70.9554588463,-21.7860214797,36.5359471117,36.5359471117,9.09997854264
242,1,90,positive,0.138092372237,-0.070833100886,-0.0217007264375,138.092372237,-70.833100886,-21.7007264375,36.658305072,36.658305072,9.18527358484
243,0,90,positive,0.138092372237,-0.0706499841662,-0.0215389614301,138.092372237,-70.6499841662,-21.5389614301,36.8414217918,36.8414217918,9.34703859221
243,1,90,positive,0.138092372237,-0.070833100886,-0.0217007264375,138.092372237,-70.833100886,-21.7007264375,36.658305072,36.658305072,9.18527358484
244,0,90,positive,0.138092372237,-0.0709554588463,-0.0217860214797,138.092372237,-70.9554588463,-21.7860214797,36.5359471117,36.5359471117,9.09997854264
244,1,90,positive,0.138092372237,-0.0713824935657,-0.0219630095226,138.092372237,-71.3824935657,-21.9630095226,36.1089123922,36.1089123922,8.92299049966
245,0,90,positive,0.138092372237,-0.07757770093,-0.0231167449266,138.092372237,-77.57770093,-23.1167449266,29.9137050279,29.9137050279,7.76925509568
245,1,90,positive,0.138092372237,-0.077200163129,-0.0230484817281,138.092372237,-77.200163129,-23.0484817281,30.291242829,30.291242829,7.83751829416
246,0,90,positive,0.138092372237,-0.0768357745962,-0.0230530755755,138.092372237,-76.8357745962,-23.0530755755,30.6556313618,30.6556313618,7.83292444677
246,1,90,positive,0.138092372237,-0.077200163129,-0.0230484817281,138.092372237,-77.200163129,-23.0484817281,30.291242829,30.291242829,7.83751829416
247,0,90,positive,0.138092372237,-0.07757770093,-0.0231167449266,138.092372237,-77.57770093,-23.1167449266,29.9137050279,29.9137050279,7.76925509568
247,1,90,positive,0.138092372237,-0.0781507241787,-0.0230624076132,138.092372237,-78.1507241787,-23.0624076132,29.3406817793,29.3406817793,7.82359240914
248,0,90,positive,0.138092372237,-0.0768357745962,-0.0230530755755,138.092372237,-76.8357745962,-23.0530755755,30.6556313618,30.6556313618,7.83292444677
248,1,90,positive,0.138092372237,-0.0764698766118,-0.0230296091457,138.092372237,-76.4698766118,-23.0296091457,31.0215293462,31.0215293462,7.85639087655
249,0,90,positive,0.138092372237,-0.0756219638109,-0.0229540825711,138.092372237,-75.6219638109,-22.9540825711,31.8694421471,31.8694421471,7.93191745117
249,1,90,positive,0.138092372237,-0.0764698766118,-0.0230296091457,138.092372237,-76.4698766118,-23.0296091457,31.0215293462,31.0215293462,7.85639087655
250,0,90,positive,0.138092372237,-0.0749574786569,-0.0227920310455,138.092372237,-74.9574786569,-22.7920310455,32.5339273011,32.5339273011,8.0939689768
250,1,90,positive,0.138092372237,-0.0748142422844,-0.0227225217036,138.092372237,-74.8142422844,-22.7225217036,32.6771636736,32.6771636736,8.16347831867
251,0,90,positive,0.138092372237,-0.0744253334983,-0.0224713135953,138.092372237,-74.4253334983,-22.4713135953,33.0660724597,33.0660724597,8.41468642695
251,1,90,positive,0.138092372237,-0.0748142422844,-0.0227225217036,138.092372237,-74.8142422844,-22.7225217036,32.6771636736,32.6771636736,8.16347831867
252,0,90,positive,0.138092372237,-0.0755790003995,-0.0229373633262,138.092372237,-75.5790003995,-22.9373633262,31.9124055584,31.9124055584,7.94863669608
252,1,90,positive,0.138092372237,-0.0751616767852,-0.0228757352286,138.092372237,-75.1616767852,-22.8757352286,32.3297291728,32.3297291728,8.01026479368
253,0,90,positive,0.138092372237,-0.0749574786569,-0.0227920310455,138.092372237,-74.9574786569,-22.7920310455,32.5339273011,32.5339273011,8.0939689768
253,1,90,positive,0.138092372237,-0.0751616767852,-0.0228757352286,138.092372237,-75.1616767852,-22.8757352286,32.3297291728,32.3297291728,8.01026479368
254,0,90,positive,0.138092372237,-0.0755790003995,-0.0229373633262,138.092372237,-75.5790003995,-22.9373633262,31.9124055584,31.9124055584,7.94863669608
254,1,90,positive,0.138092372237,-0.0756219638109,-0.0229540825711,138.092372237,-75.6219638109,-22.9540825711,31.8694421471,31.8694421471,7.93191745117
255,0,90,positive,0.138092372237,-0.0784719533147,-0.0229712464288,138.092372237,-78.4719533147,-22.9712464288,29.0194526433,29.0194526433,7.91475359351
255,1,90,positive,0.138092372237,-0.0781507241787,-0.0230624076132,138.092372237,-78.1507241787,-23.0624076132,29.3406817793,29.3406817793,7.82359240914
256,0,90,positive,0.138092372237,-0.0784719533147,-0.0229712464288,138.092372237,-78.4719533147,-22.9712464288,29.0194526433,29.0194526433,7.91475359351
256,1,90,positive,0.138092372237,-0.0786640380424,-0.0228752568864,138.092372237,-78.6640380424,-22.8752568864,28.8273679156,28.8273679156,8.01074313589
257,0,90,positive,0.138092372237,-0.0672897070544,-0.0266675614511,138.092372237,-67.2897070544,-26.6675614511,40.2016989035,40.2016989035,4.21843857114
257,1,90,positive,0.138092372237,-0.0666613462594,-0.0261271899003,138.092372237,-66.6613462594,-26.1271899003,40.8300596986,40.8300596986,4.75881012198
258,0,90,positive,0.138092372237,-0.082387052002,-0.0230793509806,138.092372237,-82.387052002,-23.0793509806,25.104353956,25.104353956,7.80664904168
258,1,90,positive,0.138092372237,-0.0821730221032,-0.02306958946,138.092372237,-82.1730221032,-23.06958946,25.3183838547,25.3183838547,7.81641056234
259,0,90,positive,0.138092372237,-0.082387052002,-0.0230793509806,138.092372237,-82.387052002,-23.0793509806,25.104353956,25.104353956,7.80664904168
259,1,90,positive,0.138092372237,-0.0830210079562,-0.0231025749282,138.092372237,-83.0210079562,-23.1025749282,24.4703980018,24.4703980018,7.78342509405
260,0,90,positive,0.138092372237,-0.0469096217843,0.0202896954149,138.092372237,-46.9096217843,20.2896954149,60.5817841736,60.5817841736,51.1756954372
260,1,90,positive,0.138092372237,-0.0463936009803,0.0207736979813,138.092372237,-46.3936009803,20.7736979813,61.0978049777,61.0978049777,51.6596980036
261,0,90,positive,0.138092372237,-0.0462981629219,0.0208454862003,138.092372237,-46.2981629219,20.8454862003,61.1932430361,61.1932430361,51.7314862226
261,1,90,positive,0.138092372237,-0.0463936009803,0.0207736979813,138.092372237,-46.3936009803,20.7736979813,61.0978049777,61.0978049777,51.6596980036
262,0,90,positive,0.138092372237,-0.0462100304261,0.020926860171,138.092372237,-46.2100304261,20.926860171,61.2813755319,61.2813755319,51.8128601933
262,1,90,positive,0.138092372237,-0.0462981629219,0.0208454862003,138.092372237,-46.2981629219,20.8454862003,61.1932430361,61.1932430361,51.7314862226
263,0,90,positive,0.138092372237,-0.0462100304261,0.020926860171,138.092372237,-46.2100304261,20.926860171,61.2813755319,61.2813755319,51.8128601933
263,1,90,positive,0.138092372237,-0.0458437934692,0.0212585903825,138.092372237,-45.8437934692,21.2585903825,61.6476124888,61.6476124888,52.1445904048
264,0,90,positive,0.138092372237,-0.0452977396427,0.0221362450608,138.092372237,-45.2977396427,22.1362450608,62.1936663153,62.1936663153,53.0222450831
264,1,90,positive,0.138092372237,-0.0450657351778,0.0224935543878,138.092372237,-45.0657351778,22.4935543878,62.4256707802,62.4256707802,53.37955441
265,0,90,positive,0.138092372237,-0.0450657351778,0.0224935543878,138.092372237,-45.0657351778,22.4935543878,62.4256707802,62.4256707802,53.37955441
265,1,90,positive,0.138092372237,-0.0449759847464,0.0226227362854,138.092372237,-44.9759847464,22.6227362854,62.5154212116,62.5154212116,53.5087363076
266,0,90,positive,0.138092372237,-0.0458437934692,0.0212585903825,138.092372237,-45.8437934692,21.2585903825,61.6476124888,61.6476124888,52.1445904048
266,1,90,positive,0.138092372237,-0.0454261706621,0.0219208096558,138.092372237,-45.4261706621,21.9208096558,62.0652352959,62.0652352959,52.806809678
267,0,90,positive,0.138092372237,-0.0453467885244,0.0220414882758,138.092372237,-45.3467885244,22.0414882758,62.1446174336,62.1446174336,52.927488298
267,1,90,positive,0.138092372237,-0.0454261706621,0.0219208096558,138.092372237,-45.4261706621,21.9208096558,62.0652352959,62.0652352959,52.806809678
268,0,90,positive,0.138092372237,-0.0452977396427,0.0221362450608,138.092372237,-45.2977396427,22.1362450608,62.1936663153,62.1936663153,53.0222450831
268,1,90,positive,0.138092372237,-0.0453467885244,0.0220414882758,138.092372237,-45.3467885244,22.0414882758,62.1446174336,62.1446174336,52.927488298
269,0,90,positive,0.138092372237,-0.0443479580583,0.0236552230151,138.092372237,-44.3479580583,23.6552230151,63.1434478997,63.1434478997,54.5412230374
269,1,90,positive,0.138092372237,-0.0440333873219,0.0242287663371,138.092372237,-44.0333873219,24.2287663371,63.458018636,63.458018636,55.1147663594
270,0,90,positive,0.138092372237,-0.0440333873219,0.0242287663371,138.092372237,-44.0333873219,24.2287663371,63.458018636,63.458018636,55.1147663594
270,1,90,positive,0.138092372237,-0.0439407339667,0.0245005354547,138.092372237,-43.9407339667,24.5005354547,63.5506719913,63.5506719913,55.386535477
271,0,90,positive,0.138092372237,-0.0438107894155,0.0248139814727,138.092372237,-43.8107894155,24.8139814727,63.6806165425,63.6806165425,55.699981495
271,1,90,positive,0.138092372237,-0.0435525665638,0.0250722221969,138.092372237,-43.5525665638,25.0722221969,63.9388393942,63.9388393942,55.9582222192
272,0,90,positive,0.138092372237,-0.0448208379468,0.0227846075361,138.092372237,-44.8208379468,22.7846075361,62.6705680111,62.6705680111,53.6706075584
272,1,90,positive,0.138092372237,-0.0449759847464,0.0226227362854,138.092372237,-44.9759847464,22.6227362854,62.5154212116,62.5154212116,53.5087363076
273,0,90,positive,0.138092372237,-0.0448208379468,0.0227846075361,138.092372237,-44.8208379468,22.7846075361,62.6705680111,62.6705680111,53.6706075584
273,1,90,positive,0.138092372237,-0.0443939029323,0.0235679729525,138.092372237,-44.3939029323,23.5679729525,63.0975030257,63.0975030257,54.4539729747
274,0,90,positive,0.138092372237,-0.0443479580583,0.0236552230151,138.092372237,-44.3479580583,23.6552230151,63.1434478997,63.1434478997,54.5412230374
274,1,90,positive,0.138092372237,-0.0443827969164,0.0235880707218,138.092372237,-44.3827969164,23.5880707218,63.1086090416,63.1086090416,54.4740707441
275,0,90,positive,0.138092372237,-0.04438660675,0.0235824693397,138.092372237,-44.38660675,23.5824693397,63.104799208,63.104799208,54.468469362
275,1,90,positive,0.138092372237,-0.0443939029323,0.0235679729525,138.092372237,-44.3939029323,23.5679729525,63.0975030257,63.0975030257,54.4539729747
276,0,90,positive,0.138092372237,-0.0443827969164,0.0235880707218,138.092372237,-44.3827969164,23.5880707218,63.1086090416,63.1086090416,54.4740707441
276,1,90,positive,0.138092372237,-0.04438660675,0.0235824693397,138.092372237,-44.38660675,23.5824693397,63.104799208,63.104799208,54.468469362
277,0,90,positive,0.138092372237,-0.0438107894155,0.0248139814727,138.092372237,-43.8107894155,24.8139814727,63.6806165425,63.6806165425,55.699981495
277,1,90,positive,0.138092372237,-0.0439407339667,0.0245005354547,138.092372237,-43.9407339667,24.5005354547,63.5506719913,63.5506719913,55.386535477
278,0,90,positive,0.138092372237,-0.0434044424524,0.0252874449422,138.092372237,-43.4044424524,25.2874449422,64.0869635056,64.0869635056,56.1734449645
278,1,90,positive,0.138092372237,-0.0435525665638,0.0250722221969,138.092372237,-43.5525665638,25.0722221969,63.9388393942,63.9388393942,55.9582222192
279,0,90,positive,0.138092372237,-0.0434044424524,0.0252874449422,138.092372237,-43.4044424524,25.2874449422,64.0869635056,64.0869635056,56.1734449645
279,1,90,positive,0.138092372237,-0.0432054326524,0.0256055192418,138.092372237,-43.2054326524,25.6055192418,64.2859733056,64.2859733056,56.4915192641
280,0,90,positive,0.138092372237,-0.0430058316416,0.0260249514485,138.092372237,-43.0058316416,26.0249514485,64.4855743164,64.4855743164,56.9109514708
280,1,90,positive,0.138092372237,-0.0432054326524,0.0256055192418,138.092372237,-43.2054326524,25.6055192418,64.2859733056,64.2859733056,56.4915192641
281,0,90,positive,0.138092372237,-0.0430058316416,0.0260249514485,138.092372237,-43.0058316416,26.0249514485,64.4855743164,64.4855743164,56.9109514708
281,1,90,positive,0.138092372237,-0.0425978011335,0.0267335311989,138.092372237,-42.5978011335,26.7335311989,64.8936048245,64.8936048245,57.6195312212
282,0,90,positive,0.138092372237,-0.0425214991982,0.0268566839864,138.092372237,-42.5214991982,26.8566839864,64.9699067598,64.9699067598,57.7426840087
282,1,90,positive,0.138092372237,-0.0425978011335,0.0267335311989,138.092372237,-42.5978011335,26.7335311989,64.8936048245,64.8936048245,57.6195312212
283,0,90,positive,0.138092372237,-0.0386206504558,0.0266553224848,138.092372237,-38.6206504558,26.6553224848,68.8707555022,68.8707555022,57.5413225071
283,1,90,positive,0.138092372237,-0.0388096300649,0.0261846448609,138.092372237,-38.8096300649,26.1846448609,68.681775893,68.681775893,57.0706448832
284,0,90,positive,0.138092372237,-0.0373389981687,0.029948732423,138.092372237,-37.3389981687,29.948732423,70.1524077893,70.1524077893,60.8347324453
284,1,90,positive,0.138092372237,-0.0376648201223,0.0291184684599,138.092372237,-37.6648201223,29.1184684599,69.8265858357,69.8265858357,60.0044684822
285,0,90,positive,0.138092372237,-0.0402228363833,0.0229681382265,138.092372237,-40.2228363833,22.9681382265,67.2685695746,67.2685695746,53.8541382488
285,1,90,positive,0.138092372237,-0.0407153157255,0.0218897363294,138.092372237,-40.7153157255,21.8897363294,66.7760902325,66.7760902325,52.7757363517
286,0,90,positive,0.138092372237,-0.0392169337975,0.0252021301453,138.092372237,-39.2169337975,25.2021301453,68.2744721605,68.2744721605,56.0881301676
286,1,90,positive,0.138092372237,-0.0397207701779,0.0240814119247,138.092372237,-39.7207701779,24.0814119247,67.7706357801,67.7706357801,54.967411947
287,0,90,positive,0.138092372237,-0.0407153157255,0.0218897363294,138.092372237,-40.7153157255,21.8897363294,66.7760902325,66.7760902325,52.7757363517
287,1,90,positive,0.138092372237,-0.0416314742407,0.0196961415836,138.092372237,-41.6314742407,19.6961415836,65.8599317173,65.8599317173,50.5821416059
288,0,90,positive,0.138092372237,-0.041706234709,0.0195223178281,138.092372237,-41.706234709,19.5223178281,65.7851712489,65.7851712489,50.4083178504
288,1,90,positive,0.138092372237,-0.0416314742407,0.0196961415836,138.092372237,-41.6314742407,19.6961415836,65.8599317173,65.8599317173,50.5821416059
289,0,90,positive,0.138092372237,-0.0402228363833,0.0229681382265,138.092372237,-40.2228363833,22.9681382265,67.2685695746,67.2685695746,53.8541382488
289,1,90,positive,0.138092372237,-0.0399491087117,0.0236015222922,138.092372237,-39.9491087117,23.6015222922,67.5422972463,67.5422972463,54.4875223144
290,0,90,positive,0.138092372237,-0.0399491087117,0.0236015222922,138.092372237,-39.9491087117,23.6015222922,67.5422972463,67.5422972463,54.4875223144
290,1,90,positive,0.138092372237,-0.0397207701779,0.0240814119247,138.092372237,-39.7207701779,24.0814119247,67.7706357801,67.7706357801,54.967411947
291,0,90,positive,0.138092372237,-0.0412539693116,0.0293937529233,138.092372237,-41.2539693116,29.3937529233,66.2374366464,66.2374366464,60.2797529456
291,1,90,positive,0.138092372237,-0.0410613813267,0.029582994176,138.092372237,-41.0613813267,29.582994176,66.4300246313,66.4300246313,60.4689941983
292,0,90,positive,0.138092372237,-0.0412539693116,0.0293937529233,138.092372237,-41.2539693116,29.3937529233,66.2374366464,66.2374366464,60.2797529456
292,1,90,positive,0.138092372237,-0.0413561769677,0.0291662312533,138.092372237,-41.3561769677,29.1662312533,66.1352289903,66.1352289903,60.0522312756
293,0,90,positive,0.138092372237,-0.0409461579796,0.0296500149881,138.092372237,-40.9461579796,29.6500149881,66.5452479784,66.5452479784,60.5360150104
293,1,90,positive,0.138092372237,-0.0410613813267,0.029582994176,138.092372237,-41.0613813267,29.582994176,66.4300246313,66.4300246313,60.4689941983
294,0,90,positive,0.138092372237,-0.0392169337975,0.0252021301453,138.092372237,-39.2169337975,25.2021301453,68.2744721605,68.2744721605,56.0881301676
294,1,90,positive,0.138092372237,-0.0388096300649,0.0261846448609,138.092372237,-38.8096300649,26.1846448609,68.681775893,68.681775893,57.0706448832
295,0,90,positive,0.138092372237,-0.0386206504558,0.0266553224848,138.092372237,-38.6206504558,26.6553224848,68.8707555022,68.8707555022,57.5413225071
295,1,90,positive,0.138092372237,-0.0376648201223,0.0291184684599,138.092372237,-37.6648201223,29.1184684599,69.8265858357,69.8265858357,60.0044684822
296,0,90,positive,0.138092372237,-0.0424975073698,0.0269014322654,138.092372237,-42.4975073698,26.9014322654,64.9938985882,64.9938985882,57.7874322877
296,1,90,positive,0.138092372237,-0.0421642411083,0.0274846337311,138.092372237,-42.1642411083,27.4846337311,65.3271648497,65.3271648497,58.3706337534
297,0,90,positive,0.138092372237,-0.0424975073698,0.0269014322654,138.092372237,-42.4975073698,26.9014322654,64.9938985882,64.9938985882,57.7874322877
297,1,90,positive,0.138092372237,-0.0425214991982,0.0268566839864,138.092372237,-42.5214991982,26.8566839864,64.9699067598,64.9699067598,57.7426840087
298,0,90,positive,0.138092372237,-0.0421017456082,0.0276610377192,138.092372237,-42.1017456082,27.6610377192,65.3896603498,65.3896603498,58.5470377415
298,1,90,positive,0.138092372237,-0.0421642411083,0.0274846337311,138.092372237,-42.1642411083,27.4846337311,65.3271648497,65.3271648497,58.3706337534
299,0,90,positive,0.138092372237,-0.0421017456082,0.0276610377192,138.092372237,-42.1017456082,27.6610377192,65.3896603498,65.3896603498,58.5470377415
299,1,90,positive,0.138092372237,-0.0419479343448,0.0280779404549,138.092372237,-41.9479343448,28.0779404549,65.5434716132,65.5434716132,58.9639404772
300,0,90,positive,0.138092372237,-0.0417287984524,0.0285219924444,138.092372237,-41.7287984524,28.5219924444,65.7626075056,65.7626075056,59.4079924667
300,1,90,positive,0.138092372237,-0.0419479343448,0.0280779404549,138.092372237,-41.9479343448,28.0779404549,65.5434716132,65.5434716132,58.9639404772
301,0,90,positive,0.138092372237,-0.0417287984524,0.0285219924444,138.092372237,-41.7287984524,28.5219924444,65.7626075056,65.7626075056,59.4079924667
301,1,90,positive,0.138092372237,-0.0413561769677,0.0291662312533,138.092372237,-41.3561769677,29.1662312533,66.1352289903,66.1352289903,60.0522312756
302,0,90,positive,0.138092372237,-0.0371674752878,0.0304653338856,138.092372237,-37.1674752878,30.4653338856,70.3239306702,70.3239306702,61.3513339079
302,1,90,positive,0.138092372237,-0.0373389981687,0.029948732423,138.092372237,-37.3389981687,29.948732423,70.1524077893,70.1524077893,60.8347324453
303,0,90,positive,0.138092372237,-0.0362139282314,0.0332330066619,138.092372237,-36.2139282314,33.2330066619,71.2774777266,71.2774777266,64.1190066842
303,1,90,positive,0.138092372237,-0.0362832245288,0.0330124292016,138.092372237,-36.2832245288,33.0124292016,71.2081814292,71.2081814292,63.8984292239
304,0,90,positive,0.138092372237,-0.0361197012357,0.0335450047742,138.092372237,-36.1197012357,33.5450047742,71.3717047223,71.3717047223,64.4310047965
304,1,90,positive,0.138092372237,-0.0362139282314,0.0332330066619,138.092372237,-36.2139282314,33.2330066619,71.2774777266,71.2774777266,64.1190066842
305,0,90,positive,0.138092372237,-0.0360246928776,0.0338153447157,138.092372237,-36.0246928776,33.8153447157,71.4667130803,71.4667130803,64.701344738
305,1,90,positive,0.138092372237,-0.0361197012357,0.0335450047742,138.092372237,-36.1197012357,33.5450047742,71.3717047223,71.3717047223,64.4310047965
306,0,90,positive,0.138092372237,-0.0371674752878,0.0304653338856,138.092372237,-37.1674752878,30.4653338856,70.3239306702,70.3239306702,61.3513339079
306,1,90,positive,0.138092372237,-0.0362832245288,0.0330124292016,138.092372237,-36.2832245288,33.0124292016,71.2081814292,71.2081814292,63.8984292239
307,0,90,positive,0.138092372237,-0.0360246928776,0.0338153447157,138.092372237,-36.0246928776,33.8153447157,71.4667130803,71.4667130803,64.701344738
307,1,90,positive,0.138092372237,-0.0355747317681,0.0352630086391,138.092372237,-35.5747317681,35.2630086391,71.9166741899,71.9166741899,66.1490086613
308,0,90,positive,0.138092372237,-0.035128395595,0.036754414968,138.092372237,-35.128395595,36.754414968,72.363010363,72.363010363,67.6404149903
308,1,90,positive,0.138092372237,-0.0355747317681,0.0352630086391,138.092372237,-35.5747317681,35.2630086391,71.9166741899,71.9166741899,66.1490086613
309,0,90,positive,0.138092372237,-0.035128395595,0.036754414968,138.092372237,-35.128395595,36.754414968,72.363010363,72.363010363,67.6404149903
309,1,90,positive,0.138092372237,-0.0348803893114,0.0376384967089,138.092372237,-34.8803893114,37.6384967089,72.6110166466,72.6110166466,68.5244967312
310,0,90,positive,0.138092372237,-0.0346239333155,0.0391414963438,138.092372237,-34.6239333155,39.1414963438,72.8674726425,72.8674726425,70.0274963661
310,1,90,positive,0.138092372237,-0.0348803893114,0.0376384967089,138.092372237,-34.8803893114,37.6384967089,72.6110166466,72.6110166466,68.5244967312
311,0,90,positive,0.138092372237,-0.0409461579796,0.0296500149881,138.092372237,-40.9461579796,29.6500149881,66.5452479784,66.5452479784,60.5360150104
311,1,90,positive,0.138092372237,-0.0407472503473,0.0299656634831,138.092372237,-40.7472503473,29.9656634831,66.7441556107,66.7441556107,60.8516635054
312,0,90,positive,0.138092372237,-0.0406352416534,0.0301101159777,138.092372237,-40.6352416534,30.1101159777,66.8561643046,66.8561643046,60.996116
312,1,90,positive,0.138092372237,-0.0407472503473,0.0299656634831,138.092372237,-40.7472503473,29.9656634831,66.7441556107,66.7441556107,60.8516635054
313,0,90,positive,0.138092372237,-0.040565951511,0.0302387564489,138.092372237,-40.565951511,30.2387564489,66.925454447,66.925454447,61.1247564712
313,1,90,positive,0.138092372237,-0.0406352416534,0.0301101159777,138.092372237,-40.6352416534,30.1101159777,66.8561643046,66.8561643046,60.996116
314,0,90,positive,0.138092372237,-0.0404699649791,0.0305218270173,138.092372237,-40.4699649791,30.5218270173,67.0214409789,67.0214409789,61.4078270396
314,1,90,positive,0.138092372237,-0.0401655500705,0.0312480873084,138.092372237,-40.1655500705,31.2480873084,67.3258558874,67.3258558874,62.1340873307
315,0,90,positive,0.138092372237,-0.0404699649791,0.0305218270173,138.092372237,-40.4699649791,30.5218270173,67.0214409789,67.0214409789,61.4078270396
315,1,90,positive,0.138092372237,-0.040565951511,0.0302387564489,138.092372237,-40.565951511,30.2387564489,66.925454447,66.925454447,61.1247564712
316,0,90,positive,0.138092372237,-0.0401655500705,0.0312480873084,138.092372237,-40.1655500705,31.2480873084,67.3258558874,67.3258558874,62.1340873307
316,1,90,positive,0.138092372237,-0.0398799664182,0.0321991459254,138.092372237,-39.8799664182,32.1991459254,67.6114395397,67.6114395397,63.0851459477
317,0,90,positive,0.138092372237,-0.0394958523157,0.0338730074221,138.092372237,-39.4958523157,33.8730074221,67.9955536423,67.9955536423,64.7590074444
317,1,90,positive,0.138092372237,-0.0394677084111,0.0343076819866,138.092372237,-39.4677084111,34.3076819866,68.0236975469,68.0236975469,65.1936820089
318,0,90,positive,0.138092372237,-0.0394854412455,0.0346485905773,138.092372237,-39.4854412455,34.6485905773,68.0059647125,68.0059647125,65.5345905996
318,1,90,positive,0.138092372237,-0.0394677084111,0.0343076819866,138.092372237,-39.4677084111,34.3076819866,68.0236975469,68.0236975469,65.1936820089
319,0,90,positive,0.138092372237,-0.0398279349156,0.0323707308735,138.092372237,-39.8279349156,32.3707308735,67.6634710423,67.6634710423,63.2567308958
319,1,90,positive,0.138092372237,-0.039559412862,0.0332701888818,138.092372237,-39.559412862,33.2701888818,67.931993096,67.931993096,64.1561889041
320,0,90,positive,0.138092372237,-0.0398495847821,0.0322931079787,138.092372237,-39.8495847821,32.2931079787,67.6418211759,67.6418211759,63.179108001
320,1,90,positive,0.138092372237,-0.0398799664182,0.0321991459254,138.092372237,-39.8799664182,32.1991459254,67.6114395397,67.6114395397,63.0851459477
321,0,90,positive,0.138092372237,-0.0398279349156,0.0323707308735,138.092372237,-39.8279349156,32.3707308735,67.6634710423,67.6634710423,63.2567308958
321,1,90,positive,0.138092372237,-0.0398495847821,0.0322931079787,138.092372237,-39.8495847821,32.2931079787,67.6418211759,67.6418211759,63.179108001
322,0,90,positive,0.138092372237,-0.0394958523157,0.0338730074221,138.092372237,-39.4958523157,33.8730074221,67.9955536423,67.9955536423,64.7590074444
322,1,90,positive,0.138092372237,-0.039559412862,0.0332701888818,138.092372237,-39.559412862,33.2701888818,67.931993096,67.931993096,64.1561889041
323,0,90,positive,0.138092372237,-0.0394854412455,0.0346485905773,138.092372237,-39.4854412455,34.6485905773,68.0059647125,68.0059647125,65.5345905996
323,1,90,positive,0.138092372237,-0.0394459435313,0.0349725517851,138.092372237,-39.4459435313,34.9725517851,68.0454624266,68.0454624266,65.8585518073
324,0,90,positive,0.138092372237,-0.0391023168824,0.0365014441172,138.092372237,-39.1023168824,36.5014441172,68.3890890756,68.3890890756,67.3874441395
324,1,90,positive,0.138092372237,-0.0391510024266,0.0361257987742,138.092372237,-39.1510024266,36.1257987742,68.3404035314,68.3404035314,67.0117987965
325,0,90,positive,0.138092372237,-0.0391023168824,0.0365014441172,138.092372237,-39.1023168824,36.5014441172,68.3890890756,68.3890890756,67.3874441395
325,1,90,positive,0.138092372237,-0.0390622872974,0.0369443211491,138.092372237,-39.0622872974,36.9443211491,68.4291186606,68.4291186606,67.8303211714
326,0,90,positive,0.138092372237,-0.0393407312801,0.0353597898239,138.092372237,-39.3407312801,35.3597898239,68.1506746779,68.1506746779,66.2457898461
326,1,90,positive,0.138092372237,-0.0394459435313,0.0349725517851,138.092372237,-39.4459435313,34.9725517851,68.0454624266,68.0454624266,65.8585518073
327,0,90,positive,0.138092372237,-0.0393381441864,0.0355548885241,138.092372237,-39.3381441864,35.5548885241,68.1532617716,68.1532617716,66.4408885464
327,1,90,positive,0.138092372237,-0.0393407312801,0.0353597898239,138.092372237,-39.3407312801,35.3597898239,68.1506746779,68.1506746779,66.2457898461
328,0,90,positive,0.138092372237,-0.0393381441864,0.0355548885241,138.092372237,-39.3381441864,35.5548885241,68.1532617716,68.1532617716,66.4408885464
328,1,90,positive,0.138092372237,-0.0391510024266,0.0361257987742,138.092372237,-39.1510024266,36.1257987742,68.3404035314,68.3404035314,67.0117987965
329,0,90,positive,0.138092372237,-0.0389727780446,0.0373207376962,138.092372237,-38.9727780446,37.3207376962,68.5186279134,68.5186279134,68.2067377185
329,1,90,positive,0.138092372237,-0.0390622872974,0.0369443211491,138.092372237,-39.0622872974,36.9443211491,68.4291186606,68.4291186606,67.8303211714
330,0,90,positive,0.138092372237,-0.0389727780446,0.0373207376962,138.092372237,-38.9727780446,37.3207376962,68.5186279134,68.5186279134,68.2067377185
330,1,90,positive,0.138092372237,-0.0389005290519,0.0376172209909,138.092372237,-38.9005290519,37.6172209909,68.5908769061,68.5908769061,68.5032210132
331,0,90,positive,0.138092372237,-0.0387986252598,0.0384468477267,138.092372237,-38.7986252598,38.4468477267,68.6927806982,68.6927806982,69.332847749
331,1,90,positive,0.138092372237,-0.0389005290519,0.0376172209909,138.092372237,-38.9005290519,37.6172209909,68.5908769061,68.5908769061,68.5032210132
332,0,90,positive,0.138092372237,-0.0387986252598,0.0384468477267,138.092372237,-38.7986252598,38.4468477267,68.6927806982,68.6927806982,69.332847749
332,1,90,positive,0.138092372237,-0.0387755517812,0.0385882590838,138.092372237,-38.7755517812,38.5882590838,68.7158541768,68.7158541768,69.4742591061
333,0,90,positive,0.138092372237,-0.0387755517812,0.0385882590838,138.092372237,-38.7755517812,38.5882590838,68.7158541768,68.7158541768,69.4742591061
333,1,90,positive,0.138092372237,-0.0387702269765,0.0386301414808,138.092372237,-38.7702269765,38.6301414808,68.7211789815,68.7211789815,69.5161415031
334,0,90,positive,0.138092372237,-0.0387702269765,0.0386301414808,138.092372237,-38.7702269765,38.6301414808,68.7211789815,68.7211789815,69.5161415031
334,1,90,positive,0.138092372237,-0.0386845012899,0.038998945674,138.092372237,-38.6845012899,38.998945674,68.806904668,68.806904668,69.8849456963
335,0,90,positive,0.138092372237,-0.038550495698,0.0396639748705,138.092372237,-38.550495698,39.6639748705,68.94091026,68.94091026,70.5499748928
335,1,90,positive,0.138092372237,-0.0386845012899,0.038998945674,138.092372237,-38.6845012899,38.998945674,68.806904668,68.806904668,69.8849456963
336,0,90,positive,0.138092372237,-0.0346239333155,0.0391414963438,138.092372237,-34.6239333155,39.1414963438,72.8674726425,72.8674726425,70.0274963661
336,1,90,positive,0.138092372237,-0.0345409205642,0.0398844903764,138.092372237,-34.5409205642,39.8844903764,72.9504853938,72.9504853938,70.7704903987
337,0,90,positive,0.138092372237,-0.0342656276126,0.0414101991736,138.092372237,-34.2656276126,41.4101991736,73.2257783453,73.2257783453,72.2961991959
337,1,90,positive,0.138092372237,-0.0345409205642,0.0398844903764,138.092372237,-34.5409205642,39.8844903764,72.9504853938,72.9504853938,70.7704903987
338,0,90,positive,0.138092372237,-0.0340971792159,0.0420590122806,138.092372237,-34.0971792159,42.0590122806,73.3942267421,73.3942267421,72.9450123029
338,1,90,positive,0.138092372237,-0.0342656276126,0.0414101991736,138.092372237,-34.2656276126,41.4101991736,73.2257783453,73.2257783453,72.2961991959
339,0,90,positive,0.138092372237,-0.0337098567668,0.0435653886921,138.092372237,-33.7098567668,43.5653886921,73.7815491912,73.7815491912,74.4513887144
339,1,90,positive,0.138092372237,-0.0338709700858,0.0430524656279,138.092372237,-33.8709700858,43.0524656279,73.6204358721,73.6204358721,73.9384656502
340,0,90,positive,0.138092372237,-0.0335926512489,0.0440273953966,138.092372237,-33.5926512489,44.0273953966,73.8987547091,73.8987547091,74.9133954188
340,1,90,positive,0.138092372237,-0.0337098567668,0.0435653886921,138.092372237,-33.7098567668,43.5653886921,73.7815491912,73.7815491912,74.4513887144
341,0,90,positive,0.138092372237,-0.0340971792159,0.0420590122806,138.092372237,-34.0971792159,42.0590122806,73.3942267421,73.3942267421,72.9450123029
341,1,90,positive,0.138092372237,-0.0338709700858,0.0430524656279,138.092372237,-33.8709700858,43.0524656279,73.6204358721,73.6204358721,73.9384656502
342,0,90,positive,0.138092372237,-0.0335926512489,0.0440273953966,138.092372237,-33.5926512489,44.0273953966,73.8987547091,73.8987547091,74.9133954188
342,1,90,positive,0.138092372237,-0.0335041792166,0.0444641904866,138.092372237,-33.5041792166,44.4641904866,73.9872267413,73.9872267413,75.3501905089
343,0,90,positive,0.138092372237,-0.0326477062178,0.0471642427238,138.092372237,-32.6477062178,47.1642427238,74.8436997402,74.8436997402,78.0502427461
343,1,90,positive,0.138092372237,-0.0329123382124,0.0462436380048,138.092372237,-32.9123382124,46.2436380048,74.5790677456,74.5790677456,77.1296380271
344,0,90,positive,0.138092372237,-0.0357009905962,0.0485675221402,138.092372237,-35.7009905962,48.5675221402,71.7904153618,71.7904153618,79.4535221625
344,1,90,positive,0.138092372237,-0.0355337025389,0.0488943407801,138.092372237,-35.5337025389,48.8943407801,71.9577034191,71.9577034191,79.7803408023
345,0,90,positive,0.138092372237,-0.03303763165,0.045939030393,138.092372237,-33.03763165,45.939030393,74.453774308,74.453774308,76.8250304153
345,1,90,positive,0.138092372237,-0.0333460316583,0.0449431952176,138.092372237,-33.3460316583,44.9431952176,74.1453742997,74.1453742997,75.8291952399
346,0,90,positive,0.138092372237,-0.0335041792166,0.0444641904866,138.092372237,-33.5041792166,44.4641904866,73.9872267413,73.9872267413,75.3501905089
346,1,90,positive,0.138092372237,-0.0334471470415,0.0447011005098,138.092372237,-33.4471470415,44.7011005098,74.0442589165,74.0442589165,75.5871005321
347,0,90,positive,0.138092372237,-0.0334471470415,0.0447011005098,138.092372237,-33.4471470415,44.7011005098,74.0442589165,74.0442589165,75.5871005321
347,1,90,positive,0.138092372237,-0.0333460316583,0.0449431952176,138.092372237,-33.3460316583,44.9431952176,74.1453742997,74.1453742997,75.8291952399
348,0,90,positive,0.138092372237,-0.03303763165,0.045939030393,138.092372237,-33.03763165,45.939030393,74.453774308,74.453774308,76.8250304153
348,1,90,positive,0.138092372237,-0.0329123382124,0.0462436380048,138.092372237,-32.9123382124,46.2436380048,74.5790677456,74.5790677456,77.1296380271
349,0,90,positive,0.138092372237,-0.0326477062178,0.0471642427238,138.092372237,-32.6477062178,47.1642427238,74.8436997402,74.8436997402,78.0502427461
349,1,90,positive,0.138092372237,-0.0325227192949,0.0475141708871,138.092372237,-32.5227192949,47.5141708871,74.9686866631,74.9686866631,78.4001709094
350,0,90,positive,0.138092372237,-0.0325227192949,0.0475141708871,138.092372237,-32.5227192949,47.5141708871,74.9686866631,74.9686866631,78.4001709094
350,1,90,positive,0.138092372237,-0.0323773286862,0.0481407721726,138.092372237,-32.3773286862,48.1407721726,75.1140772718,75.1140772718,79.0267721949
351,0,90,positive,0.138092372237,-0.0384823638219,0.0398455229856,138.092372237,-38.4823638219,39.8455229856,69.0090421361,69.0090421361,70.7315230079
351,1,90,positive,0.138092372237,-0.0383003457268,0.0404058829276,138.092372237,-38.3003457268,40.4058829276,69.1910602312,69.1910602312,71.2918829499
352,0,90,positive,0.138092372237,-0.0382164905387,0.0409160973757,138.092372237,-38.2164905387,40.9160973757,69.2749154193,69.2749154193,71.802097398
352,1,90,positive,0.138092372237,-0.0381920830731,0.0410832766589,138.092372237,-38.1920830731,41.0832766589,69.2993228849,69.2993228849,71.9692766812
353,0,90,positive,0.138092372237,-0.0380227191421,0.0417429161284,138.092372237,-38.0227191421,41.7429161284,69.4686868158,69.4686868158,72.6289161507
353,1,90,positive,0.138092372237,-0.0381920830731,0.0410832766589,138.092372237,-38.1920830731,41.0832766589,69.2993228849,69.2993228849,71.9692766812
354,0,90,positive,0.138092372237,-0.0384823638219,0.0398455229856,138.092372237,-38.4823638219,39.8455229856,69.0090421361,69.0090421361,70.7315230079
354,1,90,positive,0.138092372237,-0.038550495698,0.0396639748705,138.092372237,-38.550495698,39.6639748705,68.94091026,68.94091026,70.5499748928
355,0,90,positive,0.138092372237,-0.0382164905387,0.0409160973757,138.092372237,-38.2164905387,40.9160973757,69.2749154193,69.2749154193,71.802097398
355,1,90,positive,0.138092372237,-0.0383003457268,0.0404058829276,138.092372237,-38.3003457268,40.4058829276,69.1910602312,69.1910602312,71.2918829499
356,0,90,positive,0.138092372237,-0.0380227191421,0.0417429161284,138.092372237,-38.0227191421,41.7429161284,69.4686868158,69.4686868158,72.6289161507
356,1,90,positive,0.138092372237,-0.0379696187283,0.0422043964157,138.092372237,-37.9696187283,42.2043964157,69.5217872297,69.5217872297,73.090396438
357,0,90,positive,0.138092372237,-0.0379696187283,0.0422043964157,138.092372237,-37.9696187283,42.2043964157,69.5217872297,69.5217872297,73.090396438
357,1,90,positive,0.138092372237,-0.0379759762962,0.0422045909386,138.092372237,-37.9759762962,42.2045909386,69.5154296618,69.5154296618,73.0905909608
358,0,90,positive,0.138092372237,-0.0379126027005,0.0425003896454,138.092372237,-37.9126027005,42.5003896454,69.5788032575,69.5788032575,73.3863896677
358,1,90,positive,0.138092372237,-0.0379759762962,0.0422045909386,138.092372237,-37.9759762962,42.2045909386,69.5154296618,69.5154296618,73.0905909608
359,0,90,positive,0.138092372237,-0.0375799982702,0.0436804435631,138.092372237,-37.5799982702,43.6804435631,69.9114076878,69.9114076878,74.5664435854
359,1,90,positive,0.138092372237,-0.0374649025795,0.044102352289,138.092372237,-37.4649025795,44.102352289,70.0265033784,70.0265033784,74.9883523113
360,0,90,positive,0.138092372237,-0.0377504101297,0.0430591072893,138.092372237,-37.7504101297,43.0591072893,69.7409958282,69.7409958282,73.9451073116
360,1,90,positive,0.138092372237,-0.0375799982702,0.0436804435631,138.092372237,-37.5799982702,43.6804435631,69.9114076878,69.9114076878,74.5664435854
361,0,90,positive,0.138092372237,-0.0377504101297,0.0430591072893,138.092372237,-37.7504101297,43.0591072893,69.7409958282,69.7409958282,73.9451073116
361,1,90,positive,0.138092372237,-0.0379126027005,0.0425003896454,138.092372237,-37.9126027005,42.5003896454,69.5788032575,69.5788032575,73.3863896677
362,0,90,positive,0.138092372237,-0.0374649025795,0.044102352289,138.092372237,-37.4649025795,44.102352289,70.0265033784,70.0265033784,74.9883523113
362,1,90,positive,0.138092372237,-0.0372626344592,0.0444664092418,138.092372237,-37.2626344592,44.4664092418,70.2287714987,70.2287714987,75.3524092641
363,0,90,positive,0.138092372237,-0.037247237232,0.0444966600595,138.092372237,-37.247237232,44.4966600595,70.244168726,70.244168726,75.3826600818
363,1,90,positive,0.138092372237,-0.0372626344592,0.0444664092418,138.092372237,-37.2626344592,44.4664092418,70.2287714987,70.2287714987,75.3524092641
364,0,90,positive,0.138092372237,-0.037247237232,0.0444966600595,138.092372237,-37.247237232,44.4966600595,70.244168726,70.244168726,75.3826600818
364,1,90,positive,0.138092372237,-0.0370122192468,0.0452591067786,138.092372237,-37.0122192468,45.2591067786,70.4791867112,70.4791867112,76.1451068009
365,0,90,positive,0.138092372237,-0.036825983604,0.0457093656865,138.092372237,-36.825983604,45.7093656865,70.6654223539,70.6654223539,76.5953657088
365,1,90,positive,0.138092372237,-0.0367919675659,0.0457794862542,138.092372237,-36.7919675659,45.7794862542,70.699438392,70.699438392,76.6654862764
366,0,90,positive,0.138092372237,-0.0365722436031,0.0462269414594,138.092372237,-36.5722436031,46.2269414594,70.9191623549,70.9191623549,77.1129414817
366,1,90,positive,0.138092372237,-0.0367919675659,0.0457794862542,138.092372237,-36.7919675659,45.7794862542,70.699438392,70.699438392,76.6654862764
367,0,90,positive,0.138092372237,-0.0365722436031,0.0462269414594,138.092372237,-36.5722436031,46.2269414594,70.9191623549,70.9191623549,77.1129414817
367,1,90,positive,0.138092372237,-0.0364208603304,0.0466365924593,138.092372237,-36.4208603304,46.6365924593,71.0705456276,71.0705456276,77.5225924815
368,0,90,positive,0.138092372237,-0.036825983604,0.0457093656865,138.092372237,-36.825983604,45.7093656865,70.6654223539,70.6654223539,76.5953657088
368,1,90,positive,0.138092372237,-0.0370122192468,0.0452591067786,138.092372237,-37.0122192468,45.2591067786,70.4791867112,70.4791867112,76.1451068009
369,0,90,positive,0.138092372237,-0.0364208603304,0.0466365924593,138.092372237,-36.4208603304,46.6365924593,71.0705456276,71.0705456276,77.5225924815
369,1,90,positive,0.138092372237,-0.0363052367172,0.0470670434566,138.092372237,-36.3052367172,47.0670434566,71.1861692408,71.1861692408,77.9530434789
370,0,90,positive,0.138092372237,-0.0362632620137,0.0471978618999,138.092372237,-36.2632620137,47.1978618999,71.2281439443,71.2281439443,78.0838619222
370,1,90,positive,0.138092372237,-0.0363052367172,0.0470670434566,138.092372237,-36.3052367172,47.0670434566,71.1861692408,71.1861692408,77.9530434789
371,0,90,positive,0.138092372237,-0.0362196421551,0.047265998409,138.092372237,-36.2196421551,47.265998409,71.2717638029,71.2717638029,78.1519984313
371,1,90,positive,0.138092372237,-0.0359563717489,0.0478498281178,138.092372237,-35.9563717489,47.8498281178,71.5350342091,71.5350342091,78.7358281401
372,0,90,positive,0.138092372237,-0.0362196421551,0.047265998409,138.092372237,-36.2196421551,47.265998409,71.2717638029,71.2717638029,78.1519984313
372,1,90,positive,0.138092372237,-0.0362632620137,0.0471978618999,138.092372237,-36.2632620137,47.1978618999,71.2281439443,71.2281439443,78.0838619222
373,0,90,positive,0.138092372237,-0.0357912267488,0.0482290546275,138.092372237,-35.7912267488,48.2290546275,71.7001792092,71.7001792092,79.1150546498
373,1,90,positive,0.138092372237,-0.0359563717489,0.0478498281178,138.092372237,-35.9563717489,47.8498281178,71.5350342091,71.5350342091,78.7358281401
374,0,90,positive,0.138092372237,-0.0357009905962,0.0485675221402,138.092372237,-35.7009905962,48.5675221402,71.7904153618,71.7904153618,79.4535221625
374,1,90,positive,0.138092372237,-0.0357912267488,0.0482290546275,138.092372237,-35.7912267488,48.2290546275,71.7001792092,71.7001792092,79.1150546498
375,0,90,positive,0.138092372237,-0.0316129195352,0.0501145453507,138.092372237,-31.6129195352,50.1145453507,75.8784864227,75.8784864227,81.000545373
375,1,90,positive,0.138092372237,-0.031658587781,0.0500030949497,138.092372237,-31.658587781,50.0030949497,75.832818177,75.832818177,80.889094972
376,0,90,positive,0.138092372237,-0.0315576422276,0.0502871156165,138.092372237,-31.5576422276,50.2871156165,75.9337637303,75.9337637303,81.1731156388
376,1,90,positive,0.138092372237,-0.0316129195352,0.0501145453507,138.092372237,-31.6129195352,50.1145453507,75.8784864227,75.8784864227,81.000545373
377,0,90,positive,0.138092372237,-0.0352849290887,0.049451964868,138.092372237,-35.2849290887,49.451964868,72.2064768693,72.2064768693,80.3379648903
377,1,90,positive,0.138092372237,-0.0355337025389,0.0488943407801,138.092372237,-35.5337025389,48.8943407801,71.9577034191,71.9577034191,79.7803408023
378,0,90,positive,0.138092372237,-0.0350130907017,0.0500779324126,138.092372237,-35.0130907017,50.0779324126,72.4783152563,72.4783152563,80.9639324349
378,1,90,positive,0.138092372237,-0.0348538362173,0.0504268017728,138.092372237,-34.8538362173,50.4268017728,72.6375697406,72.6375697406,81.3128017951
379,0,90,positive,0.138092372237,-0.0348538362173,0.0504268017728,138.092372237,-34.8538362173,50.4268017728,72.6375697406,72.6375697406,81.3128017951
379,1,90,positive,0.138092372237,-0.034816533831,0.0505254758635,138.092372237,-34.816533831,50.5254758635,72.674872127,72.674872127,81.4114758858
380,0,90,positive,0.138092372237,-0.0350130907017,0.0500779324126,138.092372237,-35.0130907017,50.0779324126,72.4783152563,72.4783152563,80.9639324349
380,1,90,positive,0.138092372237,-0.0352849290887,0.049451964868,138.092372237,-35.2849290887,49.451964868,72.2064768693,72.2064768693,80.3379648903
381,0,90,positive,0.138092372237,-0.034816533831,0.0505254758635,138.092372237,-34.816533831,50.5254758635,72.674872127,72.674872127,81.4114758858
381,1,90,positive,0.138092372237,-0.0347333078079,0.0507583068416,138.092372237,-34.7333078079,50.7583068416,72.7580981501,72.7580981501,81.6443068639
382,0,90,positive,0.138092372237,-0.0342031966991,0.0524003541283,138.092372237,-34.2031966991,52.4003541283,73.2882092589,73.2882092589,83.2863541506
382,1,90,positive,0.138092372237,-0.0341437181779,0.0525972862266,138.092372237,-34.1437181779,52.5972862266,73.34768778,73.34768778,83.4832862489
383,0,90,positive,0.138092372237,-0.0342031966991,0.0524003541283,138.092372237,-34.2031966991,52.4003541283,73.2882092589,73.2882092589,83.2863541506
383,1,90,positive,0.138092372237,-0.0344481819832,0.0515678642449,138.092372237,-34.4481819832,51.5678642449,73.0432239747,73.0432239747,82.4538642671
384,0,90,positive,0.138092372237,-0.0344481819832,0.0515678642449,138.092372237,-34.4481819832,51.5678642449,73.0432239747,73.0432239747,82.4538642671
384,1,90,positive,0.138092372237,-0.0347333078079,0.0507583068416,138.092372237,-34.7333078079,50.7583068416,72.7580981501,72.7580981501,81.6443068639
385,0,90,positive,0.138092372237,-0.0341437181779,0.0525972862266,138.092372237,-34.1437181779,52.5972862266,73.34768778,73.34768778,83.4832862489
385,1,90,positive,0.138092372237,-0.0340025088595,0.052898869891,138.092372237,-34.0025088595,52.898869891,73.4888970985,73.4888970985,83.7848699133
386,0,90,positive,0.138092372237,-0.0337984825493,0.0533438925169,138.092372237,-33.7984825493,53.3438925169,73.6929234087,73.6929234087,84.2298925392
386,1,90,positive,0.138092372237,-0.0340025088595,0.052898869891,138.092372237,-34.0025088595,52.898869891,73.4888970985,73.4888970985,83.7848699133
387,0,90,positive,0.138092372237,-0.0320932757424,0.0489335374309,138.092372237,-32.0932757424,48.9335374309,75.3981302156,75.3981302156,79.8195374532
387,1,90,positive,0.138092372237,-0.0323773286862,0.0481407721726,138.092372237,-32.3773286862,48.1407721726,75.1140772718,75.1140772718,79.0267721949
388,0,90,positive,0.138092372237,-0.0320932757424,0.0489335374309,138.092372237,-32.0932757424,48.9335374309,75.3981302156,75.3981302156,79.8195374532
388,1,90,positive,0.138092372237,-0.0319960249336,0.0492053414774,138.092372237,-31.9960249336,49.2053414774,75.4953810244,75.4953810244,80.0913414997
389,0,90,positive,0.138092372237,-0.0319960249336,0.0492053414774,138.092372237,-31.9960249336,49.2053414774,75.4953810244,75.4953810244,80.0913414997
389,1,90,positive,0.138092372237,-0.031658587781,0.0500030949497,138.092372237,-31.658587781,50.0030949497,75.832818177,75.832818177,80.889094972
390,0,90,positive,0.138092372237,-0.0315576422276,0.0502871156165,138.092372237,-31.5576422276,50.2871156165,75.9337637303,75.9337637303,81.1731156388
390,1,90,positive,0.138092372237,-0.0312162639097,0.0514317104007,138.092372237,-31.2162639097,51.4317104007,76.2751420483,76.2751420483,82.317710423
391,0,90,positive,0.138092372237,-0.0337739554702,0.0534545955531,138.092372237,-33.7739554702,53.4545955531,73.7174504877,73.7174504877,84.3405955754
391,1,90,positive,0.138092372237,-0.0337984825493,0.0533438925169,138.092372237,-33.7984825493,53.3438925169,73.6929234087,73.6929234087,84.2298925392
392,0,90,positive,0.138092372237,-0.0337739554702,0.0534545955531,138.092372237,-33.7739554702,53.4545955531,73.7174504877,73.7174504877,84.3405955754
392,1,90,positive,0.138092372237,-0.0336599811418,0.0538864866765,138.092372237,-33.6599811418,53.8864866765,73.8314248162,73.8314248162,84.7724866988
393,0,90,positive,0.138092372237,-0.0335066610301,0.0542097922903,138.092372237,-33.5066610301,54.2097922903,73.9847449279,73.9847449279,85.0957923126
393,1,90,positive,0.138092372237,-0.0334080453079,0.0546129585219,138.092372237,-33.4080453079,54.6129585219,74.0833606501,74.0833606501,85.4989585442
394,0,90,positive,0.138092372237,-0.0333102093978,0.0547591857073,138.092372237,-33.3102093978,54.7591857073,74.1811965602,74.1811965602,85.6451857296
394,1,90,positive,0.138092372237,-0.0330861208692,0.0551495919143,138.092372237,-33.0861208692,55.1495919143,74.4052850888,74.4052850888,86.0355919366
395,0,90,positive,0.138092372237,-0.0330861208692,0.0551495919143,138.092372237,-33.0861208692,55.1495919143,74.4052850888,74.4052850888,86.0355919366
395,1,90,positive,0.138092372237,-0.032839908973,0.0554179188964,138.092372237,-32.839908973,55.4179188964,74.651496985,74.651496985,86.3039189187
396,0,90,positive,0.138092372237,-0.032747058907,0.0555227186012,138.092372237,-32.747058907,55.5227186012,74.744347051,74.744347051,86.4087186235
396,1,90,positive,0.138092372237,-0.032839908973,0.0554179188964,138.092372237,-32.839908973,55.4179188964,74.651496985,74.651496985,86.3039189187
397,0,90,positive,0.138092372237,-0.0335066610301,0.0542097922903,138.092372237,-33.5066610301,54.2097922903,73.9847449279,73.9847449279,85.0957923126
397,1,90,positive,0.138092372237,-0.0336599811418,0.0538864866765,138.092372237,-33.6599811418,53.8864866765,73.8314248162,73.8314248162,84.7724866988
398,0,90,positive,0.138092372237,-0.0333102093978,0.0547591857073,138.092372237,-33.3102093978,54.7591857073,74.1811965602,74.1811965602,85.6451857296
398,1,90,positive,0.138092372237,-0.0334080453079,0.0546129585219,138.092372237,-33.4080453079,54.6129585219,74.0833606501,74.0833606501,85.4989585442
399,0,90,positive,0.138092372237,-0.0325566057555,0.0558341524535,138.092372237,-32.5566057555,55.8341524535,74.9348002025,74.9348002025,86.7201524758
399,1,90,positive,0.138092372237,-0.0323514786505,0.056268822904,138.092372237,-32.3514786505,56.268822904,75.1399273074,75.1399273074,87.1548229263
400,0,90,positive,0.138092372237,-0.0325566057555,0.0558341524535,138.092372237,-32.5566057555,55.8341524535,74.9348002025,74.9348002025,86.7201524758
400,1,90,positive,0.138092372237,-0.032747058907,0.0555227186012,138.092372237,-32.747058907,55.5227186012,74.744347051,74.744347051,86.4087186235
401,0,90,positive,0.138092372237,-0.0323622863462,0.0563885697115,138.092372237,-32.3622863462,56.3885697115,75.1291196118,75.1291196118,87.2745697338
401,1,90,positive,0.138092372237,-0.0323514786505,0.056268822904,138.092372237,-32.3514786505,56.268822904,75.1399273074,75.1399273074,87.1548229263
402,0,90,positive,0.138092372237,-0.0312162639097,0.0514317104007,138.092372237,-31.2162639097,51.4317104007,76.2751420483,76.2751420483,82.317710423
402,1,90,positive,0.138092372237,-0.0310677937587,0.0518715751947,138.092372237,-31.0677937587,51.8715751947,76.4236121993,76.4236121993,82.757575217
403,0,90,positive,0.138092372237,-0.0306269390093,0.0530539428358,138.092372237,-30.6269390093,53.0539428358,76.8644669487,76.8644669487,83.9399428581
403,1,90,positive,0.138092372237,-0.0310677937587,0.0518715751947,138.092372237,-31.0677937587,51.8715751947,76.4236121993,76.4236121993,82.757575217
404,0,90,positive,0.138092372237,-0.0301436535459,0.0545786386195,138.092372237,-30.1436535459,54.5786386195,77.3477524121,77.3477524121,85.4646386418
404,1,90,positive,0.138092372237,-0.0304186746104,0.0536180834305,138.092372237,-30.4186746104,53.6180834305,77.0727313476,77.0727313476,84.5040834528
405,0,90,positive,0.138092372237,-0.0306269390093,0.0530539428358,138.092372237,-30.6269390093,53.0539428358,76.8644669487,76.8644669487,83.9399428581
405,1,90,positive,0.138092372237,-0.0304186746104,0.0536180834305,138.092372237,-30.4186746104,53.6180834305,77.0727313476,77.0727313476,84.5040834528
406,0,90,positive,0.138092372237,-0.030072870155,0.0550407238382,138.092372237,-30.072870155,55.0407238382,77.4185358029,77.4185358029,85.9267238605
406,1,90,positive,0.138092372237,-0.0301436535459,0.0545786386195,138.092372237,-30.1436535459,54.5786386195,77.3477524121,77.3477524121,85.4646386418
407,0,90,positive,0.138092372237,-0.030072870155,0.0550407238382,138.092372237,-30.072870155,55.0407238382,77.4185358029,77.4185358029,85.9267238605
407,1,90,positive,0.138092372237,-0.0300601053223,0.0551000668835,138.092372237,-30.0601053223,55.1000668835,77.4313006356,77.4313006356,85.9860669058
408,0,90,positive,0.138092372237,-0.030737134082,0.061118771217,138.092372237,-30.737134082,61.118771217,76.754271876,76.754271876,92.0047712393
408,1,90,positive,0.138092372237,-0.0309416233532,0.0604094310479,138.092372237,-30.9416233532,60.4094310479,76.5497826048,76.5497826048,91.2954310702
409,0,90,positive,0.138092372237,-0.030737134082,0.061118771217,138.092372237,-30.737134082,61.118771217,76.754271876,76.754271876,92.0047712393
409,1,90,positive,0.138092372237,-0.0307012391269,0.0612644097981,138.092372237,-30.7012391269,61.2644097981,76.7901668311,76.7901668311,92.1504098204
410,0,90,positive,0.138092372237,-0.0307012391269,0.0612644097981,138.092372237,-30.7012391269,61.2644097981,76.7901668311,76.7901668311,92.1504098204
410,1,90,positive,0.138092372237,-0.0306827053824,0.0613947222489,138.092372237,-30.6827053824,61.3947222489,76.8087005756,76.8087005756,92.2807222712
411,0,90,positive,0.138092372237,-0.0313242412752,0.0591909557366,138.092372237,-31.3242412752,59.1909557366,76.1671646827,76.1671646827,90.0769557589
411,1,90,positive,0.138092372237,-0.0314115395584,0.0590482625887,138.092372237,-31.4115395584,59.0482625887,76.0798663996,76.0798663996,89.934262611
412,0,90,positive,0.138092372237,-0.0312330918447,0.0594573598726,138.092372237,-31.2330918447,59.4573598726,76.2583141133,76.2583141133,90.3433598949
412,1,90,positive,0.138092372237,-0.0313242412752,0.0591909557366,138.092372237,-31.3242412752,59.1909557366,76.1671646827,76.1671646827,90.0769557589
413,0,90,positive,0.138092372237,-0.0312330918447,0.0594573598726,138.092372237,-31.2330918447,59.4573598726,76.2583141133,76.2583141133,90.3433598949
413,1,90,positive,0.138092372237,-0.0309416233532,0.0604094310479,138.092372237,-30.9416233532,60.4094310479,76.5497826048,76.5497826048,91.2954310702
414,0,90,positive,0.138092372237,-0.0305655617996,0.0617652012159,138.092372237,-30.5655617996,61.7652012159,76.9258441583,76.9258441583,92.6512012382
414,1,90,positive,0.138092372237,-0.0306827053824,0.0613947222489,138.092372237,-30.6827053824,61.3947222489,76.8087005756,76.8087005756,92.2807222712
415,0,90,positive,0.138092372237,-0.026293176235,0.0656525282984,138.092372237,-26.293176235,65.6525282984,81.1982297229,81.1982297229,96.5385283207
415,1,90,positive,0.138092372237,-0.0263295477854,0.0656012005322,138.092372237,-26.3295477854,65.6012005322,81.1618581726,81.1618581726,96.4872005545
416,0,90,positive,0.138092372237,-0.0262900348339,0.0656603283964,138.092372237,-26.2900348339,65.6603283964,81.2013711241,81.2013711241,96.5463284187
416,1,90,positive,0.138092372237,-0.026293176235,0.0656525282984,138.092372237,-26.293176235,65.6525282984,81.1982297229,81.1982297229,96.5385283207
417,0,90,positive,0.138092372237,-0.0262900348339,0.0656603283964,138.092372237,-26.2900348339,65.6603283964,81.2013711241,81.2013711241,96.5463284187
417,1,90,positive,0.138092372237,-0.0257284734429,0.066844531782,138.092372237,-25.7284734429,66.844531782,81.7629325151,81.7629325151,97.7305318043
418,0,90,positive,0.138092372237,-0.0255843552061,0.0671247227936,138.092372237,-25.5843552061,67.1247227936,81.9070507519,81.9070507519,98.0107228159
418,1,90,positive,0.138092372237,-0.0257284734429,0.066844531782,138.092372237,-25.7284734429,66.844531782,81.7629325151,81.7629325151,97.7305318043
419,0,90,positive,0.138092372237,-0.0253198333271,0.0677771022613,138.092372237,-25.3198333271,67.7771022613,82.1715726308,82.1715726308,98.6631022836
419,1,90,positive,0.138092372237,-0.0255843552061,0.0671247227936,138.092372237,-25.5843552061,67.1247227936,81.9070507519,81.9070507519,98.0107228159
420,0,90,positive,0.138092372237,-0.0236700288185,0.072253843409,138.092372237,-23.6700288185,72.253843409,83.8213771395,83.8213771395,103.139843431
420,1,90,positive,0.138092372237,-0.0238195410202,0.0718709124669,138.092372237,-23.8195410202,71.8709124669,83.6718649377,83.6718649377,102.756912489
421,0,90,positive,0.138092372237,-0.0235486859213,0.0725632137476,138.092372237,-23.5486859213,72.5632137476,83.9427200367,83.9427200367,103.44921377
421,1,90,positive,0.138092372237,-0.0236700288185,0.072253843409,138.092372237,-23.6700288185,72.253843409,83.8213771395,83.8213771395,103.139843431
422,0,90,positive,0.138092372237,-0.0238195410202,0.0718709124669,138.092372237,-23.8195410202,71.8709124669,83.6718649377,83.6718649377,102.756912489
422,1,90,positive,0.138092372237,-0.0245693348591,0.0697720904636,138.092372237,-24.5693348591,69.7720904636,82.9220710989,82.9220710989,100.658090486
423,0,90,positive,0.138092372237,-0.0259389539348,0.0759910085233,138.092372237,-25.9389539348,75.9910085233,81.5524520232,81.5524520232,106.877008546
423,1,90,positive,0.138092372237,-0.025925584905,0.0760247898977,138.092372237,-25.925584905,76.0247898977,81.565821053,81.565821053,106.91078992
424,0,90,positive,0.138092372237,-0.025925584905,0.0760247898977,138.092372237,-25.925584905,76.0247898977,81.565821053,81.565821053,106.91078992
424,1,90,positive,0.138092372237,-0.025919228192,0.0760714902327,138.092372237,-25.919228192,76.0714902327,81.572177766,81.572177766,106.957490255
425,0,90,positive,0.138092372237,-0.0250460071011,0.0684399139841,138.092372237,-25.0460071011,68.4399139841,82.4453988568,82.4453988568,99.3259140064
425,1,90,positive,0.138092372237,-0.0249629451467,0.0686765367485,138.092372237,-24.9629451467,68.6765367485,82.5284608113,82.5284608113,99.5625367708
426,0,90,positive,0.138092372237,-0.0246769762822,0.0694786876794,138.092372237,-24.6769762822,69.4786876794,82.8144296758,82.8144296758,100.364687702
426,1,90,positive,0.138092372237,-0.0249629451467,0.0686765367485,138.092372237,-24.9629451467,68.6765367485,82.5284608113,82.5284608113,99.5625367708
427,0,90,positive,0.138092372237,-0.0246506274702,0.069543579321,138.092372237,-24.6506274702,69.543579321,82.8407784877,82.8407784877,100.429579343
427,1,90,positive,0.138092372237,-0.0245693348591,0.0697720904636,138.092372237,-24.5693348591,69.7720904636,82.9220710989,82.9220710989,100.658090486
428,0,90,positive,0.138092372237,-0.0246769762822,0.0694786876794,138.092372237,-24.6769762822,69.4786876794,82.8144296758,82.8144296758,100.364687702
428,1,90,positive,0.138092372237,-0.0246506274702,0.069543579321,138.092372237,-24.6506274702,69.543579321,82.8407784877,82.8407784877,100.429579343
429,0,90,positive,0.138092372237,-0.0222360584952,0.0755623082339,138.092372237,-22.2360584952,75.5623082339,85.2553474628,85.2553474628,106.448308256
429,1,90,positive,0.138092372237,-0.0222915084389,0.0754400032836,138.092372237,-22.2915084389,75.4400032836,85.1998975191,85.1998975191,106.326003306
430,0,90,positive,0.138092372237,-0.0221842754997,0.0757136223179,138.092372237,-22.1842754997,75.7136223179,85.3071304583,85.3071304583,106.59962234
430,1,90,positive,0.138092372237,-0.0222360584952,0.0755623082339,138.092372237,-22.2360584952,75.5623082339,85.2553474628,85.2553474628,106.448308256
431,0,90,positive,0.138092372237,-0.0228115296619,0.0744723567942,138.092372237,-22.8115296619,74.4723567942,84.679876296,84.679876296,105.358356816
431,1,90,positive,0.138092372237,-0.0222915084389,0.0754400032836,138.092372237,-22.2915084389,75.4400032836,85.1998975191,85.1998975191,106.326003306
432,0,90,positive,0.138092372237,-0.0234531318976,0.0728150651444,138.092372237,-23.4531318976,72.8150651444,84.0382740604,84.0382740604,103.701065167
432,1,90,positive,0.138092372237,-0.0235486859213,0.0725632137476,138.092372237,-23.5486859213,72.5632137476,83.9427200367,83.9427200367,103.44921377
433,0,90,positive,0.138092372237,-0.0234531318976,0.0728150651444,138.092372237,-23.4531318976,72.8150651444,84.0382740604,84.0382740604,103.701065167
433,1,90,positive,0.138092372237,-0.0230826975277,0.0738951900475,138.092372237,-23.0826975277,73.8951900475,84.4087084303,84.4087084303,104.78119007
434,0,90,positive,0.138092372237,-0.0230826975277,0.0738951900475,138.092372237,-23.0826975277,73.8951900475,84.4087084303,84.4087084303,104.78119007
434,1,90,positive,0.138092372237,-0.0228115296619,0.0744723567942,138.092372237,-22.8115296619,74.4723567942,84.679876296,84.679876296,105.358356816
435,0,90,positive,0.138092372237,-0.0221842754997,0.0757136223179,138.092372237,-22.1842754997,75.7136223179,85.3071304583,85.3071304583,106.59962234
435,1,90,positive,0.138092372237,-0.0217801319469,0.0769504268404,138.092372237,-21.7801319469,76.9504268404,85.711274011,85.711274011,107.836426863
436,0,90,positive,0.138092372237,-0.0279072410878,0.0613655626571,138.092372237,-27.9072410878,61.3655626571,79.5841648702,79.5841648702,92.2515626794
436,1,90,positive,0.138092372237,-0.0280322992485,0.0608466322958,138.092372237,-28.0322992485,60.8466322958,79.4591067095,79.4591067095,91.7326323181
437,0,90,positive,0.138092372237,-0.0279072410878,0.0613655626571,138.092372237,-27.9072410878,61.3655626571,79.5841648702,79.5841648702,92.2515626794
437,1,90,positive,0.138092372237,-0.0274333074325,0.062669909305,138.092372237,-27.4333074325,62.669909305,80.0580985255,80.0580985255,93.5559093273
438,0,90,positive,0.138092372237,-0.0302958456865,0.0624250317684,138.092372237,-30.2958456865,62.4250317684,77.1955602715,77.1955602715,93.3110317907
438,1,90,positive,0.138092372237,-0.0301116855762,0.0628749347234,138.092372237,-30.1116855762,62.8749347234,77.3797203818,77.3797203818,93.7609347457
439,0,90,positive,0.138092372237,-0.0305655617996,0.0617652012159,138.092372237,-30.5655617996,61.7652012159,76.9258441583,76.9258441583,92.6512012382
439,1,90,positive,0.138092372237,-0.0304113759742,0.0620533984689,138.092372237,-30.4113759742,62.0533984689,77.0800299838,77.0800299838,92.9393984912
440,0,90,positive,0.138092372237,-0.0302958456865,0.0624250317684,138.092372237,-30.2958456865,62.4250317684,77.1955602715,77.1955602715,93.3110317907
440,1,90,positive,0.138092372237,-0.0304113759742,0.0620533984689,138.092372237,-30.4113759742,62.0533984689,77.0800299838,77.0800299838,92.9393984912
441,0,90,positive,0.138092372237,-0.0274248669918,0.0627006397013,138.092372237,-27.4248669918,62.7006397013,80.0665389662,80.0665389662,93.5866397236
441,1,90,positive,0.138092372237,-0.0274333074325,0.062669909305,138.092372237,-27.4333074325,62.669909305,80.0580985255,80.0580985255,93.5559093273
442,0,90,positive,0.138092372237,-0.0300879806341,0.0631549458592,138.092372237,-30.0879806341,63.1549458592,77.4034253238,77.4034253238,94.0409458815
442,1,90,positive,0.138092372237,-0.0297129191361,0.0635933952747,138.092372237,-29.7129191361,63.5933952747,77.7784868219,77.7784868219,94.479395297
443,0,90,positive,0.138092372237,-0.0300879806341,0.0631549458592,138.092372237,-30.0879806341,63.1549458592,77.4034253238,77.4034253238,94.0409458815
443,1,90,positive,0.138092372237,-0.0301116855762,0.0628749347234,138.092372237,-30.1116855762,62.8749347234,77.3797203818,77.3797203818,93.7609347457
444,0,90,positive,0.138092372237,-0.0295240618351,0.0638171885366,138.092372237,-29.5240618351,63.8171885366,77.9673441229,77.9673441229,94.7031885589
444,1,90,positive,0.138092372237,-0.0297129191361,0.0635933952747,138.092372237,-29.7129191361,63.5933952747,77.7784868219,77.7784868219,94.479395297
445,0,90,positive,0.138092372237,-0.0294967289543,0.0638662505757,138.092372237,-29.4967289543,63.8662505757,77.9946770037,77.9946770037,94.752250598
445,1,90,positive,0.138092372237,-0.0293659804306,0.0642349543469,138.092372237,-29.3659804306,64.2349543469,78.1254255274,78.1254255274,95.1209543692
446,0,90,positive,0.138092372237,-0.0294967289543,0.0638662505757,138.092372237,-29.4967289543,63.8662505757,77.9946770037,77.9946770037,94.752250598
446,1,90,positive,0.138092372237,-0.0295240618351,0.0638171885366,138.092372237,-29.5240618351,63.8171885366,77.9673441229,77.9673441229,94.7031885589
447,0,90,positive,0.138092372237,-0.02935685407,0.0642578855348,138.092372237,-29.35685407,64.2578855348,78.134551888,78.134551888,95.1438855571
447,1,90,positive,0.138092372237,-0.0293543009832,0.0657394572422,138.092372237,-29.3543009832,65.7394572422,78.1371049748,78.1371049748,96.6254572645
448,0,90,positive,0.138092372237,-0.02935685407,0.0642578855348,138.092372237,-29.35685407,64.2578855348,78.134551888,78.134551888,95.1438855571
448,1,90,positive,0.138092372237,-0.0293659804306,0.0642349543469,138.092372237,-29.3659804306,64.2349543469,78.1254255274,78.1254255274,95.1209543692
449,0,90,positive,0.138092372237,-0.0293530251207,0.0658203254943,138.092372237,-29.3530251207,65.8203254943,78.1383808373,78.1383808373,96.7063255165
449,1,90,positive,0.138092372237,-0.0292438033216,0.0661391208094,138.092372237,-29.2438033216,66.1391208094,78.2476026363,78.2476026363,97.0251208317
450,0,90,positive,0.138092372237,-0.029137469286,0.0665551203519,138.092372237,-29.137469286,66.5551203519,78.353936672,78.353936672,97.4411203742
450,1,90,positive,0.138092372237,-0.0292438033216,0.0661391208094,138.092372237,-29.2438033216,66.1391208094,78.2476026363,78.2476026363,97.0251208317
451,0,90,positive,0.138092372237,-0.029137469286,0.0665551203519,138.092372237,-29.137469286,66.5551203519,78.353936672,78.353936672,97.4411203742
451,1,90,positive,0.138092372237,-0.0291019035107,0.066809687963,138.092372237,-29.1019035107,66.809687963,78.3895024472,78.3895024472,97.6956879853
452,0,90,positive,0.138092372237,-0.0291019035107,0.066809687963,138.092372237,-29.1019035107,66.809687963,78.3895024472,78.3895024472,97.6956879853
452,1,90,positive,0.138092372237,-0.0290301689791,0.0673713176872,138.092372237,-29.0301689791,67.3713176872,78.4612369789,78.4612369789,98.2573177094
453,0,90,positive,0.138092372237,-0.0293562093704,0.0657672034329,138.092372237,-29.3562093704,65.7672034329,78.1351965876,78.1351965876,96.6532034552
453,1,90,positive,0.138092372237,-0.0293543009832,0.0657394572422,138.092372237,-29.3543009832,65.7394572422,78.1371049748,78.1371049748,96.6254572645
454,0,90,positive,0.138092372237,-0.0293530251207,0.0658203254943,138.092372237,-29.3530251207,65.8203254943,78.1383808373,78.1383808373,96.7063255165
454,1,90,positive,0.138092372237,-0.0293562093704,0.0657672034329,138.092372237,-29.3562093704,65.7672034329,78.1351965876,78.1351965876,96.6532034552
455,0,90,positive,0.138092372237,-0.0290119906705,0.0674716012298,138.092372237,-29.0119906705,67.4716012298,78.4794152875,78.4794152875,98.3576012521
455,1,90,positive,0.138092372237,-0.0290301689791,0.0673713176872,138.092372237,-29.0301689791,67.3713176872,78.4612369789,78.4612369789,98.2573177094
456,0,90,positive,0.138092372237,-0.0274248669918,0.0627006397013,138.092372237,-27.4248669918,62.7006397013,80.0665389662,80.0665389662,93.5866397236
456,1,90,positive,0.138092372237,-0.0272816377284,0.0633334821368,138.092372237,-27.2816377284,63.3334821368,80.2097682296,80.2097682296,94.2194821591
457,0,90,positive,0.138092372237,-0.0272816377284,0.0633334821368,138.092372237,-27.2816377284,63.3334821368,80.2097682296,80.2097682296,94.2194821591
457,1,90,positive,0.138092372237,-0.0272419347594,0.0635678114053,138.092372237,-27.2419347594,63.5678114053,80.2494711986,80.2494711986,94.4538114276
458,0,90,positive,0.138092372237,-0.0270294398689,0.0643333156535,138.092372237,-27.0294398689,64.3333156535,80.4619660891,80.4619660891,95.2193156758
458,1,90,positive,0.138092372237,-0.0271564275407,0.0640065963182,138.092372237,-27.1564275407,64.0065963182,80.3349784173,80.3349784173,94.8925963405
459,0,90,positive,0.138092372237,-0.0268428903772,0.064765004733,138.092372237,-26.8428903772,64.765004733,80.6485155808,80.6485155808,95.6510047553
459,1,90,positive,0.138092372237,-0.0270294398689,0.0643333156535,138.092372237,-27.0294398689,64.3333156535,80.4619660891,80.4619660891,95.2193156758
460,0,90,positive,0.138092372237,-0.0268428903772,0.064765004733,138.092372237,-26.8428903772,64.765004733,80.6485155808,80.6485155808,95.6510047553
460,1,90,positive,0.138092372237,-0.026763473152,0.0649294295075,138.092372237,-26.763473152,64.9294295075,80.727932806,80.727932806,95.8154295297
461,0,90,positive,0.138092372237,-0.0272419347594,0.0635678114053,138.092372237,-27.2419347594,63.5678114053,80.2494711986,80.2494711986,94.4538114276
461,1,90,positive,0.138092372237,-0.0271564275407,0.0640065963182,138.092372237,-27.1564275407,64.0065963182,80.3349784173,80.3349784173,94.8925963405
462,0,90,positive,0.138092372237,-0.026763473152,0.0649294295075,138.092372237,-26.763473152,64.9294295075,80.727932806,80.727932806,95.8154295297
462,1,90,positive,0.138092372237,-0.0263295477854,0.0656012005322,138.092372237,-26.3295477854,65.6012005322,81.1618581726,81.1618581726,96.4872005545
463,0,90,positive,0.138092372237,-0.0289988592824,0.0675694538911,138.092372237,-28.9988592824,67.5694538911,78.4925466756,78.4925466756,98.4554539134
463,1,90,positive,0.138092372237,-0.0289653800468,0.0679224502694,138.092372237,-28.9653800468,67.9224502694,78.5260259112,78.5260259112,98.8084502917
464,0,90,positive,0.138092372237,-0.0289653800468,0.0679224502694,138.092372237,-28.9653800468,67.9224502694,78.5260259112,78.5260259112,98.8084502917
464,1,90,positive,0.138092372237,-0.0288239557976,0.0682419674149,138.092372237,-28.8239557976,68.2419674149,78.6674501604,78.6674501604,99.1279674372
465,0,90,positive,0.138092372237,-0.0286655654732,0.0686300657885,138.092372237,-28.6655654732,68.6300657885,78.8258404848,78.8258404848,99.5160658108
465,1,90,positive,0.138092372237,-0.0286342316945,0.0690486423034,138.092372237,-28.6342316945,69.0486423034,78.8571742635,78.8571742635,99.9346423256
466,0,90,positive,0.138092372237,-0.0286655654732,0.0686300657885,138.092372237,-28.6655654732,68.6300657885,78.8258404848,78.8258404848,99.5160658108
466,1,90,positive,0.138092372237,-0.0288239557976,0.0682419674149,138.092372237,-28.8239557976,68.2419674149,78.6674501604,78.6674501604,99.1279674372
467,0,90,positive,0.138092372237,-0.0289988592824,0.0675694538911,138.092372237,-28.9988592824,67.5694538911,78.4925466756,78.4925466756,98.4554539134
467,1,90,positive,0.138092372237,-0.0290119906705,0.0674716012298,138.092372237,-29.0119906705,67.4716012298,78.4794152875,78.4794152875,98.3576012521
468,0,90,positive,0.138092372237,-0.0283357313568,0.0696323584689,138.092372237,-28.3357313568,69.6323584689,79.1556746011,79.1556746011,100.518358491
468,1,90,positive,0.138092372237,-0.0281370955746,0.0699386751867,138.092372237,-28.1370955746,69.9386751867,79.3543103834,79.3543103834,100.824675209
469,0,90,positive,0.138092372237,-0.0281370955746,0.0699386751867,138.092372237,-28.1370955746,69.9386751867,79.3543103834,79.3543103834,100.824675209
469,1,90,positive,0.138092372237,-0.0280589840862,0.0700551235752,138.092372237,-28.0589840862,70.0551235752,79.4324218718,79.4324218718,100.941123597
470,0,90,positive,0.138092372237,-0.0283357313568,0.0696323584689,138.092372237,-28.3357313568,69.6323584689,79.1556746011,79.1556746011,100.518358491
470,1,90,positive,0.138092372237,-0.0286342316945,0.0690486423034,138.092372237,-28.6342316945,69.0486423034,78.8571742635,78.8571742635,99.9346423256
471,0,90,positive,0.138092372237,-0.0279010538648,0.0705473293853,138.092372237,-27.9010538648,70.5473293853,79.5903520932,79.5903520932,101.433329408
471,1,90,positive,0.138092372237,-0.0278771633169,0.0707031692796,138.092372237,-27.8771633169,70.7031692796,79.614242641,79.614242641,101.589169302
472,0,90,positive,0.138092372237,-0.0275752455785,0.0713680602125,138.092372237,-27.5752455785,71.3680602125,79.9161603795,79.9161603795,102.254060235
472,1,90,positive,0.138092372237,-0.0275237997793,0.0714727205473,138.092372237,-27.5237997793,71.4727205473,79.9676061787,79.9676061787,102.35872057
473,0,90,positive,0.138092372237,-0.0275752455785,0.0713680602125,138.092372237,-27.5752455785,71.3680602125,79.9161603795,79.9161603795,102.254060235
473,1,90,positive,0.138092372237,-0.0278771633169,0.0707031692796,138.092372237,-27.8771633169,70.7031692796,79.614242641,79.614242641,101.589169302
474,0,90,positive,0.138092372237,-0.0275237997793,0.0714727205473,138.092372237,-27.5237997793,71.4727205473,79.9676061787,79.9676061787,102.35872057
474,1,90,positive,0.138092372237,-0.0275000886892,0.0715410359205,138.092372237,-27.5000886892,71.5410359205,79.9913172688,79.9913172688,102.427035943
475,0,90,positive,0.138092372237,-0.0279010538648,0.0705473293853,138.092372237,-27.9010538648,70.5473293853,79.5903520932,79.5903520932,101.433329408
475,1,90,positive,0.138092372237,-0.0280589840862,0.0700551235752,138.092372237,-28.0589840862,70.0551235752,79.4324218718,79.4324218718,100.941123597
476,0,90,positive,0.138092372237,-0.0253198333271,0.0677771022613,138.092372237,-25.3198333271,67.7771022613,82.1715726308,82.1715726308,98.6631022836
476,1,90,positive,0.138092372237,-0.0250460071011,0.0684399139841,138.092372237,-25.0460071011,68.4399139841,82.4453988568,82.4453988568,99.3259140064
477,0,90,positive,0.138092372237,-0.0272511292634,0.0722231100363,138.092372237,-27.2511292634,72.2231100363,80.2402766946,80.2402766946,103.109110059
477,1,90,positive,0.138092372237,-0.0275000886892,0.0715410359205,138.092372237,-27.5000886892,71.5410359205,79.9913172688,79.9913172688,102.427035943
478,0,90,positive,0.138092372237,-0.0272511292634,0.0722231100363,138.092372237,-27.2511292634,72.2231100363,80.2402766946,80.2402766946,103.109110059
478,1,90,positive,0.138092372237,-0.0271689239082,0.0725820960541,138.092372237,-27.1689239082,72.5820960541,80.3224820498,80.3224820498,103.468096076
479,0,90,positive,0.138092372237,-0.0271598306392,0.0726298803605,138.092372237,-27.1598306392,72.6298803605,80.3315753188,80.3315753188,103.515880383
479,1,90,positive,0.138092372237,-0.0271689239082,0.0725820960541,138.092372237,-27.1689239082,72.5820960541,80.3224820498,80.3224820498,103.468096076
480,0,90,positive,0.138092372237,-0.0271325086855,0.0726974047896,138.092372237,-27.1325086855,72.6974047896,80.3588972725,80.3588972725,103.583404812
480,1,90,positive,0.138092372237,-0.0271598306392,0.0726298803605,138.092372237,-27.1598306392,72.6298803605,80.3315753188,80.3315753188,103.515880383
481,0,90,positive,0.138092372237,-0.0271325086855,0.0726974047896,138.092372237,-27.1325086855,72.6974047896,80.3588972725,80.3588972725,103.583404812
481,1,90,positive,0.138092372237,-0.0268073837818,0.0736036184116,138.092372237,-26.8073837818,73.6036184116,80.6840221762,80.6840221762,104.489618434
482,0,90,positive,0.138092372237,-0.0267043999987,0.0740367975025,138.092372237,-26.7043999987,74.0367975025,80.7870059593,80.7870059593,104.922797525
482,1,90,positive,0.138092372237,-0.0266620837559,0.0742837711807,138.092372237,-26.6620837559,74.2837711807,80.8293222021,80.8293222021,105.169771203
483,0,90,positive,0.138092372237,-0.0267043999987,0.0740367975025,138.092372237,-26.7043999987,74.0367975025,80.7870059593,80.7870059593,104.922797525
483,1,90,positive,0.138092372237,-0.0268073837818,0.0736036184116,138.092372237,-26.8073837818,73.6036184116,80.6840221762,80.6840221762,104.489618434
484,0,90,positive,0.138092372237,-0.0266620837559,0.0742837711807,138.092372237,-26.6620837559,74.2837711807,80.8293222021,80.8293222021,105.169771203
484,1,90,positive,0.138092372237,-0.0265247130979,0.0745297217056,138.092372237,-26.5247130979,74.5297217056,80.96669286,80.96669286,105.415721728
485,0,90,positive,0.138092372237,-0.0264292678447,0.0747304683423,138.092372237,-26.4292678447,74.7304683423,81.0621381133,81.0621381133,105.616468365
485,1,90,positive,0.138092372237,-0.0265247130979,0.0745297217056,138.092372237,-26.5247130979,74.5297217056,80.96669286,80.96669286,105.415721728
486,0,90,positive,0.138092372237,-0.0260254247015,0.0757691466599,138.092372237,-26.0254247015,75.7691466599,81.4659812564,81.4659812564,106.655146682
486,1,90,positive,0.138092372237,-0.0259389539348,0.0759910085233,138.092372237,-25.9389539348,75.9910085233,81.5524520232,81.5524520232,106.877008546
487,0,90,positive,0.138092372237,-0.0260254247015,0.0757691466599,138.092372237,-26.0254247015,75.7691466599,81.4659812564,81.4659812564,106.655146682
487,1,90,positive,0.138092372237,-0.0263726850054,0.0748902610238,138.092372237,-26.3726850054,74.8902610238,81.1187209525,81.1187209525,105.776261046
488,0,90,positive,0.138092372237,-0.025919228192,0.0760714902327,138.092372237,-25.919228192,76.0714902327,81.572177766,81.572177766,106.957490255
488,1,90,positive,0.138092372237,-0.0258928423159,0.0761065511817,138.092372237,-25.8928423159,76.1065511817,81.5985636421,81.5985636421,106.992551204
489,0,90,positive,0.138092372237,-0.0263726850054,0.0748902610238,138.092372237,-26.3726850054,74.8902610238,81.1187209525,81.1187209525,105.776261046
489,1,90,positive,0.138092372237,-0.0264292678447,0.0747304683423,138.092372237,-26.4292678447,74.7304683423,81.0621381133,81.0621381133,105.616468365
490,0,90,positive,0.138092372237,-0.0254751938849,0.0771276114519,138.092372237,-25.4751938849,77.1276114519,82.0162120731,82.0162120731,108.013611474
490,1,90,positive,0.138092372237,-0.025537112222,0.0769098291012,138.092372237,-25.537112222,76.9098291012,81.954293736,81.954293736,107.795829124
491,0,90,positive,0.138092372237,-0.025537112222,0.0769098291012,138.092372237,-25.537112222,76.9098291012,81.954293736,81.954293736,107.795829124
491,1,90,positive,0.138092372237,-0.0258928423159,0.0761065511817,138.092372237,-25.8928423159,76.1065511817,81.5985636421,81.5985636421,106.992551204
492,0,90,positive,0.138092372237,-0.025174673005,0.0777930369844,138.092372237,-25.174673005,77.7930369844,82.316732953,82.316732953,108.679037007
492,1,90,positive,0.138092372237,-0.0249384192,0.0781591796878,138.092372237,-24.9384192,78.1591796878,82.552986758,82.552986758,109.04517971
493,0,90,positive,0.138092372237,-0.0249384192,0.0781591796878,138.092372237,-24.9384192,78.1591796878,82.552986758,82.552986758,109.04517971
493,1,90,positive,0.138092372237,-0.0247591002545,0.078349923306,138.092372237,-24.7591002545,78.349923306,82.7323057035,82.7323057035,109.235923328
494,0,90,positive,0.138092372237,-0.0247580223197,0.0783504376432,138.092372237,-24.7580223197,78.3504376432,82.7333836383,82.7333836383,109.236437665
494,1,90,positive,0.138092372237,-0.0243882623337,0.0784517011659,138.092372237,-24.3882623337,78.4517011659,83.1031436243,83.1031436243,109.337701188
495,0,90,positive,0.138092372237,-0.0217571748511,0.0771567761436,138.092372237,-21.7571748511,77.1567761436,85.7342311069,85.7342311069,108.042776166
495,1,90,positive,0.138092372237,-0.0217801319469,0.0769504268404,138.092372237,-21.7801319469,76.9504268404,85.711274011,85.711274011,107.836426863
496,0,90,positive,0.138092372237,-0.0212624793903,0.0784917836561,138.092372237,-21.2624793903,78.4917836561,86.2289265677,86.2289265677,109.377783678
496,1,90,positive,0.138092372237,-0.0215683937969,0.0779706078764,138.092372237,-21.5683937969,77.9706078764,85.923012161,85.923012161,108.856607899
497,0,90,positive,0.138092372237,-0.0212624793903,0.0784917836561,138.092372237,-21.2624793903,78.4917836561,86.2289265677,86.2289265677,109.377783678
497,1,90,positive,0.138092372237,-0.0208402030936,0.079360381048,138.092372237,-20.8402030936,79.360381048,86.6512028644,86.6512028644,110.24638107
498,0,90,positive,0.138092372237,-0.0203472713345,0.0806456405169,138.092372237,-20.3472713345,80.6456405169,87.1441346235,87.1441346235,111.531640539
498,1,90,positive,0.138092372237,-0.0208402030936,0.079360381048,138.092372237,-20.8402030936,79.360381048,86.6512028644,86.6512028644,110.24638107
499,0,90,positive,0.138092372237,-0.0203472713345,0.0806456405169,138.092372237,-20.3472713345,80.6456405169,87.1441346235,87.1441346235,111.531640539
499,1,90,positive,0.138092372237,-0.0203016903609,0.0808833261261,138.092372237,-20.3016903609,80.8833261261,87.1897155971,87.1897155971,111.769326148
500,0,90,positive,0.138092372237,-0.0198889917702,0.0820516691936,138.092372237,-19.8889917702,82.0516691936,87.6024141878,87.6024141878,112.937669216
500,1,90,positive,0.138092372237,-0.0203016903609,0.0808833261261,138.092372237,-20.3016903609,80.8833261261,87.1897155971,87.1897155971,111.769326148
501,0,90,positive,0.138092372237,-0.0215683937969,0.0779706078764,138.092372237,-21.5683937969,77.9706078764,85.923012161,85.923012161,108.856607899
501,1,90,positive,0.138092372237,-0.0216341896981,0.0777744313847,138.092372237,-21.6341896981,77.7744313847,85.8572162599,85.8572162599,108.660431407
502,0,90,positive,0.138092372237,-0.0239905919467,0.0789127932566,138.092372237,-23.9905919467,78.9127932566,83.5008140113,83.5008140113,109.798793279
502,1,90,positive,0.138092372237,-0.0238928287901,0.0794390561284,138.092372237,-23.8928287901,79.4390561284,83.5985771679,83.5985771679,110.325056151
503,0,90,positive,0.138092372237,-0.0243882623337,0.0784517011659,138.092372237,-24.3882623337,78.4517011659,83.1031436243,83.1031436243,109.337701188
503,1,90,positive,0.138092372237,-0.0242071930939,0.0786448367026,138.092372237,-24.2071930939,78.6448367026,83.2842128641,83.2842128641,109.530836725
504,0,90,positive,0.138092372237,-0.0241796988842,0.0786778820248,138.092372237,-24.1796988842,78.6778820248,83.3117070738,83.3117070738,109.563882047
504,1,90,positive,0.138092372237,-0.0240020746929,0.0788545999236,138.092372237,-24.0020746929,78.8545999236,83.4893312651,83.4893312651,109.740599946
505,0,90,positive,0.138092372237,-0.0241902909126,0.0786563175137,138.092372237,-24.1902909126,78.6563175137,83.3011150454,83.3011150454,109.542317536
505,1,90,positive,0.138092372237,-0.0242071930939,0.0786448367026,138.092372237,-24.2071930939,78.6448367026,83.2842128641,83.2842128641,109.530836725
506,0,90,positive,0.138092372237,-0.0241796988842,0.0786778820248,138.092372237,-24.1796988842,78.6778820248,83.3117070738,83.3117070738,109.563882047
506,1,90,positive,0.138092372237,-0.0241902909126,0.0786563175137,138.092372237,-24.1902909126,78.6563175137,83.3011150454,83.3011150454,109.542317536
507,0,90,positive,0.138092372237,-0.0239905919467,0.0789127932566,138.092372237,-23.9905919467,78.9127932566,83.5008140113,83.5008140113,109.798793279
507,1,90,positive,0.138092372237,-0.0240020746929,0.0788545999236,138.092372237,-24.0020746929,78.8545999236,83.4893312651,83.4893312651,109.740599946
508,0,90,positive,0.138092372237,-0.0236251371991,0.0799677965506,138.092372237,-23.6251371991,79.9677965506,83.8662687589,83.8662687589,110.853796573
508,1,90,positive,0.138092372237,-0.0234895275116,0.0804748158353,138.092372237,-23.4895275116,80.4748158353,84.0018784464,84.0018784464,111.360815858
509,0,90,positive,0.138092372237,-0.0234895275116,0.0804748158353,138.092372237,-23.4895275116,80.4748158353,84.0018784464,84.0018784464,111.360815858
509,1,90,positive,0.138092372237,-0.0233723926002,0.0808143295522,138.092372237,-23.3723926002,80.8143295522,84.1190133578,84.1190133578,111.700329574
510,0,90,positive,0.138092372237,-0.0238928287901,0.0794390561284,138.092372237,-23.8928287901,79.4390561284,83.5985771679,83.5985771679,110.325056151
510,1,90,positive,0.138092372237,-0.0237165075569,0.0796772499949,138.092372237,-23.7165075569,79.6772499949,83.774898401,83.774898401,110.563250017
511,0,90,positive,0.138092372237,-0.0236251371991,0.0799677965506,138.092372237,-23.6251371991,79.9677965506,83.8662687589,83.8662687589,110.853796573
511,1,90,positive,0.138092372237,-0.0237165075569,0.0796772499949,138.092372237,-23.7165075569,79.6772499949,83.774898401,83.774898401,110.563250017
512,0,90,positive,0.138092372237,-0.0232426079412,0.0812094914793,138.092372237,-23.2426079412,81.2094914793,84.2487980167,84.2487980167,112.095491502
512,1,90,positive,0.138092372237,-0.0233723926002,0.0808143295522,138.092372237,-23.3723926002,80.8143295522,84.1190133578,84.1190133578,111.700329574
513,0,90,positive,0.138092372237,-0.0232028172907,0.0813141371505,138.092372237,-23.2028172907,81.3141371505,84.2885886673,84.2885886673,112.200137173
513,1,90,positive,0.138092372237,-0.0232426079412,0.0812094914793,138.092372237,-23.2426079412,81.2094914793,84.2487980167,84.2487980167,112.095491502
514,0,90,positive,0.138092372237,-0.0231695653157,0.0814335950508,138.092372237,-23.1695653157,81.4335950508,84.3218406422,84.3218406422,112.319595073
514,1,90,positive,0.138092372237,-0.0232028172907,0.0813141371505,138.092372237,-23.2028172907,81.3141371505,84.2885886673,84.2885886673,112.200137173
515,0,90,positive,0.138092372237,-0.0217571748511,0.0771567761436,138.092372237,-21.7571748511,77.1567761436,85.7342311069,85.7342311069,108.042776166
515,1,90,positive,0.138092372237,-0.0217094887127,0.0775468190007,138.092372237,-21.7094887127,77.5468190007,85.7819172452,85.7819172452,108.432819023
516,0,90,positive,0.138092372237,-0.0217094887127,0.0775468190007,138.092372237,-21.7094887127,77.5468190007,85.7819172452,85.7819172452,108.432819023
516,1,90,positive,0.138092372237,-0.0216341896981,0.0777744313847,138.092372237,-21.6341896981,77.7744313847,85.8572162599,85.8572162599,108.660431407
517,0,90,positive,0.138092372237,-0.0191067011484,0.083957294924,138.092372237,-19.1067011484,83.957294924,88.3847048095,88.3847048095,114.843294946
517,1,90,positive,0.138092372237,-0.0195080891399,0.082988243406,138.092372237,-19.5080891399,82.988243406,87.9833168181,87.9833168181,113.874243428
518,0,90,positive,0.138092372237,-0.0198889917702,0.0820516691936,138.092372237,-19.8889917702,82.0516691936,87.6024141878,87.6024141878,112.937669216
518,1,90,positive,0.138092372237,-0.0197660851483,0.0824613729228,138.092372237,-19.7660851483,82.4613729228,87.7253208097,87.7253208097,113.347372945
519,0,90,positive,0.138092372237,-0.0197660851483,0.0824613729228,138.092372237,-19.7660851483,82.4613729228,87.7253208097,87.7253208097,113.347372945
519,1,90,positive,0.138092372237,-0.0196018676205,0.0828086166575,138.092372237,-19.6018676205,82.8086166575,87.8895383375,87.8895383375,113.69461668
520,0,90,positive,0.138092372237,-0.0196018676205,0.0828086166575,138.092372237,-19.6018676205,82.8086166575,87.8895383375,87.8895383375,113.69461668
520,1,90,positive,0.138092372237,-0.0195080891399,0.082988243406,138.092372237,-19.5080891399,82.988243406,87.9833168181,87.9833168181,113.874243428
521,0,90,positive,0.138092372237,-0.0189419715087,0.0843906704616,138.092372237,-18.9419715087,84.3906704616,88.5494344492,88.5494344492,115.276670484
521,1,90,positive,0.138092372237,-0.0191067011484,0.083957294924,138.092372237,-19.1067011484,83.957294924,88.3847048095,88.3847048095,114.843294946
522,0,90,positive,0.138092372237,-0.0181045441761,0.0865410093901,138.092372237,-18.1045441761,86.5410093901,89.3868617818,89.3868617818,117.427009412
522,1,90,positive,0.138092372237,-0.0183196624201,0.0859878769275,138.092372237,-18.3196624201,85.9878769275,89.1717435378,89.1717435378,116.87387695
523,0,90,positive,0.138092372237,-0.0189419715087,0.0843906704616,138.092372237,-18.9419715087,84.3906704616,88.5494344492,88.5494344492,115.276670484
523,1,90,positive,0.138092372237,-0.0185339320274,0.085365060142,138.092372237,-18.5339320274,85.365060142,88.9574739306,88.9574739306,116.251060164
524,0,90,positive,0.138092372237,-0.0226178039483,0.0834409032287,138.092372237,-22.6178039483,83.4409032287,84.8736020096,84.8736020096,114.326903251
524,1,90,positive,0.138092372237,-0.02252165512,0.0837088657943,138.092372237,-22.52165512,83.7088657943,84.969750838,84.969750838,114.594865817
525,0,90,positive,0.138092372237,-0.0221822338907,0.084087457328,138.092372237,-22.1822338907,84.087457328,85.3091720673,85.3091720673,114.97345735
525,1,90,positive,0.138092372237,-0.02252165512,0.0837088657943,138.092372237,-22.52165512,83.7088657943,84.969750838,84.969750838,114.594865817
526,0,90,positive,0.138092372237,-0.0231695653157,0.0814335950508,138.092372237,-23.1695653157,81.4335950508,84.3218406422,84.3218406422,112.319595073
526,1,90,positive,0.138092372237,-0.022929630062,0.0822493984977,138.092372237,-22.929630062,82.2493984977,84.561775896,84.561775896,113.13539852
527,0,90,positive,0.138092372237,-0.0226478705866,0.0832941071147,138.092372237,-22.6478705866,83.2941071147,84.8435353714,84.8435353714,114.180107137
527,1,90,positive,0.138092372237,-0.022929630062,0.0822493984977,138.092372237,-22.929630062,82.2493984977,84.561775896,84.561775896,113.13539852
528,0,90,positive,0.138092372237,-0.0226478705866,0.0832941071147,138.092372237,-22.6478705866,83.2941071147,84.8435353714,84.8435353714,114.180107137
528,1,90,positive,0.138092372237,-0.0226178039483,0.0834409032287,138.092372237,-22.6178039483,83.4409032287,84.8736020096,84.8736020096,114.326903251
529,0,90,positive,0.138092372237,-0.0221822338907,0.084087457328,138.092372237,-22.1822338907,84.087457328,85.3091720673,85.3091720673,114.97345735
529,1,90,positive,0.138092372237,-0.0221396964768,0.0841297004085,138.092372237,-22.1396964768,84.1297004085,85.3517094812,85.3517094812,115.015700431
530,0,90,positive,0.138092372237,-0.0221396964768,0.0841297004085,138.092372237,-22.1396964768,84.1297004085,85.3517094812,85.3517094812,115.015700431
530,1,90,positive,0.138092372237,-0.0221317779298,0.0841698973075,138.092372237,-22.1317779298,84.1698973075,85.3596280282,85.3596280282,115.05589733
531,0,90,positive,0.138092372237,-0.0219918163545,0.0849651333127,138.092372237,-21.9918163545,84.9651333127,85.4995896035,85.4995896035,115.851133335
531,1,90,positive,0.138092372237,-0.0219580217729,0.0858691008922,138.092372237,-21.9580217729,85.8691008922,85.5333841851,85.5333841851,116.755100915
532,0,90,positive,0.138092372237,-0.0219579840139,0.0858702973157,138.092372237,-21.9579840139,85.8702973157,85.5334219441,85.5334219441,116.756297338
532,1,90,positive,0.138092372237,-0.0218726723624,0.0868185745143,138.092372237,-21.8726723624,86.8185745143,85.6187335956,85.6187335956,117.704574537
533,0,90,positive,0.138092372237,-0.0220269653584,0.0845808582414,138.092372237,-22.0269653584,84.5808582414,85.4644405995,85.4644405995,115.466858264
533,1,90,positive,0.138092372237,-0.0221317779298,0.0841698973075,138.092372237,-22.1317779298,84.1698973075,85.3596280282,85.3596280282,115.05589733
534,0,90,positive,0.138092372237,-0.0219918163545,0.0849651333127,138.092372237,-21.9918163545,84.9651333127,85.4995896035,85.4995896035,115.851133335
534,1,90,positive,0.138092372237,-0.0220269653584,0.0845808582414,138.092372237,-22.0269653584,84.5808582414,85.4644405995,85.4644405995,115.466858264
535,0,90,positive,0.138092372237,-0.0219580860971,0.0858701950621,138.092372237,-21.9580860971,85.8701950621,85.5333198609,85.5333198609,116.756195084
535,1,90,positive,0.138092372237,-0.0219580217729,0.0858691008922,138.092372237,-21.9580217729,85.8691008922,85.5333841851,85.5333841851,116.755100915
536,0,90,positive,0.138092372237,-0.0219579840139,0.0858702973157,138.092372237,-21.9579840139,85.8702973157,85.5334219441,85.5334219441,116.756297338
536,1,90,positive,0.138092372237,-0.0219580860971,0.0858701950621,138.092372237,-21.9580860971,85.8701950621,85.5333198609,85.5333198609,116.756195084
537,0,90,positive,0.138092372237,-0.0215322331665,0.0880443841877,138.092372237,-21.5322331665,88.0443841877,85.9591727914,85.9591727914,118.93038421
537,1,90,positive,0.138092372237,-0.0213686537843,0.0884541356812,138.092372237,-21.3686537843,88.4541356812,86.1227521737,86.1227521737,119.340135704
538,0,90,positive,0.138092372237,-0.0218659529529,0.0868448044563,138.092372237,-21.8659529529,86.8448044563,85.625453005,85.625453005,117.730804479
538,1,90,positive,0.138092372237,-0.0216618584727,0.087751272947,138.092372237,-21.6618584727,87.751272947,85.8295474853,85.8295474853,118.637272969
539,0,90,positive,0.138092372237,-0.0215322331665,0.0880443841877,138.092372237,-21.5322331665,88.0443841877,85.9591727914,85.9591727914,118.93038421
539,1,90,positive,0.138092372237,-0.0216618584727,0.087751272947,138.092372237,-21.6618584727,87.751272947,85.8295474853,85.8295474853,118.637272969
540,0,90,positive,0.138092372237,-0.0212994524073,0.0886937622609,138.092372237,-21.2994524073,88.6937622609,86.1919535507,86.1919535507,119.579762283
540,1,90,positive,0.138092372237,-0.0213686537843,0.0884541356812,138.092372237,-21.3686537843,88.4541356812,86.1227521737,86.1227521737,119.340135704
541,0,90,positive,0.138092372237,-0.0218703255347,0.0868307202659,138.092372237,-21.8703255347,86.8307202659,85.6210804233,85.6210804233,117.716720288
541,1,90,positive,0.138092372237,-0.0218726723624,0.0868185745143,138.092372237,-21.8726723624,86.8185745143,85.6187335956,85.6187335956,117.704574537
542,0,90,positive,0.138092372237,-0.0218659529529,0.0868448044563,138.092372237,-21.8659529529,86.8448044563,85.625453005,85.625453005,117.730804479
542,1,90,positive,0.138092372237,-0.0218703255347,0.0868307202659,138.092372237,-21.8703255347,86.8307202659,85.6210804233,85.6210804233,117.716720288
543,0,90,positive,0.138092372237,-0.0210826957673,0.0901815288553,138.092372237,-21.0826957673,90.1815288553,86.4087101907,86.4087101907,121.067528878
543,1,90,positive,0.138092372237,-0.0209976483055,0.090539805802,138.092372237,-20.9976483055,90.539805802,86.4937576525,86.4937576525,121.425805824
544,0,90,positive,0.138092372237,-0.0212994524073,0.0886937622609,138.092372237,-21.2994524073,88.6937622609,86.1919535507,86.1919535507,119.579762283
544,1,90,positive,0.138092372237,-0.021179880179,0.0896330906768,138.092372237,-21.179880179,89.6330906768,86.311525779,86.311525779,120.519090699
545,0,90,positive,0.138092372237,-0.0211807762169,0.0897264396051,138.092372237,-21.1807762169,89.7264396051,86.310629741,86.310629741,120.612439627
545,1,90,positive,0.138092372237,-0.021179880179,0.0896330906768,138.092372237,-21.179880179,89.6330906768,86.311525779,86.311525779,120.519090699
546,0,90,positive,0.138092372237,-0.0210826957673,0.0901815288553,138.092372237,-21.0826957673,90.1815288553,86.4087101907,86.4087101907,121.067528878
546,1,90,positive,0.138092372237,-0.021157604668,0.0898783736524,138.092372237,-21.157604668,89.8783736524,86.33380129,86.33380129,120.764373675
547,0,90,positive,0.138092372237,-0.021157604668,0.0898783736524,138.092372237,-21.157604668,89.8783736524,86.33380129,86.33380129,120.764373675
547,1,90,positive,0.138092372237,-0.0211807762169,0.0897264396051,138.092372237,-21.1807762169,89.7264396051,86.310629741,86.310629741,120.612439627
548,0,90,positive,0.138092372237,-0.0208457496429,0.0910964010787,138.092372237,-20.8457496429,91.0964010787,86.6456563151,86.6456563151,121.982401101
548,1,90,positive,0.138092372237,-0.0207793451432,0.0914647102945,138.092372237,-20.7793451432,91.4647102945,86.7120608148,86.7120608148,122.350710317
549,0,90,positive,0.138092372237,-0.0208457496429,0.0910964010787,138.092372237,-20.8457496429,91.0964010787,86.6456563151,86.6456563151,121.982401101
549,1,90,positive,0.138092372237,-0.0209976483055,0.090539805802,138.092372237,-20.9976483055,90.539805802,86.4937576525,86.4937576525,121.425805824
550,0,90,positive,0.138092372237,-0.0207793451432,0.0914647102945,138.092372237,-20.7793451432,91.4647102945,86.7120608148,86.7120608148,122.350710317
550,1,90,positive,0.138092372237,-0.0207611172863,0.0918499197131,138.092372237,-20.7611172863,91.8499197131,86.7302886717,86.7302886717,122.735919735
551,0,90,positive,0.138092372237,-0.0205670661708,0.0925993585179,138.092372237,-20.5670661708,92.5993585179,86.9243397872,86.9243397872,123.48535854
551,1,90,positive,0.138092372237,-0.0205066952678,0.092809873881,138.092372237,-20.5066952678,92.809873881,86.9847106902,86.9847106902,123.695873903
552,0,90,positive,0.138092372237,-0.0205670661708,0.0925993585179,138.092372237,-20.5670661708,92.5993585179,86.9243397872,86.9243397872,123.48535854
552,1,90,positive,0.138092372237,-0.0207611172863,0.0918499197131,138.092372237,-20.7611172863,91.8499197131,86.7302886717,86.7302886717,122.735919735
553,0,90,positive,0.138092372237,-0.0205066952678,0.092809873881,138.092372237,-20.5066952678,92.809873881,86.9847106902,86.9847106902,123.695873903
553,1,90,positive,0.138092372237,-0.0204579787927,0.0929951493256,138.092372237,-20.4579787927,92.9951493256,87.0334271653,87.0334271653,123.881149348
554,0,90,positive,0.138092372237,-0.0203072113024,0.0938259036254,138.092372237,-20.3072113024,93.8259036254,87.1841946556,87.1841946556,124.711903648
554,1,90,positive,0.138092372237,-0.0204579787927,0.0929951493256,138.092372237,-20.4579787927,92.9951493256,87.0334271653,87.0334271653,123.881149348
555,0,90,positive,0.138092372237,-0.0200460621651,0.0947596285164,138.092372237,-20.0460621651,94.7596285164,87.4453437929,87.4453437929,125.645628539
555,1,90,positive,0.138092372237,-0.0203072113024,0.0938259036254,138.092372237,-20.3072113024,93.8259036254,87.1841946556,87.1841946556,124.711903648
556,0,90,positive,0.138092372237,-0.0200460621651,0.0947596285164,138.092372237,-20.0460621651,94.7596285164,87.4453437929,87.4453437929,125.645628539
556,1,90,positive,0.138092372237,-0.0199447078258,0.0951572735578,138.092372237,-19.9447078258,95.1572735578,87.5466981322,87.5466981322,126.04327358
557,0,90,positive,0.138092372237,-0.0199447078258,0.0951572735578,138.092372237,-19.9447078258,95.1572735578,87.5466981322,87.5466981322,126.04327358
557,1,90,positive,0.138092372237,-0.019808631717,0.0958141284906,138.092372237,-19.808631717,95.8141284906,87.6827742409,87.6827742409,126.700128513
558,0,90,positive,0.138092372237,-0.0197201858172,0.0961846388907,138.092372237,-19.7201858172,96.1846388907,87.7712201407,87.7712201407,127.070638913
558,1,90,positive,0.138092372237,-0.019808631717,0.0958141284906,138.092372237,-19.808631717,95.8141284906,87.6827742409,87.6827742409,126.700128513
559,0,90,positive,0.138092372237,-0.0185339320274,0.085365060142,138.092372237,-18.5339320274,85.365060142,88.9574739306,88.9574739306,116.251060164
559,1,90,positive,0.138092372237,-0.0183196624201,0.0859878769275,138.092372237,-18.3196624201,85.9878769275,89.1717435378,89.1717435378,116.87387695
560,0,90,positive,0.138092372237,-0.0163873192448,0.0912968775744,138.092372237,-16.3873192448,91.2968775744,91.1040867131,91.1040867131,122.182877597
560,1,90,positive,0.138092372237,-0.0164683710622,0.0910433698301,138.092372237,-16.4683710622,91.0433698301,91.0230348958,91.0230348958,121.929369852
561,0,90,positive,0.138092372237,-0.0163382031381,0.0914535139055,138.092372237,-16.3382031381,91.4535139055,91.1532028199,91.1532028199,122.339513928
561,1,90,positive,0.138092372237,-0.0163873192448,0.0912968775744,138.092372237,-16.3873192448,91.2968775744,91.1040867131,91.1040867131,122.182877597
562,0,90,positive,0.138092372237,-0.0163382031381,0.0914535139055,138.092372237,-16.3382031381,91.4535139055,91.1532028199,91.1532028199,122.339513928
562,1,90,positive,0.138092372237,-0.0155969741148,0.0937680370024,138.092372237,-15.5969741148,93.7680370024,91.8944318432,91.8944318432,124.654037025
563,0,90,positive,0.138092372237,-0.0154008994174,0.0944506162555,138.092372237,-15.4008994174,94.4506162555,92.0905065406,92.0905065406,125.336616278
563,1,90,positive,0.138092372237,-0.0155969741148,0.0937680370024,138.092372237,-15.5969741148,93.7680370024,91.8944318432,91.8944318432,124.654037025
564,0,90,positive,0.138092372237,-0.0154008994174,0.0944506162555,138.092372237,-15.4008994174,94.4506162555,92.0905065406,92.0905065406,125.336616278
564,1,90,positive,0.138092372237,-0.0151321794526,0.0954530211129,138.092372237,-15.1321794526,95.4530211129,92.3592265054,92.3592265054,126.339021135
565,0,90,positive,0.138092372237,-0.0181045441761,0.0865410093901,138.092372237,-18.1045441761,86.5410093901,89.3868617818,89.3868617818,117.427009412
565,1,90,positive,0.138092372237,-0.017896812168,0.0869797915482,138.092372237,-17.896812168,86.9797915482,89.59459379,89.59459379,117.865791571
566,0,90,positive,0.138092372237,-0.0176568444625,0.0875986746492,138.092372237,-17.6568444625,87.5986746492,89.8345614954,89.8345614954,118.484674672
566,1,90,positive,0.138092372237,-0.0172881666206,0.0887368766855,138.092372237,-17.2881666206,88.7368766855,90.2032393374,90.2032393374,119.622876708
567,0,90,positive,0.138092372237,-0.0176568444625,0.0875986746492,138.092372237,-17.6568444625,87.5986746492,89.8345614954,89.8345614954,118.484674672
567,1,90,positive,0.138092372237,-0.017896812168,0.0869797915482,138.092372237,-17.896812168,86.9797915482,89.59459379,89.59459379,117.865791571
568,0,90,positive,0.138092372237,-0.0172881666206,0.0887368766855,138.092372237,-17.2881666206,88.7368766855,90.2032393374,90.2032393374,119.622876708
568,1,90,positive,0.138092372237,-0.0164683710622,0.0910433698301,138.092372237,-16.4683710622,91.0433698301,91.0230348958,91.0230348958,121.929369852
569,0,90,positive,0.138092372237,-0.0254751938849,0.0771276114519,138.092372237,-25.4751938849,77.1276114519,82.0162120731,82.0162120731,108.013611474
569,1,90,positive,0.138092372237,-0.0253107068857,0.0774976146324,138.092372237,-25.3107068857,77.4976146324,82.1806990723,82.1806990723,108.383614655
570,0,90,positive,0.138092372237,-0.025174673005,0.0777930369844,138.092372237,-25.174673005,77.7930369844,82.316732953,82.316732953,108.679037007
570,1,90,positive,0.138092372237,-0.0253107068857,0.0774976146324,138.092372237,-25.3107068857,77.4976146324,82.1806990723,82.1806990723,108.383614655
571,0,90,positive,0.138092372237,-0.0247589396066,0.0783500981025,138.092372237,-24.7589396066,78.3500981025,82.7324663514,82.7324663514,109.236098125
571,1,90,positive,0.138092372237,-0.0247591002545,0.078349923306,138.092372237,-24.7591002545,78.349923306,82.7323057035,82.7323057035,109.235923328
572,0,90,positive,0.138092372237,-0.0247580223197,0.0783504376432,138.092372237,-24.7580223197,78.3504376432,82.7333836383,82.7333836383,109.236437665
572,1,90,positive,0.138092372237,-0.0247589396066,0.0783500981025,138.092372237,-24.7589396066,78.3500981025,82.7324663514,82.7324663514,109.236098125
573,0,90,positive,0.138092372237,-0.0195289372717,0.0971356614581,138.092372237,-19.5289372717,97.1356614581,87.9624686862,87.9624686862,128.02166148
573,1,90,positive,0.138092372237,-0.0194558151444,0.0974467505141,138.092372237,-19.4558151444,97.4467505141,88.0355908135,88.0355908135,128.332750536
574,0,90,positive,0.138092372237,-0.0192787230417,0.0983572518406,138.092372237,-19.2787230417,98.3572518406,88.2126829163,88.2126829163,129.243251863
574,1,90,positive,0.138092372237,-0.0194558151444,0.0974467505141,138.092372237,-19.4558151444,97.4467505141,88.0355908135,88.0355908135,128.332750536
575,0,90,positive,0.138092372237,-0.0192787230417,0.0983572518406,138.092372237,-19.2787230417,98.3572518406,88.2126829163,88.2126829163,129.243251863
575,1,90,positive,0.138092372237,-0.0192235317725,0.0987632537468,138.092372237,-19.2235317725,98.7632537468,88.2678741854,88.2678741854,129.649253769
576,0,90,positive,0.138092372237,-0.0191750830032,0.0989127334238,138.092372237,-19.1750830032,98.9127334238,88.3163229548,88.3163229548,129.798733446
576,1,90,positive,0.138092372237,-0.0189753020595,0.0993491606269,138.092372237,-18.9753020595,99.3491606269,88.5161038984,88.5161038984,130.235160649
577,0,90,positive,0.138092372237,-0.0189753020595,0.0993491606269,138.092372237,-18.9753020595,99.3491606269,88.5161038984,88.5161038984,130.235160649
577,1,90,positive,0.138092372237,-0.0189011912111,0.0997312017251,138.092372237,-18.9011912111,99.7312017251,88.5902147469,88.5902147469,130.617201747
578,0,90,positive,0.138092372237,-0.0186913263643,0.100522158167,138.092372237,-18.6913263643,100.522158167,88.8000795937,88.8000795937,131.408158189
578,1,90,positive,0.138092372237,-0.0189011912111,0.0997312017251,138.092372237,-18.9011912111,99.7312017251,88.5902147469,88.5902147469,130.617201747
579,0,90,positive,0.138092372237,-0.0186913263643,0.100522158167,138.092372237,-18.6913263643,100.522158167,88.8000795937,88.8000795937,131.408158189
579,1,90,positive,0.138092372237,-0.0186208253117,0.100778060076,138.092372237,-18.6208253117,100.778060076,88.8705806463,88.8705806463,131.664060099
580,0,90,positive,0.138092372237,-0.0196892532891,0.0963525873047,138.092372237,-19.6892532891,96.3525873047,87.8021526689,87.8021526689,127.238587327
580,1,90,positive,0.138092372237,-0.0197201858172,0.0961846388907,138.092372237,-19.7201858172,96.1846388907,87.7712201407,87.7712201407,127.070638913
581,0,90,positive,0.138092372237,-0.0196427263462,0.0966045296131,138.092372237,-19.6427263462,96.6045296131,87.8486796118,87.8486796118,127.490529635
581,1,90,positive,0.138092372237,-0.0196892532891,0.0963525873047,138.092372237,-19.6892532891,96.3525873047,87.8021526689,87.8021526689,127.238587327
582,0,90,positive,0.138092372237,-0.0196427263462,0.0966045296131,138.092372237,-19.6427263462,96.6045296131,87.8486796118,87.8486796118,127.490529635
582,1,90,positive,0.138092372237,-0.0195289372717,0.0971356614581,138.092372237,-19.5289372717,97.1356614581,87.9624686862,87.9624686862,128.02166148
583,0,90,positive,0.138092372237,-0.0191750830032,0.0989127334238,138.092372237,-19.1750830032,98.9127334238,88.3163229548,88.3163229548,129.798733446
583,1,90,positive,0.138092372237,-0.0192235317725,0.0987632537468,138.092372237,-19.2235317725,98.7632537468,88.2678741854,88.2678741854,129.649253769
584,0,90,positive,0.138092372237,-0.0186208253117,0.100778060076,138.092372237,-18.6208253117,100.778060076,88.8705806463,88.8705806463,131.664060099
584,1,90,positive,0.138092372237,-0.0184293942614,0.101387155497,138.092372237,-18.4293942614,101.387155497,89.0620116966,89.0620116966,132.273155519
585,0,90,positive,0.138092372237,-0.0181323123406,0.102483150098,138.092372237,-18.1323123406,102.483150098,89.3590936174,89.3590936174,133.36915012
585,1,90,positive,0.138092372237,-0.0180377655472,0.102824101619,138.092372237,-18.0377655472,102.824101619,89.4536404108,89.4536404108,133.710101642
586,0,90,positive,0.138092372237,-0.0180377655472,0.102824101619,138.092372237,-18.0377655472,102.824101619,89.4536404108,89.4536404108,133.710101642
586,1,90,positive,0.138092372237,-0.0179593769408,0.102960862918,138.092372237,-17.9593769408,102.960862918,89.5320290172,89.5320290172,133.84686294
587,0,90,positive,0.138092372237,-0.0146076599425,0.0973905822064,138.092372237,-14.6076599425,97.3905822064,92.8837460154,92.8837460154,128.276582229
587,1,90,positive,0.138092372237,-0.0151321794526,0.0954530211129,138.092372237,-15.1321794526,95.4530211129,92.3592265054,92.3592265054,126.339021135
588,0,90,positive,0.138092372237,-0.0146076599425,0.0973905822064,138.092372237,-14.6076599425,97.3905822064,92.8837460154,92.8837460154,128.276582229
588,1,90,positive,0.138092372237,-0.0144853842059,0.0978179701683,138.092372237,-14.4853842059,97.8179701683,93.0060217521,93.0060217521,128.703970191
589,0,90,positive,0.138092372237,-0.0139760803006,0.0994683102773,138.092372237,-13.9760803006,99.4683102773,93.5153256574,93.5153256574,130.3543103
589,1,90,positive,0.138092372237,-0.0142889260498,0.0984938788191,138.092372237,-14.2889260498,98.4938788191,93.2024799082,93.2024799082,129.379878841
590,0,90,positive,0.138092372237,-0.0144853842059,0.0978179701683,138.092372237,-14.4853842059,97.8179701683,93.0060217521,93.0060217521,128.703970191
590,1,90,positive,0.138092372237,-0.0142889260498,0.0984938788191,138.092372237,-14.2889260498,98.4938788191,93.2024799082,93.2024799082,129.379878841
591,0,90,positive,0.138092372237,-0.0138558493649,0.0998660187664,138.092372237,-13.8558493649,99.8660187664,93.635556593,93.635556593,130.752018789
591,1,90,positive,0.138092372237,-0.0139760803006,0.0994683102773,138.092372237,-13.9760803006,99.4683102773,93.5153256574,93.5153256574,130.3543103
592,0,90,positive,0.138092372237,-0.013093338807,0.10251862814,138.092372237,-13.093338807,102.51862814,94.398067151,94.398067151,133.404628163
592,1,90,positive,0.138092372237,-0.0133095191255,0.101686339174,138.092372237,-13.3095191255,101.686339174,94.1818868325,94.1818868325,132.572339196
593,0,90,positive,0.138092372237,-0.0128959961901,0.103124438319,138.092372237,-12.8959961901,103.124438319,94.5954097679,94.5954097679,134.010438341
593,1,90,positive,0.138092372237,-0.013093338807,0.10251862814,138.092372237,-13.093338807,102.51862814,94.398067151,94.398067151,133.404628163
594,0,90,positive,0.138092372237,-0.0138558493649,0.0998660187664,138.092372237,-13.8558493649,99.8660187664,93.635556593,93.635556593,130.752018789
594,1,90,positive,0.138092372237,-0.0135073536215,0.100960974531,138.092372237,-13.5073536215,100.960974531,93.9840523365,93.9840523365,131.846974553
595,0,90,positive,0.138092372237,-0.0135073536215,0.100960974531,138.092372237,-13.5073536215,100.960974531,93.9840523365,93.9840523365,131.846974553
595,1,90,positive,0.138092372237,-0.0133095191255,0.101686339174,138.092372237,-13.3095191255,101.686339174,94.1818868325,94.1818868325,132.572339196
596,0,90,positive,0.138092372237,-0.0125778709755,0.104523005509,138.092372237,-12.5778709755,104.523005509,94.9135349825,94.9135349825,135.409005531
596,1,90,positive,0.138092372237,-0.0126381534859,0.104173591173,138.092372237,-12.6381534859,104.173591173,94.853252472,94.853252472,135.059591195
597,0,90,positive,0.138092372237,-0.012105184313,0.106412316084,138.092372237,-12.105184313,106.412316084,95.386221645,95.386221645,137.298316106
597,1,90,positive,0.138092372237,-0.0125778709755,0.104523005509,138.092372237,-12.5778709755,104.523005509,94.9135349825,94.9135349825,135.409005531
598,0,90,positive,0.138092372237,-0.0128959961901,0.103124438319,138.092372237,-12.8959961901,103.124438319,94.5954097679,94.5954097679,134.010438341
598,1,90,positive,0.138092372237,-0.0126381534859,0.104173591173,138.092372237,-12.6381534859,104.173591173,94.853252472,94.853252472,135.059591195
599,0,90,positive,0.138092372237,-0.0183711182155,0.101590621344,138.092372237,-18.3711182155,101.590621344,89.1202877425,89.1202877425,132.476621367
599,1,90,positive,0.138092372237,-0.0183824454529,0.101559798171,138.092372237,-18.3824454529,101.559798171,89.1089605051,89.1089605051,132.445798193
600,0,90,positive,0.138092372237,-0.0183711182155,0.101590621344,138.092372237,-18.3711182155,101.590621344,89.1202877425,89.1202877425,132.476621367
600,1,90,positive,0.138092372237,-0.0182024866989,0.102254744041,138.092372237,-18.2024866989,102.254744041,89.2889192591,89.2889192591,133.140744063
601,0,90,positive,0.138092372237,-0.0181323123406,0.102483150098,138.092372237,-18.1323123406,102.483150098,89.3590936174,89.3590936174,133.36915012
601,1,90,positive,0.138092372237,-0.0182024866989,0.102254744041,138.092372237,-18.2024866989,102.254744041,89.2889192591,89.2889192591,133.140744063
602,0,90,positive,0.138092372237,-0.0179593769408,0.102960862918,138.092372237,-17.9593769408,102.960862918,89.5320290172,89.5320290172,133.84686294
602,1,90,positive,0.138092372237,-0.0178497693697,0.103354076161,138.092372237,-17.8497693697,103.354076161,89.6416365883,89.6416365883,134.240076184
603,0,90,positive,0.138092372237,-0.0177147885555,0.103696462469,138.092372237,-17.7147885555,103.696462469,89.7766174025,89.7766174025,134.582462491
603,1,90,positive,0.138092372237,-0.0178497693697,0.103354076161,138.092372237,-17.8497693697,103.354076161,89.6416365883,89.6416365883,134.240076184
604,0,90,positive,0.138092372237,-0.0176301934039,0.10411306237,138.092372237,-17.6301934039,104.11306237,89.8612125541,89.8612125541,134.999062392
604,1,90,positive,0.138092372237,-0.0177147885555,0.103696462469,138.092372237,-17.7147885555,103.696462469,89.7766174025,89.7766174025,134.582462491
605,0,90,positive,0.138092372237,-0.0176301934039,0.10411306237,138.092372237,-17.6301934039,104.11306237,89.8612125541,89.8612125541,134.999062392
605,1,90,positive,0.138092372237,-0.0175263598722,0.104569698262,138.092372237,-17.5263598722,104.569698262,89.9650460858,89.9650460858,135.455698284
606,0,90,positive,0.138092372237,-0.0173574508246,0.104987055485,138.092372237,-17.3574508246,104.987055485,90.1339551333,90.1339551333,135.873055507
606,1,90,positive,0.138092372237,-0.0175263598722,0.104569698262,138.092372237,-17.5263598722,104.569698262,89.9650460858,89.9650460858,135.455698284
607,0,90,positive,0.138092372237,-0.0183824454529,0.101559798171,138.092372237,-18.3824454529,101.559798171,89.1089605051,89.1089605051,132.445798193
607,1,90,positive,0.138092372237,-0.0184293942614,0.101387155497,138.092372237,-18.4293942614,101.387155497,89.0620116966,89.0620116966,132.273155519
608,0,90,positive,0.138092372237,-0.012105184313,0.106412316084,138.092372237,-12.105184313,106.412316084,95.386221645,95.386221645,137.298316106
608,1,90,positive,0.138092372237,-0.0119626563503,0.107038810101,138.092372237,-11.9626563503,107.038810101,95.5287496077,95.5287496077,137.924810123
609,0,90,positive,0.138092372237,-0.0119626563503,0.107038810101,138.092372237,-11.9626563503,107.038810101,95.5287496077,95.5287496077,137.924810123
609,1,90,positive,0.138092372237,-0.0118955302483,0.107219673235,138.092372237,-11.8955302483,107.219673235,95.5958757097,95.5958757097,138.105673257
610,0,90,positive,0.138092372237,-0.0114690875451,0.109410945507,138.092372237,-11.4690875451,109.410945507,96.0223184128,96.0223184128,140.29694553
610,1,90,positive,0.138092372237,-0.0115077696937,0.109210087653,138.092372237,-11.5077696937,109.210087653,95.9836362643,95.9836362643,140.096087675
611,0,90,positive,0.138092372237,-0.0118955302483,0.107219673235,138.092372237,-11.8955302483,107.219673235,95.5958757097,95.5958757097,138.105673257
611,1,90,positive,0.138092372237,-0.0115077696937,0.109210087653,138.092372237,-11.5077696937,109.210087653,95.9836362643,95.9836362643,140.096087675
612,0,90,positive,0.138092372237,-0.0114690875451,0.109410945507,138.092372237,-11.4690875451,109.410945507,96.0223184128,96.0223184128,140.29694553
612,1,90,positive,0.138092372237,-0.0112593690046,0.110596502611,138.092372237,-11.2593690046,110.596502611,96.2320369534,96.2320369534,141.482502634
613,0,90,positive,0.138092372237,-0.0100516465075,0.114726790533,138.092372237,-10.0516465075,114.726790533,97.4397594505,97.4397594505,145.612790555
613,1,90,positive,0.138092372237,-0.0102119025659,0.114488192698,138.092372237,-10.2119025659,114.488192698,97.2795033921,97.2795033921,145.37419272
614,0,90,positive,0.138092372237,-0.0110281853642,0.111785378344,138.092372237,-11.0281853642,111.785378344,96.4632205938,96.4632205938,142.671378367
614,1,90,positive,0.138092372237,-0.0112593690046,0.110596502611,138.092372237,-11.2593690046,110.596502611,96.2320369534,96.2320369534,141.482502634
615,0,90,positive,0.138092372237,-0.0110281853642,0.111785378344,138.092372237,-11.0281853642,111.785378344,96.4632205938,96.4632205938,142.671378367
615,1,90,positive,0.138092372237,-0.0108622039749,0.112501616504,138.092372237,-10.8622039749,112.501616504,96.629201983,96.629201983,143.387616527
616,0,90,positive,0.138092372237,-0.0107332260377,0.113040480379,138.092372237,-10.7332260377,113.040480379,96.7581799203,96.7581799203,143.926480401
616,1,90,positive,0.138092372237,-0.0108622039749,0.112501616504,138.092372237,-10.8622039749,112.501616504,96.629201983,96.629201983,143.387616527
617,0,90,positive,0.138092372237,-0.0107332260377,0.113040480379,138.092372237,-10.7332260377,113.040480379,96.7581799203,96.7581799203,143.926480401
617,1,90,positive,0.138092372237,-0.010575430287,0.113805217411,138.092372237,-10.575430287,113.805217411,96.9159756709,96.9159756709,144.691217433
618,0,90,positive,0.138092372237,-0.0104794924593,0.114025160582,138.092372237,-10.4794924593,114.025160582,97.0119134987,97.0119134987,144.911160605
618,1,90,positive,0.138092372237,-0.010575430287,0.113805217411,138.092372237,-10.575430287,113.805217411,96.9159756709,96.9159756709,144.691217433
619,0,90,positive,0.138092372237,-0.0104794924593,0.114025160582,138.092372237,-10.4794924593,114.025160582,97.0119134987,97.0119134987,144.911160605
619,1,90,positive,0.138092372237,-0.0102119025659,0.114488192698,138.092372237,-10.2119025659,114.488192698,97.2795033921,97.2795033921,145.37419272
620,0,90,positive,0.138092372237,-0.0100516465075,0.114726790533,138.092372237,-10.0516465075,114.726790533,97.4397594505,97.4397594505,145.612790555
620,1,90,positive,0.138092372237,-0.00998617396278,0.114877838185,138.092372237,-9.98617396278,114.877838185,97.5052319952,97.5052319952,145.763838207
621,0,90,positive,0.138092372237,-0.0173574508246,0.104987055485,138.092372237,-17.3574508246,104.987055485,90.1339551333,90.1339551333,135.873055507
621,1,90,positive,0.138092372237,-0.0171580452417,0.105597596307,138.092372237,-17.1580452417,105.597596307,90.3333607163,90.3333607163,136.483596329
622,0,90,positive,0.138092372237,-0.0170460431901,0.10602626435,138.092372237,-17.0460431901,106.02626435,90.4453627679,90.4453627679,136.912264372
622,1,90,positive,0.138092372237,-0.0171580452417,0.105597596307,138.092372237,-17.1580452417,105.597596307,90.3333607163,90.3333607163,136.483596329
623,0,90,positive,0.138092372237,-0.0170103649665,0.106154822252,138.092372237,-17.0103649665,106.154822252,90.4810409915,90.4810409915,137.040822274
623,1,90,positive,0.138092372237,-0.0169587830803,0.106590845305,138.092372237,-16.9587830803,106.590845305,90.5326228777,90.5326228777,137.476845327
624,0,90,positive,0.138092372237,-0.0170103649665,0.106154822252,138.092372237,-17.0103649665,106.154822252,90.4810409915,90.4810409915,137.040822274
624,1,90,positive,0.138092372237,-0.0170460431901,0.10602626435,138.092372237,-17.0460431901,106.02626435,90.4453627679,90.4453627679,136.912264372
625,0,90,positive,0.138092372237,-0.0168455829583,0.107001306457,138.092372237,-16.8455829583,107.001306457,90.6458229997,90.6458229997,137.88730648
625,1,90,positive,0.138092372237,-0.0168122007413,0.107342414485,138.092372237,-16.8122007413,107.342414485,90.6792052167,90.6792052167,138.228414507
626,0,90,positive,0.138092372237,-0.0166727684113,0.107620332479,138.092372237,-16.6727684113,107.620332479,90.8186375467,90.8186375467,138.506332501
626,1,90,positive,0.138092372237,-0.0168122007413,0.107342414485,138.092372237,-16.8122007413,107.342414485,90.6792052167,90.6792052167,138.228414507
627,0,90,positive,0.138092372237,-0.0166727684113,0.107620332479,138.092372237,-16.6727684113,107.620332479,90.8186375467,90.8186375467,138.506332501
627,1,90,positive,0.138092372237,-0.0165820384171,0.107834148652,138.092372237,-16.5820384171,107.834148652,90.9093675409,90.9093675409,138.720148674
628,0,90,positive,0.138092372237,-0.0168455829583,0.107001306457,138.092372237,-16.8455829583,107.001306457,90.6458229997,90.6458229997,137.88730648
628,1,90,positive,0.138092372237,-0.0169587830803,0.106590845305,138.092372237,-16.9587830803,106.590845305,90.5326228777,90.5326228777,137.476845327
629,0,90,positive,0.138092372237,-0.0165442677805,0.108257708696,138.092372237,-16.5442677805,108.257708696,90.9471381775,90.9471381775,139.143708718
629,1,90,positive,0.138092372237,-0.0165073788297,0.10839388353,138.092372237,-16.5073788297,108.39388353,90.9840271283,90.9840271283,139.279883552
630,0,90,positive,0.138092372237,-0.0164363049989,0.108970490383,138.092372237,-16.4363049989,108.970490383,91.0551009591,91.0551009591,139.856490406
630,1,90,positive,0.138092372237,-0.0165073788297,0.10839388353,138.092372237,-16.5073788297,108.39388353,90.9840271283,90.9840271283,139.279883552
631,0,90,positive,0.138092372237,-0.0164363049989,0.108970490383,138.092372237,-16.4363049989,108.970490383,91.0551009591,91.0551009591,139.856490406
631,1,90,positive,0.138092372237,-0.0164032447136,0.109266329627,138.092372237,-16.4032447136,109.266329627,91.0881612444,91.0881612444,140.152329649
632,0,90,positive,0.138092372237,-0.0163624197819,0.10974883114,138.092372237,-16.3624197819,109.74883114,91.1289861761,91.1289861761,140.634831162
632,1,90,positive,0.138092372237,-0.0164032447136,0.109266329627,138.092372237,-16.4032447136,109.266329627,91.0881612444,91.0881612444,140.152329649
633,0,90,positive,0.138092372237,-0.0163624197819,0.10974883114,138.092372237,-16.3624197819,109.74883114,91.1289861761,91.1289861761,140.634831162
633,1,90,positive,0.138092372237,-0.0163195681335,0.110371012229,138.092372237,-16.3195681335,110.371012229,91.1718378245,91.1718378245,141.257012251
634,0,90,positive,0.138092372237,-0.0165442677805,0.108257708696,138.092372237,-16.5442677805,108.257708696,90.9471381775,90.9471381775,139.143708718
634,1,90,positive,0.138092372237,-0.0165820384171,0.107834148652,138.092372237,-16.5820384171,107.834148652,90.9093675409,90.9093675409,138.720148674
635,0,90,positive,0.138092372237,-0.0162278931394,0.111012841003,138.092372237,-16.2278931394,111.012841003,91.2635128186,91.2635128186,141.898841025
635,1,90,positive,0.138092372237,-0.0162286261619,0.111117038984,138.092372237,-16.2286261619,111.117038984,91.2627797961,91.2627797961,142.003039006
636,0,90,positive,0.138092372237,-0.0162286261619,0.111117038984,138.092372237,-16.2286261619,111.117038984,91.2627797961,91.2627797961,142.003039006
636,1,90,positive,0.138092372237,-0.0161977963873,0.111353588856,138.092372237,-16.1977963873,111.353588856,91.2936095706,91.2936095706,142.239588879
637,0,90,positive,0.138092372237,-0.0162790157222,0.110803495462,138.092372237,-16.2790157222,110.803495462,91.2123902358,91.2123902358,141.689495484
637,1,90,positive,0.138092372237,-0.0162278931394,0.111012841003,138.092372237,-16.2278931394,111.012841003,91.2635128186,91.2635128186,141.898841025
638,0,90,positive,0.138092372237,-0.0161977963873,0.111353588856,138.092372237,-16.1977963873,111.353588856,91.2936095706,91.2936095706,142.239588879
638,1,90,positive,0.138092372237,-0.0160751122123,0.112215339345,138.092372237,-16.0751122123,112.215339345,91.4162937457,91.4162937457,143.101339367
639,0,90,positive,0.138092372237,-0.0162790157222,0.110803495462,138.092372237,-16.2790157222,110.803495462,91.2123902358,91.2123902358,141.689495484
639,1,90,positive,0.138092372237,-0.0163195681335,0.110371012229,138.092372237,-16.3195681335,110.371012229,91.1718378245,91.1718378245,141.257012251
640,0,90,positive,0.138092372237,-0.0160185666305,0.112645409475,138.092372237,-16.0185666305,112.645409475,91.4728393274,91.4728393274,143.531409497
640,1,90,positive,0.138092372237,-0.0160751122123,0.112215339345,138.092372237,-16.0751122123,112.215339345,91.4162937457,91.4162937457,143.101339367
641,0,90,positive,0.138092372237,-0.0160180145307,0.112788616642,138.092372237,-16.0180145307,112.788616642,91.4733914273,91.4733914273,143.674616664
641,1,90,positive,0.138092372237,-0.0160185666305,0.112645409475,138.092372237,-16.0185666305,112.645409475,91.4728393274,91.4728393274,143.531409497
642,0,90,positive,0.138092372237,-0.0159147620772,0.114232090924,138.092372237,-15.9147620772,114.232090924,91.5766438808,91.5766438808,145.118090947
642,1,90,positive,0.138092372237,-0.0158137586821,0.114456358431,138.092372237,-15.8137586821,114.456358431,91.6776472759,91.6776472759,145.342358454
643,0,90,positive,0.138092372237,-0.0158137586821,0.114456358431,138.092372237,-15.8137586821,114.456358431,91.6776472759,91.6776472759,145.342358454
643,1,90,positive,0.138092372237,-0.0155224993081,0.114863625317,138.092372237,-15.5224993081,114.863625317,91.9689066499,91.9689066499,145.749625339
644,0,90,positive,0.138092372237,-0.0160180145307,0.112788616642,138.092372237,-16.0180145307,112.788616642,91.4733914273,91.4733914273,143.674616664
644,1,90,positive,0.138092372237,-0.0161510526384,0.113839677007,138.092372237,-16.1510526384,113.839677007,91.3403533196,91.3403533196,144.725677029
645,0,90,positive,0.138092372237,-0.0161501416729,0.113888768244,138.092372237,-16.1501416729,113.888768244,91.3412642851,91.3412642851,144.774768266
645,1,90,positive,0.138092372237,-0.0161510526384,0.113839677007,138.092372237,-16.1510526384,113.839677007,91.3403533196,91.3403533196,144.725677029
646,0,90,positive,0.138092372237,-0.0161162081639,0.113963938137,138.092372237,-16.1162081639,113.963938137,91.3751977941,91.3751977941,144.84993816
646,1,90,positive,0.138092372237,-0.0159147620772,0.114232090924,138.092372237,-15.9147620772,114.232090924,91.5766438808,91.5766438808,145.118090947
647,0,90,positive,0.138092372237,-0.0161162081639,0.113963938137,138.092372237,-16.1162081639,113.963938137,91.3751977941,91.3751977941,144.84993816
647,1,90,positive,0.138092372237,-0.0161501416729,0.113888768244,138.092372237,-16.1501416729,113.888768244,91.3412642851,91.3412642851,144.774768266
648,0,90,positive,0.138092372237,-0.0154765510891,0.114933397193,138.092372237,-15.4765510891,114.933397193,92.0148548689,92.0148548689,145.819397215
648,1,90,positive,0.138092372237,-0.0155224993081,0.114863625317,138.092372237,-15.5224993081,114.863625317,91.9689066499,91.9689066499,145.749625339
649,0,90,positive,0.138092372237,-0.00991888109417,0.115049853652,138.092372237,-9.91888109417,115.049853652,97.5725248638,97.5725248638,145.935853675
649,1,90,positive,0.138092372237,-0.00998617396278,0.114877838185,138.092372237,-9.98617396278,114.877838185,97.5052319952,97.5052319952,145.763838207
650,0,90,positive,0.138092372237,-0.00991888109417,0.115049853652,138.092372237,-9.91888109417,115.049853652,97.5725248638,97.5725248638,145.935853675
650,1,90,positive,0.138092372237,-0.00991938038093,0.115255465402,138.092372237,-9.91938038093,115.255465402,97.5720255771,97.5720255771,146.141465424
651,0,90,positive,0.138092372237,-0.0099137334267,0.115451511403,138.092372237,-9.9137334267,115.451511403,97.5776725313,97.5776725313,146.337511425
651,1,90,positive,0.138092372237,-0.00991938038093,0.115255465402,138.092372237,-9.91938038093,115.255465402,97.5720255771,97.5720255771,146.141465424
652,0,90,positive,0.138092372237,-0.010145875952,0.116081068999,138.092372237,-10.145875952,116.081068999,97.345530006,97.345530006,146.967069021
652,1,90,positive,0.138092372237,-0.0099709210779,0.115658894953,138.092372237,-9.9709210779,115.658894953,97.5204848801,97.5204848801,146.544894975
653,0,90,positive,0.138092372237,-0.0099137334267,0.115451511403,138.092372237,-9.9137334267,115.451511403,97.5776725313,97.5776725313,146.337511425
653,1,90,positive,0.138092372237,-0.0099709210779,0.115658894953,138.092372237,-9.9709210779,115.658894953,97.5204848801,97.5204848801,146.544894975
654,0,90,positive,0.138092372237,-0.0101757016618,0.116442568111,138.092372237,-10.1757016618,116.442568111,97.3157042962,97.3157042962,147.328568134
654,1,90,positive,0.138092372237,-0.0101501545583,0.116274911346,138.092372237,-10.1501545583,116.274911346,97.3412513997,97.3412513997,147.160911368
655,0,90,positive,0.138092372237,-0.0101556055365,0.116563062088,138.092372237,-10.1556055365,116.563062088,97.3358004215,97.3358004215,147.44906211
655,1,90,positive,0.138092372237,-0.0101757016618,0.116442568111,138.092372237,-10.1757016618,116.442568111,97.3157042962,97.3157042962,147.328568134
656,0,90,positive,0.138092372237,-0.010145875952,0.116081068999,138.092372237,-10.145875952,116.081068999,97.345530006,97.345530006,146.967069021
656,1,90,positive,0.138092372237,-0.0101501545583,0.116274911346,138.092372237,-10.1501545583,116.274911346,97.3412513997,97.3412513997,147.160911368
657,0,90,positive,0.138092372237,-0.0152971075374,0.116953327602,138.092372237,-15.2971075374,116.953327602,92.1942984206,92.1942984206,147.839327624
657,1,90,positive,0.138092372237,-0.0152812802746,0.11705156475,138.092372237,-15.2812802746,117.05156475,92.2101256833,92.2101256833,147.937564772
658,0,90,positive,0.138092372237,-0.0154486660305,0.11584767072,138.092372237,-15.4486660305,115.84767072,92.0427399275,92.0427399275,146.733670742
658,1,90,positive,0.138092372237,-0.0154048492982,0.116386210575,138.092372237,-15.4048492982,116.386210575,92.0865566597,92.0865566597,147.272210597
659,0,90,positive,0.138092372237,-0.0154603875788,0.115014125661,138.092372237,-15.4603875788,115.014125661,92.0310183792,92.0310183792,145.900125683
659,1,90,positive,0.138092372237,-0.0154081418247,0.115487844951,138.092372237,-15.4081418247,115.487844951,92.0832641333,92.0832641333,146.373844974
660,0,90,positive,0.138092372237,-0.0154603875788,0.115014125661,138.092372237,-15.4603875788,115.014125661,92.0310183792,92.0310183792,145.900125683
660,1,90,positive,0.138092372237,-0.0154765510891,0.114933397193,138.092372237,-15.4765510891,114.933397193,92.0148548689,92.0148548689,145.819397215
661,0,90,positive,0.138092372237,-0.0154486660305,0.11584767072,138.092372237,-15.4486660305,115.84767072,92.0427399275,92.0427399275,146.733670742
661,1,90,positive,0.138092372237,-0.0154081418247,0.115487844951,138.092372237,-15.4081418247,115.487844951,92.0832641333,92.0832641333,146.373844974
662,0,90,positive,0.138092372237,-0.01535520796,0.116552407752,138.092372237,-15.35520796,116.552407752,92.136197998,92.136197998,147.438407774
662,1,90,positive,0.138092372237,-0.0154048492982,0.116386210575,138.092372237,-15.4048492982,116.386210575,92.0865566597,92.0865566597,147.272210597
663,0,90,positive,0.138092372237,-0.0152971075374,0.116953327602,138.092372237,-15.2971075374,116.953327602,92.1942984206,92.1942984206,147.839327624
663,1,90,positive,0.138092372237,-0.01535520796,0.116552407752,138.092372237,-15.35520796,116.552407752,92.136197998,92.136197998,147.438407774
664,0,90,positive,0.138092372237,-0.0152553990887,0.117207055598,138.092372237,-15.2553990887,117.207055598,92.2360068693,92.2360068693,148.093055621
664,1,90,positive,0.138092372237,-0.0152812802746,0.11705156475,138.092372237,-15.2812802746,117.05156475,92.2101256833,92.2101256833,147.937564772
665,0,90,positive,0.138092372237,-0.0152553990887,0.117207055598,138.092372237,-15.2553990887,117.207055598,92.2360068693,92.2360068693,148.093055621
665,1,90,positive,0.138092372237,-0.0151810811231,0.117478049518,138.092372237,-15.1810811231,117.478049518,92.3103248348,92.3103248348,148.36404954
666,0,90,positive,0.138092372237,-0.0151810811231,0.117478049518,138.092372237,-15.1810811231,117.478049518,92.3103248348,92.3103248348,148.36404954
666,1,90,positive,0.138092372237,-0.0150352098117,0.118330592295,138.092372237,-15.0352098117,118.330592295,92.4561961462,92.4561961462,149.216592317
667,0,90,positive,0.138092372237,-0.0150243178746,0.118406477315,138.092372237,-15.0243178746,118.406477315,92.4670880834,92.4670880834,149.292477338
667,1,90,positive,0.138092372237,-0.0150352098117,0.118330592295,138.092372237,-15.0352098117,118.330592295,92.4561961462,92.4561961462,149.216592317
668,0,90,positive,0.138092372237,-0.00111200215762,0.173550079932,138.092372237,-1.11200215762,173.550079932,106.3794038,106.3794038,204.436079955
668,1,90,positive,0.138092372237,-0.0012399172343,0.172095973253,138.092372237,-1.2399172343,172.095973253,106.251488724,106.251488724,202.981973275
669,0,90,positive,0.138092372237,-0.00114931227819,0.17591113577,138.092372237,-1.14931227819,175.91113577,106.34209368,106.34209368,206.797135793
669,1,90,positive,0.138092372237,-0.00108304861971,0.175807677298,138.092372237,-1.08304861971,175.807677298,106.408357338,106.408357338,206.69367732
670,0,90,positive,0.138092372237,-0.00108304861971,0.175807677298,138.092372237,-1.08304861971,175.807677298,106.408357338,106.408357338,206.69367732
670,1,90,positive,0.138092372237,-0.00105409373311,0.175603160952,138.092372237,-1.05409373311,175.603160952,106.437312225,106.437312225,206.489160974
671,0,90,positive,0.138092372237,-0.000999861018631,0.175316980624,138.092372237,-0.999861018631,175.316980624,106.491544939,106.491544939,206.202980647
671,1,90,positive,0.138092372237,-0.00105409373311,0.175603160952,138.092372237,-1.05409373311,175.603160952,106.437312225,106.437312225,206.489160974
672,0,90,positive,0.138092372237,-0.00561357990524,0.17200047276,138.092372237,-5.61357990524,172.00047276,101.877826053,101.877826053,202.886472783
672,1,90,positive,0.138092372237,-0.00560136709301,0.172282077935,138.092372237,-5.60136709301,172.282077935,101.890038865,101.890038865,203.168077958
673,0,90,positive,0.138092372237,-0.00554730250696,0.173456813212,138.092372237,-5.54730250696,173.456813212,101.944103451,101.944103451,204.342813234
673,1,90,positive,0.138092372237,-0.00560136709301,0.172282077935,138.092372237,-5.60136709301,172.282077935,101.890038865,101.890038865,203.168077958
674,0,90,positive,0.138092372237,-0.00556721162734,0.174031815819,138.092372237,-5.56721162734,174.031815819,101.924194331,101.924194331,204.917815841
674,1,90,positive,0.138092372237,-0.00554730250696,0.173456813212,138.092372237,-5.54730250696,173.456813212,101.944103451,101.944103451,204.342813234
675,0,90,positive,0.138092372237,-0.00557964571173,0.174411818745,138.092372237,-5.57964571173,174.411818745,101.911760246,101.911760246,205.297818768
675,1,90,positive,0.138092372237,-0.00556721162734,0.174031815819,138.092372237,-5.56721162734,174.031815819,101.924194331,101.924194331,204.917815841
676,0,90,positive,0.138092372237,-0.00557964571173,0.174411818745,138.092372237,-5.57964571173,174.411818745,101.911760246,101.911760246,205.297818768
676,1,90,positive,0.138092372237,-0.0056577981183,0.174717567092,138.092372237,-5.6577981183,174.717567092,101.83360784,101.83360784,205.603567115
677,0,90,positive,0.138092372237,-0.00574764969192,0.175122588141,138.092372237,-5.74764969192,175.122588141,101.743756266,101.743756266,206.008588164
677,1,90,positive,0.138092372237,-0.00601562578812,0.175519310479,138.092372237,-6.01562578812,175.519310479,101.47578017,101.47578017,206.405310501
678,0,90,positive,0.138092372237,-0.00609903962307,0.175803181205,138.092372237,-6.09903962307,175.803181205,101.392366335,101.392366335,206.689181227
678,1,90,positive,0.138092372237,-0.00609405307583,0.175982837355,138.092372237,-6.09405307583,175.982837355,101.397352882,101.397352882,206.868837377
679,0,90,positive,0.138092372237,-0.00609903962307,0.175803181205,138.092372237,-6.09903962307,175.803181205,101.392366335,101.392366335,206.689181227
679,1,90,positive,0.138092372237,-0.00601562578812,0.175519310479,138.092372237,-6.01562578812,175.519310479,101.47578017,101.47578017,206.405310501
680,0,90,positive,0.138092372237,-0.00574764969192,0.175122588141,138.092372237,-5.74764969192,175.122588141,101.743756266,101.743756266,206.008588164
680,1,90,positive,0.138092372237,-0.0056577981183,0.174717567092,138.092372237,-5.6577981183,174.717567092,101.83360784,101.83360784,205.603567115
681,0,90,positive,0.138092372237,-0.00594434296549,0.176166654069,138.092372237,-5.94434296549,176.166654069,101.547062992,101.547062992,207.052654091
681,1,90,positive,0.138092372237,-0.00570030035342,0.17634644307,138.092372237,-5.70030035342,176.34644307,101.791105605,101.791105605,207.232443093
682,0,90,positive,0.138092372237,-0.00545083735157,0.17677832732,138.092372237,-5.45083735157,176.77832732,102.040568606,102.040568606,207.664327342
682,1,90,positive,0.138092372237,-0.00570030035342,0.17634644307,138.092372237,-5.70030035342,176.34644307,101.791105605,101.791105605,207.232443093
683,0,90,positive,0.138092372237,-0.00603446404377,0.176083171251,138.092372237,-6.03446404377,176.083171251,101.456941914,101.456941914,206.969171274
683,1,90,positive,0.138092372237,-0.00609405307583,0.175982837355,138.092372237,-6.09405307583,175.982837355,101.397352882,101.397352882,206.868837377
684,0,90,positive,0.138092372237,-0.00594434296549,0.176166654069,138.092372237,-5.94434296549,176.166654069,101.547062992,101.547062992,207.052654091
684,1,90,positive,0.138092372237,-0.00603446404377,0.176083171251,138.092372237,-6.03446404377,176.083171251,101.456941914,101.456941914,206.969171274
685,0,90,positive,0.138092372237,-0.00111200215762,0.173550079932,138.092372237,-1.11200215762,173.550079932,106.3794038,106.3794038,204.436079955
685,1,90,positive,0.138092372237,-0.00101420983356,0.17483814452,138.092372237,-1.01420983356,174.83814452,106.477196124,106.477196124,205.724144542
686,0,90,positive,0.138092372237,-0.00101420983356,0.17483814452,138.092372237,-1.01420983356,174.83814452,106.477196124,106.477196124,205.724144542
686,1,90,positive,0.138092372237,-0.00100202743371,0.17507330436,138.092372237,-1.00202743371,175.07330436,106.489378524,106.489378524,205.959304382
687,0,90,positive,0.138092372237,-0.00100202743371,0.17507330436,138.092372237,-1.00202743371,175.07330436,106.489378524,106.489378524,205.959304382
687,1,90,positive,0.138092372237,-0.000999861018631,0.175316980624,138.092372237,-0.999861018631,175.316980624,106.491544939,106.491544939,206.202980647
688,0,90,positive,0.138092372237,-0.00638710478962,0.130844210108,138.092372237,-6.38710478962,130.844210108,101.104301168,101.104301168,161.73021013
688,1,90,positive,0.138092372237,-0.00616782053437,0.132127079373,138.092372237,-6.16782053437,132.127079373,101.323585424,101.323585424,163.013079395
689,0,90,positive,0.138092372237,-0.00615658533994,0.132192422506,138.092372237,-6.15658533994,132.192422506,101.334820618,101.334820618,163.078422529
689,1,90,positive,0.138092372237,-0.00595262838478,0.133382202045,138.092372237,-5.95262838478,133.382202045,101.538777573,101.538777573,164.268202067
690,0,90,positive,0.138092372237,-0.00595262838478,0.133382202045,138.092372237,-5.95262838478,133.382202045,101.538777573,101.538777573,164.268202067
690,1,90,positive,0.138092372237,-0.00584843568357,0.13413051493,138.092372237,-5.84843568357,134.13051493,101.642970274,101.642970274,165.016514953
691,0,90,positive,0.138092372237,-0.0032446213277,0.148319816994,138.092372237,-3.2446213277,148.319816994,104.24678463,104.24678463,179.205817016
691,1,90,positive,0.138092372237,-0.00336912102261,0.147821662585,138.092372237,-3.36912102261,147.821662585,104.122284935,104.122284935,178.707662607
692,0,90,positive,0.138092372237,-0.00296136280352,0.14963431217,138.092372237,-2.96136280352,149.63431217,104.530043154,104.530043154,180.520312193
692,1,90,positive,0.138092372237,-0.00318591055851,0.148611877313,138.092372237,-3.18591055851,148.611877313,104.305495399,104.305495399,179.497877335
693,0,90,positive,0.138092372237,-0.00296136280352,0.14963431217,138.092372237,-2.96136280352,149.63431217,104.530043154,104.530043154,180.520312193
693,1,90,positive,0.138092372237,-0.00280409498955,0.150437680432,138.092372237,-2.80409498955,150.437680432,104.687310968,104.687310968,181.323680454
694,0,90,positive,0.138092372237,-0.00265451318154,0.151038484511,138.092372237,-2.65451318154,151.038484511,104.836892776,104.836892776,181.924484533
694,1,90,positive,0.138092372237,-0.00280409498955,0.150437680432,138.092372237,-2.80409498955,150.437680432,104.687310968,104.687310968,181.323680454
695,0,90,positive,0.138092372237,-0.00241488579091,0.152162880294,138.092372237,-2.41488579091,152.162880294,105.076520167,105.076520167,183.048880316
695,1,90,positive,0.138092372237,-0.002457022893,0.151858471832,138.092372237,-2.457022893,151.858471832,105.034383065,105.034383065,182.744471854
696,0,90,positive,0.138092372237,-0.00207860066046,0.154226794518,138.092372237,-2.07860066046,154.226794518,105.412805298,105.412805298,185.11279454
696,1,90,positive,0.138092372237,-0.00212002491752,0.154024656873,138.092372237,-2.12002491752,154.024656873,105.37138104,105.37138104,184.910656896
697,0,90,positive,0.138092372237,-0.00241488579091,0.152162880294,138.092372237,-2.41488579091,152.162880294,105.076520167,105.076520167,183.048880316
697,1,90,positive,0.138092372237,-0.00212002491752,0.154024656873,138.092372237,-2.12002491752,154.024656873,105.37138104,105.37138104,184.910656896
698,0,90,positive,0.138092372237,-0.00203897963721,0.154776814479,138.092372237,-2.03897963721,154.776814479,105.452426321,105.452426321,185.662814501
698,1,90,positive,0.138092372237,-0.00207860066046,0.154226794518,138.092372237,-2.07860066046,154.226794518,105.412805298,105.412805298,185.11279454
699,0,90,positive,0.138092372237,-0.00174284949759,0.158238675064,138.092372237,-1.74284949759,158.238675064,105.74855646,105.74855646,189.124675086
699,1,90,positive,0.138092372237,-0.00184037881611,0.157106616964,138.092372237,-1.84037881611,157.106616964,105.651027142,105.651027142,187.992616986
700,0,90,positive,0.138092372237,-0.0019250151586,0.155920003599,138.092372237,-1.9250151586,155.920003599,105.566390799,105.566390799,186.806003622
700,1,90,positive,0.138092372237,-0.00184037881611,0.157106616964,138.092372237,-1.84037881611,157.106616964,105.651027142,105.651027142,187.992616986
701,0,90,positive,0.138092372237,-0.001731264981,0.158526887599,138.092372237,-1.731264981,158.526887599,105.760140977,105.760140977,189.412887621
701,1,90,positive,0.138092372237,-0.00174284949759,0.158238675064,138.092372237,-1.74284949759,158.238675064,105.74855646,105.74855646,189.124675086
702,0,90,positive,0.138092372237,-0.001731264981,0.158526887599,138.092372237,-1.731264981,158.526887599,105.760140977,105.760140977,189.412887621
702,1,90,positive,0.138092372237,-0.00172008542655,0.159364272763,138.092372237,-1.72008542655,159.364272763,105.771320531,105.771320531,190.250272786
703,0,90,positive,0.138092372237,-0.00171304925611,0.16002611683,138.092372237,-1.71304925611,160.02611683,105.778356702,105.778356702,190.912116853
703,1,90,positive,0.138092372237,-0.00172008542655,0.159364272763,138.092372237,-1.72008542655,159.364272763,105.771320531,105.771320531,190.250272786
704,0,90,positive,0.138092372237,-0.00158140010464,0.161450693581,138.092372237,-1.58140010464,161.450693581,105.910005853,105.910005853,192.336693603
704,1,90,positive,0.138092372237,-0.00161957886001,0.161008582165,138.092372237,-1.61957886001,161.008582165,105.871827098,105.871827098,191.894582188
705,0,90,positive,0.138092372237,-0.00158140010464,0.161450693581,138.092372237,-1.58140010464,161.450693581,105.910005853,105.910005853,192.336693603
705,1,90,positive,0.138092372237,-0.00158482815098,0.162517406144,138.092372237,-1.58482815098,162.517406144,105.906577807,105.906577807,193.403406166
706,0,90,positive,0.138092372237,-0.00153098891406,0.163815372449,138.092372237,-1.53098891406,163.815372449,105.960417044,105.960417044,194.701372471
706,1,90,positive,0.138092372237,-0.00158482815098,0.162517406144,138.092372237,-1.58482815098,162.517406144,105.906577807,105.906577807,193.403406166
707,0,90,positive,0.138092372237,-0.00147760233815,0.166670748143,138.092372237,-1.47760233815,166.670748143,106.01380362,106.01380362,197.556748165
707,1,90,positive,0.138092372237,-0.00147947671392,0.166028469891,138.092372237,-1.47947671392,166.028469891,106.011929244,106.011929244,196.914469913
708,0,90,positive,0.138092372237,-0.0014222314781,0.168231089661,138.092372237,-1.4222314781,168.231089661,106.06917448,106.06917448,199.117089684
708,1,90,positive,0.138092372237,-0.00142480178358,0.168183174208,138.092372237,-1.42480178358,168.183174208,106.066604174,106.066604174,199.06917423
709,0,90,positive,0.138092372237,-0.00141896696403,0.168272566165,138.092372237,-1.41896696403,168.272566165,106.072438994,106.072438994,199.158566187
709,1,90,positive,0.138092372237,-0.0014222314781,0.168231089661,138.092372237,-1.4222314781,168.231089661,106.06917448,106.06917448,199.117089684
710,0,90,positive,0.138092372237,-0.00141175713331,0.168450965473,138.092372237,-1.41175713331,168.450965473,106.079648825,106.079648825,199.336965495
710,1,90,positive,0.138092372237,-0.00141896696403,0.168272566165,138.092372237,-1.41896696403,168.272566165,106.072438994,106.072438994,199.158566187
711,0,90,positive,0.138092372237,-0.00141175713331,0.168450965473,138.092372237,-1.41175713331,168.450965473,106.079648825,106.079648825,199.336965495
711,1,90,positive,0.138092372237,-0.00129682387056,0.171106567188,138.092372237,-1.29682387056,171.106567188,106.194582087,106.194582087,201.99256721
712,0,90,positive,0.138092372237,-0.00558035467028,0.135755129134,138.092372237,-5.58035467028,135.755129134,101.911051288,101.911051288,166.641129156
712,1,90,positive,0.138092372237,-0.0057115556044,0.134914982856,138.092372237,-5.7115556044,134.914982856,101.779850354,101.779850354,165.800982878
713,0,90,positive,0.138092372237,-0.00584843568357,0.13413051493,138.092372237,-5.84843568357,134.13051493,101.642970274,101.642970274,165.016514953
713,1,90,positive,0.138092372237,-0.0057115556044,0.134914982856,138.092372237,-5.7115556044,134.914982856,101.779850354,101.779850354,165.800982878
714,0,90,positive,0.138092372237,-0.00558035467028,0.135755129134,138.092372237,-5.58035467028,135.755129134,101.911051288,101.911051288,166.641129156
714,1,90,positive,0.138092372237,-0.00549928483034,0.136451011219,138.092372237,-5.49928483034,136.451011219,101.992121128,101.992121128,167.337011241
715,0,90,positive,0.138092372237,-0.00549928483034,0.136451011219,138.092372237,-5.49928483034,136.451011219,101.992121128,101.992121128,167.337011241
715,1,90,positive,0.138092372237,-0.00529226541932,0.137737965249,138.092372237,-5.29226541932,137.737965249,102.199140539,102.199140539,168.623965272
716,0,90,positive,0.138092372237,-0.00525696349395,0.138032136898,138.092372237,-5.25696349395,138.032136898,102.234442464,102.234442464,168.91813692
716,1,90,positive,0.138092372237,-0.00529226541932,0.137737965249,138.092372237,-5.29226541932,137.737965249,102.199140539,102.199140539,168.623965272
717,0,90,positive,0.138092372237,-0.00512847331363,0.13863897104,138.092372237,-5.12847331363,138.63897104,102.362932644,102.362932644,169.524971062
717,1,90,positive,0.138092372237,-0.00525696349395,0.138032136898,138.092372237,-5.25696349395,138.032136898,102.234442464,102.234442464,168.91813692
718,0,90,positive,0.138092372237,-0.00479329630223,0.140436455767,138.092372237,-4.79329630223,140.436455767,102.698109656,102.698109656,171.322455789
718,1,90,positive,0.138092372237,-0.00485023440071,0.140114568645,138.092372237,-4.85023440071,140.114568645,102.641171557,102.641171557,171.000568667
719,0,90,positive,0.138092372237,-0.00466421805847,0.141003896781,138.092372237,-4.66421805847,141.003896781,102.8271879,102.8271879,171.889896803
719,1,90,positive,0.138092372237,-0.00479329630223,0.140436455767,138.092372237,-4.79329630223,140.436455767,102.698109656,102.698109656,171.322455789
720,0,90,positive,0.138092372237,-0.00512847331363,0.13863897104,138.092372237,-5.12847331363,138.63897104,102.362932644,102.362932644,169.524971062
720,1,90,positive,0.138092372237,-0.00495249376346,0.139490599386,138.092372237,-4.95249376346,139.490599386,102.538912195,102.538912195,170.376599409
721,0,90,positive,0.138092372237,-0.00495249376346,0.139490599386,138.092372237,-4.95249376346,139.490599386,102.538912195,102.538912195,170.376599409
721,1,90,positive,0.138092372237,-0.00485023440071,0.140114568645,138.092372237,-4.85023440071,140.114568645,102.641171557,102.641171557,171.000568667
722,0,90,positive,0.138092372237,-0.00466421805847,0.141003896781,138.092372237,-4.66421805847,141.003896781,102.8271879,102.8271879,171.889896803
722,1,90,positive,0.138092372237,-0.00443738091077,0.14194609906,138.092372237,-4.43738091077,141.94609906,103.054025047,103.054025047,172.832099083
723,0,90,positive,0.138092372237,-0.00414169416733,0.14259604241,138.092372237,-4.14169416733,142.59604241,103.349711791,103.349711791,173.482042432
723,1,90,positive,0.138092372237,-0.00443738091077,0.14194609906,138.092372237,-4.43738091077,141.94609906,103.054025047,103.054025047,172.832099083
724,0,90,positive,0.138092372237,-0.00398330557449,0.143136179736,138.092372237,-3.98330557449,143.136179736,103.508100383,103.508100383,174.022179758
724,1,90,positive,0.138092372237,-0.00408148785113,0.14278654709,138.092372237,-4.08148785113,142.78654709,103.409918107,103.409918107,173.672547113
725,0,90,positive,0.138092372237,-0.00398330557449,0.143136179736,138.092372237,-3.98330557449,143.136179736,103.508100383,103.508100383,174.022179758
725,1,90,positive,0.138092372237,-0.00390021471595,0.143581813585,138.092372237,-3.90021471595,143.581813585,103.591191242,103.591191242,174.467813607
726,0,90,positive,0.138092372237,-0.00414169416733,0.14259604241,138.092372237,-4.14169416733,142.59604241,103.349711791,103.349711791,173.482042432
726,1,90,positive,0.138092372237,-0.00408148785113,0.14278654709,138.092372237,-4.08148785113,142.78654709,103.409918107,103.409918107,173.672547113
727,0,90,positive,0.138092372237,-0.00387574046476,0.14406582562,138.092372237,-3.87574046476,144.06582562,103.615665493,103.615665493,174.951825642
727,1,90,positive,0.138092372237,-0.00390021471595,0.143581813585,138.092372237,-3.90021471595,143.581813585,103.591191242,103.591191242,174.467813607
728,0,90,positive,0.138092372237,-0.00375960353209,0.14470087434,138.092372237,-3.75960353209,144.70087434,103.731802426,103.731802426,175.586874362
728,1,90,positive,0.138092372237,-0.00387574046476,0.14406582562,138.092372237,-3.87574046476,144.06582562,103.615665493,103.615665493,174.951825642
729,0,90,positive,0.138092372237,-0.00375960353209,0.14470087434,138.092372237,-3.75960353209,144.70087434,103.731802426,103.731802426,175.586874362
729,1,90,positive,0.138092372237,-0.00372958022129,0.144893767643,138.092372237,-3.72958022129,144.893767643,103.761825737,103.761825737,175.779767666
730,0,90,positive,0.138092372237,-0.00372958022129,0.144893767643,138.092372237,-3.72958022129,144.893767643,103.761825737,103.761825737,175.779767666
730,1,90,positive,0.138092372237,-0.00372755339866,0.144976590636,138.092372237,-3.72755339866,144.976590636,103.763852559,103.763852559,175.862590658
731,0,90,positive,0.138092372237,-0.00377986631043,0.145649806357,138.092372237,-3.77986631043,145.649806357,103.711539648,103.711539648,176.53580638
731,1,90,positive,0.138092372237,-0.00372755339866,0.144976590636,138.092372237,-3.72755339866,144.976590636,103.763852559,103.763852559,175.862590658
732,0,90,positive,0.138092372237,-0.0036416348961,0.146570557713,138.092372237,-3.6416348961,146.570557713,103.849771062,103.849771062,177.456557735
732,1,90,positive,0.138092372237,-0.00374117781145,0.145984311896,138.092372237,-3.74117781145,145.984311896,103.750228147,103.750228147,176.870311918
733,0,90,positive,0.138092372237,-0.0036416348961,0.146570557713,138.092372237,-3.6416348961,146.570557713,103.849771062,103.849771062,177.456557735
733,1,90,positive,0.138092372237,-0.00336912102261,0.147821662585,138.092372237,-3.36912102261,147.821662585,104.122284935,104.122284935,178.707662607
734,0,90,positive,0.138092372237,-0.00377986631043,0.145649806357,138.092372237,-3.77986631043,145.649806357,103.711539648,103.711539648,176.53580638
734,1,90,positive,0.138092372237,-0.00374117781145,0.145984311896,138.092372237,-3.74117781145,145.984311896,103.750228147,103.750228147,176.870311918
735,0,90,positive,0.138092372237,-0.0032446213277,0.148319816994,138.092372237,-3.2446213277,148.319816994,104.24678463,104.24678463,179.205817016
735,1,90,positive,0.138092372237,-0.00318591055851,0.148611877313,138.092372237,-3.18591055851,148.611877313,104.305495399,104.305495399,179.497877335
736,0,90,positive,0.138092372237,-0.00265451318154,0.151038484511,138.092372237,-2.65451318154,151.038484511,104.836892776,104.836892776,181.924484533
736,1,90,positive,0.138092372237,-0.002457022893,0.151858471832,138.092372237,-2.457022893,151.858471832,105.034383065,105.034383065,182.744471854
737,0,90,positive,0.138092372237,-0.00203897963721,0.154776814479,138.092372237,-2.03897963721,154.776814479,105.452426321,105.452426321,185.662814501
737,1,90,positive,0.138092372237,-0.0019250151586,0.155920003599,138.092372237,-1.9250151586,155.920003599,105.566390799,105.566390799,186.806003622
738,0,90,positive,0.138092372237,-0.00171304925611,0.16002611683,138.092372237,-1.71304925611,160.02611683,105.778356702,105.778356702,190.912116853
738,1,90,positive,0.138092372237,-0.0016667083947,0.160519745297,138.092372237,-1.6667083947,160.519745297,105.824697563,105.824697563,191.40574532
739,0,90,positive,0.138092372237,-0.0016667083947,0.160519745297,138.092372237,-1.6667083947,160.519745297,105.824697563,105.824697563,191.40574532
739,1,90,positive,0.138092372237,-0.00161957886001,0.161008582165,138.092372237,-1.61957886001,161.008582165,105.871827098,105.871827098,191.894582188
740,0,90,positive,0.138092372237,-0.00650307495012,0.160686210949,138.092372237,-6.50307495012,160.686210949,100.988331008,100.988331008,191.572210971
740,1,90,positive,0.138092372237,-0.00664672122964,0.159775556782,138.092372237,-6.64672122964,159.775556782,100.844684728,100.844684728,190.661556805
741,0,90,positive,0.138092372237,-0.00153098891406,0.163815372449,138.092372237,-1.53098891406,163.815372449,105.960417044,105.960417044,194.701372471
741,1,90,positive,0.138092372237,-0.00150626040651,0.164929500637,138.092372237,-1.50626040651,164.929500637,105.985145551,105.985145551,195.815500659
742,0,90,positive,0.138092372237,-0.00150626040651,0.164929500637,138.092372237,-1.50626040651,164.929500637,105.985145551,105.985145551,195.815500659
742,1,90,positive,0.138092372237,-0.00150210400004,0.165319730848,138.092372237,-1.50210400004,165.319730848,105.989301958,105.989301958,196.20573087
743,0,90,positive,0.138092372237,-0.00150210400004,0.165319730848,138.092372237,-1.50210400004,165.319730848,105.989301958,105.989301958,196.20573087
743,1,90,positive,0.138092372237,-0.00147947671392,0.166028469891,138.092372237,-1.47947671392,166.028469891,106.011929244,106.011929244,196.914469913
744,0,90,positive,0.138092372237,-0.00621996393301,0.163846924581,138.092372237,-6.21996393301,163.846924581,101.271442025,101.271442025,194.732924604
744,1,90,positive,0.138092372237,-0.00629424570228,0.163363009582,138.092372237,-6.29424570228,163.363009582,101.197160256,101.197160256,194.249009604
745,0,90,positive,0.138092372237,-0.00621996393301,0.163846924581,138.092372237,-6.21996393301,163.846924581,101.271442025,101.271442025,194.732924604
745,1,90,positive,0.138092372237,-0.00616744851339,0.164115139846,138.092372237,-6.16744851339,164.115139846,101.323957445,101.323957445,195.001139868
746,0,90,positive,0.138092372237,-0.00615765156664,0.164558814089,138.092372237,-6.15765156664,164.558814089,101.333754391,101.333754391,195.444814112
746,1,90,positive,0.138092372237,-0.00616744851339,0.164115139846,138.092372237,-6.16744851339,164.115139846,101.323957445,101.323957445,195.001139868
747,0,90,positive,0.138092372237,-0.00623316669241,0.164927604578,138.092372237,-6.23316669241,164.927604578,101.258239266,101.258239266,195.813604601
747,1,90,positive,0.138092372237,-0.00615765156664,0.164558814089,138.092372237,-6.15765156664,164.558814089,101.333754391,101.333754391,195.444814112
748,0,90,positive,0.138092372237,-0.00623316669241,0.164927604578,138.092372237,-6.23316669241,164.927604578,101.258239266,101.258239266,195.813604601
748,1,90,positive,0.138092372237,-0.00619481243295,0.165313438983,138.092372237,-6.19481243295,165.313438983,101.296593525,101.296593525,196.199439005
749,0,90,positive,0.138092372237,-0.00610618903659,0.165855690077,138.092372237,-6.10618903659,165.855690077,101.385216921,101.385216921,196.741690099
749,1,90,positive,0.138092372237,-0.00601343791288,0.166485094002,138.092372237,-6.01343791288,166.485094002,101.477968045,101.477968045,197.371094024
750,0,90,positive,0.138092372237,-0.00616642438155,0.165362913228,138.092372237,-6.16642438155,165.362913228,101.324981576,101.324981576,196.24891325
750,1,90,positive,0.138092372237,-0.00619481243295,0.165313438983,138.092372237,-6.19481243295,165.313438983,101.296593525,101.296593525,196.199439005
751,0,90,positive,0.138092372237,-0.00610618903659,0.165855690077,138.092372237,-6.10618903659,165.855690077,101.385216921,101.385216921,196.741690099
751,1,90,positive,0.138092372237,-0.00616642438155,0.165362913228,138.092372237,-6.16642438155,165.362913228,101.324981576,101.324981576,196.24891325
752,0,90,positive,0.138092372237,-0.00601343791288,0.166485094002,138.092372237,-6.01343791288,166.485094002,101.477968045,101.477968045,197.371094024
752,1,90,positive,0.138092372237,-0.00600229092607,0.166616510428,138.092372237,-6.00229092607,166.616510428,101.489115032,101.489115032,197.50251045
753,0,90,positive,0.138092372237,-0.00600229092607,0.166616510428,138.092372237,-6.00229092607,166.616510428,101.489115032,101.489115032,197.50251045
753,1,90,positive,0.138092372237,-0.00599337330323,0.166884397049,138.092372237,-5.99337330323,166.884397049,101.498032655,101.498032655,197.770397071
754,0,90,positive,0.138092372237,-0.00596906788643,0.167525293408,138.092372237,-5.96906788643,167.525293408,101.522338072,101.522338072,198.41129343
754,1,90,positive,0.138092372237,-0.00599337330323,0.166884397049,138.092372237,-5.99337330323,166.884397049,101.498032655,101.498032655,197.770397071
755,0,90,positive,0.138092372237,-0.00147760233815,0.166670748143,138.092372237,-1.47760233815,166.670748143,106.01380362,106.01380362,197.556748165
755,1,90,positive,0.138092372237,-0.00142480178358,0.168183174208,138.092372237,-1.42480178358,168.183174208,106.066604174,106.066604174,199.06917423
756,0,90,positive,0.138092372237,-0.00129682387056,0.171106567188,138.092372237,-1.29682387056,171.106567188,106.194582087,106.194582087,201.99256721
756,1,90,positive,0.138092372237,-0.0012399172343,0.172095973253,138.092372237,-1.2399172343,172.095973253,106.251488724,106.251488724,202.981973275
757,0,90,positive,0.138092372237,-0.00590754840109,0.167962194429,138.092372237,-5.90754840109,167.962194429,101.583857557,101.583857557,198.848194452
757,1,90,positive,0.138092372237,-0.00581674432566,0.168630798831,138.092372237,-5.81674432566,168.630798831,101.674661632,101.674661632,199.516798853
758,0,90,positive,0.138092372237,-0.00593136497841,0.16769034227,138.092372237,-5.93136497841,167.69034227,101.56004098,101.56004098,198.576342292
758,1,90,positive,0.138092372237,-0.00596906788643,0.167525293408,138.092372237,-5.96906788643,167.525293408,101.522338072,101.522338072,198.41129343
759,0,90,positive,0.138092372237,-0.00590754840109,0.167962194429,138.092372237,-5.90754840109,167.962194429,101.583857557,101.583857557,198.848194452
759,1,90,positive,0.138092372237,-0.00593136497841,0.16769034227,138.092372237,-5.93136497841,167.69034227,101.56004098,101.56004098,198.576342292
760,0,90,positive,0.138092372237,-0.00572579897585,0.169804043798,138.092372237,-5.72579897585,169.804043798,101.765606982,101.765606982,200.69004382
760,1,90,positive,0.138092372237,-0.00567286936198,0.170172562122,138.092372237,-5.67286936198,170.172562122,101.818536596,101.818536596,201.058562144
761,0,90,positive,0.138092372237,-0.00572579897585,0.169804043798,138.092372237,-5.72579897585,169.804043798,101.765606982,101.765606982,200.69004382
761,1,90,positive,0.138092372237,-0.00581674432566,0.168630798831,138.092372237,-5.81674432566,168.630798831,101.674661632,101.674661632,199.516798853
762,0,90,positive,0.138092372237,-0.00567286936198,0.170172562122,138.092372237,-5.67286936198,170.172562122,101.818536596,101.818536596,201.058562144
762,1,90,positive,0.138092372237,-0.00567531391701,0.170423208081,138.092372237,-5.67531391701,170.423208081,101.816092041,101.816092041,201.309208103
763,0,90,positive,0.138092372237,-0.00564649969852,0.171040333218,138.092372237,-5.64649969852,171.040333218,101.844906259,101.844906259,201.92633324
763,1,90,positive,0.138092372237,-0.00567531391701,0.170423208081,138.092372237,-5.67531391701,170.423208081,101.816092041,101.816092041,201.309208103
764,0,90,positive,0.138092372237,-0.00561612158247,0.171904083224,138.092372237,-5.61612158247,171.904083224,101.875284376,101.875284376,202.790083247
764,1,90,positive,0.138092372237,-0.00564649969852,0.171040333218,138.092372237,-5.64649969852,171.040333218,101.844906259,101.844906259,201.92633324
765,0,90,positive,0.138092372237,-0.00561612158247,0.171904083224,138.092372237,-5.61612158247,171.904083224,101.875284376,101.875284376,202.790083247
765,1,90,positive,0.138092372237,-0.00561357990524,0.17200047276,138.092372237,-5.61357990524,172.00047276,101.877826053,101.877826053,202.886472783
766,0,90,positive,0.138092372237,-0.011207568642,0.134213244355,138.092372237,-11.207568642,134.213244355,96.283837316,96.283837316,165.099244377
766,1,90,positive,0.138092372237,-0.0110637357211,0.134621449658,138.092372237,-11.0637357211,134.621449658,96.4276702369,96.4276702369,165.50744968
767,0,90,positive,0.138092372237,-0.0110139317807,0.134936678276,138.092372237,-11.0139317807,134.936678276,96.4774741773,96.4774741773,165.822678298
767,1,90,positive,0.138092372237,-0.0110637357211,0.134621449658,138.092372237,-11.0637357211,134.621449658,96.4276702369,96.4276702369,165.50744968
768,0,90,positive,0.138092372237,-0.0110139317807,0.134936678276,138.092372237,-11.0139317807,134.936678276,96.4774741773,96.4774741773,165.822678298
768,1,90,positive,0.138092372237,-0.0107267511916,0.135819857573,138.092372237,-10.7267511916,135.819857573,96.7646547663,96.7646547663,166.705857595
769,0,90,positive,0.138092372237,-0.010722634374,0.135834106409,138.092372237,-10.722634374,135.834106409,96.768771584,96.768771584,166.720106431
769,1,90,positive,0.138092372237,-0.0107267511916,0.135819857573,138.092372237,-10.7267511916,135.819857573,96.7646547663,96.7646547663,166.705857595
770,0,90,positive,0.138092372237,-0.0107111770483,0.135872628341,138.092372237,-10.7111770483,135.872628341,96.7802289097,96.7802289097,166.758628363
770,1,90,positive,0.138092372237,-0.010722634374,0.135834106409,138.092372237,-10.722634374,135.834106409,96.768771584,96.768771584,166.720106431
771,0,90,positive,0.138092372237,-0.00991050574099,0.139311354337,138.092372237,-9.91050574099,139.311354337,97.580900217,97.580900217,170.19735436
771,1,90,positive,0.138092372237,-0.00990806934378,0.139324392595,138.092372237,-9.90806934378,139.324392595,97.5833366142,97.5833366142,170.210392617
772,0,90,positive,0.138092372237,-0.00991689170011,0.139289283818,138.092372237,-9.91689170011,139.289283818,97.5745142579,97.5745142579,170.17528384
772,1,90,positive,0.138092372237,-0.00991050574099,0.139311354337,138.092372237,-9.91050574099,139.311354337,97.580900217,97.580900217,170.19735436
773,0,90,positive,0.138092372237,-0.0107111770483,0.135872628341,138.092372237,-10.7111770483,135.872628341,96.7802289097,96.7802289097,166.758628363
773,1,90,positive,0.138092372237,-0.0104892209002,0.13668048876,138.092372237,-10.4892209002,136.68048876,97.0021850578,97.0021850578,167.566488782
774,0,90,positive,0.138092372237,-0.0104892209002,0.13668048876,138.092372237,-10.4892209002,136.68048876,97.0021850578,97.0021850578,167.566488782
774,1,90,positive,0.138092372237,-0.0104288674482,0.136941587252,138.092372237,-10.4288674482,136.941587252,97.0625385098,97.0625385098,167.827587274
775,0,90,positive,0.138092372237,-0.0103447223963,0.137336911645,138.092372237,-10.3447223963,137.336911645,97.1466835617,97.1466835617,168.222911668
775,1,90,positive,0.138092372237,-0.0104288674482,0.136941587252,138.092372237,-10.4288674482,136.941587252,97.0625385098,97.0625385098,167.827587274
776,0,90,positive,0.138092372237,-0.0102217627876,0.137858403966,138.092372237,-10.2217627876,137.858403966,97.2696431704,97.2696431704,168.744403988
776,1,90,positive,0.138092372237,-0.0103447223963,0.137336911645,138.092372237,-10.3447223963,137.336911645,97.1466835617,97.1466835617,168.222911668
777,0,90,positive,0.138092372237,-0.0102217627876,0.137858403966,138.092372237,-10.2217627876,137.858403966,97.2696431704,97.2696431704,168.744403988
777,1,90,positive,0.138092372237,-0.0101925217856,0.138054756836,138.092372237,-10.1925217856,138.054756836,97.2988841724,97.2988841724,168.940756859
778,0,90,positive,0.138092372237,-0.0101925217856,0.138054756836,138.092372237,-10.1925217856,138.054756836,97.2988841724,97.2988841724,168.940756859
778,1,90,positive,0.138092372237,-0.0101288791294,0.138344575279,138.092372237,-10.1288791294,138.344575279,97.3625268285,97.3625268285,169.230575301
779,0,90,positive,0.138092372237,-0.00991689170011,0.139289283818,138.092372237,-9.91689170011,139.289283818,97.5745142579,97.5745142579,170.17528384
779,1,90,positive,0.138092372237,-0.0101288791294,0.138344575279,138.092372237,-10.1288791294,138.344575279,97.3625268285,97.3625268285,169.230575301
780,0,90,positive,0.138092372237,-0.00990806934378,0.139324392595,138.092372237,-9.90806934378,139.324392595,97.5833366142,97.5833366142,170.210392617
780,1,90,positive,0.138092372237,-0.00990707983206,0.139327220213,138.092372237,-9.90707983206,139.327220213,97.5843261259,97.5843261259,170.213220235
781,0,90,positive,0.138092372237,-0.00990707983206,0.139327220213,138.092372237,-9.90707983206,139.327220213,97.5843261259,97.5843261259,170.213220235
781,1,90,positive,0.138092372237,-0.00990467644838,0.139342079129,138.092372237,-9.90467644838,139.342079129,97.5867295096,97.5867295096,170.228079151
782,0,90,positive,0.138092372237,-0.00970835130289,0.140048617271,138.092372237,-9.70835130289,140.048617271,97.7830546551,97.7830546551,170.934617294
782,1,90,positive,0.138092372237,-0.00990467644838,0.139342079129,138.092372237,-9.90467644838,139.342079129,97.5867295096,97.5867295096,170.228079151
783,0,90,positive,0.138092372237,-0.00970835130289,0.140048617271,138.092372237,-9.70835130289,140.048617271,97.7830546551,97.7830546551,170.934617294
783,1,90,positive,0.138092372237,-0.00969423746921,0.140096247764,138.092372237,-9.69423746921,140.096247764,97.7971684888,97.7971684888,170.982247786
784,0,90,positive,0.138092372237,-0.00960414419387,0.140650383684,138.092372237,-9.60414419387,140.650383684,97.8872617641,97.8872617641,171.536383706
784,1,90,positive,0.138092372237,-0.00969423746921,0.140096247764,138.092372237,-9.69423746921,140.096247764,97.7971684888,97.7971684888,170.982247786
785,0,90,positive,0.138092372237,-0.00960414419387,0.140650383684,138.092372237,-9.60414419387,140.650383684,97.8872617641,97.8872617641,171.536383706
785,1,90,positive,0.138092372237,-0.00952484969553,0.140985171907,138.092372237,-9.52484969553,140.985171907,97.9665562625,97.9665562625,171.871171929
786,0,90,positive,0.138092372237,-0.00939019072227,0.141753674682,138.092372237,-9.39019072227,141.753674682,98.1012152357,98.1012152357,172.639674705
786,1,90,positive,0.138092372237,-0.009316652711,0.14202870922,138.092372237,-9.316652711,142.02870922,98.174753247,98.174753247,172.914709242
787,0,90,positive,0.138092372237,-0.00943759824545,0.141362106987,138.092372237,-9.43759824545,141.362106987,98.0538077125,98.0538077125,172.24810701
787,1,90,positive,0.138092372237,-0.00952484969553,0.140985171907,138.092372237,-9.52484969553,140.985171907,97.9665562625,97.9665562625,171.871171929
788,0,90,positive,0.138092372237,-0.00891463846167,0.142752713183,138.092372237,-8.91463846167,142.752713183,98.5767674963,98.5767674963,173.638713206
788,1,90,positive,0.138092372237,-0.00886434069807,0.142830606181,138.092372237,-8.86434069807,142.830606181,98.6270652599,98.6270652599,173.716606203
789,0,90,positive,0.138092372237,-0.00886434069807,0.142830606181,138.092372237,-8.86434069807,142.830606181,98.6270652599,98.6270652599,173.716606203
789,1,90,positive,0.138092372237,-0.00885152732394,0.142858813982,138.092372237,-8.85152732394,142.858813982,98.639878634,98.639878634,173.744814005
790,0,90,positive,0.138092372237,-0.00885152732394,0.142858813982,138.092372237,-8.85152732394,142.858813982,98.639878634,98.639878634,173.744814005
790,1,90,positive,0.138092372237,-0.00885298059107,0.142968331377,138.092372237,-8.85298059107,142.968331377,98.6384253669,98.6384253669,173.8543314
791,0,90,positive,0.138092372237,-0.0088641452503,0.143567562174,138.092372237,-8.8641452503,143.567562174,98.6272607077,98.6272607077,174.453562196
791,1,90,positive,0.138092372237,-0.00885298059107,0.142968331377,138.092372237,-8.85298059107,142.968331377,98.6384253669,98.6384253669,173.8543314
792,0,90,positive,0.138092372237,-0.00939019072227,0.141753674682,138.092372237,-9.39019072227,141.753674682,98.1012152357,98.1012152357,172.639674705
792,1,90,positive,0.138092372237,-0.00943759824545,0.141362106987,138.092372237,-9.43759824545,141.362106987,98.0538077125,98.0538077125,172.24810701
793,0,90,positive,0.138092372237,-0.00920187793288,0.142337930495,138.092372237,-9.20187793288,142.337930495,98.2895280251,98.2895280251,173.223930518
793,1,90,positive,0.138092372237,-0.009316652711,0.14202870922,138.092372237,-9.316652711,142.02870922,98.174753247,98.174753247,172.914709242
794,0,90,positive,0.138092372237,-0.00891463846167,0.142752713183,138.092372237,-8.91463846167,142.752713183,98.5767674963,98.5767674963,173.638713206
794,1,90,positive,0.138092372237,-0.00914185574802,0.142453405349,138.092372237,-9.14185574802,142.453405349,98.34955021,98.34955021,173.339405372
795,0,90,positive,0.138092372237,-0.00914185574802,0.142453405349,138.092372237,-9.14185574802,142.453405349,98.34955021,98.34955021,173.339405372
795,1,90,positive,0.138092372237,-0.00920187793288,0.142337930495,138.092372237,-9.20187793288,142.337930495,98.2895280251,98.2895280251,173.223930518
796,0,90,positive,0.138092372237,-0.0088641452503,0.143567562174,138.092372237,-8.8641452503,143.567562174,98.6272607077,98.6272607077,174.453562196
796,1,90,positive,0.138092372237,-0.00895920074585,0.144044234977,138.092372237,-8.95920074585,144.044234977,98.5322052121,98.5322052121,174.930234999
797,0,90,positive,0.138092372237,-0.00899741760459,0.144574898067,138.092372237,-8.99741760459,144.574898067,98.4939883534,98.4939883534,175.460898089
797,1,90,positive,0.138092372237,-0.00898688024185,0.144723345835,138.092372237,-8.98688024185,144.723345835,98.5045257161,98.5045257161,175.609345858
798,0,90,positive,0.138092372237,-0.00881489974711,0.145328053062,138.092372237,-8.81489974711,145.328053062,98.6765062109,98.6765062109,176.214053084
798,1,90,positive,0.138092372237,-0.00898688024185,0.144723345835,138.092372237,-8.98688024185,144.723345835,98.5045257161,98.5045257161,175.609345858
799,0,90,positive,0.138092372237,-0.00881489974711,0.145328053062,138.092372237,-8.81489974711,145.328053062,98.6765062109,98.6765062109,176.214053084
799,1,90,positive,0.138092372237,-0.0088082299114,0.145360477793,138.092372237,-8.8082299114,145.360477793,98.6831760466,98.6831760466,176.246477815
800,0,90,positive,0.138092372237,-0.00875328564096,0.145867701377,138.092372237,-8.75328564096,145.867701377,98.738120317,98.738120317,176.7537014
800,1,90,positive,0.138092372237,-0.0088082299114,0.145360477793,138.092372237,-8.8082299114,145.360477793,98.6831760466,98.6831760466,176.246477815
801,0,90,positive,0.138092372237,-0.00902240401849,0.144244211678,138.092372237,-9.02240401849,144.244211678,98.4690019395,98.4690019395,175.1302117
801,1,90,positive,0.138092372237,-0.00895920074585,0.144044234977,138.092372237,-8.95920074585,144.044234977,98.5322052121,98.5322052121,174.930234999
802,0,90,positive,0.138092372237,-0.00899741760459,0.144574898067,138.092372237,-8.99741760459,144.574898067,98.4939883534,98.4939883534,175.460898089
802,1,90,positive,0.138092372237,-0.00902240401849,0.144244211678,138.092372237,-9.02240401849,144.244211678,98.4690019395,98.4690019395,175.1302117
803,0,90,positive,0.138092372237,-0.00852950541524,0.146777492453,138.092372237,-8.52950541524,146.777492453,98.9619005427,98.9619005427,177.663492475
803,1,90,positive,0.138092372237,-0.00851195153387,0.146828622842,138.092372237,-8.51195153387,146.828622842,98.9794544241,98.9794544241,177.714622864
804,0,90,positive,0.138092372237,-0.00855127032515,0.146693796007,138.092372237,-8.55127032515,146.693796007,98.9401356328,98.9401356328,177.579796029
804,1,90,positive,0.138092372237,-0.00852950541524,0.146777492453,138.092372237,-8.52950541524,146.777492453,98.9619005427,98.9619005427,177.663492475
805,0,90,positive,0.138092372237,-0.00855127032515,0.146693796007,138.092372237,-8.55127032515,146.693796007,98.9401356328,98.9401356328,177.579796029
805,1,90,positive,0.138092372237,-0.00875328564096,0.145867701377,138.092372237,-8.75328564096,145.867701377,98.738120317,98.738120317,176.7537014
806,0,90,positive,0.138092372237,-0.00851195153387,0.146828622842,138.092372237,-8.51195153387,146.828622842,98.9794544241,98.9794544241,177.714622864
806,1,90,positive,0.138092372237,-0.00847652860587,0.147051531269,138.092372237,-8.47652860587,147.051531269,99.0148773521,99.0148773521,177.937531291
807,0,90,positive,0.138092372237,-0.00831102806275,0.14797835885,138.092372237,-8.31102806275,147.97835885,99.1803778952,99.1803778952,178.864358873
807,1,90,positive,0.138092372237,-0.00847652860587,0.147051531269,138.092372237,-8.47652860587,147.051531269,99.0148773521,99.0148773521,177.937531291
808,0,90,positive,0.138092372237,-0.00828441646939,0.148224268579,138.092372237,-8.28441646939,148.224268579,99.2069894886,99.2069894886,179.110268601
808,1,90,positive,0.138092372237,-0.00831102806275,0.14797835885,138.092372237,-8.31102806275,147.97835885,99.1803778952,99.1803778952,178.864358873
809,0,90,positive,0.138092372237,-0.00828441646939,0.148224268579,138.092372237,-8.28441646939,148.224268579,99.2069894886,99.2069894886,179.110268601
809,1,90,positive,0.138092372237,-0.00819063810423,0.148608743066,138.092372237,-8.19063810423,148.608743066,99.3007678537,99.3007678537,179.494743088
810,0,90,positive,0.138092372237,-0.00811088567867,0.149309546556,138.092372237,-8.11088567867,149.309546556,99.3805202793,99.3805202793,180.195546578
810,1,90,positive,0.138092372237,-0.00810798058842,0.149441481225,138.092372237,-8.10798058842,149.441481225,99.3834253696,99.3834253696,180.327481247
811,0,90,positive,0.138092372237,-0.00811088567867,0.149309546556,138.092372237,-8.11088567867,149.309546556,99.3805202793,99.3805202793,180.195546578
811,1,90,positive,0.138092372237,-0.00819063810423,0.148608743066,138.092372237,-8.19063810423,148.608743066,99.3007678537,99.3007678537,179.494743088
812,0,90,positive,0.138092372237,-0.00810798058842,0.149441481225,138.092372237,-8.10798058842,149.441481225,99.3834253696,99.3834253696,180.327481247
812,1,90,positive,0.138092372237,-0.00810045295053,0.149483773014,138.092372237,-8.10045295053,149.483773014,99.3909530074,99.3909530074,180.369773037
813,0,90,positive,0.138092372237,-0.00810045295053,0.149483773014,138.092372237,-8.10045295053,149.483773014,99.3909530074,99.3909530074,180.369773037
813,1,90,positive,0.138092372237,-0.00807680140411,0.149566839726,138.092372237,-8.07680140411,149.566839726,99.4146045539,99.4146045539,180.452839748
814,0,90,positive,0.138092372237,-0.00792292488765,0.150254233622,138.092372237,-7.92292488765,150.254233622,99.5684810703,99.5684810703,181.140233645
814,1,90,positive,0.138092372237,-0.00786814491966,0.150482642446,138.092372237,-7.86814491966,150.482642446,99.6232610383,99.6232610383,181.368642469
815,0,90,positive,0.138092372237,-0.00792292488765,0.150254233622,138.092372237,-7.92292488765,150.254233622,99.5684810703,99.5684810703,181.140233645
815,1,90,positive,0.138092372237,-0.00807680140411,0.149566839726,138.092372237,-8.07680140411,149.566839726,99.4146045539,99.4146045539,180.452839748
816,0,90,positive,0.138092372237,-0.00779179081141,0.150852822092,138.092372237,-7.79179081141,150.852822092,99.6996151466,99.6996151466,181.738822115
816,1,90,positive,0.138092372237,-0.00777931515733,0.151184225008,138.092372237,-7.77931515733,151.184225008,99.7120908006,99.7120908006,182.07022503
817,0,90,positive,0.138092372237,-0.00779179081141,0.150852822092,138.092372237,-7.79179081141,150.852822092,99.6996151466,99.6996151466,181.738822115
817,1,90,positive,0.138092372237,-0.00786814491966,0.150482642446,138.092372237,-7.86814491966,150.482642446,99.6232610383,99.6232610383,181.368642469
818,0,90,positive,0.138092372237,-0.00775112609829,0.151565093273,138.092372237,-7.75112609829,151.565093273,99.7402798597,99.7402798597,182.451093295
818,1,90,positive,0.138092372237,-0.00762451866135,0.152025757863,138.092372237,-7.62451866135,152.025757863,99.8668872966,99.8668872966,182.911757885
819,0,90,positive,0.138092372237,-0.00775112609829,0.151565093273,138.092372237,-7.75112609829,151.565093273,99.7402798597,99.7402798597,182.451093295
819,1,90,positive,0.138092372237,-0.00777931515733,0.151184225008,138.092372237,-7.77931515733,151.184225008,99.7120908006,99.7120908006,182.07022503
820,0,90,positive,0.138092372237,-0.00761285127036,0.152884666868,138.092372237,-7.61285127036,152.884666868,99.8785546876,99.8785546876,183.77066689
820,1,90,positive,0.138092372237,-0.00756920156145,0.153078738201,138.092372237,-7.56920156145,153.078738201,99.9222043965,99.9222043965,183.964738223
821,0,90,positive,0.138092372237,-0.00761317775642,0.152166542826,138.092372237,-7.61317775642,152.166542826,99.8782282016,99.8782282016,183.052542848
821,1,90,positive,0.138092372237,-0.00763742970196,0.152504476083,138.092372237,-7.63742970196,152.504476083,99.853976256,99.853976256,183.390476106
822,0,90,positive,0.138092372237,-0.00761317775642,0.152166542826,138.092372237,-7.61317775642,152.166542826,99.8782282016,99.8782282016,183.052542848
822,1,90,positive,0.138092372237,-0.00762451866135,0.152025757863,138.092372237,-7.62451866135,152.025757863,99.8668872966,99.8668872966,182.911757885
823,0,90,positive,0.138092372237,-0.00761285127036,0.152884666868,138.092372237,-7.61285127036,152.884666868,99.8785546876,99.8785546876,183.77066689
823,1,90,positive,0.138092372237,-0.00763742970196,0.152504476083,138.092372237,-7.63742970196,152.504476083,99.853976256,99.853976256,183.390476106
824,0,90,positive,0.138092372237,-0.00756920156145,0.153078738201,138.092372237,-7.56920156145,153.078738201,99.9222043965,99.9222043965,183.964738223
824,1,90,positive,0.138092372237,-0.00753436567901,0.153338684709,138.092372237,-7.53436567901,153.338684709,99.957040279,99.957040279,184.224684731
825,0,90,positive,0.138092372237,-0.00733982006585,0.154326032182,138.092372237,-7.33982006585,154.326032182,100.151585892,100.151585892,185.212032205
825,1,90,positive,0.138092372237,-0.00753436567901,0.153338684709,138.092372237,-7.53436567901,153.338684709,99.957040279,99.957040279,184.224684731
826,0,90,positive,0.138092372237,-0.00727599998936,0.154895642789,138.092372237,-7.27599998936,154.895642789,100.215405969,100.215405969,185.781642812
826,1,90,positive,0.138092372237,-0.00733982006585,0.154326032182,138.092372237,-7.33982006585,154.326032182,100.151585892,100.151585892,185.212032205
827,0,90,positive,0.138092372237,-0.00727599998936,0.154895642789,138.092372237,-7.27599998936,154.895642789,100.215405969,100.215405969,185.781642812
827,1,90,positive,0.138092372237,-0.00726521161132,0.154994786918,138.092372237,-7.26521161132,154.994786918,100.226194347,100.226194347,185.88078694
828,0,90,positive,0.138092372237,-0.0069791516071,0.15693022017,138.092372237,-6.9791516071,156.93022017,100.512254351,100.512254351,187.816220192
828,1,90,positive,0.138092372237,-0.00698131315292,0.156623318117,138.092372237,-6.98131315292,156.623318117,100.510092805,100.510092805,187.509318139
829,0,90,positive,0.138092372237,-0.00691999019822,0.157563648934,138.092372237,-6.91999019822,157.563648934,100.57141576,100.57141576,188.449648956
829,1,90,positive,0.138092372237,-0.00692331769093,0.15778279072,138.092372237,-6.92331769093,157.78279072,100.568088267,100.568088267,188.668790743
830,0,90,positive,0.138092372237,-0.0069791516071,0.15693022017,138.092372237,-6.9791516071,156.93022017,100.512254351,100.512254351,187.816220192
830,1,90,positive,0.138092372237,-0.00696204569396,0.157253076332,138.092372237,-6.96204569396,157.253076332,100.529360264,100.529360264,188.139076354
831,0,90,positive,0.138092372237,-0.00691999019822,0.157563648934,138.092372237,-6.91999019822,157.563648934,100.57141576,100.57141576,188.449648956
831,1,90,positive,0.138092372237,-0.00696204569396,0.157253076332,138.092372237,-6.96204569396,157.253076332,100.529360264,100.529360264,188.139076354
832,0,90,positive,0.138092372237,-0.00692331769093,0.15778279072,138.092372237,-6.92331769093,157.78279072,100.568088267,100.568088267,188.668790743
832,1,90,positive,0.138092372237,-0.00689260485749,0.158133657954,138.092372237,-6.89260485749,158.133657954,100.5988011,100.5988011,189.019657976
833,0,90,positive,0.138092372237,-0.00681425269026,0.158803888529,138.092372237,-6.81425269026,158.803888529,100.677153268,100.677153268,189.689888551
833,1,90,positive,0.138092372237,-0.00689260485749,0.158133657954,138.092372237,-6.89260485749,158.133657954,100.5988011,100.5988011,189.019657976
834,0,90,positive,0.138092372237,-0.00681425269026,0.158803888529,138.092372237,-6.81425269026,158.803888529,100.677153268,100.677153268,189.689888551
834,1,90,positive,0.138092372237,-0.00673627886659,0.159050028652,138.092372237,-6.73627886659,159.050028652,100.755127091,100.755127091,189.936028674
835,0,90,positive,0.138092372237,-0.00664672122964,0.159775556782,138.092372237,-6.64672122964,159.775556782,100.844684728,100.844684728,190.661556805
835,1,90,positive,0.138092372237,-0.00673627886659,0.159050028652,138.092372237,-6.73627886659,159.050028652,100.755127091,100.755127091,189.936028674
836,0,90,positive,0.138092372237,-0.00650307495012,0.160686210949,138.092372237,-6.50307495012,160.686210949,100.988331008,100.988331008,191.572210971
836,1,90,positive,0.138092372237,-0.0064801946918,0.160981986507,138.092372237,-6.4801946918,160.981986507,101.011211266,101.011211266,191.867986529
837,0,90,positive,0.138092372237,-0.0064801946918,0.160981986507,138.092372237,-6.4801946918,160.981986507,101.011211266,101.011211266,191.867986529
837,1,90,positive,0.138092372237,-0.00644340448016,0.161428601133,138.092372237,-6.44340448016,161.428601133,101.048001478,101.048001478,192.314601155
838,0,90,positive,0.138092372237,-0.00647990676069,0.161743939302,138.092372237,-6.47990676069,161.743939302,101.011499197,101.011499197,192.629939325
838,1,90,positive,0.138092372237,-0.00644340448016,0.161428601133,138.092372237,-6.44340448016,161.428601133,101.048001478,101.048001478,192.314601155
839,0,90,positive,0.138092372237,-0.00647990676069,0.161743939302,138.092372237,-6.47990676069,161.743939302,101.011499197,101.011499197,192.629939325
839,1,90,positive,0.138092372237,-0.0064717601434,0.161817688244,138.092372237,-6.4717601434,161.817688244,101.019645815,101.019645815,192.703688266
840,0,90,positive,0.138092372237,-0.0064717601434,0.161817688244,138.092372237,-6.4717601434,161.817688244,101.019645815,101.019645815,192.703688266
840,1,90,positive,0.138092372237,-0.00646219061863,0.162113593104,138.092372237,-6.46219061863,162.113593104,101.029215339,101.029215339,192.999593127
841,0,90,positive,0.138092372237,-0.00631677286079,0.163303699336,138.092372237,-6.31677286079,163.303699336,101.174633097,101.174633097,194.189699358
841,1,90,positive,0.138092372237,-0.00646219061863,0.162113593104,138.092372237,-6.46219061863,162.113593104,101.029215339,101.029215339,192.999593127
842,0,90,positive,0.138092372237,-0.00631677286079,0.163303699336,138.092372237,-6.31677286079,163.303699336,101.174633097,101.174633097,194.189699358
842,1,90,positive,0.138092372237,-0.00629424570228,0.163363009582,138.092372237,-6.29424570228,163.363009582,101.197160256,101.197160256,194.249009604
843,0,90,positive,0.138092372237,-0.00812996931108,0.123735598625,138.092372237,-8.12996931108,123.735598625,99.3614366469,99.3614366469,154.621598648
843,1,90,positive,0.138092372237,-0.00804771560801,0.124023849063,138.092372237,-8.04771560801,124.023849063,99.44369035,99.44369035,154.909849085
844,0,90,positive,0.138092372237,-0.0145547156719,0.121413664002,138.092372237,-14.5547156719,121.413664002,92.9366902861,92.9366902861,152.299664024
844,1,90,positive,0.138092372237,-0.0143762552443,0.121894590436,138.092372237,-14.3762552443,121.894590436,93.1151507137,93.1151507137,152.780590458
845,0,90,positive,0.138092372237,-0.0143122945174,0.122067365837,138.092372237,-14.3122945174,122.067365837,93.1791114406,93.1791114406,152.953365859
845,1,90,positive,0.138092372237,-0.0143762552443,0.121894590436,138.092372237,-14.3762552443,121.894590436,93.1151507137,93.1151507137,152.780590458
846,0,90,positive,0.138092372237,-0.0143007318572,0.122086710658,138.092372237,-14.3007318572,122.086710658,93.1906741008,93.1906741008,152.972710681
846,1,90,positive,0.138092372237,-0.0143122945174,0.122067365837,138.092372237,-14.3122945174,122.067365837,93.1791114406,93.1791114406,152.953365859
847,0,90,positive,0.138092372237,-0.0142939991721,0.122113298432,138.092372237,-14.2939991721,122.113298432,93.1974067859,93.1974067859,152.999298454
847,1,90,positive,0.138092372237,-0.0143007318572,0.122086710658,138.092372237,-14.3007318572,122.086710658,93.1906741008,93.1906741008,152.972710681
848,0,90,positive,0.138092372237,-0.0142939991721,0.122113298432,138.092372237,-14.2939991721,122.113298432,93.1974067859,93.1974067859,152.999298454
848,1,90,positive,0.138092372237,-0.0141285495511,0.122609103721,138.092372237,-14.1285495511,122.609103721,93.3628564069,93.3628564069,153.495103743
849,0,90,positive,0.138092372237,-0.0141165820427,0.123078189759,138.092372237,-14.1165820427,123.078189759,93.3748239152,93.3748239152,153.964189781
849,1,90,positive,0.138092372237,-0.0141285495511,0.122609103721,138.092372237,-14.1285495511,122.609103721,93.3628564069,93.3628564069,153.495103743
850,0,90,positive,0.138092372237,-0.0141165820427,0.123078189759,138.092372237,-14.1165820427,123.078189759,93.3748239152,93.3748239152,153.964189781
850,1,90,positive,0.138092372237,-0.0140516608848,0.123676033476,138.092372237,-14.0516608848,123.676033476,93.4397450732,93.4397450732,154.562033499
851,0,90,positive,0.138092372237,-0.0138533168817,0.124549809846,138.092372237,-13.8533168817,124.549809846,93.6380890763,93.6380890763,155.435809868
851,1,90,positive,0.138092372237,-0.0137454765243,0.124919805816,138.092372237,-13.7454765243,124.919805816,93.7459294337,93.7459294337,155.805805838
852,0,90,positive,0.138092372237,-0.0139580097155,0.124234744747,138.092372237,-13.9580097155,124.234744747,93.5333962425,93.5333962425,155.120744769
852,1,90,positive,0.138092372237,-0.0140516608848,0.123676033476,138.092372237,-14.0516608848,123.676033476,93.4397450732,93.4397450732,154.562033499
853,0,90,positive,0.138092372237,-0.0126433179669,0.129398185773,138.092372237,-12.6433179669,129.398185773,94.8480879911,94.8480879911,160.284185795
853,1,90,positive,0.138092372237,-0.0126021420717,0.129559253773,138.092372237,-12.6021420717,129.559253773,94.8892638863,94.8892638863,160.445253795
854,0,90,positive,0.138092372237,-0.0123809351456,0.129988223325,138.092372237,-12.3809351456,129.988223325,95.1104708124,95.1104708124,160.874223347
854,1,90,positive,0.138092372237,-0.0126021420717,0.129559253773,138.092372237,-12.6021420717,129.559253773,94.8892638863,94.8892638863,160.445253795
855,0,90,positive,0.138092372237,-0.0123809351456,0.129988223325,138.092372237,-12.3809351456,129.988223325,95.1104708124,95.1104708124,160.874223347
855,1,90,positive,0.138092372237,-0.0123682414197,0.130048239975,138.092372237,-12.3682414197,130.048239975,95.1231645383,95.1231645383,160.934239997
856,0,90,positive,0.138092372237,-0.0123682414197,0.130048239975,138.092372237,-12.3682414197,130.048239975,95.1231645383,95.1231645383,160.934239997
856,1,90,positive,0.138092372237,-0.012350365687,0.130111275424,138.092372237,-12.350365687,130.111275424,95.1410402709,95.1410402709,160.997275446
857,0,90,positive,0.138092372237,-0.0120324490043,0.131432469894,138.092372237,-12.0324490043,131.432469894,95.4589569537,95.4589569537,162.318469917
857,1,90,positive,0.138092372237,-0.0119811192871,0.131659876041,138.092372237,-11.9811192871,131.659876041,95.5102866709,95.5102866709,162.545876063
858,0,90,positive,0.138092372237,-0.00745016252474,0.126289433829,138.092372237,-7.45016252474,126.289433829,100.041243433,100.041243433,157.175433851
858,1,90,positive,0.138092372237,-0.00804771560801,0.124023849063,138.092372237,-8.04771560801,124.023849063,99.44369035,99.44369035,154.909849085
859,0,90,positive,0.138092372237,-0.00745016252474,0.126289433829,138.092372237,-7.45016252474,126.289433829,100.041243433,100.041243433,157.175433851
859,1,90,positive,0.138092372237,-0.00727128217703,0.127032768119,138.092372237,-7.27128217703,127.032768119,100.220123781,100.220123781,157.918768142
860,0,90,positive,0.138092372237,-0.00700259741813,0.127999266901,138.092372237,-7.00259741813,127.999266901,100.48880854,100.48880854,158.885266924
860,1,90,positive,0.138092372237,-0.00727128217703,0.127032768119,138.092372237,-7.27128217703,127.032768119,100.220123781,100.220123781,157.918768142
861,0,90,positive,0.138092372237,-0.0065323427918,0.130191795839,138.092372237,-6.5323427918,130.191795839,100.959063166,100.959063166,161.077795862
861,1,90,positive,0.138092372237,-0.00700259741813,0.127999266901,138.092372237,-7.00259741813,127.999266901,100.48880854,100.48880854,158.885266924
862,0,90,positive,0.138092372237,-0.0065323427918,0.130191795839,138.092372237,-6.5323427918,130.191795839,100.959063166,100.959063166,161.077795862
862,1,90,positive,0.138092372237,-0.00647617392454,0.130412519809,138.092372237,-6.47617392454,130.412519809,101.015232033,101.015232033,161.298519831
863,0,90,positive,0.138092372237,-0.00647617392454,0.130412519809,138.092372237,-6.47617392454,130.412519809,101.015232033,101.015232033,161.298519831
863,1,90,positive,0.138092372237,-0.00638710478962,0.130844210108,138.092372237,-6.38710478962,130.844210108,101.104301168,101.104301168,161.73021013
864,0,90,positive,0.138092372237,-0.00615941301513,0.132172405987,138.092372237,-6.15941301513,132.172405987,101.331992943,101.331992943,163.058406009
864,1,90,positive,0.138092372237,-0.00616782053437,0.132127079373,138.092372237,-6.16782053437,132.127079373,101.323585424,101.323585424,163.013079395
865,0,90,positive,0.138092372237,-0.0061581824864,0.132179689993,138.092372237,-6.1581824864,132.179689993,101.333223472,101.333223472,163.065690016
865,1,90,positive,0.138092372237,-0.00615941301513,0.132172405987,138.092372237,-6.15941301513,132.172405987,101.331992943,101.331992943,163.058406009
866,0,90,positive,0.138092372237,-0.00615658533994,0.132192422506,138.092372237,-6.15658533994,132.192422506,101.334820618,101.334820618,163.078422529
866,1,90,positive,0.138092372237,-0.0061581824864,0.132179689993,138.092372237,-6.1581824864,132.179689993,101.333223472,101.333223472,163.065690016
867,0,90,positive,0.138092372237,-0.0121731917308,0.130695037887,138.092372237,-12.1731917308,130.695037887,95.3182142272,95.3182142272,161.58103791
867,1,90,positive,0.138092372237,-0.012350365687,0.130111275424,138.092372237,-12.350365687,130.111275424,95.1410402709,95.1410402709,160.997275446
868,0,90,positive,0.138092372237,-0.0121731917308,0.130695037887,138.092372237,-12.1731917308,130.695037887,95.3182142272,95.3182142272,161.58103791
868,1,90,positive,0.138092372237,-0.0121461087329,0.130892890713,138.092372237,-12.1461087329,130.892890713,95.3452972251,95.3452972251,161.778890735
869,0,90,positive,0.138092372237,-0.0119811192871,0.131659876041,138.092372237,-11.9811192871,131.659876041,95.5102866709,95.5102866709,162.545876063
869,1,90,positive,0.138092372237,-0.0117548549819,0.132148867173,138.092372237,-11.7548549819,132.148867173,95.7365509761,95.7365509761,163.034867195
870,0,90,positive,0.138092372237,-0.0117312197721,0.13219445686,138.092372237,-11.7312197721,132.19445686,95.7601861859,95.7601861859,163.080456883
870,1,90,positive,0.138092372237,-0.0117548549819,0.132148867173,138.092372237,-11.7548549819,132.148867173,95.7365509761,95.7365509761,163.034867195
871,0,90,positive,0.138092372237,-0.0117238959674,0.132228055508,138.092372237,-11.7238959674,132.228055508,95.7675099906,95.7675099906,163.114055531
871,1,90,positive,0.138092372237,-0.0114406915792,0.13322582577,138.092372237,-11.4406915792,133.22582577,96.0507143788,96.0507143788,164.111825793
872,0,90,positive,0.138092372237,-0.011437465012,0.133238650311,138.092372237,-11.437465012,133.238650311,96.053940946,96.053940946,164.124650333
872,1,90,positive,0.138092372237,-0.011353524095,0.133765435025,138.092372237,-11.353524095,133.765435025,96.137881863,96.137881863,164.651435048
873,0,90,positive,0.138092372237,-0.011353524095,0.133765435025,138.092372237,-11.353524095,133.765435025,96.137881863,96.137881863,164.651435048
873,1,90,positive,0.138092372237,-0.011245690543,0.134134857641,138.092372237,-11.245690543,134.134857641,96.245715415,96.245715415,165.020857663
874,0,90,positive,0.138092372237,-0.011207568642,0.134213244355,138.092372237,-11.207568642,134.213244355,96.283837316,96.283837316,165.099244377
874,1,90,positive,0.138092372237,-0.011245690543,0.134134857641,138.092372237,-11.245690543,134.134857641,96.245715415,96.245715415,165.020857663
875,0,90,positive,0.138092372237,-0.0136502668092,0.125481753059,138.092372237,-13.6502668092,125.481753059,93.8411391487,93.8411391487,156.367753081
875,1,90,positive,0.138092372237,-0.0137454765243,0.124919805816,138.092372237,-13.7454765243,124.919805816,93.7459294337,93.7459294337,155.805805838
876,0,90,positive,0.138092372237,-0.0136502668092,0.125481753059,138.092372237,-13.6502668092,125.481753059,93.8411391487,93.8411391487,156.367753081
876,1,90,positive,0.138092372237,-0.0136078032991,0.125661211994,138.092372237,-13.6078032991,125.661211994,93.8836026589,93.8836026589,156.547212016
877,0,90,positive,0.138092372237,-0.0138533168817,0.124549809846,138.092372237,-13.8533168817,124.549809846,93.6380890763,93.6380890763,155.435809868
877,1,90,positive,0.138092372237,-0.0139580097155,0.124234744747,138.092372237,-13.9580097155,124.234744747,93.5333962425,93.5333962425,155.120744769
878,0,90,positive,0.138092372237,-0.0136078032991,0.125661211994,138.092372237,-13.6078032991,125.661211994,93.8836026589,93.8836026589,156.547212016
878,1,90,positive,0.138092372237,-0.0134964985398,0.126091166957,138.092372237,-13.4964985398,126.091166957,93.9949074182,93.9949074182,156.977166979
879,0,90,positive,0.138092372237,-0.0134360297419,0.126409384348,138.092372237,-13.4360297419,126.409384348,94.0553762161,94.0553762161,157.29538437
879,1,90,positive,0.138092372237,-0.0134964985398,0.126091166957,138.092372237,-13.4964985398,126.091166957,93.9949074182,93.9949074182,156.977166979
880,0,90,positive,0.138092372237,-0.0132927330325,0.126809374008,138.092372237,-13.2927330325,126.809374008,94.1986729255,94.1986729255,157.695374031
880,1,90,positive,0.138092372237,-0.0132330824171,0.12710761014,138.092372237,-13.2330824171,127.10761014,94.2583235408,94.2583235408,157.993610163
881,0,90,positive,0.138092372237,-0.0133754356426,0.126497372117,138.092372237,-13.3754356426,126.497372117,94.1159703154,94.1159703154,157.383372139
881,1,90,positive,0.138092372237,-0.0134360297419,0.126409384348,138.092372237,-13.4360297419,126.409384348,94.0553762161,94.0553762161,157.29538437
882,0,90,positive,0.138092372237,-0.0132927330325,0.126809374008,138.092372237,-13.2927330325,126.809374008,94.1986729255,94.1986729255,157.695374031
882,1,90,positive,0.138092372237,-0.013340928514,0.126645023339,138.092372237,-13.340928514,126.645023339,94.150477444,94.150477444,157.531023361
883,0,90,positive,0.138092372237,-0.013340928514,0.126645023339,138.092372237,-13.340928514,126.645023339,94.150477444,94.150477444,157.531023361
883,1,90,positive,0.138092372237,-0.0133754356426,0.126497372117,138.092372237,-13.3754356426,126.497372117,94.1159703154,94.1159703154,157.383372139
884,0,90,positive,0.138092372237,-0.0132330824171,0.12710761014,138.092372237,-13.2330824171,127.10761014,94.2583235408,94.2583235408,157.993610163
884,1,90,positive,0.138092372237,-0.0131149077439,0.127437158571,138.092372237,-13.1149077439,127.437158571,94.376498214,94.376498214,158.323158593
885,0,90,positive,0.138092372237,-0.0131149077439,0.127437158571,138.092372237,-13.1149077439,127.437158571,94.376498214,94.376498214,158.323158593
885,1,90,positive,0.138092372237,-0.0129795077637,0.128001237258,138.092372237,-12.9795077637,128.001237258,94.5118981943,94.5118981943,158.88723728
886,0,90,positive,0.138092372237,-0.0129456541575,0.128133370455,138.092372237,-12.9456541575,128.133370455,94.5457518005,94.5457518005,159.019370477
886,1,90,positive,0.138092372237,-0.0129795077637,0.128001237258,138.092372237,-12.9795077637,128.001237258,94.5118981943,94.5118981943,158.88723728
887,0,90,positive,0.138092372237,-0.0129324184775,0.128208954478,138.092372237,-12.9324184775,128.208954478,94.5589874805,94.5589874805,159.0949545
887,1,90,positive,0.138092372237,-0.0129456541575,0.128133370455,138.092372237,-12.9456541575,128.133370455,94.5457518005,94.5457518005,159.019370477
888,0,90,positive,0.138092372237,-0.0129324184775,0.128208954478,138.092372237,-12.9324184775,128.208954478,94.5589874805,94.5589874805,159.0949545
888,1,90,positive,0.138092372237,-0.0127301616566,0.128923539585,138.092372237,-12.7301616566,128.923539585,94.7612443014,94.7612443014,159.809539607
889,0,90,positive,0.138092372237,-0.0126433179669,0.129398185773,138.092372237,-12.6433179669,129.398185773,94.8480879911,94.8480879911,160.284185795
889,1,90,positive,0.138092372237,-0.0127301616566,0.128923539585,138.092372237,-12.7301616566,128.923539585,94.7612443014,94.7612443014,159.809539607
890,0,90,positive,0.138092372237,-0.0121095528057,0.131147592891,138.092372237,-12.1095528057,131.147592891,95.3818531523,95.3818531523,162.033592913
890,1,90,positive,0.138092372237,-0.0121461087329,0.130892890713,138.092372237,-12.1461087329,130.892890713,95.3452972251,95.3452972251,161.778890735
891,0,90,positive,0.138092372237,-0.0120324490043,0.131432469894,138.092372237,-12.0324490043,131.432469894,95.4589569537,95.4589569537,162.318469917
891,1,90,positive,0.138092372237,-0.0121095528057,0.131147592891,138.092372237,-12.1095528057,131.147592891,95.3818531523,95.3818531523,162.033592913
892,0,90,positive,0.138092372237,-0.0117238959674,0.132228055508,138.092372237,-11.7238959674,132.228055508,95.7675099906,95.7675099906,163.114055531
892,1,90,positive,0.138092372237,-0.0117312197721,0.13219445686,138.092372237,-11.7312197721,132.19445686,95.7601861859,95.7601861859,163.080456883
893,0,90,positive,0.138092372237,-0.0114395736037,0.133230558918,138.092372237,-11.4395736037,133.230558918,96.0518323542,96.0518323542,164.11655894
893,1,90,positive,0.138092372237,-0.0114406915792,0.13322582577,138.092372237,-11.4406915792,133.22582577,96.0507143788,96.0507143788,164.111825793
894,0,90,positive,0.138092372237,-0.011437465012,0.133238650311,138.092372237,-11.437465012,133.238650311,96.053940946,96.053940946,164.124650333
894,1,90,positive,0.138092372237,-0.0114385635826,0.133232685736,138.092372237,-11.4385635826,133.232685736,96.0528423753,96.0528423753,164.118685758
895,0,90,positive,0.138092372237,-0.0114385635826,0.133232685736,138.092372237,-11.4385635826,133.232685736,96.0528423753,96.0528423753,164.118685758
895,1,90,positive,0.138092372237,-0.0114395736037,0.133230558918,138.092372237,-11.4395736037,133.230558918,96.0518323542,96.0518323542,164.11655894
896,0,90,positive,0.138092372237,-0.000970246713407,0.180580917022,138.092372237,-0.970246713407,180.580917022,106.521159245,106.521159245,211.466917045
896,1,90,positive,0.138092372237,-0.00100410828664,0.180176160999,138.092372237,-1.00410828664,180.176160999,106.487297671,106.487297671,211.062161021
897,0,90,positive,0.138092372237,-0.000970246713407,0.180580917022,138.092372237,-0.970246713407,180.580917022,106.521159245,106.521159245,211.466917045
897,1,90,positive,0.138092372237,-0.000992169260582,0.180875279226,138.092372237,-0.992169260582,180.875279226,106.499236697,106.499236697,211.761279248
898,0,90,positive,0.138092372237,-0.000969962068462,0.181123114409,138.092372237,-0.969962068462,181.123114409,106.52144389,106.52144389,212.009114431
898,1,90,positive,0.138092372237,-0.000992169260582,0.180875279226,138.092372237,-0.992169260582,180.875279226,106.499236697,106.499236697,211.761279248
899,0,90,positive,0.138092372237,-0.000969962068462,0.181123114409,138.092372237,-0.969962068462,181.123114409,106.52144389,106.52144389,212.009114431
899,1,90,positive,0.138092372237,-0.000965387959249,0.181490144439,138.092372237,-0.965387959249,181.490144439,106.526017999,106.526017999,212.376144461
900,0,90,positive,0.138092372237,-0.00565038195578,0.18089229893,138.092372237,-5.65038195578,180.89229893,101.841024002,101.841024002,211.778298952
900,1,90,positive,0.138092372237,-0.00560676297333,0.181329379744,138.092372237,-5.60676297333,181.329379744,101.884642985,101.884642985,212.215379766
901,0,90,positive,0.138092372237,-0.00561248446432,0.17968110396,138.092372237,-5.61248446432,179.68110396,101.878921494,101.878921494,210.567103982
901,1,90,positive,0.138092372237,-0.00561144337064,0.179669057895,138.092372237,-5.61144337064,179.669057895,101.879962587,101.879962587,210.555057917
902,0,90,positive,0.138092372237,-0.00561381526436,0.179712366585,138.092372237,-5.61381526436,179.712366585,101.877590694,101.877590694,210.598366607
902,1,90,positive,0.138092372237,-0.00561248446432,0.17968110396,138.092372237,-5.61248446432,179.68110396,101.878921494,101.878921494,210.567103982
903,0,90,positive,0.138092372237,-0.00561381526436,0.179712366585,138.092372237,-5.61381526436,179.712366585,101.877590694,101.877590694,210.598366607
903,1,90,positive,0.138092372237,-0.00566719026319,0.180475152038,138.092372237,-5.66719026319,180.475152038,101.824215695,101.824215695,211.36115206
904,0,90,positive,0.138092372237,-0.00565038195578,0.18089229893,138.092372237,-5.65038195578,180.89229893,101.841024002,101.841024002,211.778298952
904,1,90,positive,0.138092372237,-0.00566719026319,0.180475152038,138.092372237,-5.66719026319,180.475152038,101.824215695,101.824215695,211.36115206
905,0,90,positive,0.138092372237,-0.00560676297333,0.181329379744,138.092372237,-5.60676297333,181.329379744,101.884642985,101.884642985,212.215379766
905,1,90,positive,0.138092372237,-0.00564170139274,0.182150151325,138.092372237,-5.64170139274,182.150151325,101.849704565,101.849704565,213.036151347
906,0,90,positive,0.138092372237,-0.00100938091863,0.182332169791,138.092372237,-1.00938091863,182.332169791,106.482025039,106.482025039,213.218169813
906,1,90,positive,0.138092372237,-0.000965387959249,0.181490144439,138.092372237,-0.965387959249,181.490144439,106.526017999,106.526017999,212.376144461
907,0,90,positive,0.138092372237,-0.00100938091863,0.182332169791,138.092372237,-1.00938091863,182.332169791,106.482025039,106.482025039,213.218169813
907,1,90,positive,0.138092372237,-0.00105408390487,0.183081877103,138.092372237,-1.05408390487,183.081877103,106.437322053,106.437322053,213.967877125
908,0,90,positive,0.138092372237,-0.00115583611688,0.184788676969,138.092372237,-1.15583611688,184.788676969,106.335569841,106.335569841,215.674676991
908,1,90,positive,0.138092372237,-0.0011441879475,0.18461929615,138.092372237,-1.1441879475,184.61929615,106.34721801,106.34721801,215.505296172
909,0,90,positive,0.138092372237,-0.00109645885237,0.183522845941,138.092372237,-1.09645885237,183.522845941,106.394947106,106.394947106,214.408845964
909,1,90,positive,0.138092372237,-0.0011441879475,0.18461929615,138.092372237,-1.1441879475,184.61929615,106.34721801,106.34721801,215.505296172
910,0,90,positive,0.138092372237,-0.00105408390487,0.183081877103,138.092372237,-1.05408390487,183.081877103,106.437322053,106.437322053,213.967877125
910,1,90,positive,0.138092372237,-0.00109645885237,0.183522845941,138.092372237,-1.09645885237,183.522845941,106.394947106,106.394947106,214.408845964
911,0,90,positive,0.138092372237,-0.00116668047627,0.184898196283,138.092372237,-1.16668047627,184.898196283,106.324725482,106.324725482,215.784196305
911,1,90,positive,0.138092372237,-0.00115583611688,0.184788676969,138.092372237,-1.15583611688,184.788676969,106.335569841,106.335569841,215.674676991
912,0,90,positive,0.138092372237,-0.00116668047627,0.184898196283,138.092372237,-1.16668047627,184.898196283,106.324725482,106.324725482,215.784196305
912,1,90,positive,0.138092372237,-0.00130771069731,0.186549037888,138.092372237,-1.30771069731,186.549037888,106.183695261,106.183695261,217.43503791
913,0,90,positive,0.138092372237,-0.00569326179097,0.182686198792,138.092372237,-5.69326179097,182.686198792,101.798144167,101.798144167,213.572198815
913,1,90,positive,0.138092372237,-0.00576993882847,0.183313572294,138.092372237,-5.76993882847,183.313572294,101.72146713,101.72146713,214.199572316
914,0,90,positive,0.138092372237,-0.0056633279167,0.182475163798,138.092372237,-5.6633279167,182.475163798,101.828078041,101.828078041,213.36116382
914,1,90,positive,0.138092372237,-0.00564170139274,0.182150151325,138.092372237,-5.64170139274,182.150151325,101.849704565,101.849704565,213.036151347
915,0,90,positive,0.138092372237,-0.00569326179097,0.182686198792,138.092372237,-5.69326179097,182.686198792,101.798144167,101.798144167,213.572198815
915,1,90,positive,0.138092372237,-0.0056633279167,0.182475163798,138.092372237,-5.6633279167,182.475163798,101.828078041,101.828078041,213.36116382
916,0,90,positive,0.138092372237,-0.00575177705102,0.183617436787,138.092372237,-5.75177705102,183.617436787,101.739628907,101.739628907,214.503436809
916,1,90,positive,0.138092372237,-0.00578409951328,0.18413867724,138.092372237,-5.78409951328,184.13867724,101.707306445,101.707306445,215.024677262
917,0,90,positive,0.138092372237,-0.00575177705102,0.183617436787,138.092372237,-5.75177705102,183.617436787,101.739628907,101.739628907,214.503436809
917,1,90,positive,0.138092372237,-0.00576993882847,0.183313572294,138.092372237,-5.76993882847,183.313572294,101.72146713,101.72146713,214.199572316
918,0,90,positive,0.138092372237,-0.00583089873077,0.184757658687,138.092372237,-5.83089873077,184.757658687,101.660507227,101.660507227,215.643658709
918,1,90,positive,0.138092372237,-0.00583351441017,0.185057578466,138.092372237,-5.83351441017,185.057578466,101.657891548,101.657891548,215.943578488
919,0,90,positive,0.138092372237,-0.00583351441017,0.185057578466,138.092372237,-5.83351441017,185.057578466,101.657891548,101.657891548,215.943578488
919,1,90,positive,0.138092372237,-0.00586049228186,0.185321931963,138.092372237,-5.86049228186,185.321931963,101.630913676,101.630913676,216.207931985
920,0,90,positive,0.138092372237,-0.00583089873077,0.184757658687,138.092372237,-5.83089873077,184.757658687,101.660507227,101.660507227,215.643658709
920,1,90,positive,0.138092372237,-0.00583507970556,0.184446078564,138.092372237,-5.83507970556,184.446078564,101.656326252,101.656326252,215.332078586
921,0,90,positive,0.138092372237,-0.00583507970556,0.184446078564,138.092372237,-5.83507970556,184.446078564,101.656326252,101.656326252,215.332078586
921,1,90,positive,0.138092372237,-0.00578409951328,0.18413867724,138.092372237,-5.78409951328,184.13867724,101.707306445,101.707306445,215.024677262
922,0,90,positive,0.138092372237,-0.00598836615853,0.185831039906,138.092372237,-5.98836615853,185.831039906,101.503039799,101.503039799,216.717039929
922,1,90,positive,0.138092372237,-0.00600357777958,0.186027833604,138.092372237,-6.00357777958,186.027833604,101.487828178,101.487828178,216.913833626
923,0,90,positive,0.138092372237,-0.00598836615853,0.185831039906,138.092372237,-5.98836615853,185.831039906,101.503039799,101.503039799,216.717039929
923,1,90,positive,0.138092372237,-0.00586049228186,0.185321931963,138.092372237,-5.86049228186,185.321931963,101.630913676,101.630913676,216.207931985
924,0,90,positive,0.138092372237,-0.00604601079474,0.18647686161,138.092372237,-6.04601079474,186.47686161,101.445395163,101.445395163,217.362861633
924,1,90,positive,0.138092372237,-0.00600357777958,0.186027833604,138.092372237,-6.00357777958,186.027833604,101.487828178,101.487828178,216.913833626
925,0,90,positive,0.138092372237,-0.00130771069731,0.186549037888,138.092372237,-1.30771069731,186.549037888,106.183695261,106.183695261,217.43503791
925,1,90,positive,0.138092372237,-0.00145393569527,0.188034355702,138.092372237,-1.45393569527,188.034355702,106.037470263,106.037470263,218.920355725
926,0,90,positive,0.138092372237,-0.00148284531766,0.188337544283,138.092372237,-1.48284531766,188.337544283,106.00856064,106.00856064,219.223544305
926,1,90,positive,0.138092372237,-0.00145393569527,0.188034355702,138.092372237,-1.45393569527,188.034355702,106.037470263,106.037470263,218.920355725
927,0,90,positive,0.138092372237,-0.00153079587903,0.188716035672,138.092372237,-1.53079587903,188.716035672,105.960610079,105.960610079,219.602035694
927,1,90,positive,0.138092372237,-0.00148284531766,0.188337544283,138.092372237,-1.48284531766,188.337544283,106.00856064,106.00856064,219.223544305
928,0,90,positive,0.138092372237,-0.00153079587903,0.188716035672,138.092372237,-1.53079587903,188.716035672,105.960610079,105.960610079,219.602035694
928,1,90,positive,0.138092372237,-0.00166798493836,0.189552186487,138.092372237,-1.66798493836,189.552186487,105.82342102,105.82342102,220.438186509
929,0,90,positive,0.138092372237,-0.00166798493836,0.189552186487,138.092372237,-1.66798493836,189.552186487,105.82342102,105.82342102,220.438186509
929,1,90,positive,0.138092372237,-0.00183838835285,0.190580938562,138.092372237,-1.83838835285,190.580938562,105.653017605,105.653017605,221.466938584
930,0,90,positive,0.138092372237,-0.00604601079474,0.18647686161,138.092372237,-6.04601079474,186.47686161,101.445395163,101.445395163,217.362861633
930,1,90,positive,0.138092372237,-0.00626953414446,0.187745584061,138.092372237,-6.26953414446,187.745584061,101.221871814,101.221871814,218.631584083
931,0,90,positive,0.138092372237,-0.00628148278663,0.187822509564,138.092372237,-6.28148278663,187.822509564,101.209923171,101.209923171,218.708509587
931,1,90,positive,0.138092372237,-0.00626953414446,0.187745584061,138.092372237,-6.26953414446,187.745584061,101.221871814,101.221871814,218.631584083
932,0,90,positive,0.138092372237,-0.00627770718593,0.188761226811,138.092372237,-6.27770718593,188.761226811,101.213698772,101.213698772,219.647226834
932,1,90,positive,0.138092372237,-0.00639714619934,0.189480318245,138.092372237,-6.39714619934,189.480318245,101.094259759,101.094259759,220.366318267
933,0,90,positive,0.138092372237,-0.00627770718593,0.188761226811,138.092372237,-6.27770718593,188.761226811,101.213698772,101.213698772,219.647226834
933,1,90,positive,0.138092372237,-0.00627400385489,0.188736291343,138.092372237,-6.27400385489,188.736291343,101.217402103,101.217402103,219.622291365
934,0,90,positive,0.138092372237,-0.00639714619934,0.189480318245,138.092372237,-6.39714619934,189.480318245,101.094259759,101.094259759,220.366318267
934,1,90,positive,0.138092372237,-0.00644074202441,0.189755481755,138.092372237,-6.44074202441,189.755481755,101.050663934,101.050663934,220.641481777
935,0,90,positive,0.138092372237,-0.00652602124524,0.190585552117,138.092372237,-6.52602124524,190.585552117,100.965384713,100.965384713,221.471552139
935,1,90,positive,0.138092372237,-0.00644074202441,0.189755481755,138.092372237,-6.44074202441,189.755481755,101.050663934,101.050663934,220.641481777
936,0,90,positive,0.138092372237,-0.00628166849096,0.187829045208,138.092372237,-6.28166849096,187.829045208,101.209737467,101.209737467,218.715045231
936,1,90,positive,0.138092372237,-0.00628148278663,0.187822509564,138.092372237,-6.28148278663,187.822509564,101.209923171,101.209923171,218.708509587
937,0,90,positive,0.138092372237,-0.00628283452031,0.187836851148,138.092372237,-6.28283452031,187.836851148,101.208571438,101.208571438,218.72285117
937,1,90,positive,0.138092372237,-0.00628166849096,0.187829045208,138.092372237,-6.28166849096,187.829045208,101.209737467,101.209737467,218.715045231
938,0,90,positive,0.138092372237,-0.00628283452031,0.187836851148,138.092372237,-6.28283452031,187.836851148,101.208571438,101.208571438,218.72285117
938,1,90,positive,0.138092372237,-0.00627400385489,0.188736291343,138.092372237,-6.27400385489,188.736291343,101.217402103,101.217402103,219.622291365
939,0,90,positive,0.138092372237,-0.00652602124524,0.190585552117,138.092372237,-6.52602124524,190.585552117,100.965384713,100.965384713,221.471552139
939,1,90,positive,0.138092372237,-0.00660014382444,0.191564196287,138.092372237,-6.60014382444,191.564196287,100.891262134,100.891262134,222.450196309
940,0,90,positive,0.138092372237,-0.00188186168777,0.190795170399,138.092372237,-1.88186168777,190.795170399,105.60954427,105.60954427,221.681170421
940,1,90,positive,0.138092372237,-0.00183838835285,0.190580938562,138.092372237,-1.83838835285,190.580938562,105.653017605,105.653017605,221.466938584
941,0,90,positive,0.138092372237,-0.00188186168777,0.190795170399,138.092372237,-1.88186168777,190.795170399,105.60954427,105.60954427,221.681170421
941,1,90,positive,0.138092372237,-0.0020893252469,0.192078141978,138.092372237,-2.0893252469,192.078141978,105.402080711,105.402080711,222.964142
942,0,90,positive,0.138092372237,-0.002291992381,0.193512527679,138.092372237,-2.291992381,193.512527679,105.199413577,105.199413577,224.398527701
942,1,90,positive,0.138092372237,-0.00227299549542,0.193377504675,138.092372237,-2.27299549542,193.377504675,105.218410463,105.218410463,224.263504698
943,0,90,positive,0.138092372237,-0.00231099450675,0.193617235681,138.092372237,-2.31099450675,193.617235681,105.180411451,105.180411451,224.503235703
943,1,90,positive,0.138092372237,-0.002291992381,0.193512527679,138.092372237,-2.291992381,193.512527679,105.199413577,105.199413577,224.398527701
944,0,90,positive,0.138092372237,-0.0020893252469,0.192078141978,138.092372237,-2.0893252469,192.078141978,105.402080711,105.402080711,222.964142
944,1,90,positive,0.138092372237,-0.00227299549542,0.193377504675,138.092372237,-2.27299549542,193.377504675,105.218410463,105.218410463,224.263504698
945,0,90,positive,0.138092372237,-0.00231099450675,0.193617235681,138.092372237,-2.31099450675,193.617235681,105.180411451,105.180411451,224.503235703
945,1,90,positive,0.138092372237,-0.00250269331691,0.194398927034,138.092372237,-2.50269331691,194.398927034,104.988712641,104.988712641,225.284927057
946,0,90,positive,0.138092372237,-0.00250590160714,0.194427218723,138.092372237,-2.50590160714,194.427218723,104.985504351,104.985504351,225.313218746
946,1,90,positive,0.138092372237,-0.00250269331691,0.194398927034,138.092372237,-2.50269331691,194.398927034,104.988712641,104.988712641,225.284927057
947,0,90,positive,0.138092372237,-0.00250590160714,0.194427218723,138.092372237,-2.50590160714,194.427218723,104.985504351,104.985504351,225.313218746
947,1,90,positive,0.138092372237,-0.00261251653778,0.195215473008,138.092372237,-2.61251653778,195.215473008,104.87888942,104.87888942,226.101473031
948,0,90,positive,0.138092372237,-0.00287272895206,0.19623245571,138.092372237,-2.87272895206,196.23245571,104.618677006,104.618677006,227.118455733
948,1,90,positive,0.138092372237,-0.00261251653778,0.195215473008,138.092372237,-2.61251653778,195.215473008,104.87888942,104.87888942,226.101473031
949,0,90,positive,0.138092372237,-0.0038278160532,0.200478213767,138.092372237,-3.8278160532,200.478213767,103.663589905,103.663589905,231.36421379
949,1,90,positive,0.138092372237,-0.00340579731252,0.198729910634,138.092372237,-3.40579731252,198.729910634,104.085608645,104.085608645,229.615910656
950,0,90,positive,0.138092372237,-0.0038278160532,0.200478213767,138.092372237,-3.8278160532,200.478213767,103.663589905,103.663589905,231.36421379
950,1,90,positive,0.138092372237,-0.00390347282725,0.200775028103,138.092372237,-3.90347282725,200.775028103,103.587933131,103.587933131,231.661028125
951,0,90,positive,0.138092372237,-0.00306242967469,0.197216137183,138.092372237,-3.06242967469,197.216137183,104.428976283,104.428976283,228.102137205
951,1,90,positive,0.138092372237,-0.00293576443531,0.19651662157,138.092372237,-2.93576443531,196.51662157,104.555641523,104.555641523,227.402621592
952,0,90,positive,0.138092372237,-0.00287272895206,0.19623245571,138.092372237,-2.87272895206,196.23245571,104.618677006,104.618677006,227.118455733
952,1,90,positive,0.138092372237,-0.00293576443531,0.19651662157,138.092372237,-2.93576443531,196.51662157,104.555641523,104.555641523,227.402621592
953,0,90,positive,0.138092372237,-0.00328625613405,0.198189192079,138.092372237,-3.28625613405,198.189192079,104.205149824,104.205149824,229.075192102
953,1,90,positive,0.138092372237,-0.00306242967469,0.197216137183,138.092372237,-3.06242967469,197.216137183,104.428976283,104.428976283,228.102137205
954,0,90,positive,0.138092372237,-0.00333644820526,0.198413219301,138.092372237,-3.33644820526,198.413219301,104.154957753,104.154957753,229.299219323
954,1,90,positive,0.138092372237,-0.00334917214468,0.198453369219,138.092372237,-3.34917214468,198.453369219,104.142233813,104.142233813,229.339369242
955,0,90,positive,0.138092372237,-0.00328625613405,0.198189192079,138.092372237,-3.28625613405,198.189192079,104.205149824,104.205149824,229.075192102
955,1,90,positive,0.138092372237,-0.00333644820526,0.198413219301,138.092372237,-3.33644820526,198.413219301,104.154957753,104.154957753,229.299219323
956,0,90,positive,0.138092372237,-0.00334917214468,0.198453369219,138.092372237,-3.34917214468,198.453369219,104.142233813,104.142233813,229.339369242
956,1,90,positive,0.138092372237,-0.00340579731252,0.198729910634,138.092372237,-3.40579731252,198.729910634,104.085608645,104.085608645,229.615910656
957,0,90,positive,0.138092372237,-0.0066002240102,0.191567195344,138.092372237,-6.6002240102,191.567195344,100.891181948,100.891181948,222.453195367
957,1,90,positive,0.138092372237,-0.00660014382444,0.191564196287,138.092372237,-6.60014382444,191.564196287,100.891262134,100.891262134,222.450196309
958,0,90,positive,0.138092372237,-0.00660250674893,0.191588174067,138.092372237,-6.60250674893,191.588174067,100.888899209,100.888899209,222.474174089
958,1,90,positive,0.138092372237,-0.0066002240102,0.191567195344,138.092372237,-6.6002240102,191.567195344,100.891181948,100.891181948,222.453195367
959,0,90,positive,0.138092372237,-0.00418645285228,0.202132730056,138.092372237,-4.18645285228,202.132730056,103.304953106,103.304953106,233.018730079
959,1,90,positive,0.138092372237,-0.00401232422005,0.201276817876,138.092372237,-4.01232422005,201.276817876,103.479081738,103.479081738,232.162817898
960,0,90,positive,0.138092372237,-0.00390347282725,0.200775028103,138.092372237,-3.90347282725,200.775028103,103.587933131,103.587933131,231.661028125
960,1,90,positive,0.138092372237,-0.00401232422005,0.201276817876,138.092372237,-4.01232422005,201.276817876,103.479081738,103.479081738,232.162817898
961,0,90,positive,0.138092372237,-0.00418645285228,0.202132730056,138.092372237,-4.18645285228,202.132730056,103.304953106,103.304953106,233.018730079
961,1,90,positive,0.138092372237,-0.00442881473061,0.202981417088,138.092372237,-4.42881473061,202.981417088,103.062591227,103.062591227,233.867417111
962,0,90,positive,0.138092372237,-0.0045760043652,0.203640152007,138.092372237,-4.5760043652,203.640152007,102.915401593,102.915401593,234.526152029
962,1,90,positive,0.138092372237,-0.00442881473061,0.202981417088,138.092372237,-4.42881473061,202.981417088,103.062591227,103.062591227,233.867417111
963,0,90,positive,0.138092372237,-0.0045760043652,0.203640152007,138.092372237,-4.5760043652,203.640152007,102.915401593,102.915401593,234.526152029
963,1,90,positive,0.138092372237,-0.00471473323562,0.204477292108,138.092372237,-4.71473323562,204.477292108,102.776672722,102.776672722,235.36329213
964,0,90,positive,0.138092372237,-0.00479892501796,0.205139413613,138.092372237,-4.79892501796,205.139413613,102.69248094,102.69248094,236.025413636
964,1,90,positive,0.138092372237,-0.00471473323562,0.204477292108,138.092372237,-4.71473323562,204.477292108,102.776672722,102.776672722,235.36329213
965,0,90,positive,0.138092372237,-0.00479892501796,0.205139413613,138.092372237,-4.79892501796,205.139413613,102.69248094,102.69248094,236.025413636
965,1,90,positive,0.138092372237,-0.00494000634946,0.205901580804,138.092372237,-4.94000634946,205.901580804,102.551399609,102.551399609,236.787580826
966,0,90,positive,0.138092372237,-0.00514765623,0.206776003094,138.092372237,-5.14765623,206.776003094,102.343749728,102.343749728,237.662003117
966,1,90,positive,0.138092372237,-0.00494000634946,0.205901580804,138.092372237,-4.94000634946,205.901580804,102.551399609,102.551399609,236.787580826
967,0,90,positive,0.138092372237,-0.00540185059558,0.207877443193,138.092372237,-5.40185059558,207.877443193,102.089555362,102.089555362,238.763443216
967,1,90,positive,0.138092372237,-0.0052091604217,0.207169026724,138.092372237,-5.2091604217,207.169026724,102.282245536,102.282245536,238.055026747
968,0,90,positive,0.138092372237,-0.00540185059558,0.207877443193,138.092372237,-5.40185059558,207.877443193,102.089555362,102.089555362,238.763443216
968,1,90,positive,0.138092372237,-0.00565092861328,0.20873847725,138.092372237,-5.65092861328,208.73847725,101.840477345,101.840477345,239.624477272
969,0,90,positive,0.138092372237,-0.00514765623,0.206776003094,138.092372237,-5.14765623,206.776003094,102.343749728,102.343749728,237.662003117
969,1,90,positive,0.138092372237,-0.0052091604217,0.207169026724,138.092372237,-5.2091604217,207.169026724,102.282245536,102.282245536,238.055026747
970,0,90,positive,0.138092372237,-0.00565092861328,0.20873847725,138.092372237,-5.65092861328,208.73847725,101.840477345,101.840477345,239.624477272
970,1,90,positive,0.138092372237,-0.00587318139908,0.209432582856,138.092372237,-5.87318139908,209.432582856,101.618224559,101.618224559,240.318582878
971,0,90,positive,0.138092372237,-0.00610773437636,0.209993903711,138.092372237,-6.10773437636,209.993903711,101.383671582,101.383671582,240.879903734
971,1,90,positive,0.138092372237,-0.00587318139908,0.209432582856,138.092372237,-5.87318139908,209.432582856,101.618224559,101.618224559,240.318582878
972,0,90,positive,0.138092372237,-0.00610773437636,0.209993903711,138.092372237,-6.10773437636,209.993903711,101.383671582,101.383671582,240.879903734
972,1,90,positive,0.138092372237,-0.0062130667281,0.210277232152,138.092372237,-6.2130667281,210.277232152,101.27833923,101.27833923,241.163232174
973,0,90,positive,0.138092372237,-0.0062130667281,0.210277232152,138.092372237,-6.2130667281,210.277232152,101.27833923,101.27833923,241.163232174
973,1,90,positive,0.138092372237,-0.00650737067674,0.210965511772,138.092372237,-6.50737067674,210.965511772,100.984035281,100.984035281,241.851511794
974,0,90,positive,0.138092372237,-0.00666413338235,0.21135724469,138.092372237,-6.66413338235,211.35724469,100.827272576,100.827272576,242.243244712
974,1,90,positive,0.138092372237,-0.00679987801438,0.211726728375,138.092372237,-6.79987801438,211.726728375,100.691527944,100.691527944,242.612728397
975,0,90,positive,0.138092372237,-0.00679987801438,0.211726728375,138.092372237,-6.79987801438,211.726728375,100.691527944,100.691527944,242.612728397
975,1,90,positive,0.138092372237,-0.00684784401291,0.211866712289,138.092372237,-6.84784401291,211.866712289,100.643561945,100.643561945,242.752712311
976,0,90,positive,0.138092372237,-0.00147669662486,0.245612490059,138.092372237,-1.47669662486,245.612490059,106.014709333,106.014709333,276.498490082
976,1,90,positive,0.138092372237,-0.00168297582967,0.2455561467,138.092372237,-1.68297582967,245.5561467,105.808430128,105.808430128,276.442146723
977,0,90,positive,0.138092372237,-0.00110892107038,0.245721277439,138.092372237,-1.10892107038,245.721277439,106.382484888,106.382484888,276.607277461
977,1,90,positive,0.138092372237,-0.00147669662486,0.245612490059,138.092372237,-1.47669662486,245.612490059,106.014709333,106.014709333,276.498490082
978,0,90,positive,0.138092372237,-0.00110892107038,0.245721277439,138.092372237,-1.10892107038,245.721277439,106.382484888,106.382484888,276.607277461
978,1,90,positive,0.138092372237,-0.000567077700039,0.245890851642,138.092372237,-0.567077700039,245.890851642,106.924328258,106.924328258,276.776851664
979,0,90,positive,0.138092372237,0.00250632023829,0.247070920571,138.092372237,2.50632023829,247.070920571,109.997726196,109.997726196,277.956920593
979,1,90,positive,0.138092372237,0.00243157498425,0.247021983377,138.092372237,2.43157498425,247.021983377,109.922980942,109.922980942,277.9079834
980,0,90,positive,0.138092372237,0.00266753933304,0.247202525494,138.092372237,2.66753933304,247.202525494,110.158945291,110.158945291,278.088525516
980,1,90,positive,0.138092372237,0.00250632023829,0.247070920571,138.092372237,2.50632023829,247.070920571,109.997726196,109.997726196,277.956920593
981,0,90,positive,0.138092372237,0.00243157498425,0.247021983377,138.092372237,2.43157498425,247.021983377,109.922980942,109.922980942,277.9079834
981,1,90,positive,0.138092372237,0.00163818161332,0.246686548805,138.092372237,1.63818161332,246.686548805,109.129587571,109.129587571,277.572548827
982,0,90,positive,0.138092372237,0.00337499396643,0.248266746456,138.092372237,3.37499396643,248.266746456,110.866399924,110.866399924,279.152746478
982,1,90,positive,0.138092372237,0.0033615991285,0.248221582395,138.092372237,3.3615991285,248.221582395,110.853005086,110.853005086,279.107582417
983,0,90,positive,0.138092372237,0.00337748626011,0.248286591028,138.092372237,3.37748626011,248.286591028,110.868892218,110.868892218,279.17259105
983,1,90,positive,0.138092372237,0.00337499396643,0.248266746456,138.092372237,3.37499396643,248.266746456,110.866399924,110.866399924,279.152746478
984,0,90,positive,0.138092372237,0.00314236380206,0.247680519606,138.092372237,3.14236380206,247.680519606,110.63376976,110.63376976,278.566519629
984,1,90,positive,0.138092372237,0.00297290377377,0.24747799747,138.092372237,2.97290377377,247.47799747,110.464309732,110.464309732,278.363997492
985,0,90,positive,0.138092372237,0.0031969079214,0.247790312051,138.092372237,3.1969079214,247.790312051,110.688313879,110.688313879,278.676312073
985,1,90,positive,0.138092372237,0.00314236380206,0.247680519606,138.092372237,3.14236380206,247.680519606,110.63376976,110.63376976,278.566519629
986,0,90,positive,0.138092372237,0.00337748626011,0.248286591028,138.092372237,3.37748626011,248.286591028,110.868892218,110.868892218,279.17259105
986,1,90,positive,0.138092372237,0.00340286436099,0.248757067812,138.092372237,3.40286436099,248.757067812,110.894270319,110.894270319,279.643067834
987,0,90,positive,0.138092372237,0.0031969079214,0.247790312051,138.092372237,3.1969079214,247.790312051,110.688313879,110.688313879,278.676312073
987,1,90,positive,0.138092372237,0.00331430456145,0.247977432678,138.092372237,3.31430456145,247.977432678,110.805710519,110.805710519,278.8634327
988,0,90,positive,0.138092372237,0.00331430456145,0.247977432678,138.092372237,3.31430456145,247.977432678,110.805710519,110.805710519,278.8634327
988,1,90,positive,0.138092372237,0.0033615991285,0.248221582395,138.092372237,3.3615991285,248.221582395,110.853005086,110.853005086,279.107582417
989,0,90,positive,0.138092372237,0.0007867373062,0.246310884197,138.092372237,0.7867373062,246.310884197,108.278143264,108.278143264,277.196884219
989,1,90,positive,0.138092372237,-0.000260575565999,0.245982581168,138.092372237,-0.260575565999,245.982581168,107.230830392,107.230830392,276.86858119
990,0,90,positive,0.138092372237,-0.000567077700039,0.245890851642,138.092372237,-0.567077700039,245.890851642,106.924328258,106.924328258,276.776851664
990,1,90,positive,0.138092372237,-0.000443731753376,0.245926932963,138.092372237,-0.443731753376,245.926932963,107.047674205,107.047674205,276.812932985
991,0,90,positive,0.138092372237,-0.000443731753376,0.245926932963,138.092372237,-0.443731753376,245.926932963,107.047674205,107.047674205,276.812932985
991,1,90,positive,0.138092372237,-0.000260575565999,0.245982581168,138.092372237,-0.260575565999,245.982581168,107.230830392,107.230830392,276.86858119
992,0,90,positive,0.138092372237,0.0007867373062,0.246310884197,138.092372237,0.7867373062,246.310884197,108.278143264,108.278143264,277.196884219
992,1,90,positive,0.138092372237,0.00163818161332,0.246686548805,138.092372237,1.63818161332,246.686548805,109.129587571,109.129587571,277.572548827
993,0,90,positive,0.138092372237,0.00266753933304,0.247202525494,138.092372237,2.66753933304,247.202525494,110.158945291,110.158945291,278.088525516
993,1,90,positive,0.138092372237,0.00289475959543,0.247394044103,138.092372237,2.89475959543,247.394044103,110.386165553,110.386165553,278.280044125
994,0,90,positive,0.138092372237,0.00289475959543,0.247394044103,138.092372237,2.89475959543,247.394044103,110.386165553,110.386165553,278.280044125
994,1,90,positive,0.138092372237,0.00297290377377,0.24747799747,138.092372237,2.97290377377,247.47799747,110.464309732,110.464309732,278.363997492
995,0,90,positive,0.138092372237,-0.00304862850436,0.245251183768,138.092372237,-3.04862850436,245.251183768,104.442777454,104.442777454,276.13718379
995,1,90,positive,0.138092372237,-0.00423145137694,0.245018292535,138.092372237,-4.23145137694,245.018292535,103.259954581,103.259954581,275.904292557
996,0,90,positive,0.138092372237,-0.00450499827717,0.244962022815,138.092372237,-4.50499827717,244.962022815,102.986407681,102.986407681,275.848022837
996,1,90,positive,0.138092372237,-0.00423145137694,0.245018292535,138.092372237,-4.23145137694,245.018292535,103.259954581,103.259954581,275.904292557
997,0,90,positive,0.138092372237,-0.004589909379,0.24494792389,138.092372237,-4.589909379,244.94792389,102.901496579,102.901496579,275.833923913
997,1,90,positive,0.138092372237,-0.00450499827717,0.244962022815,138.092372237,-4.50499827717,244.962022815,102.986407681,102.986407681,275.848022837
998,0,90,positive,0.138092372237,-0.00304862850436,0.245251183768,138.092372237,-3.04862850436,245.251183768,104.442777454,104.442777454,276.13718379
998,1,90,positive,0.138092372237,-0.00168297582967,0.2455561467,138.092372237,-1.68297582967,245.5561467,105.808430128,105.808430128,276.442146723
999,0,90,positive,0.138092372237,-0.00559683061005,0.244769089026,138.092372237,-5.59683061005,244.769089026,101.894575348,101.894575348,275.655089048
999,1,90,positive,0.138092372237,-0.00609442222536,0.244681967049,138.092372237,-6.09442222536,244.681967049,101.396983733,101.396983733,275.567967071
1000,0,90,positive,0.138092372237,-0.00559683061005,0.244769089026,138.092372237,-5.59683061005,244.769089026,101.894575348,101.894575348,275.655089048
1000,1,90,positive,0.138092372237,-0.004589909379,0.24494792389,138.092372237,-4.589909379,244.94792389,102.901496579,102.901496579,275.833923913
1001,0,90,positive,0.138092372237,0.00340241925926,0.248785365023,138.092372237,3.40241925926,248.785365023,110.893825217,110.893825217,279.671365045
1001,1,90,positive,0.138092372237,0.00340286436099,0.248757067812,138.092372237,3.40286436099,248.757067812,110.894270319,110.894270319,279.643067834
1002,0,90,positive,0.138092372237,0.00339478141913,0.24881343365,138.092372237,3.39478141913,248.81343365,110.886187377,110.886187377,279.699433673
1002,1,90,positive,0.138092372237,0.00340241925926,0.248785365023,138.092372237,3.40241925926,248.785365023,110.893825217,110.893825217,279.671365045
1003,0,90,positive,0.138092372237,-0.00156136674878,0.250894456409,138.092372237,-1.56136674878,250.894456409,105.930039209,105.930039209,281.780456432
1003,1,90,positive,0.138092372237,-0.000726765809411,0.250925808999,138.092372237,-0.726765809411,250.925808999,106.764640149,106.764640149,281.811809021
1004,0,90,positive,0.138092372237,0.00339478141913,0.24881343365,138.092372237,3.39478141913,248.81343365,110.886187377,110.886187377,279.699433673
1004,1,90,positive,0.138092372237,0.00332849430242,0.249173543381,138.092372237,3.32849430242,249.173543381,110.81990026,110.81990026,280.059543404
1005,0,90,positive,0.138092372237,0.00327540097042,0.24929719238,138.092372237,3.27540097042,249.29719238,110.766806928,110.766806928,280.183192403
1005,1,90,positive,0.138092372237,0.00332849430242,0.249173543381,138.092372237,3.32849430242,249.173543381,110.81990026,110.81990026,280.059543404
1006,0,90,positive,0.138092372237,0.00275136111714,0.250101717822,138.092372237,2.75136111714,250.101717822,110.242767075,110.242767075,280.987717844
1006,1,90,positive,0.138092372237,0.00275284754645,0.250100553958,138.092372237,2.75284754645,250.100553958,110.244253504,110.244253504,280.98655398
1007,0,90,positive,0.138092372237,0.00275284754645,0.250100553958,138.092372237,2.75284754645,250.100553958,110.244253504,110.244253504,280.98655398
1007,1,90,positive,0.138092372237,0.00276137736007,0.250090430256,138.092372237,2.76137736007,250.090430256,110.252783318,110.252783318,280.976430278
1008,0,90,positive,0.138092372237,0.00224215572497,0.250431222672,138.092372237,2.24215572497,250.431222672,109.733561683,109.733561683,281.317222694
1008,1,90,positive,0.138092372237,0.00224769644398,0.250429231808,138.092372237,2.24769644398,250.429231808,109.739102402,109.739102402,281.31523183
1009,0,90,positive,0.138092372237,0.00222608228133,0.250439008302,138.092372237,2.22608228133,250.439008302,109.717488239,109.717488239,281.325008324
1009,1,90,positive,0.138092372237,0.00224215572497,0.250431222672,138.092372237,2.24215572497,250.431222672,109.733561683,109.733561683,281.317222694
1010,0,90,positive,0.138092372237,0.00275136111714,0.250101717822,138.092372237,2.75136111714,250.101717822,110.242767075,110.242767075,280.987717844
1010,1,90,positive,0.138092372237,0.00224769644398,0.250429231808,138.092372237,2.24769644398,250.429231808,109.739102402,109.739102402,281.31523183
1011,0,90,positive,0.138092372237,0.00222608228133,0.250439008302,138.092372237,2.22608228133,250.439008302,109.717488239,109.717488239,281.325008324
1011,1,90,positive,0.138092372237,0.00147085774929,0.250766390209,138.092372237,1.47085774929,250.766390209,108.962263707,108.962263707,281.652390231
1012,0,90,positive,0.138092372237,0.00111181133661,0.250856012106,138.092372237,1.11181133661,250.856012106,108.603217295,108.603217295,281.742012128
1012,1,90,positive,0.138092372237,0.00147085774929,0.250766390209,138.092372237,1.47085774929,250.766390209,108.962263707,108.962263707,281.652390231
1013,0,90,positive,0.138092372237,0.00111181133661,0.250856012106,138.092372237,1.11181133661,250.856012106,108.603217295,108.603217295,281.742012128
1013,1,90,positive,0.138092372237,0.00109966227017,0.250858510061,138.092372237,1.09966227017,250.858510061,108.591068228,108.591068228,281.744510084
1014,0,90,positive,0.138092372237,-0.000253832504439,0.250930997679,138.092372237,-0.253832504439,250.930997679,107.237573454,107.237573454,281.816997701
1014,1,90,positive,0.138092372237,0.00105297787423,0.250858608701,138.092372237,1.05297787423,250.858608701,108.544383832,108.544383832,281.744608723
1015,0,90,positive,0.138092372237,0.00109966227017,0.250858510061,138.092372237,1.09966227017,250.858510061,108.591068228,108.591068228,281.744510084
1015,1,90,positive,0.138092372237,0.00105297787423,0.250858608701,138.092372237,1.05297787423,250.858608701,108.544383832,108.544383832,281.744608723
1016,0,90,positive,0.138092372237,-0.000253832504439,0.250930997679,138.092372237,-0.253832504439,250.930997679,107.237573454,107.237573454,281.816997701
1016,1,90,positive,0.138092372237,-0.000726765809411,0.250925808999,138.092372237,-0.726765809411,250.925808999,106.764640149,106.764640149,281.811809021
1017,0,90,positive,0.138092372237,0.00303622088023,0.24978050504,138.092372237,3.03622088023,249.78050504,110.527626838,110.527626838,280.666505062
1017,1,90,positive,0.138092372237,0.00313994963233,0.249582374537,138.092372237,3.13994963233,249.582374537,110.63135559,110.63135559,280.468374559
1018,0,90,positive,0.138092372237,0.00300597563478,0.249815564233,138.092372237,3.00597563478,249.815564233,110.497381593,110.497381593,280.701564256
1018,1,90,positive,0.138092372237,0.00276137736007,0.250090430256,138.092372237,2.76137736007,250.090430256,110.252783318,110.252783318,280.976430278
1019,0,90,positive,0.138092372237,0.00303622088023,0.24978050504,138.092372237,3.03622088023,249.78050504,110.527626838,110.527626838,280.666505062
1019,1,90,positive,0.138092372237,0.00300597563478,0.249815564233,138.092372237,3.00597563478,249.815564233,110.497381593,110.497381593,280.701564256
1020,0,90,positive,0.138092372237,0.00327540097042,0.24929719238,138.092372237,3.27540097042,249.29719238,110.766806928,110.766806928,280.183192403
1020,1,90,positive,0.138092372237,0.00319342798961,0.249500110469,138.092372237,3.19342798961,249.500110469,110.684833948,110.684833948,280.386110492
1021,0,90,positive,0.138092372237,0.00319342798961,0.249500110469,138.092372237,3.19342798961,249.500110469,110.684833948,110.684833948,280.386110492
1021,1,90,positive,0.138092372237,0.00313994963233,0.249582374537,138.092372237,3.13994963233,249.582374537,110.63135559,110.63135559,280.468374559
1022,0,90,positive,0.138092372237,-0.00576840890842,0.250356531072,138.092372237,-5.76840890842,250.356531072,101.72299705,101.72299705,281.242531094
1022,1,90,positive,0.138092372237,-0.00381951196617,0.250639186427,138.092372237,-3.81951196617,250.639186427,103.671893992,103.671893992,281.525186449
1023,0,90,positive,0.138092372237,-0.00224596077608,0.250820643825,138.092372237,-2.24596077608,250.820643825,105.245445182,105.245445182,281.706643848
1023,1,90,positive,0.138092372237,-0.00156136674878,0.250894456409,138.092372237,-1.56136674878,250.894456409,105.930039209,105.930039209,281.780456432
1024,0,90,positive,0.138092372237,-0.00313014812415,0.250731467603,138.092372237,-3.13014812415,250.731467603,104.361257834,104.361257834,281.617467625
1024,1,90,positive,0.138092372237,-0.0023991440669,0.250807737061,138.092372237,-2.3991440669,250.807737061,105.092261891,105.092261891,281.693737083
1025,0,90,positive,0.138092372237,-0.00224596077608,0.250820643825,138.092372237,-2.24596077608,250.820643825,105.245445182,105.245445182,281.706643848
1025,1,90,positive,0.138092372237,-0.0023991440669,0.250807737061,138.092372237,-2.3991440669,250.807737061,105.092261891,105.092261891,281.693737083
1026,0,90,positive,0.138092372237,-0.00313014812415,0.250731467603,138.092372237,-3.13014812415,250.731467603,104.361257834,104.361257834,281.617467625
1026,1,90,positive,0.138092372237,-0.00381951196617,0.250639186427,138.092372237,-3.81951196617,250.639186427,103.671893992,103.671893992,281.525186449
1027,0,90,positive,0.138092372237,-0.00613483682794,0.250291931736,138.092372237,-6.13483682794,250.291931736,101.35656913,101.35656913,281.177931758
1027,1,90,positive,0.138092372237,-0.00681232886201,0.250237785558,138.092372237,-6.81232886201,250.237785558,100.679077096,100.679077096,281.12378558
1028,0,90,positive,0.138092372237,-0.00576840890842,0.250356531072,138.092372237,-5.76840890842,250.356531072,101.72299705,101.72299705,281.242531094
1028,1,90,positive,0.138092372237,-0.00613483682794,0.250291931736,138.092372237,-6.13483682794,250.291931736,101.35656913,101.35656913,281.177931758
1029,0,90,positive,0.138092372237,-0.025515638185,0.235231230534,138.092372237,-25.515638185,235.231230534,81.9757677729,81.9757677729,266.117230556
1029,1,90,positive,0.138092372237,-0.0255163502894,0.235224065632,138.092372237,-25.5163502894,235.224065632,81.9750556685,81.9750556685,266.110065655
1030,0,90,positive,0.138092372237,-0.0255147468128,0.235239383894,138.092372237,-25.5147468128,235.239383894,81.9766591452,81.9766591452,266.125383916
1030,1,90,positive,0.138092372237,-0.025515638185,0.235231230534,138.092372237,-25.515638185,235.231230534,81.9757677729,81.9757677729,266.117230556
1031,0,90,positive,0.138092372237,-0.00744373032707,0.250126155432,138.092372237,-7.44373032707,250.126155432,100.047675631,100.047675631,281.012155454
1031,1,90,positive,0.138092372237,-0.00681232886201,0.250237785558,138.092372237,-6.81232886201,250.237785558,100.679077096,100.679077096,281.12378558
1032,0,90,positive,0.138092372237,-0.00773002164928,0.250051221304,138.092372237,-7.73002164928,250.051221304,99.7613843087,99.7613843087,280.937221326
1032,1,90,positive,0.138092372237,-0.00817259761438,0.249978751911,138.092372237,-8.17259761438,249.978751911,99.3188083436,99.3188083436,280.864751933
1033,0,90,positive,0.138092372237,-0.00744373032707,0.250126155432,138.092372237,-7.44373032707,250.126155432,100.047675631,100.047675631,281.012155454
1033,1,90,positive,0.138092372237,-0.00773002164928,0.250051221304,138.092372237,-7.73002164928,250.051221304,99.7613843087,99.7613843087,280.937221326
1034,0,90,positive,0.138092372237,-0.0133777589776,0.24910163011,138.092372237,-13.3777589776,249.10163011,94.1136469804,94.1136469804,279.987630132
1034,1,90,positive,0.138092372237,-0.012584864069,0.249298641564,138.092372237,-12.584864069,249.298641564,94.906541889,94.906541889,280.184641586
1035,0,90,positive,0.138092372237,-0.00999753076934,0.249628523809,138.092372237,-9.99753076934,249.628523809,97.4938751886,97.4938751886,280.514523831
1035,1,90,positive,0.138092372237,-0.00849744143945,0.249912747197,138.092372237,-8.49744143945,249.912747197,98.9939645185,98.9939645185,280.798747219
1036,0,90,positive,0.138092372237,-0.00817259761438,0.249978751911,138.092372237,-8.17259761438,249.978751911,99.3188083436,99.3188083436,280.864751933
1036,1,90,positive,0.138092372237,-0.00849744143945,0.249912747197,138.092372237,-8.49744143945,249.912747197,98.9939645185,98.9939645185,280.798747219
1037,0,90,positive,0.138092372237,-0.0105084391556,0.249564263871,138.092372237,-10.5084391556,249.564263871,96.9829668024,96.9829668024,280.450263893
1037,1,90,positive,0.138092372237,-0.00999753076934,0.249628523809,138.092372237,-9.99753076934,249.628523809,97.4938751886,97.4938751886,280.514523831
1038,0,90,positive,0.138092372237,-0.0105084391556,0.249564263871,138.092372237,-10.5084391556,249.564263871,96.9829668024,96.9829668024,280.450263893
1038,1,90,positive,0.138092372237,-0.0109964567767,0.249501778393,138.092372237,-10.9964567767,249.501778393,96.4949491813,96.4949491813,280.387778415
1039,0,90,positive,0.138092372237,-0.0124512065728,0.249326983153,138.092372237,-12.4512065728,249.326983153,95.0401993852,95.0401993852,280.212983175
1039,1,90,positive,0.138092372237,-0.0113963302209,0.249465680464,138.092372237,-11.3963302209,249.465680464,96.095075737,96.095075737,280.351680486
1040,0,90,positive,0.138092372237,-0.0109964567767,0.249501778393,138.092372237,-10.9964567767,249.501778393,96.4949491813,96.4949491813,280.387778415
1040,1,90,positive,0.138092372237,-0.0113963302209,0.249465680464,138.092372237,-11.3963302209,249.465680464,96.095075737,96.095075737,280.351680486
1041,0,90,positive,0.138092372237,-0.0124512065728,0.249326983153,138.092372237,-12.4512065728,249.326983153,95.0401993852,95.0401993852,280.212983175
1041,1,90,positive,0.138092372237,-0.012584864069,0.249298641564,138.092372237,-12.584864069,249.298641564,94.906541889,94.906541889,280.184641586
1042,0,90,positive,0.138092372237,-0.00660250674893,0.191588174067,138.092372237,-6.60250674893,191.588174067,100.888899209,100.888899209,222.474174089
1042,1,90,positive,0.138092372237,-0.00671357887174,0.1925685291,138.092372237,-6.71357887174,192.5685291,100.777827086,100.777827086,223.454529122
1043,0,90,positive,0.138092372237,-0.00671357887174,0.1925685291,138.092372237,-6.71357887174,192.5685291,100.777827086,100.777827086,223.454529122
1043,1,90,positive,0.138092372237,-0.0067257233605,0.192769405053,138.092372237,-6.7257233605,192.769405053,100.765682597,100.765682597,223.655405075
1044,0,90,positive,0.138092372237,-0.0067257233605,0.192769405053,138.092372237,-6.7257233605,192.769405053,100.765682597,100.765682597,223.655405075
1044,1,90,positive,0.138092372237,-0.00674482649128,0.192944000311,138.092372237,-6.74482649128,192.944000311,100.746579467,100.746579467,223.830000333
1045,0,90,positive,0.138092372237,-0.00674482649128,0.192944000311,138.092372237,-6.74482649128,192.944000311,100.746579467,100.746579467,223.830000333
1045,1,90,positive,0.138092372237,-0.00675569958309,0.193331140579,138.092372237,-6.75569958309,193.331140579,100.735706375,100.735706375,224.217140601
1046,0,90,positive,0.138092372237,-0.00677015203263,0.193646437455,138.092372237,-6.77015203263,193.646437455,100.721253925,100.721253925,224.532437478
1046,1,90,positive,0.138092372237,-0.00675569958309,0.193331140579,138.092372237,-6.75569958309,193.331140579,100.735706375,100.735706375,224.217140601
1047,0,90,positive,0.138092372237,-0.00683169688276,0.194053555521,138.092372237,-6.83169688276,194.053555521,100.659709075,100.659709075,224.939555544
1047,1,90,positive,0.138092372237,-0.00677015203263,0.193646437455,138.092372237,-6.77015203263,193.646437455,100.721253925,100.721253925,224.532437478
1048,0,90,positive,0.138092372237,-0.00683169688276,0.194053555521,138.092372237,-6.83169688276,194.053555521,100.659709075,100.659709075,224.939555544
1048,1,90,positive,0.138092372237,-0.00694954389575,0.19471073917,138.092372237,-6.94954389575,194.71073917,100.541862062,100.541862062,225.596739192
1049,0,90,positive,0.138092372237,-0.00694954389575,0.19471073917,138.092372237,-6.94954389575,194.71073917,100.541862062,100.541862062,225.596739192
1049,1,90,positive,0.138092372237,-0.00696400895398,0.194915207623,138.092372237,-6.96400895398,194.915207623,100.527397004,100.527397004,225.801207646
1050,0,90,positive,0.138092372237,-0.00714344338563,0.195956856948,138.092372237,-7.14344338563,195.956856948,100.347962572,100.347962572,226.84285697
1050,1,90,positive,0.138092372237,-0.00720223070606,0.196349961999,138.092372237,-7.20223070606,196.349961999,100.289175252,100.289175252,227.235962021
1051,0,90,positive,0.138092372237,-0.00714344338563,0.195956856948,138.092372237,-7.14344338563,195.956856948,100.347962572,100.347962572,226.84285697
1051,1,90,positive,0.138092372237,-0.00696400895398,0.194915207623,138.092372237,-6.96400895398,194.915207623,100.527397004,100.527397004,225.801207646
1052,0,90,positive,0.138092372237,-0.00763650070214,0.198554137033,138.092372237,-7.63650070214,198.554137033,99.8549052558,99.8549052558,229.440137055
1052,1,90,positive,0.138092372237,-0.00765943027858,0.198642487422,138.092372237,-7.65943027858,198.642487422,99.8319756794,99.8319756794,229.528487444
1053,0,90,positive,0.138092372237,-0.00720223070606,0.196349961999,138.092372237,-7.20223070606,196.349961999,100.289175252,100.289175252,227.235962021
1053,1,90,positive,0.138092372237,-0.00728203426181,0.196803865275,138.092372237,-7.28203426181,196.803865275,100.209371696,100.209371696,227.689865297
1054,0,90,positive,0.138092372237,-0.00729954163814,0.197187270274,138.092372237,-7.29954163814,197.187270274,100.19186432,100.19186432,228.073270296
1054,1,90,positive,0.138092372237,-0.00728203426181,0.196803865275,138.092372237,-7.28203426181,196.803865275,100.209371696,100.209371696,227.689865297
1055,0,90,positive,0.138092372237,-0.00763650070214,0.198554137033,138.092372237,-7.63650070214,198.554137033,99.8549052558,99.8549052558,229.440137055
1055,1,90,positive,0.138092372237,-0.00729954163814,0.197187270274,138.092372237,-7.29954163814,197.187270274,100.19186432,100.19186432,228.073270296
1056,0,90,positive,0.138092372237,-0.00765943027858,0.198642487422,138.092372237,-7.65943027858,198.642487422,99.8319756794,99.8319756794,229.528487444
1056,1,90,positive,0.138092372237,-0.0077015013871,0.198789033241,138.092372237,-7.7015013871,198.789033241,99.7899045709,99.7899045709,229.675033264
1057,0,90,positive,0.138092372237,-0.0079370059112,0.199912031135,138.092372237,-7.9370059112,199.912031135,99.5544000468,99.5544000468,230.798031157
1057,1,90,positive,0.138092372237,-0.0077015013871,0.198789033241,138.092372237,-7.7015013871,198.789033241,99.7899045709,99.7899045709,229.675033264
1058,0,90,positive,0.138092372237,-0.0079370059112,0.199912031135,138.092372237,-7.9370059112,199.912031135,99.5544000468,99.5544000468,230.798031157
1058,1,90,positive,0.138092372237,-0.0079415038274,0.199930801212,138.092372237,-7.9415038274,199.930801212,99.5499021306,99.5499021306,230.816801234
1059,0,90,positive,0.138092372237,-0.0079415038274,0.199930801212,138.092372237,-7.9415038274,199.930801212,99.5499021306,99.5499021306,230.816801234
1059,1,90,positive,0.138092372237,-0.00796351464844,0.200094625329,138.092372237,-7.96351464844,200.094625329,99.5278913095,99.5278913095,230.980625351
1060,0,90,positive,0.138092372237,-0.00805306078217,0.200670918963,138.092372237,-8.05306078217,200.670918963,99.4383451758,99.4383451758,231.556918985
1060,1,90,positive,0.138092372237,-0.00796351464844,0.200094625329,138.092372237,-7.96351464844,200.094625329,99.5278913095,99.5278913095,230.980625351
1061,0,90,positive,0.138092372237,-0.00805920662229,0.200701347708,138.092372237,-8.05920662229,200.701347708,99.4321993357,99.4321993357,231.58734773
1061,1,90,positive,0.138092372237,-0.00805306078217,0.200670918963,138.092372237,-8.05306078217,200.670918963,99.4383451758,99.4383451758,231.556918985
1062,0,90,positive,0.138092372237,-0.00808652835114,0.200785904257,138.092372237,-8.08652835114,200.785904257,99.4048776068,99.4048776068,231.671904279
1062,1,90,positive,0.138092372237,-0.00805920662229,0.200701347708,138.092372237,-8.05920662229,200.701347708,99.4321993357,99.4321993357,231.58734773
1063,0,90,positive,0.138092372237,-0.0093751058524,0.205105342562,138.092372237,-9.3751058524,205.105342562,98.1163001056,98.1163001056,235.991342585
1063,1,90,positive,0.138092372237,-0.00934763280377,0.204907596062,138.092372237,-9.34763280377,204.907596062,98.1437731542,98.1437731542,235.793596084
1064,0,90,positive,0.138092372237,-0.0093751058524,0.205105342562,138.092372237,-9.3751058524,205.105342562,98.1163001056,98.1163001056,235.991342585
1064,1,90,positive,0.138092372237,-0.00950497523316,0.205571145764,138.092372237,-9.50497523316,205.571145764,97.9864307248,97.9864307248,236.457145786
1065,0,90,positive,0.138092372237,-0.00812734049673,0.200887973441,138.092372237,-8.12734049673,200.887973441,99.3640654613,99.3640654613,231.773973463
1065,1,90,positive,0.138092372237,-0.00848555200726,0.201807386709,138.092372237,-8.48555200726,201.807386709,99.0058539507,99.0058539507,232.693386731
1066,0,90,positive,0.138092372237,-0.00812734049673,0.200887973441,138.092372237,-8.12734049673,200.887973441,99.3640654613,99.3640654613,231.773973463
1066,1,90,positive,0.138092372237,-0.00808652835114,0.200785904257,138.092372237,-8.08652835114,200.785904257,99.4048776068,99.4048776068,231.671904279
1067,0,90,positive,0.138092372237,-0.0086132196477,0.202208111504,138.092372237,-8.6132196477,202.208111504,98.8781863103,98.8781863103,233.094111526
1067,1,90,positive,0.138092372237,-0.00848555200726,0.201807386709,138.092372237,-8.48555200726,201.807386709,99.0058539507,99.0058539507,232.693386731
1068,0,90,positive,0.138092372237,-0.0086132196477,0.202208111504,138.092372237,-8.6132196477,202.208111504,98.8781863103,98.8781863103,233.094111526
1068,1,90,positive,0.138092372237,-0.00863493710931,0.202281268606,138.092372237,-8.63493710931,202.281268606,98.8564688487,98.8564688487,233.167268629
1069,0,90,positive,0.138092372237,-0.00863493710931,0.202281268606,138.092372237,-8.63493710931,202.281268606,98.8564688487,98.8564688487,233.167268629
1069,1,90,positive,0.138092372237,-0.00866791519647,0.202387665044,138.092372237,-8.66791519647,202.387665044,98.8234907615,98.8234907615,233.273665067
1070,0,90,positive,0.138092372237,-0.00901798809868,0.203771003065,138.092372237,-9.01798809868,203.771003065,98.4734178593,98.4734178593,234.657003087
1070,1,90,positive,0.138092372237,-0.00866791519647,0.202387665044,138.092372237,-8.66791519647,202.387665044,98.8234907615,98.8234907615,233.273665067
1071,0,90,positive,0.138092372237,-0.00910301779343,0.204015747927,138.092372237,-9.10301779343,204.015747927,98.3883881645,98.3883881645,234.901747949
1071,1,90,positive,0.138092372237,-0.00901798809868,0.203771003065,138.092372237,-9.01798809868,203.771003065,98.4734178593,98.4734178593,234.657003087
1072,0,90,positive,0.138092372237,-0.00924992058412,0.20450718725,138.092372237,-9.24992058412,204.50718725,98.2414853739,98.2414853739,235.393187272
1072,1,90,positive,0.138092372237,-0.00910301779343,0.204015747927,138.092372237,-9.10301779343,204.015747927,98.3883881645,98.3883881645,234.901747949
1073,0,90,positive,0.138092372237,-0.00924992058412,0.20450718725,138.092372237,-9.24992058412,204.50718725,98.2414853739,98.2414853739,235.393187272
1073,1,90,positive,0.138092372237,-0.00934763280377,0.204907596062,138.092372237,-9.34763280377,204.907596062,98.1437731542,98.1437731542,235.793596084
1074,0,90,positive,0.138092372237,-0.0100574609736,0.207054633712,138.092372237,-10.0574609736,207.054633712,97.4339449844,97.4339449844,237.940633734
1074,1,90,positive,0.138092372237,-0.0103753663511,0.207872820871,138.092372237,-10.3753663511,207.872820871,97.1160396069,97.1160396069,238.758820893
1075,0,90,positive,0.138092372237,-0.00979943800175,0.20637034064,138.092372237,-9.79943800175,206.37034064,97.6919679562,97.6919679562,237.256340662
1075,1,90,positive,0.138092372237,-0.00950497523316,0.205571145764,138.092372237,-9.50497523316,205.571145764,97.9864307248,97.9864307248,236.457145786
1076,0,90,positive,0.138092372237,-0.0100574609736,0.207054633712,138.092372237,-10.0574609736,207.054633712,97.4339449844,97.4339449844,237.940633734
1076,1,90,positive,0.138092372237,-0.00979943800175,0.20637034064,138.092372237,-9.79943800175,206.37034064,97.6919679562,97.6919679562,237.256340662
1077,0,90,positive,0.138092372237,-0.0103753663511,0.207872820871,138.092372237,-10.3753663511,207.872820871,97.1160396069,97.1160396069,238.758820893
1077,1,90,positive,0.138092372237,-0.0104805933374,0.208133062979,138.092372237,-10.4805933374,208.133062979,97.0108126206,97.0108126206,239.019063001
1078,0,90,positive,0.138092372237,-0.0104805933374,0.208133062979,138.092372237,-10.4805933374,208.133062979,97.0108126206,97.0108126206,239.019063001
1078,1,90,positive,0.138092372237,-0.0109688141242,0.209044483914,138.092372237,-10.9688141242,209.044483914,96.5225918338,96.5225918338,239.930483936
1079,0,90,positive,0.138092372237,-0.010977535425,0.209060028552,138.092372237,-10.977535425,209.060028552,96.513870533,96.513870533,239.946028574
1079,1,90,positive,0.138092372237,-0.0113420253612,0.209689725209,138.092372237,-11.3420253612,209.689725209,96.1493805968,96.1493805968,240.575725231
1080,0,90,positive,0.138092372237,-0.0114079328624,0.209862389541,138.092372237,-11.4079328624,209.862389541,96.0834730956,96.0834730956,240.748389563
1080,1,90,positive,0.138092372237,-0.0116059234977,0.210227720519,138.092372237,-11.6059234977,210.227720519,95.8854824603,95.8854824603,241.113720542
1081,0,90,positive,0.138092372237,-0.0116059234977,0.210227720519,138.092372237,-11.6059234977,210.227720519,95.8854824603,95.8854824603,241.113720542
1081,1,90,positive,0.138092372237,-0.0116384895,0.210370985875,138.092372237,-11.6384895,210.370985875,95.852916458,95.852916458,241.256985898
1082,0,90,positive,0.138092372237,-0.0116859629267,0.210900468903,138.092372237,-11.6859629267,210.900468903,95.8054430313,95.8054430313,241.786468926
1082,1,90,positive,0.138092372237,-0.0116384895,0.210370985875,138.092372237,-11.6384895,210.370985875,95.852916458,95.852916458,241.256985898
1083,0,90,positive,0.138092372237,-0.0114079328624,0.209862389541,138.092372237,-11.4079328624,209.862389541,96.0834730956,96.0834730956,240.748389563
1083,1,90,positive,0.138092372237,-0.0113420253612,0.209689725209,138.092372237,-11.3420253612,209.689725209,96.1493805968,96.1493805968,240.575725231
1084,0,90,positive,0.138092372237,-0.010977535425,0.209060028552,138.092372237,-10.977535425,209.060028552,96.513870533,96.513870533,239.946028574
1084,1,90,positive,0.138092372237,-0.0109688141242,0.209044483914,138.092372237,-10.9688141242,209.044483914,96.5225918338,96.5225918338,239.930483936
1085,0,90,positive,0.138092372237,-0.012371200888,0.212523933481,138.092372237,-12.371200888,212.523933481,95.12020507,95.12020507,243.409933503
1085,1,90,positive,0.138092372237,-0.0123785277555,0.212542964144,138.092372237,-12.3785277555,212.542964144,95.1128782025,95.1128782025,243.428964166
1086,0,90,positive,0.138092372237,-0.0123785277555,0.212542964144,138.092372237,-12.3785277555,212.542964144,95.1128782025,95.1128782025,243.428964166
1086,1,90,positive,0.138092372237,-0.0123867852168,0.212555407428,138.092372237,-12.3867852168,212.555407428,95.1046207412,95.1046207412,243.44140745
1087,0,90,positive,0.138092372237,-0.0123867852168,0.212555407428,138.092372237,-12.3867852168,212.555407428,95.1046207412,95.1046207412,243.44140745
1087,1,90,positive,0.138092372237,-0.0125405421599,0.212936855242,138.092372237,-12.5405421599,212.936855242,94.950863798,94.950863798,243.822855264
1088,0,90,positive,0.138092372237,-0.0123068892036,0.220364982814,138.092372237,-12.3068892036,220.364982814,95.1845167544,95.1845167544,251.250982836
1088,1,90,positive,0.138092372237,-0.0119151528895,0.219890557441,138.092372237,-11.9151528895,219.890557441,95.5762530685,95.5762530685,250.776557463
1089,0,90,positive,0.138092372237,-0.00657538577342,0.211141098677,138.092372237,-6.57538577342,211.141098677,100.916020185,100.916020185,242.027098699
1089,1,90,positive,0.138092372237,-0.00650737067674,0.210965511772,138.092372237,-6.50737067674,210.965511772,100.984035281,100.984035281,241.851511794
1090,0,90,positive,0.138092372237,-0.00666413338235,0.21135724469,138.092372237,-6.66413338235,211.35724469,100.827272576,100.827272576,242.243244712
1090,1,90,positive,0.138092372237,-0.00657538577342,0.211141098677,138.092372237,-6.57538577342,211.141098677,100.916020185,100.916020185,242.027098699
1091,0,90,positive,0.138092372237,-0.00729418677589,0.212924658733,138.092372237,-7.29418677589,212.924658733,100.197219182,100.197219182,243.810658756
1091,1,90,positive,0.138092372237,-0.00707913803757,0.212451715693,138.092372237,-7.07913803757,212.451715693,100.41226792,100.41226792,243.337715715
1092,0,90,positive,0.138092372237,-0.00729418677589,0.212924658733,138.092372237,-7.29418677589,212.924658733,100.197219182,100.197219182,243.810658756
1092,1,90,positive,0.138092372237,-0.00747768261569,0.213278782758,138.092372237,-7.47768261569,213.278782758,100.013723342,100.013723342,244.16478278
1093,0,90,positive,0.138092372237,-0.00684784401291,0.211866712289,138.092372237,-6.84784401291,211.866712289,100.643561945,100.643561945,242.752712311
1093,1,90,positive,0.138092372237,-0.00707913803757,0.212451715693,138.092372237,-7.07913803757,212.451715693,100.41226792,100.41226792,243.337715715
1094,0,90,positive,0.138092372237,-0.00770372271608,0.21385992534,138.092372237,-7.70372271608,213.85992534,99.7876832419,99.7876832419,244.745925363
1094,1,90,positive,0.138092372237,-0.00760241058246,0.213563245508,138.092372237,-7.60241058246,213.563245508,99.8889953755,99.8889953755,244.44924553
1095,0,90,positive,0.138092372237,-0.00785270373557,0.214152681905,138.092372237,-7.85270373557,214.152681905,99.6387022224,99.6387022224,245.038681928
1095,1,90,positive,0.138092372237,-0.00770372271608,0.21385992534,138.092372237,-7.70372271608,213.85992534,99.7876832419,99.7876832419,244.745925363
1096,0,90,positive,0.138092372237,-0.00863105654487,0.215441042431,138.092372237,-8.63105654487,215.441042431,98.8603494131,98.8603494131,246.327042453
1096,1,90,positive,0.138092372237,-0.00855834328832,0.215334163956,138.092372237,-8.55834328832,215.334163956,98.9330626697,98.9330626697,246.220163978
1097,0,90,positive,0.138092372237,-0.00785270373557,0.214152681905,138.092372237,-7.85270373557,214.152681905,99.6387022224,99.6387022224,245.038681928
1097,1,90,positive,0.138092372237,-0.00855834328832,0.215334163956,138.092372237,-8.55834328832,215.334163956,98.9330626697,98.9330626697,246.220163978
1098,0,90,positive,0.138092372237,-0.00747768261569,0.213278782758,138.092372237,-7.47768261569,213.278782758,100.013723342,100.013723342,244.16478278
1098,1,90,positive,0.138092372237,-0.00760241058246,0.213563245508,138.092372237,-7.60241058246,213.563245508,99.8889953755,99.8889953755,244.44924553
1099,0,90,positive,0.138092372237,-0.0116859629267,0.210900468903,138.092372237,-11.6859629267,210.900468903,95.8054430313,95.8054430313,241.786468926
1099,1,90,positive,0.138092372237,-0.0116953088217,0.210974112086,138.092372237,-11.6953088217,210.974112086,95.7960971363,95.7960971363,241.860112108
1100,0,90,positive,0.138092372237,-0.0116953088217,0.210974112086,138.092372237,-11.6953088217,210.974112086,95.7960971363,95.7960971363,241.860112108
1100,1,90,positive,0.138092372237,-0.0117589800446,0.211173777735,138.092372237,-11.7589800446,211.173777735,95.7324259133,95.7324259133,242.059777757
1101,0,90,positive,0.138092372237,-0.011916381332,0.211594802349,138.092372237,-11.916381332,211.594802349,95.5750246259,95.5750246259,242.480802372
1101,1,90,positive,0.138092372237,-0.0117589800446,0.211173777735,138.092372237,-11.7589800446,211.173777735,95.7324259133,95.7324259133,242.059777757
1102,0,90,positive,0.138092372237,-0.0120198104835,0.211829721643,138.092372237,-12.0198104835,211.829721643,95.4715954745,95.4715954745,242.715721665
1102,1,90,positive,0.138092372237,-0.0120614893217,0.211987082763,138.092372237,-12.0614893217,211.987082763,95.4299166362,95.4299166362,242.873082786
1103,0,90,positive,0.138092372237,-0.0120198104835,0.211829721643,138.092372237,-12.0198104835,211.829721643,95.4715954745,95.4715954745,242.715721665
1103,1,90,positive,0.138092372237,-0.011916381332,0.211594802349,138.092372237,-11.916381332,211.594802349,95.5750246259,95.5750246259,242.480802372
1104,0,90,positive,0.138092372237,-0.012371200888,0.212523933481,138.092372237,-12.371200888,212.523933481,95.12020507,95.12020507,243.409933503
1104,1,90,positive,0.138092372237,-0.0120614893217,0.211987082763,138.092372237,-12.0614893217,211.987082763,95.4299166362,95.4299166362,242.873082786
1105,0,90,positive,0.138092372237,-0.00867459628445,0.215510375362,138.092372237,-8.67459628445,215.510375362,98.8168096735,98.8168096735,246.396375384
1105,1,90,positive,0.138092372237,-0.00863105654487,0.215441042431,138.092372237,-8.63105654487,215.441042431,98.8603494131,98.8603494131,246.327042453
1106,0,90,positive,0.138092372237,-0.00948967451836,0.216593250289,138.092372237,-9.48967451836,216.593250289,98.0017314396,98.0017314396,247.479250311
1106,1,90,positive,0.138092372237,-0.00945193639198,0.216539023877,138.092372237,-9.45193639198,216.539023877,98.039469566,98.039469566,247.425023899
1107,0,90,positive,0.138092372237,-0.0103102091876,0.217723708353,138.092372237,-10.3102091876,217.723708353,97.1811967703,97.1811967703,248.609708375
1107,1,90,positive,0.138092372237,-0.0100179429782,0.217368449328,138.092372237,-10.0179429782,217.368449328,97.4734629798,97.4734629798,248.25444935
1108,0,90,positive,0.138092372237,-0.00948967451836,0.216593250289,138.092372237,-9.48967451836,216.593250289,98.0017314396,98.0017314396,247.479250311
1108,1,90,positive,0.138092372237,-0.0100179429782,0.217368449328,138.092372237,-10.0179429782,217.368449328,97.4734629798,97.4734629798,248.25444935
1109,0,90,positive,0.138092372237,-0.0107815199569,0.218324938146,138.092372237,-10.7815199569,218.324938146,96.7098860011,96.7098860011,249.210938168
1109,1,90,positive,0.138092372237,-0.0103102091876,0.217723708353,138.092372237,-10.3102091876,217.723708353,97.1811967703,97.1811967703,248.609708375
1110,0,90,positive,0.138092372237,-0.0113189513297,0.219106120702,138.092372237,-11.3189513297,219.106120702,96.1724546283,96.1724546283,249.992120724
1110,1,90,positive,0.138092372237,-0.0107815199569,0.218324938146,138.092372237,-10.7815199569,218.324938146,96.7098860011,96.7098860011,249.210938168
1111,0,90,positive,0.138092372237,-0.0113189513297,0.219106120702,138.092372237,-11.3189513297,219.106120702,96.1724546283,96.1724546283,249.992120724
1111,1,90,positive,0.138092372237,-0.0115722774788,0.219444550388,138.092372237,-11.5722774788,219.444550388,95.9191284792,95.9191284792,250.33055041
1112,0,90,positive,0.138092372237,-0.00867459628445,0.215510375362,138.092372237,-8.67459628445,215.510375362,98.8168096735,98.8168096735,246.396375384
1112,1,90,positive,0.138092372237,-0.00945193639198,0.216539023877,138.092372237,-9.45193639198,216.539023877,98.039469566,98.039469566,247.425023899
1113,0,90,positive,0.138092372237,-0.0125939428453,0.220747543413,138.092372237,-12.5939428453,220.747543413,94.8974631126,94.8974631126,251.633543435
1113,1,90,positive,0.138092372237,-0.0123068892036,0.220364982814,138.092372237,-12.3068892036,220.364982814,95.1845167544,95.1845167544,251.250982836
1114,0,90,positive,0.138092372237,-0.0187908625294,0.22979907159,138.092372237,-18.7908625294,229.79907159,88.7005434286,88.7005434286,260.685071612
1114,1,90,positive,0.138092372237,-0.0182974239999,0.228774085461,138.092372237,-18.2974239999,228.774085461,89.1939819581,89.1939819581,259.660085483
1115,0,90,positive,0.138092372237,-0.0244503383947,0.227244398244,138.092372237,-24.4503383947,227.244398244,83.0410675633,83.0410675633,258.130398266
1115,1,90,positive,0.138092372237,-0.0244991120941,0.227361933762,138.092372237,-24.4991120941,227.361933762,82.9922938639,82.9922938639,258.247933784
1116,0,90,positive,0.138092372237,-0.0244991120941,0.227361933762,138.092372237,-24.4991120941,227.361933762,82.9922938639,82.9922938639,258.247933784
1116,1,90,positive,0.138092372237,-0.0245667319783,0.227653940701,138.092372237,-24.5667319783,227.653940701,82.9246739797,82.9246739797,258.539940723
1117,0,90,positive,0.138092372237,-0.0245996795171,0.227861455368,138.092372237,-24.5996795171,227.861455368,82.8917264409,82.8917264409,258.747455391
1117,1,90,positive,0.138092372237,-0.0246441665194,0.228394071613,138.092372237,-24.6441665194,228.394071613,82.8472394386,82.8472394386,259.280071636
1118,0,90,positive,0.138092372237,-0.0246441665194,0.228394071613,138.092372237,-24.6441665194,228.394071613,82.8472394386,82.8472394386,259.280071636
1118,1,90,positive,0.138092372237,-0.0247702755647,0.228844459599,138.092372237,-24.7702755647,228.844459599,82.7211303933,82.7211303933,259.730459621
1119,0,90,positive,0.138092372237,-0.0247978428162,0.228899884337,138.092372237,-24.7978428162,228.899884337,82.6935631418,82.6935631418,259.78588436
1119,1,90,positive,0.138092372237,-0.0248945841101,0.229513465918,138.092372237,-24.8945841101,229.513465918,82.5968218479,82.5968218479,260.399465941
1120,0,90,positive,0.138092372237,-0.0250653376585,0.230127188794,138.092372237,-25.0653376585,230.127188794,82.4260682994,82.4260682994,261.013188816
1120,1,90,positive,0.138092372237,-0.0249236008151,0.229697999967,138.092372237,-24.9236008151,229.697999967,82.5678051429,82.5678051429,260.583999989
1121,0,90,positive,0.138092372237,-0.0229828298927,0.224565518175,138.092372237,-22.9828298927,224.565518175,84.5085760653,84.5085760653,255.451518198
1121,1,90,positive,0.138092372237,-0.0230017887103,0.224586744777,138.092372237,-23.0017887103,224.586744777,84.4896172476,84.4896172476,255.4727448
1122,0,90,positive,0.138092372237,-0.0229064216172,0.224491532024,138.092372237,-22.9064216172,224.491532024,84.5849843408,84.5849843408,255.377532046
1122,1,90,positive,0.138092372237,-0.0229828298927,0.224565518175,138.092372237,-22.9828298927,224.565518175,84.5085760653,84.5085760653,255.451518198
1123,0,90,positive,0.138092372237,-0.0229064216172,0.224491532024,138.092372237,-22.9064216172,224.491532024,84.5849843408,84.5849843408,255.377532046
1123,1,90,positive,0.138092372237,-0.0218114166277,0.223464844011,138.092372237,-21.8114166277,223.464844011,85.6799893303,85.6799893303,254.350844033
1124,0,90,positive,0.138092372237,-0.0218114166277,0.223464844011,138.092372237,-21.8114166277,223.464844011,85.6799893303,85.6799893303,254.350844033
1124,1,90,positive,0.138092372237,-0.0214844271703,0.223116497886,138.092372237,-21.4844271703,223.116497886,86.0069787877,86.0069787877,254.002497908
1125,0,90,positive,0.138092372237,-0.0199065203679,0.222161274465,138.092372237,-19.9065203679,222.161274465,87.5848855901,87.5848855901,253.047274488
1125,1,90,positive,0.138092372237,-0.0214844271703,0.223116497886,138.092372237,-21.4844271703,223.116497886,86.0069787877,86.0069787877,254.002497908
1126,0,90,positive,0.138092372237,-0.0199065203679,0.222161274465,138.092372237,-19.9065203679,222.161274465,87.5848855901,87.5848855901,253.047274488
1126,1,90,positive,0.138092372237,-0.0198390707009,0.222105347844,138.092372237,-19.8390707009,222.105347844,87.652335257,87.652335257,252.991347866
1127,0,90,positive,0.138092372237,-0.0198390707009,0.222105347844,138.092372237,-19.8390707009,222.105347844,87.652335257,87.652335257,252.991347866
1127,1,90,positive,0.138092372237,-0.0197653988363,0.222071134686,138.092372237,-19.7653988363,222.071134686,87.7260071217,87.7260071217,252.957134709
1128,0,90,positive,0.138092372237,-0.0182995930849,0.220678336365,138.092372237,-18.2995930849,220.678336365,89.1918128731,89.1918128731,251.564336387
1128,1,90,positive,0.138092372237,-0.0197653988363,0.222071134686,138.092372237,-19.7653988363,222.071134686,87.7260071217,87.7260071217,252.957134709
1129,0,90,positive,0.138092372237,-0.0234317976649,0.225304579113,138.092372237,-23.4317976649,225.304579113,84.0596082931,84.0596082931,256.190579135
1129,1,90,positive,0.138092372237,-0.0230017887103,0.224586744777,138.092372237,-23.0017887103,224.586744777,84.4896172476,84.4896172476,255.4727448
1130,0,90,positive,0.138092372237,-0.0237555348517,0.225810666523,138.092372237,-23.7555348517,225.810666523,83.7358711062,83.7358711062,256.696666545
1130,1,90,positive,0.138092372237,-0.0240109978478,0.226235481842,138.092372237,-24.0109978478,226.235481842,83.4804081102,83.4804081102,257.121481865
1131,0,90,positive,0.138092372237,-0.0244503383947,0.227244398244,138.092372237,-24.4503383947,227.244398244,83.0410675633,83.0410675633,258.130398266
1131,1,90,positive,0.138092372237,-0.0240109978478,0.226235481842,138.092372237,-24.0109978478,226.235481842,83.4804081102,83.4804081102,257.121481865
1132,0,90,positive,0.138092372237,-0.0237555348517,0.225810666523,138.092372237,-23.7555348517,225.810666523,83.7358711062,83.7358711062,256.696666545
1132,1,90,positive,0.138092372237,-0.0234317976649,0.225304579113,138.092372237,-23.4317976649,225.304579113,84.0596082931,84.0596082931,256.190579135
1133,0,90,positive,0.138092372237,-0.0246047902515,0.227825539375,138.092372237,-24.6047902515,227.825539375,82.8866157064,82.8866157064,258.711539397
1133,1,90,positive,0.138092372237,-0.0245667319783,0.227653940701,138.092372237,-24.5667319783,227.653940701,82.9246739797,82.9246739797,258.539940723
1134,0,90,positive,0.138092372237,-0.0245996795171,0.227861455368,138.092372237,-24.5996795171,227.861455368,82.8917264409,82.8917264409,258.747455391
1134,1,90,positive,0.138092372237,-0.0246047902515,0.227825539375,138.092372237,-24.6047902515,227.825539375,82.8866157064,82.8866157064,258.711539397
1135,0,90,positive,0.138092372237,-0.0247978428162,0.228899884337,138.092372237,-24.7978428162,228.899884337,82.6935631418,82.6935631418,259.78588436
1135,1,90,positive,0.138092372237,-0.0247702755647,0.228844459599,138.092372237,-24.7702755647,228.844459599,82.7211303933,82.7211303933,259.730459621
1136,0,90,positive,0.138092372237,-0.0249236008151,0.229697999967,138.092372237,-24.9236008151,229.697999967,82.5678051429,82.5678051429,260.583999989
1136,1,90,positive,0.138092372237,-0.0248945841101,0.229513465918,138.092372237,-24.8945841101,229.513465918,82.5968218479,82.5968218479,260.399465941
1137,0,90,positive,0.138092372237,-0.0139529701471,0.215258456855,138.092372237,-13.9529701471,215.258456855,93.5384358109,93.5384358109,246.144456877
1137,1,90,positive,0.138092372237,-0.0139748837358,0.21529843673,138.092372237,-13.9748837358,215.29843673,93.5165222222,93.5165222222,246.184436752
1138,0,90,positive,0.138092372237,-0.0141463820881,0.215660889299,138.092372237,-14.1463820881,215.660889299,93.3450238699,93.3450238699,246.546889322
1138,1,90,positive,0.138092372237,-0.0139748837358,0.21529843673,138.092372237,-13.9748837358,215.29843673,93.5165222222,93.5165222222,246.184436752
1139,0,90,positive,0.138092372237,-0.0130110686656,0.213996104692,138.092372237,-13.0110686656,213.996104692,94.4803372923,94.4803372923,244.882104715
1139,1,90,positive,0.138092372237,-0.0132757331329,0.214439922612,138.092372237,-13.2757331329,214.439922612,94.215672825,94.215672825,245.325922634
1140,0,90,positive,0.138092372237,-0.0139529701471,0.215258456855,138.092372237,-13.9529701471,215.258456855,93.5384358109,93.5384358109,246.144456877
1140,1,90,positive,0.138092372237,-0.0132757331329,0.214439922612,138.092372237,-13.2757331329,214.439922612,94.215672825,94.215672825,245.325922634
1141,0,90,positive,0.138092372237,-0.0161180248795,0.219063042785,138.092372237,-16.1180248795,219.063042785,91.3733810785,91.3733810785,249.949042807
1141,1,90,positive,0.138092372237,-0.0162228596736,0.219155362928,138.092372237,-16.2228596736,219.155362928,91.2685462844,91.2685462844,250.04136295
1142,0,90,positive,0.138092372237,-0.0151524982224,0.217895371606,138.092372237,-15.1524982224,217.895371606,92.3389077356,92.3389077356,248.781371628
1142,1,90,positive,0.138092372237,-0.0157616838588,0.218619076618,138.092372237,-15.7616838588,218.619076618,91.7297220992,91.7297220992,249.50507664
1143,0,90,positive,0.138092372237,-0.0161180248795,0.219063042785,138.092372237,-16.1180248795,219.063042785,91.3733810785,91.3733810785,249.949042807
1143,1,90,positive,0.138092372237,-0.0157616838588,0.218619076618,138.092372237,-15.7616838588,218.619076618,91.7297220992,91.7297220992,249.50507664
1144,0,90,positive,0.138092372237,-0.0142694298509,0.215970225725,138.092372237,-14.2694298509,215.970225725,93.2219761071,93.2219761071,246.856225747
1144,1,90,positive,0.138092372237,-0.0142734276504,0.215999423758,138.092372237,-14.2734276504,215.999423758,93.2179783075,93.2179783075,246.88542378
1145,0,90,positive,0.138092372237,-0.0142694298509,0.215970225725,138.092372237,-14.2694298509,215.970225725,93.2219761071,93.2219761071,246.856225747
1145,1,90,positive,0.138092372237,-0.0141463820881,0.215660889299,138.092372237,-14.1463820881,215.660889299,93.3450238699,93.3450238699,246.546889322
1146,0,90,positive,0.138092372237,-0.014320448036,0.2163814453,138.092372237,-14.320448036,216.3814453,93.170957922,93.170957922,247.267445323
1146,1,90,positive,0.138092372237,-0.0142734276504,0.215999423758,138.092372237,-14.2734276504,215.999423758,93.2179783075,93.2179783075,246.88542378
1147,0,90,positive,0.138092372237,-0.014320448036,0.2163814453,138.092372237,-14.320448036,216.3814453,93.170957922,93.170957922,247.267445323
1147,1,90,positive,0.138092372237,-0.0143791288399,0.216548953332,138.092372237,-14.3791288399,216.548953332,93.1122771181,93.1122771181,247.434953354
1148,0,90,positive,0.138092372237,-0.0144994503178,0.216925328467,138.092372237,-14.4994503178,216.925328467,92.9919556402,92.9919556402,247.811328489
1148,1,90,positive,0.138092372237,-0.0143791288399,0.216548953332,138.092372237,-14.3791288399,216.548953332,93.1122771181,93.1122771181,247.434953354
1149,0,90,positive,0.138092372237,-0.0146406451367,0.217155901789,138.092372237,-14.6406451367,217.155901789,92.8507608213,92.8507608213,248.041901811
1149,1,90,positive,0.138092372237,-0.0149540759096,0.217572585363,138.092372237,-14.9540759096,217.572585363,92.5373300484,92.5373300484,248.458585385
1150,0,90,positive,0.138092372237,-0.0149540759096,0.217572585363,138.092372237,-14.9540759096,217.572585363,92.5373300484,92.5373300484,248.458585385
1150,1,90,positive,0.138092372237,-0.0151371181203,0.217873885761,138.092372237,-15.1371181203,217.873885761,92.3542878377,92.3542878377,248.759885783
1151,0,90,positive,0.138092372237,-0.0146406451367,0.217155901789,138.092372237,-14.6406451367,217.155901789,92.8507608213,92.8507608213,248.041901811
1151,1,90,positive,0.138092372237,-0.0144994503178,0.216925328467,138.092372237,-14.4994503178,216.925328467,92.9919556402,92.9919556402,247.811328489
1152,0,90,positive,0.138092372237,-0.0151524982224,0.217895371606,138.092372237,-15.1524982224,217.895371606,92.3389077356,92.3389077356,248.781371628
1152,1,90,positive,0.138092372237,-0.0151371181203,0.217873885761,138.092372237,-15.1371181203,217.873885761,92.3542878377,92.3542878377,248.759885783
1153,0,90,positive,0.138092372237,-0.0168659371645,0.219648898653,138.092372237,-16.8659371645,219.648898653,90.6254687935,90.6254687935,250.534898675
1153,1,90,positive,0.138092372237,-0.0181847349154,0.220574381663,138.092372237,-18.1847349154,220.574381663,89.3066710426,89.3066710426,251.460381685
1154,0,90,positive,0.138092372237,-0.0168659371645,0.219648898653,138.092372237,-16.8659371645,219.648898653,90.6254687935,90.6254687935,250.534898675
1154,1,90,positive,0.138092372237,-0.0162228596736,0.219155362928,138.092372237,-16.2228596736,219.155362928,91.2685462844,91.2685462844,250.04136295
1155,0,90,positive,0.138092372237,-0.0126529374917,0.213219688733,138.092372237,-12.6529374917,213.219688733,94.8384684662,94.8384684662,244.105688755
1155,1,90,positive,0.138092372237,-0.0125405421599,0.212936855242,138.092372237,-12.5405421599,212.936855242,94.950863798,94.950863798,243.822855264
1156,0,90,positive,0.138092372237,-0.0126570214262,0.213229107693,138.092372237,-12.6570214262,213.229107693,94.8343845318,94.8343845318,244.115107715
1156,1,90,positive,0.138092372237,-0.0126529374917,0.213219688733,138.092372237,-12.6529374917,213.219688733,94.8384684662,94.8384684662,244.105688755
1157,0,90,positive,0.138092372237,-0.0126570214262,0.213229107693,138.092372237,-12.6570214262,213.229107693,94.8343845318,94.8343845318,244.115107715
1157,1,90,positive,0.138092372237,-0.0128150845238,0.213621846233,138.092372237,-12.8150845238,213.621846233,94.6763214342,94.6763214342,244.507846255
1158,0,90,positive,0.138092372237,-0.0130110686656,0.213996104692,138.092372237,-13.0110686656,213.996104692,94.4803372923,94.4803372923,244.882104715
1158,1,90,positive,0.138092372237,-0.0128150845238,0.213621846233,138.092372237,-12.8150845238,213.621846233,94.6763214342,94.6763214342,244.507846255
1159,0,90,positive,0.138092372237,-0.0117830648833,0.219737951326,138.092372237,-11.7830648833,219.737951326,95.7083410747,95.7083410747,250.623951348
1159,1,90,positive,0.138092372237,-0.0119151528895,0.219890557441,138.092372237,-11.9151528895,219.890557441,95.5762530685,95.5762530685,250.776557463
1160,0,90,positive,0.138092372237,-0.0116559343875,0.2195481231,138.092372237,-11.6559343875,219.5481231,95.8354715705,95.8354715705,250.434123122
1160,1,90,positive,0.138092372237,-0.0117830648833,0.219737951326,138.092372237,-11.7830648833,219.737951326,95.7083410747,95.7083410747,250.623951348
1161,0,90,positive,0.138092372237,-0.0115722774788,0.219444550388,138.092372237,-11.5722774788,219.444550388,95.9191284792,95.9191284792,250.33055041
1161,1,90,positive,0.138092372237,-0.0116559343875,0.2195481231,138.092372237,-11.6559343875,219.5481231,95.8354715705,95.8354715705,250.434123122
1162,0,90,positive,0.138092372237,-0.0154836214754,0.224757762371,138.092372237,-15.4836214754,224.757762371,92.0077844826,92.0077844826,255.643762393
1162,1,90,positive,0.138092372237,-0.0150843039797,0.224280160644,138.092372237,-15.0843039797,224.280160644,92.4071019783,92.4071019783,255.166160667
1163,0,90,positive,0.138092372237,-0.0137066518004,0.222394564306,138.092372237,-13.7066518004,222.394564306,93.7847541575,93.7847541575,253.280564328
1163,1,90,positive,0.138092372237,-0.0134635040377,0.222063150777,138.092372237,-13.4635040377,222.063150777,94.0279019203,94.0279019203,252.949150799
1164,0,90,positive,0.138092372237,-0.0125939428453,0.220747543413,138.092372237,-12.5939428453,220.747543413,94.8974631126,94.8974631126,251.633543435
1164,1,90,positive,0.138092372237,-0.0128423883666,0.221034622828,138.092372237,-12.8423883666,221.034622828,94.6490175914,94.6490175914,251.92062285
1165,0,90,positive,0.138092372237,-0.0130328095573,0.221368689595,138.092372237,-13.0328095573,221.368689595,94.4585964007,94.4585964007,252.254689617
1165,1,90,positive,0.138092372237,-0.0128423883666,0.221034622828,138.092372237,-12.8423883666,221.034622828,94.6490175914,94.6490175914,251.92062285
1166,0,90,positive,0.138092372237,-0.0130328095573,0.221368689595,138.092372237,-13.0328095573,221.368689595,94.4585964007,94.4585964007,252.254689617
1166,1,90,positive,0.138092372237,-0.0134635040377,0.222063150777,138.092372237,-13.4635040377,222.063150777,94.0279019203,94.0279019203,252.949150799
1167,0,90,positive,0.138092372237,-0.0137066518004,0.222394564306,138.092372237,-13.7066518004,222.394564306,93.7847541575,93.7847541575,253.280564328
1167,1,90,positive,0.138092372237,-0.01432171824,0.223308321121,138.092372237,-14.32171824,223.308321121,93.169687718,93.169687718,254.194321143
1168,0,90,positive,0.138092372237,-0.0144484316854,0.223489898962,138.092372237,-14.4484316854,223.489898962,93.0429742726,93.0429742726,254.375898984
1168,1,90,positive,0.138092372237,-0.0143783714363,0.223397738599,138.092372237,-14.3783714363,223.397738599,93.1130345216,93.1130345216,254.283738621
1169,0,90,positive,0.138092372237,-0.0143783714363,0.223397738599,138.092372237,-14.3783714363,223.397738599,93.1130345216,93.1130345216,254.283738621
1169,1,90,positive,0.138092372237,-0.01432171824,0.223308321121,138.092372237,-14.32171824,223.308321121,93.169687718,93.169687718,254.194321143
1170,0,90,positive,0.138092372237,-0.0144484316854,0.223489898962,138.092372237,-14.4484316854,223.489898962,93.0429742726,93.0429742726,254.375898984
1170,1,90,positive,0.138092372237,-0.0150843039797,0.224280160644,138.092372237,-15.0843039797,224.280160644,92.4071019783,92.4071019783,255.166160667
1171,0,90,positive,0.138092372237,-0.0156573138223,0.225004548743,138.092372237,-15.6573138223,225.004548743,91.8340921357,91.8340921357,255.890548766
1171,1,90,positive,0.138092372237,-0.0158238425233,0.225207565885,138.092372237,-15.8238425233,225.207565885,91.6675634346,91.6675634346,256.093565907
1172,0,90,positive,0.138092372237,-0.0154836214754,0.224757762371,138.092372237,-15.4836214754,224.757762371,92.0077844826,92.0077844826,255.643762393
1172,1,90,positive,0.138092372237,-0.0156573138223,0.225004548743,138.092372237,-15.6573138223,225.004548743,91.8340921357,91.8340921357,255.890548766
1173,0,90,positive,0.138092372237,-0.0166859832903,0.226455815175,138.092372237,-16.6859832903,226.455815175,90.8054226677,90.8054226677,257.341815197
1173,1,90,positive,0.138092372237,-0.0166452838095,0.226396752888,138.092372237,-16.6452838095,226.396752888,90.8461221485,90.8461221485,257.282752911
1174,0,90,positive,0.138092372237,-0.0175247662123,0.227555581353,138.092372237,-17.5247662123,227.555581353,89.9666397457,89.9666397457,258.441581375
1174,1,90,positive,0.138092372237,-0.0172422202539,0.227153094844,138.092372237,-17.2422202539,227.153094844,90.2491857041,90.2491857041,258.039094867
1175,0,90,positive,0.138092372237,-0.0162252645911,0.225714748719,138.092372237,-16.2252645911,225.714748719,91.2661413669,91.2661413669,256.600748741
1175,1,90,positive,0.138092372237,-0.0158238425233,0.225207565885,138.092372237,-15.8238425233,225.207565885,91.6675634346,91.6675634346,256.093565907
1176,0,90,positive,0.138092372237,-0.0162252645911,0.225714748719,138.092372237,-16.2252645911,225.714748719,91.2661413669,91.2661413669,256.600748741
1176,1,90,positive,0.138092372237,-0.0166452838095,0.226396752888,138.092372237,-16.6452838095,226.396752888,90.8461221485,90.8461221485,257.282752911
1177,0,90,positive,0.138092372237,-0.0166859832903,0.226455815175,138.092372237,-16.6859832903,226.455815175,90.8054226677,90.8054226677,257.341815197
1177,1,90,positive,0.138092372237,-0.0172422202539,0.227153094844,138.092372237,-17.2422202539,227.153094844,90.2491857041,90.2491857041,258.039094867
1178,0,90,positive,0.138092372237,-0.0175247662123,0.227555581353,138.092372237,-17.5247662123,227.555581353,89.9666397457,89.9666397457,258.441581375
1178,1,90,positive,0.138092372237,-0.0177017164674,0.227820505624,138.092372237,-17.7017164674,227.820505624,89.7896894906,89.7896894906,258.706505647
1179,0,90,positive,0.138092372237,-0.0182296422124,0.22865684306,138.092372237,-18.2296422124,228.65684306,89.2617637456,89.2617637456,259.542843083
1179,1,90,positive,0.138092372237,-0.0177017164674,0.227820505624,138.092372237,-17.7017164674,227.820505624,89.7896894906,89.7896894906,258.706505647
1180,0,90,positive,0.138092372237,-0.0182296422124,0.22865684306,138.092372237,-18.2296422124,228.65684306,89.2617637456,89.2617637456,259.542843083
1180,1,90,positive,0.138092372237,-0.0182974239999,0.228774085461,138.092372237,-18.2974239999,228.774085461,89.1939819581,89.1939819581,259.660085483
1181,0,90,positive,0.138092372237,-0.0182995930849,0.220678336365,138.092372237,-18.2995930849,220.678336365,89.1918128731,89.1918128731,251.564336387
1181,1,90,positive,0.138092372237,-0.0181847349154,0.220574381663,138.092372237,-18.1847349154,220.574381663,89.3066710426,89.3066710426,251.460381685
1182,0,90,positive,0.138092372237,-0.0187908625294,0.22979907159,138.092372237,-18.7908625294,229.79907159,88.7005434286,88.7005434286,260.685071612
1182,1,90,positive,0.138092372237,-0.0188893566051,0.230057777202,138.092372237,-18.8893566051,230.057777202,88.6020493528,88.6020493528,260.943777224
1183,0,90,positive,0.138092372237,-0.00609442222536,0.244681967049,138.092372237,-6.09442222536,244.681967049,101.396983733,101.396983733,275.567967071
1183,1,90,positive,0.138092372237,-0.0061387545042,0.244674241317,138.092372237,-6.1387545042,244.674241317,101.352651454,101.352651454,275.560241339
1184,0,90,positive,0.138092372237,-0.00757432738055,0.244513383318,138.092372237,-7.57432738055,244.513383318,99.9170785774,99.9170785774,275.39938334
1184,1,90,positive,0.138092372237,-0.00770404774008,0.24450649407,138.092372237,-7.70404774008,244.50649407,99.7873582179,99.7873582179,275.392494092
1185,0,90,positive,0.138092372237,-0.00750701454052,0.244520338849,138.092372237,-7.50701454052,244.520338849,99.9843914175,99.9843914175,275.406338871
1185,1,90,positive,0.138092372237,-0.00757432738055,0.244513383318,138.092372237,-7.57432738055,244.513383318,99.9170785774,99.9170785774,275.39938334
1186,0,90,positive,0.138092372237,-0.00750701454052,0.244520338849,138.092372237,-7.50701454052,244.520338849,99.9843914175,99.9843914175,275.406338871
1186,1,90,positive,0.138092372237,-0.0061387545042,0.244674241317,138.092372237,-6.1387545042,244.674241317,101.352651454,101.352651454,275.560241339
1187,0,90,positive,0.138092372237,-0.00888540516088,0.244417530894,138.092372237,-8.88540516088,244.417530894,98.6060007971,98.6060007971,275.303530916
1187,1,90,positive,0.138092372237,-0.00770404774008,0.24450649407,138.092372237,-7.70404774008,244.50649407,99.7873582179,99.7873582179,275.392494092
1188,0,90,positive,0.138092372237,-0.00888540516088,0.244417530894,138.092372237,-8.88540516088,244.417530894,98.6060007971,98.6060007971,275.303530916
1188,1,90,positive,0.138092372237,-0.0101557204987,0.244329591722,138.092372237,-10.1557204987,244.329591722,97.3356854593,97.3356854593,275.215591744
1189,0,90,positive,0.138092372237,-0.0250653376585,0.230127188794,138.092372237,-25.0653376585,230.127188794,82.4260682994,82.4260682994,261.013188816
1189,1,90,positive,0.138092372237,-0.025388487391,0.231044846883,138.092372237,-25.388487391,231.044846883,82.102918567,82.102918567,261.930846905
1190,0,90,positive,0.138092372237,-0.0254838868615,0.231564591664,138.092372237,-25.4838868615,231.564591664,82.0075190965,82.0075190965,262.450591687
1190,1,90,positive,0.138092372237,-0.025388487391,0.231044846883,138.092372237,-25.388487391,231.044846883,82.102918567,82.102918567,261.930846905
1191,0,90,positive,0.138092372237,-0.0254838868615,0.231564591664,138.092372237,-25.4838868615,231.564591664,82.0075190965,82.0075190965,262.450591687
1191,1,90,positive,0.138092372237,-0.0254931251928,0.231717317489,138.092372237,-25.4931251928,231.717317489,81.9982807652,81.9982807652,262.603317511
1192,0,90,positive,0.138092372237,-0.0254931251928,0.231717317489,138.092372237,-25.4931251928,231.717317489,81.9982807652,81.9982807652,262.603317511
1192,1,90,positive,0.138092372237,-0.0255071585826,0.231953204528,138.092372237,-25.5071585826,231.953204528,81.9842473754,81.9842473754,262.839204551
1193,0,90,positive,0.138092372237,-0.0255264005851,0.232581317147,138.092372237,-25.5264005851,232.581317147,81.9650053728,81.9650053728,263.467317169
1193,1,90,positive,0.138092372237,-0.0255071585826,0.231953204528,138.092372237,-25.5071585826,231.953204528,81.9842473754,81.9842473754,262.839204551
1194,0,90,positive,0.138092372237,-0.0255338361,0.232935036196,138.092372237,-25.5338361,232.935036196,81.957569858,81.957569858,263.821036218
1194,1,90,positive,0.138092372237,-0.0255264005851,0.232581317147,138.092372237,-25.5264005851,232.581317147,81.9650053728,81.9650053728,263.467317169
1195,0,90,positive,0.138092372237,-0.025519469685,0.233074140146,138.092372237,-25.519469685,233.074140146,81.971936273,81.971936273,263.960140168
1195,1,90,positive,0.138092372237,-0.0255273952085,0.23369406244,138.092372237,-25.5273952085,233.69406244,81.9640107495,81.9640107495,264.580062463
1196,0,90,positive,0.138092372237,-0.0255338361,0.232935036196,138.092372237,-25.5338361,232.935036196,81.957569858,81.957569858,263.821036218
1196,1,90,positive,0.138092372237,-0.025519469685,0.233074140146,138.092372237,-25.519469685,233.074140146,81.971936273,81.971936273,263.960140168
1197,0,90,positive,0.138092372237,-0.025554552154,0.234437069179,138.092372237,-25.554552154,234.437069179,81.936853804,81.936853804,265.323069201
1197,1,90,positive,0.138092372237,-0.0255273952085,0.23369406244,138.092372237,-25.5273952085,233.69406244,81.9640107495,81.9640107495,264.580062463
1198,0,90,positive,0.138092372237,-0.025554552154,0.234437069179,138.092372237,-25.554552154,234.437069179,81.936853804,81.936853804,265.323069201
1198,1,90,positive,0.138092372237,-0.0255163502894,0.235224065632,138.092372237,-25.5163502894,235.224065632,81.9750556685,81.9750556685,266.110065655
1199,0,90,positive,0.138092372237,-0.0255111341552,0.235253933689,138.092372237,-25.5111341552,235.253933689,81.9802718028,81.9802718028,266.139933711
1199,1,90,positive,0.138092372237,-0.0254564387731,0.235882766829,138.092372237,-25.4564387731,235.882766829,82.0349671848,82.0349671848,266.768766851
1200,0,90,positive,0.138092372237,-0.0255111341552,0.235253933689,138.092372237,-25.5111341552,235.253933689,81.9802718028,81.9802718028,266.139933711
1200,1,90,positive,0.138092372237,-0.0255147468128,0.235239383894,138.092372237,-25.5147468128,235.239383894,81.9766591452,81.9766591452,266.125383916
1201,0,90,positive,0.138092372237,-0.0254330659636,0.235998247521,138.092372237,-25.4330659636,235.998247521,82.0583399944,82.0583399944,266.884247543
1201,1,90,positive,0.138092372237,-0.0254564387731,0.235882766829,138.092372237,-25.4564387731,235.882766829,82.0349671848,82.0349671848,266.768766851
1202,0,90,positive,0.138092372237,-0.0254330659636,0.235998247521,138.092372237,-25.4330659636,235.998247521,82.0583399944,82.0583399944,266.884247543
1202,1,90,positive,0.138092372237,-0.0254135124015,0.236389883973,138.092372237,-25.4135124015,236.389883973,82.0778935565,82.0778935565,267.275883995
1203,0,90,positive,0.138092372237,-0.0254772310358,0.237138363852,138.092372237,-25.4772310358,237.138363852,82.0141749222,82.0141749222,268.024363875
1203,1,90,positive,0.138092372237,-0.0254820715338,0.237230359715,138.092372237,-25.4820715338,237.230359715,82.0093344241,82.0093344241,268.116359737
1204,0,90,positive,0.138092372237,-0.0254528110006,0.23650161007,138.092372237,-25.4528110006,236.50161007,82.0385949574,82.0385949574,267.387610092
1204,1,90,positive,0.138092372237,-0.0254135124015,0.236389883973,138.092372237,-25.4135124015,236.389883973,82.0778935565,82.0778935565,267.275883995
1205,0,90,positive,0.138092372237,-0.0254772310358,0.237138363852,138.092372237,-25.4772310358,237.138363852,82.0141749222,82.0141749222,268.024363875
1205,1,90,positive,0.138092372237,-0.0254528110006,0.23650161007,138.092372237,-25.4528110006,236.50161007,82.0385949574,82.0385949574,267.387610092
1206,0,90,positive,0.138092372237,-0.0255693927005,0.237884254437,138.092372237,-25.5693927005,237.884254437,81.9220132575,81.9220132575,268.77025446
1206,1,90,positive,0.138092372237,-0.0254820715338,0.237230359715,138.092372237,-25.4820715338,237.230359715,82.0093344241,82.0093344241,268.116359737
1207,0,90,positive,0.138092372237,-0.0255693927005,0.237884254437,138.092372237,-25.5693927005,237.884254437,81.9220132575,81.9220132575,268.77025446
1207,1,90,positive,0.138092372237,-0.0255653537123,0.238130606417,138.092372237,-25.5653537123,238.130606417,81.9260522456,81.9260522456,269.01660644
1208,0,90,positive,0.138092372237,-0.025534382463,0.238427222065,138.092372237,-25.534382463,238.427222065,81.957023495,81.957023495,269.313222087
1208,1,90,positive,0.138092372237,-0.025357566912,0.238871230524,138.092372237,-25.357566912,238.871230524,82.1338390459,82.1338390459,269.757230546
1209,0,90,positive,0.138092372237,-0.025534382463,0.238427222065,138.092372237,-25.534382463,238.427222065,81.957023495,81.957023495,269.313222087
1209,1,90,positive,0.138092372237,-0.0255653537123,0.238130606417,138.092372237,-25.5653537123,238.130606417,81.9260522456,81.9260522456,269.01660644
1210,0,90,positive,0.138092372237,-0.025380745862,0.239296116674,138.092372237,-25.380745862,239.296116674,82.110660096,82.110660096,270.182116696
1210,1,90,positive,0.138092372237,-0.025357566912,0.238871230524,138.092372237,-25.357566912,238.871230524,82.1338390459,82.1338390459,269.757230546
1211,0,90,positive,0.138092372237,-0.025380745862,0.239296116674,138.092372237,-25.380745862,239.296116674,82.110660096,82.110660096,270.182116696
1211,1,90,positive,0.138092372237,-0.025405034711,0.239380126513,138.092372237,-25.405034711,239.380126513,82.086371247,82.086371247,270.266126535
1212,0,90,positive,0.138092372237,-0.0252548403472,0.239892264602,138.092372237,-25.2548403472,239.892264602,82.2365656108,82.2365656108,270.778264624
1212,1,90,positive,0.138092372237,-0.025405034711,0.239380126513,138.092372237,-25.405034711,239.380126513,82.086371247,82.086371247,270.266126535
1213,0,90,positive,0.138092372237,-0.0252548403472,0.239892264602,138.092372237,-25.2548403472,239.892264602,82.2365656108,82.2365656108,270.778264624
1213,1,90,positive,0.138092372237,-0.0251998751956,0.240087553887,138.092372237,-25.1998751956,240.087553887,82.2915307624,82.2915307624,270.973553909
1214,0,90,positive,0.138092372237,-0.019191290394,0.231313213863,138.092372237,-19.191290394,231.313213863,88.300115564,88.300115564,262.199213886
1214,1,90,positive,0.138092372237,-0.0188893566051,0.230057777202,138.092372237,-18.8893566051,230.057777202,88.6020493528,88.6020493528,260.943777224
1215,0,90,positive,0.138092372237,-0.019191290394,0.231313213863,138.092372237,-19.191290394,231.313213863,88.300115564,88.300115564,262.199213886
1215,1,90,positive,0.138092372237,-0.0192586450905,0.231641243041,138.092372237,-19.2586450905,231.641243041,88.2327608675,88.2327608675,262.527243063
1216,0,90,positive,0.138092372237,-0.0194120209241,0.232841742289,138.092372237,-19.4120209241,232.841742289,88.0793850339,88.0793850339,263.727742311
1216,1,90,positive,0.138092372237,-0.019285709959,0.231948471145,138.092372237,-19.285709959,231.948471145,88.205695999,88.205695999,262.834471167
1217,0,90,positive,0.138092372237,-0.0192586450905,0.231641243041,138.092372237,-19.2586450905,231.641243041,88.2327608675,88.2327608675,262.527243063
1217,1,90,positive,0.138092372237,-0.019285709959,0.231948471145,138.092372237,-19.285709959,231.948471145,88.205695999,88.205695999,262.834471167
1218,0,90,positive,0.138092372237,-0.0197831061574,0.234427632809,138.092372237,-19.7831061574,234.427632809,87.7082998006,87.7082998006,265.313632831
1218,1,90,positive,0.138092372237,-0.0196397813418,0.2338841331,138.092372237,-19.6397813418,233.8841331,87.8516246161,87.8516246161,264.770133122
1219,0,90,positive,0.138092372237,-0.0198307831538,0.234628426608,138.092372237,-19.8307831538,234.628426608,87.6606228042,87.6606228042,265.51442663
1219,1,90,positive,0.138092372237,-0.0197831061574,0.234427632809,138.092372237,-19.7831061574,234.427632809,87.7082998006,87.7082998006,265.313632831
1220,0,90,positive,0.138092372237,-0.019886264431,0.234923968301,138.092372237,-19.886264431,234.923968301,87.605141527,87.605141527,265.809968323
1220,1,90,positive,0.138092372237,-0.0198307831538,0.234628426608,138.092372237,-19.8307831538,234.628426608,87.6606228042,87.6606228042,265.51442663
1221,0,90,positive,0.138092372237,-0.0194120209241,0.232841742289,138.092372237,-19.4120209241,232.841742289,88.0793850339,88.0793850339,263.727742311
1221,1,90,positive,0.138092372237,-0.0194532181929,0.2330899603,138.092372237,-19.4532181929,233.0899603,88.038187765,88.038187765,263.975960322
1222,0,90,positive,0.138092372237,-0.0194532181929,0.2330899603,138.092372237,-19.4532181929,233.0899603,88.038187765,88.038187765,263.975960322
1222,1,90,positive,0.138092372237,-0.0196397813418,0.2338841331,138.092372237,-19.6397813418,233.8841331,87.8516246161,87.8516246161,264.770133122
1223,0,90,positive,0.138092372237,-0.019886264431,0.234923968301,138.092372237,-19.886264431,234.923968301,87.605141527,87.605141527,265.809968323
1223,1,90,positive,0.138092372237,-0.0203556473298,0.236453401206,138.092372237,-20.3556473298,236.453401206,87.1357586281,87.1357586281,267.339401229
1224,0,90,positive,0.138092372237,-0.0205778603118,0.237179260035,138.092372237,-20.5778603118,237.179260035,86.9135456462,86.9135456462,268.065260057
1224,1,90,positive,0.138092372237,-0.0203556473298,0.236453401206,138.092372237,-20.3556473298,236.453401206,87.1357586281,87.1357586281,267.339401229
1225,0,90,positive,0.138092372237,-0.0206344042212,0.237447075187,138.092372237,-20.6344042212,237.447075187,86.8570017368,86.8570017368,268.333075209
1225,1,90,positive,0.138092372237,-0.0205778603118,0.237179260035,138.092372237,-20.5778603118,237.179260035,86.9135456462,86.9135456462,268.065260057
1226,0,90,positive,0.138092372237,-0.0206344042212,0.237447075187,138.092372237,-20.6344042212,237.447075187,86.8570017368,86.8570017368,268.333075209
1226,1,90,positive,0.138092372237,-0.0207529811253,0.23805147541,138.092372237,-20.7529811253,238.05147541,86.7384248327,86.7384248327,268.937475433
1227,0,90,positive,0.138092372237,-0.0207529811253,0.23805147541,138.092372237,-20.7529811253,238.05147541,86.7384248327,86.7384248327,268.937475433
1227,1,90,positive,0.138092372237,-0.020781037814,0.238146349278,138.092372237,-20.781037814,238.146349278,86.710368144,86.710368144,269.0323493
1228,0,90,positive,0.138092372237,-0.0208260157145,0.238942981473,138.092372237,-20.8260157145,238.942981473,86.6653902435,86.6653902435,269.828981495
1228,1,90,positive,0.138092372237,-0.020781037814,0.238146349278,138.092372237,-20.781037814,238.146349278,86.710368144,86.710368144,269.0323493
1229,0,90,positive,0.138092372237,-0.0207990681664,0.23949360104,138.092372237,-20.7990681664,239.49360104,86.6923377916,86.6923377916,270.379601062
1229,1,90,positive,0.138092372237,-0.0208289040168,0.239073656416,138.092372237,-20.8289040168,239.073656416,86.6625019412,86.6625019412,269.959656438
1230,0,90,positive,0.138092372237,-0.0208260157145,0.238942981473,138.092372237,-20.8260157145,238.942981473,86.6653902435,86.6653902435,269.828981495
1230,1,90,positive,0.138092372237,-0.0208289040168,0.239073656416,138.092372237,-20.8289040168,239.073656416,86.6625019412,86.6625019412,269.959656438
1231,0,90,positive,0.138092372237,-0.0207990681664,0.23949360104,138.092372237,-20.7990681664,239.49360104,86.6923377916,86.6923377916,270.379601062
1231,1,90,positive,0.138092372237,-0.020798194388,0.239507067251,138.092372237,-20.798194388,239.507067251,86.69321157,86.69321157,270.393067273
1232,0,90,positive,0.138092372237,-0.0207487617882,0.239812146515,138.092372237,-20.7487617882,239.812146515,86.7426441697,86.7426441697,270.698146537
1232,1,90,positive,0.138092372237,-0.020798194388,0.239507067251,138.092372237,-20.798194388,239.507067251,86.69321157,86.69321157,270.393067273
1233,0,90,positive,0.138092372237,-0.0248516016662,0.240759803136,138.092372237,-24.8516016662,240.759803136,82.6398042918,82.6398042918,271.645803158
1233,1,90,positive,0.138092372237,-0.0247959710592,0.240855883259,138.092372237,-24.7959710592,240.855883259,82.6954348988,82.6954348988,271.741883281
1234,0,90,positive,0.138092372237,-0.0250935389805,0.240348296997,138.092372237,-25.0935389805,240.348296997,82.3978669775,82.3978669775,271.23429702
1234,1,90,positive,0.138092372237,-0.0251998751956,0.240087553887,138.092372237,-25.1998751956,240.087553887,82.2915307624,82.2915307624,270.973553909
1235,0,90,positive,0.138092372237,-0.0248516016662,0.240759803136,138.092372237,-24.8516016662,240.759803136,82.6398042918,82.6398042918,271.645803158
1235,1,90,positive,0.138092372237,-0.0250935389805,0.240348296997,138.092372237,-25.0935389805,240.348296997,82.3978669775,82.3978669775,271.23429702
1236,0,90,positive,0.138092372237,-0.0244323557223,0.241434186643,138.092372237,-24.4323557223,241.434186643,83.0590502357,83.0590502357,272.320186665
1236,1,90,positive,0.138092372237,-0.0247959710592,0.240855883259,138.092372237,-24.7959710592,240.855883259,82.6954348988,82.6954348988,271.741883281
1237,0,90,positive,0.138092372237,-0.0244323557223,0.241434186643,138.092372237,-24.4323557223,241.434186643,83.0590502357,83.0590502357,272.320186665
1237,1,90,positive,0.138092372237,-0.0242147614216,0.241836160066,138.092372237,-24.2147614216,241.836160066,83.2766445364,83.2766445364,272.722160088
1238,0,90,positive,0.138092372237,-0.0205712639496,0.240304612953,138.092372237,-20.5712639496,240.304612953,86.9201420084,86.9201420084,271.190612975
1238,1,90,positive,0.138092372237,-0.0206233936911,0.240189165611,138.092372237,-20.6233936911,240.189165611,86.8680122669,86.8680122669,271.075165634
1239,0,90,positive,0.138092372237,-0.0206233936911,0.240189165611,138.092372237,-20.6233936911,240.189165611,86.8680122669,86.8680122669,271.075165634
1239,1,90,positive,0.138092372237,-0.0206580353394,0.240051058149,138.092372237,-20.6580353394,240.051058149,86.8333706186,86.8333706186,270.937058171
1240,0,90,positive,0.138092372237,-0.0205712639496,0.240304612953,138.092372237,-20.5712639496,240.304612953,86.9201420084,86.9201420084,271.190612975
1240,1,90,positive,0.138092372237,-0.0201991930413,0.240925482676,138.092372237,-20.1991930413,240.925482676,87.2922129167,87.2922129167,271.811482698
1241,0,90,positive,0.138092372237,-0.0201368735952,0.241045444995,138.092372237,-20.1368735952,241.045444995,87.3545323627,87.3545323627,271.931445017
1241,1,90,positive,0.138092372237,-0.0201991930413,0.240925482676,138.092372237,-20.1991930413,240.925482676,87.2922129167,87.2922129167,271.811482698
1242,0,90,positive,0.138092372237,-0.0201368735952,0.241045444995,138.092372237,-20.1368735952,241.045444995,87.3545323627,87.3545323627,271.931445017
1242,1,90,positive,0.138092372237,-0.0198525323608,0.241690454804,138.092372237,-19.8525323608,241.690454804,87.6388735972,87.6388735972,272.576454826
1243,0,90,positive,0.138092372237,-0.0198020881611,0.241862705534,138.092372237,-19.8020881611,241.862705534,87.6893177969,87.6893177969,272.748705556
1243,1,90,positive,0.138092372237,-0.0198525323608,0.241690454804,138.092372237,-19.8525323608,241.690454804,87.6388735972,87.6388735972,272.576454826
1244,0,90,positive,0.138092372237,-0.0194846606094,0.24216296025,138.092372237,-19.4846606094,242.16296025,88.0067453486,88.0067453486,273.048960273
1244,1,90,positive,0.138092372237,-0.0196338455505,0.242019587802,138.092372237,-19.6338455505,242.019587802,87.8575604075,87.8575604075,272.905587825
1245,0,90,positive,0.138092372237,-0.0207487617882,0.239812146515,138.092372237,-20.7487617882,239.812146515,86.7426441697,86.7426441697,270.698146537
1245,1,90,positive,0.138092372237,-0.0206580353394,0.240051058149,138.092372237,-20.6580353394,240.051058149,86.8333706186,86.8333706186,270.937058171
1246,0,90,positive,0.138092372237,-0.0198020881611,0.241862705534,138.092372237,-19.8020881611,241.862705534,87.6893177969,87.6893177969,272.748705556
1246,1,90,positive,0.138092372237,-0.0196338455505,0.242019587802,138.092372237,-19.6338455505,242.019587802,87.8575604075,87.8575604075,272.905587825
1247,0,90,positive,0.138092372237,-0.0191300336167,0.242336609973,138.092372237,-19.1300336167,242.336609973,88.3613723413,88.3613723413,273.222609995
1247,1,90,positive,0.138092372237,-0.0194846606094,0.24216296025,138.092372237,-19.4846606094,242.16296025,88.0067453486,88.0067453486,273.048960273
1248,0,90,positive,0.138092372237,-0.0189236217679,0.242447129458,138.092372237,-18.9236217679,242.447129458,88.5677841901,88.5677841901,273.33312948
1248,1,90,positive,0.138092372237,-0.0187470810477,0.242596016665,138.092372237,-18.7470810477,242.596016665,88.7443249103,88.7443249103,273.482016687
1249,0,90,positive,0.138092372237,-0.0191300336167,0.242336609973,138.092372237,-19.1300336167,242.336609973,88.3613723413,88.3613723413,273.222609995
1249,1,90,positive,0.138092372237,-0.0189236217679,0.242447129458,138.092372237,-18.9236217679,242.447129458,88.5677841901,88.5677841901,273.33312948
1250,0,90,positive,0.138092372237,-0.0240653678698,0.242018105352,138.092372237,-24.0653678698,242.018105352,83.4260380881,83.4260380881,272.904105374
1250,1,90,positive,0.138092372237,-0.0242147614216,0.241836160066,138.092372237,-24.2147614216,241.836160066,83.2766445364,83.2766445364,272.722160088
1251,0,90,positive,0.138092372237,-0.0228999000097,0.244271561251,138.092372237,-22.8999000097,244.271561251,84.5915059483,84.5915059483,275.157561273
1251,1,90,positive,0.138092372237,-0.0227107699186,0.244580373254,138.092372237,-22.7107699186,244.580373254,84.7806360393,84.7806360393,275.466373276
1252,0,90,positive,0.138092372237,-0.0228999000097,0.244271561251,138.092372237,-22.8999000097,244.271561251,84.5915059483,84.5915059483,275.157561273
1252,1,90,positive,0.138092372237,-0.0232846195732,0.243229743376,138.092372237,-23.2846195732,243.229743376,84.2067863848,84.2067863848,274.115743398
1253,0,90,positive,0.138092372237,-0.0226333531706,0.244682680813,138.092372237,-22.6333531706,244.682680813,84.8580527874,84.8580527874,275.568680835
1253,1,90,positive,0.138092372237,-0.0227107699186,0.244580373254,138.092372237,-22.7107699186,244.580373254,84.7806360393,84.7806360393,275.466373276
1254,0,90,positive,0.138092372237,-0.0215303223762,0.245027387299,138.092372237,-21.5303223762,245.027387299,85.9610835818,85.9610835818,275.913387321
1254,1,90,positive,0.138092372237,-0.0214648787473,0.24509580987,138.092372237,-21.4648787473,245.09580987,86.0265272106,86.0265272106,275.981809893
1255,0,90,positive,0.138092372237,-0.0214648787473,0.24509580987,138.092372237,-21.4648787473,245.09580987,86.0265272106,86.0265272106,275.981809893
1255,1,90,positive,0.138092372237,-0.0213379244618,0.245321548208,138.092372237,-21.3379244618,245.321548208,86.1534814962,86.1534814962,276.20754823
1256,0,90,positive,0.138092372237,-0.021245909023,0.245439134648,138.092372237,-21.245909023,245.439134648,86.245496935,86.245496935,276.325134671
1256,1,90,positive,0.138092372237,-0.0213379244618,0.245321548208,138.092372237,-21.3379244618,245.321548208,86.1534814962,86.1534814962,276.20754823
1257,0,90,positive,0.138092372237,-0.0212129367811,0.245499194315,138.092372237,-21.2129367811,245.499194315,86.2784691769,86.2784691769,276.385194337
1257,1,90,positive,0.138092372237,-0.0209567604323,0.245849722026,138.092372237,-20.9567604323,245.849722026,86.5346455257,86.5346455257,276.735722048
1258,0,90,positive,0.138092372237,-0.0212129367811,0.245499194315,138.092372237,-21.2129367811,245.499194315,86.2784691769,86.2784691769,276.385194337
1258,1,90,positive,0.138092372237,-0.021245909023,0.245439134648,138.092372237,-21.245909023,245.439134648,86.245496935,86.245496935,276.325134671
1259,0,90,positive,0.138092372237,-0.0202335832575,0.246605640923,138.092372237,-20.2335832575,246.605640923,87.2578227004,87.2578227004,277.491640945
1259,1,90,positive,0.138092372237,-0.0200126542573,0.246997941599,138.092372237,-20.0126542573,246.997941599,87.4787517007,87.4787517007,277.883941621
1260,0,90,positive,0.138092372237,-0.0209567604323,0.245849722026,138.092372237,-20.9567604323,245.849722026,86.5346455257,86.5346455257,276.735722048
1260,1,90,positive,0.138092372237,-0.020774258422,0.245986130327,138.092372237,-20.774258422,245.986130327,86.717147536,86.717147536,276.872130349
1261,0,90,positive,0.138092372237,-0.0207036021639,0.24607069752,138.092372237,-20.7036021639,246.07069752,86.7878037941,86.7878037941,276.956697542
1261,1,90,positive,0.138092372237,-0.0203754779015,0.246486361825,138.092372237,-20.3754779015,246.486361825,87.1159280565,87.1159280565,277.372361848
1262,0,90,positive,0.138092372237,-0.0207036021639,0.24607069752,138.092372237,-20.7036021639,246.07069752,86.7878037941,86.7878037941,276.956697542
1262,1,90,positive,0.138092372237,-0.020774258422,0.245986130327,138.092372237,-20.774258422,245.986130327,86.717147536,86.717147536,276.872130349
1263,0,90,positive,0.138092372237,-0.0202335832575,0.246605640923,138.092372237,-20.2335832575,246.605640923,87.2578227004,87.2578227004,277.491640945
1263,1,90,positive,0.138092372237,-0.0203754779015,0.246486361825,138.092372237,-20.3754779015,246.486361825,87.1159280565,87.1159280565,277.372361848
1264,0,90,positive,0.138092372237,-0.0190222865016,0.247782532141,138.092372237,-19.0222865016,247.782532141,88.4691194564,88.4691194564,278.668532163
1264,1,90,positive,0.138092372237,-0.0185262192549,0.247956816412,138.092372237,-18.5262192549,247.956816412,88.9651867031,88.9651867031,278.842816434
1265,0,90,positive,0.138092372237,-0.0191651202726,0.247709059132,138.092372237,-19.1651202726,247.709059132,88.3262856854,88.3262856854,278.595059154
1265,1,90,positive,0.138092372237,-0.0190222865016,0.247782532141,138.092372237,-19.0222865016,247.782532141,88.4691194564,88.4691194564,278.668532163
1266,0,90,positive,0.138092372237,-0.0198376916782,0.247272342977,138.092372237,-19.8376916782,247.272342977,87.6537142798,87.6537142798,278.158342999
1266,1,90,positive,0.138092372237,-0.0200126542573,0.246997941599,138.092372237,-20.0126542573,246.997941599,87.4787517007,87.4787517007,277.883941621
1267,0,90,positive,0.138092372237,-0.0198376916782,0.247272342977,138.092372237,-19.8376916782,247.272342977,87.6537142798,87.6537142798,278.158342999
1267,1,90,positive,0.138092372237,-0.0196254633182,0.247447435395,138.092372237,-19.6254633182,247.447435395,87.8659426398,87.8659426398,278.333435417
1268,0,90,positive,0.138092372237,-0.0191651202726,0.247709059132,138.092372237,-19.1651202726,247.709059132,88.3262856854,88.3262856854,278.595059154
1268,1,90,positive,0.138092372237,-0.0196254633182,0.247447435395,138.092372237,-19.6254633182,247.447435395,87.8659426398,87.8659426398,278.333435417
1269,0,90,positive,0.138092372237,-0.0225311676145,0.244786461414,138.092372237,-22.5311676145,244.786461414,84.9602383435,84.9602383435,275.672461437
1269,1,90,positive,0.138092372237,-0.0223114286116,0.244993793108,138.092372237,-22.3114286116,244.993793108,85.1799773464,85.1799773464,275.87979313
1270,0,90,positive,0.138092372237,-0.0223114286116,0.244993793108,138.092372237,-22.3114286116,244.993793108,85.1799773464,85.1799773464,275.87979313
1270,1,90,positive,0.138092372237,-0.0221642329288,0.245043101764,138.092372237,-22.1642329288,245.043101764,85.3271730292,85.3271730292,275.929101786
1271,0,90,positive,0.138092372237,-0.0219851182918,0.24505800688,138.092372237,-21.9851182918,245.05800688,85.5062876662,85.5062876662,275.944006902
1271,1,90,positive,0.138092372237,-0.0217190652383,0.244969060411,138.092372237,-21.7190652383,244.969060411,85.7723407197,85.7723407197,275.855060434
1272,0,90,positive,0.138092372237,-0.0215303223762,0.245027387299,138.092372237,-21.5303223762,245.027387299,85.9610835818,85.9610835818,275.913387321
1272,1,90,positive,0.138092372237,-0.0217190652383,0.244969060411,138.092372237,-21.7190652383,244.969060411,85.7723407197,85.7723407197,275.855060434
1273,0,90,positive,0.138092372237,-0.0219851182918,0.24505800688,138.092372237,-21.9851182918,245.05800688,85.5062876662,85.5062876662,275.944006902
1273,1,90,positive,0.138092372237,-0.0221642329288,0.245043101764,138.092372237,-22.1642329288,245.043101764,85.3271730292,85.3271730292,275.929101786
1274,0,90,positive,0.138092372237,-0.0225311676145,0.244786461414,138.092372237,-22.5311676145,244.786461414,84.9602383435,84.9602383435,275.672461437
1274,1,90,positive,0.138092372237,-0.0226333531706,0.244682680813,138.092372237,-22.6333531706,244.682680813,84.8580527874,84.8580527874,275.568680835
1275,0,90,positive,0.138092372237,-0.0138377120698,0.244266511698,138.092372237,-13.8377120698,244.266511698,93.6536938881,93.6536938881,275.152511721
1275,1,90,positive,0.138092372237,-0.0145010321325,0.244201828759,138.092372237,-14.5010321325,244.201828759,92.9903738255,92.9903738255,275.087828781
1276,0,90,positive,0.138092372237,-0.016746425614,0.243799849062,138.092372237,-16.746425614,243.799849062,90.744980344,90.744980344,274.685849084
1276,1,90,positive,0.138092372237,-0.0170921363938,0.243665085839,138.092372237,-17.0921363938,243.665085839,90.3992695641,90.3992695641,274.551085861
1277,0,90,positive,0.138092372237,-0.0165267869782,0.243851550613,138.092372237,-16.5267869782,243.851550613,90.9646189798,90.9646189798,274.737550635
1277,1,90,positive,0.138092372237,-0.016746425614,0.243799849062,138.092372237,-16.746425614,243.799849062,90.744980344,90.744980344,274.685849084
1278,0,90,positive,0.138092372237,-0.0177175061623,0.243344926053,138.092372237,-17.7175061623,243.344926053,89.7738997956,89.7738997956,274.230926075
1278,1,90,positive,0.138092372237,-0.0183058203971,0.242934280934,138.092372237,-18.3058203971,242.934280934,89.1855855609,89.1855855609,273.820280956
1279,0,90,positive,0.138092372237,-0.0174238255352,0.243526417803,138.092372237,-17.4238255352,243.526417803,90.0675804228,90.0675804228,274.412417825
1279,1,90,positive,0.138092372237,-0.0170921363938,0.243665085839,138.092372237,-17.0921363938,243.665085839,90.3992695641,90.3992695641,274.551085861
1280,0,90,positive,0.138092372237,-0.0165267869782,0.243851550613,138.092372237,-16.5267869782,243.851550613,90.9646189798,90.9646189798,274.737550635
1280,1,90,positive,0.138092372237,-0.0157809857448,0.244053136928,138.092372237,-15.7809857448,244.053136928,91.7104202132,91.7104202132,274.93913695
1281,0,90,positive,0.138092372237,-0.0157809857448,0.244053136928,138.092372237,-15.7809857448,244.053136928,91.7104202132,91.7104202132,274.93913695
1281,1,90,positive,0.138092372237,-0.0149741807061,0.244135714155,138.092372237,-14.9741807061,244.135714155,92.5172252519,92.5172252519,275.021714177
1282,0,90,positive,0.138092372237,-0.0145010321325,0.244201828759,138.092372237,-14.5010321325,244.201828759,92.9903738255,92.9903738255,275.087828781
1282,1,90,positive,0.138092372237,-0.0149741807061,0.244135714155,138.092372237,-14.9741807061,244.135714155,92.5172252519,92.5172252519,275.021714177
1283,0,90,positive,0.138092372237,-0.0138377120698,0.244266511698,138.092372237,-13.8377120698,244.266511698,93.6536938881,93.6536938881,275.152511721
1283,1,90,positive,0.138092372237,-0.0131535674034,0.244335853581,138.092372237,-13.1535674034,244.335853581,94.3378385546,94.3378385546,275.221853604
1284,0,90,positive,0.138092372237,-0.0116599882168,0.244379279155,138.092372237,-11.6599882168,244.379279155,95.8314177412,95.8314177412,275.265279177
1284,1,90,positive,0.138092372237,-0.0126986015651,0.24435719667,138.092372237,-12.6986015651,244.35719667,94.7928043929,94.7928043929,275.243196692
1285,0,90,positive,0.138092372237,-0.0131535674034,0.244335853581,138.092372237,-13.1535674034,244.335853581,94.3378385546,94.3378385546,275.221853604
1285,1,90,positive,0.138092372237,-0.0126986015651,0.24435719667,138.092372237,-12.6986015651,244.35719667,94.7928043929,94.7928043929,275.243196692
1286,0,90,positive,0.138092372237,-0.0175360973119,0.248328700435,138.092372237,-17.5360973119,248.328700435,89.955308646,89.955308646,279.214700457
1286,1,90,positive,0.138092372237,-0.0170663569533,0.248486143195,138.092372237,-17.0663569533,248.486143195,90.4250490047,90.4250490047,279.372143217
1287,0,90,positive,0.138092372237,-0.0159813549294,0.248740149569,138.092372237,-15.9813549294,248.740149569,91.5100510285,91.5100510285,279.626149591
1287,1,90,positive,0.138092372237,-0.0154591140813,0.248727346506,138.092372237,-15.4591140813,248.727346506,92.0322918767,92.0322918767,279.613346528
1288,0,90,positive,0.138092372237,-0.0170663569533,0.248486143195,138.092372237,-17.0663569533,248.486143195,90.4250490047,90.4250490047,279.372143217
1288,1,90,positive,0.138092372237,-0.0167191039766,0.248583731819,138.092372237,-16.7191039766,248.583731819,90.7723019814,90.7723019814,279.469731842
1289,0,90,positive,0.138092372237,-0.0164077068123,0.248674224324,138.092372237,-16.4077068123,248.674224324,91.0836991457,91.0836991457,279.560224346
1289,1,90,positive,0.138092372237,-0.0167191039766,0.248583731819,138.092372237,-16.7191039766,248.583731819,90.7723019814,90.7723019814,279.469731842
1290,0,90,positive,0.138092372237,-0.0162941192014,0.248687405079,138.092372237,-16.2941192014,248.687405079,91.1972867565,91.1972867565,279.573405102
1290,1,90,positive,0.138092372237,-0.0164077068123,0.248674224324,138.092372237,-16.4077068123,248.674224324,91.0836991457,91.0836991457,279.560224346
1291,0,90,positive,0.138092372237,-0.0147026644724,0.248827742831,138.092372237,-14.7026644724,248.827742831,92.7887414855,92.7887414855,279.713742853
1291,1,90,positive,0.138092372237,-0.0144543386563,0.248932477297,138.092372237,-14.4543386563,248.932477297,93.0370673017,93.0370673017,279.81847732
1292,0,90,positive,0.138092372237,-0.0150297027038,0.248766637712,138.092372237,-15.0297027038,248.766637712,92.4617032542,92.4617032542,279.652637734
1292,1,90,positive,0.138092372237,-0.0147026644724,0.248827742831,138.092372237,-14.7026644724,248.827742831,92.7887414855,92.7887414855,279.713742853
1293,0,90,positive,0.138092372237,-0.0144543386563,0.248932477297,138.092372237,-14.4543386563,248.932477297,93.0370673017,93.0370673017,279.81847732
1293,1,90,positive,0.138092372237,-0.013414826383,0.249093537787,138.092372237,-13.414826383,249.093537787,94.076579575,94.076579575,279.979537809
1294,0,90,positive,0.138092372237,-0.0133967037699,0.249096964418,138.092372237,-13.3967037699,249.096964418,94.0947021881,94.0947021881,279.982964441
1294,1,90,positive,0.138092372237,-0.013414826383,0.249093537787,138.092372237,-13.414826383,249.093537787,94.076579575,94.076579575,279.979537809
1295,0,90,positive,0.138092372237,-0.0133777589776,0.24910163011,138.092372237,-13.3777589776,249.10163011,94.1136469804,94.1136469804,279.987630132
1295,1,90,positive,0.138092372237,-0.0133967037699,0.249096964418,138.092372237,-13.3967037699,249.096964418,94.0947021881,94.0947021881,279.982964441
1296,0,90,positive,0.138092372237,-0.0150297027038,0.248766637712,138.092372237,-15.0297027038,248.766637712,92.4617032542,92.4617032542,279.652637734
1296,1,90,positive,0.138092372237,-0.0154591140813,0.248727346506,138.092372237,-15.4591140813,248.727346506,92.0322918767,92.0322918767,279.613346528
1297,0,90,positive,0.138092372237,-0.0159813549294,0.248740149569,138.092372237,-15.9813549294,248.740149569,91.5100510285,91.5100510285,279.626149591
1297,1,90,positive,0.138092372237,-0.0162941192014,0.248687405079,138.092372237,-16.2941192014,248.687405079,91.1972867565,91.1972867565,279.573405102
1298,0,90,positive,0.138092372237,-0.0103857049266,0.244329465657,138.092372237,-10.3857049266,244.329465657,97.1057010314,97.1057010314,275.215465679
1298,1,90,positive,0.138092372237,-0.0116599882168,0.244379279155,138.092372237,-11.6599882168,244.379279155,95.8314177412,95.8314177412,275.265279177
1299,0,90,positive,0.138092372237,-0.0103857049266,0.244329465657,138.092372237,-10.3857049266,244.329465657,97.1057010314,97.1057010314,275.215465679
1299,1,90,positive,0.138092372237,-0.0102567724015,0.244324679112,138.092372237,-10.2567724015,244.324679112,97.2346335565,97.2346335565,275.210679134
1300,0,90,positive,0.138092372237,-0.0102567724015,0.244324679112,138.092372237,-10.2567724015,244.324679112,97.2346335565,97.2346335565,275.210679134
1300,1,90,positive,0.138092372237,-0.0101557204987,0.244329591722,138.092372237,-10.1557204987,244.329591722,97.3356854593,97.3356854593,275.215591744
1301,0,90,positive,0.138092372237,-0.0183058203971,0.242934280934,138.092372237,-18.3058203971,242.934280934,89.1855855609,89.1855855609,273.820280956
1301,1,90,positive,0.138092372237,-0.0187470810477,0.242596016665,138.092372237,-18.7470810477,242.596016665,88.7443249103,88.7443249103,273.482016687
1302,0,90,positive,0.138092372237,-0.0177175061623,0.243344926053,138.092372237,-17.7175061623,243.344926053,89.7738997956,89.7738997956,274.230926075
1302,1,90,positive,0.138092372237,-0.0174238255352,0.243526417803,138.092372237,-17.4238255352,243.526417803,90.0675804228,90.0675804228,274.412417825
1303,0,90,positive,0.138092372237,-0.0175360973119,0.248328700435,138.092372237,-17.5360973119,248.328700435,89.955308646,89.955308646,279.214700457
1303,1,90,positive,0.138092372237,-0.0185262192549,0.247956816412,138.092372237,-18.5262192549,247.956816412,88.9651867031,88.9651867031,278.842816434
1304,0,90,negative,0.138092372237,-0.143261280994,-0.0133571190327,138.092372237,-143.261280994,-13.3571190327,-35.7698750364,35.7698750364,17.5288809896
1304,1,90,negative,0.138092372237,-0.143158188561,-0.0135230857053,138.092372237,-143.158188561,-13.5230857053,-35.6667826029,35.6667826029,17.362914317
1305,0,90,negative,0.138092372237,-0.143158188561,-0.0135230857053,138.092372237,-143.158188561,-13.5230857053,-35.6667826029,35.6667826029,17.362914317
1305,1,90,negative,0.138092372237,-0.14303792616,-0.0138317087373,138.092372237,-143.03792616,-13.8317087373,-35.5465202019,35.5465202019,17.0542912849
1306,0,90,negative,0.138092372237,-0.143261280994,-0.0133571190327,138.092372237,-143.261280994,-13.3571190327,-35.7698750364,35.7698750364,17.5288809896
1306,1,90,negative,0.138092372237,-0.143477346965,-0.0128693883776,138.092372237,-143.477346965,-12.8693883776,-35.9859410075,35.9859410075,18.0166116447
1307,0,90,negative,0.138092372237,-0.143477346965,-0.0128693883776,138.092372237,-143.477346965,-12.8693883776,-35.9859410075,35.9859410075,18.0166116447
1307,1,90,negative,0.138092372237,-0.14372329377,-0.0123232562422,138.092372237,-143.72329377,-12.3232562422,-36.2318878124,36.2318878124,18.5627437801
1308,0,90,negative,0.138092372237,-0.142826267689,-0.0142620147272,138.092372237,-142.826267689,-14.2620147272,-35.3348617309,35.3348617309,16.6239852951
1308,1,90,negative,0.138092372237,-0.14303792616,-0.0138317087373,138.092372237,-143.03792616,-13.8317087373,-35.5465202019,35.5465202019,17.0542912849
1309,0,90,negative,0.138092372237,-0.142826267689,-0.0142620147272,138.092372237,-142.826267689,-14.2620147272,-35.3348617309,35.3348617309,16.6239852951
1309,1,90,negative,0.138092372237,-0.142581139929,-0.0147362962031,138.092372237,-142.581139929,-14.7362962031,-35.0897339712,35.0897339712,16.1497038192
1310,0,90,negative,0.138092372237,-0.143954346847,-0.0119959647566,138.092372237,-143.954346847,-11.9959647566,-36.4629408892,36.4629408892,18.8900352657
1310,1,90,negative,0.138092372237,-0.14372329377,-0.0123232562422,138.092372237,-143.72329377,-12.3232562422,-36.2318878124,36.2318878124,18.5627437801
1311,0,90,negative,0.138092372237,-0.144206504118,-0.0117379045017,138.092372237,-144.206504118,-11.7379045017,-36.7150981602,36.7150981602,19.1480955206
1311,1,90,negative,0.138092372237,-0.143954346847,-0.0119959647566,138.092372237,-143.954346847,-11.9959647566,-36.4629408892,36.4629408892,18.8900352657
1312,0,90,negative,0.138092372237,-0.147723574831,-0.0135273325711,138.092372237,-147.723574831,-13.5273325711,-40.2321688727,40.2321688727,17.3586674512
1312,1,90,negative,0.138092372237,-0.147713905181,-0.0134794089367,138.092372237,-147.713905181,-13.4794089367,-40.2224992226,40.2224992226,17.4065910856
1313,0,90,negative,0.138092372237,-0.147665786319,-0.0143383867585,138.092372237,-147.665786319,-14.3383867585,-40.1743803613,40.1743803613,16.5476132638
1313,1,90,negative,0.138092372237,-0.147723003695,-0.014182653604,138.092372237,-147.723003695,-14.182653604,-40.2315977366,40.2315977366,16.7033464183
1314,0,90,negative,0.138092372237,-0.147780097466,-0.0140447461312,138.092372237,-147.780097466,-14.0447461312,-40.2886915078,40.2886915078,16.8412538911
1314,1,90,negative,0.138092372237,-0.147723003695,-0.014182653604,138.092372237,-147.723003695,-14.182653604,-40.2315977366,40.2315977366,16.7033464183
1315,0,90,negative,0.138092372237,-0.147780097466,-0.0140447461312,138.092372237,-147.780097466,-14.0447461312,-40.2886915078,40.2886915078,16.8412538911
1315,1,90,negative,0.138092372237,-0.147782677516,-0.0137901372361,138.092372237,-147.782677516,-13.7901372361,-40.2912715584,40.2912715584,17.0958627862
1316,0,90,negative,0.138092372237,-0.147723574831,-0.0135273325711,138.092372237,-147.723574831,-13.5273325711,-40.2321688727,40.2321688727,17.3586674512
1316,1,90,negative,0.138092372237,-0.147782677516,-0.0137901372361,138.092372237,-147.782677516,-13.7901372361,-40.2912715584,40.2912715584,17.0958627862
1317,0,90,negative,0.138092372237,-0.147504957346,-0.0130549440448,138.092372237,-147.504957346,-13.0549440448,-40.0135513878,40.0135513878,17.8310559775
1317,1,90,negative,0.138092372237,-0.147713905181,-0.0134794089367,138.092372237,-147.713905181,-13.4794089367,-40.2224992226,40.2224992226,17.4065910856
1318,0,90,negative,0.138092372237,-0.147440239062,-0.0128136571347,138.092372237,-147.440239062,-12.8136571347,-39.9488331042,39.9488331042,18.0723428876
1318,1,90,negative,0.138092372237,-0.147504957346,-0.0130549440448,138.092372237,-147.504957346,-13.0549440448,-40.0135513878,40.0135513878,17.8310559775
1319,0,90,negative,0.138092372237,-0.147440239062,-0.0128136571347,138.092372237,-147.440239062,-12.8136571347,-39.9488331042,39.9488331042,18.0723428876
1319,1,90,negative,0.138092372237,-0.14745245616,-0.0126702312592,138.092372237,-147.45245616,-12.6702312592,-39.9610502021,39.9610502021,18.215768763
1320,0,90,negative,0.138092372237,-0.14745245616,-0.0126702312592,138.092372237,-147.45245616,-12.6702312592,-39.9610502021,39.9610502021,18.215768763
1320,1,90,negative,0.138092372237,-0.147462276646,-0.0126064677281,138.092372237,-147.462276646,-12.6064677281,-39.9708706881,39.9708706881,18.2795322942
1321,0,90,negative,0.138092372237,-0.147997704816,-0.0121976679097,138.092372237,-147.997704816,-12.1976679097,-40.5062988575,40.5062988575,18.6883321126
1321,1,90,negative,0.138092372237,-0.148214162479,-0.0121119203696,138.092372237,-148.214162479,-12.1119203696,-40.7227565208,40.7227565208,18.7740796526
1322,0,90,negative,0.138092372237,-0.147997704816,-0.0121976679097,138.092372237,-147.997704816,-12.1976679097,-40.5062988575,40.5062988575,18.6883321126
1322,1,90,negative,0.138092372237,-0.147595098378,-0.0124180618452,138.092372237,-147.595098378,-12.4180618452,-40.1036924197,40.1036924197,18.4679381771
1323,0,90,negative,0.138092372237,-0.147543932935,-0.0124544334353,138.092372237,-147.543932935,-12.4544334353,-40.0525269773,40.0525269773,18.431566587
1323,1,90,negative,0.138092372237,-0.147595098378,-0.0124180618452,138.092372237,-147.595098378,-12.4180618452,-40.1036924197,40.1036924197,18.4679381771
1324,0,90,negative,0.138092372237,-0.148214162479,-0.0121119203696,138.092372237,-148.214162479,-12.1119203696,-40.7227565208,40.7227565208,18.7740796526
1324,1,90,negative,0.138092372237,-0.148411588537,-0.0120100969755,138.092372237,-148.411588537,-12.0100969755,-40.9201825788,40.9201825788,18.8759030468
1325,0,90,negative,0.138092372237,-0.147665786319,-0.0143383867585,138.092372237,-147.665786319,-14.3383867585,-40.1743803613,40.1743803613,16.5476132638
1325,1,90,negative,0.138092372237,-0.147405900994,-0.0148062595451,138.092372237,-147.405900994,-14.8062595451,-39.9144950361,39.9144950361,16.0797404772
1326,0,90,negative,0.138092372237,-0.147543932935,-0.0124544334353,138.092372237,-147.543932935,-12.4544334353,-40.0525269773,40.0525269773,18.431566587
1326,1,90,negative,0.138092372237,-0.147462276646,-0.0126064677281,138.092372237,-147.462276646,-12.6064677281,-39.9708706881,39.9708706881,18.2795322942
1327,0,90,negative,0.138092372237,-0.145628375632,-0.0103412195538,138.092372237,-145.628375632,-10.3412195538,-38.1369696744,38.1369696744,20.5447804685
1327,1,90,negative,0.138092372237,-0.145415314619,-0.0105072344037,138.092372237,-145.415314619,-10.5072344037,-37.9239086615,37.9239086615,20.3787656186
1328,0,90,negative,0.138092372237,-0.145849483365,-0.0099028520435,138.092372237,-145.849483365,-9.9028520435,-38.3580774065,38.3580774065,20.9831479788
1328,1,90,negative,0.138092372237,-0.1457146994,-0.0102375274235,138.092372237,-145.7146994,-10.2375274235,-38.223293442,38.223293442,20.6484725988
1329,0,90,negative,0.138092372237,-0.145628375632,-0.0103412195538,138.092372237,-145.628375632,-10.3412195538,-38.1369696744,38.1369696744,20.5447804685
1329,1,90,negative,0.138092372237,-0.1457146994,-0.0102375274235,138.092372237,-145.7146994,-10.2375274235,-38.223293442,38.223293442,20.6484725988
1330,0,90,negative,0.138092372237,-0.145415314619,-0.0105072344037,138.092372237,-145.415314619,-10.5072344037,-37.9239086615,37.9239086615,20.3787656186
1330,1,90,negative,0.138092372237,-0.144534865901,-0.0112817267064,138.092372237,-144.534865901,-11.2817267064,-37.043459943,37.043459943,19.6042733159
1331,0,90,negative,0.138092372237,-0.144484332314,-0.0113328486645,138.092372237,-144.484332314,-11.3328486645,-36.992926356,36.992926356,19.5531513578
1331,1,90,negative,0.138092372237,-0.144534865901,-0.0112817267064,138.092372237,-144.534865901,-11.2817267064,-37.043459943,37.043459943,19.6042733159
1332,0,90,negative,0.138092372237,-0.148876927893,-0.011738591995,138.092372237,-148.876927893,-11.738591995,-41.3855219349,41.3855219349,19.1474080273
1332,1,90,negative,0.138092372237,-0.149319489846,-0.0113661890669,138.092372237,-149.319489846,-11.3661890669,-41.8280838882,41.8280838882,19.5198109554
1333,0,90,negative,0.138092372237,-0.149777039772,-0.0109489367683,138.092372237,-149.777039772,-10.9489367683,-42.2856338145,42.2856338145,19.937063254
1333,1,90,negative,0.138092372237,-0.149837771516,-0.0109011257067,138.092372237,-149.837771516,-10.9011257067,-42.3463655583,42.3463655583,19.9848743156
1334,0,90,negative,0.138092372237,-0.149777039772,-0.0109489367683,138.092372237,-149.777039772,-10.9489367683,-42.2856338145,42.2856338145,19.937063254
1334,1,90,negative,0.138092372237,-0.149319489846,-0.0113661890669,138.092372237,-149.319489846,-11.3661890669,-41.8280838882,41.8280838882,19.5198109554
1335,0,90,negative,0.138092372237,-0.149837771516,-0.0109011257067,138.092372237,-149.837771516,-10.9011257067,-42.3463655583,42.3463655583,19.9848743156
1335,1,90,negative,0.138092372237,-0.149988453168,-0.0107392230813,138.092372237,-149.988453168,-10.7392230813,-42.4970472102,42.4970472102,20.146776941
1336,0,90,negative,0.138092372237,-0.148876927893,-0.011738591995,138.092372237,-148.876927893,-11.738591995,-41.3855219349,41.3855219349,19.1474080273
1336,1,90,negative,0.138092372237,-0.148411588537,-0.0120100969755,138.092372237,-148.411588537,-12.0100969755,-40.9201825788,40.9201825788,18.8759030468
1337,0,90,negative,0.138092372237,-0.150298520974,-0.0103790227213,138.092372237,-150.298520974,-10.3790227213,-42.8071150163,42.8071150163,20.506977301
1337,1,90,negative,0.138092372237,-0.150648582384,-0.00974489469413,138.092372237,-150.648582384,-9.74489469413,-43.1571764258,43.1571764258,21.1411053282
1338,0,90,negative,0.138092372237,-0.150221982387,-0.0104780301279,138.092372237,-150.221982387,-10.4780301279,-42.7305764294,42.7305764294,20.4079698944
1338,1,90,negative,0.138092372237,-0.149988453168,-0.0107392230813,138.092372237,-149.988453168,-10.7392230813,-42.4970472102,42.4970472102,20.146776941
1339,0,90,negative,0.138092372237,-0.150298520974,-0.0103790227213,138.092372237,-150.298520974,-10.3790227213,-42.8071150163,42.8071150163,20.506977301
1339,1,90,negative,0.138092372237,-0.150221982387,-0.0104780301279,138.092372237,-150.221982387,-10.4780301279,-42.7305764294,42.7305764294,20.4079698944
1340,0,90,negative,0.138092372237,-0.146889089539,-0.00733877503423,138.092372237,-146.889089539,-7.33877503423,-39.3976835815,39.3976835815,23.5472249881
1340,1,90,negative,0.138092372237,-0.147935434488,-0.00601693610217,138.092372237,-147.935434488,-6.01693610217,-40.4440285303,40.4440285303,24.8690639201
1341,0,90,negative,0.138092372237,-0.146032986132,-0.00931967069764,138.092372237,-146.032986132,-9.31967069764,-38.5415801736,38.5415801736,21.5663293247
1341,1,90,negative,0.138092372237,-0.145849483365,-0.0099028520435,138.092372237,-145.849483365,-9.9028520435,-38.3580774065,38.3580774065,20.9831479788
1342,0,90,negative,0.138092372237,-0.146549429273,-0.00805275118806,138.092372237,-146.549429273,-8.05275118806,-39.0580233147,39.0580233147,22.8332488342
1342,1,90,negative,0.138092372237,-0.146175564951,-0.00899220296085,138.092372237,-146.175564951,-8.99220296085,-38.6841589931,38.6841589931,21.8937970614
1343,0,90,negative,0.138092372237,-0.146549429273,-0.00805275118806,138.092372237,-146.549429273,-8.05275118806,-39.0580233147,39.0580233147,22.8332488342
1343,1,90,negative,0.138092372237,-0.146862181992,-0.00737872079968,138.092372237,-146.862181992,-7.37872079968,-39.370776034,39.370776034,23.5072792226
1344,0,90,negative,0.138092372237,-0.146032986132,-0.00931967069764,138.092372237,-146.032986132,-9.31967069764,-38.5415801736,38.5415801736,21.5663293247
1344,1,90,negative,0.138092372237,-0.146081418637,-0.00923105228511,138.092372237,-146.081418637,-9.23105228511,-38.590012679,38.590012679,21.6549477372
1345,0,90,negative,0.138092372237,-0.146081418637,-0.00923105228511,138.092372237,-146.081418637,-9.23105228511,-38.590012679,38.590012679,21.6549477372
1345,1,90,negative,0.138092372237,-0.146175564951,-0.00899220296085,138.092372237,-146.175564951,-8.99220296085,-38.6841589931,38.6841589931,21.8937970614
1346,0,90,negative,0.138092372237,-0.146889089539,-0.00733877503423,138.092372237,-146.889089539,-7.33877503423,-39.3976835815,39.3976835815,23.5472249881
1346,1,90,negative,0.138092372237,-0.146862181992,-0.00737872079968,138.092372237,-146.862181992,-7.37872079968,-39.370776034,39.370776034,23.5072792226
1347,0,90,negative,0.138092372237,-0.1508054517,-0.00942809969755,138.092372237,-150.8054517,-9.42809969755,-43.3140457416,43.3140457416,21.4579003247
1347,1,90,negative,0.138092372237,-0.150648582384,-0.00974489469413,138.092372237,-150.648582384,-9.74489469413,-43.1571764258,43.1571764258,21.1411053282
1348,0,90,negative,0.138092372237,-0.147985737865,-0.00593559368801,138.092372237,-147.985737865,-5.93559368801,-40.4943319072,40.4943319072,24.9504063343
1348,1,90,negative,0.138092372237,-0.147935434488,-0.00601693610217,138.092372237,-147.935434488,-6.01693610217,-40.4440285303,40.4440285303,24.8690639201
1349,0,90,negative,0.138092372237,-0.14811423984,-0.00576410243496,138.092372237,-148.11423984,-5.76410243496,-40.622833882,40.622833882,25.1218975873
1349,1,90,negative,0.138092372237,-0.147985737865,-0.00593559368801,138.092372237,-147.985737865,-5.93559368801,-40.4943319072,40.4943319072,24.9504063343
1350,0,90,negative,0.138092372237,-0.14811423984,-0.00576410243496,138.092372237,-148.11423984,-5.76410243496,-40.622833882,40.622833882,25.1218975873
1350,1,90,negative,0.138092372237,-0.148756629484,-0.00482482542738,138.092372237,-148.756629484,-4.82482542738,-41.2652235256,41.2652235256,26.0611745949
1351,0,90,negative,0.138092372237,-0.144462003822,-0.0113620180865,138.092372237,-144.462003822,-11.3620180865,-36.9705978644,36.9705978644,19.5239819357
1351,1,90,negative,0.138092372237,-0.144206504118,-0.0117379045017,138.092372237,-144.206504118,-11.7379045017,-36.7150981602,36.7150981602,19.1480955206
1352,0,90,negative,0.138092372237,-0.144462003822,-0.0113620180865,138.092372237,-144.462003822,-11.3620180865,-36.9705978644,36.9705978644,19.5239819357
1352,1,90,negative,0.138092372237,-0.14447821918,-0.0113417203504,138.092372237,-144.47821918,-11.3417203504,-36.9868132218,36.9868132218,19.5442796719
1353,0,90,negative,0.138092372237,-0.14447821918,-0.0113417203504,138.092372237,-144.47821918,-11.3417203504,-36.9868132218,36.9868132218,19.5442796719
1353,1,90,negative,0.138092372237,-0.144484332314,-0.0113328486645,138.092372237,-144.484332314,-11.3328486645,-36.992926356,36.992926356,19.5531513578
1354,0,90,negative,0.138092372237,-0.149155476416,-0.00414743321731,138.092372237,-149.155476416,-4.14743321731,-41.6640704585,41.6640704585,26.738566805
1354,1,90,negative,0.138092372237,-0.148756629484,-0.00482482542738,138.092372237,-148.756629484,-4.82482542738,-41.2652235256,41.2652235256,26.0611745949
1355,0,90,negative,0.138092372237,-0.149654521455,-0.003505152591,138.092372237,-149.654521455,-3.505152591,-42.1631154969,42.1631154969,27.3808474313
1355,1,90,negative,0.138092372237,-0.149205514116,-0.00405898417538,138.092372237,-149.205514116,-4.05898417538,-41.7141081581,41.7141081581,26.8270158469
1356,0,90,negative,0.138092372237,-0.149672695559,-0.00348588137174,138.092372237,-149.672695559,-3.48588137174,-42.1812896013,42.1812896013,27.4001186506
1356,1,90,negative,0.138092372237,-0.14969243366,-0.00346110212129,138.092372237,-149.69243366,-3.46110212129,-42.2010277022,42.2010277022,27.424897901
1357,0,90,negative,0.138092372237,-0.149654521455,-0.003505152591,138.092372237,-149.654521455,-3.505152591,-42.1631154969,42.1631154969,27.3808474313
1357,1,90,negative,0.138092372237,-0.149672695559,-0.00348588137174,138.092372237,-149.672695559,-3.48588137174,-42.1812896013,42.1812896013,27.4001186506
1358,0,90,negative,0.138092372237,-0.150256171721,-0.00257676550187,138.092372237,-150.256171721,-2.57676550187,-42.7647657632,42.7647657632,28.3092345204
1358,1,90,negative,0.138092372237,-0.14969243366,-0.00346110212129,138.092372237,-149.69243366,-3.46110212129,-42.2010277022,42.2010277022,27.424897901
1359,0,90,negative,0.138092372237,-0.149155476416,-0.00414743321731,138.092372237,-149.155476416,-4.14743321731,-41.6640704585,41.6640704585,26.738566805
1359,1,90,negative,0.138092372237,-0.149205514116,-0.00405898417538,138.092372237,-149.205514116,-4.05898417538,-41.7141081581,41.7141081581,26.8270158469
1360,0,90,negative,0.138092372237,-0.150256171721,-0.00257676550187,138.092372237,-150.256171721,-2.57676550187,-42.7647657632,42.7647657632,28.3092345204
1360,1,90,negative,0.138092372237,-0.150685162844,-0.00192257358328,138.092372237,-150.685162844,-1.92257358328,-43.1937568857,43.1937568857,28.963426439
1361,0,90,negative,0.138092372237,-0.127666116909,-0.0304182503897,138.092372237,-127.666116909,-30.4182503897,-20.1747109512,20.1747109512,0.467749632621
1361,1,90,negative,0.138092372237,-0.129808292489,-0.03041778571,138.092372237,-129.808292489,-30.41778571,-22.3168865313,22.3168865313,0.468214312311
1362,0,90,negative,0.138092372237,-0.127804871326,-0.0252754921112,138.092372237,-127.804871326,-25.2754921112,-20.3134653676,20.3134653676,5.61050791108
1362,1,90,negative,0.138092372237,-0.127260788435,-0.0252551224859,138.092372237,-127.260788435,-25.2551224859,-19.7693824767,19.7693824767,5.63087753643
1363,0,90,negative,0.138092372237,-0.126958578284,-0.0252760346187,138.092372237,-126.958578284,-25.2760346187,-19.4671723264,19.4671723264,5.60996540359
1363,1,90,negative,0.138092372237,-0.127260788435,-0.0252551224859,138.092372237,-127.260788435,-25.2551224859,-19.7693824767,19.7693824767,5.63087753643
1364,0,90,negative,0.138092372237,-0.128639157807,-0.0252007995184,138.092372237,-128.639157807,-25.2007995184,-21.1477518494,21.1477518494,5.68520050388
1364,1,90,negative,0.138092372237,-0.128155455292,-0.025257449412,138.092372237,-128.155455292,-25.257449412,-20.6640493342,20.6640493342,5.62855061031
1365,0,90,negative,0.138092372237,-0.129151127501,-0.0252377045399,138.092372237,-129.151127501,-25.2377045399,-21.6597215426,21.6597215426,5.64829548236
1365,1,90,negative,0.138092372237,-0.128639157807,-0.0252007995184,138.092372237,-128.639157807,-25.2007995184,-21.1477518494,21.1477518494,5.68520050388
1366,0,90,negative,0.138092372237,-0.129151127501,-0.0252377045399,138.092372237,-129.151127501,-25.2377045399,-21.6597215426,21.6597215426,5.64829548236
1366,1,90,negative,0.138092372237,-0.129292519694,-0.0252515170033,138.092372237,-129.292519694,-25.2515170033,-21.8011137361,21.8011137361,5.63448301896
1367,0,90,negative,0.138092372237,-0.127804871326,-0.0252754921112,138.092372237,-127.804871326,-25.2754921112,-20.3134653676,20.3134653676,5.61050791108
1367,1,90,negative,0.138092372237,-0.12805185443,-0.0252781846324,138.092372237,-128.05185443,-25.2781846324,-20.5604484722,20.5604484722,5.60781538992
1368,0,90,negative,0.138092372237,-0.12805185443,-0.0252781846324,138.092372237,-128.05185443,-25.2781846324,-20.5604484722,20.5604484722,5.60781538992
1368,1,90,negative,0.138092372237,-0.128155455292,-0.025257449412,138.092372237,-128.155455292,-25.257449412,-20.6640493342,20.6640493342,5.62855061031
1369,0,90,negative,0.138092372237,-0.138772655928,-0.0280692300042,138.092372237,-138.772655928,-28.0692300042,-31.2812499695,31.2812499695,2.81677001807
1369,1,90,negative,0.138092372237,-0.139446132968,-0.0272678192256,138.092372237,-139.446132968,-27.2678192256,-31.9547270099,31.9547270099,3.61818079667
1370,0,90,negative,0.138092372237,-0.139964828496,-0.0265928072781,138.092372237,-139.964828496,-26.5928072781,-32.4734225382,32.4734225382,4.29319274414
1370,1,90,negative,0.138092372237,-0.140300474365,-0.0261182776715,138.092372237,-140.300474365,-26.1182776715,-32.8090684068,32.8090684068,4.76772235076
1371,0,90,negative,0.138092372237,-0.140741029228,-0.0254491206089,138.092372237,-140.741029228,-25.4491206089,-33.2496232699,33.2496232699,5.43687941342
1371,1,90,negative,0.138092372237,-0.140300474365,-0.0261182776715,138.092372237,-140.300474365,-26.1182776715,-32.8090684068,32.8090684068,4.76772235076
1372,0,90,negative,0.138092372237,-0.140741029228,-0.0254491206089,138.092372237,-140.741029228,-25.4491206089,-33.2496232699,33.2496232699,5.43687941342
1372,1,90,negative,0.138092372237,-0.14096201426,-0.0251271613996,138.092372237,-140.96201426,-25.1271613996,-33.4706083016,33.4706083016,5.7588386227
1373,0,90,negative,0.138092372237,-0.141557423819,-0.0242121807947,138.092372237,-141.557423819,-24.2121807947,-34.066017861,34.066017861,6.67381922756
1373,1,90,negative,0.138092372237,-0.14096201426,-0.0251271613996,138.092372237,-140.96201426,-25.1271613996,-33.4706083016,33.4706083016,5.7588386227
1374,0,90,negative,0.138092372237,-0.139964828496,-0.0265928072781,138.092372237,-139.964828496,-26.5928072781,-32.4734225382,32.4734225382,4.29319274414
1374,1,90,negative,0.138092372237,-0.139446132968,-0.0272678192256,138.092372237,-139.446132968,-27.2678192256,-31.9547270099,31.9547270099,3.61818079667
1375,0,90,negative,0.138092372237,-0.144839523708,-0.0190157051129,138.092372237,-144.839523708,-19.0157051129,-37.3481177499,37.3481177499,11.8702949094
1375,1,90,negative,0.138092372237,-0.144950324491,-0.0188480123055,138.092372237,-144.950324491,-18.8480123055,-37.4589185333,37.4589185333,12.0379877168
1376,0,90,negative,0.138092372237,-0.141557423819,-0.0242121807947,138.092372237,-141.557423819,-24.2121807947,-34.066017861,34.066017861,6.67381922756
1376,1,90,negative,0.138092372237,-0.141673099287,-0.0240373195647,138.092372237,-141.673099287,-24.0373195647,-34.1816933286,34.1816933286,6.84868045761
1377,0,90,negative,0.138092372237,-0.139191165653,-0.0192647696398,138.092372237,-139.191165653,-19.2647696398,-31.6997596952,31.6997596952,11.6212303825
1377,1,90,negative,0.138092372237,-0.138647891436,-0.0201139166159,138.092372237,-138.647891436,-20.1139166159,-31.1564854781,31.1564854781,10.7720834064
1378,0,90,negative,0.138092372237,-0.141673099287,-0.0240373195647,138.092372237,-141.673099287,-24.0373195647,-34.1816933286,34.1816933286,6.84868045761
1378,1,90,negative,0.138092372237,-0.141938262577,-0.0236133260357,138.092372237,-141.938262577,-23.6133260357,-34.4468566187,34.4468566187,7.27267398661
1379,0,90,negative,0.138092372237,-0.142586813889,-0.0225972937335,138.092372237,-142.586813889,-22.5972937335,-35.0954079311,35.0954079311,8.2887062888
1379,1,90,negative,0.138092372237,-0.141938262577,-0.0236133260357,138.092372237,-141.938262577,-23.6133260357,-34.4468566187,34.4468566187,7.27267398661
1380,0,90,negative,0.138092372237,-0.142675196364,-0.0224723567704,138.092372237,-142.675196364,-22.4723567704,-35.1837904062,35.1837904062,8.41364325191
1380,1,90,negative,0.138092372237,-0.143010308669,-0.0218907162013,138.092372237,-143.010308669,-21.8907162013,-35.5189027115,35.5189027115,8.99528382102
1381,0,90,negative,0.138092372237,-0.142675196364,-0.0224723567704,138.092372237,-142.675196364,-22.4723567704,-35.1837904062,35.1837904062,8.41364325191
1381,1,90,negative,0.138092372237,-0.142586813889,-0.0225972937335,138.092372237,-142.586813889,-22.5972937335,-35.0954079311,35.0954079311,8.2887062888
1382,0,90,negative,0.138092372237,-0.143695128977,-0.0208165843805,138.092372237,-143.695128977,-20.8165843805,-36.2037230187,36.2037230187,10.0694156418
1382,1,90,negative,0.138092372237,-0.143993511145,-0.0203229157021,138.092372237,-143.993511145,-20.3229157021,-36.5021051872,36.5021051872,10.5630843202
1383,0,90,negative,0.138092372237,-0.143520391984,-0.0211015743444,138.092372237,-143.520391984,-21.1015743444,-36.028986026,36.028986026,9.7844256779
1383,1,90,negative,0.138092372237,-0.143695128977,-0.0208165843805,138.092372237,-143.695128977,-20.8165843805,-36.2037230187,36.2037230187,10.0694156418
1384,0,90,negative,0.138092372237,-0.143520391984,-0.0211015743444,138.092372237,-143.520391984,-21.1015743444,-36.028986026,36.028986026,9.7844256779
1384,1,90,negative,0.138092372237,-0.143010308669,-0.0218907162013,138.092372237,-143.010308669,-21.8907162013,-35.5189027115,35.5189027115,8.99528382102
1385,0,90,negative,0.138092372237,-0.144736598673,-0.0191711158382,138.092372237,-144.736598673,-19.1711158382,-37.2451927152,37.2451927152,11.7148841841
1385,1,90,negative,0.138092372237,-0.144839523708,-0.0190157051129,138.092372237,-144.839523708,-19.0157051129,-37.3481177499,37.3481177499,11.8702949094
1386,0,90,negative,0.138092372237,-0.144736598673,-0.0191711158382,138.092372237,-144.736598673,-19.1711158382,-37.2451927152,37.2451927152,11.7148841841
1386,1,90,negative,0.138092372237,-0.144210925304,-0.0199312964334,138.092372237,-144.210925304,-19.9312964334,-36.7195193463,36.7195193463,10.9547035889
1387,0,90,negative,0.138092372237,-0.144210925304,-0.0199312964334,138.092372237,-144.210925304,-19.9312964334,-36.7195193463,36.7195193463,10.9547035889
1387,1,90,negative,0.138092372237,-0.143993511145,-0.0203229157021,138.092372237,-143.993511145,-20.3229157021,-36.5021051872,36.5021051872,10.5630843202
1388,0,90,negative,0.138092372237,-0.140483333272,-0.0173887861788,138.092372237,-140.483333272,-17.3887861788,-32.9919273144,32.9919273144,13.4972138435
1388,1,90,negative,0.138092372237,-0.14009850051,-0.0180439167545,138.092372237,-140.09850051,-18.0439167545,-32.6070945522,32.6070945522,12.8420832678
1389,0,90,negative,0.138092372237,-0.139482746561,-0.0188179858023,138.092372237,-139.482746561,-18.8179858023,-31.9913406026,31.9913406026,12.06801422
1389,1,90,negative,0.138092372237,-0.139211894304,-0.0192293890421,138.092372237,-139.211894304,-19.2293890421,-31.7204883465,31.7204883465,11.6566109802
1390,0,90,negative,0.138092372237,-0.139923616177,-0.0183224653643,138.092372237,-139.923616177,-18.3224653643,-32.4322102186,32.4322102186,12.563534658
1390,1,90,negative,0.138092372237,-0.139482746561,-0.0188179858023,138.092372237,-139.482746561,-18.8179858023,-31.9913406026,31.9913406026,12.06801422
1391,0,90,negative,0.138092372237,-0.139191165653,-0.0192647696398,138.092372237,-139.191165653,-19.2647696398,-31.6997596952,31.6997596952,11.6212303825
1391,1,90,negative,0.138092372237,-0.139211894304,-0.0192293890421,138.092372237,-139.211894304,-19.2293890421,-31.7204883465,31.7204883465,11.6566109802
1392,0,90,negative,0.138092372237,-0.139923616177,-0.0183224653643,138.092372237,-139.923616177,-18.3224653643,-32.4322102186,32.4322102186,12.563534658
1392,1,90,negative,0.138092372237,-0.139961847232,-0.0182603128998,138.092372237,-139.961847232,-18.2603128998,-32.4704412745,32.4704412745,12.6256871225
1393,0,90,negative,0.138092372237,-0.139961847232,-0.0182603128998,138.092372237,-139.961847232,-18.2603128998,-32.4704412745,32.4704412745,12.6256871225
1393,1,90,negative,0.138092372237,-0.14009850051,-0.0180439167545,138.092372237,-140.09850051,-18.0439167545,-32.6070945522,32.6070945522,12.8420832678
1394,0,90,negative,0.138092372237,-0.140640134581,-0.0171992566244,138.092372237,-140.640134581,-17.1992566244,-33.1487286231,33.1487286231,13.6867433978
1394,1,90,negative,0.138092372237,-0.140483333272,-0.0173887861788,138.092372237,-140.483333272,-17.3887861788,-32.9919273144,32.9919273144,13.4972138435
1395,0,90,negative,0.138092372237,-0.141926590055,-0.0155859915853,138.092372237,-141.926590055,-15.5859915853,-34.4351840974,34.4351840974,15.300008437
1395,1,90,negative,0.138092372237,-0.141548896428,-0.0160790168244,138.092372237,-141.548896428,-16.0790168244,-34.0574904701,34.0574904701,14.8069831979
1396,0,90,negative,0.138092372237,-0.141926590055,-0.0155859915853,138.092372237,-141.926590055,-15.5859915853,-34.4351840974,34.4351840974,15.300008437
1396,1,90,negative,0.138092372237,-0.142108472256,-0.0154121051631,138.092372237,-142.108472256,-15.4121051631,-34.6170662979,34.6170662979,15.4738948592
1397,0,90,negative,0.138092372237,-0.142108472256,-0.0154121051631,138.092372237,-142.108472256,-15.4121051631,-34.6170662979,34.6170662979,15.4738948592
1397,1,90,negative,0.138092372237,-0.142197989876,-0.0152734951119,138.092372237,-142.197989876,-15.2734951119,-34.706583918,34.706583918,15.6125049104
1398,0,90,negative,0.138092372237,-0.142549332279,-0.0147736367095,138.092372237,-142.549332279,-14.7736367095,-35.0579263211,35.0579263211,16.1123633128
1398,1,90,negative,0.138092372237,-0.142197989876,-0.0152734951119,138.092372237,-142.197989876,-15.2734951119,-34.706583918,34.706583918,15.6125049104
1399,0,90,negative,0.138092372237,-0.142549332279,-0.0147736367095,138.092372237,-142.549332279,-14.7736367095,-35.0579263211,35.0579263211,16.1123633128
1399,1,90,negative,0.138092372237,-0.142581139929,-0.0147362962031,138.092372237,-142.581139929,-14.7362962031,-35.0897339712,35.0897339712,16.1497038192
1400,0,90,negative,0.138092372237,-0.141403867037,-0.0162661375603,138.092372237,-141.403867037,-16.2661375603,-33.9124610793,33.9124610793,14.619862462
1400,1,90,negative,0.138092372237,-0.141526512746,-0.0161102871209,138.092372237,-141.526512746,-16.1102871209,-34.0351067882,34.0351067882,14.7757129014
1401,0,90,negative,0.138092372237,-0.141403867037,-0.0162661375603,138.092372237,-141.403867037,-16.2661375603,-33.9124610793,33.9124610793,14.619862462
1401,1,90,negative,0.138092372237,-0.140640134581,-0.0171992566244,138.092372237,-140.640134581,-17.1992566244,-33.1487286231,33.1487286231,13.6867433978
1402,0,90,negative,0.138092372237,-0.141526512746,-0.0161102871209,138.092372237,-141.526512746,-16.1102871209,-34.0351067882,34.0351067882,14.7757129014
1402,1,90,negative,0.138092372237,-0.141548896428,-0.0160790168244,138.092372237,-141.548896428,-16.0790168244,-34.0574904701,34.0574904701,14.8069831979
1403,0,90,negative,0.138092372237,-0.134068246648,-0.0302320356988,138.092372237,-134.068246648,-30.2320356988,-26.5768406897,26.5768406897,0.65396432353
1403,1,90,negative,0.138092372237,-0.134125942301,-0.0302254579219,138.092372237,-134.125942301,-30.2254579219,-26.6345363426,26.6345363426,0.660542100388
1404,0,90,negative,0.138092372237,-0.134068246648,-0.0302320356988,138.092372237,-134.068246648,-30.2320356988,-26.5768406897,26.5768406897,0.65396432353
1404,1,90,negative,0.138092372237,-0.132614600705,-0.030326798388,138.092372237,-132.614600705,-30.326798388,-25.1231947467,25.1231947467,0.559201634297
1405,0,90,negative,0.138092372237,-0.137528357038,-0.0294608473787,138.092372237,-137.528357038,-29.4608473787,-30.0369510796,30.0369510796,1.42515264355
1405,1,90,negative,0.138092372237,-0.137794452662,-0.0292314579703,138.092372237,-137.794452662,-29.2314579703,-30.3030467039,30.3030467039,1.654542052
1406,0,90,negative,0.138092372237,-0.137528357038,-0.0294608473787,138.092372237,-137.528357038,-29.4608473787,-30.0369510796,30.0369510796,1.42515264355
1406,1,90,negative,0.138092372237,-0.137410174301,-0.0295727726286,138.092372237,-137.410174301,-29.5727726286,-29.9187683429,29.9187683429,1.31322739374
1407,0,90,negative,0.138092372237,-0.136331400932,-0.0299643114992,138.092372237,-136.331400932,-29.9643114992,-28.8399949744,28.8399949744,0.92168852307
1407,1,90,negative,0.138092372237,-0.136731813737,-0.0298614744156,138.092372237,-136.731813737,-29.8614744156,-29.240407779,29.240407779,1.02452560668
1408,0,90,negative,0.138092372237,-0.136731813737,-0.0298614744156,138.092372237,-136.731813737,-29.8614744156,-29.240407779,29.240407779,1.02452560668
1408,1,90,negative,0.138092372237,-0.136999221098,-0.0297425172475,138.092372237,-136.999221098,-29.7425172475,-29.5078151404,29.5078151404,1.14348277479
1409,0,90,negative,0.138092372237,-0.137249855181,-0.0296600021809,138.092372237,-137.249855181,-29.6600021809,-29.7584492232,29.7584492232,1.22599784138
1409,1,90,negative,0.138092372237,-0.136999221098,-0.0297425172475,138.092372237,-136.999221098,-29.7425172475,-29.5078151404,29.5078151404,1.14348277479
1410,0,90,negative,0.138092372237,-0.137410174301,-0.0295727726286,138.092372237,-137.410174301,-29.5727726286,-29.9187683429,29.9187683429,1.31322739374
1410,1,90,negative,0.138092372237,-0.137249855181,-0.0296600021809,138.092372237,-137.249855181,-29.6600021809,-29.7584492232,29.7584492232,1.22599784138
1411,0,90,negative,0.138092372237,-0.134730886852,-0.030145956906,138.092372237,-134.730886852,-30.145956906,-27.239480894,27.239480894,0.740043116301
1411,1,90,negative,0.138092372237,-0.134125942301,-0.0302254579219,138.092372237,-134.125942301,-30.2254579219,-26.6345363426,26.6345363426,0.660542100388
1412,0,90,negative,0.138092372237,-0.135129697576,-0.0300690639082,138.092372237,-135.129697576,-30.0690639082,-27.6382916182,27.6382916182,0.816936114141
1412,1,90,negative,0.138092372237,-0.134730886852,-0.030145956906,138.092372237,-134.730886852,-30.145956906,-27.239480894,27.239480894,0.740043116301
1413,0,90,negative,0.138092372237,-0.135577660041,-0.0300202611642,138.092372237,-135.577660041,-30.0202611642,-28.0862540834,28.0862540834,0.865738858081
1413,1,90,negative,0.138092372237,-0.136331400932,-0.0299643114992,138.092372237,-136.331400932,-29.9643114992,-28.8399949744,28.8399949744,0.92168852307
1414,0,90,negative,0.138092372237,-0.135577660041,-0.0300202611642,138.092372237,-135.577660041,-30.0202611642,-28.0862540834,28.0862540834,0.865738858081
1414,1,90,negative,0.138092372237,-0.135129697576,-0.0300690639082,138.092372237,-135.129697576,-30.0690639082,-27.6382916182,27.6382916182,0.816936114141
1415,0,90,negative,0.138092372237,-0.133360783988,-0.0259520339157,138.092372237,-133.360783988,-25.9520339157,-25.8693780299,25.8693780299,4.93396610657
1415,1,90,negative,0.138092372237,-0.133286142094,-0.0260187790636,138.092372237,-133.286142094,-26.0187790636,-25.7947361365,25.7947361365,4.86722095869
1416,0,90,negative,0.138092372237,-0.133286142094,-0.0260187790636,138.092372237,-133.286142094,-26.0187790636,-25.7947361365,25.7947361365,4.86722095869
1416,1,90,negative,0.138092372237,-0.132566637683,-0.0259153728072,138.092372237,-132.566637683,-25.9153728072,-25.0752317246,25.0752317246,4.97062721509
1417,0,90,negative,0.138092372237,-0.132390409862,-0.0258951801895,138.092372237,-132.390409862,-25.8951801895,-24.8990039045,24.8990039045,4.99081983274
1417,1,90,negative,0.138092372237,-0.132566637683,-0.0259153728072,138.092372237,-132.566637683,-25.9153728072,-25.0752317246,25.0752317246,4.97062721509
1418,0,90,negative,0.138092372237,-0.137794452662,-0.0292314579703,138.092372237,-137.794452662,-29.2314579703,-30.3030467039,30.3030467039,1.654542052
1418,1,90,negative,0.138092372237,-0.138017981657,-0.0289860730224,138.092372237,-138.017981657,-28.9860730224,-30.5265756987,30.5265756987,1.89992699987
1419,0,90,negative,0.138092372237,-0.134213400006,-0.0257259723887,138.092372237,-134.213400006,-25.7259723887,-26.7219940479,26.7219940479,5.16002763355
1419,1,90,negative,0.138092372237,-0.133746412625,-0.025858074046,138.092372237,-133.746412625,-25.858074046,-26.2550066675,26.2550066675,5.02792597629
1420,0,90,negative,0.138092372237,-0.13434525132,-0.0255911645249,138.092372237,-134.34525132,-25.5911645249,-26.8538453625,26.8538453625,5.29483549741
1420,1,90,negative,0.138092372237,-0.134213400006,-0.0257259723887,138.092372237,-134.213400006,-25.7259723887,-26.7219940479,26.7219940479,5.16002763355
1421,0,90,negative,0.138092372237,-0.134950237572,-0.0248851341992,138.092372237,-134.950237572,-24.8851341992,-27.4588316145,27.4588316145,6.00086582306
1421,1,90,negative,0.138092372237,-0.134741958322,-0.0252122387602,138.092372237,-134.741958322,-25.2122387602,-27.2505523641,27.2505523641,5.67376126212
1422,0,90,negative,0.138092372237,-0.134950237572,-0.0248851341992,138.092372237,-134.950237572,-24.8851341992,-27.4588316145,27.4588316145,6.00086582306
1422,1,90,negative,0.138092372237,-0.135216159171,-0.0245465477444,138.092372237,-135.216159171,-24.5465477444,-27.7247532131,27.7247532131,6.33945227791
1423,0,90,negative,0.138092372237,-0.13434525132,-0.0255911645249,138.092372237,-134.34525132,-25.5911645249,-26.8538453625,26.8538453625,5.29483549741
1423,1,90,negative,0.138092372237,-0.134741958322,-0.0252122387602,138.092372237,-134.741958322,-25.2122387602,-27.2505523641,27.2505523641,5.67376126212
1424,0,90,negative,0.138092372237,-0.133438430409,-0.0259432446402,138.092372237,-133.438430409,-25.9432446402,-25.9470244505,25.9470244505,4.94275538208
1424,1,90,negative,0.138092372237,-0.133746412625,-0.025858074046,138.092372237,-133.746412625,-25.858074046,-26.2550066675,26.2550066675,5.02792597629
1425,0,90,negative,0.138092372237,-0.133360783988,-0.0259520339157,138.092372237,-133.360783988,-25.9520339157,-25.8693780299,25.8693780299,4.93396610657
1425,1,90,negative,0.138092372237,-0.133438430409,-0.0259432446402,138.092372237,-133.438430409,-25.9432446402,-25.9470244505,25.9470244505,4.94275538208
1426,0,90,negative,0.138092372237,-0.131121175492,-0.0304109215632,138.092372237,-131.121175492,-30.4109215632,-23.6297695342,23.6297695342,0.475078459078
1426,1,90,negative,0.138092372237,-0.131889654422,-0.0303473500935,138.092372237,-131.889654422,-30.3473500935,-24.3982484641,24.3982484641,0.538649928813
1427,0,90,negative,0.138092372237,-0.131889654422,-0.0303473500935,138.092372237,-131.889654422,-30.3473500935,-24.3982484641,24.3982484641,0.538649928813
1427,1,90,negative,0.138092372237,-0.132614600705,-0.030326798388,138.092372237,-132.614600705,-30.326798388,-25.1231947467,25.1231947467,0.559201634297
1428,0,90,negative,0.138092372237,-0.131121175492,-0.0304109215632,138.092372237,-131.121175492,-30.4109215632,-23.6297695342,23.6297695342,0.475078459078
1428,1,90,negative,0.138092372237,-0.13067017834,-0.0304284577533,138.092372237,-130.67017834,-30.4284577533,-23.1787723817,23.1787723817,0.457542269003
1429,0,90,negative,0.138092372237,-0.130554170886,-0.0304312145652,138.092372237,-130.554170886,-30.4312145652,-23.0627649282,23.0627649282,0.454785457106
1429,1,90,negative,0.138092372237,-0.129808292489,-0.03041778571,138.092372237,-129.808292489,-30.41778571,-22.3168865313,22.3168865313,0.468214312311
1430,0,90,negative,0.138092372237,-0.13067017834,-0.0304284577533,138.092372237,-130.67017834,-30.4284577533,-23.1787723817,23.1787723817,0.457542269003
1430,1,90,negative,0.138092372237,-0.130554170886,-0.0304312145652,138.092372237,-130.554170886,-30.4312145652,-23.0627649282,23.0627649282,0.454785457106
1431,0,90,negative,0.138092372237,-0.127666116909,-0.0304182503897,138.092372237,-127.666116909,-30.4182503897,-20.1747109512,20.1747109512,0.467749632621
1431,1,90,negative,0.138092372237,-0.127298067925,-0.0304234926973,138.092372237,-127.298067925,-30.4234926973,-19.8066619668,19.8066619668,0.462507324996
1432,0,90,negative,0.138092372237,-0.127298067925,-0.0304234926973,138.092372237,-127.298067925,-30.4234926973,-19.8066619668,19.8066619668,0.462507324996
1432,1,90,negative,0.138092372237,-0.127198090201,-0.0304238547707,138.092372237,-127.198090201,-30.4238547707,-19.7066842433,19.7066842433,0.462145251571
1433,0,90,negative,0.138092372237,-0.13099918176,-0.0257560467574,138.092372237,-130.99918176,-25.7560467574,-23.5077758024,23.5077758024,5.12995326485
1433,1,90,negative,0.138092372237,-0.130699109976,-0.0257470572743,138.092372237,-130.699109976,-25.7470572743,-23.207704018,23.207704018,5.13894274799
1434,0,90,negative,0.138092372237,-0.131472588401,-0.0257994592724,138.092372237,-131.472588401,-25.7994592724,-23.9811824433,23.9811824433,5.08654074989
1434,1,90,negative,0.138092372237,-0.131460803341,-0.0258026351505,138.092372237,-131.460803341,-25.8026351505,-23.9693973828,23.9693973828,5.08336487178
1435,0,90,negative,0.138092372237,-0.13099918176,-0.0257560467574,138.092372237,-130.99918176,-25.7560467574,-23.5077758024,23.5077758024,5.12995326485
1435,1,90,negative,0.138092372237,-0.131460803341,-0.0258026351505,138.092372237,-131.460803341,-25.8026351505,-23.9693973828,23.9693973828,5.08336487178
1436,0,90,negative,0.138092372237,-0.130421353844,-0.0256762504133,138.092372237,-130.421353844,-25.6762504133,-22.9299478858,22.9299478858,5.20974960895
1436,1,90,negative,0.138092372237,-0.130138749089,-0.0254932791953,138.092372237,-130.138749089,-25.4932791953,-22.647343131,22.647343131,5.39272082704
1437,0,90,negative,0.138092372237,-0.130421353844,-0.0256762504133,138.092372237,-130.421353844,-25.6762504133,-22.9299478858,22.9299478858,5.20974960895
1437,1,90,negative,0.138092372237,-0.130699109976,-0.0257470572743,138.092372237,-130.699109976,-25.7470572743,-23.207704018,23.207704018,5.13894274799
1438,0,90,negative,0.138092372237,-0.130138749089,-0.0254932791953,138.092372237,-130.138749089,-25.4932791953,-22.647343131,22.647343131,5.39272082704
1438,1,90,negative,0.138092372237,-0.129504055286,-0.0253203873811,138.092372237,-129.504055286,-25.3203873811,-22.0126493276,22.0126493276,5.56561264116
1439,0,90,negative,0.138092372237,-0.129386995383,-0.0253032438907,138.092372237,-129.386995383,-25.3032438907,-21.8955894252,21.8955894252,5.58275613156
1439,1,90,negative,0.138092372237,-0.129504055286,-0.0253203873811,138.092372237,-129.504055286,-25.3203873811,-22.0126493276,22.0126493276,5.56561264116
1440,0,90,negative,0.138092372237,-0.132211015003,-0.0259076164643,138.092372237,-132.211015003,-25.9076164643,-24.7196090449,24.7196090449,4.97838355803
1440,1,90,negative,0.138092372237,-0.131856819935,-0.0258154332666,138.092372237,-131.856819935,-25.8154332666,-24.365413977,24.365413977,5.07056675567
1441,0,90,negative,0.138092372237,-0.131472588401,-0.0257994592724,138.092372237,-131.472588401,-25.7994592724,-23.9811824433,23.9811824433,5.08654074989
1441,1,90,negative,0.138092372237,-0.131856819935,-0.0258154332666,138.092372237,-131.856819935,-25.8154332666,-24.365413977,24.365413977,5.07056675567
1442,0,90,negative,0.138092372237,-0.132211015003,-0.0259076164643,138.092372237,-132.211015003,-25.9076164643,-24.7196090449,24.7196090449,4.97838355803
1442,1,90,negative,0.138092372237,-0.132390409862,-0.0258951801895,138.092372237,-132.390409862,-25.8951801895,-24.8990039045,24.8990039045,4.99081983274
1443,0,90,negative,0.138092372237,-0.129338938226,-0.0252739727676,138.092372237,-129.338938226,-25.2739727676,-21.8475322683,21.8475322683,5.61202725468
1443,1,90,negative,0.138092372237,-0.129386995383,-0.0253032438907,138.092372237,-129.386995383,-25.3032438907,-21.8955894252,21.8955894252,5.58275613156
1444,0,90,negative,0.138092372237,-0.129292519694,-0.0252515170033,138.092372237,-129.292519694,-25.2515170033,-21.8011137361,21.8011137361,5.63448301896
1444,1,90,negative,0.138092372237,-0.129338938226,-0.0252739727676,138.092372237,-129.338938226,-25.2739727676,-21.8475322683,21.8475322683,5.61202725468
1445,0,90,negative,0.138092372237,-0.138164648454,-0.0287490511238,138.092372237,-138.164648454,-28.7490511238,-30.6732424961,30.6732424961,2.13694889845
1445,1,90,negative,0.138092372237,-0.13862185279,-0.0282171765486,138.092372237,-138.62185279,-28.2171765486,-31.1304468318,31.1304468318,2.6688234737
1446,0,90,negative,0.138092372237,-0.138772655928,-0.0280692300042,138.092372237,-138.772655928,-28.0692300042,-31.2812499695,31.2812499695,2.81677001807
1446,1,90,negative,0.138092372237,-0.13862185279,-0.0282171765486,138.092372237,-138.62185279,-28.2171765486,-31.1304468318,31.1304468318,2.6688234737
1447,0,90,negative,0.138092372237,-0.138164648454,-0.0287490511238,138.092372237,-138.164648454,-28.7490511238,-30.6732424961,30.6732424961,2.13694889845
1447,1,90,negative,0.138092372237,-0.138017981657,-0.0289860730224,138.092372237,-138.017981657,-28.9860730224,-30.5265756987,30.5265756987,1.89992699987
1448,0,90,negative,0.138092372237,-0.13649586374,-0.0228864676227,138.092372237,-136.49586374,-22.8864676227,-29.0044577818,29.0044577818,7.99953239959
1448,1,90,negative,0.138092372237,-0.136418343677,-0.0229147012789,138.092372237,-136.418343677,-22.9147012789,-28.9269377185,28.9269377185,7.97129874344
1449,0,90,negative,0.138092372237,-0.136678038533,-0.0227938802123,138.092372237,-136.678038533,-22.7938802123,-29.1866325746,29.1866325746,8.09211981
1449,1,90,negative,0.138092372237,-0.13649586374,-0.0228864676227,138.092372237,-136.49586374,-22.8864676227,-29.0044577818,29.0044577818,7.99953239959
1450,0,90,negative,0.138092372237,-0.136418343677,-0.0229147012789,138.092372237,-136.418343677,-22.9147012789,-28.9269377185,28.9269377185,7.97129874344
1450,1,90,negative,0.138092372237,-0.136161735771,-0.0230864054966,138.092372237,-136.161735771,-23.0864054966,-28.6703298126,28.6703298126,7.79959452568
1451,0,90,negative,0.138092372237,-0.135752254298,-0.0233552313592,138.092372237,-135.752254298,-23.3552313592,-28.2608483399,28.2608483399,7.53076866309
1451,1,90,negative,0.138092372237,-0.135903128038,-0.0231923168995,138.092372237,-135.903128038,-23.1923168995,-28.4117220798,28.4117220798,7.69368312281
1452,0,90,negative,0.138092372237,-0.135903128038,-0.0231923168995,138.092372237,-135.903128038,-23.1923168995,-28.4117220798,28.4117220798,7.69368312281
1452,1,90,negative,0.138092372237,-0.136161735771,-0.0230864054966,138.092372237,-136.161735771,-23.0864054966,-28.6703298126,28.6703298126,7.79959452568
1453,0,90,negative,0.138092372237,-0.136678038533,-0.0227938802123,138.092372237,-136.678038533,-22.7938802123,-29.1866325746,29.1866325746,8.09211981
1453,1,90,negative,0.138092372237,-0.136829073972,-0.0226985029383,138.092372237,-136.829073972,-22.6985029383,-29.3376680144,29.3376680144,8.18749708398
1454,0,90,negative,0.138092372237,-0.135489191505,-0.023905500531,138.092372237,-135.489191505,-23.905500531,-27.997785547,27.997785547,6.98049949133
1454,1,90,negative,0.138092372237,-0.135472803781,-0.0239508040253,138.092372237,-135.472803781,-23.9508040253,-27.9813978228,27.9813978228,6.93519599699
1455,0,90,negative,0.138092372237,-0.135472803781,-0.0239508040253,138.092372237,-135.472803781,-23.9508040253,-27.9813978228,27.9813978228,6.93519599699
1455,1,90,negative,0.138092372237,-0.135467630209,-0.0239582578824,138.092372237,-135.467630209,-23.9582578824,-27.976224251,27.976224251,6.92774213985
1456,0,90,negative,0.138092372237,-0.135216159171,-0.0245465477444,138.092372237,-135.216159171,-24.5465477444,-27.7247532131,27.7247532131,6.33945227791
1456,1,90,negative,0.138092372237,-0.135467630209,-0.0239582578824,138.092372237,-135.467630209,-23.9582578824,-27.976224251,27.976224251,6.92774213985
1457,0,90,negative,0.138092372237,-0.135489191505,-0.023905500531,138.092372237,-135.489191505,-23.905500531,-27.997785547,27.997785547,6.98049949133
1457,1,90,negative,0.138092372237,-0.135752254298,-0.0233552313592,138.092372237,-135.752254298,-23.3552313592,-28.2608483399,28.2608483399,7.53076866309
1458,0,90,negative,0.138092372237,-0.136829073972,-0.0226985029383,138.092372237,-136.829073972,-22.6985029383,-29.3376680144,29.3376680144,8.18749708398
1458,1,90,negative,0.138092372237,-0.137047163912,-0.0224631373515,138.092372237,-137.047163912,-22.4631373515,-29.555757954,29.555757954,8.42286267078
1459,0,90,negative,0.138092372237,-0.138294150012,-0.0206756188101,138.092372237,-138.294150012,-20.6756188101,-30.8027440544,30.8027440544,10.2103812122
1459,1,90,negative,0.138092372237,-0.137850860838,-0.0214870583342,138.092372237,-137.850860838,-21.4870583342,-30.3594548802,30.3594548802,9.39894168813
1460,0,90,negative,0.138092372237,-0.137689258839,-0.021710051788,138.092372237,-137.689258839,-21.710051788,-30.197852881,30.197852881,9.17594823429
1460,1,90,negative,0.138092372237,-0.137047163912,-0.0224631373515,138.092372237,-137.047163912,-22.4631373515,-29.555757954,29.555757954,8.42286267078
1461,0,90,negative,0.138092372237,-0.137689258839,-0.021710051788,138.092372237,-137.689258839,-21.710051788,-30.197852881,30.197852881,9.17594823429
1461,1,90,negative,0.138092372237,-0.137850860838,-0.0214870583342,138.092372237,-137.850860838,-21.4870583342,-30.3594548802,30.3594548802,9.39894168813
1462,0,90,negative,0.138092372237,-0.138294150012,-0.0206756188101,138.092372237,-138.294150012,-20.6756188101,-30.8027440544,30.8027440544,10.2103812122
1462,1,90,negative,0.138092372237,-0.13846830786,-0.0203616601758,138.092372237,-138.46830786,-20.3616601758,-30.976901902,30.976901902,10.5243398465
1463,0,90,negative,0.138092372237,-0.13846830786,-0.0203616601758,138.092372237,-138.46830786,-20.3616601758,-30.976901902,30.976901902,10.5243398465
1463,1,90,negative,0.138092372237,-0.138647891436,-0.0201139166159,138.092372237,-138.647891436,-20.1139166159,-31.1564854781,31.1564854781,10.7720834064
1464,0,90,negative,0.138092372237,-0.120831883533,-0.0304463910406,138.092372237,-120.831883533,-30.4463910406,-13.3404775753,13.3404775753,0.439608981689
1464,1,90,negative,0.138092372237,-0.12187229483,-0.0304872359204,138.092372237,-121.87229483,-30.4872359204,-14.3808888724,14.3808888724,0.398764101903
1465,0,90,negative,0.138092372237,-0.121311121652,-0.0254905473066,138.092372237,-121.311121652,-25.4905473066,-13.8197156938,13.8197156938,5.39545271571
1465,1,90,negative,0.138092372237,-0.120984778528,-0.025386341172,138.092372237,-120.984778528,-25.386341172,-13.4933725702,13.4933725702,5.49965885027
1466,0,90,negative,0.138092372237,-0.11828707734,-0.0304826739656,138.092372237,-118.28707734,-30.4826739656,-10.7956713825,10.7956713825,0.403326056704
1466,1,90,negative,0.138092372237,-0.118464080317,-0.0304877419327,138.092372237,-118.464080317,-30.4877419327,-10.9726743593,10.9726743593,0.39825808959
1467,0,90,negative,0.138092372237,-0.117755672753,-0.0304904584578,138.092372237,-117.755672753,-30.4904584578,-10.2642667952,10.2642667952,0.395541564495
1467,1,90,negative,0.138092372237,-0.11828707734,-0.0304826739656,138.092372237,-118.28707734,-30.4826739656,-10.7956713825,10.7956713825,0.403326056704
1468,0,90,negative,0.138092372237,-0.117755672753,-0.0304904584578,138.092372237,-117.755672753,-30.4904584578,-10.2642667952,10.2642667952,0.395541564495
1468,1,90,negative,0.138092372237,-0.116107655176,-0.0305315171816,138.092372237,-116.107655176,-30.5315171816,-8.61624921827,8.61624921827,0.354482840724
1469,0,90,negative,0.138092372237,-0.116107655176,-0.0305315171816,138.092372237,-116.107655176,-30.5315171816,-8.61624921827,8.61624921827,0.354482840724
1469,1,90,negative,0.138092372237,-0.115603127867,-0.0305453972103,138.092372237,-115.603127867,-30.5453972103,-8.11172190903,8.11172190903,0.340602811959
1470,0,90,negative,0.138092372237,-0.119469561183,-0.0305599254208,138.092372237,-119.469561183,-30.5599254208,-11.9781552246,11.9781552246,0.326074601509
1470,1,90,negative,0.138092372237,-0.119675118263,-0.0305580788988,138.092372237,-119.675118263,-30.5580788988,-12.1837123048,12.1837123048,0.327921123519
1471,0,90,negative,0.138092372237,-0.119469561183,-0.0305599254208,138.092372237,-119.469561183,-30.5599254208,-11.9781552246,11.9781552246,0.326074601509
1471,1,90,negative,0.138092372237,-0.118464080317,-0.0304877419327,138.092372237,-118.464080317,-30.4877419327,-10.9726743593,10.9726743593,0.39825808959
1472,0,90,negative,0.138092372237,-0.120520183318,-0.0304884915634,138.092372237,-120.520183318,-30.4884915634,-13.0287773596,13.0287773596,0.397508458872
1472,1,90,negative,0.138092372237,-0.120831883533,-0.0304463910406,138.092372237,-120.831883533,-30.4463910406,-13.3404775753,13.3404775753,0.439608981689
1473,0,90,negative,0.138092372237,-0.120520183318,-0.0304884915634,138.092372237,-120.520183318,-30.4884915634,-13.0287773596,13.0287773596,0.397508458872
1473,1,90,negative,0.138092372237,-0.119675118263,-0.0305580788988,138.092372237,-119.675118263,-30.5580788988,-12.1837123048,12.1837123048,0.327921123519
1474,0,90,negative,0.138092372237,-0.117608887241,-0.0253362193475,138.092372237,-117.608887241,-25.3362193475,-10.1174812834,10.1174812834,5.54978067476
1474,1,90,negative,0.138092372237,-0.117512343099,-0.0253320802676,138.092372237,-117.512343099,-25.3320802676,-10.0209371408,10.0209371408,5.55391975469
1475,0,90,negative,0.138092372237,-0.116449616247,-0.0252139929606,138.092372237,-116.449616247,-25.2139929606,-8.95821028907,8.95821028907,5.67200706168
1475,1,90,negative,0.138092372237,-0.116190601006,-0.0251596339372,138.092372237,-116.190601006,-25.1596339372,-8.69919504822,8.69919504822,5.72636608513
1476,0,90,negative,0.138092372237,-0.117512343099,-0.0253320802676,138.092372237,-117.512343099,-25.3320802676,-10.0209371408,10.0209371408,5.55391975469
1476,1,90,negative,0.138092372237,-0.117195802439,-0.0253330227575,138.092372237,-117.195802439,-25.3330227575,-9.70439648137,9.70439648137,5.55297726474
1477,0,90,negative,0.138092372237,-0.11686377726,-0.0253224669538,138.092372237,-116.86377726,-25.3224669538,-9.37237130221,9.37237130221,5.56353306854
1477,1,90,negative,0.138092372237,-0.117195802439,-0.0253330227575,138.092372237,-117.195802439,-25.3330227575,-9.70439648137,9.70439648137,5.55297726474
1478,0,90,negative,0.138092372237,-0.116809337694,-0.0253188480869,138.092372237,-116.809337694,-25.3188480869,-9.31793173589,9.31793173589,5.56715193539
1478,1,90,negative,0.138092372237,-0.11686377726,-0.0253224669538,138.092372237,-116.86377726,-25.3224669538,-9.37237130221,9.37237130221,5.56353306854
1479,0,90,negative,0.138092372237,-0.116449616247,-0.0252139929606,138.092372237,-116.449616247,-25.2139929606,-8.95821028907,8.95821028907,5.67200706168
1479,1,90,negative,0.138092372237,-0.116809337694,-0.0253188480869,138.092372237,-116.809337694,-25.3188480869,-9.31793173589,9.31793173589,5.56715193539
1480,0,90,negative,0.138092372237,-0.120311354039,-0.0251883907269,138.092372237,-120.311354039,-25.1883907269,-12.8199480806,12.8199480806,5.69760929541
1480,1,90,negative,0.138092372237,-0.120054476986,-0.0251626705914,138.092372237,-120.054476986,-25.1626705914,-12.5630710279,12.5630710279,5.72332943086
1481,0,90,negative,0.138092372237,-0.119612258607,-0.0251757894718,138.092372237,-119.612258607,-25.1757894718,-12.120852649,12.120852649,5.71021055048
1481,1,90,negative,0.138092372237,-0.119395972847,-0.0252036378601,138.092372237,-119.395972847,-25.2036378601,-11.9045668892,11.9045668892,5.68236216222
1482,0,90,negative,0.138092372237,-0.1190482409,-0.0252021897293,138.092372237,-119.0482409,-25.2021897293,-11.5568349419,11.5568349419,5.68381029304
1482,1,90,negative,0.138092372237,-0.118350981005,-0.025229922852,138.092372237,-118.350981005,-25.229922852,-10.8595750474,10.8595750474,5.6560771703
1483,0,90,negative,0.138092372237,-0.117608887241,-0.0253362193475,138.092372237,-117.608887241,-25.3362193475,-10.1174812834,10.1174812834,5.54978067476
1483,1,90,negative,0.138092372237,-0.118350981005,-0.025229922852,138.092372237,-118.350981005,-25.229922852,-10.8595750474,10.8595750474,5.6560771703
1484,0,90,negative,0.138092372237,-0.1190482409,-0.0252021897293,138.092372237,-119.0482409,-25.2021897293,-11.5568349419,11.5568349419,5.68381029304
1484,1,90,negative,0.138092372237,-0.119395972847,-0.0252036378601,138.092372237,-119.395972847,-25.2036378601,-11.9045668892,11.9045668892,5.68236216222
1485,0,90,negative,0.138092372237,-0.120311354039,-0.0251883907269,138.092372237,-120.311354039,-25.1883907269,-12.8199480806,12.8199480806,5.69760929541
1485,1,90,negative,0.138092372237,-0.120984778528,-0.025386341172,138.092372237,-120.984778528,-25.386341172,-13.4933725702,13.4933725702,5.49965885027
1486,0,90,negative,0.138092372237,-0.119612258607,-0.0251757894718,138.092372237,-119.612258607,-25.1757894718,-12.120852649,12.120852649,5.71021055048
1486,1,90,negative,0.138092372237,-0.120054476986,-0.0251626705914,138.092372237,-120.054476986,-25.1626705914,-12.5630710279,12.5630710279,5.72332943086
1487,0,90,negative,0.138092372237,-0.125513949834,-0.0303539712427,138.092372237,-125.513949834,-30.3539712427,-18.0225438757,18.0225438757,0.532028779595
1487,1,90,negative,0.138092372237,-0.126005866388,-0.0303439156247,138.092372237,-126.005866388,-30.3439156247,-18.5144604304,18.5144604304,0.542084397637
1488,0,90,negative,0.138092372237,-0.12474549523,-0.0304309604957,138.092372237,-124.74549523,-30.4309604957,-17.2540892719,17.2540892719,0.455039526632
1488,1,90,negative,0.138092372237,-0.125513949834,-0.0303539712427,138.092372237,-125.513949834,-30.3539712427,-18.0225438757,18.0225438757,0.532028779595
1489,0,90,negative,0.138092372237,-0.12474549523,-0.0304309604957,138.092372237,-124.74549523,-30.4309604957,-17.2540892719,17.2540892719,0.455039526632
1489,1,90,negative,0.138092372237,-0.124180651103,-0.0304785096984,138.092372237,-124.180651103,-30.4785096984,-16.6892451451,16.6892451451,0.40749032389
1490,0,90,negative,0.138092372237,-0.122612100781,-0.0304943227759,138.092372237,-122.612100781,-30.4943227759,-15.1206948228,15.1206948228,0.391677246392
1490,1,90,negative,0.138092372237,-0.124180651103,-0.0304785096984,138.092372237,-124.180651103,-30.4785096984,-16.6892451451,16.6892451451,0.40749032389
1491,0,90,negative,0.138092372237,-0.122612100781,-0.0304943227759,138.092372237,-122.612100781,-30.4943227759,-15.1206948228,15.1206948228,0.391677246392
1491,1,90,negative,0.138092372237,-0.12226392448,-0.0304930199243,138.092372237,-122.26392448,-30.4930199243,-14.7725185222,14.7725185222,0.392980097948
1492,0,90,negative,0.138092372237,-0.12226392448,-0.0304930199243,138.092372237,-122.26392448,-30.4930199243,-14.7725185222,14.7725185222,0.392980097948
1492,1,90,negative,0.138092372237,-0.12187229483,-0.0304872359204,138.092372237,-121.87229483,-30.4872359204,-14.3808888724,14.3808888724,0.398764101903
1493,0,90,negative,0.138092372237,-0.126005866388,-0.0303439156247,138.092372237,-126.005866388,-30.3439156247,-18.5144604304,18.5144604304,0.542084397637
1493,1,90,negative,0.138092372237,-0.127055081608,-0.0304176065603,138.092372237,-127.055081608,-30.4176065603,-19.56367565,19.56367565,0.468393462024
1494,0,90,negative,0.138092372237,-0.127143348963,-0.0304226609148,138.092372237,-127.143348963,-30.4226609148,-19.6519430046,19.6519430046,0.463339107506
1494,1,90,negative,0.138092372237,-0.127055081608,-0.0304176065603,138.092372237,-127.055081608,-30.4176065603,-19.56367565,19.56367565,0.468393462024
1495,0,90,negative,0.138092372237,-0.127198090201,-0.0304238547707,138.092372237,-127.198090201,-30.4238547707,-19.7066842433,19.7066842433,0.462145251571
1495,1,90,negative,0.138092372237,-0.127143348963,-0.0304226609148,138.092372237,-127.143348963,-30.4226609148,-19.6519430046,19.6519430046,0.463339107506
1496,0,90,negative,0.138092372237,-0.125311517332,-0.025397156657,138.092372237,-125.311517332,-25.397156657,-17.8201113738,17.8201113738,5.48884336528
1496,1,90,negative,0.138092372237,-0.12514948269,-0.0254126812638,138.092372237,-125.14948269,-25.4126812638,-17.6580767321,17.6580767321,5.47331875852
1497,0,90,negative,0.138092372237,-0.125716666765,-0.0253152219091,138.092372237,-125.716666765,-25.3152219091,-18.2252608069,18.2252608069,5.57077811316
1497,1,90,negative,0.138092372237,-0.125311517332,-0.025397156657,138.092372237,-125.311517332,-25.397156657,-17.8201113738,17.8201113738,5.48884336528
1498,0,90,negative,0.138092372237,-0.124493846061,-0.0252839192407,138.092372237,-124.493846061,-25.2839192407,-17.0024401027,17.0024401027,5.60208078155
1498,1,90,negative,0.138092372237,-0.124250278515,-0.0252308355789,138.092372237,-124.250278515,-25.2308355789,-16.7588725571,16.7588725571,5.65516444337
1499,0,90,negative,0.138092372237,-0.123753308356,-0.0252979476824,138.092372237,-123.753308356,-25.2979476824,-16.2619023981,16.2619023981,5.58805233991
1499,1,90,negative,0.138092372237,-0.124250278515,-0.0252308355789,138.092372237,-124.250278515,-25.2308355789,-16.7588725571,16.7588725571,5.65516444337
1500,0,90,negative,0.138092372237,-0.124493846061,-0.0252839192407,138.092372237,-124.493846061,-25.2839192407,-17.0024401027,17.0024401027,5.60208078155
1500,1,90,negative,0.138092372237,-0.12514948269,-0.0254126812638,138.092372237,-125.14948269,-25.4126812638,-17.6580767321,17.6580767321,5.47331875852
1501,0,90,negative,0.138092372237,-0.123753308356,-0.0252979476824,138.092372237,-123.753308356,-25.2979476824,-16.2619023981,16.2619023981,5.58805233991
1501,1,90,negative,0.138092372237,-0.123522309465,-0.025300596562,138.092372237,-123.522309465,-25.300596562,-16.0309035067,16.0309035067,5.58540346025
1502,0,90,negative,0.138092372237,-0.123273835866,-0.0253327887778,138.092372237,-123.273835866,-25.3327887778,-15.7824299083,15.7824299083,5.55321124452
1502,1,90,negative,0.138092372237,-0.123522309465,-0.025300596562,138.092372237,-123.522309465,-25.300596562,-16.0309035067,16.0309035067,5.58540346025
1503,0,90,negative,0.138092372237,-0.12295422333,-0.0252716153652,138.092372237,-122.95422333,-25.2716153652,-15.4628173717,15.4628173717,5.61438465709
1503,1,90,negative,0.138092372237,-0.122421471129,-0.0253656617803,138.092372237,-122.421471129,-25.3656617803,-14.9300651709,14.9300651709,5.52033824196
1504,0,90,negative,0.138092372237,-0.12295422333,-0.0252716153652,138.092372237,-122.95422333,-25.2716153652,-15.4628173717,15.4628173717,5.61438465709
1504,1,90,negative,0.138092372237,-0.123074510439,-0.0252645022903,138.092372237,-123.074510439,-25.2645022903,-15.5831044813,15.5831044813,5.62149773202
1505,0,90,negative,0.138092372237,-0.123074510439,-0.0252645022903,138.092372237,-123.074510439,-25.2645022903,-15.5831044813,15.5831044813,5.62149773202
1505,1,90,negative,0.138092372237,-0.123273835866,-0.0253327887778,138.092372237,-123.273835866,-25.3327887778,-15.7824299083,15.7824299083,5.55321124452
1506,0,90,negative,0.138092372237,-0.122387288901,-0.0253731893392,138.092372237,-122.387288901,-25.3731893392,-14.8958829429,14.8958829429,5.51281068308
1506,1,90,negative,0.138092372237,-0.121401570029,-0.0255082702271,138.092372237,-121.401570029,-25.5082702271,-13.9101640711,13.9101640711,5.37772979518
1507,0,90,negative,0.138092372237,-0.121311121652,-0.0254905473066,138.092372237,-121.311121652,-25.4905473066,-13.8197156938,13.8197156938,5.39545271571
1507,1,90,negative,0.138092372237,-0.121401570029,-0.0255082702271,138.092372237,-121.401570029,-25.5082702271,-13.9101640711,13.9101640711,5.37772979518
1508,0,90,negative,0.138092372237,-0.122387288901,-0.0253731893392,138.092372237,-122.387288901,-25.3731893392,-14.8958829429,14.8958829429,5.51281068308
1508,1,90,negative,0.138092372237,-0.122421471129,-0.0253656617803,138.092372237,-122.421471129,-25.3656617803,-14.9300651709,14.9300651709,5.52033824196
1509,0,90,negative,0.138092372237,-0.126177955798,-0.0253272749263,138.092372237,-126.177955798,-25.3272749263,-18.6865498398,18.6865498398,5.55872509596
1509,1,90,negative,0.138092372237,-0.126003359182,-0.0253208615551,138.092372237,-126.003359182,-25.3208615551,-18.5119532241,18.5119532241,5.56513846722
1510,0,90,negative,0.138092372237,-0.126688788037,-0.0253202459643,138.092372237,-126.688788037,-25.3202459643,-19.1973820792,19.1973820792,5.56575405802
1510,1,90,negative,0.138092372237,-0.126454335032,-0.0253377692309,138.092372237,-126.454335032,-25.3377692309,-18.9629290737,18.9629290737,5.54823079139
1511,0,90,negative,0.138092372237,-0.126454335032,-0.0253377692309,138.092372237,-126.454335032,-25.3377692309,-18.9629290737,18.9629290737,5.54823079139
1511,1,90,negative,0.138092372237,-0.126177955798,-0.0253272749263,138.092372237,-126.177955798,-25.3272749263,-18.6865498398,18.6865498398,5.55872509596
1512,0,90,negative,0.138092372237,-0.125716666765,-0.0253152219091,138.092372237,-125.716666765,-25.3152219091,-18.2252608069,18.2252608069,5.57077811316
1512,1,90,negative,0.138092372237,-0.126003359182,-0.0253208615551,138.092372237,-126.003359182,-25.3208615551,-18.5119532241,18.5119532241,5.56513846722
1513,0,90,negative,0.138092372237,-0.126688788037,-0.0253202459643,138.092372237,-126.688788037,-25.3202459643,-19.1973820792,19.1973820792,5.56575405802
1513,1,90,negative,0.138092372237,-0.126958578284,-0.0252760346187,138.092372237,-126.958578284,-25.2760346187,-19.4671723264,19.4671723264,5.60996540359
1514,0,90,negative,0.138092372237,-0.116183302281,-0.0251493223283,138.092372237,-116.183302281,-25.1493223283,-8.69189632325,8.69189632325,5.73667769397
1514,1,90,negative,0.138092372237,-0.11608270332,-0.0251185273036,138.092372237,-116.08270332,-25.1185273036,-8.59129736236,8.59129736236,5.76747271868
1515,0,90,negative,0.138092372237,-0.116190601006,-0.0251596339372,138.092372237,-116.190601006,-25.1596339372,-8.69919504822,8.69919504822,5.72636608513
1515,1,90,negative,0.138092372237,-0.116183302281,-0.0251493223283,138.092372237,-116.183302281,-25.1493223283,-8.69189632325,8.69189632325,5.73667769397
1516,0,90,negative,0.138092372237,-0.11608270332,-0.0251185273036,138.092372237,-116.08270332,-25.1185273036,-8.59129736236,8.59129736236,5.76747271868
1516,1,90,negative,0.138092372237,-0.115937765369,-0.0250979958283,138.092372237,-115.937765369,-25.0979958283,-8.44635941122,8.44635941122,5.788004194
1517,0,90,negative,0.138092372237,-0.115475077214,-0.0250384963064,138.092372237,-115.475077214,-25.0384963064,-7.98367125588,7.98367125588,5.84750371585
1517,1,90,negative,0.138092372237,-0.115937765369,-0.0250979958283,138.092372237,-115.937765369,-25.0979958283,-8.44635941122,8.44635941122,5.788004194
1518,0,90,negative,0.138092372237,-0.115341725731,-0.0250371961111,138.092372237,-115.341725731,-25.0371961111,-7.85031977299,7.85031977299,5.8488039112
1518,1,90,negative,0.138092372237,-0.114785811271,-0.0250371776566,138.092372237,-114.785811271,-25.0371776566,-7.29440531317,7.29440531317,5.8488223657
1519,0,90,negative,0.138092372237,-0.115341725731,-0.0250371961111,138.092372237,-115.341725731,-25.0371961111,-7.85031977299,7.85031977299,5.8488039112
1519,1,90,negative,0.138092372237,-0.115475077214,-0.0250384963064,138.092372237,-115.475077214,-25.0384963064,-7.98367125588,7.98367125588,5.84750371585
1520,0,90,negative,0.138092372237,-0.113818197012,-0.0305065044677,138.092372237,-113.818197012,-30.5065044677,-6.32679105365,6.32679105365,0.379495554594
1520,1,90,negative,0.138092372237,-0.114777646473,-0.0305391509824,138.092372237,-114.777646473,-30.5391509824,-7.28624051513,7.28624051513,0.346849039911
1521,0,90,negative,0.138092372237,-0.115603127867,-0.0305453972103,138.092372237,-115.603127867,-30.5453972103,-8.11172190903,8.11172190903,0.340602811959
1521,1,90,negative,0.138092372237,-0.114777646473,-0.0305391509824,138.092372237,-114.777646473,-30.5391509824,-7.28624051513,7.28624051513,0.346849039911
1522,0,90,negative,0.138092372237,-0.114340104619,-0.0249279146759,138.092372237,-114.340104619,-24.9279146759,-6.8486986615,6.8486986615,5.95808534641
1522,1,90,negative,0.138092372237,-0.114639902174,-0.0250713995271,138.092372237,-114.639902174,-25.0713995271,-7.14849621626,7.14849621626,5.81460049519
1523,0,90,negative,0.138092372237,-0.114639902174,-0.0250713995271,138.092372237,-114.639902174,-25.0713995271,-7.14849621626,7.14849621626,5.81460049519
1523,1,90,negative,0.138092372237,-0.114785811271,-0.0250371776566,138.092372237,-114.785811271,-25.0371776566,-7.29440531317,7.29440531317,5.8488223657
1524,0,90,negative,0.138092372237,-0.147191930813,-0.015143956305,138.092372237,-147.191930813,-15.143956305,-39.7005248551,39.7005248551,15.7420437173
1524,1,90,negative,0.138092372237,-0.147405900994,-0.0148062595451,138.092372237,-147.405900994,-14.8062595451,-39.9144950361,39.9144950361,16.0797404772
1525,0,90,negative,0.138092372237,-0.145480428806,-0.0180038561253,138.092372237,-145.480428806,-18.0038561253,-37.9890228478,37.9890228478,12.882143897
1525,1,90,negative,0.138092372237,-0.144950324491,-0.0188480123055,138.092372237,-144.950324491,-18.8480123055,-37.4589185333,37.4589185333,12.0379877168
1526,0,90,negative,0.138092372237,-0.145563601323,-0.0178563411637,138.092372237,-145.563601323,-17.8563411637,-38.0721953646,38.0721953646,13.0296588586
1526,1,90,negative,0.138092372237,-0.145983951532,-0.0170881304028,138.092372237,-145.983951532,-17.0881304028,-38.4925455737,38.4925455737,13.7978696195
1527,0,90,negative,0.138092372237,-0.145563601323,-0.0178563411637,138.092372237,-145.563601323,-17.8563411637,-38.0721953646,38.0721953646,13.0296588586
1527,1,90,negative,0.138092372237,-0.145480428806,-0.0180038561253,138.092372237,-145.480428806,-18.0038561253,-37.9890228478,37.9890228478,12.882143897
1528,0,90,negative,0.138092372237,-0.146853566621,-0.0157106869115,138.092372237,-146.853566621,-15.7106869115,-39.3621606629,39.3621606629,15.1753131107
1528,1,90,negative,0.138092372237,-0.147191930813,-0.015143956305,138.092372237,-147.191930813,-15.143956305,-39.7005248551,39.7005248551,15.7420437173
1529,0,90,negative,0.138092372237,-0.146853566621,-0.0157106869115,138.092372237,-146.853566621,-15.7106869115,-39.3621606629,39.3621606629,15.1753131107
1529,1,90,negative,0.138092372237,-0.146106645955,-0.0169263005671,138.092372237,-146.106645955,-16.9263005671,-38.6152399972,38.6152399972,13.9596994552
1530,0,90,negative,0.138092372237,-0.146106645955,-0.0169263005671,138.092372237,-146.106645955,-16.9263005671,-38.6152399972,38.6152399972,13.9596994552
1530,1,90,negative,0.138092372237,-0.145983951532,-0.0170881304028,138.092372237,-145.983951532,-17.0881304028,-38.4925455737,38.4925455737,13.7978696195
1531,0,90,negative,0.138092372237,-0.1508054517,-0.00942809969755,138.092372237,-150.8054517,-9.42809969755,-43.3140457416,43.3140457416,21.4579003247
1531,1,90,negative,0.138092372237,-0.151688339799,-0.00798965792332,138.092372237,-151.688339799,-7.98965792332,-44.1969338413,44.1969338413,22.896342099
1532,0,90,negative,0.138092372237,-0.151791487943,-0.00783359827808,138.092372237,-151.791487943,-7.83359827808,-44.3000819851,44.3000819851,23.0524017442
1532,1,90,negative,0.138092372237,-0.151688339799,-0.00798965792332,138.092372237,-151.688339799,-7.98965792332,-44.1969338413,44.1969338413,22.896342099
1533,0,90,negative,0.138092372237,-0.151809293965,-0.00779703157811,138.092372237,-151.809293965,-7.79703157811,-44.3178880066,44.3178880066,23.0889684442
1533,1,90,negative,0.138092372237,-0.151791487943,-0.00783359827808,138.092372237,-151.791487943,-7.83359827808,-44.3000819851,44.3000819851,23.0524017442
1534,0,90,negative,0.138092372237,-0.151935544383,-0.00758057873814,138.092372237,-151.935544383,-7.58057873814,-44.4441384252,44.4441384252,23.3054212842
1534,1,90,negative,0.138092372237,-0.151809293965,-0.00779703157811,138.092372237,-151.809293965,-7.79703157811,-44.3178880066,44.3178880066,23.0889684442
1535,0,90,negative,0.138092372237,-0.151935544383,-0.00758057873814,138.092372237,-151.935544383,-7.58057873814,-44.4441384252,44.4441384252,23.3054212842
1535,1,90,negative,0.138092372237,-0.152286923302,-0.00692008594578,138.092372237,-152.286923302,-6.92008594578,-44.7955173436,44.7955173436,23.9659140765
1536,0,90,negative,0.138092372237,-0.15271335538,-0.00621540688567,138.092372237,-152.71335538,-6.21540688567,-45.2219494222,45.2219494222,24.6705931366
1536,1,90,negative,0.138092372237,-0.152286923302,-0.00692008594578,138.092372237,-152.286923302,-6.92008594578,-44.7955173436,44.7955173436,23.9659140765
1537,0,90,negative,0.138092372237,-0.15271335538,-0.00621540688567,138.092372237,-152.71335538,-6.21540688567,-45.2219494222,45.2219494222,24.6705931366
1537,1,90,negative,0.138092372237,-0.152831208707,-0.00603686843427,138.092372237,-152.831208707,-6.03686843427,-45.3398027488,45.3398027488,24.849131588
1538,0,90,negative,0.138092372237,-0.152831208707,-0.00603686843427,138.092372237,-152.831208707,-6.03686843427,-45.3398027488,45.3398027488,24.849131588
1538,1,90,negative,0.138092372237,-0.152932698213,-0.00590231693438,138.092372237,-152.932698213,-5.90231693438,-45.4412922549,45.4412922549,24.9836830879
1539,0,90,negative,0.138092372237,-0.152932698213,-0.00590231693438,138.092372237,-152.932698213,-5.90231693438,-45.4412922549,45.4412922549,24.9836830879
1539,1,90,negative,0.138092372237,-0.153511680494,-0.00493560862188,138.092372237,-153.511680494,-4.93560862188,-46.020274536,46.020274536,25.9503914004
1540,0,90,negative,0.138092372237,-0.150750938254,-0.00185610732859,138.092372237,-150.750938254,-1.85610732859,-43.2595322958,43.2595322958,29.0298926937
1540,1,90,negative,0.138092372237,-0.150685162844,-0.00192257358328,138.092372237,-150.685162844,-1.92257358328,-43.1937568857,43.1937568857,28.963426439
1541,0,90,negative,0.138092372237,-0.150750938254,-0.00185610732859,138.092372237,-150.750938254,-1.85610732859,-43.2595322958,43.2595322958,29.0298926937
1541,1,90,negative,0.138092372237,-0.151011482398,-0.00144441992784,138.092372237,-151.011482398,-1.44441992784,-43.5200764395,43.5200764395,29.4415800945
1542,0,90,negative,0.138092372237,-0.15116722976,-0.00111801805374,138.092372237,-151.16722976,-1.11801805374,-43.6758238022,43.6758238022,29.7679819686
1542,1,90,negative,0.138092372237,-0.151011482398,-0.00144441992784,138.092372237,-151.011482398,-1.44441992784,-43.5200764395,43.5200764395,29.4415800945
1543,0,90,negative,0.138092372237,-0.151560973236,-0.000214811540389,138.092372237,-151.560973236,-0.214811540389,-44.0695672777,44.0695672777,30.6711884819
1543,1,90,negative,0.138092372237,-0.15116722976,-0.00111801805374,138.092372237,-151.16722976,-1.11801805374,-43.6758238022,43.6758238022,29.7679819686
1544,0,90,negative,0.138092372237,-0.158911661957,0.00380073426452,138.092372237,-158.911661957,3.80073426452,-51.4202559995,51.4202559995,34.6867342868
1544,1,90,negative,0.138092372237,-0.159166978254,0.00431685473481,138.092372237,-159.166978254,4.31685473481,-51.6755722956,51.6755722956,35.2028547571
1545,0,90,negative,0.138092372237,-0.156681812226,-2.83943534796e-05,138.092372237,-156.681812226,-0.0283943534796,-49.190406268,49.190406268,30.8576056688
1545,1,90,negative,0.138092372237,-0.157053685885,0.000574686541816,138.092372237,-157.053685885,0.574686541816,-49.5622799266,49.5622799266,31.4606865641
1546,0,90,negative,0.138092372237,-0.157132153895,0.000769013455325,138.092372237,-157.132153895,0.769013455325,-49.6407479371,49.6407479371,31.6550134776
1546,1,90,negative,0.138092372237,-0.157053685885,0.000574686541816,138.092372237,-157.053685885,0.574686541816,-49.5622799266,49.5622799266,31.4606865641
1547,0,90,negative,0.138092372237,-0.157132153895,0.000769013455325,138.092372237,-157.132153895,0.769013455325,-49.6407479371,49.6407479371,31.6550134776
1547,1,90,negative,0.138092372237,-0.157288472036,0.00106893867087,138.092372237,-157.288472036,1.06893867087,-49.7970660782,49.7970660782,31.9549386932
1548,0,90,negative,0.138092372237,-0.157401151548,0.00135740090097,138.092372237,-157.401151548,1.35740090097,-49.9097455903,49.9097455903,32.2434009233
1548,1,90,negative,0.138092372237,-0.157288472036,0.00106893867087,138.092372237,-157.288472036,1.06893867087,-49.7970660782,49.7970660782,31.9549386932
1549,0,90,negative,0.138092372237,-0.15754876909,0.00146025016243,138.092372237,-157.54876909,1.46025016243,-50.0573631317,50.0573631317,32.3462501847
1549,1,90,negative,0.138092372237,-0.157844900197,0.00178878721579,138.092372237,-157.844900197,1.78878721579,-50.3534942394,50.3534942394,32.6747872381
1550,0,90,negative,0.138092372237,-0.15754876909,0.00146025016243,138.092372237,-157.54876909,1.46025016243,-50.0573631317,50.0573631317,32.3462501847
1550,1,90,negative,0.138092372237,-0.157401151548,0.00135740090097,138.092372237,-157.401151548,1.35740090097,-49.9097455903,49.9097455903,32.2434009233
1551,0,90,negative,0.138092372237,-0.158019210989,0.00196064337484,138.092372237,-158.019210989,1.96064337484,-50.5278050306,50.5278050306,32.8466433971
1551,1,90,negative,0.138092372237,-0.157844900197,0.00178878721579,138.092372237,-157.844900197,1.78878721579,-50.3534942394,50.3534942394,32.6747872381
1552,0,90,negative,0.138092372237,-0.158019210989,0.00196064337484,138.092372237,-158.019210989,1.96064337484,-50.5278050306,50.5278050306,32.8466433971
1552,1,90,negative,0.138092372237,-0.158304167082,0.00236727108873,138.092372237,-158.304167082,2.36727108873,-50.8127611236,50.8127611236,33.253271111
1553,0,90,negative,0.138092372237,-0.154189042423,-0.00383374185439,138.092372237,-154.189042423,-3.83374185439,-46.6976364654,46.6976364654,27.0522581679
1553,1,90,negative,0.138092372237,-0.153927000554,-0.0042534464927,138.092372237,-153.927000554,-4.2534464927,-46.4355945961,46.4355945961,26.6325535296
1554,0,90,negative,0.138092372237,-0.154189042423,-0.00383374185439,138.092372237,-154.189042423,-3.83374185439,-46.6976364654,46.6976364654,27.0522581679
1554,1,90,negative,0.138092372237,-0.154608021831,-0.0032063477976,138.092372237,-154.608021831,-3.2063477976,-47.116615873,47.116615873,27.6796522247
1555,0,90,negative,0.138092372237,-0.154608021831,-0.0032063477976,138.092372237,-154.608021831,-3.2063477976,-47.116615873,47.116615873,27.6796522247
1555,1,90,negative,0.138092372237,-0.15524353227,-0.00226541685011,138.092372237,-155.24353227,-2.26541685011,-47.7521263116,47.7521263116,28.6205831722
1556,0,90,negative,0.138092372237,-0.153927000554,-0.0042534464927,138.092372237,-153.927000554,-4.2534464927,-46.4355945961,46.4355945961,26.6325535296
1556,1,90,negative,0.138092372237,-0.153511680494,-0.00493560862188,138.092372237,-153.511680494,-4.93560862188,-46.020274536,46.020274536,25.9503914004
1557,0,90,negative,0.138092372237,-0.151560973236,-0.000214811540389,138.092372237,-151.560973236,-0.214811540389,-44.0695672777,44.0695672777,30.6711884819
1557,1,90,negative,0.138092372237,-0.151686312812,7.50016800037e-05,138.092372237,-151.686312812,0.0750016800037,-44.1949068541,44.1949068541,30.9610017023
1558,0,90,negative,0.138092372237,-0.155307214393,-0.00217687253047,138.092372237,-155.307214393,-2.17687253047,-47.8158084352,47.8158084352,28.7091274918
1558,1,90,negative,0.138092372237,-0.15524353227,-0.00226541685011,138.092372237,-155.24353227,-2.26541685011,-47.7521263116,47.7521263116,28.6205831722
1559,0,90,negative,0.138092372237,-0.15536946849,-0.00208047211456,138.092372237,-155.36946849,-2.08047211456,-47.8780625321,47.8780625321,28.8055279077
1559,1,90,negative,0.138092372237,-0.156075936513,-0.000979481563977,138.092372237,-156.075936513,-0.979481563977,-48.5845305553,48.5845305553,29.9065184583
1560,0,90,negative,0.138092372237,-0.156075936513,-0.000979481563977,138.092372237,-156.075936513,-0.979481563977,-48.5845305553,48.5845305553,29.9065184583
1560,1,90,negative,0.138092372237,-0.156311362099,-0.000597781593069,138.092372237,-156.311362099,-0.597781593069,-48.8199561414,48.8199561414,30.2882184292
1561,0,90,negative,0.138092372237,-0.156681812226,-2.83943534796e-05,138.092372237,-156.681812226,-0.0283943534796,-49.190406268,49.190406268,30.8576056688
1561,1,90,negative,0.138092372237,-0.156311362099,-0.000597781593069,138.092372237,-156.311362099,-0.597781593069,-48.8199561414,48.8199561414,30.2882184292
1562,0,90,negative,0.138092372237,-0.15536946849,-0.00208047211456,138.092372237,-155.36946849,-2.08047211456,-47.8780625321,47.8780625321,28.8055279077
1562,1,90,negative,0.138092372237,-0.1553323565,-0.00213542538563,138.092372237,-155.3323565,-2.13542538563,-47.8409505418,47.8409505418,28.7505746367
1563,0,90,negative,0.138092372237,-0.1553323565,-0.00213542538563,138.092372237,-155.3323565,-2.13542538563,-47.8409505418,47.8409505418,28.7505746367
1563,1,90,negative,0.138092372237,-0.155307214393,-0.00217687253047,138.092372237,-155.307214393,-2.17687253047,-47.8158084352,47.8158084352,28.7091274918
1564,0,90,negative,0.138092372237,-0.153594423997,0.00253319901583,138.092372237,-153.594423997,2.53319901583,-46.103018039,46.103018039,33.4191990381
1564,1,90,negative,0.138092372237,-0.153509256794,0.00240730678753,138.092372237,-153.509256794,2.40730678753,-46.0178508364,46.0178508364,33.2933068098
1565,0,90,negative,0.138092372237,-0.153711114586,0.00274140614164,138.092372237,-153.711114586,2.74140614164,-46.2197086283,46.2197086283,33.6274061639
1565,1,90,negative,0.138092372237,-0.153594423997,0.00253319901583,138.092372237,-153.594423997,2.53319901583,-46.103018039,46.103018039,33.4191990381
1566,0,90,negative,0.138092372237,-0.154285780678,0.00396347935877,138.092372237,-154.285780678,3.96347935877,-46.7943747202,46.7943747202,34.8494793811
1566,1,90,negative,0.138092372237,-0.154209105138,0.00380013050955,138.092372237,-154.209105138,3.80013050955,-46.7176991802,46.7176991802,34.6861305318
1567,0,90,negative,0.138092372237,-0.154532289457,0.00450474573309,138.092372237,-154.532289457,4.50474573309,-47.0408834993,47.0408834993,35.3907457554
1567,1,90,negative,0.138092372237,-0.154285780678,0.00396347935877,138.092372237,-154.285780678,3.96347935877,-46.7943747202,46.7943747202,34.8494793811
1568,0,90,negative,0.138092372237,-0.154532289457,0.00450474573309,138.092372237,-154.532289457,4.50474573309,-47.0408834993,47.0408834993,35.3907457554
1568,1,90,negative,0.138092372237,-0.154795857544,0.00513668464872,138.092372237,-154.795857544,5.13668464872,-47.3044515862,47.3044515862,36.022684671
1569,0,90,negative,0.138092372237,-0.152339084387,0.00117730734473,138.092372237,-152.339084387,1.17730734473,-44.8476784294,44.8476784294,32.063307367
1569,1,90,negative,0.138092372237,-0.152203813084,0.000914889106747,138.092372237,-152.203813084,0.914889106747,-44.7124071259,44.7124071259,31.800889129
1570,0,90,negative,0.138092372237,-0.152554730033,0.00143495113877,138.092372237,-152.554730033,1.43495113877,-45.0633240749,45.0633240749,32.3209511611
1570,1,90,negative,0.138092372237,-0.152339084387,0.00117730734473,138.092372237,-152.339084387,1.17730734473,-44.8476784294,44.8476784294,32.063307367
1571,0,90,negative,0.138092372237,-0.151686312812,7.50016800037e-05,138.092372237,-151.686312812,0.0750016800037,-44.1949068541,44.1949068541,30.9610017023
1571,1,90,negative,0.138092372237,-0.151852417198,0.000358444357102,138.092372237,-151.852417198,0.358444357102,-44.3610112396,44.3610112396,31.2444443794
1572,0,90,negative,0.138092372237,-0.151852417198,0.000358444357102,138.092372237,-151.852417198,0.358444357102,-44.3610112396,44.3610112396,31.2444443794
1572,1,90,negative,0.138092372237,-0.152203813084,0.000914889106747,138.092372237,-152.203813084,0.914889106747,-44.7124071259,44.7124071259,31.800889129
1573,0,90,negative,0.138092372237,-0.153336002547,0.0022467535118,138.092372237,-153.336002547,2.2467535118,-45.8445965887,45.8445965887,33.1327535341
1573,1,90,negative,0.138092372237,-0.152931578893,0.00184177679872,138.092372237,-152.931578893,1.84177679872,-45.4401729347,45.4401729347,32.727776821
1574,0,90,negative,0.138092372237,-0.153336002547,0.0022467535118,138.092372237,-153.336002547,2.2467535118,-45.8445965887,45.8445965887,33.1327535341
1574,1,90,negative,0.138092372237,-0.153509256794,0.00240730678753,138.092372237,-153.509256794,2.40730678753,-46.0178508364,46.0178508364,33.2933068098
1575,0,90,negative,0.138092372237,-0.152554730033,0.00143495113877,138.092372237,-152.554730033,1.43495113877,-45.0633240749,45.0633240749,32.3209511611
1575,1,90,negative,0.138092372237,-0.152710991012,0.0016196238031,138.092372237,-152.710991012,1.6196238031,-45.2195850541,45.2195850541,32.5056238254
1576,0,90,negative,0.138092372237,-0.152710991012,0.0016196238031,138.092372237,-152.710991012,1.6196238031,-45.2195850541,45.2195850541,32.5056238254
1576,1,90,negative,0.138092372237,-0.152931578893,0.00184177679872,138.092372237,-152.931578893,1.84177679872,-45.4401729347,45.4401729347,32.727776821
1577,0,90,negative,0.138092372237,-0.153711114586,0.00274140614164,138.092372237,-153.711114586,2.74140614164,-46.2197086283,46.2197086283,33.6274061639
1577,1,90,negative,0.138092372237,-0.154041181341,0.00330197105585,138.092372237,-154.041181341,3.30197105585,-46.5497753829,46.5497753829,34.1879710781
1578,0,90,negative,0.138092372237,-0.154041181341,0.00330197105585,138.092372237,-154.041181341,3.30197105585,-46.5497753829,46.5497753829,34.1879710781
1578,1,90,negative,0.138092372237,-0.154124483389,0.00348749826858,138.092372237,-154.124483389,3.48749826858,-46.633077431,46.633077431,34.3734982909
1579,0,90,negative,0.138092372237,-0.154124483389,0.00348749826858,138.092372237,-154.124483389,3.48749826858,-46.633077431,46.633077431,34.3734982909
1579,1,90,negative,0.138092372237,-0.154209105138,0.00380013050955,138.092372237,-154.209105138,3.80013050955,-46.7176991802,46.7176991802,34.6861305318
1580,0,90,negative,0.138092372237,-0.158359410559,0.00245865010394,138.092372237,-158.359410559,2.45865010394,-50.8680046011,50.8680046011,33.3446501262
1580,1,90,negative,0.138092372237,-0.158304167082,0.00236727108873,138.092372237,-158.304167082,2.36727108873,-50.8127611236,50.8127611236,33.253271111
1581,0,90,negative,0.138092372237,-0.158359410559,0.00245865010394,138.092372237,-158.359410559,2.45865010394,-50.8680046011,50.8680046011,33.3446501262
1581,1,90,negative,0.138092372237,-0.158668494583,0.00330219698168,138.092372237,-158.668494583,3.30219698168,-51.1770886249,51.1770886249,34.188197004
1582,0,90,negative,0.138092372237,-0.158911661957,0.00380073426452,138.092372237,-158.911661957,3.80073426452,-51.4202559995,51.4202559995,34.6867342868
1582,1,90,negative,0.138092372237,-0.158710294369,0.0033829630081,138.092372237,-158.710294369,3.3829630081,-51.2188884107,51.2188884107,34.2689630304
1583,0,90,negative,0.138092372237,-0.158710294369,0.0033829630081,138.092372237,-158.710294369,3.3829630081,-51.2188884107,51.2188884107,34.2689630304
1583,1,90,negative,0.138092372237,-0.158683625339,0.0033365629235,138.092372237,-158.683625339,3.3365629235,-51.1922193813,51.1922193813,34.2225629458
1584,0,90,negative,0.138092372237,-0.158683625339,0.0033365629235,138.092372237,-158.683625339,3.3365629235,-51.1922193813,51.1922193813,34.2225629458
1584,1,90,negative,0.138092372237,-0.158668494583,0.00330219698168,138.092372237,-158.668494583,3.30219698168,-51.1770886249,51.1770886249,34.188197004
1585,0,90,negative,0.138092372237,-0.159166978254,0.00431685473481,138.092372237,-159.166978254,4.31685473481,-51.6755722956,51.6755722956,35.2028547571
1585,1,90,negative,0.138092372237,-0.159226634688,0.00443078914293,138.092372237,-159.226634688,4.43078914293,-51.7352287302,51.7352287302,35.3167891652
1586,0,90,negative,0.138092372237,-0.157718434582,0.00976476108993,138.092372237,-157.718434582,9.76476108993,-50.2270286238,50.2270286238,40.6507611122
1586,1,90,negative,0.138092372237,-0.157412366605,0.00931063031036,138.092372237,-157.412366605,9.31063031036,-49.9209606471,49.9209606471,40.1966303327
1587,0,90,negative,0.138092372237,-0.157051611965,0.00873787420534,138.092372237,-157.051611965,8.73787420534,-49.5602060075,49.5602060075,39.6238742276
1587,1,90,negative,0.138092372237,-0.157412366605,0.00931063031036,138.092372237,-157.412366605,9.31063031036,-49.9209606471,49.9209606471,40.1966303327
1588,0,90,negative,0.138092372237,-0.157989580372,0.010116312487,138.092372237,-157.989580372,10.116312487,-50.4981744142,50.4981744142,41.0023125093
1588,1,90,negative,0.138092372237,-0.157718434582,0.00976476108993,138.092372237,-157.718434582,9.76476108993,-50.2270286238,50.2270286238,40.6507611122
1589,0,90,negative,0.138092372237,-0.155347918696,0.00610912607798,138.092372237,-155.347918696,6.10912607798,-47.8565127381,47.8565127381,36.9951261003
1589,1,90,negative,0.138092372237,-0.155322194924,0.00607016038303,138.092372237,-155.322194924,6.07016038303,-47.8307889663,47.8307889663,36.9561604053
1590,0,90,negative,0.138092372237,-0.155322194924,0.00607016038303,138.092372237,-155.322194924,6.07016038303,-47.8307889663,47.8307889663,36.9561604053
1590,1,90,negative,0.138092372237,-0.155287201108,0.00600117998636,138.092372237,-155.287201108,6.00117998636,-47.7957951504,47.7957951504,36.8871800087
1591,0,90,negative,0.138092372237,-0.155787881186,0.00677136377929,138.092372237,-155.787881186,6.77136377929,-48.2964752285,48.2964752285,37.6573638016
1591,1,90,negative,0.138092372237,-0.155744455457,0.00670121417519,138.092372237,-155.744455457,6.70121417519,-48.2530494991,48.2530494991,37.5872141975
1592,0,90,negative,0.138092372237,-0.155347918696,0.00610912607798,138.092372237,-155.347918696,6.10912607798,-47.8565127381,47.8565127381,36.9951261003
1592,1,90,negative,0.138092372237,-0.155744455457,0.00670121417519,138.092372237,-155.744455457,6.70121417519,-48.2530494991,48.2530494991,37.5872141975
1593,0,90,negative,0.138092372237,-0.155787881186,0.00677136377929,138.092372237,-155.787881186,6.77136377929,-48.2964752285,48.2964752285,37.6573638016
1593,1,90,negative,0.138092372237,-0.156142359045,0.00745971119902,138.092372237,-156.142359045,7.45971119902,-48.6509530875,48.6509530875,38.3457112213
1594,0,90,negative,0.138092372237,-0.154795857544,0.00513668464872,138.092372237,-154.795857544,5.13668464872,-47.3044515862,47.3044515862,36.022684671
1594,1,90,negative,0.138092372237,-0.154914086175,0.00538646232636,138.092372237,-154.914086175,5.38646232636,-47.4226802168,47.4226802168,36.2724623487
1595,0,90,negative,0.138092372237,-0.155030502192,0.00552955954811,138.092372237,-155.030502192,5.52955954811,-47.5390962337,47.5390962337,36.4155595704
1595,1,90,negative,0.138092372237,-0.155287201108,0.00600117998636,138.092372237,-155.287201108,6.00117998636,-47.7957951504,47.7957951504,36.8871800087
1596,0,90,negative,0.138092372237,-0.154914086175,0.00538646232636,138.092372237,-154.914086175,5.38646232636,-47.4226802168,47.4226802168,36.2724623487
1596,1,90,negative,0.138092372237,-0.155030502192,0.00552955954811,138.092372237,-155.030502192,5.52955954811,-47.5390962337,47.5390962337,36.4155595704
1597,0,90,negative,0.138092372237,-0.156164248646,0.0074997552361,138.092372237,-156.164248646,7.4997552361,-48.6728426883,48.6728426883,38.3857552584
1597,1,90,negative,0.138092372237,-0.156142359045,0.00745971119902,138.092372237,-156.142359045,7.45971119902,-48.6509530875,48.6509530875,38.3457112213
1598,0,90,negative,0.138092372237,-0.156212360591,0.00758092168595,138.092372237,-156.212360591,7.58092168595,-48.7209546329,48.7209546329,38.4669217082
1598,1,90,negative,0.138092372237,-0.156164248646,0.0074997552361,138.092372237,-156.164248646,7.4997552361,-48.6728426883,48.6728426883,38.3857552584
1599,0,90,negative,0.138092372237,-0.156212360591,0.00758092168595,138.092372237,-156.212360591,7.58092168595,-48.7209546329,48.7209546329,38.4669217082
1599,1,90,negative,0.138092372237,-0.156513966907,0.00799293658715,138.092372237,-156.513966907,7.99293658715,-49.0225609488,49.0225609488,38.8789366094
1600,0,90,negative,0.138092372237,-0.156935926198,0.00856441094202,138.092372237,-156.935926198,8.56441094202,-49.4445202404,49.4445202404,39.4504109643
1600,1,90,negative,0.138092372237,-0.156513966907,0.00799293658715,138.092372237,-156.513966907,7.99293658715,-49.0225609488,49.0225609488,38.8789366094
1601,0,90,negative,0.138092372237,-0.156935926198,0.00856441094202,138.092372237,-156.935926198,8.56441094202,-49.4445202404,49.4445202404,39.4504109643
1601,1,90,negative,0.138092372237,-0.157051611965,0.00873787420534,138.092372237,-157.051611965,8.73787420534,-49.5602060075,49.5602060075,39.6238742276
1602,0,90,negative,0.138092372237,-0.162339486614,0.0101997198633,138.092372237,-162.339486614,10.1997198633,-54.8480806559,54.8480806559,41.0857198856
1602,1,90,negative,0.138092372237,-0.16284161932,0.0111345141849,138.092372237,-162.84161932,11.1345141849,-55.3502133623,55.3502133623,42.0205142072
1603,0,90,negative,0.138092372237,-0.163025744204,0.0114935442001,138.092372237,-163.025744204,11.4935442001,-55.5343382464,55.5343382464,42.3795442224
1603,1,90,negative,0.138092372237,-0.16284161932,0.0111345141849,138.092372237,-162.84161932,11.1345141849,-55.3502133623,55.3502133623,42.0205142072
1604,0,90,negative,0.138092372237,-0.163779531559,0.0133647471156,138.092372237,-163.779531559,13.3647471156,-56.2881256011,56.2881256011,44.2507471379
1604,1,90,negative,0.138092372237,-0.163987563289,0.0137421963552,138.092372237,-163.987563289,13.7421963552,-56.4961573315,56.4961573315,44.6281963775
1605,0,90,negative,0.138092372237,-0.163987563289,0.0137421963552,138.092372237,-163.987563289,13.7421963552,-56.4961573315,56.4961573315,44.6281963775
1605,1,90,negative,0.138092372237,-0.16411024315,0.0139906736768,138.092372237,-164.11024315,13.9906736768,-56.6188371924,56.6188371924,44.8766736991
1606,0,90,negative,0.138092372237,-0.163263242724,0.0120587256792,138.092372237,-163.263242724,12.0587256792,-55.7718367656,55.7718367656,42.9447257015
1606,1,90,negative,0.138092372237,-0.163779531559,0.0133647471156,138.092372237,-163.779531559,13.3647471156,-56.2881256011,56.2881256011,44.2507471379
1607,0,90,negative,0.138092372237,-0.163263242724,0.0120587256792,138.092372237,-163.263242724,12.0587256792,-55.7718367656,55.7718367656,42.9447257015
1607,1,90,negative,0.138092372237,-0.163025744204,0.0114935442001,138.092372237,-163.025744204,11.4935442001,-55.5343382464,55.5343382464,42.3795442224
1608,0,90,negative,0.138092372237,-0.164398287649,0.0146704067574,138.092372237,-164.398287649,14.6704067574,-56.9068816915,56.9068816915,45.5564067797
1608,1,90,negative,0.138092372237,-0.16411024315,0.0139906736768,138.092372237,-164.11024315,13.9906736768,-56.6188371924,56.6188371924,44.8766736991
1609,0,90,negative,0.138092372237,-0.164398287649,0.0146704067574,138.092372237,-164.398287649,14.6704067574,-56.9068816915,56.9068816915,45.5564067797
1609,1,90,negative,0.138092372237,-0.164889143426,0.0159956601776,138.092372237,-164.889143426,15.9956601776,-57.3977374676,57.3977374676,46.8816601999
1610,0,90,negative,0.138092372237,-0.164968220736,0.0161994532444,138.092372237,-164.968220736,16.1994532444,-57.4768147783,57.4768147783,47.0854532667
1610,1,90,negative,0.138092372237,-0.164889143426,0.0159956601776,138.092372237,-164.889143426,15.9956601776,-57.3977374676,57.3977374676,46.8816601999
1611,0,90,negative,0.138092372237,-0.163219992928,0.0207540137579,138.092372237,-163.219992928,20.7540137579,-55.7285869699,55.7285869699,51.6400137802
1611,1,90,negative,0.138092372237,-0.162670822049,0.0197118022541,138.092372237,-162.670822049,19.7118022541,-55.1794160915,55.1794160915,50.5978022764
1612,0,90,negative,0.138092372237,-0.1640907237,0.0221387008443,138.092372237,-164.0907237,22.1387008443,-56.599317742,56.599317742,53.0247008666
1612,1,90,negative,0.138092372237,-0.163219992928,0.0207540137579,138.092372237,-163.219992928,20.7540137579,-55.7285869699,55.7285869699,51.6400137802
1613,0,90,negative,0.138092372237,-0.1645655892,0.0231275795581,138.092372237,-164.5655892,23.1275795581,-57.0741832425,57.0741832425,54.0135795804
1613,1,90,negative,0.138092372237,-0.1640907237,0.0221387008443,138.092372237,-164.0907237,22.1387008443,-56.599317742,56.599317742,53.0247008666
1614,0,90,negative,0.138092372237,-0.168336625675,0.0220395765493,138.092372237,-168.336625675,22.0395765493,-60.8452197174,60.8452197174,52.9255765716
1614,1,90,negative,0.138092372237,-0.168664276548,0.0225085511616,138.092372237,-168.664276548,22.5085511616,-61.1728705897,61.1728705897,53.3945511839
1615,0,90,negative,0.138092372237,-0.168664276548,0.0225085511616,138.092372237,-168.664276548,22.5085511616,-61.1728705897,61.1728705897,53.3945511839
1615,1,90,negative,0.138092372237,-0.169211655258,0.0232870676564,138.092372237,-169.211655258,23.2870676564,-61.7202493003,61.7202493003,54.1730676787
1616,0,90,negative,0.138092372237,-0.169996940463,0.0244643682243,138.092372237,-169.996940463,24.4643682243,-62.5055345054,62.5055345054,55.3503682466
1616,1,90,negative,0.138092372237,-0.169585376355,0.0238218106036,138.092372237,-169.585376355,23.8218106036,-62.0939703967,62.0939703967,54.7078106259
1617,0,90,negative,0.138092372237,-0.169425998647,0.0235620780878,138.092372237,-169.425998647,23.5620780878,-61.9345926888,61.9345926888,54.4480781101
1617,1,90,negative,0.138092372237,-0.169585376355,0.0238218106036,138.092372237,-169.585376355,23.8218106036,-62.0939703967,62.0939703967,54.7078106259
1618,0,90,negative,0.138092372237,-0.169425998647,0.0235620780878,138.092372237,-169.425998647,23.5620780878,-61.9345926888,61.9345926888,54.4480781101
1618,1,90,negative,0.138092372237,-0.169211655258,0.0232870676564,138.092372237,-169.211655258,23.2870676564,-61.7202493003,61.7202493003,54.1730676787
1619,0,90,negative,0.138092372237,-0.165876610814,0.0181113148883,138.092372237,-165.876610814,18.1113148883,-58.3852048556,58.3852048556,48.9973149106
1619,1,90,negative,0.138092372237,-0.166090101797,0.0184432978583,138.092372237,-166.090101797,18.4432978583,-58.5986958388,58.5986958388,49.3292978806
1620,0,90,negative,0.138092372237,-0.166243981875,0.0187335038302,138.092372237,-166.243981875,18.7335038302,-58.7525759168,58.7525759168,49.6195038525
1620,1,90,negative,0.138092372237,-0.166090101797,0.0184432978583,138.092372237,-166.090101797,18.4432978583,-58.5986958388,58.5986958388,49.3292978806
1621,0,90,negative,0.138092372237,-0.166243981875,0.0187335038302,138.092372237,-166.243981875,18.7335038302,-58.7525759168,58.7525759168,49.6195038525
1621,1,90,negative,0.138092372237,-0.166821855634,0.0198481857161,138.092372237,-166.821855634,19.8481857161,-59.3304496759,59.3304496759,50.7341857384
1622,0,90,negative,0.138092372237,-0.16501417008,0.0163019906725,138.092372237,-165.01417008,16.3019906725,-57.5227641224,57.5227641224,47.1879906948
1622,1,90,negative,0.138092372237,-0.165861059379,0.0180826422372,138.092372237,-165.861059379,18.0826422372,-58.369653421,58.369653421,48.9686422595
1623,0,90,negative,0.138092372237,-0.16501417008,0.0163019906725,138.092372237,-165.01417008,16.3019906725,-57.5227641224,57.5227641224,47.1879906948
1623,1,90,negative,0.138092372237,-0.164968220736,0.0161994532444,138.092372237,-164.968220736,16.1994532444,-57.4768147783,57.4768147783,47.0854532667
1624,0,90,negative,0.138092372237,-0.165876610814,0.0181113148883,138.092372237,-165.876610814,18.1113148883,-58.3852048556,58.3852048556,48.9973149106
1624,1,90,negative,0.138092372237,-0.165861059379,0.0180826422372,138.092372237,-165.861059379,18.0826422372,-58.369653421,58.369653421,48.9686422595
1625,0,90,negative,0.138092372237,-0.167329857233,0.0205560822778,138.092372237,-167.329857233,20.5560822778,-59.8384512754,59.8384512754,51.4420823001
1625,1,90,negative,0.138092372237,-0.167394258978,0.0206377430215,138.092372237,-167.394258978,20.6377430215,-59.9028530197,59.9028530197,51.5237430438
1626,0,90,negative,0.138092372237,-0.167394258978,0.0206377430215,138.092372237,-167.394258978,20.6377430215,-59.9028530197,59.9028530197,51.5237430438
1626,1,90,negative,0.138092372237,-0.167459196702,0.0207281511892,138.092372237,-167.459196702,20.7281511892,-59.9677907438,59.9677907438,51.6141512115
1627,0,90,negative,0.138092372237,-0.167459196702,0.0207281511892,138.092372237,-167.459196702,20.7281511892,-59.9677907438,59.9677907438,51.6141512115
1627,1,90,negative,0.138092372237,-0.167953685949,0.0214695520125,138.092372237,-167.953685949,21.4695520125,-60.4622799908,60.4622799908,52.3555520348
1628,0,90,negative,0.138092372237,-0.167329857233,0.0205560822778,138.092372237,-167.329857233,20.5560822778,-59.8384512754,59.8384512754,51.4420823001
1628,1,90,negative,0.138092372237,-0.166821855634,0.0198481857161,138.092372237,-166.821855634,19.8481857161,-59.3304496759,59.3304496759,50.7341857384
1629,0,90,negative,0.138092372237,-0.16823089175,0.0218853889547,138.092372237,-168.23089175,21.8853889547,-60.7394857918,60.7394857918,52.771388977
1629,1,90,negative,0.138092372237,-0.167953685949,0.0214695520125,138.092372237,-167.953685949,21.4695520125,-60.4622799908,60.4622799908,52.3555520348
1630,0,90,negative,0.138092372237,-0.165251070794,0.0244225190012,138.092372237,-165.251070794,24.4225190012,-57.7596648364,57.7596648364,55.3085190235
1630,1,90,negative,0.138092372237,-0.16475903853,0.0234672736241,138.092372237,-164.75903853,23.4672736241,-57.2676325724,57.2676325724,54.3532736464
1631,0,90,negative,0.138092372237,-0.1645655892,0.0231275795581,138.092372237,-164.5655892,23.1275795581,-57.0741832425,57.0741832425,54.0135795804
1631,1,90,negative,0.138092372237,-0.164705701663,0.0233537377225,138.092372237,-164.705701663,23.3537377225,-57.2142957053,57.2142957053,54.2397377448
1632,0,90,negative,0.138092372237,-0.164705701663,0.0233537377225,138.092372237,-164.705701663,23.3537377225,-57.2142957053,57.2142957053,54.2397377448
1632,1,90,negative,0.138092372237,-0.16475903853,0.0234672736241,138.092372237,-164.75903853,23.4672736241,-57.2676325724,57.2676325724,54.3532736464
1633,0,90,negative,0.138092372237,-0.168282954469,0.0219589079093,138.092372237,-168.282954469,21.9589079093,-60.7915485112,60.7915485112,52.8449079316
1633,1,90,negative,0.138092372237,-0.168271155142,0.0219437325866,138.092372237,-168.271155142,21.9437325866,-60.7797491839,60.7797491839,52.8297326088
1634,0,90,negative,0.138092372237,-0.168271155142,0.0219437325866,138.092372237,-168.271155142,21.9437325866,-60.7797491839,60.7797491839,52.8297326088
1634,1,90,negative,0.138092372237,-0.16823089175,0.0218853889547,138.092372237,-168.23089175,21.8853889547,-60.7394857918,60.7394857918,52.771388977
1635,0,90,negative,0.138092372237,-0.168336625675,0.0220395765493,138.092372237,-168.336625675,22.0395765493,-60.8452197174,60.8452197174,52.9255765716
1635,1,90,negative,0.138092372237,-0.168282954469,0.0219589079093,138.092372237,-168.282954469,21.9589079093,-60.7915485112,60.7915485112,52.8449079316
1636,0,90,negative,0.138092372237,-0.160744186496,0.00717430239558,138.092372237,-160.744186496,7.17430239558,-53.252780538,53.252780538,38.0603024179
1636,1,90,negative,0.138092372237,-0.160274301765,0.00640838937768,138.092372237,-160.274301765,6.40838937768,-52.7828958071,52.7828958071,37.2943894
1637,0,90,negative,0.138092372237,-0.160744186496,0.00717430239558,138.092372237,-160.744186496,7.17430239558,-53.252780538,53.252780538,38.0603024179
1637,1,90,negative,0.138092372237,-0.161070058225,0.00766758197827,138.092372237,-161.070058225,7.66758197827,-53.5786522673,53.5786522673,38.5535820006
1638,0,90,negative,0.138092372237,-0.161277310435,0.00807332321674,138.092372237,-161.277310435,8.07332321674,-53.7859044774,53.7859044774,38.959323239
1638,1,90,negative,0.138092372237,-0.161070058225,0.00766758197827,138.092372237,-161.070058225,7.66758197827,-53.5786522673,53.5786522673,38.5535820006
1639,0,90,negative,0.138092372237,-0.161277310435,0.00807332321674,138.092372237,-161.277310435,8.07332321674,-53.7859044774,53.7859044774,38.959323239
1639,1,90,negative,0.138092372237,-0.161770905787,0.00905061508035,138.092372237,-161.770905787,9.05061508035,-54.2794998293,54.2794998293,39.9366151026
1640,0,90,negative,0.138092372237,-0.1597256471,0.00527157792486,138.092372237,-159.7256471,5.27157792486,-52.2342411424,52.2342411424,36.1575779471
1640,1,90,negative,0.138092372237,-0.159226634688,0.00443078914293,138.092372237,-159.226634688,4.43078914293,-51.7352287302,51.7352287302,35.3167891652
1641,0,90,negative,0.138092372237,-0.159917831227,0.00571886316435,138.092372237,-159.917831227,5.71886316435,-52.4264252695,52.4264252695,36.6048631866
1641,1,90,negative,0.138092372237,-0.1597256471,0.00527157792486,138.092372237,-159.7256471,5.27157792486,-52.2342411424,52.2342411424,36.1575779471
1642,0,90,negative,0.138092372237,-0.159917831227,0.00571886316435,138.092372237,-159.917831227,5.71886316435,-52.4264252695,52.4264252695,36.6048631866
1642,1,90,negative,0.138092372237,-0.160274301765,0.00640838937768,138.092372237,-160.274301765,6.40838937768,-52.7828958071,52.7828958071,37.2943894
1643,0,90,negative,0.138092372237,-0.162135152847,0.00975112216817,138.092372237,-162.135152847,9.75112216817,-54.6437468891,54.6437468891,40.6371221905
1643,1,90,negative,0.138092372237,-0.161770905787,0.00905061508035,138.092372237,-161.770905787,9.05061508035,-54.2794998293,54.2794998293,39.9366151026
1644,0,90,negative,0.138092372237,-0.162339486614,0.0101997198633,138.092372237,-162.339486614,10.1997198633,-54.8480806559,54.8480806559,41.0857198856
1644,1,90,negative,0.138092372237,-0.162135152847,0.00975112216817,138.092372237,-162.135152847,9.75112216817,-54.6437468891,54.6437468891,40.6371221905
1645,0,90,negative,0.138092372237,-0.15937909738,0.012683289772,138.092372237,-159.37909738,12.683289772,-51.8876914218,51.8876914218,43.5692897943
1645,1,90,negative,0.138092372237,-0.159216328426,0.0122188712557,138.092372237,-159.216328426,12.2188712557,-51.7249224677,51.7249224677,43.1048712779
1646,0,90,negative,0.138092372237,-0.15937909738,0.012683289772,138.092372237,-159.37909738,12.683289772,-51.8876914218,51.8876914218,43.5692897943
1646,1,90,negative,0.138092372237,-0.159704356413,0.0140508911766,138.092372237,-159.704356413,14.0508911766,-52.212950455,52.212950455,44.9368911988
1647,0,90,negative,0.138092372237,-0.158559020058,0.0106350348282,138.092372237,-158.559020058,10.6350348282,-51.0676140998,51.0676140998,41.5210348505
1647,1,90,negative,0.138092372237,-0.158601655676,0.0106795695947,138.092372237,-158.601655676,10.6795695947,-51.1102497183,51.1102497183,41.565569617
1648,0,90,negative,0.138092372237,-0.159031746007,0.0115946034169,138.092372237,-159.031746007,11.5946034169,-51.5403400487,51.5403400487,42.4806034392
1648,1,90,negative,0.138092372237,-0.15868982857,0.0108799652679,138.092372237,-158.68982857,10.8799652679,-51.1984226117,51.1984226117,41.7659652902
1649,0,90,negative,0.138092372237,-0.158601655676,0.0106795695947,138.092372237,-158.601655676,10.6795695947,-51.1102497183,51.1102497183,41.565569617
1649,1,90,negative,0.138092372237,-0.15868982857,0.0108799652679,138.092372237,-158.68982857,10.8799652679,-51.1984226117,51.1984226117,41.7659652902
1650,0,90,negative,0.138092372237,-0.159031746007,0.0115946034169,138.092372237,-159.031746007,11.5946034169,-51.5403400487,51.5403400487,42.4806034392
1650,1,90,negative,0.138092372237,-0.159216328426,0.0122188712557,138.092372237,-159.216328426,12.2188712557,-51.7249224677,51.7249224677,43.1048712779
1651,0,90,negative,0.138092372237,-0.158472680876,0.010542008815,138.092372237,-158.472680876,10.542008815,-50.9812749182,50.9812749182,41.4280088373
1651,1,90,negative,0.138092372237,-0.157989580372,0.010116312487,138.092372237,-157.989580372,10.116312487,-50.4981744142,50.4981744142,41.0023125093
1652,0,90,negative,0.138092372237,-0.158472680876,0.010542008815,138.092372237,-158.472680876,10.542008815,-50.9812749182,50.9812749182,41.4280088373
1652,1,90,negative,0.138092372237,-0.158559020058,0.0106350348282,138.092372237,-158.559020058,10.6350348282,-51.0676140998,51.0676140998,41.5210348505
1653,0,90,negative,0.138092372237,-0.160126716615,0.0152656483416,138.092372237,-160.126716615,15.2656483416,-52.6353106575,52.6353106575,46.1516483639
1653,1,90,negative,0.138092372237,-0.159704356413,0.0140508911766,138.092372237,-159.704356413,14.0508911766,-52.212950455,52.212950455,44.9368911988
1654,0,90,negative,0.138092372237,-0.160126716615,0.0152656483416,138.092372237,-160.126716615,15.2656483416,-52.6353106575,52.6353106575,46.1516483639
1654,1,90,negative,0.138092372237,-0.160357477779,0.0158786759861,138.092372237,-160.357477779,15.8786759861,-52.8660718214,52.8660718214,46.7646760084
1655,0,90,negative,0.138092372237,-0.161087518118,0.0171057063787,138.092372237,-161.087518118,17.1057063787,-53.5961121598,53.5961121598,47.991706401
1655,1,90,negative,0.138092372237,-0.160357477779,0.0158786759861,138.092372237,-160.357477779,15.8786759861,-52.8660718214,52.8660718214,46.7646760084
1656,0,90,negative,0.138092372237,-0.161087518118,0.0171057063787,138.092372237,-161.087518118,17.1057063787,-53.5961121598,53.5961121598,47.991706401
1656,1,90,negative,0.138092372237,-0.161089070733,0.0171079573205,138.092372237,-161.089070733,17.1079573205,-53.5976647749,53.5976647749,47.9939573428
1657,0,90,negative,0.138092372237,-0.161774342729,0.017805180596,138.092372237,-161.774342729,17.805180596,-54.2829367708,54.2829367708,48.6911806183
1657,1,90,negative,0.138092372237,-0.161090497679,0.0171090523038,138.092372237,-161.090497679,17.1090523038,-53.5990917215,53.5990917215,47.9950523261
1658,0,90,negative,0.138092372237,-0.161774342729,0.017805180596,138.092372237,-161.774342729,17.805180596,-54.2829367708,54.2829367708,48.6911806183
1658,1,90,negative,0.138092372237,-0.162132175695,0.0183042563037,138.092372237,-162.132175695,18.3042563037,-54.6407697369,54.6407697369,49.190256326
1659,0,90,negative,0.138092372237,-0.162242498007,0.0185613133419,138.092372237,-162.242498007,18.5613133419,-54.7510920493,54.7510920493,49.4473133642
1659,1,90,negative,0.138092372237,-0.162132175695,0.0183042563037,138.092372237,-162.132175695,18.3042563037,-54.6407697369,54.6407697369,49.190256326
1660,0,90,negative,0.138092372237,-0.162242498007,0.0185613133419,138.092372237,-162.242498007,18.5613133419,-54.7510920493,54.7510920493,49.4473133642
1660,1,90,negative,0.138092372237,-0.162418901554,0.0191693161547,138.092372237,-162.418901554,19.1693161547,-54.9274955962,54.9274955962,50.0553161769
1661,0,90,negative,0.138092372237,-0.161089070733,0.0171079573205,138.092372237,-161.089070733,17.1079573205,-53.5976647749,53.5976647749,47.9939573428
1661,1,90,negative,0.138092372237,-0.161090497679,0.0171090523038,138.092372237,-161.090497679,17.1090523038,-53.5990917215,53.5990917215,47.9950523261
1662,0,90,negative,0.138092372237,-0.162418901554,0.0191693161547,138.092372237,-162.418901554,19.1693161547,-54.9274955962,54.9274955962,50.0553161769
1662,1,90,negative,0.138092372237,-0.162670822049,0.0197118022541,138.092372237,-162.670822049,19.7118022541,-55.1794160915,55.1794160915,50.5978022764
1663,0,90,positive,0.138092372237,-0.0910194358756,-0.0302972897106,138.092372237,-91.0194358756,-30.2972897106,16.4719700823,16.4719700823,0.588710311693
1663,1,90,positive,0.138092372237,-0.0911438895345,-0.0302992603252,138.092372237,-91.1438895345,-30.2992603252,16.3475164235,16.3475164235,0.586739697067
1664,0,90,positive,0.138092372237,-0.0968754058009,-0.0303685801749,138.092372237,-96.8754058009,-30.3685801749,10.6160001571,10.6160001571,0.517419847344
1664,1,90,positive,0.138092372237,-0.0972821813274,-0.0303446626848,138.092372237,-97.2821813274,-30.3446626848,10.2092246306,10.2092246306,0.54133733746
1665,0,90,positive,0.138092372237,-0.0972821813274,-0.0303446626848,138.092372237,-97.2821813274,-30.3446626848,10.2092246306,10.2092246306,0.54133733746
1665,1,90,positive,0.138092372237,-0.0980212591685,-0.0302982435807,138.092372237,-98.0212591685,-30.2982435807,9.47014678948,9.47014678948,0.587756441569
1666,0,90,positive,0.138092372237,-0.0981824407927,-0.0302961912587,138.092372237,-98.1824407927,-30.2961912587,9.30896516525,9.30896516525,0.589808763548
1666,1,90,positive,0.138092372237,-0.0980212591685,-0.0302982435807,138.092372237,-98.0212591685,-30.2982435807,9.47014678948,9.47014678948,0.587756441569
1667,0,90,positive,0.138092372237,-0.0927686527671,-0.0304386739846,138.092372237,-92.7686527671,-30.4386739846,14.7227531909,14.7227531909,0.447326037711
1667,1,90,positive,0.138092372237,-0.0933745644793,-0.0304530507142,138.092372237,-93.3745644793,-30.4530507142,14.1168414786,14.1168414786,0.432949308043
1668,0,90,positive,0.138092372237,-0.0924863611619,-0.0304344350008,138.092372237,-92.4863611619,-30.4344350008,15.005044796,15.005044796,0.451565021442
1668,1,90,positive,0.138092372237,-0.0927686527671,-0.0304386739846,138.092372237,-92.7686527671,-30.4386739846,14.7227531909,14.7227531909,0.447326037711
1669,0,90,positive,0.138092372237,-0.0910194358756,-0.0302972897106,138.092372237,-91.0194358756,-30.2972897106,16.4719700823,16.4719700823,0.588710311693
1669,1,90,positive,0.138092372237,-0.0907771003789,-0.0303035690502,138.092372237,-90.7771003789,-30.3035690502,16.7143055791,16.7143055791,0.582430972092
1670,0,90,positive,0.138092372237,-0.0924863611619,-0.0304344350008,138.092372237,-92.4863611619,-30.4344350008,15.005044796,15.005044796,0.451565021442
1670,1,90,positive,0.138092372237,-0.0911438895345,-0.0302992603252,138.092372237,-91.1438895345,-30.2992603252,16.3475164235,16.3475164235,0.586739697067
1671,0,90,positive,0.138092372237,-0.093720155929,-0.0304568331364,138.092372237,-93.720155929,-30.4568331364,13.771250029,13.771250029,0.429166885852
1671,1,90,positive,0.138092372237,-0.0933745644793,-0.0304530507142,138.092372237,-93.3745644793,-30.4530507142,14.1168414786,14.1168414786,0.432949308043
1672,0,90,positive,0.138092372237,-0.0946681619587,-0.0303672913807,138.092372237,-94.6681619587,-30.3672913807,12.8232439992,12.8232439992,0.518708641588
1672,1,90,positive,0.138092372237,-0.0951363969342,-0.0303988611963,138.092372237,-95.1363969342,-30.3988611963,12.3550090238,12.3550090238,0.487138825991
1673,0,90,positive,0.138092372237,-0.0951363969342,-0.0303988611963,138.092372237,-95.1363969342,-30.3988611963,12.3550090238,12.3550090238,0.487138825991
1673,1,90,positive,0.138092372237,-0.0957567216527,-0.0303629832062,138.092372237,-95.7567216527,-30.3629832062,11.7346843053,11.7346843053,0.523016816097
1674,0,90,positive,0.138092372237,-0.0957794242667,-0.0303604848787,138.092372237,-95.7794242667,-30.3604848787,11.7119816913,11.7119816913,0.52551514362
1674,1,90,positive,0.138092372237,-0.0957567216527,-0.0303629832062,138.092372237,-95.7567216527,-30.3629832062,11.7346843053,11.7346843053,0.523016816097
1675,0,90,positive,0.138092372237,-0.0958003689263,-0.0303576981288,138.092372237,-95.8003689263,-30.3576981288,11.6910370317,11.6910370317,0.528301893486
1675,1,90,positive,0.138092372237,-0.0957794242667,-0.0303604848787,138.092372237,-95.7794242667,-30.3604848787,11.7119816913,11.7119816913,0.52551514362
1676,0,90,positive,0.138092372237,-0.0938610625749,-0.0304543105897,138.092372237,-93.8610625749,-30.4543105897,13.630343383,13.630343383,0.431689432628
1676,1,90,positive,0.138092372237,-0.0946681619587,-0.0303672913807,138.092372237,-94.6681619587,-30.3672913807,12.8232439992,12.8232439992,0.518708641588
1677,0,90,positive,0.138092372237,-0.0938610625749,-0.0304543105897,138.092372237,-93.8610625749,-30.4543105897,13.630343383,13.630343383,0.431689432628
1677,1,90,positive,0.138092372237,-0.093720155929,-0.0304568331364,138.092372237,-93.720155929,-30.4568331364,13.771250029,13.771250029,0.429166885852
1678,0,90,positive,0.138092372237,-0.0958003689263,-0.0303576981288,138.092372237,-95.8003689263,-30.3576981288,11.6910370317,11.6910370317,0.528301893486
1678,1,90,positive,0.138092372237,-0.0966967804533,-0.0303484944617,138.092372237,-96.6967804533,-30.3484944617,10.7946255047,10.7946255047,0.537505560601
1679,0,90,positive,0.138092372237,-0.0968754058009,-0.0303685801749,138.092372237,-96.8754058009,-30.3685801749,10.6160001571,10.6160001571,0.517419847344
1679,1,90,positive,0.138092372237,-0.0966967804533,-0.0303484944617,138.092372237,-96.6967804533,-30.3484944617,10.7946255047,10.7946255047,0.537505560601
1680,0,90,positive,0.138092372237,-0.0980140658533,-0.0240544740421,138.092372237,-98.0140658533,-24.0544740421,9.47734010469,9.47734010469,6.8315259802
1680,1,90,positive,0.138092372237,-0.0979953307264,-0.0240520012223,138.092372237,-97.9953307264,-24.0520012223,9.49607523157,9.49607523157,6.83399880001
1681,0,90,positive,0.138092372237,-0.097055283088,-0.0237415233102,138.092372237,-97.055283088,-23.7415233102,10.43612287,10.43612287,7.1444767121
1681,1,90,positive,0.138092372237,-0.0969201114158,-0.0237131876753,138.092372237,-96.9201114158,-23.7131876753,10.5712945421,10.5712945421,7.17281234696
1682,0,90,positive,0.138092372237,-0.0976548601728,-0.0238972233095,138.092372237,-97.6548601728,-23.8972233095,9.8365457852,9.8365457852,6.98877671282
1682,1,90,positive,0.138092372237,-0.0973797361385,-0.0238604785316,138.092372237,-97.3797361385,-23.8604785316,10.1116698195,10.1116698195,7.02552149065
1683,0,90,positive,0.138092372237,-0.0976548601728,-0.0238972233095,138.092372237,-97.6548601728,-23.8972233095,9.8365457852,9.8365457852,6.98877671282
1683,1,90,positive,0.138092372237,-0.0979953307264,-0.0240520012223,138.092372237,-97.9953307264,-24.0520012223,9.49607523157,9.49607523157,6.83399880001
1684,0,90,positive,0.138092372237,-0.097239339754,-0.0237814456559,138.092372237,-97.239339754,-23.7814456559,10.252066204,10.252066204,7.10455436637
1684,1,90,positive,0.138092372237,-0.097055283088,-0.0237415233102,138.092372237,-97.055283088,-23.7415233102,10.43612287,10.43612287,7.1444767121
1685,0,90,positive,0.138092372237,-0.097239339754,-0.0237814456559,138.092372237,-97.239339754,-23.7814456559,10.252066204,10.252066204,7.10455436637
1685,1,90,positive,0.138092372237,-0.0973797361385,-0.0238604785316,138.092372237,-97.3797361385,-23.8604785316,10.1116698195,10.1116698195,7.02552149065
1686,0,90,positive,0.138092372237,-0.0947674271477,-0.0238773453787,138.092372237,-94.7674271477,-23.8773453787,12.7239788103,12.7239788103,7.00865464364
1686,1,90,positive,0.138092372237,-0.09335863633,-0.0240636931495,138.092372237,-93.35863633,-24.0636931495,14.1327696279,14.1327696279,6.82230687277
1687,0,90,positive,0.138092372237,-0.0923625243377,-0.0238740125692,138.092372237,-92.3625243377,-23.8740125692,15.1288816203,15.1288816203,7.0119874531
1687,1,90,positive,0.138092372237,-0.0917832414469,-0.0237824972298,138.092372237,-91.7832414469,-23.7824972298,15.7081645111,15.7081645111,7.10350279247
1688,0,90,positive,0.138092372237,-0.0916062577293,-0.0237700400775,138.092372237,-91.6062577293,-23.7700400775,15.8851482287,15.8851482287,7.11595994475
1688,1,90,positive,0.138092372237,-0.0917832414469,-0.0237824972298,138.092372237,-91.7832414469,-23.7824972298,15.7081645111,15.7081645111,7.10350279247
1689,0,90,positive,0.138092372237,-0.0914414211111,-0.0237388977539,138.092372237,-91.4414211111,-23.7388977539,16.0499848469,16.0499848469,7.14710226838
1689,1,90,positive,0.138092372237,-0.0908635726355,-0.0237253042537,138.092372237,-90.8635726355,-23.7253042537,16.6278333225,16.6278333225,7.16069576857
1690,0,90,positive,0.138092372237,-0.0905027948664,-0.0236215433932,138.092372237,-90.5027948664,-23.6215433932,16.9886110916,16.9886110916,7.26445662907
1690,1,90,positive,0.138092372237,-0.0908635726355,-0.0237253042537,138.092372237,-90.8635726355,-23.7253042537,16.6278333225,16.6278333225,7.16069576857
1691,0,90,positive,0.138092372237,-0.0914414211111,-0.0237388977539,138.092372237,-91.4414211111,-23.7388977539,16.0499848469,16.0499848469,7.14710226838
1691,1,90,positive,0.138092372237,-0.0916062577293,-0.0237700400775,138.092372237,-91.6062577293,-23.7700400775,15.8851482287,15.8851482287,7.11595994475
1692,0,90,positive,0.138092372237,-0.092747167945,-0.0239428449754,138.092372237,-92.747167945,-23.9428449754,14.7442380129,14.7442380129,6.94315504686
1692,1,90,positive,0.138092372237,-0.0923625243377,-0.0238740125692,138.092372237,-92.3625243377,-23.8740125692,15.1288816203,15.1288816203,7.0119874531
1693,0,90,positive,0.138092372237,-0.0932709759415,-0.0240800565641,138.092372237,-93.2709759415,-24.0800565641,14.2204300164,14.2204300164,6.80594345818
1693,1,90,positive,0.138092372237,-0.092891933572,-0.0239897390667,138.092372237,-92.891933572,-23.9897390667,14.599472386,14.599472386,6.89626095563
1694,0,90,positive,0.138092372237,-0.0932709759415,-0.0240800565641,138.092372237,-93.2709759415,-24.0800565641,14.2204300164,14.2204300164,6.80594345818
1694,1,90,positive,0.138092372237,-0.09335863633,-0.0240636931495,138.092372237,-93.35863633,-24.0636931495,14.1327696279,14.1327696279,6.82230687277
1695,0,90,positive,0.138092372237,-0.092747167945,-0.0239428449754,138.092372237,-92.747167945,-23.9428449754,14.7442380129,14.7442380129,6.94315504686
1695,1,90,positive,0.138092372237,-0.092891933572,-0.0239897390667,138.092372237,-92.891933572,-23.9897390667,14.599472386,14.599472386,6.89626095563
1696,0,90,positive,0.138092372237,-0.0905027948664,-0.0236215433932,138.092372237,-90.5027948664,-23.6215433932,16.9886110916,16.9886110916,7.26445662907
1696,1,90,positive,0.138092372237,-0.0902883878747,-0.0235552564169,138.092372237,-90.2883878747,-23.5552564169,17.2030180833,17.2030180833,7.33074360543
1697,0,90,positive,0.138092372237,-0.096079290169,-0.0237655629104,138.092372237,-96.079290169,-23.7655629104,11.412115789,11.412115789,7.12043711192
1697,1,90,positive,0.138092372237,-0.0960259160964,-0.0237714714988,138.092372237,-96.0259160964,-23.7714714988,11.4654898616,11.4654898616,7.11452852345
1698,0,90,positive,0.138092372237,-0.0960259160964,-0.0237714714988,138.092372237,-96.0259160964,-23.7714714988,11.4654898616,11.4654898616,7.11452852345
1698,1,90,positive,0.138092372237,-0.0954376236495,-0.0238203682752,138.092372237,-95.4376236495,-23.8203682752,12.0537823085,12.0537823085,7.06563174709
1699,0,90,positive,0.138092372237,-0.0948845083606,-0.0238718342881,138.092372237,-94.8845083606,-23.8718342881,12.6068975974,12.6068975974,7.01416573416
1699,1,90,positive,0.138092372237,-0.0954376236495,-0.0238203682752,138.092372237,-95.4376236495,-23.8203682752,12.0537823085,12.0537823085,7.06563174709
1700,0,90,positive,0.138092372237,-0.0947674271477,-0.0238773453787,138.092372237,-94.7674271477,-23.8773453787,12.7239788103,12.7239788103,7.00865464364
1700,1,90,positive,0.138092372237,-0.094800793414,-0.0238713786472,138.092372237,-94.800793414,-23.8713786472,12.690612544,12.690612544,7.01462137514
1701,0,90,positive,0.138092372237,-0.0948266058417,-0.02387172412,138.092372237,-94.8266058417,-23.87172412,12.6648001163,12.6648001163,7.01427590228
1701,1,90,positive,0.138092372237,-0.0948845083606,-0.0238718342881,138.092372237,-94.8845083606,-23.8718342881,12.6068975974,12.6068975974,7.01416573416
1702,0,90,positive,0.138092372237,-0.094800793414,-0.0238713786472,138.092372237,-94.800793414,-23.8713786472,12.690612544,12.690612544,7.01462137514
1702,1,90,positive,0.138092372237,-0.0948266058417,-0.02387172412,138.092372237,-94.8266058417,-23.87172412,12.6648001163,12.6648001163,7.01427590228
1703,0,90,positive,0.138092372237,-0.096079290169,-0.0237655629104,138.092372237,-96.079290169,-23.7655629104,11.412115789,11.412115789,7.12043711192
1703,1,90,positive,0.138092372237,-0.0969201114158,-0.0237131876753,138.092372237,-96.9201114158,-23.7131876753,10.5712945421,10.5712945421,7.17281234696
1704,0,90,positive,0.138092372237,-0.0893746496473,-0.030463342361,138.092372237,-89.3746496473,-30.463342361,18.1167563107,18.1167563107,0.422657661303
1704,1,90,positive,0.138092372237,-0.089803458574,-0.0304623599651,138.092372237,-89.803458574,-30.4623599651,17.687947384,17.687947384,0.423640057224
1705,0,90,positive,0.138092372237,-0.0893746496473,-0.030463342361,138.092372237,-89.3746496473,-30.463342361,18.1167563107,18.1167563107,0.422657661303
1705,1,90,positive,0.138092372237,-0.0884610211187,-0.0304897606092,138.092372237,-88.4610211187,-30.4897606092,19.0303848393,19.0303848393,0.396239413105
1706,0,90,positive,0.138092372237,-0.089803458574,-0.0304623599651,138.092372237,-89.803458574,-30.4623599651,17.687947384,17.687947384,0.423640057224
1706,1,90,positive,0.138092372237,-0.090099771159,-0.0304342588866,138.092372237,-90.099771159,-30.4342588866,17.3916347989,17.3916347989,0.451741135687
1707,0,90,positive,0.138092372237,-0.0884610211187,-0.0304897606092,138.092372237,-88.4610211187,-30.4897606092,19.0303848393,19.0303848393,0.396239413105
1707,1,90,positive,0.138092372237,-0.0875358156721,-0.0305080540135,138.092372237,-87.5358156721,-30.5080540135,19.9555902858,19.9555902858,0.377946008759
1708,0,90,positive,0.138092372237,-0.0907771003789,-0.0303035690502,138.092372237,-90.7771003789,-30.3035690502,16.7143055791,16.7143055791,0.582430972092
1708,1,90,positive,0.138092372237,-0.090099771159,-0.0304342588866,138.092372237,-90.099771159,-30.4342588866,17.3916347989,17.3916347989,0.451741135687
1709,0,90,positive,0.138092372237,-0.0884460929847,-0.0234026874456,138.092372237,-88.4460929847,-23.4026874456,19.0453129732,19.0453129732,7.48331257665
1709,1,90,positive,0.138092372237,-0.0883833460221,-0.0234039563688,138.092372237,-88.3833460221,-23.4039563688,19.1080599359,19.1080599359,7.48204365349
1710,0,90,positive,0.138092372237,-0.0874776081687,-0.0233853406566,138.092372237,-87.4776081687,-23.3853406566,20.0137977893,20.0137977893,7.50065936572
1710,1,90,positive,0.138092372237,-0.0883833460221,-0.0234039563688,138.092372237,-88.3833460221,-23.4039563688,19.1080599359,19.1080599359,7.48204365349
1711,0,90,positive,0.138092372237,-0.0902883878747,-0.0235552564169,138.092372237,-90.2883878747,-23.5552564169,17.2030180833,17.2030180833,7.33074360543
1711,1,90,positive,0.138092372237,-0.0898202870126,-0.0235202083327,138.092372237,-89.8202870126,-23.5202083327,17.6711189454,17.6711189454,7.36579168964
1712,0,90,positive,0.138092372237,-0.0895054668303,-0.0235134966272,138.092372237,-89.5054668303,-23.5134966272,17.9859391277,17.9859391277,7.3725033951
1712,1,90,positive,0.138092372237,-0.0898202870126,-0.0235202083327,138.092372237,-89.8202870126,-23.5202083327,17.6711189454,17.6711189454,7.36579168964
1713,0,90,positive,0.138092372237,-0.0884812212176,-0.0234081255694,138.092372237,-88.4812212176,-23.4081255694,19.0101847403,19.0101847403,7.47787445287
1713,1,90,positive,0.138092372237,-0.0884460929847,-0.0234026874456,138.092372237,-88.4460929847,-23.4026874456,19.0453129732,19.0453129732,7.48331257665
1714,0,90,positive,0.138092372237,-0.0886275342006,-0.0234262028475,138.092372237,-88.6275342006,-23.4262028475,18.8638717574,18.8638717574,7.45979717481
1714,1,90,positive,0.138092372237,-0.0884812212176,-0.0234081255694,138.092372237,-88.4812212176,-23.4081255694,19.0101847403,19.0101847403,7.47787445287
1715,0,90,positive,0.138092372237,-0.0886275342006,-0.0234262028475,138.092372237,-88.6275342006,-23.4262028475,18.8638717574,18.8638717574,7.45979717481
1715,1,90,positive,0.138092372237,-0.0895054668303,-0.0235134966272,138.092372237,-89.5054668303,-23.5134966272,17.9859391277,17.9859391277,7.3725033951
1716,0,90,positive,0.138092372237,-0.0871446193829,-0.0233664290618,138.092372237,-87.1446193829,-23.3664290618,20.3467865751,20.3467865751,7.5195709605
1716,1,90,positive,0.138092372237,-0.0866720555342,-0.0234240288745,138.092372237,-86.6720555342,-23.4240288745,20.8193504238,20.8193504238,7.4619711478
1717,0,90,positive,0.138092372237,-0.0863854846207,-0.0234126058261,138.092372237,-86.3854846207,-23.4126058261,21.1059213373,21.1059213373,7.47339419616
1717,1,90,positive,0.138092372237,-0.0860814761914,-0.0234340776701,138.092372237,-86.0814761914,-23.4340776701,21.4099297666,21.4099297666,7.45192235218
1718,0,90,positive,0.138092372237,-0.0866720555342,-0.0234240288745,138.092372237,-86.6720555342,-23.4240288745,20.8193504238,20.8193504238,7.4619711478
1718,1,90,positive,0.138092372237,-0.0864590265827,-0.0233845236505,138.092372237,-86.4590265827,-23.3845236505,21.0323793753,21.0323793753,7.50147637181
1719,0,90,positive,0.138092372237,-0.0863854846207,-0.0234126058261,138.092372237,-86.3854846207,-23.4126058261,21.1059213373,21.1059213373,7.47339419616
1719,1,90,positive,0.138092372237,-0.0864590265827,-0.0233845236505,138.092372237,-86.4590265827,-23.3845236505,21.0323793753,21.0323793753,7.50147637181
1720,0,90,positive,0.138092372237,-0.0871446193829,-0.0233664290618,138.092372237,-87.1446193829,-23.3664290618,20.3467865751,20.3467865751,7.5195709605
1720,1,90,positive,0.138092372237,-0.0874776081687,-0.0233853406566,138.092372237,-87.4776081687,-23.3853406566,20.0137977893,20.0137977893,7.50065936572
1721,0,90,positive,0.138092372237,-0.10045045776,-0.0303552696291,138.092372237,-100.45045776,-30.3552696291,7.04094819826,7.04094819826,0.530730393192
1721,1,90,positive,0.138092372237,-0.101769417979,-0.0302513195201,138.092372237,-101.769417979,-30.2513195201,5.72198797915,5.72198797915,0.63468050218
1722,0,90,positive,0.138092372237,-0.101769417979,-0.0302513195201,138.092372237,-101.769417979,-30.2513195201,5.72198797915,5.72198797915,0.63468050218
1722,1,90,positive,0.138092372237,-0.102521444979,-0.0302253776256,138.092372237,-102.521444979,-30.2253776256,4.96996097935,4.96996097935,0.660622396717
1723,0,90,positive,0.138092372237,-0.0990141724428,-0.0303883800053,138.092372237,-99.0141724428,-30.3883800053,8.47723351517,8.47723351517,0.497620016951
1723,1,90,positive,0.138092372237,-0.100328931654,-0.0303646229903,138.092372237,-100.328931654,-30.3646229903,7.16247430421,7.16247430421,0.521377032015
1724,0,90,positive,0.138092372237,-0.0981824407927,-0.0302961912587,138.092372237,-98.1824407927,-30.2961912587,9.30896516525,9.30896516525,0.589808763548
1724,1,90,positive,0.138092372237,-0.0988106908321,-0.0303739985578,138.092372237,-98.8106908321,-30.3739985578,8.68071512591,8.68071512591,0.51200146448
1725,0,90,positive,0.138092372237,-0.0990141724428,-0.0303883800053,138.092372237,-99.0141724428,-30.3883800053,8.47723351517,8.47723351517,0.497620016951
1725,1,90,positive,0.138092372237,-0.0988106908321,-0.0303739985578,138.092372237,-98.8106908321,-30.3739985578,8.68071512591,8.68071512591,0.51200146448
1726,0,90,positive,0.138092372237,-0.100393931174,-0.0303610517107,138.092372237,-100.393931174,-30.3610517107,7.09747478373,7.09747478373,0.524948311595
1726,1,90,positive,0.138092372237,-0.100328931654,-0.0303646229903,138.092372237,-100.328931654,-30.3646229903,7.16247430421,7.16247430421,0.521377032015
1727,0,90,positive,0.138092372237,-0.10045045776,-0.0303552696291,138.092372237,-100.45045776,-30.3552696291,7.04094819826,7.04094819826,0.530730393192
1727,1,90,positive,0.138092372237,-0.100393931174,-0.0303610517107,138.092372237,-100.393931174,-30.3610517107,7.09747478373,7.09747478373,0.524948311595
1728,0,90,positive,0.138092372237,-0.101884129731,-0.024248864122,138.092372237,-101.884129731,-24.248864122,5.60727622723,5.60727622723,6.63713590027
1728,1,90,positive,0.138092372237,-0.1013123107,-0.0241650981875,138.092372237,-101.3123107,-24.1650981875,6.17909525755,6.17909525755,6.72090183478
1729,0,90,positive,0.138092372237,-0.101061941273,-0.024093393465,138.092372237,-101.061941273,-24.093393465,6.42946468539,6.42946468539,6.79260655733
1729,1,90,positive,0.138092372237,-0.100648563124,-0.0240352942235,138.092372237,-100.648563124,-24.0352942235,6.8428428341,6.8428428341,6.8507057988
1730,0,90,positive,0.138092372237,-0.100108572468,-0.0240353694159,138.092372237,-100.108572468,-24.0353694159,7.38283348952,7.38283348952,6.85063060643
1730,1,90,positive,0.138092372237,-0.10047284679,-0.02401371505,138.092372237,-100.47284679,-24.01371505,7.01855916812,7.01855916812,6.87228497232
1731,0,90,positive,0.138092372237,-0.100648563124,-0.0240352942235,138.092372237,-100.648563124,-24.0352942235,6.8428428341,6.8428428341,6.8507057988
1731,1,90,positive,0.138092372237,-0.10047284679,-0.02401371505,138.092372237,-100.47284679,-24.01371505,7.01855916812,7.01855916812,6.87228497232
1732,0,90,positive,0.138092372237,-0.101061941273,-0.024093393465,138.092372237,-101.061941273,-24.093393465,6.42946468539,6.42946468539,6.79260655733
1732,1,90,positive,0.138092372237,-0.1013123107,-0.0241650981875,138.092372237,-101.3123107,-24.1650981875,6.17909525755,6.17909525755,6.72090183478
1733,0,90,positive,0.138092372237,-0.0980140658533,-0.0240544740421,138.092372237,-98.0140658533,-24.0544740421,9.47734010469,9.47734010469,6.8315259802
1733,1,90,positive,0.138092372237,-0.0987094292092,-0.0240604339091,138.092372237,-98.7094292092,-24.0604339091,8.78197674874,8.78197674874,6.8255661132
1734,0,90,positive,0.138092372237,-0.100108572468,-0.0240353694159,138.092372237,-100.108572468,-24.0353694159,7.38283348952,7.38283348952,6.85063060643
1734,1,90,positive,0.138092372237,-0.0991389350818,-0.0240709743445,138.092372237,-99.1389350818,-24.0709743445,8.35247087619,8.35247087619,6.81502567782
1735,0,90,positive,0.138092372237,-0.0987823874762,-0.0240738859897,138.092372237,-98.7823874762,-24.0738859897,8.70901848174,8.70901848174,6.81211403263
1735,1,90,positive,0.138092372237,-0.0991389350818,-0.0240709743445,138.092372237,-99.1389350818,-24.0709743445,8.35247087619,8.35247087619,6.81502567782
1736,0,90,positive,0.138092372237,-0.0987094292092,-0.0240604339091,138.092372237,-98.7094292092,-24.0604339091,8.78197674874,8.78197674874,6.8255661132
1736,1,90,positive,0.138092372237,-0.0987823874762,-0.0240738859897,138.092372237,-98.7823874762,-24.0738859897,8.70901848174,8.70901848174,6.81211403263
1737,0,90,positive,0.138092372237,-0.101884129731,-0.024248864122,138.092372237,-101.884129731,-24.248864122,5.60727622723,5.60727622723,6.63713590027
1737,1,90,positive,0.138092372237,-0.102507229301,-0.024230218553,138.092372237,-102.507229301,-24.230218553,4.98417665743,4.98417665743,6.65578146926
1738,0,90,positive,0.138092372237,-0.106057805903,-0.0303469693833,138.092372237,-106.057805903,-30.3469693833,1.43360005504,1.43360005504,0.539030638984
1738,1,90,positive,0.138092372237,-0.106018300663,-0.0303318044411,138.092372237,-106.018300663,-30.3318044411,1.47310529496,1.47310529496,0.554195581175
1739,0,90,positive,0.138092372237,-0.10392888419,-0.0302473301706,138.092372237,-103.92888419,-30.2473301706,3.56252176763,3.56252176763,0.638669851722
1739,1,90,positive,0.138092372237,-0.104729703654,-0.0302970587938,138.092372237,-104.729703654,-30.2970587938,2.76170230421,2.76170230421,0.588941228504
1740,0,90,positive,0.138092372237,-0.103683623576,-0.0302575092539,138.092372237,-103.683623576,-30.2575092539,3.80778238165,3.80778238165,0.628490768419
1740,1,90,positive,0.138092372237,-0.10392888419,-0.0302473301706,138.092372237,-103.92888419,-30.2473301706,3.56252176763,3.56252176763,0.638669851722
1741,0,90,positive,0.138092372237,-0.103683623576,-0.0302575092539,138.092372237,-103.683623576,-30.2575092539,3.80778238165,3.80778238165,0.628490768419
1741,1,90,positive,0.138092372237,-0.102521444979,-0.0302253776256,138.092372237,-102.521444979,-30.2253776256,4.96996097935,4.96996097935,0.660622396717
1742,0,90,positive,0.138092372237,-0.105792982913,-0.0303316531695,138.092372237,-105.792982913,-30.3316531695,1.69842304528,1.69842304528,0.554346852835
1742,1,90,positive,0.138092372237,-0.104729703654,-0.0302970587938,138.092372237,-104.729703654,-30.2970587938,2.76170230421,2.76170230421,0.588941228504
1743,0,90,positive,0.138092372237,-0.106018300663,-0.0303318044411,138.092372237,-106.018300663,-30.3318044411,1.47310529496,1.47310529496,0.554195581175
1743,1,90,positive,0.138092372237,-0.105792982913,-0.0303316531695,138.092372237,-105.792982913,-30.3316531695,1.69842304528,1.69842304528,0.554346852835
1744,0,90,negative,0.138092372237,-0.10822300677,-0.0303772841274,138.092372237,-108.22300677,-30.3772841274,-0.731600812005,0.731600812005,0.508715894852
1744,1,90,negative,0.138092372237,-0.108757659888,-0.0303622657817,138.092372237,-108.757659888,-30.3622657817,-1.26625392992,1.26625392992,0.523734240631
1745,0,90,negative,0.138092372237,-0.108757659888,-0.0303622657817,138.092372237,-108.757659888,-30.3622657817,-1.26625392992,1.26625392992,0.523734240631
1745,1,90,negative,0.138092372237,-0.109353251131,-0.0303779706602,138.092372237,-109.353251131,-30.3779706602,-1.86184517326,1.86184517326,0.508029362075
1746,0,90,negative,0.138092372237,-0.109553017223,-0.0303889828407,138.092372237,-109.553017223,-30.3889828407,-2.06161126476,2.06161126476,0.497017181551
1746,1,90,negative,0.138092372237,-0.109353251131,-0.0303779706602,138.092372237,-109.353251131,-30.3779706602,-1.86184517326,1.86184517326,0.508029362075
1747,0,90,negative,0.138092372237,-0.112414189563,-0.0304788906124,138.092372237,-112.414189563,-30.4788906124,-4.92278360521,4.92278360521,0.407109409881
1747,1,90,negative,0.138092372237,-0.11314451049,-0.0305236039926,138.092372237,-113.14451049,-30.5236039926,-5.6531045316,5.6531045316,0.362396029726
1748,0,90,negative,0.138092372237,-0.11314451049,-0.0305236039926,138.092372237,-113.14451049,-30.5236039926,-5.6531045316,5.6531045316,0.362396029726
1748,1,90,negative,0.138092372237,-0.113818197012,-0.0305065044677,138.092372237,-113.818197012,-30.5065044677,-6.32679105365,6.32679105365,0.379495554594
1749,0,90,negative,0.138092372237,-0.112414189563,-0.0304788906124,138.092372237,-112.414189563,-30.4788906124,-4.92278360521,4.92278360521,0.407109409881
1749,1,90,negative,0.138092372237,-0.112256050649,-0.0304678613479,138.092372237,-112.256050649,-30.4678613479,-4.76464469092,4.76464469092,0.418138674409
1750,0,90,negative,0.138092372237,-0.110653490584,-0.0303816330826,138.092372237,-110.653490584,-30.3816330826,-3.16208462646,3.16208462646,0.504366939738
1750,1,90,negative,0.138092372237,-0.111616251259,-0.0304817942115,138.092372237,-111.616251259,-30.4817942115,-4.12484530147,4.12484530147,0.404205810802
1751,0,90,negative,0.138092372237,-0.110653490584,-0.0303816330826,138.092372237,-110.653490584,-30.3816330826,-3.16208462646,3.16208462646,0.504366939738
1751,1,90,negative,0.138092372237,-0.110637885235,-0.0303805849715,138.092372237,-110.637885235,-30.3805849715,-3.14647927742,3.14647927742,0.505415050786
1752,0,90,negative,0.138092372237,-0.109553017223,-0.0303889828407,138.092372237,-109.553017223,-30.3889828407,-2.06161126476,2.06161126476,0.497017181551
1752,1,90,negative,0.138092372237,-0.110625076274,-0.0303802403985,138.092372237,-110.625076274,-30.3802403985,-3.13367031609,3.13367031609,0.505759623764
1753,0,90,negative,0.138092372237,-0.110637885235,-0.0303805849715,138.092372237,-110.637885235,-30.3805849715,-3.14647927742,3.14647927742,0.505415050786
1753,1,90,negative,0.138092372237,-0.110625076274,-0.0303802403985,138.092372237,-110.625076274,-30.3802403985,-3.13367031609,3.13367031609,0.505759623764
1754,0,90,negative,0.138092372237,-0.111616251259,-0.0304817942115,138.092372237,-111.616251259,-30.4817942115,-4.12484530147,4.12484530147,0.404205810802
1754,1,90,negative,0.138092372237,-0.112256050649,-0.0304678613479,138.092372237,-112.256050649,-30.4678613479,-4.76464469092,4.76464469092,0.418138674409
1755,0,90,positive,0.138092372237,-0.106057805903,-0.0303469693833,138.092372237,-106.057805903,-30.3469693833,1.43360005504,1.43360005504,0.539030638984
1755,1,90,negative,0.138092372237,-0.107579772747,-0.0303889529253,138.092372237,-107.579772747,-30.3889529253,-0.0883667887871,0.0883667887871,0.497047097011
1756,0,90,negative,0.138092372237,-0.10822300677,-0.0303772841274,138.092372237,-108.22300677,-30.3772841274,-0.731600812005,0.731600812005,0.508715894852
1756,1,90,negative,0.138092372237,-0.107579772747,-0.0303889529253,138.092372237,-107.579772747,-30.3889529253,-0.0883667887871,0.0883667887871,0.497047097011
1757,0,90,positive,0.138092372237,-0.106045636487,-0.0245562474145,138.092372237,-106.045636487,-24.5562474145,1.44576947143,1.44576947143,6.32975260777
1757,1,90,positive,0.138092372237,-0.105828626218,-0.0244902811133,138.092372237,-105.828626218,-24.4902811133,1.66277974031,1.66277974031,6.39571890901
1758,0,90,positive,0.138092372237,-0.105009113987,-0.0243295901181,138.092372237,-105.009113987,-24.3295901181,2.48229197115,2.48229197115,6.55640990417
1758,1,90,positive,0.138092372237,-0.105828626218,-0.0244902811133,138.092372237,-105.828626218,-24.4902811133,1.66277974031,1.66277974031,6.39571890901
1759,0,90,positive,0.138092372237,-0.105009113987,-0.0243295901181,138.092372237,-105.009113987,-24.3295901181,2.48229197115,2.48229197115,6.55640990417
1759,1,90,positive,0.138092372237,-0.10491111397,-0.0243136162329,138.092372237,-104.91111397,-24.3136162329,2.58029198767,2.58029198767,6.57238378935
1760,0,90,positive,0.138092372237,-0.10278262676,-0.0241848308835,138.092372237,-102.78262676,-24.1848308835,4.70877919795,4.70877919795,6.70116913878
1760,1,90,positive,0.138092372237,-0.102507229301,-0.024230218553,138.092372237,-102.507229301,-24.230218553,4.98417665743,4.98417665743,6.65578146926
1761,0,90,positive,0.138092372237,-0.10278262676,-0.0241848308835,138.092372237,-102.78262676,-24.1848308835,4.70877919795,4.70877919795,6.70116913878
1761,1,90,positive,0.138092372237,-0.103047266877,-0.0241699189375,138.092372237,-103.047266877,-24.1699189375,4.4441390806,4.4441390806,6.7160810848
1762,0,90,positive,0.138092372237,-0.10491111397,-0.0243136162329,138.092372237,-104.91111397,-24.3136162329,2.58029198767,2.58029198767,6.57238378935
1762,1,90,positive,0.138092372237,-0.104458339115,-0.0242971561103,138.092372237,-104.458339115,-24.2971561103,3.03306684274,3.03306684274,6.58884391201
1763,0,90,positive,0.138092372237,-0.104458339115,-0.0242971561103,138.092372237,-104.458339115,-24.2971561103,3.03306684274,3.03306684274,6.58884391201
1763,1,90,positive,0.138092372237,-0.103759193389,-0.024223377841,138.092372237,-103.759193389,-24.223377841,3.73221256877,3.73221256877,6.66262218133
1764,0,90,positive,0.138092372237,-0.103133665167,-0.0241688083716,138.092372237,-103.133665167,-24.1688083716,4.35774079142,4.35774079142,6.71719165065
1764,1,90,positive,0.138092372237,-0.103759193389,-0.024223377841,138.092372237,-103.759193389,-24.223377841,3.73221256877,3.73221256877,6.66262218133
1765,0,90,positive,0.138092372237,-0.103047266877,-0.0241699189375,138.092372237,-103.047266877,-24.1699189375,4.4441390806,4.4441390806,6.7160810848
1765,1,90,positive,0.138092372237,-0.103133665167,-0.0241688083716,138.092372237,-103.133665167,-24.1688083716,4.35774079142,4.35774079142,6.71719165065
1766,0,90,negative,0.138092372237,-0.108763133613,-0.0248488409617,138.092372237,-108.763133613,-24.8488409617,-1.27172765468,1.27172765468,6.0371590606
1766,1,90,negative,0.138092372237,-0.108570880461,-0.0248033288909,138.092372237,-108.570880461,-24.8033288909,-1.07947450264,1.07947450264,6.08267113144
1767,0,90,negative,0.138092372237,-0.109418972416,-0.0248507097822,138.092372237,-109.418972416,-24.8507097822,-1.92756645839,1.92756645839,6.03529024008
1767,1,90,negative,0.138092372237,-0.109410635462,-0.0250186087307,138.092372237,-109.410635462,-25.0186087307,-1.91922950378,1.91922950378,5.86739129159
1768,0,90,negative,0.138092372237,-0.109816081495,-0.0248928834136,138.092372237,-109.816081495,-24.8928834136,-2.32467553718,2.32467553718,5.99311660871
1768,1,90,negative,0.138092372237,-0.109418972416,-0.0248507097822,138.092372237,-109.418972416,-24.8507097822,-1.92756645839,1.92756645839,6.03529024008
1769,0,90,negative,0.138092372237,-0.109410635462,-0.0250186087307,138.092372237,-109.410635462,-25.0186087307,-1.91922950378,1.91922950378,5.86739129159
1769,1,90,negative,0.138092372237,-0.109164738501,-0.0250195312411,138.092372237,-109.164738501,-25.0195312411,-1.67333254301,1.67333254301,5.86646878119
1770,0,90,negative,0.138092372237,-0.108763133613,-0.0248488409617,138.092372237,-108.763133613,-24.8488409617,-1.27172765468,1.27172765468,6.0371590606
1770,1,90,negative,0.138092372237,-0.109164738501,-0.0250195312411,138.092372237,-109.164738501,-25.0195312411,-1.67333254301,1.67333254301,5.86646878119
1771,0,90,negative,0.138092372237,-0.114340104619,-0.0249279146759,138.092372237,-114.340104619,-24.9279146759,-6.8486986615,6.8486986615,5.95808534641
1771,1,90,negative,0.138092372237,-0.114253422859,-0.0249062114298,138.092372237,-114.253422859,-24.9062114298,-6.76201690072,6.76201690072,5.97978859246
1772,0,90,negative,0.138092372237,-0.114253422859,-0.0249062114298,138.092372237,-114.253422859,-24.9062114298,-6.76201690072,6.76201690072,5.97978859246
1772,1,90,negative,0.138092372237,-0.114224458177,-0.0249057601958,138.092372237,-114.224458177,-24.9057601958,-6.73305221896,6.73305221896,5.98023982647
1773,0,90,negative,0.138092372237,-0.113670417436,-0.0248419379362,138.092372237,-113.670417436,-24.8419379362,-6.17901147837,6.17901147837,6.04406208607
1773,1,90,negative,0.138092372237,-0.114224458177,-0.0249057601958,138.092372237,-114.224458177,-24.9057601958,-6.73305221896,6.73305221896,5.98023982647
1774,0,90,negative,0.138092372237,-0.113670417436,-0.0248419379362,138.092372237,-113.670417436,-24.8419379362,-6.17901147837,6.17901147837,6.04406208607
1774,1,90,negative,0.138092372237,-0.113502046224,-0.0248271085932,138.092372237,-113.502046224,-24.8271085932,-6.01064026632,6.01064026632,6.05889142914
1775,0,90,negative,0.138092372237,-0.113059572068,-0.024859897113,138.092372237,-113.059572068,-24.859897113,-5.56816611039,5.56816611039,6.02610290929
1775,1,90,negative,0.138092372237,-0.113502046224,-0.0248271085932,138.092372237,-113.502046224,-24.8271085932,-6.01064026632,6.01064026632,6.05889142914
1776,0,90,negative,0.138092372237,-0.112249148668,-0.0249833575079,138.092372237,-112.249148668,-24.9833575079,-4.75774270952,4.75774270952,5.90264251437
1776,1,90,negative,0.138092372237,-0.112113005575,-0.0249625335244,138.092372237,-112.113005575,-24.9625335244,-4.62159961725,4.62159961725,5.92346649789
1777,0,90,negative,0.138092372237,-0.112113005575,-0.0249625335244,138.092372237,-112.113005575,-24.9625335244,-4.62159961725,4.62159961725,5.92346649789
1777,1,90,negative,0.138092372237,-0.111935081037,-0.0250471570779,138.092372237,-111.935081037,-25.0471570779,-4.44367507857,4.44367507857,5.83884294439
1778,0,90,negative,0.138092372237,-0.112591649259,-0.0249114297743,138.092372237,-112.591649259,-24.9114297743,-5.10024330091,5.10024330091,5.97457024802
1778,1,90,negative,0.138092372237,-0.112249148668,-0.0249833575079,138.092372237,-112.249148668,-24.9833575079,-4.75774270952,4.75774270952,5.90264251437
1779,0,90,negative,0.138092372237,-0.111935081037,-0.0250471570779,138.092372237,-111.935081037,-25.0471570779,-4.44367507857,4.44367507857,5.83884294439
1779,1,90,negative,0.138092372237,-0.111644693199,-0.0249527845256,138.092372237,-111.644693199,-24.9527845256,-4.15328724086,4.15328724086,5.93321549669
1780,0,90,negative,0.138092372237,-0.112591649259,-0.0249114297743,138.092372237,-112.591649259,-24.9114297743,-5.10024330091,5.10024330091,5.97457024802
1780,1,90,negative,0.138092372237,-0.113059572068,-0.024859897113,138.092372237,-113.059572068,-24.859897113,-5.56816611039,5.56816611039,6.02610290929
1781,0,90,negative,0.138092372237,-0.110939045311,-0.0248433189158,138.092372237,-110.939045311,-24.8433189158,-3.44763935316,3.44763935316,6.04268110646
1781,1,90,negative,0.138092372237,-0.110842117632,-0.0248326948033,138.092372237,-110.842117632,-24.8326948033,-3.35071167437,3.35071167437,6.05330521903
1782,0,90,negative,0.138092372237,-0.110842117632,-0.0248326948033,138.092372237,-110.842117632,-24.8326948033,-3.35071167437,3.35071167437,6.05330521903
1782,1,90,negative,0.138092372237,-0.110777093495,-0.024835763396,138.092372237,-110.777093495,-24.835763396,-3.2856875374,3.2856875374,6.05023662633
1783,0,90,negative,0.138092372237,-0.110507974802,-0.0248798376214,138.092372237,-110.507974802,-24.8798376214,-3.01656884416,3.01656884416,6.00616240092
1783,1,90,negative,0.138092372237,-0.110049939174,-0.0248205590471,138.092372237,-110.049939174,-24.8205590471,-2.55853321565,2.55853321565,6.06544097516
1784,0,90,negative,0.138092372237,-0.110507974802,-0.0248798376214,138.092372237,-110.507974802,-24.8798376214,-3.01656884416,3.01656884416,6.00616240092
1784,1,90,negative,0.138092372237,-0.110777093495,-0.024835763396,138.092372237,-110.777093495,-24.835763396,-3.2856875374,3.2856875374,6.05023662633
1785,0,90,negative,0.138092372237,-0.110939045311,-0.0248433189158,138.092372237,-110.939045311,-24.8433189158,-3.44763935316,3.44763935316,6.04268110646
1785,1,90,negative,0.138092372237,-0.111401366456,-0.0249392387811,138.092372237,-111.401366456,-24.9392387811,-3.90996049763,3.90996049763,5.94676124114
1786,0,90,negative,0.138092372237,-0.111401366456,-0.0249392387811,138.092372237,-111.401366456,-24.9392387811,-3.90996049763,3.90996049763,5.94676124114
1786,1,90,negative,0.138092372237,-0.111424106302,-0.0249838493117,138.092372237,-111.424106302,-24.9838493117,-3.93270034429,3.93270034429,5.90215071057
1787,0,90,negative,0.138092372237,-0.109816081495,-0.0248928834136,138.092372237,-109.816081495,-24.8928834136,-2.32467553718,2.32467553718,5.99311660871
1787,1,90,negative,0.138092372237,-0.110049939174,-0.0248205590471,138.092372237,-110.049939174,-24.8205590471,-2.55853321565,2.55853321565,6.06544097516
1788,0,90,negative,0.138092372237,-0.111424106302,-0.0249838493117,138.092372237,-111.424106302,-24.9838493117,-3.93270034429,3.93270034429,5.90215071057
1788,1,90,negative,0.138092372237,-0.111644693199,-0.0249527845256,138.092372237,-111.644693199,-24.9527845256,-4.15328724086,4.15328724086,5.93321549669
1789,0,90,negative,0.138092372237,-0.107584633388,-0.0247094892493,138.092372237,-107.584633388,-24.7094892493,-0.093227430321,0.093227430321,6.17651077299
1789,1,90,negative,0.138092372237,-0.107533617251,-0.0246985685815,138.092372237,-107.533617251,-24.6985685815,-0.042211292815,0.042211292815,6.18743144081
1790,0,90,negative,0.138092372237,-0.107639160227,-0.0247177174551,138.092372237,-107.639160227,-24.7177174551,-0.14775426854,0.14775426854,6.16828256716
1790,1,90,negative,0.138092372237,-0.107584633388,-0.0247094892493,138.092372237,-107.584633388,-24.7094892493,-0.093227430321,0.093227430321,6.17651077299
1791,0,90,negative,0.138092372237,-0.107533617251,-0.0246985685815,138.092372237,-107.533617251,-24.6985685815,-0.042211292815,0.042211292815,6.18743144081
1791,1,90,positive,0.138092372237,-0.107459327275,-0.0246948619484,138.092372237,-107.459327275,-24.6948619484,0.032078682542,0.032078682542,6.19113807385
1792,0,90,positive,0.138092372237,-0.107459327275,-0.0246948619484,138.092372237,-107.459327275,-24.6948619484,0.032078682542,0.032078682542,6.19113807385
1792,1,90,positive,0.138092372237,-0.107337871663,-0.0246967152664,138.092372237,-107.337871663,-24.6967152664,0.153534295283,0.153534295283,6.1892847559
1793,0,90,negative,0.138092372237,-0.1077413517,-0.0247426250236,138.092372237,-107.7413517,-24.7426250236,-0.249945742031,0.249945742031,6.14337499866
1793,1,90,negative,0.138092372237,-0.107639160227,-0.0247177174551,138.092372237,-107.639160227,-24.7177174551,-0.14775426854,0.14775426854,6.16828256716
1794,0,90,positive,0.138092372237,-0.106885362798,-0.0247084159079,138.092372237,-106.885362798,-24.7084159079,0.606043160393,0.606043160393,6.17758411441
1794,1,90,positive,0.138092372237,-0.106369795659,-0.0246473082012,138.092372237,-106.369795659,-24.6473082012,1.1216102985,1.1216102985,6.23869182114
1795,0,90,positive,0.138092372237,-0.106045636487,-0.0245562474145,138.092372237,-106.045636487,-24.5562474145,1.44576947143,1.44576947143,6.32975260777
1795,1,90,positive,0.138092372237,-0.106369795659,-0.0246473082012,138.092372237,-106.369795659,-24.6473082012,1.1216102985,1.1216102985,6.23869182114
1796,0,90,positive,0.138092372237,-0.106885362798,-0.0247084159079,138.092372237,-106.885362798,-24.7084159079,0.606043160393,0.606043160393,6.17758411441
1796,1,90,positive,0.138092372237,-0.107337871663,-0.0246967152664,138.092372237,-107.337871663,-24.6967152664,0.153534295283,0.153534295283,6.1892847559
1797,0,90,negative,0.138092372237,-0.1077413517,-0.0247426250236,138.092372237,-107.7413517,-24.7426250236,-0.249945742031,0.249945742031,6.14337499866
1797,1,90,negative,0.138092372237,-0.108254954922,-0.0248251462122,138.092372237,-108.254954922,-24.8251462122,-0.76354896446,0.76354896446,6.06085381009
1798,0,90,negative,0.138092372237,-0.108254954922,-0.0248251462122,138.092372237,-108.254954922,-24.8251462122,-0.76354896446,0.76354896446,6.06085381009
1798,1,90,negative,0.138092372237,-0.108570880461,-0.0248033288909,138.092372237,-108.570880461,-24.8033288909,-1.07947450264,1.07947450264,6.08267113144
1799,0,90,negative,0.138092372237,-0.171555984738,0.0267750458439,138.092372237,-171.555984738,26.7750458439,-64.0645787798,64.0645787798,57.6610458662
1799,1,90,negative,0.138092372237,-0.171556101697,0.0267752181166,138.092372237,-171.556101697,26.7752181166,-64.0646957388,64.0646957388,57.6612181389
1800,0,90,negative,0.138092372237,-0.171556101697,0.0267752181166,138.092372237,-171.556101697,26.7752181166,-64.0646957388,64.0646957388,57.6612181389
1800,1,90,negative,0.138092372237,-0.171556579188,0.0267759851641,138.092372237,-171.556579188,26.7759851641,-64.0651732301,64.0651732301,57.6619851864
1801,0,90,negative,0.138092372237,-0.17229853626,0.0280072074202,138.092372237,-172.29853626,28.0072074202,-64.8071303017,64.8071303017,58.8932074425
1801,1,90,negative,0.138092372237,-0.171556579188,0.0267759851641,138.092372237,-171.556579188,26.7759851641,-64.0651732301,64.0651732301,57.6619851864
1802,0,90,negative,0.138092372237,-0.169996940463,0.0244643682243,138.092372237,-169.996940463,24.4643682243,-62.5055345054,62.5055345054,55.3503682466
1802,1,90,negative,0.138092372237,-0.170572660899,0.0252737097552,138.092372237,-170.572660899,25.2737097552,-63.0812549406,63.0812549406,56.1597097775
1803,0,90,negative,0.138092372237,-0.170814492389,0.0256056156369,138.092372237,-170.814492389,25.6056156369,-63.3230864312,63.3230864312,56.4916156592
1803,1,90,negative,0.138092372237,-0.170572660899,0.0252737097552,138.092372237,-170.572660899,25.2737097552,-63.0812549406,63.0812549406,56.1597097775
1804,0,90,negative,0.138092372237,-0.171555316051,0.0267739235315,138.092372237,-171.555316051,26.7739235315,-64.063910093,64.063910093,57.6599235538
1804,1,90,negative,0.138092372237,-0.171555984738,0.0267750458439,138.092372237,-171.555984738,26.7750458439,-64.0645787798,64.0645787798,57.6610458662
1805,0,90,negative,0.138092372237,-0.171555316051,0.0267739235315,138.092372237,-171.555316051,26.7739235315,-64.063910093,64.063910093,57.6599235538
1805,1,90,negative,0.138092372237,-0.170814492389,0.0256056156369,138.092372237,-170.814492389,25.6056156369,-63.3230864312,63.3230864312,56.4916156592
1806,0,90,negative,0.138092372237,-0.169292517048,0.0319538679253,138.092372237,-169.292517048,31.9538679253,-61.8011110904,61.8011110904,62.8398679476
1806,1,90,negative,0.138092372237,-0.169077526773,0.0315717962598,138.092372237,-169.077526773,31.5717962598,-61.586120815,61.586120815,62.457796282
1807,0,90,negative,0.138092372237,-0.169387183238,0.0320703968889,138.092372237,-169.387183238,32.0703968889,-61.89577728,61.89577728,62.9563969111
1807,1,90,negative,0.138092372237,-0.169292517048,0.0319538679253,138.092372237,-169.292517048,31.9538679253,-61.8011110904,61.8011110904,62.8398679476
1808,0,90,negative,0.138092372237,-0.169387183238,0.0320703968889,138.092372237,-169.387183238,32.0703968889,-61.89577728,61.89577728,62.9563969111
1808,1,90,negative,0.138092372237,-0.169943446637,0.0330771226181,138.092372237,-169.943446637,33.0771226181,-62.4520406788,62.4520406788,63.9631226404
1809,0,90,negative,0.138092372237,-0.170328139458,0.0336927148982,138.092372237,-170.328139458,33.6927148982,-62.8367335,62.8367335,64.5787149205
1809,1,90,negative,0.138092372237,-0.169943446637,0.0330771226181,138.092372237,-169.943446637,33.0771226181,-62.4520406788,62.4520406788,63.9631226404
1810,0,90,negative,0.138092372237,-0.170328139458,0.0336927148982,138.092372237,-170.328139458,33.6927148982,-62.8367335,62.8367335,64.5787149205
1810,1,90,negative,0.138092372237,-0.170511357469,0.0340064474551,138.092372237,-170.511357469,34.0064474551,-63.0199515112,63.0199515112,64.8924474774
1811,0,90,negative,0.138092372237,-0.165969974492,0.0257682723815,138.092372237,-165.969974492,25.7682723815,-58.478568534,58.478568534,56.6542724038
1811,1,90,negative,0.138092372237,-0.16594798784,0.0257760639076,138.092372237,-165.94798784,25.7760639076,-58.4565818818,58.4565818818,56.6620639299
1812,0,90,negative,0.138092372237,-0.166185624915,0.0262943469436,138.092372237,-166.185624915,26.2943469436,-58.6942189575,58.6942189575,57.1803469659
1812,1,90,negative,0.138092372237,-0.165969974492,0.0257682723815,138.092372237,-165.969974492,25.7682723815,-58.478568534,58.478568534,56.6542724038
1813,0,90,negative,0.138092372237,-0.166185624915,0.0262943469436,138.092372237,-166.185624915,26.2943469436,-58.6942189575,58.6942189575,57.1803469659
1813,1,90,negative,0.138092372237,-0.166472206031,0.026942094032,138.092372237,-166.472206031,26.942094032,-58.9808000726,58.9808000726,57.8280940543
1814,0,90,negative,0.138092372237,-0.166709955624,0.0276144489786,138.092372237,-166.709955624,27.6144489786,-59.2185496656,59.2185496656,58.5004490009
1814,1,90,negative,0.138092372237,-0.166472206031,0.026942094032,138.092372237,-166.472206031,26.942094032,-58.9808000726,58.9808000726,57.8280940543
1815,0,90,negative,0.138092372237,-0.166709955624,0.0276144489786,138.092372237,-166.709955624,27.6144489786,-59.2185496656,59.2185496656,58.5004490009
1815,1,90,negative,0.138092372237,-0.167368492464,0.0288374243087,138.092372237,-167.368492464,28.8374243087,-59.8770865058,59.8770865058,59.723424331
1816,0,90,negative,0.138092372237,-0.16594798784,0.0257760639076,138.092372237,-165.94798784,25.7760639076,-58.4565818818,58.4565818818,56.6620639299
1816,1,90,negative,0.138092372237,-0.165517090048,0.0248828812723,138.092372237,-165.517090048,24.8828812723,-58.0256840902,58.0256840902,55.7688812946
1817,0,90,negative,0.138092372237,-0.165251070794,0.0244225190012,138.092372237,-165.251070794,24.4225190012,-57.7596648364,57.7596648364,55.3085190235
1817,1,90,negative,0.138092372237,-0.165517090048,0.0248828812723,138.092372237,-165.517090048,24.8828812723,-58.0256840902,58.0256840902,55.7688812946
1818,0,90,negative,0.138092372237,-0.168075195553,0.0299724844429,138.092372237,-168.075195553,29.9724844429,-60.5837895951,60.5837895951,60.8584844652
1818,1,90,negative,0.138092372237,-0.167368492464,0.0288374243087,138.092372237,-167.368492464,28.8374243087,-59.8770865058,59.8770865058,59.723424331
1819,0,90,negative,0.138092372237,-0.168075195553,0.0299724844429,138.092372237,-168.075195553,29.9724844429,-60.5837895951,60.5837895951,60.8584844652
1819,1,90,negative,0.138092372237,-0.169077526773,0.0315717962598,138.092372237,-169.077526773,31.5717962598,-61.586120815,61.586120815,62.457796282
1820,0,90,negative,0.138092372237,-0.170993952649,0.0350439489778,138.092372237,-170.993952649,35.0439489778,-63.5025466911,63.5025466911,65.9299490001
1820,1,90,negative,0.138092372237,-0.170511357469,0.0340064474551,138.092372237,-170.511357469,34.0064474551,-63.0199515112,63.0199515112,64.8924474774
1821,0,90,negative,0.138092372237,-0.171689530012,0.0361795930001,138.092372237,-171.689530012,36.1795930001,-64.1981240545,64.1981240545,67.0655930224
1821,1,90,negative,0.138092372237,-0.170993952649,0.0350439489778,138.092372237,-170.993952649,35.0439489778,-63.5025466911,63.5025466911,65.9299490001
1822,0,90,negative,0.138092372237,-0.174098175082,0.0310708936993,138.092372237,-174.098175082,31.0708936993,-66.6067691239,66.6067691239,61.9568937216
1822,1,90,negative,0.138092372237,-0.174213706737,0.0312957020044,138.092372237,-174.213706737,31.2957020044,-66.7223007788,66.7223007788,62.1817020267
1823,0,90,negative,0.138092372237,-0.174677536132,0.0322944892632,138.092372237,-174.677536132,32.2944892632,-67.1861301739,67.1861301739,63.1804892855
1823,1,90,negative,0.138092372237,-0.174840787357,0.0326963447292,138.092372237,-174.840787357,32.6963447292,-67.3493813986,67.3493813986,63.5823447515
1824,0,90,negative,0.138092372237,-0.174677536132,0.0322944892632,138.092372237,-174.677536132,32.2944892632,-67.1861301739,67.1861301739,63.1804892855
1824,1,90,negative,0.138092372237,-0.174213706737,0.0312957020044,138.092372237,-174.213706737,31.2957020044,-66.7223007788,66.7223007788,62.1817020267
1825,0,90,negative,0.138092372237,-0.175494719311,0.0341510924693,138.092372237,-175.494719311,34.1510924693,-68.0033133531,68.0033133531,65.0370924916
1825,1,90,negative,0.138092372237,-0.175790242628,0.0347663622756,138.092372237,-175.790242628,34.7663622756,-68.29883667,68.29883667,65.6523622979
1826,0,90,negative,0.138092372237,-0.17519090248,0.0334220435227,138.092372237,-175.19090248,33.4220435227,-67.6994965222,67.6994965222,64.308043545
1826,1,90,negative,0.138092372237,-0.174840787357,0.0326963447292,138.092372237,-174.840787357,32.6963447292,-67.3493813986,67.3493813986,63.5823447515
1827,0,90,negative,0.138092372237,-0.175494719311,0.0341510924693,138.092372237,-175.494719311,34.1510924693,-68.0033133531,68.0033133531,65.0370924916
1827,1,90,negative,0.138092372237,-0.17519090248,0.0334220435227,138.092372237,-175.19090248,33.4220435227,-67.6994965222,67.6994965222,64.308043545
1828,0,90,negative,0.138092372237,-0.175790242628,0.0347663622756,138.092372237,-175.790242628,34.7663622756,-68.29883667,68.29883667,65.6523622979
1828,1,90,negative,0.138092372237,-0.17601011912,0.0353019903076,138.092372237,-176.01011912,35.3019903076,-68.5187131622,68.5187131622,66.1879903299
1829,0,90,negative,0.138092372237,-0.177803504756,0.0386494512961,138.092372237,-177.803504756,38.6494512961,-70.3120987975,70.3120987975,69.5354513184
1829,1,90,negative,0.138092372237,-0.177884505872,0.0387908831609,138.092372237,-177.884505872,38.7908831609,-70.3930999139,70.3930999139,69.6768831832
1830,0,90,negative,0.138092372237,-0.176384011607,0.0360933407841,138.092372237,-176.384011607,36.0933407841,-68.8926056486,68.8926056486,66.9793408064
1830,1,90,negative,0.138092372237,-0.1768086951,0.0368759061683,138.092372237,-176.8086951,36.8759061683,-69.3172891415,69.3172891415,67.7619061906
1831,0,90,negative,0.138092372237,-0.176230061257,0.0357897629848,138.092372237,-176.230061257,35.7897629848,-68.7386552987,68.7386552987,66.6757630071
1831,1,90,negative,0.138092372237,-0.17601011912,0.0353019903076,138.092372237,-176.01011912,35.3019903076,-68.5187131622,68.5187131622,66.1879903299
1832,0,90,negative,0.138092372237,-0.176384011607,0.0360933407841,138.092372237,-176.384011607,36.0933407841,-68.8926056486,68.8926056486,66.9793408064
1832,1,90,negative,0.138092372237,-0.176230061257,0.0357897629848,138.092372237,-176.230061257,35.7897629848,-68.7386552987,68.7386552987,66.6757630071
1833,0,90,negative,0.138092372237,-0.1768086951,0.0368759061683,138.092372237,-176.8086951,36.8759061683,-69.3172891415,69.3172891415,67.7619061906
1833,1,90,negative,0.138092372237,-0.176962379828,0.0372114732199,138.092372237,-176.962379828,37.2114732199,-69.4709738703,69.4709738703,68.0974732422
1834,0,90,negative,0.138092372237,-0.177053040711,0.037374663221,138.092372237,-177.053040711,37.374663221,-69.5616347531,69.5616347531,68.2606632433
1834,1,90,negative,0.138092372237,-0.176962379828,0.0372114732199,138.092372237,-176.962379828,37.2114732199,-69.4709738703,69.4709738703,68.0974732422
1835,0,90,negative,0.138092372237,-0.177053040711,0.037374663221,138.092372237,-177.053040711,37.374663221,-69.5616347531,69.5616347531,68.2606632433
1835,1,90,negative,0.138092372237,-0.177297101316,0.0377517167594,138.092372237,-177.297101316,37.7517167594,-69.805695358,69.805695358,68.6377167817
1836,0,90,negative,0.138092372237,-0.177803504756,0.0386494512961,138.092372237,-177.803504756,38.6494512961,-70.3120987975,70.3120987975,69.5354513184
1836,1,90,negative,0.138092372237,-0.177297101316,0.0377517167594,138.092372237,-177.297101316,37.7517167594,-69.805695358,69.805695358,68.6377167817
1837,0,90,negative,0.138092372237,-0.179403010854,0.0415762671642,138.092372237,-179.403010854,41.5762671642,-71.9116048956,71.9116048956,72.4622671865
1837,1,90,negative,0.138092372237,-0.179589858792,0.0419142523142,138.092372237,-179.589858792,41.9142523142,-72.0984528335,72.0984528335,72.8002523365
1838,0,90,negative,0.138092372237,-0.177884505872,0.0387908831609,138.092372237,-177.884505872,38.7908831609,-70.3930999139,70.3930999139,69.6768831832
1838,1,90,negative,0.138092372237,-0.178013932998,0.0390699753781,138.092372237,-178.013932998,39.0699753781,-70.5225270403,70.5225270403,69.9559754003
1839,0,90,negative,0.138092372237,-0.178608200937,0.0403120999568,138.092372237,-178.608200937,40.3120999568,-71.1167949787,71.1167949787,71.1980999791
1839,1,90,negative,0.138092372237,-0.178013932998,0.0390699753781,138.092372237,-178.013932998,39.0699753781,-70.5225270403,70.5225270403,69.9559754003
1840,0,90,negative,0.138092372237,-0.1764486868,0.0439092794254,138.092372237,-176.4486868,43.9092794254,-68.9572808418,68.9572808418,74.7952794477
1840,1,90,negative,0.138092372237,-0.176233564225,0.0434404304993,138.092372237,-176.233564225,43.4404304993,-68.7421582667,68.7421582667,74.3264305216
1841,0,90,negative,0.138092372237,-0.175589250801,0.0427006629654,138.092372237,-175.589250801,42.7006629654,-68.097844843,68.097844843,73.5866629876
1841,1,90,negative,0.138092372237,-0.175077152307,0.0418778161197,138.092372237,-175.077152307,41.8778161197,-67.585746349,67.585746349,72.763816142
1842,0,90,negative,0.138092372237,-0.174917496737,0.0416098113373,138.092372237,-174.917496737,41.6098113373,-67.4260907794,67.4260907794,72.4958113595
1842,1,90,negative,0.138092372237,-0.175077152307,0.0418778161197,138.092372237,-175.077152307,41.8778161197,-67.585746349,67.585746349,72.763816142
1843,0,90,negative,0.138092372237,-0.175845123166,0.042944967982,138.092372237,-175.845123166,42.944967982,-68.353717208,68.353717208,73.8309680043
1843,1,90,negative,0.138092372237,-0.175589250801,0.0427006629654,138.092372237,-175.589250801,42.7006629654,-68.097844843,68.097844843,73.5866629876
1844,0,90,negative,0.138092372237,-0.175845123166,0.042944967982,138.092372237,-175.845123166,42.944967982,-68.353717208,68.353717208,73.8309680043
1844,1,90,negative,0.138092372237,-0.175977356309,0.0431430528775,138.092372237,-175.977356309,43.1430528775,-68.4859503508,68.4859503508,74.0290528998
1845,0,90,negative,0.138092372237,-0.175977356309,0.0431430528775,138.092372237,-175.977356309,43.1430528775,-68.4859503508,68.4859503508,74.0290528998
1845,1,90,negative,0.138092372237,-0.176087211812,0.0431956198476,138.092372237,-176.087211812,43.1956198476,-68.5958058543,68.5958058543,74.0816198699
1846,0,90,negative,0.138092372237,-0.176087211812,0.0431956198476,138.092372237,-176.087211812,43.1956198476,-68.5958058543,68.5958058543,74.0816198699
1846,1,90,negative,0.138092372237,-0.176233564225,0.0434404304993,138.092372237,-176.233564225,43.4404304993,-68.7421582667,68.7421582667,74.3264305216
1847,0,90,negative,0.138092372237,-0.179079950625,0.0410691731099,138.092372237,-179.079950625,41.0691731099,-71.5885446668,71.5885446668,71.9551731322
1847,1,90,negative,0.138092372237,-0.179403010854,0.0415762671642,138.092372237,-179.403010854,41.5762671642,-71.9116048956,71.9116048956,72.4622671865
1848,0,90,negative,0.138092372237,-0.179079950625,0.0410691731099,138.092372237,-179.079950625,41.0691731099,-71.5885446668,71.5885446668,71.9551731322
1848,1,90,negative,0.138092372237,-0.178608200937,0.0403120999568,138.092372237,-178.608200937,40.3120999568,-71.1167949787,71.1167949787,71.1980999791
1849,0,90,negative,0.138092372237,-0.180111438232,0.0428932453315,138.092372237,-180.111438232,42.8932453315,-72.6200322741,72.6200322741,73.7792453538
1849,1,90,negative,0.138092372237,-0.180207558281,0.043052723133,138.092372237,-180.207558281,43.052723133,-72.7161523228,72.7161523228,73.9387231553
1850,0,90,negative,0.138092372237,-0.180207558281,0.043052723133,138.092372237,-180.207558281,43.052723133,-72.7161523228,72.7161523228,73.9387231553
1850,1,90,negative,0.138092372237,-0.180441025907,0.0435037280353,138.092372237,-180.441025907,43.5037280353,-72.9496199488,72.9496199488,74.3897280576
1851,0,90,negative,0.138092372237,-0.180111438232,0.0428932453315,138.092372237,-180.111438232,42.8932453315,-72.6200322741,72.6200322741,73.7792453538
1851,1,90,negative,0.138092372237,-0.179589858792,0.0419142523142,138.092372237,-179.589858792,41.9142523142,-72.0984528335,72.0984528335,72.8002523365
1852,0,90,negative,0.138092372237,-0.180813657864,0.0441965813318,138.092372237,-180.813657864,44.1965813318,-73.322251906,73.322251906,75.0825813541
1852,1,90,negative,0.138092372237,-0.180441025907,0.0435037280353,138.092372237,-180.441025907,43.5037280353,-72.9496199488,72.9496199488,74.3897280576
1853,0,90,negative,0.138092372237,-0.178157197159,0.0476052358225,138.092372237,-178.157197159,47.6052358225,-70.6657912014,70.6657912014,78.4912358448
1853,1,90,negative,0.138092372237,-0.177742681699,0.0468997746676,138.092372237,-177.742681699,46.8997746676,-70.2512757411,70.2512757411,77.7857746899
1854,0,90,negative,0.138092372237,-0.176518444985,0.0441080417962,138.092372237,-176.518444985,44.1080417962,-69.0270390273,69.0270390273,74.9940418185
1854,1,90,negative,0.138092372237,-0.1764486868,0.0439092794254,138.092372237,-176.4486868,43.9092794254,-68.9572808418,68.9572808418,74.7952794477
1855,0,90,negative,0.138092372237,-0.176518444985,0.0441080417962,138.092372237,-176.518444985,44.1080417962,-69.0270390273,69.0270390273,74.9940418185
1855,1,90,negative,0.138092372237,-0.17690167365,0.0450022344514,138.092372237,-176.90167365,45.0022344514,-69.4102676924,69.4102676924,75.8882344737
1856,0,90,negative,0.138092372237,-0.177128467912,0.0455398825687,138.092372237,-177.128467912,45.5398825687,-69.6370619535,69.6370619535,76.425882591
1856,1,90,negative,0.138092372237,-0.17690167365,0.0450022344514,138.092372237,-176.90167365,45.0022344514,-69.4102676924,69.4102676924,75.8882344737
1857,0,90,negative,0.138092372237,-0.177128467912,0.0455398825687,138.092372237,-177.128467912,45.5398825687,-69.6370619535,69.6370619535,76.425882591
1857,1,90,negative,0.138092372237,-0.177345383837,0.0459812317211,138.092372237,-177.345383837,45.9812317211,-69.8539778795,69.8539778795,76.8672317434
1858,0,90,negative,0.138092372237,-0.177345383837,0.0459812317211,138.092372237,-177.345383837,45.9812317211,-69.8539778795,69.8539778795,76.8672317434
1858,1,90,negative,0.138092372237,-0.177457745663,0.0462502122041,138.092372237,-177.457745663,46.2502122041,-69.9663397054,69.9663397054,77.1362122264
1859,0,90,negative,0.138092372237,-0.177457745663,0.0462502122041,138.092372237,-177.457745663,46.2502122041,-69.9663397054,69.9663397054,77.1362122264
1859,1,90,negative,0.138092372237,-0.177742681699,0.0468997746676,138.092372237,-177.742681699,46.8997746676,-70.2512757411,70.2512757411,77.7857746899
1860,0,90,negative,0.138092372237,-0.18121584144,0.0450065151737,138.092372237,-181.21584144,45.0065151737,-73.7244354825,73.7244354825,75.892515196
1860,1,90,negative,0.138092372237,-0.181737370822,0.0460221223746,138.092372237,-181.737370822,46.0221223746,-74.2459648642,74.2459648642,76.9081223968
1861,0,90,negative,0.138092372237,-0.18121584144,0.0450065151737,138.092372237,-181.21584144,45.0065151737,-73.7244354825,73.7244354825,75.892515196
1861,1,90,negative,0.138092372237,-0.180813657864,0.0441965813318,138.092372237,-180.813657864,44.1965813318,-73.322251906,73.322251906,75.0825813541
1862,0,90,negative,0.138092372237,-0.181737370822,0.0460221223746,138.092372237,-181.737370822,46.0221223746,-74.2459648642,74.2459648642,76.9081223968
1862,1,90,negative,0.138092372237,-0.182120885883,0.0468158462995,138.092372237,-182.120885883,46.8158462995,-74.6294799254,74.6294799254,77.7018463218
1863,0,90,negative,0.138092372237,-0.182757766785,0.0480362106507,138.092372237,-182.757766785,48.0362106507,-75.266360827,75.266360827,78.922210673
1863,1,90,negative,0.138092372237,-0.183232102139,0.0490873203354,138.092372237,-183.232102139,49.0873203354,-75.740696181,75.740696181,79.9733203577
1864,0,90,negative,0.138092372237,-0.182548065095,0.0476134915361,138.092372237,-182.548065095,47.6134915361,-75.0566591366,75.0566591366,78.4994915583
1864,1,90,negative,0.138092372237,-0.182120885883,0.0468158462995,138.092372237,-182.120885883,46.8158462995,-74.6294799254,74.6294799254,77.7018463218
1865,0,90,negative,0.138092372237,-0.182757766785,0.0480362106507,138.092372237,-182.757766785,48.0362106507,-75.266360827,75.266360827,78.922210673
1865,1,90,negative,0.138092372237,-0.182548065095,0.0476134915361,138.092372237,-182.548065095,47.6134915361,-75.0566591366,75.0566591366,78.4994915583
1866,0,90,negative,0.138092372237,-0.172812725988,0.02882694246,138.092372237,-172.812725988,28.82694246,-65.3213200304,65.3213200304,59.7129424823
1866,1,90,negative,0.138092372237,-0.17229853626,0.0280072074202,138.092372237,-172.29853626,28.0072074202,-64.8071303017,64.8071303017,58.8932074425
1867,0,90,negative,0.138092372237,-0.172812725988,0.02882694246,138.092372237,-172.812725988,28.82694246,-65.3213200304,65.3213200304,59.7129424823
1867,1,90,negative,0.138092372237,-0.173210948159,0.0294618571561,138.092372237,-173.210948159,29.4618571561,-65.7195422009,65.7195422009,60.3478571784
1868,0,90,negative,0.138092372237,-0.173456247999,0.029905178975,138.092372237,-173.456247999,29.905178975,-65.9648420408,65.9648420408,60.7911789973
1868,1,90,negative,0.138092372237,-0.173210948159,0.0294618571561,138.092372237,-173.210948159,29.4618571561,-65.7195422009,65.7195422009,60.3478571784
1869,0,90,negative,0.138092372237,-0.173781919492,0.0304815379997,138.092372237,-173.781919492,30.4815379997,-66.2905135342,66.2905135342,61.367538022
1869,1,90,negative,0.138092372237,-0.174098175082,0.0310708936993,138.092372237,-174.098175082,31.0708936993,-66.6067691239,66.6067691239,61.9568937216
1870,0,90,negative,0.138092372237,-0.173781919492,0.0304815379997,138.092372237,-173.781919492,30.4815379997,-66.2905135342,66.2905135342,61.367538022
1870,1,90,negative,0.138092372237,-0.173456247999,0.029905178975,138.092372237,-173.456247999,29.905178975,-65.9648420408,65.9648420408,60.7911789973
1871,0,90,negative,0.138092372237,-0.172651000678,0.0375813983194,138.092372237,-172.651000678,37.5813983194,-65.1595947204,65.1595947204,68.4673983417
1871,1,90,negative,0.138092372237,-0.17199098769,0.0366415926225,138.092372237,-171.99098769,36.6415926225,-64.499581732,64.499581732,67.5275926448
1872,0,90,negative,0.138092372237,-0.172651000678,0.0375813983194,138.092372237,-172.651000678,37.5813983194,-65.1595947204,65.1595947204,68.4673983417
1872,1,90,negative,0.138092372237,-0.172753869377,0.0377645477031,138.092372237,-172.753869377,37.7645477031,-65.2624634192,65.2624634192,68.6505477254
1873,0,90,negative,0.138092372237,-0.17355283293,0.0391348118809,138.092372237,-173.55283293,39.1348118809,-66.0614269719,66.0614269719,70.0208119032
1873,1,90,negative,0.138092372237,-0.172753869377,0.0377645477031,138.092372237,-172.753869377,37.7645477031,-65.2624634192,65.2624634192,68.6505477254
1874,0,90,negative,0.138092372237,-0.17355283293,0.0391348118809,138.092372237,-173.55283293,39.1348118809,-66.0614269719,66.0614269719,70.0208119032
1874,1,90,negative,0.138092372237,-0.173691336683,0.0394300017308,138.092372237,-173.691336683,39.4300017308,-66.1999307254,66.1999307254,70.3160017531
1875,0,90,negative,0.138092372237,-0.171689530012,0.0361795930001,138.092372237,-171.689530012,36.1795930001,-64.1981240545,64.1981240545,67.0655930224
1875,1,90,negative,0.138092372237,-0.17199098769,0.0366415926225,138.092372237,-171.99098769,36.6415926225,-64.499581732,64.499581732,67.5275926448
1876,0,90,negative,0.138092372237,-0.174895007347,0.0415627142353,138.092372237,-174.895007347,41.5627142353,-67.4036013894,67.4036013894,72.4487142576
1876,1,90,negative,0.138092372237,-0.173691336683,0.0394300017308,138.092372237,-173.691336683,39.4300017308,-66.1999307254,66.1999307254,70.3160017531
1877,0,90,negative,0.138092372237,-0.174901473522,0.041576412864,138.092372237,-174.901473522,41.576412864,-67.4100675641,67.4100675641,72.4624128863
1877,1,90,negative,0.138092372237,-0.174917496737,0.0416098113373,138.092372237,-174.917496737,41.6098113373,-67.4260907794,67.4260907794,72.4958113595
1878,0,90,negative,0.138092372237,-0.174895007347,0.0415627142353,138.092372237,-174.895007347,41.5627142353,-67.4036013894,67.4036013894,72.4487142576
1878,1,90,negative,0.138092372237,-0.174901473522,0.041576412864,138.092372237,-174.901473522,41.576412864,-67.4100675641,67.4100675641,72.4624128863
1879,0,90,negative,0.138092372237,-0.198544169807,0.0882029142407,138.092372237,-198.544169807,88.2029142407,-91.052763849,91.052763849,119.088914263
1879,1,90,negative,0.138092372237,-0.199041339117,0.0895645052962,138.092372237,-199.041339117,89.5645052962,-91.5499331595,91.5499331595,120.450505318
1880,0,90,negative,0.138092372237,-0.199141525031,0.089905748895,138.092372237,-199.141525031,89.905748895,-91.6501190727,91.6501190727,120.791748917
1880,1,90,negative,0.138092372237,-0.199041339117,0.0895645052962,138.092372237,-199.041339117,89.5645052962,-91.5499331595,91.5499331595,120.450505318
1881,0,90,negative,0.138092372237,-0.199141525031,0.089905748895,138.092372237,-199.141525031,89.905748895,-91.6501190727,91.6501190727,120.791748917
1881,1,90,negative,0.138092372237,-0.199435588548,0.0911917873452,138.092372237,-199.435588548,91.1917873452,-91.9441825899,91.9441825899,122.077787368
1882,0,90,negative,0.138092372237,-0.19954551824,0.091724257447,138.092372237,-199.54551824,91.724257447,-92.0541122816,92.0541122816,122.610257469
1882,1,90,negative,0.138092372237,-0.199897370969,0.0936870040841,138.092372237,-199.897370969,93.6870040841,-92.4059650106,92.4059650106,124.573004106
1883,0,90,negative,0.138092372237,-0.199498066706,0.0915294329909,138.092372237,-199.498066706,91.5294329909,-92.0066607481,92.0066607481,122.415433013
1883,1,90,negative,0.138092372237,-0.199435588548,0.0911917873452,138.092372237,-199.435588548,91.1917873452,-91.9441825899,91.9441825899,122.077787368
1884,0,90,negative,0.138092372237,-0.19954551824,0.091724257447,138.092372237,-199.54551824,91.724257447,-92.0541122816,92.0541122816,122.610257469
1884,1,90,negative,0.138092372237,-0.199498066706,0.0915294329909,138.092372237,-199.498066706,91.5294329909,-92.0066607481,92.0066607481,122.415433013
1885,0,90,negative,0.138092372237,-0.199901700546,0.093713341947,138.092372237,-199.901700546,93.713341947,-92.4102945875,92.4102945875,124.599341969
1885,1,90,negative,0.138092372237,-0.20019996138,0.0955800814292,138.092372237,-200.19996138,95.5800814292,-92.7085554221,92.7085554221,126.466081451
1886,0,90,negative,0.138092372237,-0.199901700546,0.093713341947,138.092372237,-199.901700546,93.713341947,-92.4102945875,92.4102945875,124.599341969
1886,1,90,negative,0.138092372237,-0.199897370969,0.0936870040841,138.092372237,-199.897370969,93.6870040841,-92.4059650106,92.4059650106,124.573004106
1887,0,90,negative,0.138092372237,-0.200252172777,0.0958705899927,138.092372237,-200.252172777,95.8705899927,-92.7607668193,92.7607668193,126.756590015
1887,1,90,negative,0.138092372237,-0.200579840642,0.0978043858569,138.092372237,-200.579840642,97.8043858569,-93.0884346836,93.0884346836,128.690385879
1888,0,90,negative,0.138092372237,-0.200609937163,0.0979701201659,138.092372237,-200.609937163,97.9701201659,-93.1185312054,93.1185312054,128.856120188
1888,1,90,negative,0.138092372237,-0.200579840642,0.0978043858569,138.092372237,-200.579840642,97.8043858569,-93.0884346836,93.0884346836,128.690385879
1889,0,90,negative,0.138092372237,-0.200252172777,0.0958705899927,138.092372237,-200.252172777,95.8705899927,-92.7607668193,92.7607668193,126.756590015
1889,1,90,negative,0.138092372237,-0.20019996138,0.0955800814292,138.092372237,-200.19996138,95.5800814292,-92.7085554221,92.7085554221,126.466081451
1890,0,90,negative,0.138092372237,-0.200609937163,0.0979701201659,138.092372237,-200.609937163,97.9701201659,-93.1185312054,93.1185312054,128.856120188
1890,1,90,negative,0.138092372237,-0.2008322693,0.0990856659988,138.092372237,-200.8322693,99.0856659988,-93.3408633416,93.3408633416,129.971666021
1891,0,90,negative,0.138092372237,-0.200929675715,0.0996171058044,138.092372237,-200.929675715,99.6171058044,-93.4382697571,93.4382697571,130.503105827
1891,1,90,negative,0.138092372237,-0.2008322693,0.0990856659988,138.092372237,-200.8322693,99.0856659988,-93.3408633416,93.3408633416,129.971666021
1892,0,90,negative,0.138092372237,-0.2010463313,0.100150134615,138.092372237,-201.0463313,100.150134615,-93.5549253421,93.5549253421,131.036134638
1892,1,90,negative,0.138092372237,-0.200929675715,0.0996171058044,138.092372237,-200.929675715,99.6171058044,-93.4382697571,93.4382697571,130.503105827
1893,0,90,negative,0.138092372237,-0.2010463313,0.100150134615,138.092372237,-201.0463313,100.150134615,-93.5549253421,93.5549253421,131.036134638
1893,1,90,negative,0.138092372237,-0.201220613261,0.101027914035,138.092372237,-201.220613261,101.027914035,-93.7292073035,93.7292073035,131.913914057
1894,0,90,negative,0.138092372237,-0.201220613261,0.101027914035,138.092372237,-201.220613261,101.027914035,-93.7292073035,93.7292073035,131.913914057
1894,1,90,negative,0.138092372237,-0.201553514562,0.102416554118,138.092372237,-201.553514562,102.416554118,-94.0621086043,94.0621086043,133.302554141
1895,0,90,negative,0.138092372237,-0.201871327844,0.103605659564,138.092372237,-201.871327844,103.605659564,-94.3799218863,94.3799218863,134.491659586
1895,1,90,negative,0.138092372237,-0.202074524689,0.104308662606,138.092372237,-202.074524689,104.308662606,-94.5831187312,94.5831187312,135.194662628
1896,0,90,negative,0.138092372237,-0.202074524689,0.104308662606,138.092372237,-202.074524689,104.308662606,-94.5831187312,94.5831187312,135.194662628
1896,1,90,negative,0.138092372237,-0.2023471931,0.10512552613,138.092372237,-202.3471931,105.12552613,-94.8557871417,94.8557871417,136.011526152
1897,0,90,negative,0.138092372237,-0.202735395505,0.106202719574,138.092372237,-202.735395505,106.202719574,-95.243989547,95.243989547,137.088719596
1897,1,90,negative,0.138092372237,-0.202849970412,0.106481612647,138.092372237,-202.849970412,106.481612647,-95.3585644545,95.3585644545,137.367612669
1898,0,90,negative,0.138092372237,-0.202504129831,0.1056673907,138.092372237,-202.504129831,105.6673907,-95.0127238732,95.0127238732,136.553390722
1898,1,90,negative,0.138092372237,-0.2023471931,0.10512552613,138.092372237,-202.3471931,105.12552613,-94.8557871417,94.8557871417,136.011526152
1899,0,90,negative,0.138092372237,-0.202735395505,0.106202719574,138.092372237,-202.735395505,106.202719574,-95.243989547,95.243989547,137.088719596
1899,1,90,negative,0.138092372237,-0.202504129831,0.1056673907,138.092372237,-202.504129831,105.6673907,-95.0127238732,95.0127238732,136.553390722
1900,0,90,negative,0.138092372237,-0.201680273304,0.102966953973,138.092372237,-201.680273304,102.966953973,-94.1888673464,94.1888673464,133.852953995
1900,1,90,negative,0.138092372237,-0.201553514562,0.102416554118,138.092372237,-201.553514562,102.416554118,-94.0621086043,94.0621086043,133.302554141
1901,0,90,negative,0.138092372237,-0.201871327844,0.103605659564,138.092372237,-201.871327844,103.605659564,-94.3799218863,94.3799218863,134.491659586
1901,1,90,negative,0.138092372237,-0.201680273304,0.102966953973,138.092372237,-201.680273304,102.966953973,-94.1888673464,94.1888673464,133.852953995
1902,0,90,negative,0.138092372237,-0.198549630146,0.107806083652,138.092372237,-198.549630146,107.806083652,-91.0582241883,91.0582241883,138.692083674
1902,1,90,negative,0.138092372237,-0.198508315606,0.107679111596,138.092372237,-198.508315606,107.679111596,-91.0169096481,91.0169096481,138.565111618
1903,0,90,negative,0.138092372237,-0.198578801056,0.107927184304,138.092372237,-198.578801056,107.927184304,-91.0873950983,91.0873950983,138.813184327
1903,1,90,negative,0.138092372237,-0.198549630146,0.107806083652,138.092372237,-198.549630146,107.806083652,-91.0582241883,91.0582241883,138.692083674
1904,0,90,negative,0.138092372237,-0.202849970412,0.106481612647,138.092372237,-202.849970412,106.481612647,-95.3585644545,95.3585644545,137.367612669
1904,1,90,negative,0.138092372237,-0.203054961601,0.107026163285,138.092372237,-203.054961601,107.026163285,-95.5635556432,95.5635556432,137.912163307
1905,0,90,negative,0.138092372237,-0.20359947366,0.108531962827,138.092372237,-203.59947366,108.531962827,-96.1080677023,96.1080677023,139.417962849
1905,1,90,negative,0.138092372237,-0.203054961601,0.107026163285,138.092372237,-203.054961601,107.026163285,-95.5635556432,95.5635556432,137.912163307
1906,0,90,negative,0.138092372237,-0.20426402683,0.110536242569,138.092372237,-204.26402683,110.536242569,-96.7726208718,96.7726208718,141.422242591
1906,1,90,negative,0.138092372237,-0.204325767136,0.110728027882,138.092372237,-204.325767136,110.728027882,-96.8343611776,96.8343611776,141.614027905
1907,0,90,negative,0.138092372237,-0.204101127317,0.110009305334,138.092372237,-204.101127317,110.009305334,-96.6097213589,96.6097213589,140.895305356
1907,1,90,negative,0.138092372237,-0.20426402683,0.110536242569,138.092372237,-204.26402683,110.536242569,-96.7726208718,96.7726208718,141.422242591
1908,0,90,negative,0.138092372237,-0.204101127317,0.110009305334,138.092372237,-204.101127317,110.009305334,-96.6097213589,96.6097213589,140.895305356
1908,1,90,negative,0.138092372237,-0.20359947366,0.108531962827,138.092372237,-203.59947366,108.531962827,-96.1080677023,96.1080677023,139.417962849
1909,0,90,negative,0.138092372237,-0.204325767136,0.110728027882,138.092372237,-204.325767136,110.728027882,-96.8343611776,96.8343611776,141.614027905
1909,1,90,negative,0.138092372237,-0.204468339196,0.111226914927,138.092372237,-204.468339196,111.226914927,-96.9769332385,96.9769332385,142.112914949
1910,0,90,negative,0.138092372237,-0.204468339196,0.111226914927,138.092372237,-204.468339196,111.226914927,-96.9769332385,96.9769332385,142.112914949
1910,1,90,negative,0.138092372237,-0.204684329872,0.112055515697,138.092372237,-204.684329872,112.055515697,-97.1929239143,97.1929239143,142.941515719
1911,0,90,negative,0.138092372237,-0.204802508933,0.112556277366,138.092372237,-204.802508933,112.556277366,-97.3111029752,97.3111029752,143.442277389
1911,1,90,negative,0.138092372237,-0.204684329872,0.112055515697,138.092372237,-204.684329872,112.055515697,-97.1929239143,97.1929239143,142.941515719
1912,0,90,negative,0.138092372237,-0.199378154343,0.112991485069,138.092372237,-199.378154343,112.991485069,-91.8867483852,91.8867483852,143.877485092
1912,1,90,negative,0.138092372237,-0.199158150872,0.11194656321,138.092372237,-199.158150872,111.94656321,-91.6667449139,91.6667449139,142.832563232
1913,0,90,negative,0.138092372237,-0.199378154343,0.112991485069,138.092372237,-199.378154343,112.991485069,-91.8867483852,91.8867483852,143.877485092
1913,1,90,negative,0.138092372237,-0.199396768572,0.113298022162,138.092372237,-199.396768572,113.298022162,-91.9053626144,91.9053626144,144.184022184
1914,0,90,negative,0.138092372237,-0.199396768572,0.113298022162,138.092372237,-199.396768572,113.298022162,-91.9053626144,91.9053626144,144.184022184
1914,1,90,negative,0.138092372237,-0.199599077354,0.113931438194,138.092372237,-199.599077354,113.931438194,-92.1076713965,92.1076713965,144.817438217
1915,0,90,negative,0.138092372237,-0.199818751231,0.114652506477,138.092372237,-199.818751231,114.652506477,-92.327345273,92.327345273,145.5385065
1915,1,90,negative,0.138092372237,-0.199599077354,0.113931438194,138.092372237,-199.599077354,113.931438194,-92.1076713965,92.1076713965,144.817438217
1916,0,90,negative,0.138092372237,-0.199958848978,0.114989998519,138.092372237,-199.958848978,114.989998519,-92.4674430202,92.4674430202,145.875998541
1916,1,90,negative,0.138092372237,-0.199818751231,0.114652506477,138.092372237,-199.818751231,114.652506477,-92.327345273,92.327345273,145.5385065
1917,0,90,negative,0.138092372237,-0.199958848978,0.114989998519,138.092372237,-199.958848978,114.989998519,-92.4674430202,92.4674430202,145.875998541
1917,1,90,negative,0.138092372237,-0.2000345825,0.115204823335,138.092372237,-200.0345825,115.204823335,-92.5431765423,92.5431765423,146.090823357
1918,0,90,negative,0.138092372237,-0.2000345825,0.115204823335,138.092372237,-200.0345825,115.204823335,-92.5431765423,92.5431765423,146.090823357
1918,1,90,negative,0.138092372237,-0.200029398798,0.115666512204,138.092372237,-200.029398798,115.666512204,-92.5379928398,92.5379928398,146.552512226
1919,0,90,negative,0.138092372237,-0.200020990819,0.115985674797,138.092372237,-200.020990819,115.985674797,-92.5295848614,92.5295848614,146.87167482
1919,1,90,negative,0.138092372237,-0.200029398798,0.115666512204,138.092372237,-200.029398798,115.666512204,-92.5379928398,92.5379928398,146.552512226
1920,0,90,negative,0.138092372237,-0.200030673869,0.116226199092,138.092372237,-200.030673869,116.226199092,-92.5392679114,92.5392679114,147.112199114
1920,1,90,negative,0.138092372237,-0.200020990819,0.115985674797,138.092372237,-200.020990819,115.985674797,-92.5295848614,92.5295848614,146.87167482
1921,0,90,negative,0.138092372237,-0.200030673869,0.116226199092,138.092372237,-200.030673869,116.226199092,-92.5392679114,92.5392679114,147.112199114
1921,1,90,negative,0.138092372237,-0.200056674525,0.116437246177,138.092372237,-200.056674525,116.437246177,-92.5652685672,92.5652685672,147.323246199
1922,0,90,negative,0.138092372237,-0.200299700346,0.117281803015,138.092372237,-200.299700346,117.281803015,-92.808294388,92.808294388,148.167803037
1922,1,90,negative,0.138092372237,-0.20018051061,0.116906442037,138.092372237,-200.18051061,116.906442037,-92.689104652,92.689104652,147.792442059
1923,0,90,negative,0.138092372237,-0.200327418442,0.117442897539,138.092372237,-200.327418442,117.442897539,-92.8360124844,92.8360124844,148.328897561
1923,1,90,negative,0.138092372237,-0.200299700346,0.117281803015,138.092372237,-200.299700346,117.281803015,-92.808294388,92.808294388,148.167803037
1924,0,90,negative,0.138092372237,-0.200444700562,0.117971308469,138.092372237,-200.444700562,117.971308469,-92.9532946043,92.9532946043,148.857308491
1924,1,90,negative,0.138092372237,-0.200327418442,0.117442897539,138.092372237,-200.327418442,117.442897539,-92.8360124844,92.8360124844,148.328897561
1925,0,90,negative,0.138092372237,-0.200474958049,0.118110870268,138.092372237,-200.474958049,118.110870268,-92.9835520911,92.9835520911,148.99687029
1925,1,90,negative,0.138092372237,-0.200502798798,0.118161100001,138.092372237,-200.502798798,118.161100001,-93.0113928405,93.0113928405,149.047100023
1926,0,90,negative,0.138092372237,-0.200732737412,0.118805661246,138.092372237,-200.732737412,118.805661246,-93.2413314535,93.2413314535,149.691661268
1926,1,90,negative,0.138092372237,-0.200502798798,0.118161100001,138.092372237,-200.502798798,118.161100001,-93.0113928405,93.0113928405,149.047100023
1927,0,90,negative,0.138092372237,-0.200732737412,0.118805661246,138.092372237,-200.732737412,118.805661246,-93.2413314535,93.2413314535,149.691661268
1927,1,90,negative,0.138092372237,-0.200791174137,0.118891192208,138.092372237,-200.791174137,118.891192208,-93.2997681795,93.2997681795,149.77719223
1928,0,90,negative,0.138092372237,-0.200056674525,0.116437246177,138.092372237,-200.056674525,116.437246177,-92.5652685672,92.5652685672,147.323246199
1928,1,90,negative,0.138092372237,-0.200076662004,0.116534039747,138.092372237,-200.076662004,116.534039747,-92.585256046,92.585256046,147.420039769
1929,0,90,negative,0.138092372237,-0.20018051061,0.116906442037,138.092372237,-200.18051061,116.906442037,-92.689104652,92.689104652,147.792442059
1929,1,90,negative,0.138092372237,-0.200076662004,0.116534039747,138.092372237,-200.076662004,116.534039747,-92.585256046,92.585256046,147.420039769
1930,0,90,negative,0.138092372237,-0.200444700562,0.117971308469,138.092372237,-200.444700562,117.971308469,-92.9532946043,92.9532946043,148.857308491
1930,1,90,negative,0.138092372237,-0.200474958049,0.118110870268,138.092372237,-200.474958049,118.110870268,-92.9835520911,92.9835520911,148.99687029
1931,0,90,negative,0.138092372237,-0.200944336137,0.119439927484,138.092372237,-200.944336137,119.439927484,-93.4529301787,93.4529301787,150.325927507
1931,1,90,negative,0.138092372237,-0.200791174137,0.118891192208,138.092372237,-200.791174137,118.891192208,-93.2997681795,93.2997681795,149.77719223
1932,0,90,negative,0.138092372237,-0.201334876447,0.120764060382,138.092372237,-201.334876447,120.764060382,-93.8434704895,93.8434704895,151.650060404
1932,1,90,negative,0.138092372237,-0.201169364512,0.120279128947,138.092372237,-201.169364512,120.279128947,-93.6779585536,93.6779585536,151.16512897
1933,0,90,negative,0.138092372237,-0.200944336137,0.119439927484,138.092372237,-200.944336137,119.439927484,-93.4529301787,93.4529301787,150.325927507
1933,1,90,negative,0.138092372237,-0.201016608827,0.119883312244,138.092372237,-201.016608827,119.883312244,-93.5252028692,93.5252028692,150.769312266
1934,0,90,negative,0.138092372237,-0.201016608827,0.119883312244,138.092372237,-201.016608827,119.883312244,-93.5252028692,93.5252028692,150.769312266
1934,1,90,negative,0.138092372237,-0.201169364512,0.120279128947,138.092372237,-201.169364512,120.279128947,-93.6779585536,93.6779585536,151.16512897
1935,0,90,negative,0.138092372237,-0.201334876447,0.120764060382,138.092372237,-201.334876447,120.764060382,-93.8434704895,93.8434704895,151.650060404
1935,1,90,negative,0.138092372237,-0.201548879095,0.121460336481,138.092372237,-201.548879095,121.460336481,-94.0574731368,94.0574731368,152.346336504
1936,0,90,negative,0.138092372237,-0.204836797829,0.11270900496,138.092372237,-204.836797829,112.70900496,-97.3453918714,97.3453918714,143.595004983
1936,1,90,negative,0.138092372237,-0.205034933444,0.113707760585,138.092372237,-205.034933444,113.707760585,-97.5435274856,97.5435274856,144.593760608
1937,0,90,negative,0.138092372237,-0.205034933444,0.113707760585,138.092372237,-205.034933444,113.707760585,-97.5435274856,97.5435274856,144.593760608
1937,1,90,negative,0.138092372237,-0.205335263265,0.115130815668,138.092372237,-205.335263265,115.130815668,-97.8438573071,97.8438573071,146.01681569
1938,0,90,negative,0.138092372237,-0.205338522615,0.115148148291,138.092372237,-205.338522615,115.148148291,-97.8471166568,97.8471166568,146.034148313
1938,1,90,negative,0.138092372237,-0.205335263265,0.115130815668,138.092372237,-205.335263265,115.130815668,-97.8438573071,97.8438573071,146.01681569
1939,0,90,negative,0.138092372237,-0.205349293958,0.11520531591,138.092372237,-205.349293958,115.20531591,-97.8578879999,97.8578879999,146.091315933
1939,1,90,negative,0.138092372237,-0.205338522615,0.115148148291,138.092372237,-205.338522615,115.148148291,-97.8471166568,97.8471166568,146.034148313
1940,0,90,negative,0.138092372237,-0.205349293958,0.11520531591,138.092372237,-205.349293958,115.20531591,-97.8578879999,97.8578879999,146.091315933
1940,1,90,negative,0.138092372237,-0.20572174511,0.11731803492,138.092372237,-205.72174511,117.31803492,-98.2303391515,98.2303391515,148.204034942
1941,0,90,negative,0.138092372237,-0.20598023149,0.118564291814,138.092372237,-205.98023149,118.564291814,-98.4888255322,98.4888255322,149.450291836
1941,1,90,negative,0.138092372237,-0.20572174511,0.11731803492,138.092372237,-205.72174511,117.31803492,-98.2303391515,98.2303391515,148.204034942
1942,0,90,negative,0.138092372237,-0.20647959296,0.121648785735,138.092372237,-206.47959296,121.648785735,-98.9881870017,98.9881870017,152.534785757
1942,1,90,negative,0.138092372237,-0.206632661516,0.122019177519,138.092372237,-206.632661516,122.019177519,-99.1412555577,99.1412555577,152.905177541
1943,0,90,negative,0.138092372237,-0.20598023149,0.118564291814,138.092372237,-205.98023149,118.564291814,-98.4888255322,98.4888255322,149.450291836
1943,1,90,negative,0.138092372237,-0.206150548192,0.119540762645,138.092372237,-206.150548192,119.540762645,-98.6591422345,98.6591422345,150.426762667
1944,0,90,negative,0.138092372237,-0.206253303698,0.120216446307,138.092372237,-206.253303698,120.216446307,-98.7618977403,98.7618977403,151.102446329
1944,1,90,negative,0.138092372237,-0.206150548192,0.119540762645,138.092372237,-206.150548192,119.540762645,-98.6591422345,98.6591422345,150.426762667
1945,0,90,negative,0.138092372237,-0.206253303698,0.120216446307,138.092372237,-206.253303698,120.216446307,-98.7618977403,98.7618977403,151.102446329
1945,1,90,negative,0.138092372237,-0.206285369419,0.12098111153,138.092372237,-206.285369419,120.98111153,-98.7939634611,98.7939634611,151.867111552
1946,0,90,negative,0.138092372237,-0.206299873416,0.1211738729,138.092372237,-206.299873416,121.1738729,-98.8084674577,98.8084674577,152.059872922
1946,1,90,negative,0.138092372237,-0.206285369419,0.12098111153,138.092372237,-206.285369419,120.98111153,-98.7939634611,98.7939634611,151.867111552
1947,0,90,negative,0.138092372237,-0.20647959296,0.121648785735,138.092372237,-206.47959296,121.648785735,-98.9881870017,98.9881870017,152.534785757
1947,1,90,negative,0.138092372237,-0.206299873416,0.1211738729,138.092372237,-206.299873416,121.1738729,-98.8084674577,98.8084674577,152.059872922
1948,0,90,negative,0.138092372237,-0.204836797829,0.11270900496,138.092372237,-204.836797829,112.70900496,-97.3453918714,97.3453918714,143.595004983
1948,1,90,negative,0.138092372237,-0.204802508933,0.112556277366,138.092372237,-204.802508933,112.556277366,-97.3111029752,97.3111029752,143.442277389
1949,0,90,negative,0.138092372237,-0.201748269576,0.12200028933,138.092372237,-201.748269576,122.00028933,-94.2568636181,94.2568636181,152.886289353
1949,1,90,negative,0.138092372237,-0.201548879095,0.121460336481,138.092372237,-201.548879095,121.460336481,-94.0574731368,94.0574731368,152.346336504
1950,0,90,negative,0.138092372237,-0.201943287906,0.12266369373,138.092372237,-201.943287906,122.66369373,-94.4518819481,94.4518819481,153.549693752
1950,1,90,negative,0.138092372237,-0.20190463972,0.122481206647,138.092372237,-201.90463972,122.481206647,-94.4132337621,94.4132337621,153.367206669
1951,0,90,negative,0.138092372237,-0.201913756621,0.122947007349,138.092372237,-201.913756621,122.947007349,-94.4223506627,94.4223506627,153.833007371
1951,1,90,negative,0.138092372237,-0.201943287906,0.12266369373,138.092372237,-201.943287906,122.66369373,-94.4518819481,94.4518819481,153.549693752
1952,0,90,negative,0.138092372237,-0.201913756621,0.122947007349,138.092372237,-201.913756621,122.947007349,-94.4223506627,94.4223506627,153.833007371
1952,1,90,negative,0.138092372237,-0.201953529628,0.123267377207,138.092372237,-201.953529628,123.267377207,-94.4621236699,94.4621236699,154.153377229
1953,0,90,negative,0.138092372237,-0.201931721393,0.123419349126,138.092372237,-201.931721393,123.419349126,-94.4403154348,94.4403154348,154.305349149
1953,1,90,negative,0.138092372237,-0.201953529628,0.123267377207,138.092372237,-201.953529628,123.267377207,-94.4621236699,94.4621236699,154.153377229
1954,0,90,negative,0.138092372237,-0.201931721393,0.123419349126,138.092372237,-201.931721393,123.419349126,-94.4403154348,94.4403154348,154.305349149
1954,1,90,negative,0.138092372237,-0.201998852154,0.124151416249,138.092372237,-201.998852154,124.151416249,-94.5074461965,94.5074461965,155.037416272
1955,0,90,negative,0.138092372237,-0.201748269576,0.12200028933,138.092372237,-201.748269576,122.00028933,-94.2568636181,94.2568636181,152.886289353
1955,1,90,negative,0.138092372237,-0.20190463972,0.122481206647,138.092372237,-201.90463972,122.481206647,-94.4132337621,94.4132337621,153.367206669
1956,0,90,negative,0.138092372237,-0.206632661516,0.122019177519,138.092372237,-206.632661516,122.019177519,-99.1412555577,99.1412555577,152.905177541
1956,1,90,negative,0.138092372237,-0.206734650187,0.12249273627,138.092372237,-206.734650187,122.49273627,-99.2432442288,99.2432442288,153.378736292
1957,0,90,negative,0.138092372237,-0.206926132505,0.123405162308,138.092372237,-206.926132505,123.405162308,-99.4347265474,99.4347265474,154.29116233
1957,1,90,negative,0.138092372237,-0.206734650187,0.12249273627,138.092372237,-206.734650187,122.49273627,-99.2432442288,99.2432442288,153.378736292
1958,0,90,negative,0.138092372237,-0.207026575106,0.123850096744,138.092372237,-207.026575106,123.850096744,-99.5351691475,99.5351691475,154.736096766
1958,1,90,negative,0.138092372237,-0.206926132505,0.123405162308,138.092372237,-206.926132505,123.405162308,-99.4347265474,99.4347265474,154.29116233
1959,0,90,negative,0.138092372237,-0.197541152228,0.105113895677,138.092372237,-197.541152228,105.113895677,-90.0497462698,90.0497462698,135.999895699
1959,1,90,negative,0.138092372237,-0.19749299586,0.104921373854,138.092372237,-197.49299586,104.921373854,-90.0015899016,90.0015899016,135.807373876
1960,0,90,negative,0.138092372237,-0.19760695678,0.105270491672,138.092372237,-197.60695678,105.270491672,-90.1155508223,90.1155508223,136.156491694
1960,1,90,negative,0.138092372237,-0.197541152228,0.105113895677,138.092372237,-197.541152228,105.113895677,-90.0497462698,90.0497462698,135.999895699
1961,0,90,negative,0.138092372237,-0.197373765409,0.10443940453,138.092372237,-197.373765409,104.43940453,-89.8823594514,89.8823594514,135.325404552
1961,1,90,negative,0.138092372237,-0.197216854503,0.103692082343,138.092372237,-197.216854503,103.692082343,-89.7254485454,89.7254485454,134.578082365
1962,0,90,negative,0.138092372237,-0.196876427627,0.102174380843,138.092372237,-196.876427627,102.174380843,-89.3850216692,89.3850216692,133.060380865
1962,1,90,negative,0.138092372237,-0.196935167988,0.102566418189,138.092372237,-196.935167988,102.566418189,-89.4437620298,89.4437620298,133.452418211
1963,0,90,negative,0.138092372237,-0.19700037695,0.102978427123,138.092372237,-197.00037695,102.978427123,-89.5089709916,89.5089709916,133.864427145
1963,1,90,negative,0.138092372237,-0.196935167988,0.102566418189,138.092372237,-196.935167988,102.566418189,-89.4437620298,89.4437620298,133.452418211
1964,0,90,negative,0.138092372237,-0.197120127529,0.103224197434,138.092372237,-197.120127529,103.224197434,-89.628721571,89.628721571,134.110197456
1964,1,90,negative,0.138092372237,-0.19700037695,0.102978427123,138.092372237,-197.00037695,102.978427123,-89.5089709916,89.5089709916,133.864427145
1965,0,90,negative,0.138092372237,-0.197120127529,0.103224197434,138.092372237,-197.120127529,103.224197434,-89.628721571,89.628721571,134.110197456
1965,1,90,negative,0.138092372237,-0.197134037448,0.10333319106,138.092372237,-197.134037448,103.33319106,-89.6426314903,89.6426314903,134.219191083
1966,0,90,negative,0.138092372237,-0.197134037448,0.10333319106,138.092372237,-197.134037448,103.33319106,-89.6426314903,89.6426314903,134.219191083
1966,1,90,negative,0.138092372237,-0.197216854503,0.103692082343,138.092372237,-197.216854503,103.692082343,-89.7254485454,89.7254485454,134.578082365
1967,0,90,negative,0.138092372237,-0.197373765409,0.10443940453,138.092372237,-197.373765409,104.43940453,-89.8823594514,89.8823594514,135.325404552
1967,1,90,negative,0.138092372237,-0.19749299586,0.104921373854,138.092372237,-197.49299586,104.921373854,-90.0015899016,90.0015899016,135.807373876
1968,0,90,negative,0.138092372237,-0.19760695678,0.105270491672,138.092372237,-197.60695678,105.270491672,-90.1155508223,90.1155508223,136.156491694
1968,1,90,negative,0.138092372237,-0.197820810675,0.105808777472,138.092372237,-197.820810675,105.808777472,-90.3294047173,90.3294047173,136.694777494
1969,0,90,negative,0.138092372237,-0.198185030318,0.106942381287,138.092372237,-198.185030318,106.942381287,-90.6936243602,90.6936243602,137.828381309
1969,1,90,negative,0.138092372237,-0.198173892558,0.106891234661,138.092372237,-198.173892558,106.891234661,-90.6824865996,90.6824865996,137.777234684
1970,0,90,negative,0.138092372237,-0.197990368333,0.106369331237,138.092372237,-197.990368333,106.369331237,-90.4989623749,90.4989623749,137.255331259
1970,1,90,negative,0.138092372237,-0.197911984872,0.106162977452,138.092372237,-197.911984872,106.162977452,-90.4205789141,90.4205789141,137.048977475
1971,0,90,negative,0.138092372237,-0.197990368333,0.106369331237,138.092372237,-197.990368333,106.369331237,-90.4989623749,90.4989623749,137.255331259
1971,1,90,negative,0.138092372237,-0.198173892558,0.106891234661,138.092372237,-198.173892558,106.891234661,-90.6824865996,90.6824865996,137.777234684
1972,0,90,negative,0.138092372237,-0.197820810675,0.105808777472,138.092372237,-197.820810675,105.808777472,-90.3294047173,90.3294047173,136.694777494
1972,1,90,negative,0.138092372237,-0.197911984872,0.106162977452,138.092372237,-197.911984872,106.162977452,-90.4205789141,90.4205789141,137.048977475
1973,0,90,negative,0.138092372237,-0.198236162776,0.107056424899,138.092372237,-198.236162776,107.056424899,-90.744756818,90.744756818,137.942424921
1973,1,90,negative,0.138092372237,-0.198185030318,0.106942381287,138.092372237,-198.185030318,106.942381287,-90.6936243602,90.6936243602,137.828381309
1974,0,90,negative,0.138092372237,-0.198236162776,0.107056424899,138.092372237,-198.236162776,107.056424899,-90.744756818,90.744756818,137.942424921
1974,1,90,negative,0.138092372237,-0.198508315606,0.107679111596,138.092372237,-198.508315606,107.679111596,-91.0169096481,91.0169096481,138.565111618
1975,0,90,negative,0.138092372237,-0.198578801056,0.107927184304,138.092372237,-198.578801056,107.927184304,-91.0873950983,91.0873950983,138.813184327
1975,1,90,negative,0.138092372237,-0.198622023536,0.108117883873,138.092372237,-198.622023536,108.117883873,-91.1306175781,91.1306175781,139.003883895
1976,0,90,negative,0.138092372237,-0.198647989903,0.109271372178,138.092372237,-198.647989903,109.271372178,-91.156583945,91.156583945,140.1573722
1976,1,90,negative,0.138092372237,-0.198622023536,0.108117883873,138.092372237,-198.622023536,108.117883873,-91.1306175781,91.1306175781,139.003883895
1977,0,90,negative,0.138092372237,-0.198647989903,0.109271372178,138.092372237,-198.647989903,109.271372178,-91.156583945,91.156583945,140.1573722
1977,1,90,negative,0.138092372237,-0.19865592621,0.10936706881,138.092372237,-198.65592621,109.36706881,-91.1645202515,91.1645202515,140.253068832
1978,0,90,negative,0.138092372237,-0.19865592621,0.10936706881,138.092372237,-198.65592621,109.36706881,-91.1645202515,91.1645202515,140.253068832
1978,1,90,negative,0.138092372237,-0.198675114831,0.109449050464,138.092372237,-198.675114831,109.449050464,-91.1837088727,91.1837088727,140.335050487
1979,0,90,negative,0.138092372237,-0.198727634423,0.109974597166,138.092372237,-198.727634423,109.974597166,-91.2362284652,91.2362284652,140.860597188
1979,1,90,negative,0.138092372237,-0.198675114831,0.109449050464,138.092372237,-198.675114831,109.449050464,-91.1837088727,91.1837088727,140.335050487
1980,0,90,negative,0.138092372237,-0.198727634423,0.109974597166,138.092372237,-198.727634423,109.974597166,-91.2362284652,91.2362284652,140.860597188
1980,1,90,negative,0.138092372237,-0.198762372593,0.110056938248,138.092372237,-198.762372593,110.056938248,-91.2709666348,91.2709666348,140.94293827
1981,0,90,negative,0.138092372237,-0.199058243744,0.111552643387,138.092372237,-199.058243744,111.552643387,-91.5668377857,91.5668377857,142.43864341
1981,1,90,negative,0.138092372237,-0.198762372593,0.110056938248,138.092372237,-198.762372593,110.056938248,-91.2709666348,91.2709666348,140.94293827
1982,0,90,negative,0.138092372237,-0.199058243744,0.111552643387,138.092372237,-199.058243744,111.552643387,-91.5668377857,91.5668377857,142.43864341
1982,1,90,negative,0.138092372237,-0.199096556822,0.11172192982,138.092372237,-199.096556822,111.72192982,-91.6051508641,91.6051508641,142.607929843
1983,0,90,negative,0.138092372237,-0.199096556822,0.11172192982,138.092372237,-199.096556822,111.72192982,-91.6051508641,91.6051508641,142.607929843
1983,1,90,negative,0.138092372237,-0.199158150872,0.11194656321,138.092372237,-199.158150872,111.94656321,-91.6667449139,91.6667449139,142.832563232
1984,0,90,negative,0.138092372237,-0.186173213829,0.0552886593325,138.092372237,-186.173213829,55.2886593325,-78.6818078711,78.6818078711,86.1746593548
1984,1,90,negative,0.138092372237,-0.186326957597,0.0556406301632,138.092372237,-186.326957597,55.6406301632,-78.8355516386,78.8355516386,86.5266301855
1985,0,90,negative,0.138092372237,-0.181668501041,0.0555023625492,138.092372237,-181.668501041,55.5023625492,-74.1770950835,74.1770950835,86.3883625715
1985,1,90,negative,0.138092372237,-0.181344087675,0.0545764740428,138.092372237,-181.344087675,54.5764740428,-73.8526817175,73.8526817175,85.4624740651
1986,0,90,negative,0.138092372237,-0.18605332379,0.0550318656124,138.092372237,-186.05332379,55.0318656124,-78.5619178323,78.5619178323,85.9178656347
1986,1,90,negative,0.138092372237,-0.186173213829,0.0552886593325,138.092372237,-186.173213829,55.2886593325,-78.6818078711,78.6818078711,86.1746593548
1987,0,90,negative,0.138092372237,-0.181668501041,0.0555023625492,138.092372237,-181.668501041,55.5023625492,-74.1770950835,74.1770950835,86.3883625715
1987,1,90,negative,0.138092372237,-0.18193881785,0.0561543087505,138.092372237,-181.93881785,56.1543087505,-74.4474118921,74.4474118921,87.0403087728
1988,0,90,negative,0.138092372237,-0.182842358682,0.0584999565768,138.092372237,-182.842358682,58.4999565768,-75.350952724,75.350952724,89.3859565991
1988,1,90,negative,0.138092372237,-0.182484656132,0.0578212806047,138.092372237,-182.484656132,57.8212806047,-74.9932501738,74.9932501738,88.707280627
1989,0,90,negative,0.138092372237,-0.18217367031,0.0571070175003,138.092372237,-182.17367031,57.1070175003,-74.682264352,74.682264352,87.9930175226
1989,1,90,negative,0.138092372237,-0.18193881785,0.0561543087505,138.092372237,-181.93881785,56.1543087505,-74.4474118921,74.4474118921,87.0403087728
1990,0,90,negative,0.138092372237,-0.18217367031,0.0571070175003,138.092372237,-182.17367031,57.1070175003,-74.682264352,74.682264352,87.9930175226
1990,1,90,negative,0.138092372237,-0.182484656132,0.0578212806047,138.092372237,-182.484656132,57.8212806047,-74.9932501738,74.9932501738,88.707280627
1991,0,90,negative,0.138092372237,-0.184606617337,0.0610814486467,138.092372237,-184.606617337,61.0814486467,-77.1152113793,77.1152113793,91.967448669
1991,1,90,negative,0.138092372237,-0.18417807007,0.0603778350913,138.092372237,-184.17807007,60.3778350913,-76.6866641124,76.6866641124,91.2638351136
1992,0,90,negative,0.138092372237,-0.183872467616,0.0599554339933,138.092372237,-183.872467616,59.9554339933,-76.381061658,76.381061658,90.8414340156
1992,1,90,negative,0.138092372237,-0.18417807007,0.0603778350913,138.092372237,-184.17807007,60.3778350913,-76.6866641124,76.6866641124,91.2638351136
1993,0,90,negative,0.138092372237,-0.185279670821,0.0634025965751,138.092372237,-185.279670821,63.4025965751,-77.788264863,77.788264863,94.2885965974
1993,1,90,negative,0.138092372237,-0.184888330658,0.0621319394175,138.092372237,-184.888330658,62.1319394175,-77.3969246996,77.3969246996,93.0179394398
1994,0,90,negative,0.138092372237,-0.18358678399,0.0595645876486,138.092372237,-183.58678399,59.5645876486,-76.0953780317,76.0953780317,90.4505876709
1994,1,90,negative,0.138092372237,-0.182842358682,0.0584999565768,138.092372237,-182.842358682,58.4999565768,-75.350952724,75.350952724,89.3859565991
1995,0,90,negative,0.138092372237,-0.18358678399,0.0595645876486,138.092372237,-183.58678399,59.5645876486,-76.0953780317,76.0953780317,90.4505876709
1995,1,90,negative,0.138092372237,-0.183736768523,0.0598078963662,138.092372237,-183.736768523,59.8078963662,-76.2453625651,76.2453625651,90.6938963885
1996,0,90,negative,0.138092372237,-0.183736768523,0.0598078963662,138.092372237,-183.736768523,59.8078963662,-76.2453625651,76.2453625651,90.6938963885
1996,1,90,negative,0.138092372237,-0.183872467616,0.0599554339933,138.092372237,-183.872467616,59.9554339933,-76.381061658,76.381061658,90.8414340156
1997,0,90,negative,0.138092372237,-0.186938551153,0.05689225082,138.092372237,-186.938551153,56.89225082,-79.4471451954,79.4471451954,87.7782508423
1997,1,90,negative,0.138092372237,-0.186576816982,0.0562211497909,138.092372237,-186.576816982,56.2211497909,-79.085411024,79.085411024,87.1071498132
1998,0,90,negative,0.138092372237,-0.186938551153,0.05689225082,138.092372237,-186.938551153,56.89225082,-79.4471451954,79.4471451954,87.7782508423
1998,1,90,negative,0.138092372237,-0.187126884396,0.0572490231423,138.092372237,-187.126884396,57.2490231423,-79.6354784379,79.6354784379,88.1350231646
1999,0,90,negative,0.138092372237,-0.187205554639,0.0574796683057,138.092372237,-187.205554639,57.4796683057,-79.7141486805,79.7141486805,88.365668328
1999,1,90,negative,0.138092372237,-0.187126884396,0.0572490231423,138.092372237,-187.126884396,57.2490231423,-79.6354784379,79.6354784379,88.1350231646
2000,0,90,negative,0.138092372237,-0.187205554639,0.0574796683057,138.092372237,-187.205554639,57.4796683057,-79.7141486805,79.7141486805,88.365668328
2000,1,90,negative,0.138092372237,-0.187366326241,0.0578624600691,138.092372237,-187.366326241,57.8624600691,-79.8749202834,79.8749202834,88.7484600914
2001,0,90,negative,0.138092372237,-0.187846949082,0.0588501565293,138.092372237,-187.846949082,58.8501565293,-80.3555431244,80.3555431244,89.7361565516
2001,1,90,negative,0.138092372237,-0.187366326241,0.0578624600691,138.092372237,-187.366326241,57.8624600691,-79.8749202834,79.8749202834,88.7484600914
2002,0,90,negative,0.138092372237,-0.188974365903,0.0612194031937,138.092372237,-188.974365903,61.2194031937,-81.4829599453,81.4829599453,92.105403216
2002,1,90,negative,0.138092372237,-0.18902678374,0.0613366912299,138.092372237,-189.02678374,61.3366912299,-81.5353777816,81.5353777816,92.2226912522
2003,0,90,negative,0.138092372237,-0.188974365903,0.0612194031937,138.092372237,-188.974365903,61.2194031937,-81.4829599453,81.4829599453,92.105403216
2003,1,90,negative,0.138092372237,-0.1883151791,0.0597410510371,138.092372237,-188.3151791,59.7410510371,-80.823773142,80.823773142,90.6270510594
2004,0,90,negative,0.138092372237,-0.187846949082,0.0588501565293,138.092372237,-187.846949082,58.8501565293,-80.3555431244,80.3555431244,89.7361565516
2004,1,90,negative,0.138092372237,-0.188067722663,0.0592846805316,138.092372237,-188.067722663,59.2846805316,-80.5763167054,80.5763167054,90.1706805539
2005,0,90,negative,0.138092372237,-0.1883151791,0.0597410510371,138.092372237,-188.3151791,59.7410510371,-80.823773142,80.823773142,90.6270510594
2005,1,90,negative,0.138092372237,-0.188067722663,0.0592846805316,138.092372237,-188.067722663,59.2846805316,-80.5763167054,80.5763167054,90.1706805539
2006,0,90,negative,0.138092372237,-0.189986995699,0.0633547500369,138.092372237,-189.986995699,63.3547500369,-82.4955897412,82.4955897412,94.2407500592
2006,1,90,negative,0.138092372237,-0.19012525257,0.0636517929745,138.092372237,-190.12525257,63.6517929745,-82.6338466119,82.6338466119,94.5377929968
2007,0,90,negative,0.138092372237,-0.189857281826,0.063106884518,138.092372237,-189.857281826,63.106884518,-82.3658758678,82.3658758678,93.9928845403
2007,1,90,negative,0.138092372237,-0.18902678374,0.0613366912299,138.092372237,-189.02678374,61.3366912299,-81.5353777816,81.5353777816,92.2226912522
2008,0,90,negative,0.138092372237,-0.189857281826,0.063106884518,138.092372237,-189.857281826,63.106884518,-82.3658758678,82.3658758678,93.9928845403
2008,1,90,negative,0.138092372237,-0.189986995699,0.0633547500369,138.092372237,-189.986995699,63.3547500369,-82.4955897412,82.4955897412,94.2407500592
2009,0,90,negative,0.138092372237,-0.18605332379,0.0550318656124,138.092372237,-186.05332379,55.0318656124,-78.5619178323,78.5619178323,85.9178656347
2009,1,90,negative,0.138092372237,-0.185623279826,0.0541727316703,138.092372237,-185.623279826,54.1727316703,-78.1318738683,78.1318738683,85.0587316926
2010,0,90,negative,0.138092372237,-0.186576816982,0.0562211497909,138.092372237,-186.576816982,56.2211497909,-79.085411024,79.085411024,87.1071498132
2010,1,90,negative,0.138092372237,-0.186326957597,0.0556406301632,138.092372237,-186.326957597,55.6406301632,-78.8355516386,78.8355516386,86.5266301855
2011,0,90,negative,0.138092372237,-0.184606617337,0.0610814486467,138.092372237,-184.606617337,61.0814486467,-77.1152113793,77.1152113793,91.967448669
2011,1,90,negative,0.138092372237,-0.184803139683,0.0614608482356,138.092372237,-184.803139683,61.4608482356,-77.3117337251,77.3117337251,92.3468482579
2012,0,90,negative,0.138092372237,-0.184803139683,0.0614608482356,138.092372237,-184.803139683,61.4608482356,-77.3117337251,77.3117337251,92.3468482579
2012,1,90,negative,0.138092372237,-0.184888330658,0.0621319394175,138.092372237,-184.888330658,62.1319394175,-77.3969246996,77.3969246996,93.0179394398
2013,0,90,negative,0.138092372237,-0.186379730216,0.0651804462602,138.092372237,-186.379730216,65.1804462602,-78.8883242576,78.8883242576,96.0664462825
2013,1,90,negative,0.138092372237,-0.185279670821,0.0634025965751,138.092372237,-185.279670821,63.4025965751,-77.788264863,77.788264863,94.2885965974
2014,0,90,negative,0.138092372237,-0.192192799663,0.0677792148774,138.092372237,-192.192799663,67.7792148774,-84.7013937051,84.7013937051,98.6652148997
2014,1,90,negative,0.138092372237,-0.192234323405,0.0678905791081,138.092372237,-192.234323405,67.8905791081,-84.7429174471,84.7429174471,98.7765791304
2015,0,90,negative,0.138092372237,-0.192234323405,0.0678905791081,138.092372237,-192.234323405,67.8905791081,-84.7429174471,84.7429174471,98.7765791304
2015,1,90,negative,0.138092372237,-0.192304942136,0.0680545976866,138.092372237,-192.304942136,68.0545976866,-84.8135361777,84.8135361777,98.9405977089
2016,0,90,negative,0.138092372237,-0.186989460351,0.0671600703544,138.092372237,-186.989460351,67.1600703544,-79.4980543935,79.4980543935,98.0460703767
2016,1,90,negative,0.138092372237,-0.187366057424,0.0683419349603,138.092372237,-187.366057424,68.3419349603,-79.8746514658,79.8746514658,99.2279349826
2017,0,90,negative,0.138092372237,-0.186989460351,0.0671600703544,138.092372237,-186.989460351,67.1600703544,-79.4980543935,79.4980543935,98.0460703767
2017,1,90,negative,0.138092372237,-0.186626793963,0.065719105094,138.092372237,-186.626793963,65.719105094,-79.1353880055,79.1353880055,96.6051051162
2018,0,90,negative,0.138092372237,-0.190458811276,0.0643063246344,138.092372237,-190.458811276,64.3063246344,-82.967405318,82.967405318,95.1923246567
2018,1,90,negative,0.138092372237,-0.19012525257,0.0636517929745,138.092372237,-190.12525257,63.6517929745,-82.6338466119,82.6338466119,94.5377929968
2019,0,90,negative,0.138092372237,-0.190458811276,0.0643063246344,138.092372237,-190.458811276,64.3063246344,-82.967405318,82.967405318,95.1923246567
2019,1,90,negative,0.138092372237,-0.190916708145,0.06522295153,138.092372237,-190.916708145,65.22295153,-83.4253021869,83.4253021869,96.1089515523
2020,0,90,negative,0.138092372237,-0.191226552597,0.0657709337071,138.092372237,-191.226552597,65.7709337071,-83.7351466389,83.7351466389,96.6569337294
2020,1,90,negative,0.138092372237,-0.190916708145,0.06522295153,138.092372237,-190.916708145,65.22295153,-83.4253021869,83.4253021869,96.1089515523
2021,0,90,negative,0.138092372237,-0.191226552597,0.0657709337071,138.092372237,-191.226552597,65.7709337071,-83.7351466389,83.7351466389,96.6569337294
2021,1,90,negative,0.138092372237,-0.191520511662,0.0663434873423,138.092372237,-191.520511662,66.3434873423,-84.0291057045,84.0291057045,97.2294873646
2022,0,90,negative,0.138092372237,-0.191727278419,0.0668253466416,138.092372237,-191.727278419,66.8253466416,-84.2358724608,84.2358724608,97.7113466639
2022,1,90,negative,0.138092372237,-0.191520511662,0.0663434873423,138.092372237,-191.520511662,66.3434873423,-84.0291057045,84.0291057045,97.2294873646
2023,0,90,negative,0.138092372237,-0.192008029921,0.0674094667605,138.092372237,-192.008029921,67.4094667605,-84.5166239634,84.5166239634,98.2954667828
2023,1,90,negative,0.138092372237,-0.192192799663,0.0677792148774,138.092372237,-192.192799663,67.7792148774,-84.7013937051,84.7013937051,98.6652148997
2024,0,90,negative,0.138092372237,-0.192008029921,0.0674094667605,138.092372237,-192.008029921,67.4094667605,-84.5166239634,84.5166239634,98.2954667828
2024,1,90,negative,0.138092372237,-0.191727278419,0.0668253466416,138.092372237,-191.727278419,66.8253466416,-84.2358724608,84.2358724608,97.7113466639
2025,0,90,negative,0.138092372237,-0.18817809234,0.0699763223382,138.092372237,-188.17809234,69.9763223382,-80.6866863816,80.6866863816,100.86232236
2025,1,90,negative,0.138092372237,-0.187366057424,0.0683419349603,138.092372237,-187.366057424,68.3419349603,-79.8746514658,79.8746514658,99.2279349826
2026,0,90,negative,0.138092372237,-0.18817809234,0.0699763223382,138.092372237,-188.17809234,69.9763223382,-80.6866863816,80.6866863816,100.86232236
2026,1,90,negative,0.138092372237,-0.188396323911,0.070435893782,138.092372237,-188.396323911,70.435893782,-80.904917953,80.904917953,101.321893804
2027,0,90,negative,0.138092372237,-0.188729000493,0.0719079445386,138.092372237,-188.729000493,71.9079445386,-81.2375945349,81.2375945349,102.793944561
2027,1,90,negative,0.138092372237,-0.188479698937,0.070766601188,138.092372237,-188.479698937,70.766601188,-80.9882929791,80.9882929791,101.65260121
2028,0,90,negative,0.138092372237,-0.188786609803,0.0725642344748,138.092372237,-188.786609803,72.5642344748,-81.2952038451,81.2952038451,103.450234497
2028,1,90,negative,0.138092372237,-0.188729000493,0.0719079445386,138.092372237,-188.729000493,71.9079445386,-81.2375945349,81.2375945349,102.793944561
2029,0,90,negative,0.138092372237,-0.188885280895,0.0729603082307,138.092372237,-188.885280895,72.9603082307,-81.3938749375,81.3938749375,103.846308253
2029,1,90,negative,0.138092372237,-0.188894630733,0.0730973304939,138.092372237,-188.894630733,73.0973304939,-81.4032247748,81.4032247748,103.983330516
2030,0,90,negative,0.138092372237,-0.188885280895,0.0729603082307,138.092372237,-188.885280895,72.9603082307,-81.3938749375,81.3938749375,103.846308253
2030,1,90,negative,0.138092372237,-0.188786609803,0.0725642344748,138.092372237,-188.786609803,72.5642344748,-81.2952038451,81.2952038451,103.450234497
2031,0,90,negative,0.138092372237,-0.188396323911,0.070435893782,138.092372237,-188.396323911,70.435893782,-80.904917953,80.904917953,101.321893804
2031,1,90,negative,0.138092372237,-0.188479698937,0.070766601188,138.092372237,-188.479698937,70.766601188,-80.9882929791,80.9882929791,101.65260121
2032,0,90,negative,0.138092372237,-0.192304942136,0.0680545976866,138.092372237,-192.304942136,68.0545976866,-84.8135361777,84.8135361777,98.9405977089
2032,1,90,negative,0.138092372237,-0.192607288056,0.0687172899578,138.092372237,-192.607288056,68.7172899578,-85.1158820975,85.1158820975,99.6032899801
2033,0,90,negative,0.138092372237,-0.193164969698,0.0698503363521,138.092372237,-193.164969698,69.8503363521,-85.6735637397,85.6735637397,100.736336374
2033,1,90,negative,0.138092372237,-0.192607288056,0.0687172899578,138.092372237,-192.607288056,68.7172899578,-85.1158820975,85.1158820975,99.6032899801
2034,0,90,negative,0.138092372237,-0.193377780346,0.070421964125,138.092372237,-193.377780346,70.421964125,-85.8863743884,85.8863743884,101.307964147
2034,1,90,negative,0.138092372237,-0.193164969698,0.0698503363521,138.092372237,-193.164969698,69.8503363521,-85.6735637397,85.6735637397,100.736336374
2035,0,90,negative,0.138092372237,-0.193517807001,0.0706884897474,138.092372237,-193.517807001,70.6884897474,-86.0264010435,86.0264010435,101.57448977
2035,1,90,negative,0.138092372237,-0.193377780346,0.070421964125,138.092372237,-193.377780346,70.421964125,-85.8863743884,85.8863743884,101.307964147
2036,0,90,negative,0.138092372237,-0.194386197556,0.0726484060939,138.092372237,-194.386197556,72.6484060939,-86.8947915977,86.8947915977,103.534406116
2036,1,90,negative,0.138092372237,-0.194470165907,0.0728964586962,138.092372237,-194.470165907,72.8964586962,-86.9787599493,86.9787599493,103.782458719
2037,0,90,negative,0.138092372237,-0.194463887997,0.0731136738888,138.092372237,-194.463887997,73.1136738888,-86.9724820387,86.9724820387,103.999673911
2037,1,90,negative,0.138092372237,-0.194443580859,0.0733946851705,138.092372237,-194.443580859,73.3946851705,-86.9521749006,86.9521749006,104.280685193
2038,0,90,negative,0.138092372237,-0.193517807001,0.0706884897474,138.092372237,-193.517807001,70.6884897474,-86.0264010435,86.0264010435,101.57448977
2038,1,90,negative,0.138092372237,-0.194057211593,0.0718274943101,138.092372237,-194.057211593,71.8274943101,-86.5658056346,86.5658056346,102.713494332
2039,0,90,negative,0.138092372237,-0.194133744105,0.0720128701035,138.092372237,-194.133744105,72.0128701035,-86.6423381469,86.6423381469,102.898870126
2039,1,90,negative,0.138092372237,-0.194057211593,0.0718274943101,138.092372237,-194.057211593,71.8274943101,-86.5658056346,86.5658056346,102.713494332
2040,0,90,negative,0.138092372237,-0.194133744105,0.0720128701035,138.092372237,-194.133744105,72.0128701035,-86.6423381469,86.6423381469,102.898870126
2040,1,90,negative,0.138092372237,-0.194386197556,0.0726484060939,138.092372237,-194.386197556,72.6484060939,-86.8947915977,86.8947915977,103.534406116
2041,0,90,negative,0.138092372237,-0.194481691563,0.0730120666225,138.092372237,-194.481691563,73.0120666225,-86.9902856054,86.9902856054,103.898066645
2041,1,90,negative,0.138092372237,-0.194470165907,0.0728964586962,138.092372237,-194.470165907,72.8964586962,-86.9787599493,86.9787599493,103.782458719
2042,0,90,negative,0.138092372237,-0.194463887997,0.0731136738888,138.092372237,-194.463887997,73.1136738888,-86.9724820387,86.9724820387,103.999673911
2042,1,90,negative,0.138092372237,-0.194481691563,0.0730120666225,138.092372237,-194.481691563,73.0120666225,-86.9902856054,86.9902856054,103.898066645
2043,0,90,negative,0.138092372237,-0.19050197471,0.0758415700185,138.092372237,-190.50197471,75.8415700185,-83.0105687515,83.0105687515,106.727570041
2043,1,90,negative,0.138092372237,-0.190493148274,0.0758080716671,138.092372237,-190.493148274,75.8080716671,-83.0017423164,83.0017423164,106.694071689
2044,0,90,negative,0.138092372237,-0.190133496968,0.0749044709426,138.092372237,-190.133496968,74.9044709426,-82.6420910096,82.6420910096,105.790470965
2044,1,90,negative,0.138092372237,-0.18992573762,0.0749041729382,138.092372237,-189.92573762,74.9041729382,-82.4343316619,82.4343316619,105.79017296
2045,0,90,negative,0.138092372237,-0.18992573762,0.0749041729382,138.092372237,-189.92573762,74.9041729382,-82.4343316619,82.4343316619,105.79017296
2045,1,90,negative,0.138092372237,-0.189706144208,0.0750033836161,138.092372237,-189.706144208,75.0033836161,-82.2147382502,82.2147382502,105.889383638
2046,0,90,negative,0.138092372237,-0.190295431762,0.075165753196,138.092372237,-190.295431762,75.165753196,-82.804025804,82.804025804,106.051753218
2046,1,90,negative,0.138092372237,-0.19016238085,0.0749299105198,138.092372237,-190.16238085,74.9299105198,-82.6709748919,82.6709748919,105.815910542
2047,0,90,negative,0.138092372237,-0.190295431762,0.075165753196,138.092372237,-190.295431762,75.165753196,-82.804025804,82.804025804,106.051753218
2047,1,90,negative,0.138092372237,-0.190493148274,0.0758080716671,138.092372237,-190.493148274,75.8080716671,-83.0017423164,83.0017423164,106.694071689
2048,0,90,negative,0.138092372237,-0.190133496968,0.0749044709426,138.092372237,-190.133496968,74.9044709426,-82.6420910096,82.6420910096,105.790470965
2048,1,90,negative,0.138092372237,-0.19016238085,0.0749299105198,138.092372237,-190.16238085,74.9299105198,-82.6709748919,82.6709748919,105.815910542
2049,0,90,negative,0.138092372237,-0.190505889906,0.0758563590106,138.092372237,-190.505889906,75.8563590106,-83.0144839477,83.0144839477,106.742359033
2049,1,90,negative,0.138092372237,-0.19050197471,0.0758415700185,138.092372237,-190.50197471,75.8415700185,-83.0105687515,83.0105687515,106.727570041
2050,0,90,negative,0.138092372237,-0.190505889906,0.0758563590106,138.092372237,-190.505889906,75.8563590106,-83.0144839477,83.0144839477,106.742359033
2050,1,90,negative,0.138092372237,-0.190671137651,0.0761503482516,138.092372237,-190.671137651,76.1503482516,-83.1797316925,83.1797316925,107.036348274
2051,0,90,negative,0.138092372237,-0.190675346676,0.0762943957155,138.092372237,-190.675346676,76.2943957155,-83.1839407181,83.1839407181,107.180395738
2051,1,90,negative,0.138092372237,-0.190899666739,0.0768481235018,138.092372237,-190.899666739,76.8481235018,-83.4082607815,83.4082607815,107.734123524
2052,0,90,negative,0.138092372237,-0.190675346676,0.0762943957155,138.092372237,-190.675346676,76.2943957155,-83.1839407181,83.1839407181,107.180395738
2052,1,90,negative,0.138092372237,-0.190671137651,0.0761503482516,138.092372237,-190.671137651,76.1503482516,-83.1797316925,83.1797316925,107.036348274
2053,0,90,negative,0.138092372237,-0.190989660512,0.0774788814714,138.092372237,-190.989660512,77.4788814714,-83.4982545537,83.4982545537,108.364881494
2053,1,90,negative,0.138092372237,-0.190899666739,0.0768481235018,138.092372237,-190.899666739,76.8481235018,-83.4082607815,83.4082607815,107.734123524
2054,0,90,negative,0.138092372237,-0.190989660512,0.0774788814714,138.092372237,-190.989660512,77.4788814714,-83.4982545537,83.4982545537,108.364881494
2054,1,90,negative,0.138092372237,-0.191091563294,0.0782657059383,138.092372237,-191.091563294,78.2657059383,-83.6001573363,83.6001573363,109.151705961
2055,0,90,negative,0.138092372237,-0.189051999993,0.0742931232009,138.092372237,-189.051999993,74.2931232009,-81.560594035,81.560594035,105.179123223
2055,1,90,negative,0.138092372237,-0.188997416078,0.0740973105935,138.092372237,-188.997416078,74.0973105935,-81.5060101202,81.5060101202,104.983310616
2056,0,90,negative,0.138092372237,-0.188847424291,0.0735952275445,138.092372237,-188.847424291,73.5952275445,-81.3560183334,81.3560183334,104.481227567
2056,1,90,negative,0.138092372237,-0.188852845999,0.0737169723898,138.092372237,-188.852845999,73.7169723898,-81.3614400412,81.3614400412,104.602972412
2057,0,90,negative,0.138092372237,-0.188847424291,0.0735952275445,138.092372237,-188.847424291,73.5952275445,-81.3560183334,81.3560183334,104.481227567
2057,1,90,negative,0.138092372237,-0.188894630733,0.0730973304939,138.092372237,-188.894630733,73.0973304939,-81.4032247748,81.4032247748,103.983330516
2058,0,90,negative,0.138092372237,-0.188852845999,0.0737169723898,138.092372237,-188.852845999,73.7169723898,-81.3614400412,81.3614400412,104.602972412
2058,1,90,negative,0.138092372237,-0.188997416078,0.0740973105935,138.092372237,-188.997416078,74.0973105935,-81.5060101202,81.5060101202,104.983310616
2059,0,90,negative,0.138092372237,-0.189045569732,0.0743501793254,138.092372237,-189.045569732,74.3501793254,-81.5541637739,81.5541637739,105.236179348
2059,1,90,negative,0.138092372237,-0.189051999993,0.0742931232009,138.092372237,-189.051999993,74.2931232009,-81.560594035,81.560594035,105.179123223
2060,0,90,negative,0.138092372237,-0.189048921737,0.0744475828448,138.092372237,-189.048921737,74.4475828448,-81.5575157795,81.5575157795,105.333582867
2060,1,90,negative,0.138092372237,-0.189045569732,0.0743501793254,138.092372237,-189.045569732,74.3501793254,-81.5541637739,81.5541637739,105.236179348
2061,0,90,negative,0.138092372237,-0.189048921737,0.0744475828448,138.092372237,-189.048921737,74.4475828448,-81.5575157795,81.5575157795,105.333582867
2061,1,90,negative,0.138092372237,-0.189313355807,0.0749500120549,138.092372237,-189.313355807,74.9500120549,-81.8219498491,81.8219498491,105.836012077
2062,0,90,negative,0.138092372237,-0.189591734266,0.0750239325419,138.092372237,-189.591734266,75.0239325419,-82.1003283082,82.1003283082,105.909932564
2062,1,90,negative,0.138092372237,-0.189462006089,0.0751259046903,138.092372237,-189.462006089,75.1259046903,-81.9706001315,81.9706001315,106.011904713
2063,0,90,negative,0.138092372237,-0.189462006089,0.0751259046903,138.092372237,-189.462006089,75.1259046903,-81.9706001315,81.9706001315,106.011904713
2063,1,90,negative,0.138092372237,-0.189384209919,0.0750775384628,138.092372237,-189.384209919,75.0775384628,-81.8928039611,81.8928039611,105.963538485
2064,0,90,negative,0.138092372237,-0.189384209919,0.0750775384628,138.092372237,-189.384209919,75.0775384628,-81.8928039611,81.8928039611,105.963538485
2064,1,90,negative,0.138092372237,-0.189313355807,0.0749500120549,138.092372237,-189.313355807,74.9500120549,-81.8219498491,81.8219498491,105.836012077
2065,0,90,negative,0.138092372237,-0.189591734266,0.0750239325419,138.092372237,-189.591734266,75.0239325419,-82.1003283082,82.1003283082,105.909932564
2065,1,90,negative,0.138092372237,-0.189706144208,0.0750033836161,138.092372237,-189.706144208,75.0033836161,-82.2147382502,82.2147382502,105.889383638
2066,0,90,negative,0.138092372237,-0.191091563294,0.0782657059383,138.092372237,-191.091563294,78.2657059383,-83.6001573363,83.6001573363,109.151705961
2066,1,90,negative,0.138092372237,-0.19097954016,0.0792411255872,138.092372237,-190.97954016,79.2411255872,-83.4881342024,83.4881342024,110.127125609
2067,0,90,negative,0.138092372237,-0.190971185768,0.0794941790895,138.092372237,-190.971185768,79.4941790895,-83.4797798101,83.4797798101,110.380179112
2067,1,90,negative,0.138092372237,-0.19097954016,0.0792411255872,138.092372237,-190.97954016,79.2411255872,-83.4881342024,83.4881342024,110.127125609
2068,0,90,negative,0.138092372237,-0.190971185768,0.0794941790895,138.092372237,-190.971185768,79.4941790895,-83.4797798101,83.4797798101,110.380179112
2068,1,90,negative,0.138092372237,-0.1908513411,0.0799231817909,138.092372237,-190.8513411,79.9231817909,-83.3599351421,83.3599351421,110.809181813
2069,0,90,negative,0.138092372237,-0.190808355195,0.0803756126869,138.092372237,-190.808355195,80.3756126869,-83.3169492372,83.3169492372,111.261612709
2069,1,90,negative,0.138092372237,-0.1908513411,0.0799231817909,138.092372237,-190.8513411,79.9231817909,-83.3599351421,83.3599351421,110.809181813
2070,0,90,negative,0.138092372237,-0.190808355195,0.0803756126869,138.092372237,-190.808355195,80.3756126869,-83.3169492372,83.3169492372,111.261612709
2070,1,90,negative,0.138092372237,-0.19070950162,0.0807978670894,138.092372237,-190.70950162,80.7978670894,-83.2180956623,83.2180956623,111.683867112
2071,0,90,negative,0.138092372237,-0.19070950162,0.0807978670894,138.092372237,-190.70950162,80.7978670894,-83.2180956623,83.2180956623,111.683867112
2071,1,90,negative,0.138092372237,-0.190786452611,0.0813880471322,138.092372237,-190.786452611,81.3880471322,-83.2950466526,83.2950466526,112.274047154
2072,0,90,negative,0.138092372237,-0.19078384588,0.0815479962378,138.092372237,-190.78384588,81.5479962378,-83.2924399218,83.2924399218,112.43399626
2072,1,90,negative,0.138092372237,-0.190786452611,0.0813880471322,138.092372237,-190.786452611,81.3880471322,-83.2950466526,83.2950466526,112.274047154
2073,0,90,negative,0.138092372237,-0.190946223516,0.0824734333538,138.092372237,-190.946223516,82.4734333538,-83.4548175583,83.4548175583,113.359433376
2073,1,90,negative,0.138092372237,-0.19078384588,0.0815479962378,138.092372237,-190.78384588,81.5479962378,-83.2924399218,83.2924399218,112.43399626
2074,0,90,negative,0.138092372237,-0.194443580859,0.0733946851705,138.092372237,-194.443580859,73.3946851705,-86.9521749006,86.9521749006,104.280685193
2074,1,90,negative,0.138092372237,-0.194413208525,0.0735813033248,138.092372237,-194.413208525,73.5813033248,-86.9218025672,86.9218025672,104.467303347
2075,0,90,negative,0.138092372237,-0.194422043421,0.0737171331184,138.092372237,-194.422043421,73.7171331184,-86.9306374629,86.9306374629,104.603133141
2075,1,90,negative,0.138092372237,-0.194401377066,0.0738775053482,138.092372237,-194.401377066,73.8775053482,-86.9099711081,86.9099711081,104.76350537
2076,0,90,negative,0.138092372237,-0.194485913174,0.0740689167224,138.092372237,-194.485913174,74.0689167224,-86.9945072163,86.9945072163,104.954916745
2076,1,90,negative,0.138092372237,-0.194515651746,0.0742360496761,138.092372237,-194.515651746,74.2360496761,-87.0242457882,87.0242457882,105.122049698
2077,0,90,negative,0.138092372237,-0.194485913174,0.0740689167224,138.092372237,-194.485913174,74.0689167224,-86.9945072163,86.9945072163,104.954916745
2077,1,90,negative,0.138092372237,-0.194401377066,0.0738775053482,138.092372237,-194.401377066,73.8775053482,-86.9099711081,86.9099711081,104.76350537
2078,0,90,negative,0.138092372237,-0.194515651746,0.0742360496761,138.092372237,-194.515651746,74.2360496761,-87.0242457882,87.0242457882,105.122049698
2078,1,90,negative,0.138092372237,-0.194605003019,0.0745367312245,138.092372237,-194.605003019,74.5367312245,-87.1135970606,87.1135970606,105.422731247
2079,0,90,negative,0.138092372237,-0.194734629672,0.0752645264367,138.092372237,-194.734629672,75.2645264367,-87.2432237138,87.2432237138,106.150526459
2079,1,90,negative,0.138092372237,-0.194765704388,0.0754127272521,138.092372237,-194.765704388,75.4127272521,-87.2742984299,87.2742984299,106.298727274
2080,0,90,negative,0.138092372237,-0.194734629672,0.0752645264367,138.092372237,-194.734629672,75.2645264367,-87.2432237138,87.2432237138,106.150526459
2080,1,90,negative,0.138092372237,-0.194605003019,0.0745367312245,138.092372237,-194.605003019,74.5367312245,-87.1135970606,87.1135970606,105.422731247
2081,0,90,negative,0.138092372237,-0.194422043421,0.0737171331184,138.092372237,-194.422043421,73.7171331184,-86.9306374629,86.9306374629,104.603133141
2081,1,90,negative,0.138092372237,-0.194413208525,0.0735813033248,138.092372237,-194.413208525,73.5813033248,-86.9218025672,86.9218025672,104.467303347
2082,0,90,negative,0.138092372237,-0.194895526126,0.0760420376499,138.092372237,-194.895526126,76.0420376499,-87.4041201682,87.4041201682,106.928037672
2082,1,90,negative,0.138092372237,-0.195138093834,0.0766363293563,138.092372237,-195.138093834,76.6363293563,-87.6466878759,87.6466878759,107.522329379
2083,0,90,negative,0.138092372237,-0.19528630893,0.077134217155,138.092372237,-195.28630893,77.134217155,-87.7949029716,87.7949029716,108.020217177
2083,1,90,negative,0.138092372237,-0.195138093834,0.0766363293563,138.092372237,-195.138093834,76.6363293563,-87.6466878759,87.6466878759,107.522329379
2084,0,90,negative,0.138092372237,-0.194765704388,0.0754127272521,138.092372237,-194.765704388,75.4127272521,-87.2742984299,87.2742984299,106.298727274
2084,1,90,negative,0.138092372237,-0.194883306104,0.0759919740446,138.092372237,-194.883306104,75.9919740446,-87.3919001461,87.3919001461,106.877974067
2085,0,90,negative,0.138092372237,-0.194895526126,0.0760420376499,138.092372237,-194.895526126,76.0420376499,-87.4041201682,87.4041201682,106.928037672
2085,1,90,negative,0.138092372237,-0.194883306104,0.0759919740446,138.092372237,-194.883306104,75.9919740446,-87.3919001461,87.3919001461,106.877974067
2086,0,90,negative,0.138092372237,-0.19528630893,0.077134217155,138.092372237,-195.28630893,77.134217155,-87.7949029716,87.7949029716,108.020217177
2086,1,90,negative,0.138092372237,-0.195358411257,0.0773703385893,138.092372237,-195.358411257,77.3703385893,-87.8670052991,87.8670052991,108.256338612
2087,0,90,negative,0.138092372237,-0.195646086849,0.078457881711,138.092372237,-195.646086849,78.457881711,-88.1546808907,88.1546808907,109.343881733
2087,1,90,negative,0.138092372237,-0.195358411257,0.0773703385893,138.092372237,-195.358411257,77.3703385893,-87.8670052991,87.8670052991,108.256338612
2088,0,90,negative,0.138092372237,-0.195646086849,0.078457881711,138.092372237,-195.646086849,78.457881711,-88.1546808907,88.1546808907,109.343881733
2088,1,90,negative,0.138092372237,-0.195747928689,0.078908840313,138.092372237,-195.747928689,78.908840313,-88.256522731,88.256522731,109.794840335
2089,0,90,negative,0.138092372237,-0.195850771529,0.0793668718972,138.092372237,-195.850771529,79.3668718972,-88.3593655706,88.3593655706,110.252871919
2089,1,90,negative,0.138092372237,-0.195747928689,0.078908840313,138.092372237,-195.747928689,78.908840313,-88.256522731,88.256522731,109.794840335
2090,0,90,negative,0.138092372237,-0.195981072987,0.0797495332263,138.092372237,-195.981072987,79.7495332263,-88.4896670288,88.4896670288,110.635533249
2090,1,90,negative,0.138092372237,-0.195850771529,0.0793668718972,138.092372237,-195.850771529,79.3668718972,-88.3593655706,88.3593655706,110.252871919
2091,0,90,negative,0.138092372237,-0.195981072987,0.0797495332263,138.092372237,-195.981072987,79.7495332263,-88.4896670288,88.4896670288,110.635533249
2091,1,90,negative,0.138092372237,-0.196172704274,0.0803000256493,138.092372237,-196.172704274,80.3000256493,-88.6812983163,88.6812983163,111.186025672
2092,0,90,negative,0.138092372237,-0.196172704274,0.0803000256493,138.092372237,-196.172704274,80.3000256493,-88.6812983163,88.6812983163,111.186025672
2092,1,90,negative,0.138092372237,-0.196334533704,0.0809051512446,138.092372237,-196.334533704,80.9051512446,-88.8431277456,88.8431277456,111.791151267
2093,0,90,negative,0.138092372237,-0.19665870049,0.0820531135902,138.092372237,-196.65870049,82.0531135902,-89.1672945316,89.1672945316,112.939113612
2093,1,90,negative,0.138092372237,-0.196334533704,0.0809051512446,138.092372237,-196.334533704,80.9051512446,-88.8431277456,88.8431277456,111.791151267
2094,0,90,negative,0.138092372237,-0.19665870049,0.0820531135902,138.092372237,-196.65870049,82.0531135902,-89.1672945316,89.1672945316,112.939113612
2094,1,90,negative,0.138092372237,-0.196941497988,0.0827754933314,138.092372237,-196.941497988,82.7754933314,-89.4500920298,89.4500920298,113.661493354
2095,0,90,negative,0.138092372237,-0.196983675505,0.0828978362476,138.092372237,-196.983675505,82.8978362476,-89.4922695468,89.4922695468,113.78383627
2095,1,90,negative,0.138092372237,-0.196941497988,0.0827754933314,138.092372237,-196.941497988,82.7754933314,-89.4500920298,89.4500920298,113.661493354
2096,0,90,negative,0.138092372237,-0.190946223516,0.0824734333538,138.092372237,-190.946223516,82.4734333538,-83.4548175583,83.4548175583,113.359433376
2096,1,90,negative,0.138092372237,-0.190999768285,0.0827445350221,138.092372237,-190.999768285,82.7445350221,-83.5083623273,83.5083623273,113.630535044
2097,0,90,negative,0.138092372237,-0.190999768285,0.0827445350221,138.092372237,-190.999768285,82.7445350221,-83.5083623273,83.5083623273,113.630535044
2097,1,90,negative,0.138092372237,-0.191014865177,0.0827844570084,138.092372237,-191.014865177,82.7844570084,-83.5234592187,83.5234592187,113.670457031
2098,0,90,negative,0.138092372237,-0.191014865177,0.0827844570084,138.092372237,-191.014865177,82.7844570084,-83.5234592187,83.5234592187,113.670457031
2098,1,90,negative,0.138092372237,-0.191015320778,0.0828142206668,138.092372237,-191.015320778,82.8142206668,-83.5239148199,83.5239148199,113.700220689
2099,0,90,negative,0.138092372237,-0.186379730216,0.0651804462602,138.092372237,-186.379730216,65.1804462602,-78.8883242576,78.8883242576,96.0664462825
2099,1,90,negative,0.138092372237,-0.18651031883,0.0654107018591,138.092372237,-186.51031883,65.4107018591,-79.0189128724,79.0189128724,96.2967018814
2100,0,90,negative,0.138092372237,-0.18651031883,0.0654107018591,138.092372237,-186.51031883,65.4107018591,-79.0189128724,79.0189128724,96.2967018814
2100,1,90,negative,0.138092372237,-0.186576519732,0.0655966168542,138.092372237,-186.576519732,65.5966168542,-79.0851137738,79.0851137738,96.4826168765
2101,0,90,negative,0.138092372237,-0.186576519732,0.0655966168542,138.092372237,-186.576519732,65.5966168542,-79.0851137738,79.0851137738,96.4826168765
2101,1,90,negative,0.138092372237,-0.186626793963,0.065719105094,138.092372237,-186.626793963,65.719105094,-79.1353880055,79.1353880055,96.6051051162
2102,0,90,negative,0.138092372237,-0.197465662509,0.0845869906563,138.092372237,-197.465662509,84.5869906563,-89.9742565509,89.9742565509,115.472990679
2102,1,90,negative,0.138092372237,-0.197719394059,0.0854448795198,138.092372237,-197.719394059,85.4448795198,-90.2279881007,90.2279881007,116.330879542
2103,0,90,negative,0.138092372237,-0.197006282492,0.0829771574173,138.092372237,-197.006282492,82.9771574173,-89.5148765345,89.5148765345,113.86315744
2103,1,90,negative,0.138092372237,-0.197216011325,0.0837585010074,138.092372237,-197.216011325,83.7585010074,-89.7246053668,89.7246053668,114.64450103
2104,0,90,negative,0.138092372237,-0.197257940307,0.0838641596692,138.092372237,-197.257940307,83.8641596692,-89.7665343486,89.7665343486,114.750159692
2104,1,90,negative,0.138092372237,-0.197216011325,0.0837585010074,138.092372237,-197.216011325,83.7585010074,-89.7246053668,89.7246053668,114.64450103
2105,0,90,negative,0.138092372237,-0.197006282492,0.0829771574173,138.092372237,-197.006282492,82.9771574173,-89.5148765345,89.5148765345,113.86315744
2105,1,90,negative,0.138092372237,-0.196983675505,0.0828978362476,138.092372237,-196.983675505,82.8978362476,-89.4922695468,89.4922695468,113.78383627
2106,0,90,negative,0.138092372237,-0.197308093077,0.0840558623297,138.092372237,-197.308093077,84.0558623297,-89.8166871191,89.8166871191,114.941862352
2106,1,90,negative,0.138092372237,-0.197257940307,0.0838641596692,138.092372237,-197.257940307,83.8641596692,-89.7665343486,89.7665343486,114.750159692
2107,0,90,negative,0.138092372237,-0.197465662509,0.0845869906563,138.092372237,-197.465662509,84.5869906563,-89.9742565509,89.9742565509,115.472990679
2107,1,90,negative,0.138092372237,-0.197308093077,0.0840558623297,138.092372237,-197.308093077,84.0558623297,-89.8166871191,89.8166871191,114.941862352
2108,0,90,negative,0.138092372237,-0.197719394059,0.0854448795198,138.092372237,-197.719394059,85.4448795198,-90.2279881007,90.2279881007,116.330879542
2108,1,90,negative,0.138092372237,-0.197837268427,0.0858020290524,138.092372237,-197.837268427,85.8020290524,-90.3458624688,90.3458624688,116.688029075
2109,0,90,negative,0.138092372237,-0.197837268427,0.0858020290524,138.092372237,-197.837268427,85.8020290524,-90.3458624688,90.3458624688,116.688029075
2109,1,90,negative,0.138092372237,-0.19797887315,0.0863185805501,138.092372237,-197.97887315,86.3185805501,-90.4874671925,90.4874671925,117.204580572
2110,0,90,negative,0.138092372237,-0.198078306985,0.0867462301081,138.092372237,-198.078306985,86.7462301081,-90.5869010274,90.5869010274,117.63223013
2110,1,90,negative,0.138092372237,-0.19797887315,0.0863185805501,138.092372237,-197.97887315,86.3185805501,-90.4874671925,90.4874671925,117.204580572
2111,0,90,negative,0.138092372237,-0.198078306985,0.0867462301081,138.092372237,-198.078306985,86.7462301081,-90.5869010274,90.5869010274,117.63223013
2111,1,90,negative,0.138092372237,-0.198383423822,0.0877904778516,138.092372237,-198.383423822,87.7904778516,-90.8920178645,90.8920178645,118.676477874
2112,0,90,negative,0.138092372237,-0.19303521265,0.0887780254458,138.092372237,-193.03521265,88.7780254458,-85.5438066919,85.5438066919,119.664025468
2112,1,90,negative,0.138092372237,-0.192795129699,0.0883704888119,138.092372237,-192.795129699,88.3704888119,-85.303723741,85.303723741,119.256488834
2113,0,90,negative,0.138092372237,-0.193374299174,0.0896500733273,138.092372237,-193.374299174,89.6500733273,-85.8828932162,85.8828932162,120.53607335
2113,1,90,negative,0.138092372237,-0.193303777501,0.0895035786439,138.092372237,-193.303777501,89.5035786439,-85.8123715427,85.8123715427,120.389578666
2114,0,90,negative,0.138092372237,-0.193111240757,0.0890986594601,138.092372237,-193.111240757,89.0986594601,-85.6198347992,85.6198347992,119.984659482
2114,1,90,negative,0.138092372237,-0.19303521265,0.0887780254458,138.092372237,-193.03521265,88.7780254458,-85.5438066919,85.5438066919,119.664025468
2115,0,90,negative,0.138092372237,-0.193111240757,0.0890986594601,138.092372237,-193.111240757,89.0986594601,-85.6198347992,85.6198347992,119.984659482
2115,1,90,negative,0.138092372237,-0.193303777501,0.0895035786439,138.092372237,-193.303777501,89.5035786439,-85.8123715427,85.8123715427,120.389578666
2116,0,90,negative,0.138092372237,-0.193374299174,0.0896500733273,138.092372237,-193.374299174,89.6500733273,-85.8828932162,85.8828932162,120.53607335
2116,1,90,negative,0.138092372237,-0.19343775424,0.0900270704619,138.092372237,-193.43775424,90.0270704619,-85.9463482822,85.9463482822,120.913070484
2117,0,90,negative,0.138092372237,-0.193602166193,0.0905350936103,138.092372237,-193.602166193,90.5350936103,-86.1107602353,86.1107602353,121.421093633
2117,1,90,negative,0.138092372237,-0.193548384748,0.090395550476,138.092372237,-193.548384748,90.395550476,-86.05697879,86.05697879,121.281550498
2118,0,90,negative,0.138092372237,-0.193730122814,0.0908983516781,138.092372237,-193.730122814,90.8983516781,-86.2387168556,86.2387168556,121.7843517
2118,1,90,negative,0.138092372237,-0.19361013905,0.0906378803537,138.092372237,-193.61013905,90.6378803537,-86.118733092,86.118733092,121.523880376
2119,0,90,negative,0.138092372237,-0.19361013905,0.0906378803537,138.092372237,-193.61013905,90.6378803537,-86.118733092,86.118733092,121.523880376
2119,1,90,negative,0.138092372237,-0.193602166193,0.0905350936103,138.092372237,-193.602166193,90.5350936103,-86.1107602353,86.1107602353,121.421093633
2120,0,90,negative,0.138092372237,-0.19343775424,0.0900270704619,138.092372237,-193.43775424,90.0270704619,-85.9463482822,85.9463482822,120.913070484
2120,1,90,negative,0.138092372237,-0.193548384748,0.090395550476,138.092372237,-193.548384748,90.395550476,-86.05697879,86.05697879,121.281550498
2121,0,90,negative,0.138092372237,-0.193730122814,0.0908983516781,138.092372237,-193.730122814,90.8983516781,-86.2387168556,86.2387168556,121.7843517
2121,1,90,negative,0.138092372237,-0.193903961376,0.0912948327875,138.092372237,-193.903961376,91.2948327875,-86.4125554182,86.4125554182,122.18083281
2122,0,90,negative,0.138092372237,-0.193903961376,0.0912948327875,138.092372237,-193.903961376,91.2948327875,-86.4125554182,86.4125554182,122.18083281
2122,1,90,negative,0.138092372237,-0.193922775184,0.0914267773497,138.092372237,-193.922775184,91.4267773497,-86.4313692255,86.4313692255,122.312777372
2123,0,90,negative,0.138092372237,-0.194090252802,0.0923945251002,138.092372237,-194.090252802,92.3945251002,-86.5988468445,86.5988468445,123.280525122
2123,1,90,negative,0.138092372237,-0.193922775184,0.0914267773497,138.092372237,-193.922775184,91.4267773497,-86.4313692255,86.4313692255,122.312777372
2124,0,90,negative,0.138092372237,-0.191367445437,0.084145019967,138.092372237,-191.367445437,84.145019967,-83.8760394787,83.8760394787,115.031019989
2124,1,90,negative,0.138092372237,-0.191097010806,0.0831495386571,138.092372237,-191.097010806,83.1495386571,-83.6056048478,83.6056048478,114.035538679
2125,0,90,negative,0.138092372237,-0.191367445437,0.084145019967,138.092372237,-191.367445437,84.145019967,-83.8760394787,83.8760394787,115.031019989
2125,1,90,negative,0.138092372237,-0.19149689112,0.0848927693869,138.092372237,-191.49689112,84.8927693869,-84.0054851618,84.0054851618,115.778769409
2126,0,90,negative,0.138092372237,-0.191015320778,0.0828142206668,138.092372237,-191.015320778,82.8142206668,-83.5239148199,83.5239148199,113.700220689
2126,1,90,negative,0.138092372237,-0.191097010806,0.0831495386571,138.092372237,-191.097010806,83.1495386571,-83.6056048478,83.6056048478,114.035538679
2127,0,90,negative,0.138092372237,-0.191860864151,0.0867363031325,138.092372237,-191.860864151,86.7363031325,-84.3694581934,84.3694581934,117.622303155
2127,1,90,negative,0.138092372237,-0.191671642834,0.0860489789235,138.092372237,-191.671642834,86.0489789235,-84.1802368761,84.1802368761,116.934978946
2128,0,90,negative,0.138092372237,-0.191607148586,0.08551811814,138.092372237,-191.607148586,85.51811814,-84.1157426281,84.1157426281,116.404118162
2128,1,90,negative,0.138092372237,-0.19149689112,0.0848927693869,138.092372237,-191.49689112,84.8927693869,-84.0054851618,84.0054851618,115.778769409
2129,0,90,negative,0.138092372237,-0.191607148586,0.08551811814,138.092372237,-191.607148586,85.51811814,-84.1157426281,84.1157426281,116.404118162
2129,1,90,negative,0.138092372237,-0.191631068476,0.0858677471288,138.092372237,-191.631068476,85.8677471288,-84.1396625176,84.1396625176,116.753747151
2130,0,90,negative,0.138092372237,-0.191631068476,0.0858677471288,138.092372237,-191.631068476,85.8677471288,-84.1396625176,84.1396625176,116.753747151
2130,1,90,negative,0.138092372237,-0.191671642834,0.0860489789235,138.092372237,-191.671642834,86.0489789235,-84.1802368761,84.1802368761,116.934978946
2131,0,90,negative,0.138092372237,-0.191954362996,0.0869844771085,138.092372237,-191.954362996,86.9844771085,-84.4629570384,84.4629570384,117.870477131
2131,1,90,negative,0.138092372237,-0.191860864151,0.0867363031325,138.092372237,-191.860864151,86.7363031325,-84.3694581934,84.3694581934,117.622303155
2132,0,90,negative,0.138092372237,-0.192108451681,0.0873170319552,138.092372237,-192.108451681,87.3170319552,-84.6170457232,84.6170457232,118.203031977
2132,1,90,negative,0.138092372237,-0.191954362996,0.0869844771085,138.092372237,-191.954362996,86.9844771085,-84.4629570384,84.4629570384,117.870477131
2133,0,90,negative,0.138092372237,-0.192108451681,0.0873170319552,138.092372237,-192.108451681,87.3170319552,-84.6170457232,84.6170457232,118.203031977
2133,1,90,negative,0.138092372237,-0.19223035825,0.087571002543,138.092372237,-192.23035825,87.571002543,-84.7389522923,84.7389522923,118.457002565
2134,0,90,negative,0.138092372237,-0.192496372081,0.0879891627597,138.092372237,-192.496372081,87.9891627597,-85.0049661227,85.0049661227,118.875162782
2134,1,90,negative,0.138092372237,-0.19223035825,0.087571002543,138.092372237,-192.23035825,87.571002543,-84.7389522923,84.7389522923,118.457002565
2135,0,90,negative,0.138092372237,-0.192496372081,0.0879891627597,138.092372237,-192.496372081,87.9891627597,-85.0049661227,85.0049661227,118.875162782
2135,1,90,negative,0.138092372237,-0.19259345302,0.0881302313704,138.092372237,-192.59345302,88.1302313704,-85.1020470618,85.1020470618,119.016231393
2136,0,90,negative,0.138092372237,-0.19259345302,0.0881302313704,138.092372237,-192.59345302,88.1302313704,-85.1020470618,85.1020470618,119.016231393
2136,1,90,negative,0.138092372237,-0.192795129699,0.0883704888119,138.092372237,-192.795129699,88.3704888119,-85.303723741,85.303723741,119.256488834
2137,0,90,negative,0.138092372237,-0.19448932821,0.0939305513787,138.092372237,-194.48932821,93.9305513787,-86.9979222517,86.9979222517,124.816551401
2137,1,90,negative,0.138092372237,-0.194290599079,0.0935433148396,138.092372237,-194.290599079,93.5433148396,-86.7991931213,86.7991931213,124.429314862
2138,0,90,negative,0.138092372237,-0.194758607271,0.0947960611381,138.092372237,-194.758607271,94.7960611381,-87.2672013129,87.2672013129,125.68206116
2138,1,90,negative,0.138092372237,-0.19448932821,0.0939305513787,138.092372237,-194.48932821,93.9305513787,-86.9979222517,86.9979222517,124.816551401
2139,0,90,negative,0.138092372237,-0.194125982204,0.0928868235253,138.092372237,-194.125982204,92.8868235253,-86.6345762463,86.6345762463,123.772823548
2139,1,90,negative,0.138092372237,-0.194090252802,0.0923945251002,138.092372237,-194.090252802,92.3945251002,-86.5988468445,86.5988468445,123.280525122
2140,0,90,negative,0.138092372237,-0.194125982204,0.0928868235253,138.092372237,-194.125982204,92.8868235253,-86.6345762463,86.6345762463,123.772823548
2140,1,90,negative,0.138092372237,-0.194215870932,0.0932180016534,138.092372237,-194.215870932,93.2180016534,-86.724464974,86.724464974,124.104001676
2141,0,90,negative,0.138092372237,-0.194215870932,0.0932180016534,138.092372237,-194.215870932,93.2180016534,-86.724464974,86.724464974,124.104001676
2141,1,90,negative,0.138092372237,-0.194290599079,0.0935433148396,138.092372237,-194.290599079,93.5433148396,-86.7991931213,86.7991931213,124.429314862
2142,0,90,negative,0.138092372237,-0.194758607271,0.0947960611381,138.092372237,-194.758607271,94.7960611381,-87.2672013129,87.2672013129,125.68206116
2142,1,90,negative,0.138092372237,-0.194789251945,0.0948923486014,138.092372237,-194.789251945,94.8923486014,-87.2978459866,87.2978459866,125.778348624
2143,0,90,negative,0.138092372237,-0.194789251945,0.0948923486014,138.092372237,-194.789251945,94.8923486014,-87.2978459866,87.2978459866,125.778348624
2143,1,90,negative,0.138092372237,-0.194800322233,0.0949307221905,138.092372237,-194.800322233,94.9307221905,-87.3089162746,87.3089162746,125.816722213
2144,0,90,negative,0.138092372237,-0.195088549158,0.0955838212897,138.092372237,-195.088549158,95.5838212897,-87.5971431996,87.5971431996,126.469821312
2144,1,90,negative,0.138092372237,-0.194835963673,0.0950057696896,138.092372237,-194.835963673,95.0057696896,-87.3445577147,87.3445577147,125.891769712
2145,0,90,negative,0.138092372237,-0.195130609193,0.0958023463761,138.092372237,-195.130609193,95.8023463761,-87.6392032348,87.6392032348,126.688346398
2145,1,90,negative,0.138092372237,-0.195088549158,0.0955838212897,138.092372237,-195.088549158,95.5838212897,-87.5971431996,87.5971431996,126.469821312
2146,0,90,negative,0.138092372237,-0.195130609193,0.0958023463761,138.092372237,-195.130609193,95.8023463761,-87.6392032348,87.6392032348,126.688346398
2146,1,90,negative,0.138092372237,-0.195165069408,0.0960098166759,138.092372237,-195.165069408,96.0098166759,-87.6736634503,87.6736634503,126.895816698
2147,0,90,negative,0.138092372237,-0.195165069408,0.0960098166759,138.092372237,-195.165069408,96.0098166759,-87.6736634503,87.6736634503,126.895816698
2147,1,90,negative,0.138092372237,-0.195166886135,0.0961195078181,138.092372237,-195.166886135,96.1195078181,-87.6754801766,87.6754801766,127.00550784
2148,0,90,negative,0.138092372237,-0.195180724183,0.0965358677278,138.092372237,-195.180724183,96.5358677278,-87.6893182249,87.6893182249,127.42186775
2148,1,90,negative,0.138092372237,-0.19523032633,0.096718448502,138.092372237,-195.23032633,96.718448502,-87.7389203716,87.7389203716,127.604448524
2149,0,90,negative,0.138092372237,-0.195180724183,0.0965358677278,138.092372237,-195.180724183,96.5358677278,-87.6893182249,87.6893182249,127.42186775
2149,1,90,negative,0.138092372237,-0.195166886135,0.0961195078181,138.092372237,-195.166886135,96.1195078181,-87.6754801766,87.6754801766,127.00550784
2150,0,90,negative,0.138092372237,-0.195633721992,0.0973233933257,138.092372237,-195.633721992,97.3233933257,-88.142316034,88.142316034,128.209393348
2150,1,90,negative,0.138092372237,-0.195442784406,0.0970730519513,138.092372237,-195.442784406,97.0730519513,-87.951378448,87.951378448,127.959051974
2151,0,90,negative,0.138092372237,-0.195314939145,0.0968943694941,138.092372237,-195.314939145,96.8943694941,-87.8235331871,87.8235331871,127.780369516
2151,1,90,negative,0.138092372237,-0.19523032633,0.096718448502,138.092372237,-195.23032633,96.718448502,-87.7389203716,87.7389203716,127.604448524
2152,0,90,negative,0.138092372237,-0.194807396561,0.0949472223985,138.092372237,-194.807396561,94.9472223985,-87.3159906028,87.3159906028,125.833222421
2152,1,90,negative,0.138092372237,-0.194835963673,0.0950057696896,138.092372237,-194.835963673,95.0057696896,-87.3445577147,87.3445577147,125.891769712
2153,0,90,negative,0.138092372237,-0.195314939145,0.0968943694941,138.092372237,-195.314939145,96.8943694941,-87.8235331871,87.8235331871,127.780369516
2153,1,90,negative,0.138092372237,-0.195442784406,0.0970730519513,138.092372237,-195.442784406,97.0730519513,-87.951378448,87.951378448,127.959051974
2154,0,90,negative,0.138092372237,-0.194800322233,0.0949307221905,138.092372237,-194.800322233,94.9307221905,-87.3089162746,87.3089162746,125.816722213
2154,1,90,negative,0.138092372237,-0.194807396561,0.0949472223985,138.092372237,-194.807396561,94.9472223985,-87.3159906028,87.3159906028,125.833222421
2155,0,90,negative,0.138092372237,-0.195700334144,0.0976062230019,138.092372237,-195.700334144,97.6062230019,-88.2089281856,88.2089281856,128.492223024
2155,1,90,negative,0.138092372237,-0.195633721992,0.0973233933257,138.092372237,-195.633721992,97.3233933257,-88.142316034,88.142316034,128.209393348
2156,0,90,negative,0.138092372237,-0.195700334144,0.0976062230019,138.092372237,-195.700334144,97.6062230019,-88.2089281856,88.2089281856,128.492223024
2156,1,90,negative,0.138092372237,-0.195798155141,0.0979194598445,138.092372237,-195.798155141,97.9194598445,-88.3067491829,88.3067491829,128.805459867
2157,0,90,negative,0.138092372237,-0.195798155141,0.0979194598445,138.092372237,-195.798155141,97.9194598445,-88.3067491829,88.3067491829,128.805459867
2157,1,90,negative,0.138092372237,-0.195898292691,0.0984168778699,138.092372237,-195.898292691,98.4168778699,-88.406886733,88.406886733,129.302877892
2158,0,90,negative,0.138092372237,-0.19604736932,0.0987469726523,138.092372237,-196.04736932,98.7469726523,-88.5559633624,88.5559633624,129.632972675
2158,1,90,negative,0.138092372237,-0.195898292691,0.0984168778699,138.092372237,-195.898292691,98.4168778699,-88.406886733,88.406886733,129.302877892
2159,0,90,negative,0.138092372237,-0.19604736932,0.0987469726523,138.092372237,-196.04736932,98.7469726523,-88.5559633624,88.5559633624,129.632972675
2159,1,90,negative,0.138092372237,-0.196149559133,0.0990986207649,138.092372237,-196.149559133,99.0986207649,-88.658153175,88.658153175,129.984620787
2160,0,90,negative,0.138092372237,-0.196310175363,0.0994895398035,138.092372237,-196.310175363,99.4895398035,-88.8187694053,88.8187694053,130.375539826
2160,1,90,negative,0.138092372237,-0.196149559133,0.0990986207649,138.092372237,-196.149559133,99.0986207649,-88.658153175,88.658153175,129.984620787
2161,0,90,negative,0.138092372237,-0.196310175363,0.0994895398035,138.092372237,-196.310175363,99.4895398035,-88.8187694053,88.8187694053,130.375539826
2161,1,90,negative,0.138092372237,-0.196404205795,0.0997249113534,138.092372237,-196.404205795,99.7249113534,-88.9127998366,88.9127998366,130.610911376
2162,0,90,negative,0.138092372237,-0.196392979717,0.100185861941,138.092372237,-196.392979717,100.185861941,-88.9015737587,88.9015737587,131.071861963
2162,1,90,negative,0.138092372237,-0.196404205795,0.0997249113534,138.092372237,-196.404205795,99.7249113534,-88.9127998366,88.9127998366,130.610911376
2163,0,90,negative,0.138092372237,-0.196392979717,0.100185861941,138.092372237,-196.392979717,100.185861941,-88.9015737587,88.9015737587,131.071861963
2163,1,90,negative,0.138092372237,-0.196606520419,0.101296141748,138.092372237,-196.606520419,101.296141748,-89.1151144613,89.1151144613,132.18214177
2164,0,90,negative,0.138092372237,-0.196620230241,0.101464239078,138.092372237,-196.620230241,101.464239078,-89.1288242829,89.1288242829,132.350239101
2164,1,90,negative,0.138092372237,-0.196606520419,0.101296141748,138.092372237,-196.606520419,101.296141748,-89.1151144613,89.1151144613,132.18214177
2165,0,90,negative,0.138092372237,-0.196743679354,0.101846459613,138.092372237,-196.743679354,101.846459613,-89.2522733959,89.2522733959,132.732459636
2165,1,90,negative,0.138092372237,-0.196620230241,0.101464239078,138.092372237,-196.620230241,101.464239078,-89.1288242829,89.1288242829,132.350239101
2166,0,90,negative,0.138092372237,-0.196743679354,0.101846459613,138.092372237,-196.743679354,101.846459613,-89.2522733959,89.2522733959,132.732459636
2166,1,90,negative,0.138092372237,-0.196876427627,0.102174380843,138.092372237,-196.876427627,102.174380843,-89.3850216692,89.3850216692,133.060380865
2167,0,90,negative,0.138092372237,-0.198502357354,0.0881078315341,138.092372237,-198.502357354,88.1078315341,-91.0109513959,91.0109513959,118.993831556
2167,1,90,negative,0.138092372237,-0.198383423822,0.0877904778516,138.092372237,-198.383423822,87.7904778516,-90.8920178645,90.8920178645,118.676477874
2168,0,90,negative,0.138092372237,-0.198544169807,0.0882029142407,138.092372237,-198.544169807,88.2029142407,-91.052763849,91.052763849,119.088914263
2168,1,90,negative,0.138092372237,-0.198502357354,0.0881078315341,138.092372237,-198.502357354,88.1078315341,-91.0109513959,91.0109513959,118.993831556
2169,0,90,negative,0.138092372237,-0.208460726388,0.130704307999,138.092372237,-208.460726388,130.704307999,-100.96932043,100.96932043,161.590308021
2169,1,90,negative,0.138092372237,-0.208615413264,0.131351171144,138.092372237,-208.615413264,131.351171144,-101.124007306,101.124007306,162.237171166
2170,0,90,negative,0.138092372237,-0.203667491045,0.129229684333,138.092372237,-203.667491045,129.229684333,-96.1760850866,96.1760850866,160.115684355
2170,1,90,negative,0.138092372237,-0.203446405015,0.128481420294,138.092372237,-203.446405015,128.481420294,-95.9549990573,95.9549990573,159.367420316
2171,0,90,negative,0.138092372237,-0.204116062181,0.131084855381,138.092372237,-204.116062181,131.084855381,-96.624656223,96.624656223,161.970855404
2171,1,90,negative,0.138092372237,-0.204000018615,0.130590709457,138.092372237,-204.000018615,130.590709457,-96.5086126566,96.5086126566,161.476709479
2172,0,90,negative,0.138092372237,-0.203840689515,0.12991492096,138.092372237,-203.840689515,129.91492096,-96.3492835569,96.3492835569,160.800920983
2172,1,90,negative,0.138092372237,-0.204000018615,0.130590709457,138.092372237,-204.000018615,130.590709457,-96.5086126566,96.5086126566,161.476709479
2173,0,90,negative,0.138092372237,-0.203667491045,0.129229684333,138.092372237,-203.667491045,129.229684333,-96.1760850866,96.1760850866,160.115684355
2173,1,90,negative,0.138092372237,-0.203807922024,0.12978964374,138.092372237,-203.807922024,129.78964374,-96.3165160656,96.3165160656,160.675643762
2174,0,90,negative,0.138092372237,-0.203807922024,0.12978964374,138.092372237,-203.807922024,129.78964374,-96.3165160656,96.3165160656,160.675643762
2174,1,90,negative,0.138092372237,-0.203819776673,0.129832326697,138.092372237,-203.819776673,129.832326697,-96.3283707153,96.3283707153,160.718326719
2175,0,90,negative,0.138092372237,-0.203819776673,0.129832326697,138.092372237,-203.819776673,129.832326697,-96.3283707153,96.3283707153,160.718326719
2175,1,90,negative,0.138092372237,-0.203840689515,0.12991492096,138.092372237,-203.840689515,129.91492096,-96.3492835569,96.3492835569,160.800920983
2176,0,90,negative,0.138092372237,-0.204794308085,0.132829434781,138.092372237,-204.794308085,132.829434781,-97.3029021273,97.3029021273,163.715434803
2176,1,90,negative,0.138092372237,-0.204660108811,0.132409157407,138.092372237,-204.660108811,132.409157407,-97.1687028534,97.1687028534,163.295157429
2177,0,90,negative,0.138092372237,-0.204794308085,0.132829434781,138.092372237,-204.794308085,132.829434781,-97.3029021273,97.3029021273,163.715434803
2177,1,90,negative,0.138092372237,-0.204818492858,0.133467848495,138.092372237,-204.818492858,133.467848495,-97.3270868995,97.3270868995,164.353848517
2178,0,90,negative,0.138092372237,-0.204855286579,0.13359737403,138.092372237,-204.855286579,133.59737403,-97.3638806207,97.3638806207,164.483374052
2178,1,90,negative,0.138092372237,-0.204818492858,0.133467848495,138.092372237,-204.818492858,133.467848495,-97.3270868995,97.3270868995,164.353848517
2179,0,90,negative,0.138092372237,-0.205034605104,0.134354449279,138.092372237,-205.034605104,134.354449279,-97.5431991459,97.5431991459,165.240449301
2179,1,90,negative,0.138092372237,-0.204891218486,0.133891735616,138.092372237,-204.891218486,133.891735616,-97.3998125284,97.3998125284,164.777735638
2180,0,90,negative,0.138092372237,-0.205034605104,0.134354449279,138.092372237,-205.034605104,134.354449279,-97.5431991459,97.5431991459,165.240449301
2180,1,90,negative,0.138092372237,-0.205241399156,0.13488109633,138.092372237,-205.241399156,134.88109633,-97.7499931984,97.7499931984,165.767096353
2181,0,90,negative,0.138092372237,-0.205438711431,0.135649515407,138.092372237,-205.438711431,135.649515407,-97.9473054734,97.9473054734,166.535515429
2181,1,90,negative,0.138092372237,-0.205400341318,0.135482797616,138.092372237,-205.400341318,135.482797616,-97.9089353603,97.9089353603,166.368797638
2182,0,90,negative,0.138092372237,-0.205308481083,0.135216477121,138.092372237,-205.308481083,135.216477121,-97.8170751248,97.8170751248,166.102477143
2182,1,90,negative,0.138092372237,-0.205241399156,0.13488109633,138.092372237,-205.241399156,134.88109633,-97.7499931984,97.7499931984,165.767096353
2183,0,90,negative,0.138092372237,-0.205308481083,0.135216477121,138.092372237,-205.308481083,135.216477121,-97.8170751248,97.8170751248,166.102477143
2183,1,90,negative,0.138092372237,-0.205400341318,0.135482797616,138.092372237,-205.400341318,135.482797616,-97.9089353603,97.9089353603,166.368797638
2184,0,90,negative,0.138092372237,-0.208615413264,0.131351171144,138.092372237,-208.615413264,131.351171144,-101.124007306,101.124007306,162.237171166
2184,1,90,negative,0.138092372237,-0.208832208732,0.132288372192,138.092372237,-208.832208732,132.288372192,-101.340802774,101.340802774,163.174372215
2185,0,90,negative,0.138092372237,-0.208923780706,0.132680655132,138.092372237,-208.923780706,132.680655132,-101.432374748,101.432374748,163.566655154
2185,1,90,negative,0.138092372237,-0.209137294566,0.133693087362,138.092372237,-209.137294566,133.693087362,-101.645888608,101.645888608,164.579087385
2186,0,90,negative,0.138092372237,-0.208877702849,0.132447738935,138.092372237,-208.877702849,132.447738935,-101.386296891,101.386296891,163.333738958
2186,1,90,negative,0.138092372237,-0.208832208732,0.132288372192,138.092372237,-208.832208732,132.288372192,-101.340802774,101.340802774,163.174372215
2187,0,90,negative,0.138092372237,-0.209137294566,0.133693087362,138.092372237,-209.137294566,133.693087362,-101.645888608,101.645888608,164.579087385
2187,1,90,negative,0.138092372237,-0.209662203036,0.135638463837,138.092372237,-209.662203036,135.638463837,-102.170797078,102.170797078,166.524463859
2188,0,90,negative,0.138092372237,-0.205438711431,0.135649515407,138.092372237,-205.438711431,135.649515407,-97.9473054734,97.9473054734,166.535515429
2188,1,90,negative,0.138092372237,-0.205560874683,0.136318583536,138.092372237,-205.560874683,136.318583536,-98.0694687253,98.0694687253,167.204583558
2189,0,90,negative,0.138092372237,-0.205665904441,0.136614741251,138.092372237,-205.665904441,136.614741251,-98.1744984826,98.1744984826,167.500741274
2189,1,90,negative,0.138092372237,-0.205560874683,0.136318583536,138.092372237,-205.560874683,136.318583536,-98.0694687253,98.0694687253,167.204583558
2190,0,90,negative,0.138092372237,-0.205665904441,0.136614741251,138.092372237,-205.665904441,136.614741251,-98.1744984826,98.1744984826,167.500741274
2190,1,90,negative,0.138092372237,-0.205838685108,0.137094416245,138.092372237,-205.838685108,137.094416245,-98.3472791503,98.3472791503,167.980416267
2191,0,90,negative,0.138092372237,-0.205962094055,0.137690623326,138.092372237,-205.962094055,137.690623326,-98.4706880972,98.4706880972,168.576623348
2191,1,90,negative,0.138092372237,-0.206025281772,0.137990414301,138.092372237,-206.025281772,137.990414301,-98.5338758138,98.5338758138,168.876414324
2192,0,90,negative,0.138092372237,-0.205962094055,0.137690623326,138.092372237,-205.962094055,137.690623326,-98.4706880972,98.4706880972,168.576623348
2192,1,90,negative,0.138092372237,-0.205838685108,0.137094416245,138.092372237,-205.838685108,137.094416245,-98.3472791503,98.3472791503,167.980416267
2193,0,90,negative,0.138092372237,-0.206025281772,0.137990414301,138.092372237,-206.025281772,137.990414301,-98.5338758138,98.5338758138,168.876414324
2193,1,90,negative,0.138092372237,-0.206039035239,0.138286764529,138.092372237,-206.039035239,138.286764529,-98.5476292812,98.5476292812,169.172764551
2194,0,90,negative,0.138092372237,-0.206647106477,0.140534860621,138.092372237,-206.647106477,140.534860621,-99.1557005191,99.1557005191,171.420860643
2194,1,90,negative,0.138092372237,-0.206381208204,0.139955096253,138.092372237,-206.381208204,139.955096253,-98.8898022464,98.8898022464,170.841096275
2195,0,90,negative,0.138092372237,-0.206647106477,0.140534860621,138.092372237,-206.647106477,140.534860621,-99.1557005191,99.1557005191,171.420860643
2195,1,90,negative,0.138092372237,-0.206726649842,0.141085649523,138.092372237,-206.726649842,141.085649523,-99.2352438841,99.2352438841,171.971649546
2196,0,90,negative,0.138092372237,-0.206039035239,0.138286764529,138.092372237,-206.039035239,138.286764529,-98.5476292812,98.5476292812,169.172764551
2196,1,90,negative,0.138092372237,-0.206132745077,0.138706246196,138.092372237,-206.132745077,138.706246196,-98.6413391187,98.6413391187,169.592246218
2197,0,90,negative,0.138092372237,-0.206188375347,0.139197993712,138.092372237,-206.188375347,139.197993712,-98.696969389,98.696969389,170.083993735
2197,1,90,negative,0.138092372237,-0.206132745077,0.138706246196,138.092372237,-206.132745077,138.706246196,-98.6413391187,98.6413391187,169.592246218
2198,0,90,negative,0.138092372237,-0.20626907703,0.139577088925,138.092372237,-206.26907703,139.577088925,-98.7776710717,98.7776710717,170.463088947
2198,1,90,negative,0.138092372237,-0.206188375347,0.139197993712,138.092372237,-206.188375347,139.197993712,-98.696969389,98.696969389,170.083993735
2199,0,90,negative,0.138092372237,-0.20626907703,0.139577088925,138.092372237,-206.26907703,139.577088925,-98.7776710717,98.7776710717,170.463088947
2199,1,90,negative,0.138092372237,-0.206304793073,0.139760845566,138.092372237,-206.304793073,139.760845566,-98.8133871151,98.8133871151,170.646845589
2200,0,90,negative,0.138092372237,-0.206304793073,0.139760845566,138.092372237,-206.304793073,139.760845566,-98.8133871151,98.8133871151,170.646845589
2200,1,90,negative,0.138092372237,-0.206381208204,0.139955096253,138.092372237,-206.381208204,139.955096253,-98.8898022464,98.8898022464,170.841096275
2201,0,90,negative,0.138092372237,-0.20413874347,0.131137264241,138.092372237,-204.13874347,131.137264241,-96.6473375122,96.6473375122,162.023264263
2201,1,90,negative,0.138092372237,-0.204116062181,0.131084855381,138.092372237,-204.116062181,131.084855381,-96.624656223,96.624656223,161.970855404
2202,0,90,negative,0.138092372237,-0.204481384867,0.132125361668,138.092372237,-204.481384867,132.125361668,-96.9899789089,96.9899789089,163.01136169
2202,1,90,negative,0.138092372237,-0.204301744461,0.131689569051,138.092372237,-204.301744461,131.689569051,-96.8103385033,96.8103385033,162.575569073
2203,0,90,negative,0.138092372237,-0.204481384867,0.132125361668,138.092372237,-204.481384867,132.125361668,-96.9899789089,96.9899789089,163.01136169
2203,1,90,negative,0.138092372237,-0.204626582851,0.1323228853,138.092372237,-204.626582851,132.3228853,-97.1351768928,97.1351768928,163.208885322
2204,0,90,negative,0.138092372237,-0.20413874347,0.131137264241,138.092372237,-204.13874347,131.137264241,-96.6473375122,96.6473375122,162.023264263
2204,1,90,negative,0.138092372237,-0.204301744461,0.131689569051,138.092372237,-204.301744461,131.689569051,-96.8103385033,96.8103385033,162.575569073
2205,0,90,negative,0.138092372237,-0.204626582851,0.1323228853,138.092372237,-204.626582851,132.3228853,-97.1351768928,97.1351768928,163.208885322
2205,1,90,negative,0.138092372237,-0.204660108811,0.132409157407,138.092372237,-204.660108811,132.409157407,-97.1687028534,97.1687028534,163.295157429
2206,0,90,negative,0.138092372237,-0.204855286579,0.13359737403,138.092372237,-204.855286579,133.59737403,-97.3638806207,97.3638806207,164.483374052
2206,1,90,negative,0.138092372237,-0.204891218486,0.133891735616,138.092372237,-204.891218486,133.891735616,-97.3998125284,97.3998125284,164.777735638
2207,0,90,negative,0.138092372237,-0.208923780706,0.132680655132,138.092372237,-208.923780706,132.680655132,-101.432374748,101.432374748,163.566655154
2207,1,90,negative,0.138092372237,-0.208908706838,0.132602088833,138.092372237,-208.908706838,132.602088833,-101.41730088,101.41730088,163.488088856
2208,0,90,negative,0.138092372237,-0.208908706838,0.132602088833,138.092372237,-208.908706838,132.602088833,-101.41730088,101.41730088,163.488088856
2208,1,90,negative,0.138092372237,-0.208877702849,0.132447738935,138.092372237,-208.877702849,132.447738935,-101.386296891,101.386296891,163.333738958
2209,0,90,negative,0.138092372237,-0.20970975682,0.135840873819,138.092372237,-209.70975682,135.840873819,-102.218350862,102.218350862,166.726873842
2209,1,90,negative,0.138092372237,-0.209662203036,0.135638463837,138.092372237,-209.662203036,135.638463837,-102.170797078,102.170797078,166.524463859
2210,0,90,negative,0.138092372237,-0.210078133039,0.137250599471,138.092372237,-210.078133039,137.250599471,-102.586727081,102.586727081,168.136599494
2210,1,90,negative,0.138092372237,-0.20970975682,0.135840873819,138.092372237,-209.70975682,135.840873819,-102.218350862,102.218350862,166.726873842
2211,0,90,negative,0.138092372237,-0.210078133039,0.137250599471,138.092372237,-210.078133039,137.250599471,-102.586727081,102.586727081,168.136599494
2211,1,90,negative,0.138092372237,-0.210174327801,0.137630604274,138.092372237,-210.174327801,137.630604274,-102.682921843,102.682921843,168.516604296
2212,0,90,negative,0.138092372237,-0.210174327801,0.137630604274,138.092372237,-210.174327801,137.630604274,-102.682921843,102.682921843,168.516604296
2212,1,90,negative,0.138092372237,-0.210198942674,0.137710387741,138.092372237,-210.198942674,137.710387741,-102.707536716,102.707536716,168.596387764
2213,0,90,negative,0.138092372237,-0.210544515438,0.138882819488,138.092372237,-210.544515438,138.882819488,-103.05310948,103.05310948,169.76881951
2213,1,90,negative,0.138092372237,-0.210198942674,0.137710387741,138.092372237,-210.198942674,137.710387741,-102.707536716,102.707536716,168.596387764
2214,0,90,negative,0.138092372237,-0.210544515438,0.138882819488,138.092372237,-210.544515438,138.882819488,-103.05310948,103.05310948,169.76881951
2214,1,90,negative,0.138092372237,-0.210856859089,0.139756708293,138.092372237,-210.856859089,139.756708293,-103.365453131,103.365453131,170.642708315
2215,0,90,negative,0.138092372237,-0.210857110616,0.139757482316,138.092372237,-210.857110616,139.757482316,-103.365704658,103.365704658,170.643482338
2215,1,90,negative,0.138092372237,-0.210856859089,0.139756708293,138.092372237,-210.856859089,139.756708293,-103.365453131,103.365453131,170.642708315
2216,0,90,negative,0.138092372237,-0.207636089784,0.145005711141,138.092372237,-207.636089784,145.005711141,-100.144683826,100.144683826,175.891711164
2216,1,90,negative,0.138092372237,-0.207600193241,0.144772689583,138.092372237,-207.600193241,144.772689583,-100.108787283,100.108787283,175.658689605
2217,0,90,negative,0.138092372237,-0.207636089784,0.145005711141,138.092372237,-207.636089784,145.005711141,-100.144683826,100.144683826,175.891711164
2217,1,90,negative,0.138092372237,-0.207865832615,0.145668559593,138.092372237,-207.865832615,145.668559593,-100.374426657,100.374426657,176.554559615
2218,0,90,negative,0.138092372237,-0.206727856335,0.141098489246,138.092372237,-206.727856335,141.098489246,-99.2364503771,99.2364503771,171.984489269
2218,1,90,negative,0.138092372237,-0.206726649842,0.141085649523,138.092372237,-206.726649842,141.085649523,-99.2352438841,99.2352438841,171.971649546
2219,0,90,negative,0.138092372237,-0.20672852005,0.141101362609,138.092372237,-206.72852005,141.101362609,-99.2371140921,99.2371140921,171.987362631
2219,1,90,negative,0.138092372237,-0.206727856335,0.141098489246,138.092372237,-206.727856335,141.098489246,-99.2364503771,99.2364503771,171.984489269
2220,0,90,negative,0.138092372237,-0.206730271284,0.141117418849,138.092372237,-206.730271284,141.117418849,-99.2388653263,99.2388653263,172.003418871
2220,1,90,negative,0.138092372237,-0.20672852005,0.141101362609,138.092372237,-206.72852005,141.101362609,-99.2371140921,99.2371140921,171.987362631
2221,0,90,negative,0.138092372237,-0.206730271284,0.141117418849,138.092372237,-206.730271284,141.117418849,-99.2388653263,99.2388653263,172.003418871
2221,1,90,negative,0.138092372237,-0.206826356699,0.142069429544,138.092372237,-206.826356699,142.069429544,-99.3349507409,99.3349507409,172.955429566
2222,0,90,negative,0.138092372237,-0.207123616531,0.142974355783,138.092372237,-207.123616531,142.974355783,-99.6322105729,99.6322105729,173.860355805
2222,1,90,negative,0.138092372237,-0.206984278197,0.142677359023,138.092372237,-206.984278197,142.677359023,-99.4928722385,99.4928722385,173.563359045
2223,0,90,negative,0.138092372237,-0.206826356699,0.142069429544,138.092372237,-206.826356699,142.069429544,-99.3349507409,99.3349507409,172.955429566
2223,1,90,negative,0.138092372237,-0.206897295902,0.142400335423,138.092372237,-206.897295902,142.400335423,-99.4058899439,99.4058899439,173.286335446
2224,0,90,negative,0.138092372237,-0.206897295902,0.142400335423,138.092372237,-206.897295902,142.400335423,-99.4058899439,99.4058899439,173.286335446
2224,1,90,negative,0.138092372237,-0.206984278197,0.142677359023,138.092372237,-206.984278197,142.677359023,-99.4928722385,99.4928722385,173.563359045
2225,0,90,negative,0.138092372237,-0.207322732705,0.143481613848,138.092372237,-207.322732705,143.481613848,-99.8313267472,99.8313267472,174.367613871
2225,1,90,negative,0.138092372237,-0.207123616531,0.142974355783,138.092372237,-207.123616531,142.974355783,-99.6322105729,99.6322105729,173.860355805
2226,0,90,negative,0.138092372237,-0.207322732705,0.143481613848,138.092372237,-207.322732705,143.481613848,-99.8313267472,99.8313267472,174.367613871
2226,1,90,negative,0.138092372237,-0.207480590486,0.143798710066,138.092372237,-207.480590486,143.798710066,-99.9891845279,99.9891845279,174.684710089
2227,0,90,negative,0.138092372237,-0.207480590486,0.143798710066,138.092372237,-207.480590486,143.798710066,-99.9891845279,99.9891845279,174.684710089
2227,1,90,negative,0.138092372237,-0.207505883358,0.14395896954,138.092372237,-207.505883358,143.95896954,-100.0144774,100.0144774,174.844969563
2228,0,90,negative,0.138092372237,-0.207505883358,0.14395896954,138.092372237,-207.505883358,143.95896954,-100.0144774,100.0144774,174.844969563
2228,1,90,negative,0.138092372237,-0.207600193241,0.144772689583,138.092372237,-207.600193241,144.772689583,-100.108787283,100.108787283,175.658689605
2229,0,90,negative,0.138092372237,-0.207938219476,0.145857498485,138.092372237,-207.938219476,145.857498485,-100.446813518,100.446813518,176.743498507
2229,1,90,negative,0.138092372237,-0.207865832615,0.145668559593,138.092372237,-207.865832615,145.668559593,-100.374426657,100.374426657,176.554559615
2230,0,90,negative,0.138092372237,-0.207938219476,0.145857498485,138.092372237,-207.938219476,145.857498485,-100.446813518,100.446813518,176.743498507
2230,1,90,negative,0.138092372237,-0.208129852595,0.146458352918,138.092372237,-208.129852595,146.458352918,-100.638446637,100.638446637,177.34435294
2231,0,90,negative,0.138092372237,-0.208129852595,0.146458352918,138.092372237,-208.129852595,146.458352918,-100.638446637,100.638446637,177.34435294
2231,1,90,negative,0.138092372237,-0.208230762969,0.146688468252,138.092372237,-208.230762969,146.688468252,-100.739357011,100.739357011,177.574468274
2232,0,90,negative,0.138092372237,-0.208230762969,0.146688468252,138.092372237,-208.230762969,146.688468252,-100.739357011,100.739357011,177.574468274
2232,1,90,negative,0.138092372237,-0.208329353977,0.14718913676,138.092372237,-208.329353977,147.18913676,-100.837948019,100.837948019,178.075136783
2233,0,90,negative,0.138092372237,-0.208359474209,0.147486932228,138.092372237,-208.359474209,147.486932228,-100.868068251,100.868068251,178.372932251
2233,1,90,negative,0.138092372237,-0.208329353977,0.14718913676,138.092372237,-208.329353977,147.18913676,-100.837948019,100.837948019,178.075136783
2234,0,90,negative,0.138092372237,-0.208572644967,0.14932035791,138.092372237,-208.572644967,149.32035791,-101.081239009,101.081239009,180.206357932
2234,1,90,negative,0.138092372237,-0.208502621521,0.148672382669,138.092372237,-208.502621521,148.672382669,-101.011215563,101.011215563,179.558382691
2235,0,90,negative,0.138092372237,-0.208621948543,0.149464285534,138.092372237,-208.621948543,149.464285534,-101.130542585,101.130542585,180.350285556
2235,1,90,negative,0.138092372237,-0.208572644967,0.14932035791,138.092372237,-208.572644967,149.32035791,-101.081239009,101.081239009,180.206357932
2236,0,90,negative,0.138092372237,-0.208746306715,0.150005394614,138.092372237,-208.746306715,150.005394614,-101.254900757,101.254900757,180.891394636
2236,1,90,negative,0.138092372237,-0.208621948543,0.149464285534,138.092372237,-208.621948543,149.464285534,-101.130542585,101.130542585,180.350285556
2237,0,90,negative,0.138092372237,-0.211685123975,0.142222599829,138.092372237,-211.685123975,142.222599829,-104.193718017,104.193718017,173.108599851
2237,1,90,negative,0.138092372237,-0.211762864072,0.142445498826,138.092372237,-211.762864072,142.445498826,-104.271458114,104.271458114,173.331498848
2238,0,90,negative,0.138092372237,-0.210857361989,0.139758216515,138.092372237,-210.857361989,139.758216515,-103.365956031,103.365956031,170.644216537
2238,1,90,negative,0.138092372237,-0.2111332382,0.140645064653,138.092372237,-211.1332382,140.645064653,-103.641832242,103.641832242,171.531064676
2239,0,90,negative,0.138092372237,-0.211685123975,0.142222599829,138.092372237,-211.685123975,142.222599829,-104.193718017,104.193718017,173.108599851
2239,1,90,negative,0.138092372237,-0.2111332382,0.140645064653,138.092372237,-211.1332382,140.645064653,-103.641832242,103.641832242,171.531064676
2240,0,90,negative,0.138092372237,-0.211762864072,0.142445498826,138.092372237,-211.762864072,142.445498826,-104.271458114,104.271458114,173.331498848
2240,1,90,negative,0.138092372237,-0.211876720524,0.14280064434,138.092372237,-211.876720524,142.80064434,-104.385314566,104.385314566,173.686644362
2241,0,90,negative,0.138092372237,-0.212319675165,0.144215645472,138.092372237,-212.319675165,144.215645472,-104.828269207,104.828269207,175.101645494
2241,1,90,negative,0.138092372237,-0.211876720524,0.14280064434,138.092372237,-211.876720524,142.80064434,-104.385314566,104.385314566,173.686644362
2242,0,90,negative,0.138092372237,-0.212319675165,0.144215645472,138.092372237,-212.319675165,144.215645472,-104.828269207,104.828269207,175.101645494
2242,1,90,negative,0.138092372237,-0.212632021716,0.145341152407,138.092372237,-212.632021716,145.341152407,-105.140615758,105.140615758,176.22715243
2243,0,90,negative,0.138092372237,-0.212644267674,0.145389302542,138.092372237,-212.644267674,145.389302542,-105.152861716,105.152861716,176.275302564
2243,1,90,negative,0.138092372237,-0.212632021716,0.145341152407,138.092372237,-212.632021716,145.341152407,-105.140615758,105.140615758,176.22715243
2244,0,90,negative,0.138092372237,-0.212657863199,0.145452390259,138.092372237,-212.657863199,145.452390259,-105.166457241,105.166457241,176.338390282
2244,1,90,negative,0.138092372237,-0.212990979207,0.14710289441,138.092372237,-212.990979207,147.10289441,-105.499573249,105.499573249,177.988894432
2245,0,90,negative,0.138092372237,-0.212657863199,0.145452390259,138.092372237,-212.657863199,145.452390259,-105.166457241,105.166457241,176.338390282
2245,1,90,negative,0.138092372237,-0.212644267674,0.145389302542,138.092372237,-212.644267674,145.389302542,-105.152861716,105.152861716,176.275302564
2246,0,90,negative,0.138092372237,-0.212990979207,0.14710289441,138.092372237,-212.990979207,147.10289441,-105.499573249,105.499573249,177.988894432
2246,1,90,negative,0.138092372237,-0.213067932949,0.147884024601,138.092372237,-213.067932949,147.884024601,-105.576526991,105.576526991,178.770024624
2247,0,90,negative,0.138092372237,-0.213205733059,0.149061959123,138.092372237,-213.205733059,149.061959123,-105.714327101,105.714327101,179.947959145
2247,1,90,negative,0.138092372237,-0.213067932949,0.147884024601,138.092372237,-213.067932949,147.884024601,-105.576526991,105.576526991,178.770024624
2248,0,90,negative,0.138092372237,-0.213222708205,0.149573252474,138.092372237,-213.222708205,149.573252474,-105.731302247,105.731302247,180.459252497
2248,1,90,negative,0.138092372237,-0.213205733059,0.149061959123,138.092372237,-213.205733059,149.061959123,-105.714327101,105.714327101,179.947959145
2249,0,90,negative,0.138092372237,-0.213222708205,0.149573252474,138.092372237,-213.222708205,149.573252474,-105.731302247,105.731302247,180.459252497
2249,1,90,negative,0.138092372237,-0.213228213724,0.150015523842,138.092372237,-213.228213724,150.015523842,-105.736807766,105.736807766,180.901523864
2250,0,90,negative,0.138092372237,-0.213745883531,0.153022645645,138.092372237,-213.745883531,153.022645645,-106.254477573,106.254477573,183.908645668
2250,1,90,negative,0.138092372237,-0.213921264041,0.153837994357,138.092372237,-213.921264041,153.837994357,-106.429858083,106.429858083,184.72399438
2251,0,90,negative,0.138092372237,-0.214079410102,0.154890982772,138.092372237,-214.079410102,154.890982772,-106.588004144,106.588004144,185.776982794
2251,1,90,negative,0.138092372237,-0.213921264041,0.153837994357,138.092372237,-213.921264041,153.837994357,-106.429858083,106.429858083,184.72399438
2252,0,90,negative,0.138092372237,-0.214079410102,0.154890982772,138.092372237,-214.079410102,154.890982772,-106.588004144,106.588004144,185.776982794
2252,1,90,negative,0.138092372237,-0.214246214683,0.155635541695,138.092372237,-214.246214683,155.635541695,-106.754808725,106.754808725,186.521541717
2253,0,90,negative,0.138092372237,-0.2142732329,0.155745858363,138.092372237,-214.2732329,155.745858363,-106.781826942,106.781826942,186.631858385
2253,1,90,negative,0.138092372237,-0.214246214683,0.155635541695,138.092372237,-214.246214683,155.635541695,-106.754808725,106.754808725,186.521541717
2254,0,90,negative,0.138092372237,-0.213228213724,0.150015523842,138.092372237,-213.228213724,150.015523842,-105.736807766,105.736807766,180.901523864
2254,1,90,negative,0.138092372237,-0.213302797805,0.150501364816,138.092372237,-213.302797805,150.501364816,-105.811391847,105.811391847,181.387364838
2255,0,90,negative,0.138092372237,-0.213460078095,0.151485740698,138.092372237,-213.460078095,151.485740698,-105.968672137,105.968672137,182.37174072
2255,1,90,negative,0.138092372237,-0.213302797805,0.150501364816,138.092372237,-213.302797805,150.501364816,-105.811391847,105.811391847,181.387364838
2256,0,90,negative,0.138092372237,-0.213460078095,0.151485740698,138.092372237,-213.460078095,151.485740698,-105.968672137,105.968672137,182.37174072
2256,1,90,negative,0.138092372237,-0.213628849365,0.152375184686,138.092372237,-213.628849365,152.375184686,-106.137443407,106.137443407,183.261184708
2257,0,90,negative,0.138092372237,-0.213658813403,0.152579527725,138.092372237,-213.658813403,152.579527725,-106.167407445,106.167407445,183.465527748
2257,1,90,negative,0.138092372237,-0.213628849365,0.152375184686,138.092372237,-213.628849365,152.375184686,-106.137443407,106.137443407,183.261184708
2258,0,90,negative,0.138092372237,-0.213745883531,0.153022645645,138.092372237,-213.745883531,153.022645645,-106.254477573,106.254477573,183.908645668
2258,1,90,negative,0.138092372237,-0.213658813403,0.152579527725,138.092372237,-213.658813403,152.579527725,-106.167407445,106.167407445,183.465527748
2259,0,90,negative,0.138092372237,-0.214278180039,0.155776667349,138.092372237,-214.278180039,155.776667349,-106.786774081,106.786774081,186.662667371
2259,1,90,negative,0.138092372237,-0.2142732329,0.155745858363,138.092372237,-214.2732329,155.745858363,-106.781826942,106.781826942,186.631858385
2260,0,90,negative,0.138092372237,-0.214279441871,0.155789237266,138.092372237,-214.279441871,155.789237266,-106.788035913,106.788035913,186.675237288
2260,1,90,negative,0.138092372237,-0.214278180039,0.155776667349,138.092372237,-214.278180039,155.776667349,-106.786774081,106.786774081,186.662667371
2261,0,90,negative,0.138092372237,-0.214651453857,0.158307773388,138.092372237,-214.651453857,158.307773388,-107.160047899,107.160047899,189.19377341
2261,1,90,negative,0.138092372237,-0.214752923356,0.158797341095,138.092372237,-214.752923356,158.797341095,-107.261517398,107.261517398,189.683341118
2262,0,90,negative,0.138092372237,-0.214752923356,0.158797341095,138.092372237,-214.752923356,158.797341095,-107.261517398,107.261517398,189.683341118
2262,1,90,negative,0.138092372237,-0.214860724537,0.159545104056,138.092372237,-214.860724537,159.545104056,-107.369318579,107.369318579,190.431104079
2263,0,90,negative,0.138092372237,-0.214279441871,0.155789237266,138.092372237,-214.279441871,155.789237266,-106.788035913,106.788035913,186.675237288
2263,1,90,negative,0.138092372237,-0.214598368397,0.157945810636,138.092372237,-214.598368397,157.945810636,-107.106962439,107.106962439,188.831810659
2264,0,90,negative,0.138092372237,-0.214651453857,0.158307773388,138.092372237,-214.651453857,158.307773388,-107.160047899,107.160047899,189.19377341
2264,1,90,negative,0.138092372237,-0.214598368397,0.157945810636,138.092372237,-214.598368397,157.945810636,-107.106962439,107.106962439,188.831810659
2265,0,90,negative,0.138092372237,-0.210857361989,0.139758216515,138.092372237,-210.857361989,139.758216515,-103.365956031,103.365956031,170.644216537
2265,1,90,negative,0.138092372237,-0.210857110616,0.139757482316,138.092372237,-210.857110616,139.757482316,-103.365704658,103.365704658,170.643482338
2266,0,90,negative,0.138092372237,-0.208359474209,0.147486932228,138.092372237,-208.359474209,147.486932228,-100.868068251,100.868068251,178.372932251
2266,1,90,negative,0.138092372237,-0.20836981543,0.147585628648,138.092372237,-208.36981543,147.585628648,-100.878409472,100.878409472,178.47162867
2267,0,90,negative,0.138092372237,-0.208496686325,0.148603619855,138.092372237,-208.496686325,148.603619855,-101.005280367,101.005280367,179.489619878
2267,1,90,negative,0.138092372237,-0.20836981543,0.147585628648,138.092372237,-208.36981543,147.585628648,-100.878409472,100.878409472,178.47162867
2268,0,90,negative,0.138092372237,-0.208496686325,0.148603619855,138.092372237,-208.496686325,148.603619855,-101.005280367,101.005280367,179.489619878
2268,1,90,negative,0.138092372237,-0.208498040024,0.148625906768,138.092372237,-208.498040024,148.625906768,-101.006634066,101.006634066,179.511906791
2269,0,90,negative,0.138092372237,-0.208498040024,0.148625906768,138.092372237,-208.498040024,148.625906768,-101.006634066,101.006634066,179.511906791
2269,1,90,negative,0.138092372237,-0.208502621521,0.148672382669,138.092372237,-208.502621521,148.672382669,-101.011215563,101.011215563,179.558382691
2270,0,90,negative,0.138092372237,-0.208746306715,0.150005394614,138.092372237,-208.746306715,150.005394614,-101.254900757,101.254900757,180.891394636
2270,1,90,negative,0.138092372237,-0.208930476941,0.150766153345,138.092372237,-208.930476941,150.766153345,-101.439070983,101.439070983,181.652153367
2271,0,90,negative,0.138092372237,-0.209040937905,0.152532963431,138.092372237,-209.040937905,152.532963431,-101.549531947,101.549531947,183.418963453
2271,1,90,negative,0.138092372237,-0.209006984521,0.152445487107,138.092372237,-209.006984521,152.445487107,-101.515578563,101.515578563,183.331487129
2272,0,90,negative,0.138092372237,-0.208930476941,0.150766153345,138.092372237,-208.930476941,150.766153345,-101.439070983,101.439070983,181.652153367
2272,1,90,negative,0.138092372237,-0.208991039243,0.152142854535,138.092372237,-208.991039243,152.142854535,-101.499633285,101.499633285,183.028854558
2273,0,90,negative,0.138092372237,-0.209006984521,0.152445487107,138.092372237,-209.006984521,152.445487107,-101.515578563,101.515578563,183.331487129
2273,1,90,negative,0.138092372237,-0.208991039243,0.152142854535,138.092372237,-208.991039243,152.142854535,-101.499633285,101.499633285,183.028854558
2274,0,90,negative,0.138092372237,-0.209419261569,0.153746223545,138.092372237,-209.419261569,153.746223545,-101.927855611,101.927855611,184.632223568
2274,1,90,negative,0.138092372237,-0.209419751147,0.153688366334,138.092372237,-209.419751147,153.688366334,-101.928345189,101.928345189,184.574366356
2275,0,90,negative,0.138092372237,-0.209042460141,0.152579627472,138.092372237,-209.042460141,152.579627472,-101.551054183,101.551054183,183.465627494
2275,1,90,negative,0.138092372237,-0.209419751147,0.153688366334,138.092372237,-209.419751147,153.688366334,-101.928345189,101.928345189,184.574366356
2276,0,90,negative,0.138092372237,-0.209042460141,0.152579627472,138.092372237,-209.042460141,152.579627472,-101.551054183,101.551054183,183.465627494
2276,1,90,negative,0.138092372237,-0.209040937905,0.152532963431,138.092372237,-209.040937905,152.532963431,-101.549531947,101.549531947,183.418963453
2277,0,90,negative,0.138092372237,-0.209451481486,0.153952241305,138.092372237,-209.451481486,153.952241305,-101.960075528,101.960075528,184.838241327
2277,1,90,negative,0.138092372237,-0.209419261569,0.153746223545,138.092372237,-209.419261569,153.746223545,-101.927855611,101.927855611,184.632223568
2278,0,90,negative,0.138092372237,-0.209451481486,0.153952241305,138.092372237,-209.451481486,153.952241305,-101.960075528,101.960075528,184.838241327
2278,1,90,negative,0.138092372237,-0.209574853054,0.154549908158,138.092372237,-209.574853054,154.549908158,-102.083447096,102.083447096,185.43590818
2279,0,90,negative,0.138092372237,-0.209758601977,0.155721583363,138.092372237,-209.758601977,155.721583363,-102.267196019,102.267196019,186.607583385
2279,1,90,negative,0.138092372237,-0.209574853054,0.154549908158,138.092372237,-209.574853054,154.549908158,-102.083447096,102.083447096,185.43590818
2280,0,90,negative,0.138092372237,-0.209758601977,0.155721583363,138.092372237,-209.758601977,155.721583363,-102.267196019,102.267196019,186.607583385
2280,1,90,negative,0.138092372237,-0.209781713175,0.15597363426,138.092372237,-209.781713175,155.97363426,-102.290307217,102.290307217,186.859634282
2281,0,90,negative,0.138092372237,-0.209910703071,0.156375356842,138.092372237,-209.910703071,156.375356842,-102.419297113,102.419297113,187.261356864
2281,1,90,negative,0.138092372237,-0.209781713175,0.15597363426,138.092372237,-209.781713175,155.97363426,-102.290307217,102.290307217,186.859634282
2282,0,90,negative,0.138092372237,-0.209910703071,0.156375356842,138.092372237,-209.910703071,156.375356842,-102.419297113,102.419297113,187.261356864
2282,1,90,negative,0.138092372237,-0.209939331902,0.156557111328,138.092372237,-209.939331902,156.557111328,-102.447925944,102.447925944,187.44311135
2283,0,90,negative,0.138092372237,-0.210176318541,0.157345224346,138.092372237,-210.176318541,157.345224346,-102.684912583,102.684912583,188.231224369
2283,1,90,negative,0.138092372237,-0.210102522492,0.157099538326,138.092372237,-210.102522492,157.099538326,-102.611116534,102.611116534,187.985538349
2284,0,90,negative,0.138092372237,-0.209939331902,0.156557111328,138.092372237,-209.939331902,156.557111328,-102.447925944,102.447925944,187.44311135
2284,1,90,negative,0.138092372237,-0.209982123601,0.156740716443,138.092372237,-209.982123601,156.740716443,-102.490717643,102.490717643,187.626716465
2285,0,90,negative,0.138092372237,-0.209982123601,0.156740716443,138.092372237,-209.982123601,156.740716443,-102.490717643,102.490717643,187.626716465
2285,1,90,negative,0.138092372237,-0.210102522492,0.157099538326,138.092372237,-210.102522492,157.099538326,-102.611116534,102.611116534,187.985538349
2286,0,90,negative,0.138092372237,-0.210155840494,0.157532096276,138.092372237,-210.155840494,157.532096276,-102.664434536,102.664434536,188.418096299
2286,1,90,negative,0.138092372237,-0.210176318541,0.157345224346,138.092372237,-210.176318541,157.345224346,-102.684912583,102.684912583,188.231224369
2287,0,90,negative,0.138092372237,-0.210155840494,0.157532096276,138.092372237,-210.155840494,157.532096276,-102.664434536,102.664434536,188.418096299
2287,1,90,negative,0.138092372237,-0.210092425371,0.158266572265,138.092372237,-210.092425371,158.266572265,-102.601019413,102.601019413,189.152572287
2288,0,90,negative,0.138092372237,-0.210157269319,0.158518027276,138.092372237,-210.157269319,158.518027276,-102.665863361,102.665863361,189.404027298
2288,1,90,negative,0.138092372237,-0.210092425371,0.158266572265,138.092372237,-210.092425371,158.266572265,-102.601019413,102.601019413,189.152572287
2289,0,90,negative,0.138092372237,-0.210157269319,0.158518027276,138.092372237,-210.157269319,158.518027276,-102.665863361,102.665863361,189.404027298
2289,1,90,negative,0.138092372237,-0.210279305853,0.158858606271,138.092372237,-210.279305853,158.858606271,-102.787899895,102.787899895,189.744606293
2290,0,90,negative,0.138092372237,-0.210303920279,0.159148125392,138.092372237,-210.303920279,159.148125392,-102.812514321,102.812514321,190.034125415
2290,1,90,negative,0.138092372237,-0.210279305853,0.158858606271,138.092372237,-210.279305853,158.858606271,-102.787899895,102.787899895,189.744606293
2291,0,90,negative,0.138092372237,-0.210303920279,0.159148125392,138.092372237,-210.303920279,159.148125392,-102.812514321,102.812514321,190.034125415
2291,1,90,negative,0.138092372237,-0.210343678234,0.159470526112,138.092372237,-210.343678234,159.470526112,-102.852272276,102.852272276,190.356526134
2292,0,90,negative,0.138092372237,-0.21045520999,0.159960318512,138.092372237,-210.45520999,159.960318512,-102.963804032,102.963804032,190.846318534
2292,1,90,negative,0.138092372237,-0.210343678234,0.159470526112,138.092372237,-210.343678234,159.470526112,-102.852272276,102.852272276,190.356526134
2293,0,90,negative,0.138092372237,-0.215794505423,0.164867843881,138.092372237,-215.794505423,164.867843881,-108.303099465,108.303099465,195.753843903
2293,1,90,negative,0.138092372237,-0.215798747229,0.164897547658,138.092372237,-215.798747229,164.897547658,-108.307341271,108.307341271,195.78354768
2294,0,90,negative,0.138092372237,-0.215798747229,0.164897547658,138.092372237,-215.798747229,164.897547658,-108.307341271,108.307341271,195.78354768
2294,1,90,negative,0.138092372237,-0.21580665044,0.164936779103,138.092372237,-215.80665044,164.936779103,-108.315244482,108.315244482,195.822779125
2295,0,90,negative,0.138092372237,-0.210612914768,0.160782061954,138.092372237,-210.612914768,160.782061954,-103.121508811,103.121508811,191.668061976
2295,1,90,negative,0.138092372237,-0.210602121229,0.160702822708,138.092372237,-210.602121229,160.702822708,-103.110715271,103.110715271,191.58882273
2296,0,90,negative,0.138092372237,-0.210675012814,0.161398602262,138.092372237,-210.675012814,161.398602262,-103.183606856,103.183606856,192.284602285
2296,1,90,negative,0.138092372237,-0.210611259203,0.160849803296,138.092372237,-210.611259203,160.849803296,-103.119853245,103.119853245,191.735803318
2297,0,90,negative,0.138092372237,-0.210611259203,0.160849803296,138.092372237,-210.611259203,160.849803296,-103.119853245,103.119853245,191.735803318
2297,1,90,negative,0.138092372237,-0.210612914768,0.160782061954,138.092372237,-210.612914768,160.782061954,-103.121508811,103.121508811,191.668061976
2298,0,90,negative,0.138092372237,-0.210875524281,0.163024331499,138.092372237,-210.875524281,163.024331499,-103.384118323,103.384118323,193.910331521
2298,1,90,negative,0.138092372237,-0.210686774315,0.16150505913,138.092372237,-210.686774315,161.50505913,-103.195368357,103.195368357,192.391059152
2299,0,90,negative,0.138092372237,-0.21094007782,0.163319101578,138.092372237,-210.94007782,163.319101578,-103.448671862,103.448671862,194.205101601
2299,1,90,negative,0.138092372237,-0.210875524281,0.163024331499,138.092372237,-210.875524281,163.024331499,-103.384118323,103.384118323,193.910331521
2300,0,90,negative,0.138092372237,-0.21094007782,0.163319101578,138.092372237,-210.94007782,163.319101578,-103.448671862,103.448671862,194.205101601
2300,1,90,negative,0.138092372237,-0.210935964714,0.163859288838,138.092372237,-210.935964714,163.859288838,-103.444558756,103.444558756,194.74528886
2301,0,90,negative,0.138092372237,-0.211065991361,0.164449126918,138.092372237,-211.065991361,164.449126918,-103.574585403,103.574585403,195.33512694
2301,1,90,negative,0.138092372237,-0.210935964714,0.163859288838,138.092372237,-210.935964714,163.859288838,-103.444558756,103.444558756,194.74528886
2302,0,90,negative,0.138092372237,-0.214860724537,0.159545104056,138.092372237,-214.860724537,159.545104056,-107.369318579,107.369318579,190.431104079
2302,1,90,negative,0.138092372237,-0.21494188358,0.160202158652,138.092372237,-214.94188358,160.202158652,-107.450477622,107.450477622,191.088158675
2303,0,90,negative,0.138092372237,-0.215671200641,0.16423564245,138.092372237,-215.671200641,164.23564245,-108.179794683,108.179794683,195.121642472
2303,1,90,negative,0.138092372237,-0.215794505423,0.164867843881,138.092372237,-215.794505423,164.867843881,-108.303099465,108.303099465,195.753843903
2304,0,90,negative,0.138092372237,-0.211065991361,0.164449126918,138.092372237,-211.065991361,164.449126918,-103.574585403,103.574585403,195.33512694
2304,1,90,negative,0.138092372237,-0.211125952225,0.164611366371,138.092372237,-211.125952225,164.611366371,-103.634546267,103.634546267,195.497366393
2305,0,90,negative,0.138092372237,-0.211125952225,0.164611366371,138.092372237,-211.125952225,164.611366371,-103.634546267,103.634546267,195.497366393
2305,1,90,negative,0.138092372237,-0.211213565276,0.165110615722,138.092372237,-211.213565276,165.110615722,-103.722159318,103.722159318,195.996615744
2306,0,90,negative,0.138092372237,-0.211245752642,0.165462374626,138.092372237,-211.245752642,165.462374626,-103.754346684,103.754346684,196.348374648
2306,1,90,negative,0.138092372237,-0.211213565276,0.165110615722,138.092372237,-211.213565276,165.110615722,-103.722159318,103.722159318,195.996615744
2307,0,90,negative,0.138092372237,-0.211184030741,0.165842202753,138.092372237,-211.184030741,165.842202753,-103.692624783,103.692624783,196.728202775
2307,1,90,negative,0.138092372237,-0.211245752642,0.165462374626,138.092372237,-211.245752642,165.462374626,-103.754346684,103.754346684,196.348374648
2308,0,90,negative,0.138092372237,-0.211184030741,0.165842202753,138.092372237,-211.184030741,165.842202753,-103.692624783,103.692624783,196.728202775
2308,1,90,negative,0.138092372237,-0.211254019883,0.166138699138,138.092372237,-211.254019883,166.138699138,-103.762613925,103.762613925,197.02469916
2309,0,90,negative,0.138092372237,-0.211485156931,0.167681099132,138.092372237,-211.485156931,167.681099132,-103.993750973,103.993750973,198.567099154
2309,1,90,negative,0.138092372237,-0.211464478326,0.167620235601,138.092372237,-211.464478326,167.620235601,-103.973072368,103.973072368,198.506235623
2310,0,90,negative,0.138092372237,-0.211269693461,0.166438468903,138.092372237,-211.269693461,166.438468903,-103.778287503,103.778287503,197.324468926
2310,1,90,negative,0.138092372237,-0.211254019883,0.166138699138,138.092372237,-211.254019883,166.138699138,-103.762613925,103.762613925,197.02469916
2311,0,90,negative,0.138092372237,-0.211269693461,0.166438468903,138.092372237,-211.269693461,166.438468903,-103.778287503,103.778287503,197.324468926
2311,1,90,negative,0.138092372237,-0.211464478326,0.167620235601,138.092372237,-211.464478326,167.620235601,-103.973072368,103.973072368,198.506235623
2312,0,90,negative,0.138092372237,-0.211486852005,0.167698754021,138.092372237,-211.486852005,167.698754021,-103.995446047,103.995446047,198.584754043
2312,1,90,negative,0.138092372237,-0.211620853498,0.168244959547,138.092372237,-211.620853498,168.244959547,-104.12944754,104.12944754,199.130959569
2313,0,90,negative,0.138092372237,-0.211486852005,0.167698754021,138.092372237,-211.486852005,167.698754021,-103.995446047,103.995446047,198.584754043
2313,1,90,negative,0.138092372237,-0.211485156931,0.167681099132,138.092372237,-211.485156931,167.681099132,-103.993750973,103.993750973,198.567099154
2314,0,90,negative,0.138092372237,-0.211685200195,0.169130121739,138.092372237,-211.685200195,169.130121739,-104.193794237,104.193794237,200.016121761
2314,1,90,negative,0.138092372237,-0.211620853498,0.168244959547,138.092372237,-211.620853498,168.244959547,-104.12944754,104.12944754,199.130959569
2315,0,90,negative,0.138092372237,-0.211685200195,0.169130121739,138.092372237,-211.685200195,169.130121739,-104.193794237,104.193794237,200.016121761
2315,1,90,negative,0.138092372237,-0.211690793391,0.169240404251,138.092372237,-211.690793391,169.240404251,-104.199387433,104.199387433,200.126404274
2316,0,90,negative,0.138092372237,-0.215061141981,0.160849056751,138.092372237,-215.061141981,160.849056751,-107.569736023,107.569736023,191.735056773
2316,1,90,negative,0.138092372237,-0.215259680745,0.161830798305,138.092372237,-215.259680745,161.830798305,-107.768274787,107.768274787,192.716798328
2317,0,90,negative,0.138092372237,-0.215061141981,0.160849056751,138.092372237,-215.061141981,160.849056751,-107.569736023,107.569736023,191.735056773
2317,1,90,negative,0.138092372237,-0.21494188358,0.160202158652,138.092372237,-214.94188358,160.202158652,-107.450477622,107.450477622,191.088158675
2318,0,90,negative,0.138092372237,-0.215259680745,0.161830798305,138.092372237,-215.259680745,161.830798305,-107.768274787,107.768274787,192.716798328
2318,1,90,negative,0.138092372237,-0.215562827159,0.163664829433,138.092372237,-215.562827159,163.664829433,-108.071421201,108.071421201,194.550829456
2319,0,90,negative,0.138092372237,-0.215575810688,0.163736159411,138.092372237,-215.575810688,163.736159411,-108.08440473,108.08440473,194.622159433
2319,1,90,negative,0.138092372237,-0.215562827159,0.163664829433,138.092372237,-215.562827159,163.664829433,-108.071421201,108.071421201,194.550829456
2320,0,90,negative,0.138092372237,-0.215583241836,0.163782530689,138.092372237,-215.583241836,163.782530689,-108.091835878,108.091835878,194.668530711
2320,1,90,negative,0.138092372237,-0.215575810688,0.163736159411,138.092372237,-215.575810688,163.736159411,-108.08440473,108.08440473,194.622159433
2321,0,90,negative,0.138092372237,-0.215671200641,0.16423564245,138.092372237,-215.671200641,164.23564245,-108.179794683,108.179794683,195.121642472
2321,1,90,negative,0.138092372237,-0.215583241836,0.163782530689,138.092372237,-215.583241836,163.782530689,-108.091835878,108.091835878,194.668530711
2322,0,90,negative,0.138092372237,-0.21580665044,0.164936779103,138.092372237,-215.80665044,164.936779103,-108.315244482,108.315244482,195.822779125
2322,1,90,negative,0.138092372237,-0.215812649091,0.164986163965,138.092372237,-215.812649091,164.986163965,-108.321243133,108.321243133,195.872163987
2323,0,90,negative,0.138092372237,-0.215812649091,0.164986163965,138.092372237,-215.812649091,164.986163965,-108.321243133,108.321243133,195.872163987
2323,1,90,negative,0.138092372237,-0.215855961547,0.165275925073,138.092372237,-215.855961547,165.275925073,-108.364555589,108.364555589,196.161925096
2324,0,90,negative,0.138092372237,-0.216064880409,0.166611126012,138.092372237,-216.064880409,166.611126012,-108.573474451,108.573474451,197.497126034
2324,1,90,negative,0.138092372237,-0.215855961547,0.165275925073,138.092372237,-215.855961547,165.275925073,-108.364555589,108.364555589,196.161925096
2325,0,90,negative,0.138092372237,-0.216144674596,0.167584117413,138.092372237,-216.144674596,167.584117413,-108.653268638,108.653268638,198.470117435
2325,1,90,negative,0.138092372237,-0.216064880409,0.166611126012,138.092372237,-216.064880409,166.611126012,-108.573474451,108.573474451,197.497126034
2326,0,90,negative,0.138092372237,-0.216144674596,0.167584117413,138.092372237,-216.144674596,167.584117413,-108.653268638,108.653268638,198.470117435
2326,1,90,negative,0.138092372237,-0.21633412072,0.169901246995,138.092372237,-216.33412072,169.901246995,-108.842714763,108.842714763,200.787247017
2327,0,90,negative,0.138092372237,-0.211832515804,0.17180324674,138.092372237,-211.832515804,171.80324674,-104.341109846,104.341109846,202.689246762
2327,1,90,negative,0.138092372237,-0.211770199812,0.170899952421,138.092372237,-211.770199812,170.899952421,-104.278793854,104.278793854,201.785952443
2328,0,90,negative,0.138092372237,-0.211722880899,0.170223587492,138.092372237,-211.722880899,170.223587492,-104.231474941,104.231474941,201.109587514
2328,1,90,negative,0.138092372237,-0.211690793391,0.169240404251,138.092372237,-211.690793391,169.240404251,-104.199387433,104.199387433,200.126404274
2329,0,90,negative,0.138092372237,-0.211722880899,0.170223587492,138.092372237,-211.722880899,170.223587492,-104.231474941,104.231474941,201.109587514
2329,1,90,negative,0.138092372237,-0.211740002231,0.17052909537,138.092372237,-211.740002231,170.52909537,-104.248596273,104.248596273,201.415095392
2330,0,90,negative,0.138092372237,-0.211740002231,0.17052909537,138.092372237,-211.740002231,170.52909537,-104.248596273,104.248596273,201.415095392
2330,1,90,negative,0.138092372237,-0.211742530799,0.170630359235,138.092372237,-211.742530799,170.630359235,-104.251124841,104.251124841,201.516359257
2331,0,90,negative,0.138092372237,-0.211742530799,0.170630359235,138.092372237,-211.742530799,170.630359235,-104.251124841,104.251124841,201.516359257
2331,1,90,negative,0.138092372237,-0.211770199812,0.170899952421,138.092372237,-211.770199812,170.899952421,-104.278793854,104.278793854,201.785952443
2332,0,90,negative,0.138092372237,-0.211780038932,0.172461127313,138.092372237,-211.780038932,172.461127313,-104.288632974,104.288632974,203.347127335
2332,1,90,negative,0.138092372237,-0.211622832142,0.173472276351,138.092372237,-211.622832142,173.472276351,-104.131426184,104.131426184,204.358276373
2333,0,90,negative,0.138092372237,-0.211780038932,0.172461127313,138.092372237,-211.780038932,172.461127313,-104.288632974,104.288632974,203.347127335
2333,1,90,negative,0.138092372237,-0.211832515804,0.17180324674,138.092372237,-211.832515804,171.80324674,-104.341109846,104.341109846,202.689246762
2334,0,90,negative,0.138092372237,-0.211547655171,0.173830688144,138.092372237,-211.547655171,173.830688144,-104.056249213,104.056249213,204.716688166
2334,1,90,negative,0.138092372237,-0.211622832142,0.173472276351,138.092372237,-211.622832142,173.472276351,-104.131426184,104.131426184,204.358276373
2335,0,90,negative,0.138092372237,-0.211547655171,0.173830688144,138.092372237,-211.547655171,173.830688144,-104.056249213,104.056249213,204.716688166
2335,1,90,negative,0.138092372237,-0.211465048915,0.174472539079,138.092372237,-211.465048915,174.472539079,-103.973642957,103.973642957,205.358539102
2336,0,90,negative,0.138092372237,-0.211450971238,0.174906746433,138.092372237,-211.450971238,174.906746433,-103.95956528,103.95956528,205.792746455
2336,1,90,negative,0.138092372237,-0.211465048915,0.174472539079,138.092372237,-211.465048915,174.472539079,-103.973642957,103.973642957,205.358539102
2337,0,90,negative,0.138092372237,-0.2113621528,0.175953272759,138.092372237,-211.3621528,175.953272759,-103.870746842,103.870746842,206.839272781
2337,1,90,negative,0.138092372237,-0.211408918316,0.175596596061,138.092372237,-211.408918316,175.596596061,-103.917512358,103.917512358,206.482596083
2338,0,90,negative,0.138092372237,-0.211450971238,0.174906746433,138.092372237,-211.450971238,174.906746433,-103.95956528,103.95956528,205.792746455
2338,1,90,negative,0.138092372237,-0.211454574448,0.175195781794,138.092372237,-211.454574448,175.195781794,-103.96316849,103.96316849,206.081781816
2339,0,90,negative,0.138092372237,-0.211454574448,0.175195781794,138.092372237,-211.454574448,175.195781794,-103.96316849,103.96316849,206.081781816
2339,1,90,negative,0.138092372237,-0.211408918316,0.175596596061,138.092372237,-211.408918316,175.596596061,-103.917512358,103.917512358,206.482596083
2340,0,90,negative,0.138092372237,-0.211379930091,0.176060898622,138.092372237,-211.379930091,176.060898622,-103.888524133,103.888524133,206.946898645
2340,1,90,negative,0.138092372237,-0.2113621528,0.175953272759,138.092372237,-211.3621528,175.953272759,-103.870746842,103.870746842,206.839272781
2341,0,90,negative,0.138092372237,-0.211531018348,0.176481686276,138.092372237,-211.531018348,176.481686276,-104.03961239,104.03961239,207.367686299
2341,1,90,negative,0.138092372237,-0.211379930091,0.176060898622,138.092372237,-211.379930091,176.060898622,-103.888524133,103.888524133,206.946898645
2342,0,90,negative,0.138092372237,-0.211531018348,0.176481686276,138.092372237,-211.531018348,176.481686276,-104.03961239,104.03961239,207.367686299
2342,1,90,negative,0.138092372237,-0.211563789575,0.176594649061,138.092372237,-211.563789575,176.594649061,-104.072383617,104.072383617,207.480649083
2343,0,90,negative,0.138092372237,-0.211511677213,0.177463443363,138.092372237,-211.511677213,177.463443363,-104.020271255,104.020271255,208.349443385
2343,1,90,negative,0.138092372237,-0.211540604925,0.177030511127,138.092372237,-211.540604925,177.030511127,-104.049198967,104.049198967,207.91651115
2344,0,90,negative,0.138092372237,-0.211512171791,0.177537385607,138.092372237,-211.512171791,177.537385607,-104.020765833,104.020765833,208.42338563
2344,1,90,negative,0.138092372237,-0.211511677213,0.177463443363,138.092372237,-211.511677213,177.463443363,-104.020271255,104.020271255,208.349443385
2345,0,90,negative,0.138092372237,-0.211493011896,0.178750970575,138.092372237,-211.493011896,178.750970575,-104.001605938,104.001605938,209.636970597
2345,1,90,negative,0.138092372237,-0.211492627165,0.178742039092,138.092372237,-211.492627165,178.742039092,-104.001221207,104.001221207,209.628039115
2346,0,90,negative,0.138092372237,-0.211489030569,0.178780669763,138.092372237,-211.489030569,178.780669763,-103.997624611,103.997624611,209.666669785
2346,1,90,negative,0.138092372237,-0.211493011896,0.178750970575,138.092372237,-211.493011896,178.750970575,-104.001605938,104.001605938,209.636970597
2347,0,90,negative,0.138092372237,-0.211563789575,0.176594649061,138.092372237,-211.563789575,176.594649061,-104.072383617,104.072383617,207.480649083
2347,1,90,negative,0.138092372237,-0.211540604925,0.177030511127,138.092372237,-211.540604925,177.030511127,-104.049198967,104.049198967,207.91651115
2348,0,90,negative,0.138092372237,-0.211512171791,0.177537385607,138.092372237,-211.512171791,177.537385607,-104.020765833,104.020765833,208.42338563
2348,1,90,negative,0.138092372237,-0.211482373182,0.177966496356,138.092372237,-211.482373182,177.966496356,-103.990967224,103.990967224,208.852496379
2349,0,90,negative,0.138092372237,-0.211482373182,0.177966496356,138.092372237,-211.482373182,177.966496356,-103.990967224,103.990967224,208.852496379
2349,1,90,negative,0.138092372237,-0.211492627165,0.178742039092,138.092372237,-211.492627165,178.742039092,-104.001221207,104.001221207,209.628039115
2350,0,90,negative,0.138092372237,-0.216356852809,0.170143816994,138.092372237,-216.356852809,170.143816994,-108.865446851,108.865446851,201.029817016
2350,1,90,negative,0.138092372237,-0.216535897268,0.172149617791,138.092372237,-216.535897268,172.149617791,-109.04449131,109.04449131,203.035617814
2351,0,90,negative,0.138092372237,-0.216897575992,0.17726787541,138.092372237,-216.897575992,177.26787541,-109.406170034,109.406170034,208.153875432
2351,1,90,negative,0.138092372237,-0.216930759182,0.178067708833,138.092372237,-216.930759182,178.067708833,-109.439353224,109.439353224,208.953708855
2352,0,90,negative,0.138092372237,-0.216947328848,0.178706075981,138.092372237,-216.947328848,178.706075981,-109.45592289,109.45592289,209.592076003
2352,1,90,negative,0.138092372237,-0.216952878186,0.179445735102,138.092372237,-216.952878186,179.445735102,-109.461472228,109.461472228,210.331735124
2353,0,90,negative,0.138092372237,-0.216952878186,0.179445735102,138.092372237,-216.952878186,179.445735102,-109.461472228,109.461472228,210.331735124
2353,1,90,negative,0.138092372237,-0.216885103592,0.179791539833,138.092372237,-216.885103592,179.791539833,-109.393697634,109.393697634,210.677539855
2354,0,90,negative,0.138092372237,-0.216947328848,0.178706075981,138.092372237,-216.947328848,178.706075981,-109.45592289,109.45592289,209.592076003
2354,1,90,negative,0.138092372237,-0.216930759182,0.178067708833,138.092372237,-216.930759182,178.067708833,-109.439353224,109.439353224,208.953708855
2355,0,90,negative,0.138092372237,-0.216343758295,0.170013788182,138.092372237,-216.343758295,170.013788182,-108.852352337,108.852352337,200.899788205
2355,1,90,negative,0.138092372237,-0.21633412072,0.169901246995,138.092372237,-216.33412072,169.901246995,-108.842714763,108.842714763,200.787247017
2356,0,90,negative,0.138092372237,-0.216535897268,0.172149617791,138.092372237,-216.535897268,172.149617791,-109.04449131,109.04449131,203.035617814
2356,1,90,negative,0.138092372237,-0.216596155504,0.172625280418,138.092372237,-216.596155504,172.625280418,-109.104749546,109.104749546,203.51128044
2357,0,90,negative,0.138092372237,-0.216356852809,0.170143816994,138.092372237,-216.356852809,170.143816994,-108.865446851,108.865446851,201.029817016
2357,1,90,negative,0.138092372237,-0.216343758295,0.170013788182,138.092372237,-216.343758295,170.013788182,-108.852352337,108.852352337,200.899788205
2358,0,90,negative,0.138092372237,-0.216596155504,0.172625280418,138.092372237,-216.596155504,172.625280418,-109.104749546,109.104749546,203.51128044
2358,1,90,negative,0.138092372237,-0.216642546329,0.173662443906,138.092372237,-216.642546329,173.662443906,-109.151140371,109.151140371,204.548443928
2359,0,90,negative,0.138092372237,-0.216678539949,0.17413447786,138.092372237,-216.678539949,174.13447786,-109.187133991,109.187133991,205.020477883
2359,1,90,negative,0.138092372237,-0.216642546329,0.173662443906,138.092372237,-216.642546329,173.662443906,-109.151140371,109.151140371,204.548443928
2360,0,90,negative,0.138092372237,-0.216701510373,0.174575618061,138.092372237,-216.701510373,174.575618061,-109.210104415,109.210104415,205.461618083
2360,1,90,negative,0.138092372237,-0.216678539949,0.17413447786,138.092372237,-216.678539949,174.13447786,-109.187133991,109.187133991,205.020477883
2361,0,90,negative,0.138092372237,-0.216701510373,0.174575618061,138.092372237,-216.701510373,174.575618061,-109.210104415,109.210104415,205.461618083
2361,1,90,negative,0.138092372237,-0.216804956935,0.175888118121,138.092372237,-216.804956935,175.888118121,-109.313550977,109.313550977,206.774118144
2362,0,90,negative,0.138092372237,-0.216897575992,0.17726787541,138.092372237,-216.897575992,177.26787541,-109.406170034,109.406170034,208.153875432
2362,1,90,negative,0.138092372237,-0.216804956935,0.175888118121,138.092372237,-216.804956935,175.888118121,-109.313550977,109.313550977,206.774118144
2363,0,90,negative,0.138092372237,-0.21045520999,0.159960318512,138.092372237,-210.45520999,159.960318512,-102.963804032,102.963804032,190.846318534
2363,1,90,negative,0.138092372237,-0.210602121229,0.160702822708,138.092372237,-210.602121229,160.702822708,-103.110715271,103.110715271,191.58882273
2364,0,90,negative,0.138092372237,-0.210675012814,0.161398602262,138.092372237,-210.675012814,161.398602262,-103.183606856,103.183606856,192.284602285
2364,1,90,negative,0.138092372237,-0.210679130657,0.161449394049,138.092372237,-210.679130657,161.449394049,-103.187724699,103.187724699,192.335394071
2365,0,90,negative,0.138092372237,-0.210681730159,0.161467613875,138.092372237,-210.681730159,161.467613875,-103.190324201,103.190324201,192.353613898
2365,1,90,negative,0.138092372237,-0.210683485056,0.161468736293,138.092372237,-210.683485056,161.468736293,-103.192079098,103.192079098,192.354736315
2366,0,90,negative,0.138092372237,-0.210679130657,0.161449394049,138.092372237,-210.679130657,161.449394049,-103.187724699,103.187724699,192.335394071
2366,1,90,negative,0.138092372237,-0.210681730159,0.161467613875,138.092372237,-210.681730159,161.467613875,-103.190324201,103.190324201,192.353613898
2367,0,90,negative,0.138092372237,-0.210683485056,0.161468736293,138.092372237,-210.683485056,161.468736293,-103.192079098,103.192079098,192.354736315
2367,1,90,negative,0.138092372237,-0.210686774315,0.16150505913,138.092372237,-210.686774315,161.50505913,-103.195368357,103.195368357,192.391059152
2368,0,90,negative,0.138092372237,-0.197382195819,0.216988282071,138.092372237,-197.382195819,216.988282071,-89.8907898607,89.8907898607,247.874282093
2368,1,90,negative,0.138092372237,-0.198295795999,0.215824372177,138.092372237,-198.295795999,215.824372177,-90.8043900412,90.8043900412,246.710372199
2369,0,90,negative,0.138092372237,-0.198727928295,0.215263147436,138.092372237,-198.727928295,215.263147436,-91.2365223374,91.2365223374,246.149147458
2369,1,90,negative,0.138092372237,-0.198594085667,0.21540736286,138.092372237,-198.594085667,215.40736286,-91.1026797091,91.1026797091,246.293362882
2370,0,90,negative,0.138092372237,-0.198594085667,0.21540736286,138.092372237,-198.594085667,215.40736286,-91.1026797091,91.1026797091,246.293362882
2370,1,90,negative,0.138092372237,-0.198295795999,0.215824372177,138.092372237,-198.295795999,215.824372177,-90.8043900412,90.8043900412,246.710372199
2371,0,90,negative,0.138092372237,-0.197319115779,0.217216151261,138.092372237,-197.319115779,217.216151261,-89.8277098211,89.8277098211,248.102151284
2371,1,90,negative,0.138092372237,-0.197382195819,0.216988282071,138.092372237,-197.382195819,216.988282071,-89.8907898607,89.8907898607,247.874282093
2372,0,90,negative,0.138092372237,-0.197221507964,0.217629480837,138.092372237,-197.221507964,217.629480837,-89.7301020055,89.7301020055,248.515480859
2372,1,90,negative,0.138092372237,-0.197319115779,0.217216151261,138.092372237,-197.319115779,217.216151261,-89.8277098211,89.8277098211,248.102151284
2373,0,90,negative,0.138092372237,-0.196681790082,0.21845639802,138.092372237,-196.681790082,218.45639802,-89.1903841237,89.1903841237,249.342398042
2373,1,90,negative,0.138092372237,-0.19711949307,0.217810006651,138.092372237,-197.11949307,217.810006651,-89.6280871118,89.6280871118,248.696006673
2374,0,90,negative,0.138092372237,-0.197221507964,0.217629480837,138.092372237,-197.221507964,217.629480837,-89.7301020055,89.7301020055,248.515480859
2374,1,90,negative,0.138092372237,-0.197180065911,0.217701832943,138.092372237,-197.180065911,217.701832943,-89.6886599526,89.6886599526,248.587832966
2375,0,90,negative,0.138092372237,-0.197180065911,0.217701832943,138.092372237,-197.180065911,217.701832943,-89.6886599526,89.6886599526,248.587832966
2375,1,90,negative,0.138092372237,-0.19711949307,0.217810006651,138.092372237,-197.11949307,217.810006651,-89.6280871118,89.6280871118,248.696006673
2376,0,90,negative,0.138092372237,-0.196554783802,0.218707666668,138.092372237,-196.554783802,218.707666668,-89.0633778443,89.0633778443,249.59366669
2376,1,90,negative,0.138092372237,-0.196681790082,0.21845639802,138.092372237,-196.681790082,218.45639802,-89.1903841237,89.1903841237,249.342398042
2377,0,90,negative,0.138092372237,-0.196521164752,0.218825608956,138.092372237,-196.521164752,218.825608956,-89.0297587935,89.0297587935,249.711608979
2377,1,90,negative,0.138092372237,-0.196554783802,0.218707666668,138.092372237,-196.554783802,218.707666668,-89.0633778443,89.0633778443,249.59366669
2378,0,90,negative,0.138092372237,-0.196521164752,0.218825608956,138.092372237,-196.521164752,218.825608956,-89.0297587935,89.0297587935,249.711608979
2378,1,90,negative,0.138092372237,-0.19612444233,0.219680359302,138.092372237,-196.12444233,219.680359302,-88.633036372,88.633036372,250.566359325
2379,0,90,negative,0.138092372237,-0.195838980368,0.221197714612,138.092372237,-195.838980368,221.197714612,-88.3475744103,88.3475744103,252.083714634
2379,1,90,negative,0.138092372237,-0.195873615736,0.220747061674,138.092372237,-195.873615736,220.747061674,-88.382209778,88.382209778,251.633061697
2380,0,90,negative,0.138092372237,-0.196068153934,0.219860365034,138.092372237,-196.068153934,219.860365034,-88.576747976,88.576747976,250.746365056
2380,1,90,negative,0.138092372237,-0.19612444233,0.219680359302,138.092372237,-196.12444233,219.680359302,-88.633036372,88.633036372,250.566359325
2381,0,90,negative,0.138092372237,-0.196068153934,0.219860365034,138.092372237,-196.068153934,219.860365034,-88.576747976,88.576747976,250.746365056
2381,1,90,negative,0.138092372237,-0.195977751151,0.220141886863,138.092372237,-195.977751151,220.141886863,-88.4863451928,88.4863451928,251.027886885
2382,0,90,negative,0.138092372237,-0.195977751151,0.220141886863,138.092372237,-195.977751151,220.141886863,-88.4863451928,88.4863451928,251.027886885
2382,1,90,negative,0.138092372237,-0.195873615736,0.220747061674,138.092372237,-195.873615736,220.747061674,-88.382209778,88.382209778,251.633061697
2383,0,90,negative,0.138092372237,-0.195838980368,0.221197714612,138.092372237,-195.838980368,221.197714612,-88.3475744103,88.3475744103,252.083714634
2383,1,90,negative,0.138092372237,-0.195842082799,0.221473193637,138.092372237,-195.842082799,221.473193637,-88.3506768412,88.3506768412,252.35919366
2384,0,90,negative,0.138092372237,-0.195779085082,0.222799022179,138.092372237,-195.779085082,222.799022179,-88.2876791238,88.2876791238,253.685022201
2384,1,90,negative,0.138092372237,-0.195802894186,0.222162252935,138.092372237,-195.802894186,222.162252935,-88.3114882279,88.3114882279,253.048252958
2385,0,90,negative,0.138092372237,-0.195779085082,0.222799022179,138.092372237,-195.779085082,222.799022179,-88.2876791238,88.2876791238,253.685022201
2385,1,90,negative,0.138092372237,-0.195813876674,0.223587950466,138.092372237,-195.813876674,223.587950466,-88.3224707163,88.3224707163,254.473950489
2386,0,90,negative,0.138092372237,-0.195775021434,0.224457435171,138.092372237,-195.775021434,224.457435171,-88.2836154758,88.2836154758,255.343435194
2386,1,90,negative,0.138092372237,-0.195813876674,0.223587950466,138.092372237,-195.813876674,223.587950466,-88.3224707163,88.3224707163,254.473950489
2387,0,90,negative,0.138092372237,-0.195746681612,0.225920942841,138.092372237,-195.746681612,225.920942841,-88.2552756545,88.2552756545,256.806942863
2387,1,90,negative,0.138092372237,-0.195746515621,0.225158219362,138.092372237,-195.746515621,225.158219362,-88.2551096629,88.2551096629,256.044219384
2388,0,90,negative,0.138092372237,-0.195734925328,0.226217867684,138.092372237,-195.734925328,226.217867684,-88.24351937,88.24351937,257.103867707
2388,1,90,negative,0.138092372237,-0.195746681612,0.225920942841,138.092372237,-195.746681612,225.920942841,-88.2552756545,88.2552756545,256.806942863
2389,0,90,negative,0.138092372237,-0.195734925328,0.226217867684,138.092372237,-195.734925328,226.217867684,-88.24351937,88.24351937,257.103867707
2389,1,90,negative,0.138092372237,-0.195784248132,0.226838970287,138.092372237,-195.784248132,226.838970287,-88.2928421739,88.2928421739,257.72497031
2390,0,90,negative,0.138092372237,-0.195842082799,0.221473193637,138.092372237,-195.842082799,221.473193637,-88.3506768412,88.3506768412,252.35919366
2390,1,90,negative,0.138092372237,-0.195802894186,0.222162252935,138.092372237,-195.802894186,222.162252935,-88.3114882279,88.3114882279,253.048252958
2391,0,90,negative,0.138092372237,-0.195746617001,0.224660696065,138.092372237,-195.746617001,224.660696065,-88.2552110427,88.2552110427,255.546696087
2391,1,90,negative,0.138092372237,-0.195746515621,0.225158219362,138.092372237,-195.746515621,225.158219362,-88.2551096629,88.2551096629,256.044219384
2392,0,90,negative,0.138092372237,-0.195775021434,0.224457435171,138.092372237,-195.775021434,224.457435171,-88.2836154758,88.2836154758,255.343435194
2392,1,90,negative,0.138092372237,-0.195746617001,0.224660696065,138.092372237,-195.746617001,224.660696065,-88.2552110427,88.2552110427,255.546696087
2393,0,90,negative,0.138092372237,-0.195803610446,0.227290662851,138.092372237,-195.803610446,227.290662851,-88.3122044885,88.3122044885,258.176662873
2393,1,90,negative,0.138092372237,-0.195784248132,0.226838970287,138.092372237,-195.784248132,226.838970287,-88.2928421739,88.2928421739,257.72497031
2394,0,90,negative,0.138092372237,-0.195838009033,0.227716127541,138.092372237,-195.838009033,227.716127541,-88.3466030748,88.3466030748,258.602127564
2394,1,90,negative,0.138092372237,-0.195803610446,0.227290662851,138.092372237,-195.803610446,227.290662851,-88.3122044885,88.3122044885,258.176662873
2395,0,90,negative,0.138092372237,-0.195838009033,0.227716127541,138.092372237,-195.838009033,227.716127541,-88.3466030748,88.3466030748,258.602127564
2395,1,90,negative,0.138092372237,-0.195975243536,0.229237783905,138.092372237,-195.975243536,229.237783905,-88.4838375777,88.4838375777,260.123783928
2396,0,90,negative,0.138092372237,-0.196066965625,0.229944826732,138.092372237,-196.066965625,229.944826732,-88.5755596672,88.5755596672,260.830826754
2396,1,90,negative,0.138092372237,-0.195975243536,0.229237783905,138.092372237,-195.975243536,229.237783905,-88.4838375777,88.4838375777,260.123783928
2397,0,90,negative,0.138092372237,-0.196066965625,0.229944826732,138.092372237,-196.066965625,229.944826732,-88.5755596672,88.5755596672,260.830826754
2397,1,90,negative,0.138092372237,-0.196210216557,0.230772808857,138.092372237,-196.210216557,230.772808857,-88.7188105987,88.7188105987,261.658808879
2398,0,90,negative,0.138092372237,-0.196210216557,0.230772808857,138.092372237,-196.210216557,230.772808857,-88.7188105987,88.7188105987,261.658808879
2398,1,90,negative,0.138092372237,-0.196394916505,0.231864862236,138.092372237,-196.394916505,231.864862236,-88.9035105471,88.9035105471,262.750862258
2399,0,90,negative,0.138092372237,-0.196797365125,0.233547669956,138.092372237,-196.797365125,233.547669956,-89.3059591674,89.3059591674,264.433669978
2399,1,90,negative,0.138092372237,-0.196783575574,0.233498272583,138.092372237,-196.783575574,233.498272583,-89.2921696164,89.2921696164,264.384272605
2400,0,90,negative,0.138092372237,-0.196475645464,0.23232722229,138.092372237,-196.475645464,232.32722229,-88.9842395061,88.9842395061,263.213222312
2400,1,90,negative,0.138092372237,-0.196394916505,0.231864862236,138.092372237,-196.394916505,231.864862236,-88.9035105471,88.9035105471,262.750862258
2401,0,90,negative,0.138092372237,-0.196475645464,0.23232722229,138.092372237,-196.475645464,232.32722229,-88.9842395061,88.9842395061,263.213222312
2401,1,90,negative,0.138092372237,-0.196783575574,0.233498272583,138.092372237,-196.783575574,233.498272583,-89.2921696164,89.2921696164,264.384272605
2402,0,90,negative,0.138092372237,-0.196831883819,0.233611533058,138.092372237,-196.831883819,233.611533058,-89.3404778611,89.3404778611,264.49753308
2402,1,90,negative,0.138092372237,-0.196797365125,0.233547669956,138.092372237,-196.797365125,233.547669956,-89.3059591674,89.3059591674,264.433669978
2403,0,90,negative,0.138092372237,-0.197222690305,0.234672945049,138.092372237,-197.222690305,234.672945049,-89.7312843472,89.7312843472,265.558945072
2403,1,90,negative,0.138092372237,-0.197121119283,0.23423309953,138.092372237,-197.121119283,234.23309953,-89.629713325,89.629713325,265.119099552
2404,0,90,negative,0.138092372237,-0.197718903706,0.236083128424,138.092372237,-197.718903706,236.083128424,-90.2274977476,90.2274977476,266.969128447
2404,1,90,negative,0.138092372237,-0.19748964384,0.235444010716,138.092372237,-197.48964384,235.444010716,-89.998237882,89.998237882,266.330010738
2405,0,90,negative,0.138092372237,-0.196831883819,0.233611533058,138.092372237,-196.831883819,233.611533058,-89.3404778611,89.3404778611,264.49753308
2405,1,90,negative,0.138092372237,-0.197121119283,0.23423309953,138.092372237,-197.121119283,234.23309953,-89.629713325,89.629713325,265.119099552
2406,0,90,negative,0.138092372237,-0.197222690305,0.234672945049,138.092372237,-197.222690305,234.672945049,-89.7312843472,89.7312843472,265.558945072
2406,1,90,negative,0.138092372237,-0.19738037409,0.235192842195,138.092372237,-197.38037409,235.192842195,-89.8889681317,89.8889681317,266.078842218
2407,0,90,negative,0.138092372237,-0.19738037409,0.235192842195,138.092372237,-197.38037409,235.192842195,-89.8889681317,89.8889681317,266.078842218
2407,1,90,negative,0.138092372237,-0.19748964384,0.235444010716,138.092372237,-197.48964384,235.444010716,-89.998237882,89.998237882,266.330010738
2408,0,90,negative,0.138092372237,-0.197846490079,0.23662055517,138.092372237,-197.846490079,236.62055517,-90.3550841211,90.3550841211,267.506555193
2408,1,90,negative,0.138092372237,-0.197837733621,0.236577641651,138.092372237,-197.837733621,236.577641651,-90.3463276629,90.3463276629,267.463641673
2409,0,90,negative,0.138092372237,-0.197829289928,0.236760855013,138.092372237,-197.829289928,236.760855013,-90.3378839698,90.3378839698,267.646855035
2409,1,90,negative,0.138092372237,-0.197846490079,0.23662055517,138.092372237,-197.846490079,236.62055517,-90.3550841211,90.3550841211,267.506555193
2410,0,90,negative,0.138092372237,-0.198001919391,0.237458022548,138.092372237,-198.001919391,237.458022548,-90.5105134335,90.5105134335,268.34402257
2410,1,90,negative,0.138092372237,-0.197901001108,0.237338691161,138.092372237,-197.901001108,237.338691161,-90.4095951497,90.4095951497,268.224691183
2411,0,90,negative,0.138092372237,-0.197718903706,0.236083128424,138.092372237,-197.718903706,236.083128424,-90.2274977476,90.2274977476,266.969128447
2411,1,90,negative,0.138092372237,-0.197837733621,0.236577641651,138.092372237,-197.837733621,236.577641651,-90.3463276629,90.3463276629,267.463641673
2412,0,90,negative,0.138092372237,-0.197829289928,0.236760855013,138.092372237,-197.829289928,236.760855013,-90.3378839698,90.3378839698,267.646855035
2412,1,90,negative,0.138092372237,-0.197813206553,0.237119421399,138.092372237,-197.813206553,237.119421399,-90.3218005954,90.3218005954,268.005421422
2413,0,90,negative,0.138092372237,-0.198115526116,0.237507337465,138.092372237,-198.115526116,237.507337465,-90.6241201584,90.6241201584,268.393337487
2413,1,90,negative,0.138092372237,-0.198001919391,0.237458022548,138.092372237,-198.001919391,237.458022548,-90.5105134335,90.5105134335,268.34402257
2414,0,90,negative,0.138092372237,-0.197863127132,0.237256659879,138.092372237,-197.863127132,237.256659879,-90.3717211735,90.3717211735,268.142659901
2414,1,90,negative,0.138092372237,-0.197901001108,0.237338691161,138.092372237,-197.901001108,237.338691161,-90.4095951497,90.4095951497,268.224691183
2415,0,90,negative,0.138092372237,-0.197813206553,0.237119421399,138.092372237,-197.813206553,237.119421399,-90.3218005954,90.3218005954,268.005421422
2415,1,90,negative,0.138092372237,-0.197840342258,0.237221160173,138.092372237,-197.840342258,237.221160173,-90.3489362998,90.3489362998,268.107160195
2416,0,90,negative,0.138092372237,-0.197840342258,0.237221160173,138.092372237,-197.840342258,237.221160173,-90.3489362998,90.3489362998,268.107160195
2416,1,90,negative,0.138092372237,-0.197863127132,0.237256659879,138.092372237,-197.863127132,237.256659879,-90.3717211735,90.3717211735,268.142659901
2417,0,90,negative,0.138092372237,-0.198115526116,0.237507337465,138.092372237,-198.115526116,237.507337465,-90.6241201584,90.6241201584,268.393337487
2417,1,90,negative,0.138092372237,-0.198634352731,0.237734941312,138.092372237,-198.634352731,237.734941312,-91.1429467725,91.1429467725,268.620941334
2418,0,90,negative,0.138092372237,-0.211489030569,0.178780669763,138.092372237,-211.489030569,178.780669763,-103.997624611,103.997624611,209.666669785
2418,1,90,negative,0.138092372237,-0.211295510429,0.17960663441,138.092372237,-211.295510429,179.60663441,-103.804104471,103.804104471,210.492634433
2419,0,90,negative,0.138092372237,-0.211136224096,0.180070803218,138.092372237,-211.136224096,180.070803218,-103.644818138,103.644818138,210.95680324
2419,1,90,negative,0.138092372237,-0.211295510429,0.17960663441,138.092372237,-211.295510429,179.60663441,-103.804104471,103.804104471,210.492634433
2420,0,90,negative,0.138092372237,-0.211097391115,0.180431418374,138.092372237,-211.097391115,180.431418374,-103.605985157,103.605985157,211.317418397
2420,1,90,negative,0.138092372237,-0.211136224096,0.180070803218,138.092372237,-211.136224096,180.070803218,-103.644818138,103.644818138,210.95680324
2421,0,90,negative,0.138092372237,-0.211102481653,0.180597859904,138.092372237,-211.102481653,180.597859904,-103.611075695,103.611075695,211.483859926
2421,1,90,negative,0.138092372237,-0.211097391115,0.180431418374,138.092372237,-211.097391115,180.431418374,-103.605985157,103.605985157,211.317418397
2422,0,90,negative,0.138092372237,-0.211102481653,0.180597859904,138.092372237,-211.102481653,180.597859904,-103.611075695,103.611075695,211.483859926
2422,1,90,negative,0.138092372237,-0.211034660528,0.181047488105,138.092372237,-211.034660528,181.047488105,-103.54325457,103.54325457,211.933488128
2423,0,90,negative,0.138092372237,-0.21110803143,0.181347836682,138.092372237,-211.10803143,181.347836682,-103.616625472,103.616625472,212.233836704
2423,1,90,negative,0.138092372237,-0.211187778403,0.181665203597,138.092372237,-211.187778403,181.665203597,-103.696372445,103.696372445,212.551203619
2424,0,90,negative,0.138092372237,-0.21110803143,0.181347836682,138.092372237,-211.10803143,181.347836682,-103.616625472,103.616625472,212.233836704
2424,1,90,negative,0.138092372237,-0.211034660528,0.181047488105,138.092372237,-211.034660528,181.047488105,-103.54325457,103.54325457,211.933488128
2425,0,90,negative,0.138092372237,-0.211219405007,0.1822093807,138.092372237,-211.219405007,182.2093807,-103.727999049,103.727999049,213.095380722
2425,1,90,negative,0.138092372237,-0.211187778403,0.181665203597,138.092372237,-211.187778403,181.665203597,-103.696372445,103.696372445,212.551203619
2426,0,90,negative,0.138092372237,-0.210964973205,0.182927712728,138.092372237,-210.964973205,182.927712728,-103.473567247,103.473567247,213.81371275
2426,1,90,negative,0.138092372237,-0.211200574045,0.182299835218,138.092372237,-211.200574045,182.299835218,-103.709168087,103.709168087,213.18583524
2427,0,90,negative,0.138092372237,-0.21083879856,0.183532016451,138.092372237,-210.83879856,183.532016451,-103.347392602,103.347392602,214.418016474
2427,1,90,negative,0.138092372237,-0.210964973205,0.182927712728,138.092372237,-210.964973205,182.927712728,-103.473567247,103.473567247,213.81371275
2428,0,90,negative,0.138092372237,-0.211219405007,0.1822093807,138.092372237,-211.219405007,182.2093807,-103.727999049,103.727999049,213.095380722
2428,1,90,negative,0.138092372237,-0.211200574045,0.182299835218,138.092372237,-211.200574045,182.299835218,-103.709168087,103.709168087,213.18583524
2429,0,90,negative,0.138092372237,-0.210706235996,0.186414939474,138.092372237,-210.706235996,186.414939474,-103.214830038,103.214830038,217.300939497
2429,1,90,negative,0.138092372237,-0.210735820575,0.186248834943,138.092372237,-210.735820575,186.248834943,-103.244414617,103.244414617,217.134834965
2430,0,90,negative,0.138092372237,-0.210733697939,0.186601666594,138.092372237,-210.733697939,186.601666594,-103.242291981,103.242291981,217.487666616
2430,1,90,negative,0.138092372237,-0.210706235996,0.186414939474,138.092372237,-210.706235996,186.414939474,-103.214830038,103.214830038,217.300939497
2431,0,90,negative,0.138092372237,-0.21101416036,0.187237843901,138.092372237,-211.01416036,187.237843901,-103.522754402,103.522754402,218.123843923
2431,1,90,negative,0.138092372237,-0.210819459359,0.186976210824,138.092372237,-210.819459359,186.976210824,-103.328053401,103.328053401,217.862210847
2432,0,90,negative,0.138092372237,-0.211508919308,0.188230899899,138.092372237,-211.508919308,188.230899899,-104.01751335,104.01751335,219.116899921
2432,1,90,negative,0.138092372237,-0.211435874371,0.187984994308,138.092372237,-211.435874371,187.984994308,-103.944468414,103.944468414,218.87099433
2433,0,90,negative,0.138092372237,-0.21101416036,0.187237843901,138.092372237,-211.01416036,187.237843901,-103.522754402,103.522754402,218.123843923
2433,1,90,negative,0.138092372237,-0.21125625103,0.18757333366,138.092372237,-211.25625103,187.57333366,-103.764845072,103.764845072,218.459333682
2434,0,90,negative,0.138092372237,-0.211508919308,0.188230899899,138.092372237,-211.508919308,188.230899899,-104.01751335,104.01751335,219.116899921
2434,1,90,negative,0.138092372237,-0.211627329691,0.188774596579,138.092372237,-211.627329691,188.774596579,-104.135923733,104.135923733,219.660596601
2435,0,90,negative,0.138092372237,-0.21125625103,0.18757333366,138.092372237,-211.25625103,187.57333366,-103.764845072,103.764845072,218.459333682
2435,1,90,negative,0.138092372237,-0.211435874371,0.187984994308,138.092372237,-211.435874371,187.984994308,-103.944468414,103.944468414,218.87099433
2436,0,90,negative,0.138092372237,-0.216569186278,0.181035629968,138.092372237,-216.569186278,181.035629968,-109.07778032,109.07778032,211.92162999
2436,1,90,negative,0.138092372237,-0.21656085,0.181077592331,138.092372237,-216.56085,181.077592331,-109.069444042,109.069444042,211.963592353
2437,0,90,negative,0.138092372237,-0.21656085,0.181077592331,138.092372237,-216.56085,181.077592331,-109.069444042,109.069444042,211.963592353
2437,1,90,negative,0.138092372237,-0.216564004212,0.181091940635,138.092372237,-216.564004212,181.091940635,-109.072598254,109.072598254,211.977940657
2438,0,90,negative,0.138092372237,-0.216476708653,0.184006583573,138.092372237,-216.476708653,184.006583573,-108.985302695,108.985302695,214.892583596
2438,1,90,negative,0.138092372237,-0.216451464947,0.184291830206,138.092372237,-216.451464947,184.291830206,-108.960058989,108.960058989,215.177830228
2439,0,90,negative,0.138092372237,-0.216451464947,0.184291830206,138.092372237,-216.451464947,184.291830206,-108.960058989,108.960058989,215.177830228
2439,1,90,negative,0.138092372237,-0.216409706973,0.184569229961,138.092372237,-216.409706973,184.569229961,-108.918301015,108.918301015,215.455229984
2440,0,90,negative,0.138092372237,-0.216865692215,0.180029137397,138.092372237,-216.865692215,180.029137397,-109.374286257,109.374286257,210.915137419
2440,1,90,negative,0.138092372237,-0.216675637289,0.180528893845,138.092372237,-216.675637289,180.528893845,-109.184231331,109.184231331,211.414893867
2441,0,90,negative,0.138092372237,-0.216865692215,0.180029137397,138.092372237,-216.865692215,180.029137397,-109.374286257,109.374286257,210.915137419
2441,1,90,negative,0.138092372237,-0.216885103592,0.179791539833,138.092372237,-216.885103592,179.791539833,-109.393697634,109.393697634,210.677539855
2442,0,90,negative,0.138092372237,-0.216569186278,0.181035629968,138.092372237,-216.569186278,181.035629968,-109.07778032,109.07778032,211.92162999
2442,1,90,negative,0.138092372237,-0.216628262502,0.180658468555,138.092372237,-216.628262502,180.658468555,-109.136856544,109.136856544,211.544468577
2443,0,90,negative,0.138092372237,-0.216628262502,0.180658468555,138.092372237,-216.628262502,180.658468555,-109.136856544,109.136856544,211.544468577
2443,1,90,negative,0.138092372237,-0.216675637289,0.180528893845,138.092372237,-216.675637289,180.528893845,-109.184231331,109.184231331,211.414893867
2444,0,90,negative,0.138092372237,-0.216555555653,0.181424678931,138.092372237,-216.555555653,181.424678931,-109.064149695,109.064149695,212.310678954
2444,1,90,negative,0.138092372237,-0.216623647371,0.181805192194,138.092372237,-216.623647371,181.805192194,-109.132241413,109.132241413,212.691192216
2445,0,90,negative,0.138092372237,-0.216555555653,0.181424678931,138.092372237,-216.555555653,181.424678931,-109.064149695,109.064149695,212.310678954
2445,1,90,negative,0.138092372237,-0.216564004212,0.181091940635,138.092372237,-216.564004212,181.091940635,-109.072598254,109.072598254,211.977940657
2446,0,90,negative,0.138092372237,-0.216627481057,0.181840612822,138.092372237,-216.627481057,181.840612822,-109.1360751,109.1360751,212.726612845
2446,1,90,negative,0.138092372237,-0.216623647371,0.181805192194,138.092372237,-216.623647371,181.805192194,-109.132241413,109.132241413,212.691192216
2447,0,90,negative,0.138092372237,-0.216638366348,0.182026876601,138.092372237,-216.638366348,182.026876601,-109.14696039,109.14696039,212.912876624
2447,1,90,negative,0.138092372237,-0.216647144852,0.182476339785,138.092372237,-216.647144852,182.476339785,-109.155738894,109.155738894,213.362339807
2448,0,90,negative,0.138092372237,-0.216647144852,0.182476339785,138.092372237,-216.647144852,182.476339785,-109.155738894,109.155738894,213.362339807
2448,1,90,negative,0.138092372237,-0.216625336434,0.182673775455,138.092372237,-216.625336434,182.673775455,-109.133930476,109.133930476,213.559775477
2449,0,90,negative,0.138092372237,-0.216476708653,0.184006583573,138.092372237,-216.476708653,184.006583573,-108.985302695,108.985302695,214.892583596
2449,1,90,negative,0.138092372237,-0.216625336434,0.182673775455,138.092372237,-216.625336434,182.673775455,-109.133930476,109.133930476,213.559775477
2450,0,90,negative,0.138092372237,-0.216633064296,0.181863069558,138.092372237,-216.633064296,181.863069558,-109.141658338,109.141658338,212.74906958
2450,1,90,negative,0.138092372237,-0.216627481057,0.181840612822,138.092372237,-216.627481057,181.840612822,-109.1360751,109.1360751,212.726612845
2451,0,90,negative,0.138092372237,-0.216638366348,0.182026876601,138.092372237,-216.638366348,182.026876601,-109.14696039,109.14696039,212.912876624
2451,1,90,negative,0.138092372237,-0.216633064296,0.181863069558,138.092372237,-216.633064296,181.863069558,-109.141658338,109.141658338,212.74906958
2452,0,90,negative,0.138092372237,-0.216107821708,0.186660896111,138.092372237,-216.107821708,186.660896111,-108.61641575,108.61641575,217.546896133
2452,1,90,negative,0.138092372237,-0.216409706973,0.184569229961,138.092372237,-216.409706973,184.569229961,-108.918301015,108.918301015,215.455229984
2453,0,90,negative,0.138092372237,-0.216107821708,0.186660896111,138.092372237,-216.107821708,186.660896111,-108.61641575,108.61641575,217.546896133
2453,1,90,negative,0.138092372237,-0.216045618728,0.187246744997,138.092372237,-216.045618728,187.246744997,-108.55421277,108.55421277,218.132745019
2454,0,90,negative,0.138092372237,-0.215951677838,0.187727461226,138.092372237,-215.951677838,187.727461226,-108.46027188,108.46027188,218.613461248
2454,1,90,negative,0.138092372237,-0.216045618728,0.187246744997,138.092372237,-216.045618728,187.246744997,-108.55421277,108.55421277,218.132745019
2455,0,90,negative,0.138092372237,-0.215951677838,0.187727461226,138.092372237,-215.951677838,187.727461226,-108.46027188,108.46027188,218.613461248
2455,1,90,negative,0.138092372237,-0.215848932146,0.188361327111,138.092372237,-215.848932146,188.361327111,-108.357526188,108.357526188,219.247327133
2456,0,90,negative,0.138092372237,-0.215817962116,0.188647185285,138.092372237,-215.817962116,188.647185285,-108.326556158,108.326556158,219.533185307
2456,1,90,negative,0.138092372237,-0.215848932146,0.188361327111,138.092372237,-215.848932146,188.361327111,-108.357526188,108.357526188,219.247327133
2457,0,90,negative,0.138092372237,-0.211670519349,0.189137079377,138.092372237,-211.670519349,189.137079377,-104.179113391,104.179113391,220.0230794
2457,1,90,negative,0.138092372237,-0.211639682527,0.188975495794,138.092372237,-211.639682527,188.975495794,-104.148276569,104.148276569,219.861495816
2458,0,90,negative,0.138092372237,-0.211639682527,0.188975495794,138.092372237,-211.639682527,188.975495794,-104.148276569,104.148276569,219.861495816
2458,1,90,negative,0.138092372237,-0.211627329691,0.188774596579,138.092372237,-211.627329691,188.774596579,-104.135923733,104.135923733,219.660596601
2459,0,90,negative,0.138092372237,-0.211670519349,0.189137079377,138.092372237,-211.670519349,189.137079377,-104.179113391,104.179113391,220.0230794
2459,1,90,negative,0.138092372237,-0.211674596963,0.189148853254,138.092372237,-211.674596963,189.148853254,-104.183191005,104.183191005,220.034853276
2460,0,90,negative,0.138092372237,-0.211667998973,0.189692230667,138.092372237,-211.667998973,189.692230667,-104.176593015,104.176593015,220.57823069
2460,1,90,negative,0.138092372237,-0.211674596963,0.189148853254,138.092372237,-211.674596963,189.148853254,-104.183191005,104.183191005,220.034853276
2461,0,90,negative,0.138092372237,-0.211750456292,0.190020876198,138.092372237,-211.750456292,190.020876198,-104.259050334,104.259050334,220.906876221
2461,1,90,negative,0.138092372237,-0.211667998973,0.189692230667,138.092372237,-211.667998973,189.692230667,-104.176593015,104.176593015,220.57823069
2462,0,90,negative,0.138092372237,-0.211750456292,0.190020876198,138.092372237,-211.750456292,190.020876198,-104.259050334,104.259050334,220.906876221
2462,1,90,negative,0.138092372237,-0.211828468389,0.19019051055,138.092372237,-211.828468389,190.19051055,-104.337062431,104.337062431,221.076510572
2463,0,90,negative,0.138092372237,-0.211828468389,0.19019051055,138.092372237,-211.828468389,190.19051055,-104.337062431,104.337062431,221.076510572
2463,1,90,negative,0.138092372237,-0.211932161281,0.19054832292,138.092372237,-211.932161281,190.54832292,-104.440755323,104.440755323,221.434322943
2464,0,90,negative,0.138092372237,-0.211970668053,0.190793932486,138.092372237,-211.970668053,190.793932486,-104.479262095,104.479262095,221.679932508
2464,1,90,negative,0.138092372237,-0.211932161281,0.19054832292,138.092372237,-211.932161281,190.54832292,-104.440755323,104.440755323,221.434322943
2465,0,90,negative,0.138092372237,-0.211970668053,0.190793932486,138.092372237,-211.970668053,190.793932486,-104.479262095,104.479262095,221.679932508
2465,1,90,negative,0.138092372237,-0.211893896597,0.191270052393,138.092372237,-211.893896597,191.270052393,-104.402490639,104.402490639,222.156052415
2466,0,90,negative,0.138092372237,-0.211881265828,0.19140802757,138.092372237,-211.881265828,191.40802757,-104.38985987,104.38985987,222.294027593
2466,1,90,negative,0.138092372237,-0.211893896597,0.191270052393,138.092372237,-211.893896597,191.270052393,-104.402490639,104.402490639,222.156052415
2467,0,90,negative,0.138092372237,-0.211830236263,0.191613116199,138.092372237,-211.830236263,191.613116199,-104.338830305,104.338830305,222.499116221
2467,1,90,negative,0.138092372237,-0.211881265828,0.19140802757,138.092372237,-211.881265828,191.40802757,-104.38985987,104.38985987,222.294027593
2468,0,90,negative,0.138092372237,-0.211830236263,0.191613116199,138.092372237,-211.830236263,191.613116199,-104.338830305,104.338830305,222.499116221
2468,1,90,negative,0.138092372237,-0.211701583295,0.192083489626,138.092372237,-211.701583295,192.083489626,-104.210177337,104.210177337,222.969489649
2469,0,90,negative,0.138092372237,-0.211701583295,0.192083489626,138.092372237,-211.701583295,192.083489626,-104.210177337,104.210177337,222.969489649
2469,1,90,negative,0.138092372237,-0.211371716206,0.192795934981,138.092372237,-211.371716206,192.795934981,-103.880310248,103.880310248,223.681935003
2470,0,90,negative,0.138092372237,-0.210723869534,0.194043453517,138.092372237,-210.723869534,194.043453517,-103.232463576,103.232463576,224.92945354
2470,1,90,negative,0.138092372237,-0.211371716206,0.192795934981,138.092372237,-211.371716206,192.795934981,-103.880310248,103.880310248,223.681935003
2471,0,90,negative,0.138092372237,-0.210723869534,0.194043453517,138.092372237,-210.723869534,194.043453517,-103.232463576,103.232463576,224.92945354
2471,1,90,negative,0.138092372237,-0.21068607942,0.194125373756,138.092372237,-210.68607942,194.125373756,-103.194673462,103.194673462,225.011373778
2472,0,90,negative,0.138092372237,-0.215753712411,0.189470346725,138.092372237,-215.753712411,189.470346725,-108.262306453,108.262306453,220.356346747
2472,1,90,negative,0.138092372237,-0.215734783597,0.189646880856,138.092372237,-215.734783597,189.646880856,-108.243377639,108.243377639,220.532880878
2473,0,90,negative,0.138092372237,-0.215753712411,0.189470346725,138.092372237,-215.753712411,189.470346725,-108.262306453,108.262306453,220.356346747
2473,1,90,negative,0.138092372237,-0.215817962116,0.188647185285,138.092372237,-215.817962116,188.647185285,-108.326556158,108.326556158,219.533185307
2474,0,90,negative,0.138092372237,-0.215734783597,0.189646880856,138.092372237,-215.734783597,189.646880856,-108.243377639,108.243377639,220.532880878
2474,1,90,negative,0.138092372237,-0.215709184079,0.189796140635,138.092372237,-215.709184079,189.796140635,-108.217778121,108.217778121,220.682140658
2475,0,90,negative,0.138092372237,-0.215514200526,0.191144883694,138.092372237,-215.514200526,191.144883694,-108.022794568,108.022794568,222.030883716
2475,1,90,negative,0.138092372237,-0.215709184079,0.189796140635,138.092372237,-215.709184079,189.796140635,-108.217778121,108.217778121,220.682140658
2476,0,90,negative,0.138092372237,-0.215514200526,0.191144883694,138.092372237,-215.514200526,191.144883694,-108.022794568,108.022794568,222.030883716
2476,1,90,negative,0.138092372237,-0.215502306151,0.191500844005,138.092372237,-215.502306151,191.500844005,-108.010900193,108.010900193,222.386844027
2477,0,90,negative,0.138092372237,-0.215316998985,0.192089258845,138.092372237,-215.316998985,192.089258845,-107.825593027,107.825593027,222.975258867
2477,1,90,negative,0.138092372237,-0.215267038284,0.192394261379,138.092372237,-215.267038284,192.394261379,-107.775632326,107.775632326,223.280261401
2478,0,90,negative,0.138092372237,-0.215502306151,0.191500844005,138.092372237,-215.502306151,191.500844005,-108.010900193,108.010900193,222.386844027
2478,1,90,negative,0.138092372237,-0.215366596291,0.191825549418,138.092372237,-215.366596291,191.825549418,-107.875190333,107.875190333,222.71154944
2479,0,90,negative,0.138092372237,-0.215267038284,0.192394261379,138.092372237,-215.267038284,192.394261379,-107.775632326,107.775632326,223.280261401
2479,1,90,negative,0.138092372237,-0.215248903657,0.192711244272,138.092372237,-215.248903657,192.711244272,-107.757497699,107.757497699,223.597244294
2480,0,90,negative,0.138092372237,-0.215248903657,0.192711244272,138.092372237,-215.248903657,192.711244272,-107.757497699,107.757497699,223.597244294
2480,1,90,negative,0.138092372237,-0.215026167317,0.193555576608,138.092372237,-215.026167317,193.555576608,-107.534761359,107.534761359,224.44157663
2481,0,90,negative,0.138092372237,-0.215316998985,0.192089258845,138.092372237,-215.316998985,192.089258845,-107.825593027,107.825593027,222.975258867
2481,1,90,negative,0.138092372237,-0.215366596291,0.191825549418,138.092372237,-215.366596291,191.825549418,-107.875190333,107.875190333,222.71154944
2482,0,90,negative,0.138092372237,-0.214976277687,0.193760400206,138.092372237,-214.976277687,193.760400206,-107.484871729,107.484871729,224.646400228
2482,1,90,negative,0.138092372237,-0.215026167317,0.193555576608,138.092372237,-215.026167317,193.555576608,-107.534761359,107.534761359,224.44157663
2483,0,90,negative,0.138092372237,-0.214966596066,0.193827290226,138.092372237,-214.966596066,193.827290226,-107.475190108,107.475190108,224.713290248
2483,1,90,negative,0.138092372237,-0.214976277687,0.193760400206,138.092372237,-214.976277687,193.760400206,-107.484871729,107.484871729,224.646400228
2484,0,90,negative,0.138092372237,-0.214589492963,0.194900631132,138.092372237,-214.589492963,194.900631132,-107.098087005,107.098087005,225.786631154
2484,1,90,negative,0.138092372237,-0.214328304019,0.195570464963,138.092372237,-214.328304019,195.570464963,-106.836898061,106.836898061,226.456464986
2485,0,90,negative,0.138092372237,-0.214966596066,0.193827290226,138.092372237,-214.966596066,193.827290226,-107.475190108,107.475190108,224.713290248
2485,1,90,negative,0.138092372237,-0.214802615182,0.194401622213,138.092372237,-214.802615182,194.401622213,-107.311209224,107.311209224,225.287622236
2486,0,90,negative,0.138092372237,-0.214328304019,0.195570464963,138.092372237,-214.328304019,195.570464963,-106.836898061,106.836898061,226.456464986
2486,1,90,negative,0.138092372237,-0.214219127331,0.195933840867,138.092372237,-214.219127331,195.933840867,-106.727721373,106.727721373,226.81984089
2487,0,90,negative,0.138092372237,-0.214097855172,0.196393750755,138.092372237,-214.097855172,196.393750755,-106.606449214,106.606449214,227.279750777
2487,1,90,negative,0.138092372237,-0.214219127331,0.195933840867,138.092372237,-214.219127331,195.933840867,-106.727721373,106.727721373,226.81984089
2488,0,90,negative,0.138092372237,-0.214589492963,0.194900631132,138.092372237,-214.589492963,194.900631132,-107.098087005,107.098087005,225.786631154
2488,1,90,negative,0.138092372237,-0.214781792707,0.194477566639,138.092372237,-214.781792707,194.477566639,-107.290386749,107.290386749,225.363566661
2489,0,90,negative,0.138092372237,-0.213863670676,0.196935443863,138.092372237,-213.863670676,196.935443863,-106.372264718,106.372264718,227.821443885
2489,1,90,negative,0.138092372237,-0.213778189181,0.197151999031,138.092372237,-213.778189181,197.151999031,-106.286783223,106.286783223,228.037999053
2490,0,90,negative,0.138092372237,-0.213863670676,0.196935443863,138.092372237,-213.863670676,196.935443863,-106.372264718,106.372264718,227.821443885
2490,1,90,negative,0.138092372237,-0.214097855172,0.196393750755,138.092372237,-214.097855172,196.393750755,-106.606449214,106.606449214,227.279750777
2491,0,90,negative,0.138092372237,-0.213753011019,0.197312858631,138.092372237,-213.753011019,197.312858631,-106.261605061,106.261605061,228.198858653
2491,1,90,negative,0.138092372237,-0.213778189181,0.197151999031,138.092372237,-213.778189181,197.151999031,-106.286783223,106.286783223,228.037999053
2492,0,90,negative,0.138092372237,-0.213753011019,0.197312858631,138.092372237,-213.753011019,197.312858631,-106.261605061,106.261605061,228.198858653
2492,1,90,negative,0.138092372237,-0.213525143051,0.198424092937,138.092372237,-213.525143051,198.424092937,-106.033737093,106.033737093,229.310092959
2493,0,90,negative,0.138092372237,-0.213500743264,0.198590715789,138.092372237,-213.500743264,198.590715789,-106.009337306,106.009337306,229.476715811
2493,1,90,negative,0.138092372237,-0.213525143051,0.198424092937,138.092372237,-213.525143051,198.424092937,-106.033737093,106.033737093,229.310092959
2494,0,90,negative,0.138092372237,-0.214801827695,0.194425255512,138.092372237,-214.801827695,194.425255512,-107.310421737,107.310421737,225.311255535
2494,1,90,negative,0.138092372237,-0.214802615182,0.194401622213,138.092372237,-214.802615182,194.401622213,-107.311209224,107.311209224,225.287622236
2495,0,90,negative,0.138092372237,-0.214781792707,0.194477566639,138.092372237,-214.781792707,194.477566639,-107.290386749,107.290386749,225.363566661
2495,1,90,negative,0.138092372237,-0.214801827695,0.194425255512,138.092372237,-214.801827695,194.425255512,-107.310421737,107.310421737,225.311255535
2496,0,90,negative,0.138092372237,-0.21083879856,0.183532016451,138.092372237,-210.83879856,183.532016451,-103.347392602,103.347392602,214.418016474
2496,1,90,negative,0.138092372237,-0.210828067753,0.183599609693,138.092372237,-210.828067753,183.599609693,-103.336661795,103.336661795,214.485609715
2497,0,90,negative,0.138092372237,-0.210828067753,0.183599609693,138.092372237,-210.828067753,183.599609693,-103.336661795,103.336661795,214.485609715
2497,1,90,negative,0.138092372237,-0.210824625117,0.183626506954,138.092372237,-210.824625117,183.626506954,-103.333219159,103.333219159,214.512506976
2498,0,90,negative,0.138092372237,-0.21075273004,0.184938395822,138.092372237,-210.75273004,184.938395822,-103.261324082,103.261324082,215.824395844
2498,1,90,negative,0.138092372237,-0.210816416537,0.183707317024,138.092372237,-210.816416537,183.707317024,-103.325010579,103.325010579,214.593317047
2499,0,90,negative,0.138092372237,-0.210721789182,0.185291023097,138.092372237,-210.721789182,185.291023097,-103.230383224,103.230383224,216.177023119
2499,1,90,negative,0.138092372237,-0.21075273004,0.184938395822,138.092372237,-210.75273004,184.938395822,-103.261324082,103.261324082,215.824395844
2500,0,90,negative,0.138092372237,-0.210824625117,0.183626506954,138.092372237,-210.824625117,183.626506954,-103.333219159,103.333219159,214.512506976
2500,1,90,negative,0.138092372237,-0.21082431713,0.183647290472,138.092372237,-210.82431713,183.647290472,-103.332911172,103.332911172,214.533290494
2501,0,90,negative,0.138092372237,-0.21082431713,0.183647290472,138.092372237,-210.82431713,183.647290472,-103.332911172,103.332911172,214.533290494
2501,1,90,negative,0.138092372237,-0.210816416537,0.183707317024,138.092372237,-210.816416537,183.707317024,-103.325010579,103.325010579,214.593317047
2502,0,90,negative,0.138092372237,-0.210721789182,0.185291023097,138.092372237,-210.721789182,185.291023097,-103.230383224,103.230383224,216.177023119
2502,1,90,negative,0.138092372237,-0.210723349621,0.185301606724,138.092372237,-210.723349621,185.301606724,-103.231943663,103.231943663,216.187606746
2503,0,90,negative,0.138092372237,-0.210768695199,0.18573607566,138.092372237,-210.768695199,185.73607566,-103.277289241,103.277289241,216.622075682
2503,1,90,negative,0.138092372237,-0.210724750387,0.185308806897,138.092372237,-210.724750387,185.308806897,-103.233344429,103.233344429,216.194806919
2504,0,90,negative,0.138092372237,-0.210723349621,0.185301606724,138.092372237,-210.723349621,185.301606724,-103.231943663,103.231943663,216.187606746
2504,1,90,negative,0.138092372237,-0.210724750387,0.185308806897,138.092372237,-210.724750387,185.308806897,-103.233344429,103.233344429,216.194806919
2505,0,90,negative,0.138092372237,-0.210768695199,0.18573607566,138.092372237,-210.768695199,185.73607566,-103.277289241,103.277289241,216.622075682
2505,1,90,negative,0.138092372237,-0.210735820575,0.186248834943,138.092372237,-210.735820575,186.248834943,-103.244414617,103.244414617,217.134834965
2506,0,90,negative,0.138092372237,-0.210733697939,0.186601666594,138.092372237,-210.733697939,186.601666594,-103.242291981,103.242291981,217.487666616
2506,1,90,negative,0.138092372237,-0.210745297332,0.186814363099,138.092372237,-210.745297332,186.814363099,-103.253891374,103.253891374,217.700363121
2507,0,90,negative,0.138092372237,-0.210745297332,0.186814363099,138.092372237,-210.745297332,186.814363099,-103.253891374,103.253891374,217.700363121
2507,1,90,negative,0.138092372237,-0.210819459359,0.186976210824,138.092372237,-210.819459359,186.976210824,-103.328053401,103.328053401,217.862210847
2508,0,90,negative,0.138092372237,-0.210416703008,0.195120744207,138.092372237,-210.416703008,195.120744207,-102.92529705,102.92529705,226.00674423
2508,1,90,negative,0.138092372237,-0.21064791358,0.194249827056,138.092372237,-210.64791358,194.249827056,-103.156507622,103.156507622,225.135827078
2509,0,90,negative,0.138092372237,-0.210370510235,0.195623001547,138.092372237,-210.370510235,195.623001547,-102.879104277,102.879104277,226.509001569
2509,1,90,negative,0.138092372237,-0.210416703008,0.195120744207,138.092372237,-210.416703008,195.120744207,-102.92529705,102.92529705,226.00674423
2510,0,90,negative,0.138092372237,-0.210370510235,0.195623001547,138.092372237,-210.370510235,195.623001547,-102.879104277,102.879104277,226.509001569
2510,1,90,negative,0.138092372237,-0.210325984206,0.195835950453,138.092372237,-210.325984206,195.835950453,-102.834578248,102.834578248,226.721950476
2511,0,90,negative,0.138092372237,-0.21068607942,0.194125373756,138.092372237,-210.68607942,194.125373756,-103.194673462,103.194673462,225.011373778
2511,1,90,negative,0.138092372237,-0.21064791358,0.194249827056,138.092372237,-210.64791358,194.249827056,-103.156507622,103.156507622,225.135827078
2512,0,90,negative,0.138092372237,-0.210356725208,0.19603545755,138.092372237,-210.356725208,196.03545755,-102.86531925,102.86531925,226.921457573
2512,1,90,negative,0.138092372237,-0.210325984206,0.195835950453,138.092372237,-210.325984206,195.835950453,-102.834578248,102.834578248,226.721950476
2513,0,90,negative,0.138092372237,-0.210356725208,0.19603545755,138.092372237,-210.356725208,196.03545755,-102.86531925,102.86531925,226.921457573
2513,1,90,negative,0.138092372237,-0.210351688951,0.196424158048,138.092372237,-210.351688951,196.424158048,-102.860282993,102.860282993,227.31015807
2514,0,90,negative,0.138092372237,-0.2104798061,0.196940409593,138.092372237,-210.4798061,196.940409593,-102.988400142,102.988400142,227.826409615
2514,1,90,negative,0.138092372237,-0.210351688951,0.196424158048,138.092372237,-210.351688951,196.424158048,-102.860282993,102.860282993,227.31015807
2515,0,90,negative,0.138092372237,-0.2104798061,0.196940409593,138.092372237,-210.4798061,196.940409593,-102.988400142,102.988400142,227.826409615
2515,1,90,negative,0.138092372237,-0.210488429922,0.197011733996,138.092372237,-210.488429922,197.011733996,-102.997023964,102.997023964,227.897734018
2516,0,90,negative,0.138092372237,-0.210514975224,0.197549799689,138.092372237,-210.514975224,197.549799689,-103.023569266,103.023569266,228.435799711
2516,1,90,negative,0.138092372237,-0.210502940904,0.197695393029,138.092372237,-210.502940904,197.695393029,-103.011534946,103.011534946,228.581393051
2517,0,90,negative,0.138092372237,-0.210514975224,0.197549799689,138.092372237,-210.514975224,197.549799689,-103.023569266,103.023569266,228.435799711
2517,1,90,negative,0.138092372237,-0.210488429922,0.197011733996,138.092372237,-210.488429922,197.011733996,-102.997023964,102.997023964,227.897734018
2518,0,90,negative,0.138092372237,-0.210302000234,0.19806948131,138.092372237,-210.302000234,198.06948131,-102.810594276,102.810594276,228.955481332
2518,1,90,negative,0.138092372237,-0.210502940904,0.197695393029,138.092372237,-210.502940904,197.695393029,-103.011534946,103.011534946,228.581393051
2519,0,90,negative,0.138092372237,-0.210302000234,0.19806948131,138.092372237,-210.302000234,198.06948131,-102.810594276,102.810594276,228.955481332
2519,1,90,negative,0.138092372237,-0.21013475549,0.198426694657,138.092372237,-210.13475549,198.426694657,-102.643349532,102.643349532,229.312694679
2520,0,90,negative,0.138092372237,-0.200770766257,0.213325967501,138.092372237,-200.770766257,213.325967501,-93.2793602988,93.2793602988,244.211967524
2520,1,90,negative,0.138092372237,-0.19931861033,0.214612677147,138.092372237,-199.31861033,214.612677147,-91.8272043716,91.8272043716,245.498677169
2521,0,90,negative,0.138092372237,-0.198727928295,0.215263147436,138.092372237,-198.727928295,215.263147436,-91.2365223374,91.2365223374,246.149147458
2521,1,90,negative,0.138092372237,-0.19931861033,0.214612677147,138.092372237,-199.31861033,214.612677147,-91.8272043716,91.8272043716,245.498677169
2522,0,90,negative,0.138092372237,-0.213479945482,0.19902573538,138.092372237,-213.479945482,199.02573538,-105.988539524,105.988539524,229.911735403
2522,1,90,negative,0.138092372237,-0.213454189547,0.199462006527,138.092372237,-213.454189547,199.462006527,-105.962783589,105.962783589,230.348006549
2523,0,90,negative,0.138092372237,-0.213479945482,0.19902573538,138.092372237,-213.479945482,199.02573538,-105.988539524,105.988539524,229.911735403
2523,1,90,negative,0.138092372237,-0.213500743264,0.198590715789,138.092372237,-213.500743264,198.590715789,-106.009337306,106.009337306,229.476715811
2524,0,90,negative,0.138092372237,-0.213402009062,0.199850819337,138.092372237,-213.402009062,199.850819337,-105.910603104,105.910603104,230.736819359
2524,1,90,negative,0.138092372237,-0.213454189547,0.199462006527,138.092372237,-213.454189547,199.462006527,-105.962783589,105.962783589,230.348006549
2525,0,90,negative,0.138092372237,-0.213322987624,0.200161187795,138.092372237,-213.322987624,200.161187795,-105.831581666,105.831581666,231.047187817
2525,1,90,negative,0.138092372237,-0.213402009062,0.199850819337,138.092372237,-213.402009062,199.850819337,-105.910603104,105.910603104,230.736819359
2526,0,90,negative,0.138092372237,-0.21313120748,0.200980527315,138.092372237,-213.13120748,200.980527315,-105.639801522,105.639801522,231.866527337
2526,1,90,negative,0.138092372237,-0.212988555934,0.201748441842,138.092372237,-212.988555934,201.748441842,-105.497149977,105.497149977,232.634441864
2527,0,90,negative,0.138092372237,-0.212988555934,0.201748441842,138.092372237,-212.988555934,201.748441842,-105.497149977,105.497149977,232.634441864
2527,1,90,negative,0.138092372237,-0.212850934372,0.202960799215,138.092372237,-212.850934372,202.960799215,-105.359528414,105.359528414,233.846799238
2528,0,90,negative,0.138092372237,-0.2128427234,0.203073412436,138.092372237,-212.8427234,203.073412436,-105.351317442,105.351317442,233.959412458
2528,1,90,negative,0.138092372237,-0.212850934372,0.202960799215,138.092372237,-212.850934372,202.960799215,-105.359528414,105.359528414,233.846799238
2529,0,90,negative,0.138092372237,-0.212837630476,0.203159597737,138.092372237,-212.837630476,203.159597737,-105.346224518,105.346224518,234.045597759
2529,1,90,negative,0.138092372237,-0.2128427234,0.203073412436,138.092372237,-212.8427234,203.073412436,-105.351317442,105.351317442,233.959412458
2530,0,90,negative,0.138092372237,-0.21313120748,0.200980527315,138.092372237,-213.13120748,200.980527315,-105.639801522,105.639801522,231.866527337
2530,1,90,negative,0.138092372237,-0.213322987624,0.200161187795,138.092372237,-213.322987624,200.161187795,-105.831581666,105.831581666,231.047187817
2531,0,90,negative,0.138092372237,-0.212688181834,0.203897431279,138.092372237,-212.688181834,203.897431279,-105.196775876,105.196775876,234.783431301
2531,1,90,negative,0.138092372237,-0.21268234442,0.203923625119,138.092372237,-212.68234442,203.923625119,-105.190938462,105.190938462,234.809625142
2532,0,90,negative,0.138092372237,-0.212726516605,0.203690926977,138.092372237,-212.726516605,203.690926977,-105.235110647,105.235110647,234.576927
2532,1,90,negative,0.138092372237,-0.212688181834,0.203897431279,138.092372237,-212.688181834,203.897431279,-105.196775876,105.196775876,234.783431301
2533,0,90,negative,0.138092372237,-0.212726516605,0.203690926977,138.092372237,-212.726516605,203.690926977,-105.235110647,105.235110647,234.576927
2533,1,90,negative,0.138092372237,-0.212837630476,0.203159597737,138.092372237,-212.837630476,203.159597737,-105.346224518,105.346224518,234.045597759
2534,0,90,negative,0.138092372237,-0.212325523382,0.205181377443,138.092372237,-212.325523382,205.181377443,-104.834117424,104.834117424,236.067377465
2534,1,90,negative,0.138092372237,-0.212166431278,0.205624697349,138.092372237,-212.166431278,205.624697349,-104.67502532,104.67502532,236.510697372
2535,0,90,negative,0.138092372237,-0.212581497665,0.204357514628,138.092372237,-212.581497665,204.357514628,-105.090091707,105.090091707,235.24351465
2535,1,90,negative,0.138092372237,-0.21268234442,0.203923625119,138.092372237,-212.68234442,203.923625119,-105.190938462,105.190938462,234.809625142
2536,0,90,negative,0.138092372237,-0.212325523382,0.205181377443,138.092372237,-212.325523382,205.181377443,-104.834117424,104.834117424,236.067377465
2536,1,90,negative,0.138092372237,-0.212581497665,0.204357514628,138.092372237,-212.581497665,204.357514628,-105.090091707,105.090091707,235.24351465
2537,0,90,negative,0.138092372237,-0.212166431278,0.205624697349,138.092372237,-212.166431278,205.624697349,-104.67502532,104.67502532,236.510697372
2537,1,90,negative,0.138092372237,-0.212108796025,0.205835742292,138.092372237,-212.108796025,205.835742292,-104.617390067,104.617390067,236.721742315
2538,0,90,negative,0.138092372237,-0.212108796025,0.205835742292,138.092372237,-212.108796025,205.835742292,-104.617390067,104.617390067,236.721742315
2538,1,90,negative,0.138092372237,-0.21170465245,0.207270102802,138.092372237,-211.70465245,207.270102802,-104.213246492,104.213246492,238.156102824
2539,0,90,negative,0.138092372237,-0.211639776321,0.207484072142,138.092372237,-211.639776321,207.484072142,-104.148370363,104.148370363,238.370072164
2539,1,90,negative,0.138092372237,-0.21170465245,0.207270102802,138.092372237,-211.70465245,207.270102802,-104.213246492,104.213246492,238.156102824
2540,0,90,negative,0.138092372237,-0.211583086532,0.207645756114,138.092372237,-211.583086532,207.645756114,-104.091680574,104.091680574,238.531756137
2540,1,90,negative,0.138092372237,-0.211639776321,0.207484072142,138.092372237,-211.639776321,207.484072142,-104.148370363,104.148370363,238.370072164
2541,0,90,negative,0.138092372237,-0.211583086532,0.207645756114,138.092372237,-211.583086532,207.645756114,-104.091680574,104.091680574,238.531756137
2541,1,90,negative,0.138092372237,-0.211312211035,0.208467110254,138.092372237,-211.312211035,208.467110254,-103.820805077,103.820805077,239.353110276
2542,0,90,negative,0.138092372237,-0.211312211035,0.208467110254,138.092372237,-211.312211035,208.467110254,-103.820805077,103.820805077,239.353110276
2542,1,90,negative,0.138092372237,-0.211120427059,0.209202342902,138.092372237,-211.120427059,209.202342902,-103.629021101,103.629021101,240.088342924
2543,0,90,negative,0.138092372237,-0.209340194479,0.200115876105,138.092372237,-209.340194479,200.115876105,-101.848788521,101.848788521,231.001876128
2543,1,90,negative,0.138092372237,-0.209508105256,0.199598235301,138.092372237,-209.508105256,199.598235301,-102.016699298,102.016699298,230.484235324
2544,0,90,negative,0.138092372237,-0.209309694165,0.200327040224,138.092372237,-209.309694165,200.327040224,-101.818288207,101.818288207,231.213040246
2544,1,90,negative,0.138092372237,-0.209340194479,0.200115876105,138.092372237,-209.340194479,200.115876105,-101.848788521,101.848788521,231.001876128
2545,0,90,negative,0.138092372237,-0.209309694165,0.200327040224,138.092372237,-209.309694165,200.327040224,-101.818288207,101.818288207,231.213040246
2545,1,90,negative,0.138092372237,-0.209166895714,0.200657558449,138.092372237,-209.166895714,200.657558449,-101.675489756,101.675489756,231.543558471
2546,0,90,negative,0.138092372237,-0.209846256887,0.198908419076,138.092372237,-209.846256887,198.908419076,-102.354850929,102.354850929,229.794419098
2546,1,90,negative,0.138092372237,-0.21013475549,0.198426694657,138.092372237,-210.13475549,198.426694657,-102.643349532,102.643349532,229.312694679
2547,0,90,negative,0.138092372237,-0.209846256887,0.198908419076,138.092372237,-209.846256887,198.908419076,-102.354850929,102.354850929,229.794419098
2547,1,90,negative,0.138092372237,-0.209830661006,0.198957747669,138.092372237,-209.830661006,198.957747669,-102.339255048,102.339255048,229.843747691
2548,0,90,negative,0.138092372237,-0.209678568501,0.199203804718,138.092372237,-209.678568501,199.203804718,-102.187162543,102.187162543,230.08980474
2548,1,90,negative,0.138092372237,-0.209508105256,0.199598235301,138.092372237,-209.508105256,199.598235301,-102.016699298,102.016699298,230.484235324
2549,0,90,negative,0.138092372237,-0.209678568501,0.199203804718,138.092372237,-209.678568501,199.203804718,-102.187162543,102.187162543,230.08980474
2549,1,90,negative,0.138092372237,-0.209830661006,0.198957747669,138.092372237,-209.830661006,198.957747669,-102.339255048,102.339255048,229.843747691
2550,0,90,negative,0.138092372237,-0.208883326842,0.201322323974,138.092372237,-208.883326842,201.322323974,-101.391920884,101.391920884,232.208323997
2550,1,90,negative,0.138092372237,-0.209166895714,0.200657558449,138.092372237,-209.166895714,200.657558449,-101.675489756,101.675489756,231.543558471
2551,0,90,negative,0.138092372237,-0.208883326842,0.201322323974,138.092372237,-208.883326842,201.322323974,-101.391920884,101.391920884,232.208323997
2551,1,90,negative,0.138092372237,-0.20870003363,0.201666023911,138.092372237,-208.70003363,201.666023911,-101.208627672,101.208627672,232.552023934
2552,0,90,negative,0.138092372237,-0.208422720958,0.202531483072,138.092372237,-208.422720958,202.531483072,-100.931315,100.931315,233.417483095
2552,1,90,negative,0.138092372237,-0.20870003363,0.201666023911,138.092372237,-208.70003363,201.666023911,-101.208627672,101.208627672,232.552023934
2553,0,90,negative,0.138092372237,-0.208422720958,0.202531483072,138.092372237,-208.422720958,202.531483072,-100.931315,100.931315,233.417483095
2553,1,90,negative,0.138092372237,-0.208351932012,0.202827703899,138.092372237,-208.351932012,202.827703899,-100.860526054,100.860526054,233.713703921
2554,0,90,negative,0.138092372237,-0.208267887544,0.203263303728,138.092372237,-208.267887544,203.263303728,-100.776481586,100.776481586,234.14930375
2554,1,90,negative,0.138092372237,-0.208351932012,0.202827703899,138.092372237,-208.351932012,202.827703899,-100.860526054,100.860526054,233.713703921
2555,0,90,negative,0.138092372237,-0.208267887544,0.203263303728,138.092372237,-208.267887544,203.263303728,-100.776481586,100.776481586,234.14930375
2555,1,90,negative,0.138092372237,-0.208255592542,0.2033913584,138.092372237,-208.255592542,203.3913584,-100.764186584,100.764186584,234.277358423
2556,0,90,negative,0.138092372237,-0.207946293268,0.204935879342,138.092372237,-207.946293268,204.935879342,-100.45488731,100.45488731,235.821879364
2556,1,90,negative,0.138092372237,-0.207997301446,0.20470092499,138.092372237,-207.997301446,204.70092499,-100.505895488,100.505895488,235.586925012
2557,0,90,negative,0.138092372237,-0.206938488688,0.207830841806,138.092372237,-206.938488688,207.830841806,-99.4470827298,99.4470827298,238.716841828
2557,1,90,negative,0.138092372237,-0.20698819824,0.207725851389,138.092372237,-206.98819824,207.725851389,-99.496792282,99.496792282,238.611851412
2558,0,90,negative,0.138092372237,-0.207997301446,0.20470092499,138.092372237,-207.997301446,204.70092499,-100.505895488,100.505895488,235.586925012
2558,1,90,negative,0.138092372237,-0.208175979403,0.203840348555,138.092372237,-208.175979403,203.840348555,-100.684573445,100.684573445,234.726348577
2559,0,90,negative,0.138092372237,-0.208255592542,0.2033913584,138.092372237,-208.255592542,203.3913584,-100.764186584,100.764186584,234.277358423
2559,1,90,negative,0.138092372237,-0.208234803852,0.203500263867,138.092372237,-208.234803852,203.500263867,-100.743397894,100.743397894,234.386263889
2560,0,90,negative,0.138092372237,-0.208234803852,0.203500263867,138.092372237,-208.234803852,203.500263867,-100.743397894,100.743397894,234.386263889
2560,1,90,negative,0.138092372237,-0.208175979403,0.203840348555,138.092372237,-208.175979403,203.840348555,-100.684573445,100.684573445,234.726348577
2561,0,90,negative,0.138092372237,-0.207820965795,0.205382576863,138.092372237,-207.820965795,205.382576863,-100.329559837,100.329559837,236.268576885
2561,1,90,negative,0.138092372237,-0.207946293268,0.204935879342,138.092372237,-207.946293268,204.935879342,-100.45488731,100.45488731,235.821879364
2562,0,90,negative,0.138092372237,-0.207820965795,0.205382576863,138.092372237,-207.820965795,205.382576863,-100.329559837,100.329559837,236.268576885
2562,1,90,negative,0.138092372237,-0.207377844887,0.206645543429,138.092372237,-207.377844887,206.645543429,-99.8864389293,99.8864389293,237.531543452
2563,0,90,negative,0.138092372237,-0.207377844887,0.206645543429,138.092372237,-207.377844887,206.645543429,-99.8864389293,99.8864389293,237.531543452
2563,1,90,negative,0.138092372237,-0.20698819824,0.207725851389,138.092372237,-206.98819824,207.725851389,-99.496792282,99.496792282,238.611851412
2564,0,90,negative,0.138092372237,-0.206863853481,0.207930176475,138.092372237,-206.863853481,207.930176475,-99.3724475226,99.3724475226,238.816176497
2564,1,90,negative,0.138092372237,-0.206938488688,0.207830841806,138.092372237,-206.938488688,207.830841806,-99.4470827298,99.4470827298,238.716841828
2565,0,90,negative,0.138092372237,-0.206863853481,0.207930176475,138.092372237,-206.863853481,207.930176475,-99.3724475226,99.3724475226,238.816176497
2565,1,90,negative,0.138092372237,-0.206309268309,0.208717683336,138.092372237,-206.309268309,208.717683336,-98.8178623507,98.8178623507,239.603683359
2566,0,90,negative,0.138092372237,-0.206309268309,0.208717683336,138.092372237,-206.309268309,208.717683336,-98.8178623507,98.8178623507,239.603683359
2566,1,90,negative,0.138092372237,-0.205858348849,0.209149343883,138.092372237,-205.858348849,209.149343883,-98.3669428906,98.3669428906,240.035343906
2567,0,90,negative,0.138092372237,-0.204824773408,0.210194232129,138.092372237,-204.824773408,210.194232129,-97.33336745,97.33336745,241.080232151
2567,1,90,negative,0.138092372237,-0.205858348849,0.209149343883,138.092372237,-205.858348849,209.149343883,-98.3669428906,98.3669428906,240.035343906
2568,0,90,negative,0.138092372237,-0.210545137948,0.21058239436,138.092372237,-210.545137948,210.58239436,-103.05373199,103.05373199,241.468394382
2568,1,90,negative,0.138092372237,-0.210260843348,0.211153440296,138.092372237,-210.260843348,211.153440296,-102.769437391,102.769437391,242.039440319
2569,0,90,negative,0.138092372237,-0.210062866038,0.211471498994,138.092372237,-210.062866038,211.471498994,-102.57146008,102.57146008,242.357499016
2569,1,90,negative,0.138092372237,-0.210260843348,0.211153440296,138.092372237,-210.260843348,211.153440296,-102.769437391,102.769437391,242.039440319
2570,0,90,negative,0.138092372237,-0.210062866038,0.211471498994,138.092372237,-210.062866038,211.471498994,-102.57146008,102.57146008,242.357499016
2570,1,90,negative,0.138092372237,-0.209550047237,0.212411783726,138.092372237,-209.550047237,212.411783726,-102.05864128,102.05864128,243.297783748
2571,0,90,negative,0.138092372237,-0.206821144139,0.216685726692,138.092372237,-206.821144139,216.685726692,-99.3297381807,99.3297381807,247.571726714
2571,1,90,negative,0.138092372237,-0.206733123303,0.216799596889,138.092372237,-206.733123303,216.799596889,-99.2417173454,99.2417173454,247.685596911
2572,0,90,negative,0.138092372237,-0.206733123303,0.216799596889,138.092372237,-206.733123303,216.799596889,-99.2417173454,99.2417173454,247.685596911
2572,1,90,negative,0.138092372237,-0.206638264109,0.216933541831,138.092372237,-206.638264109,216.933541831,-99.1468581514,99.1468581514,247.819541853
2573,0,90,negative,0.138092372237,-0.208090500998,0.214908714508,138.092372237,-208.090500998,214.908714508,-100.59909504,100.59909504,245.794714531
2573,1,90,negative,0.138092372237,-0.207999213576,0.215032706147,138.092372237,-207.999213576,215.032706147,-100.507807618,100.507807618,245.918706169
2574,0,90,negative,0.138092372237,-0.209267045895,0.21299484307,138.092372237,-209.267045895,212.99484307,-101.775639937,101.775639937,243.880843093
2574,1,90,negative,0.138092372237,-0.208920072993,0.213598160223,138.092372237,-208.920072993,213.598160223,-101.428667035,101.428667035,244.484160246
2575,0,90,negative,0.138092372237,-0.209267045895,0.21299484307,138.092372237,-209.267045895,212.99484307,-101.775639937,101.775639937,243.880843093
2575,1,90,negative,0.138092372237,-0.209550047237,0.212411783726,138.092372237,-209.550047237,212.411783726,-102.05864128,102.05864128,243.297783748
2576,0,90,negative,0.138092372237,-0.208090500998,0.214908714508,138.092372237,-208.090500998,214.908714508,-100.59909504,100.59909504,245.794714531
2576,1,90,negative,0.138092372237,-0.208920072993,0.213598160223,138.092372237,-208.920072993,213.598160223,-101.428667035,101.428667035,244.484160246
2577,0,90,negative,0.138092372237,-0.207759925624,0.215427281026,138.092372237,-207.759925624,215.427281026,-100.268519666,100.268519666,246.313281048
2577,1,90,negative,0.138092372237,-0.207999213576,0.215032706147,138.092372237,-207.999213576,215.032706147,-100.507807618,100.507807618,245.918706169
2578,0,90,negative,0.138092372237,-0.207759925624,0.215427281026,138.092372237,-207.759925624,215.427281026,-100.268519666,100.268519666,246.313281048
2578,1,90,negative,0.138092372237,-0.20762149301,0.215698717211,138.092372237,-207.62149301,215.698717211,-100.130087052,100.130087052,246.584717234
2579,0,90,negative,0.138092372237,-0.207434516075,0.215951223877,138.092372237,-207.434516075,215.951223877,-99.9431101168,99.9431101168,246.837223899
2579,1,90,negative,0.138092372237,-0.20762149301,0.215698717211,138.092372237,-207.62149301,215.698717211,-100.130087052,100.130087052,246.584717234
2580,0,90,negative,0.138092372237,-0.207017517981,0.216461505107,138.092372237,-207.017517981,216.461505107,-99.5261120229,99.5261120229,247.347505129
2580,1,90,negative,0.138092372237,-0.207434516075,0.215951223877,138.092372237,-207.434516075,215.951223877,-99.9431101168,99.9431101168,246.837223899
2581,0,90,negative,0.138092372237,-0.207017517981,0.216461505107,138.092372237,-207.017517981,216.461505107,-99.5261120229,99.5261120229,247.347505129
2581,1,90,negative,0.138092372237,-0.206821144139,0.216685726692,138.092372237,-206.821144139,216.685726692,-99.3297381807,99.3297381807,247.571726714
2582,0,90,negative,0.138092372237,-0.206308437742,0.217410925287,138.092372237,-206.308437742,217.410925287,-98.8170317844,98.8170317844,248.296925309
2582,1,90,negative,0.138092372237,-0.206638264109,0.216933541831,138.092372237,-206.638264109,216.933541831,-99.1468581514,99.1468581514,247.819541853
2583,0,90,negative,0.138092372237,-0.204824773408,0.210194232129,138.092372237,-204.824773408,210.194232129,-97.33336745,97.33336745,241.080232151
2583,1,90,negative,0.138092372237,-0.204769731751,0.210246845306,138.092372237,-204.769731751,210.246845306,-97.2783257926,97.2783257926,241.132845328
2584,0,90,negative,0.138092372237,-0.202754282466,0.211586951403,138.092372237,-202.754282466,211.586951403,-95.2628765079,95.2628765079,242.472951426
2584,1,90,negative,0.138092372237,-0.204597312455,0.210367392623,138.092372237,-204.597312455,210.367392623,-97.105906497,97.105906497,241.253392646
2585,0,90,negative,0.138092372237,-0.204769731751,0.210246845306,138.092372237,-204.769731751,210.246845306,-97.2783257926,97.2783257926,241.132845328
2585,1,90,negative,0.138092372237,-0.204597312455,0.210367392623,138.092372237,-204.597312455,210.367392623,-97.105906497,97.105906497,241.253392646
2586,0,90,negative,0.138092372237,-0.211104583833,0.209251128193,138.092372237,-211.104583833,209.251128193,-103.613177875,103.613177875,240.137128215
2586,1,90,negative,0.138092372237,-0.211120427059,0.209202342902,138.092372237,-211.120427059,209.202342902,-103.629021101,103.629021101,240.088342924
2587,0,90,negative,0.138092372237,-0.211069318018,0.209342996884,138.092372237,-211.069318018,209.342996884,-103.57791206,103.57791206,240.228996906
2587,1,90,negative,0.138092372237,-0.210545137948,0.21058239436,138.092372237,-210.545137948,210.58239436,-103.05373199,103.05373199,241.468394382
2588,0,90,negative,0.138092372237,-0.211069318018,0.209342996884,138.092372237,-211.069318018,209.342996884,-103.57791206,103.57791206,240.228996906
2588,1,90,negative,0.138092372237,-0.211104583833,0.209251128193,138.092372237,-211.104583833,209.251128193,-103.613177875,103.613177875,240.137128215
2589,0,90,negative,0.138092372237,-0.201905678983,0.223844000926,138.092372237,-201.905678983,223.844000926,-94.4142730249,94.4142730249,254.730000948
2589,1,90,negative,0.138092372237,-0.201901815954,0.223852678796,138.092372237,-201.901815954,223.852678796,-94.4104099963,94.4104099963,254.738678818
2590,0,90,negative,0.138092372237,-0.201643638931,0.224594134986,138.092372237,-201.643638931,224.594134986,-94.1522329728,94.1522329728,255.480135009
2590,1,90,negative,0.138092372237,-0.201901815954,0.223852678796,138.092372237,-201.901815954,223.852678796,-94.4104099963,94.4104099963,254.738678818
2591,0,90,negative,0.138092372237,-0.201643638931,0.224594134986,138.092372237,-201.643638931,224.594134986,-94.1522329728,94.1522329728,255.480135009
2591,1,90,negative,0.138092372237,-0.201522979231,0.22508292997,138.092372237,-201.522979231,225.08292997,-94.0315732726,94.0315732726,255.968929992
2592,0,90,negative,0.138092372237,-0.201297935639,0.225860993626,138.092372237,-201.297935639,225.860993626,-93.806529681,93.806529681,256.746993649
2592,1,90,negative,0.138092372237,-0.201275525793,0.226057267128,138.092372237,-201.275525793,226.057267128,-93.7841198349,93.7841198349,256.943267151
2593,0,90,negative,0.138092372237,-0.201275525793,0.226057267128,138.092372237,-201.275525793,226.057267128,-93.7841198349,93.7841198349,256.943267151
2593,1,90,negative,0.138092372237,-0.201335197185,0.226595653296,138.092372237,-201.335197185,226.595653296,-93.8437912272,93.8437912272,257.481653318
2594,0,90,negative,0.138092372237,-0.201626432247,0.228586135046,138.092372237,-201.626432247,228.586135046,-94.1350262895,94.1350262895,259.472135068
2594,1,90,negative,0.138092372237,-0.201635251899,0.228631023175,138.092372237,-201.635251899,228.631023175,-94.1438459411,94.1438459411,259.517023197
2595,0,90,negative,0.138092372237,-0.201615353826,0.228498423782,138.092372237,-201.615353826,228.498423782,-94.1239478675,94.1239478675,259.384423804
2595,1,90,negative,0.138092372237,-0.201626432247,0.228586135046,138.092372237,-201.626432247,228.586135046,-94.1350262895,94.1350262895,259.472135068
2596,0,90,negative,0.138092372237,-0.201803930323,0.229654565413,138.092372237,-201.803930323,229.654565413,-94.3125243645,94.3125243645,260.540565435
2596,1,90,negative,0.138092372237,-0.201635251899,0.228631023175,138.092372237,-201.635251899,228.631023175,-94.1438459411,94.1438459411,259.517023197
2597,0,90,negative,0.138092372237,-0.201803930323,0.229654565413,138.092372237,-201.803930323,229.654565413,-94.3125243645,94.3125243645,260.540565435
2597,1,90,negative,0.138092372237,-0.201933544397,0.230305724084,138.092372237,-201.933544397,230.305724084,-94.4421384387,94.4421384387,261.191724106
2598,0,90,negative,0.138092372237,-0.209265989827,0.235476222217,138.092372237,-209.265989827,235.476222217,-101.774583869,101.774583869,266.36222224
2598,1,90,negative,0.138092372237,-0.209278498069,0.23547746198,138.092372237,-209.278498069,235.47746198,-101.787092111,101.787092111,266.363462003
2599,0,90,negative,0.138092372237,-0.209259396432,0.235475049924,138.092372237,-209.259396432,235.475049924,-101.767990474,101.767990474,266.361049946
2599,1,90,negative,0.138092372237,-0.209265989827,0.235476222217,138.092372237,-209.265989827,235.476222217,-101.774583869,101.774583869,266.36222224
2600,0,90,negative,0.138092372237,-0.210767552119,0.235630548584,138.092372237,-210.767552119,235.630548584,-103.276146161,103.276146161,266.516548607
2600,1,90,negative,0.138092372237,-0.209278498069,0.23547746198,138.092372237,-209.278498069,235.47746198,-101.787092111,101.787092111,266.363462003
2601,0,90,negative,0.138092372237,-0.212060066998,0.235673147192,138.092372237,-212.060066998,235.673147192,-104.56866104,104.56866104,266.559147214
2601,1,90,negative,0.138092372237,-0.212331435431,0.235719732943,138.092372237,-212.331435431,235.719732943,-104.840029473,104.840029473,266.605732965
2602,0,90,negative,0.138092372237,-0.212060066998,0.235673147192,138.092372237,-212.060066998,235.673147192,-104.56866104,104.56866104,266.559147214
2602,1,90,negative,0.138092372237,-0.210767552119,0.235630548584,138.092372237,-210.767552119,235.630548584,-103.276146161,103.276146161,266.516548607
2603,0,90,negative,0.138092372237,-0.21321786849,0.23591692745,138.092372237,-213.21786849,235.91692745,-105.726462532,105.726462532,266.802927472
2603,1,90,negative,0.138092372237,-0.21458133313,0.236309022112,138.092372237,-214.58133313,236.309022112,-107.089927172,107.089927172,267.195022134
2604,0,90,negative,0.138092372237,-0.215197416524,0.236510382814,138.092372237,-215.197416524,236.510382814,-107.706010566,107.706010566,267.396382836
2604,1,90,negative,0.138092372237,-0.21458133313,0.236309022112,138.092372237,-214.58133313,236.309022112,-107.089927172,107.089927172,267.195022134
2605,0,90,negative,0.138092372237,-0.215853477523,0.236729594939,138.092372237,-215.853477523,236.729594939,-108.362071565,108.362071565,267.615594961
2605,1,90,negative,0.138092372237,-0.216632348692,0.236969205898,138.092372237,-216.632348692,236.969205898,-109.140942734,109.140942734,267.855205921
2606,0,90,negative,0.138092372237,-0.21321786849,0.23591692745,138.092372237,-213.21786849,235.91692745,-105.726462532,105.726462532,266.802927472
2606,1,90,negative,0.138092372237,-0.212331435431,0.235719732943,138.092372237,-212.331435431,235.719732943,-104.840029473,104.840029473,266.605732965
2607,0,90,negative,0.138092372237,-0.205799029175,0.217987631609,138.092372237,-205.799029175,217.987631609,-98.3076232172,98.3076232172,248.873631631
2607,1,90,negative,0.138092372237,-0.205514197074,0.218346395289,138.092372237,-205.514197074,218.346395289,-98.0227911156,98.0227911156,249.232395312
2608,0,90,negative,0.138092372237,-0.205224559952,0.218757889605,138.092372237,-205.224559952,218.757889605,-97.7331539944,97.7331539944,249.643889627
2608,1,90,negative,0.138092372237,-0.205514197074,0.218346395289,138.092372237,-205.514197074,218.346395289,-98.0227911156,98.0227911156,249.232395312
2609,0,90,negative,0.138092372237,-0.205224559952,0.218757889605,138.092372237,-205.224559952,218.757889605,-97.7331539944,97.7331539944,249.643889627
2609,1,90,negative,0.138092372237,-0.204819709621,0.219298803106,138.092372237,-204.819709621,219.298803106,-97.3283036628,97.3283036628,250.184803128
2610,0,90,negative,0.138092372237,-0.204053567745,0.22041710646,138.092372237,-204.053567745,220.41710646,-96.5621617867,96.5621617867,251.303106483
2610,1,90,negative,0.138092372237,-0.203935198384,0.220598925345,138.092372237,-203.935198384,220.598925345,-96.4437924261,96.4437924261,251.484925368
2611,0,90,negative,0.138092372237,-0.203935198384,0.220598925345,138.092372237,-203.935198384,220.598925345,-96.4437924261,96.4437924261,251.484925368
2611,1,90,negative,0.138092372237,-0.203854102275,0.220717261469,138.092372237,-203.854102275,220.717261469,-96.3626963174,96.3626963174,251.603261491
2612,0,90,negative,0.138092372237,-0.205799029175,0.217987631609,138.092372237,-205.799029175,217.987631609,-98.3076232172,98.3076232172,248.873631631
2612,1,90,negative,0.138092372237,-0.206308437742,0.217410925287,138.092372237,-206.308437742,217.410925287,-98.8170317844,98.8170317844,248.296925309
2613,0,90,negative,0.138092372237,-0.204461674454,0.219809481693,138.092372237,-204.461674454,219.809481693,-96.9702684963,96.9702684963,250.695481715
2613,1,90,negative,0.138092372237,-0.204819709621,0.219298803106,138.092372237,-204.819709621,219.298803106,-97.3283036628,97.3283036628,250.184803128
2614,0,90,negative,0.138092372237,-0.203854102275,0.220717261469,138.092372237,-203.854102275,220.717261469,-96.3626963174,96.3626963174,251.603261491
2614,1,90,negative,0.138092372237,-0.203773744757,0.220855793979,138.092372237,-203.773744757,220.855793979,-96.2823387993,96.2823387993,251.741794001
2615,0,90,negative,0.138092372237,-0.202671039722,0.222501137456,138.092372237,-202.671039722,222.501137456,-95.1796337642,95.1796337642,253.387137478
2615,1,90,negative,0.138092372237,-0.203176364868,0.221772610388,138.092372237,-203.176364868,221.772610388,-95.6849589103,95.6849589103,252.65861041
2616,0,90,negative,0.138092372237,-0.204053567745,0.22041710646,138.092372237,-204.053567745,220.41710646,-96.5621617867,96.5621617867,251.303106483
2616,1,90,negative,0.138092372237,-0.204461674454,0.219809481693,138.092372237,-204.461674454,219.809481693,-96.9702684963,96.9702684963,250.695481715
2617,0,90,negative,0.138092372237,-0.203176364868,0.221772610388,138.092372237,-203.176364868,221.772610388,-95.6849589103,95.6849589103,252.65861041
2617,1,90,negative,0.138092372237,-0.203773744757,0.220855793979,138.092372237,-203.773744757,220.855793979,-96.2823387993,96.2823387993,251.741794001
2618,0,90,negative,0.138092372237,-0.202671039722,0.222501137456,138.092372237,-202.671039722,222.501137456,-95.1796337642,95.1796337642,253.387137478
2618,1,90,negative,0.138092372237,-0.202498151355,0.222790247688,138.092372237,-202.498151355,222.790247688,-95.0067453973,95.0067453973,253.676247711
2619,0,90,negative,0.138092372237,-0.201933838397,0.223794444236,138.092372237,-201.933838397,223.794444236,-94.4424324388,94.4424324388,254.680444258
2619,1,90,negative,0.138092372237,-0.201905678983,0.223844000926,138.092372237,-201.905678983,223.844000926,-94.4142730249,94.4142730249,254.730000948
2620,0,90,negative,0.138092372237,-0.201933838397,0.223794444236,138.092372237,-201.933838397,223.794444236,-94.4424324388,94.4424324388,254.680444258
2620,1,90,negative,0.138092372237,-0.202498151355,0.222790247688,138.092372237,-202.498151355,222.790247688,-95.0067453973,95.0067453973,253.676247711
2621,0,90,negative,0.138092372237,-0.201352449891,0.225682499066,138.092372237,-201.352449891,225.682499066,-93.8610439333,93.8610439333,256.568499089
2621,1,90,negative,0.138092372237,-0.201522979231,0.22508292997,138.092372237,-201.522979231,225.08292997,-94.0315732726,94.0315732726,255.968929992
2622,0,90,negative,0.138092372237,-0.201297935639,0.225860993626,138.092372237,-201.297935639,225.860993626,-93.806529681,93.806529681,256.746993649
2622,1,90,negative,0.138092372237,-0.201352449891,0.225682499066,138.092372237,-201.352449891,225.682499066,-93.8610439333,93.8610439333,256.568499089
2623,0,90,negative,0.138092372237,-0.209253292277,0.235474214183,138.092372237,-209.253292277,235.474214183,-101.761886319,101.761886319,266.360214205
2623,1,90,negative,0.138092372237,-0.209259396432,0.235475049924,138.092372237,-209.259396432,235.475049924,-101.767990474,101.767990474,266.361049946
2624,0,90,negative,0.138092372237,-0.20489029348,0.233962453545,138.092372237,-204.89029348,233.962453545,-97.398887522,97.398887522,264.848453568
2624,1,90,negative,0.138092372237,-0.205463639148,0.234167796019,138.092372237,-205.463639148,234.167796019,-97.9722331904,97.9722331904,265.053796042
2625,0,90,negative,0.138092372237,-0.205975009171,0.234422536447,138.092372237,-205.975009171,234.422536447,-98.4836032128,98.4836032128,265.308536469
2625,1,90,negative,0.138092372237,-0.205463639148,0.234167796019,138.092372237,-205.463639148,234.167796019,-97.9722331904,97.9722331904,265.053796042
2626,0,90,negative,0.138092372237,-0.205975009171,0.234422536447,138.092372237,-205.975009171,234.422536447,-98.4836032128,98.4836032128,265.308536469
2626,1,90,negative,0.138092372237,-0.206838402691,0.234873521818,138.092372237,-206.838402691,234.873521818,-99.3469967332,99.3469967332,265.759521841
2627,0,90,negative,0.138092372237,-0.206838402691,0.234873521818,138.092372237,-206.838402691,234.873521818,-99.3469967332,99.3469967332,265.759521841
2627,1,90,negative,0.138092372237,-0.207120539397,0.234975605828,138.092372237,-207.120539397,234.975605828,-99.6291334391,99.6291334391,265.86160585
2628,0,90,negative,0.138092372237,-0.207450286788,0.23510527462,138.092372237,-207.450286788,235.10527462,-99.9588808299,99.9588808299,265.991274642
2628,1,90,negative,0.138092372237,-0.207120539397,0.234975605828,138.092372237,-207.120539397,234.975605828,-99.6291334391,99.6291334391,265.86160585
2629,0,90,negative,0.138092372237,-0.207519279402,0.235121576839,138.092372237,-207.519279402,235.121576839,-100.027873444,100.027873444,266.007576861
2629,1,90,negative,0.138092372237,-0.207450286788,0.23510527462,138.092372237,-207.450286788,235.10527462,-99.9588808299,99.9588808299,265.991274642
2630,0,90,negative,0.138092372237,-0.202047878276,0.230842847549,138.092372237,-202.047878276,230.842847549,-94.5564723183,94.5564723183,261.728847571
2630,1,90,negative,0.138092372237,-0.201933544397,0.230305724084,138.092372237,-201.933544397,230.305724084,-94.4421384387,94.4421384387,261.191724106
2631,0,90,negative,0.138092372237,-0.202081255565,0.23110798609,138.092372237,-202.081255565,231.10798609,-94.5898496068,94.5898496068,261.993986112
2631,1,90,negative,0.138092372237,-0.202100921388,0.23145292999,138.092372237,-202.100921388,231.45292999,-94.6095154301,94.6095154301,262.338930013
2632,0,90,negative,0.138092372237,-0.202081255565,0.23110798609,138.092372237,-202.081255565,231.10798609,-94.5898496068,94.5898496068,261.993986112
2632,1,90,negative,0.138092372237,-0.202047878276,0.230842847549,138.092372237,-202.047878276,230.842847549,-94.5564723183,94.5564723183,261.728847571
2633,0,90,negative,0.138092372237,-0.202099349357,0.231640190541,138.092372237,-202.099349357,231.640190541,-94.6079433989,94.6079433989,262.526190563
2633,1,90,negative,0.138092372237,-0.202100921388,0.23145292999,138.092372237,-202.100921388,231.45292999,-94.6095154301,94.6095154301,262.338930013
2634,0,90,negative,0.138092372237,-0.201405811052,0.227013770292,138.092372237,-201.405811052,227.013770292,-93.914405094,93.914405094,257.899770314
2634,1,90,negative,0.138092372237,-0.201335197185,0.226595653296,138.092372237,-201.335197185,226.595653296,-93.8437912272,93.8437912272,257.481653318
2635,0,90,negative,0.138092372237,-0.201405811052,0.227013770292,138.092372237,-201.405811052,227.013770292,-93.914405094,93.914405094,257.899770314
2635,1,90,negative,0.138092372237,-0.201498941989,0.227546571045,138.092372237,-201.498941989,227.546571045,-94.0075360306,94.0075360306,258.432571067
2636,0,90,negative,0.138092372237,-0.201560254351,0.227937052754,138.092372237,-201.560254351,227.937052754,-94.0688483926,94.0688483926,258.823052776
2636,1,90,negative,0.138092372237,-0.201498941989,0.227546571045,138.092372237,-201.498941989,227.546571045,-94.0075360306,94.0075360306,258.432571067
2637,0,90,negative,0.138092372237,-0.201615353826,0.228498423782,138.092372237,-201.615353826,228.498423782,-94.1239478675,94.1239478675,259.384423804
2637,1,90,negative,0.138092372237,-0.201560254351,0.227937052754,138.092372237,-201.560254351,227.937052754,-94.0688483926,94.0688483926,258.823052776
2638,0,90,negative,0.138092372237,-0.203003692903,0.232531857912,138.092372237,-203.003692903,232.531857912,-95.5122869454,95.5122869454,263.417857934
2638,1,90,negative,0.138092372237,-0.203099992823,0.232574719427,138.092372237,-203.099992823,232.574719427,-95.6085868649,95.6085868649,263.460719449
2639,0,90,negative,0.138092372237,-0.202263746221,0.232084124882,138.092372237,-202.263746221,232.084124882,-94.7723402628,94.7723402628,262.970124905
2639,1,90,negative,0.138092372237,-0.20238877139,0.232243770075,138.092372237,-202.38877139,232.243770075,-94.8973654321,94.8973654321,263.129770097
2640,0,90,negative,0.138092372237,-0.203003692903,0.232531857912,138.092372237,-203.003692903,232.531857912,-95.5122869454,95.5122869454,263.417857934
2640,1,90,negative,0.138092372237,-0.20238877139,0.232243770075,138.092372237,-202.38877139,232.243770075,-94.8973654321,94.8973654321,263.129770097
2641,0,90,negative,0.138092372237,-0.202099349357,0.231640190541,138.092372237,-202.099349357,231.640190541,-94.6079433989,94.6079433989,262.526190563
2641,1,90,negative,0.138092372237,-0.202145984656,0.231931809063,138.092372237,-202.145984656,231.931809063,-94.6545786979,94.6545786979,262.817809085
2642,0,90,negative,0.138092372237,-0.203415660814,0.232801165322,138.092372237,-203.415660814,232.801165322,-95.9242548555,95.9242548555,263.687165344
2642,1,90,negative,0.138092372237,-0.203099992823,0.232574719427,138.092372237,-203.099992823,232.574719427,-95.6085868649,95.6085868649,263.460719449
2643,0,90,negative,0.138092372237,-0.203415660814,0.232801165322,138.092372237,-203.415660814,232.801165322,-95.9242548555,95.9242548555,263.687165344
2643,1,90,negative,0.138092372237,-0.203706897951,0.233019526806,138.092372237,-203.706897951,233.019526806,-96.2154919934,96.2154919934,263.905526829
2644,0,90,negative,0.138092372237,-0.203706897951,0.233019526806,138.092372237,-203.706897951,233.019526806,-96.2154919934,96.2154919934,263.905526829
2644,1,90,negative,0.138092372237,-0.204034540233,0.233304470115,138.092372237,-204.034540233,233.304470115,-96.5431342754,96.5431342754,264.190470137
2645,0,90,negative,0.138092372237,-0.204230520079,0.233503055204,138.092372237,-204.230520079,233.503055204,-96.7391141208,96.7391141208,264.389055226
2645,1,90,negative,0.138092372237,-0.204034540233,0.233304470115,138.092372237,-204.034540233,233.304470115,-96.5431342754,96.5431342754,264.190470137
2646,0,90,negative,0.138092372237,-0.204230520079,0.233503055204,138.092372237,-204.230520079,233.503055204,-96.7391141208,96.7391141208,264.389055226
2646,1,90,negative,0.138092372237,-0.204486879048,0.233709269542,138.092372237,-204.486879048,233.709269542,-96.99547309,96.99547309,264.595269564
2647,0,90,negative,0.138092372237,-0.202263746221,0.232084124882,138.092372237,-202.263746221,232.084124882,-94.7723402628,94.7723402628,262.970124905
2647,1,90,negative,0.138092372237,-0.202164520887,0.23196945447,138.092372237,-202.164520887,231.96945447,-94.6731149287,94.6731149287,262.855454493
2648,0,90,negative,0.138092372237,-0.202147484618,0.231946356632,138.092372237,-202.147484618,231.946356632,-94.6560786602,94.6560786602,262.832356655
2648,1,90,negative,0.138092372237,-0.202145984656,0.231931809063,138.092372237,-202.145984656,231.931809063,-94.6545786979,94.6545786979,262.817809085
2649,0,90,negative,0.138092372237,-0.202164520887,0.23196945447,138.092372237,-202.164520887,231.96945447,-94.6731149287,94.6731149287,262.855454493
2649,1,90,negative,0.138092372237,-0.202147484618,0.231946356632,138.092372237,-202.147484618,231.946356632,-94.6560786602,94.6560786602,262.832356655
2650,0,90,negative,0.138092372237,-0.204659231042,0.233885278687,138.092372237,-204.659231042,233.885278687,-97.1678250837,97.1678250837,264.77127871
2650,1,90,negative,0.138092372237,-0.204486879048,0.233709269542,138.092372237,-204.486879048,233.709269542,-96.99547309,96.99547309,264.595269564
2651,0,90,negative,0.138092372237,-0.20489029348,0.233962453545,138.092372237,-204.89029348,233.962453545,-97.398887522,97.398887522,264.848453568
2651,1,90,negative,0.138092372237,-0.204659231042,0.233885278687,138.092372237,-204.659231042,233.885278687,-97.1678250837,97.1678250837,264.77127871
2652,0,90,negative,0.138092372237,-0.209180843515,0.235458721126,138.092372237,-209.180843515,235.458721126,-101.689437557,101.689437557,266.344721148
2652,1,90,negative,0.138092372237,-0.209253292277,0.235474214183,138.092372237,-209.253292277,235.474214183,-101.761886319,101.761886319,266.360214205
2653,0,90,negative,0.138092372237,-0.209180843515,0.235458721126,138.092372237,-209.180843515,235.458721126,-101.689437557,101.689437557,266.344721148
2653,1,90,negative,0.138092372237,-0.207519279402,0.235121576839,138.092372237,-207.519279402,235.121576839,-100.027873444,100.027873444,266.007576861
2654,0,90,negative,0.138092372237,-0.201029021535,0.239668733243,138.092372237,-201.029021535,239.668733243,-93.5376155768,93.5376155768,270.554733265
2654,1,90,negative,0.138092372237,-0.200970218362,0.239628500683,138.092372237,-200.970218362,239.628500683,-93.4788124039,93.4788124039,270.514500705
2655,0,90,negative,0.138092372237,-0.20109956302,0.239711285753,138.092372237,-201.09956302,239.711285753,-93.608157062,93.608157062,270.597285776
2655,1,90,negative,0.138092372237,-0.201029021535,0.239668733243,138.092372237,-201.029021535,239.668733243,-93.5376155768,93.5376155768,270.554733265
2656,0,90,negative,0.138092372237,-0.199060193462,0.23827528966,138.092372237,-199.060193462,238.27528966,-91.5687875039,91.5687875039,269.161289682
2656,1,90,negative,0.138092372237,-0.199052396467,0.238266707298,138.092372237,-199.052396467,238.266707298,-91.5609905095,91.5609905095,269.15270732
2657,0,90,negative,0.138092372237,-0.19915501154,0.238358691289,138.092372237,-199.15501154,238.358691289,-91.6636055822,91.6636055822,269.244691312
2657,1,90,negative,0.138092372237,-0.199060193462,0.23827528966,138.092372237,-199.060193462,238.27528966,-91.5687875039,91.5687875039,269.161289682
2658,0,90,negative,0.138092372237,-0.199052396467,0.238266707298,138.092372237,-199.052396467,238.266707298,-91.5609905095,91.5609905095,269.15270732
2658,1,90,negative,0.138092372237,-0.199007004918,0.238213777729,138.092372237,-199.007004918,238.213777729,-91.5155989602,91.5155989602,269.099777751
2659,0,90,negative,0.138092372237,-0.198634352731,0.237734941312,138.092372237,-198.634352731,237.734941312,-91.1429467725,91.1429467725,268.620941334
2659,1,90,negative,0.138092372237,-0.199007004918,0.238213777729,138.092372237,-199.007004918,238.213777729,-91.5155989602,91.5155989602,269.099777751
2660,0,90,negative,0.138092372237,-0.19915501154,0.238358691289,138.092372237,-199.15501154,238.358691289,-91.6636055822,91.6636055822,269.244691312
2660,1,90,negative,0.138092372237,-0.199742659424,0.238893007537,138.092372237,-199.742659424,238.893007537,-92.2512534664,92.2512534664,269.779007559
2661,0,90,negative,0.138092372237,-0.200970218362,0.239628500683,138.092372237,-200.970218362,239.628500683,-93.4788124039,93.4788124039,270.514500705
2661,1,90,negative,0.138092372237,-0.200906427555,0.239585214529,138.092372237,-200.906427555,239.585214529,-93.4150215967,93.4150215967,270.471214551
2662,0,90,negative,0.138092372237,-0.200183855521,0.239137564629,138.092372237,-200.183855521,239.137564629,-92.6924495627,92.6924495627,270.023564652
2662,1,90,negative,0.138092372237,-0.199942714114,0.238996287073,138.092372237,-199.942714114,238.996287073,-92.4513081558,92.4513081558,269.882287095
2663,0,90,negative,0.138092372237,-0.211343092278,0.242468877699,138.092372237,-211.343092278,242.468877699,-103.85168632,103.85168632,273.354877722
2663,1,90,negative,0.138092372237,-0.21112947802,0.242446519402,138.092372237,-211.12947802,242.446519402,-103.638072062,103.638072062,273.332519424
2664,0,90,negative,0.138092372237,-0.21112947802,0.242446519402,138.092372237,-211.12947802,242.446519402,-103.638072062,103.638072062,273.332519424
2664,1,90,negative,0.138092372237,-0.210921165893,0.242416351442,138.092372237,-210.921165893,242.416351442,-103.429759936,103.429759936,273.302351464
2665,0,90,negative,0.138092372237,-0.215337214389,0.242701552198,138.092372237,-215.337214389,242.701552198,-107.845808431,107.845808431,273.587552221
2665,1,90,negative,0.138092372237,-0.214301108964,0.242638132352,138.092372237,-214.301108964,242.638132352,-106.809703006,106.809703006,273.524132374
2666,0,90,negative,0.138092372237,-0.215721269245,0.242756477254,138.092372237,-215.721269245,242.756477254,-108.229863287,108.229863287,273.642477277
2666,1,90,negative,0.138092372237,-0.215337214389,0.242701552198,138.092372237,-215.337214389,242.701552198,-107.845808431,107.845808431,273.587552221
2667,0,90,negative,0.138092372237,-0.213894796526,0.242625592868,138.092372237,-213.894796526,242.625592868,-106.403390568,106.403390568,273.51159289
2667,1,90,negative,0.138092372237,-0.214301108964,0.242638132352,138.092372237,-214.301108964,242.638132352,-106.809703006,106.809703006,273.524132374
2668,0,90,negative,0.138092372237,-0.21337444227,0.242561654981,138.092372237,-213.37444227,242.561654981,-105.883036312,105.883036312,273.447655003
2668,1,90,negative,0.138092372237,-0.212293256992,0.24247900923,138.092372237,-212.293256992,242.47900923,-104.801851034,104.801851034,273.365009252
2669,0,90,negative,0.138092372237,-0.21337444227,0.242561654981,138.092372237,-213.37444227,242.561654981,-105.883036312,105.883036312,273.447655003
2669,1,90,negative,0.138092372237,-0.213643569078,0.242594579117,138.092372237,-213.643569078,242.594579117,-106.15216312,106.15216312,273.480579139
2670,0,90,negative,0.138092372237,-0.211982237815,0.242479787354,138.092372237,-211.982237815,242.479787354,-104.490831857,104.490831857,273.365787376
2670,1,90,negative,0.138092372237,-0.211343092278,0.242468877699,138.092372237,-211.343092278,242.468877699,-103.85168632,103.85168632,273.354877722
2671,0,90,negative,0.138092372237,-0.211982237815,0.242479787354,138.092372237,-211.982237815,242.479787354,-104.490831857,104.490831857,273.365787376
2671,1,90,negative,0.138092372237,-0.212293256992,0.24247900923,138.092372237,-212.293256992,242.47900923,-104.801851034,104.801851034,273.365009252
2672,0,90,negative,0.138092372237,-0.213643569078,0.242594579117,138.092372237,-213.643569078,242.594579117,-106.15216312,106.15216312,273.480579139
2672,1,90,negative,0.138092372237,-0.213894796526,0.242625592868,138.092372237,-213.894796526,242.625592868,-106.403390568,106.403390568,273.51159289
2673,0,90,negative,0.138092372237,-0.205036289732,0.241255573485,138.092372237,-205.036289732,241.255573485,-97.5448837745,97.5448837745,272.141573507
2673,1,90,negative,0.138092372237,-0.205755269309,0.241462426686,138.092372237,-205.755269309,241.462426686,-98.2638633507,98.2638633507,272.348426708
2674,0,90,negative,0.138092372237,-0.205036289732,0.241255573485,138.092372237,-205.036289732,241.255573485,-97.5448837745,97.5448837745,272.141573507
2674,1,90,negative,0.138092372237,-0.204710717805,0.241156232653,138.092372237,-204.710717805,241.156232653,-97.2193118467,97.2193118467,272.042232676
2675,0,90,negative,0.138092372237,-0.207759270279,0.241871101247,138.092372237,-207.759270279,241.871101247,-100.267864321,100.267864321,272.75710127
2675,1,90,negative,0.138092372237,-0.206028232342,0.241520818285,138.092372237,-206.028232342,241.520818285,-98.5368263839,98.5368263839,272.406818308
2676,0,90,negative,0.138092372237,-0.205755269309,0.241462426686,138.092372237,-205.755269309,241.462426686,-98.2638633507,98.2638633507,272.348426708
2676,1,90,negative,0.138092372237,-0.205904434467,0.241497761676,138.092372237,-205.904434467,241.497761676,-98.4130285085,98.4130285085,272.383761698
2677,0,90,negative,0.138092372237,-0.201429523825,0.239886157166,138.092372237,-201.429523825,239.886157166,-93.9381178668,93.9381178668,270.772157189
2677,1,90,negative,0.138092372237,-0.20109956302,0.239711285753,138.092372237,-201.09956302,239.711285753,-93.608157062,93.608157062,270.597285776
2678,0,90,negative,0.138092372237,-0.201429523825,0.239886157166,138.092372237,-201.429523825,239.886157166,-93.9381178668,93.9381178668,270.772157189
2678,1,90,negative,0.138092372237,-0.202380149954,0.24037444983,138.092372237,-202.380149954,240.37444983,-94.888743996,94.888743996,271.260449852
2679,0,90,negative,0.138092372237,-0.203111035176,0.240681962965,138.092372237,-203.111035176,240.681962965,-95.6196292185,95.6196292185,271.567962987
2679,1,90,negative,0.138092372237,-0.202380149954,0.24037444983,138.092372237,-202.380149954,240.37444983,-94.888743996,94.888743996,271.260449852
2680,0,90,negative,0.138092372237,-0.203111035176,0.240681962965,138.092372237,-203.111035176,240.681962965,-95.6196292185,95.6196292185,271.567962987
2680,1,90,negative,0.138092372237,-0.203506564558,0.240859612426,138.092372237,-203.506564558,240.859612426,-96.0151586005,96.0151586005,271.745612448
2681,0,90,negative,0.138092372237,-0.200183855521,0.239137564629,138.092372237,-200.183855521,239.137564629,-92.6924495627,92.6924495627,270.023564652
2681,1,90,negative,0.138092372237,-0.200906427555,0.239585214529,138.092372237,-200.906427555,239.585214529,-93.4150215967,93.4150215967,270.471214551
2682,0,90,negative,0.138092372237,-0.199742659424,0.238893007537,138.092372237,-199.742659424,238.893007537,-92.2512534664,92.2512534664,269.779007559
2682,1,90,negative,0.138092372237,-0.199942714114,0.238996287073,138.092372237,-199.942714114,238.996287073,-92.4513081558,92.4513081558,269.882287095
2683,0,90,negative,0.138092372237,-0.204710717805,0.241156232653,138.092372237,-204.710717805,241.156232653,-97.2193118467,97.2193118467,272.042232676
2683,1,90,negative,0.138092372237,-0.204420049104,0.241089562234,138.092372237,-204.420049104,241.089562234,-96.9286431462,96.9286431462,271.975562256
2684,0,90,negative,0.138092372237,-0.203677194379,0.240912975865,138.092372237,-203.677194379,240.912975865,-96.1857884208,96.1857884208,271.798975887
2684,1,90,negative,0.138092372237,-0.204420049104,0.241089562234,138.092372237,-204.420049104,241.089562234,-96.9286431462,96.9286431462,271.975562256
2685,0,90,negative,0.138092372237,-0.203506564558,0.240859612426,138.092372237,-203.506564558,240.859612426,-96.0151586005,96.0151586005,271.745612448
2685,1,90,negative,0.138092372237,-0.203677194379,0.240912975865,138.092372237,-203.677194379,240.912975865,-96.1857884208,96.1857884208,271.798975887
2686,0,90,negative,0.138092372237,-0.210044943517,0.242328614168,138.092372237,-210.044943517,242.328614168,-102.553537559,102.553537559,273.214614191
2686,1,90,negative,0.138092372237,-0.209477417445,0.242228190826,138.092372237,-209.477417445,242.228190826,-101.986011487,101.986011487,273.114190848
2687,0,90,negative,0.138092372237,-0.210590376021,0.242377517266,138.092372237,-210.590376021,242.377517266,-103.098970063,103.098970063,273.263517288
2687,1,90,negative,0.138092372237,-0.210044943517,0.242328614168,138.092372237,-210.044943517,242.328614168,-102.553537559,102.553537559,273.214614191
2688,0,90,negative,0.138092372237,-0.20879610812,0.242112566954,138.092372237,-208.79610812,242.112566954,-101.304702162,101.304702162,272.998566976
2688,1,90,negative,0.138092372237,-0.208193729995,0.241975812134,138.092372237,-208.193729995,241.975812134,-100.702324037,100.702324037,272.861812156
2689,0,90,negative,0.138092372237,-0.207759270279,0.241871101247,138.092372237,-207.759270279,241.871101247,-100.267864321,100.267864321,272.75710127
2689,1,90,negative,0.138092372237,-0.208193729995,0.241975812134,138.092372237,-208.193729995,241.975812134,-100.702324037,100.702324037,272.861812156
2690,0,90,negative,0.138092372237,-0.20879610812,0.242112566954,138.092372237,-208.79610812,242.112566954,-101.304702162,101.304702162,272.998566976
2690,1,90,negative,0.138092372237,-0.209477417445,0.242228190826,138.092372237,-209.477417445,242.228190826,-101.986011487,101.986011487,273.114190848
2691,0,90,negative,0.138092372237,-0.210748538505,0.242416410806,138.092372237,-210.748538505,242.416410806,-103.257132547,103.257132547,273.302410828
2691,1,90,negative,0.138092372237,-0.210921165893,0.242416351442,138.092372237,-210.921165893,242.416351442,-103.429759936,103.429759936,273.302351464
2692,0,90,negative,0.138092372237,-0.210590376021,0.242377517266,138.092372237,-210.590376021,242.377517266,-103.098970063,103.098970063,273.263517288
2692,1,90,negative,0.138092372237,-0.210688418238,0.242401862098,138.092372237,-210.688418238,242.401862098,-103.19701228,103.19701228,273.28786212
2693,0,90,negative,0.138092372237,-0.210688418238,0.242401862098,138.092372237,-210.688418238,242.401862098,-103.19701228,103.19701228,273.28786212
2693,1,90,negative,0.138092372237,-0.210748538505,0.242416410806,138.092372237,-210.748538505,242.416410806,-103.257132547,103.257132547,273.302410828
2694,0,90,negative,0.138092372237,-0.205904434467,0.241497761676,138.092372237,-205.904434467,241.497761676,-98.4130285085,98.4130285085,272.383761698
2694,1,90,negative,0.138092372237,-0.206028232342,0.241520818285,138.092372237,-206.028232342,241.520818285,-98.5368263839,98.5368263839,272.406818308
2695,0,90,negative,0.138092372237,-0.222369242741,0.238767585928,138.092372237,-222.369242741,238.767585928,-114.877836783,114.877836783,269.65358595
2695,1,90,negative,0.138092372237,-0.222882461723,0.239051228233,138.092372237,-222.882461723,239.051228233,-115.391055765,115.391055765,269.937228255
2696,0,90,negative,0.138092372237,-0.223556761394,0.23939598201,138.092372237,-223.556761394,239.39598201,-116.065355436,116.065355436,270.281982033
2696,1,90,negative,0.138092372237,-0.222882461723,0.239051228233,138.092372237,-222.882461723,239.051228233,-115.391055765,115.391055765,269.937228255
2697,0,90,negative,0.138092372237,-0.224065831717,0.239800946221,138.092372237,-224.065831717,239.800946221,-116.574425759,116.574425759,270.686946243
2697,1,90,negative,0.138092372237,-0.224133471675,0.239869726894,138.092372237,-224.133471675,239.869726894,-116.642065717,116.642065717,270.755726916
2698,0,90,negative,0.138092372237,-0.224133471675,0.239869726894,138.092372237,-224.133471675,239.869726894,-116.642065717,116.642065717,270.755726916
2698,1,90,negative,0.138092372237,-0.224183646019,0.239937029487,138.092372237,-224.183646019,239.937029487,-116.692240061,116.692240061,270.823029509
2699,0,90,negative,0.138092372237,-0.223967790942,0.239713990978,138.092372237,-223.967790942,239.713990978,-116.476384984,116.476384984,270.599991001
2699,1,90,negative,0.138092372237,-0.224065831717,0.239800946221,138.092372237,-224.065831717,239.800946221,-116.574425759,116.574425759,270.686946243
2700,0,90,negative,0.138092372237,-0.223291947379,0.244184088411,138.092372237,-223.291947379,244.184088411,-115.800541421,115.800541421,275.070088433
2700,1,90,negative,0.138092372237,-0.22327155284,0.244200674336,138.092372237,-223.27155284,244.200674336,-115.780146882,115.780146882,275.086674358
2701,0,90,negative,0.138092372237,-0.223337807531,0.244171027502,138.092372237,-223.337807531,244.171027502,-115.846401573,115.846401573,275.057027524
2701,1,90,negative,0.138092372237,-0.223291947379,0.244184088411,138.092372237,-223.291947379,244.184088411,-115.800541421,115.800541421,275.070088433
2702,0,90,negative,0.138092372237,-0.22327155284,0.244200674336,138.092372237,-223.27155284,244.200674336,-115.780146882,115.780146882,275.086674358
2702,1,90,negative,0.138092372237,-0.223126849086,0.244346186592,138.092372237,-223.126849086,244.346186592,-115.635443128,115.635443128,275.232186615
2703,0,90,negative,0.138092372237,-0.222915139774,0.244573270337,138.092372237,-222.915139774,244.573270337,-115.423733816,115.423733816,275.45927036
2703,1,90,negative,0.138092372237,-0.223126849086,0.244346186592,138.092372237,-223.126849086,244.346186592,-115.635443128,115.635443128,275.232186615
2704,0,90,negative,0.138092372237,-0.223556761394,0.23939598201,138.092372237,-223.556761394,239.39598201,-116.065355436,116.065355436,270.281982033
2704,1,90,negative,0.138092372237,-0.223778440181,0.239558281148,138.092372237,-223.778440181,239.558281148,-116.287034223,116.287034223,270.44428117
2705,0,90,negative,0.138092372237,-0.224425097895,0.240216790276,138.092372237,-224.425097895,240.216790276,-116.933691937,116.933691937,271.102790299
2705,1,90,negative,0.138092372237,-0.224183646019,0.239937029487,138.092372237,-224.183646019,239.937029487,-116.692240061,116.692240061,270.823029509
2706,0,90,negative,0.138092372237,-0.224425097895,0.240216790276,138.092372237,-224.425097895,240.216790276,-116.933691937,116.933691937,271.102790299
2706,1,90,negative,0.138092372237,-0.224727427706,0.240779426677,138.092372237,-224.727427706,240.779426677,-117.236021748,117.236021748,271.665426699
2707,0,90,negative,0.138092372237,-0.224824780955,0.240938830266,138.092372237,-224.824780955,240.938830266,-117.333374997,117.333374997,271.824830288
2707,1,90,negative,0.138092372237,-0.224727427706,0.240779426677,138.092372237,-224.727427706,240.779426677,-117.236021748,117.236021748,271.665426699
2708,0,90,negative,0.138092372237,-0.224824780955,0.240938830266,138.092372237,-224.824780955,240.938830266,-117.333374997,117.333374997,271.824830288
2708,1,90,negative,0.138092372237,-0.22497056425,0.241414799399,138.092372237,-224.97056425,241.414799399,-117.479158292,117.479158292,272.300799422
2709,0,90,negative,0.138092372237,-0.224977042154,0.241454144756,138.092372237,-224.977042154,241.454144756,-117.485636196,117.485636196,272.340144778
2709,1,90,negative,0.138092372237,-0.224985399882,0.241707563788,138.092372237,-224.985399882,241.707563788,-117.493993924,117.493993924,272.59356381
2710,0,90,negative,0.138092372237,-0.224985399882,0.241707563788,138.092372237,-224.985399882,241.707563788,-117.493993924,117.493993924,272.59356381
2710,1,90,negative,0.138092372237,-0.224902195372,0.242589058757,138.092372237,-224.902195372,242.589058757,-117.410789414,117.410789414,273.475058779
2711,0,90,negative,0.138092372237,-0.224838301883,0.2429775647,138.092372237,-224.838301883,242.9775647,-117.346895925,117.346895925,273.863564723
2711,1,90,negative,0.138092372237,-0.224902195372,0.242589058757,138.092372237,-224.902195372,242.589058757,-117.410789414,117.410789414,273.475058779
2712,0,90,negative,0.138092372237,-0.223967790942,0.239713990978,138.092372237,-223.967790942,239.713990978,-116.476384984,116.476384984,270.599991001
2712,1,90,negative,0.138092372237,-0.223778440181,0.239558281148,138.092372237,-223.778440181,239.558281148,-116.287034223,116.287034223,270.44428117
2713,0,90,negative,0.138092372237,-0.224976940192,0.241446815086,138.092372237,-224.976940192,241.446815086,-117.485534234,117.485534234,272.332815108
2713,1,90,negative,0.138092372237,-0.22497056425,0.241414799399,138.092372237,-224.97056425,241.414799399,-117.479158292,117.479158292,272.300799422
2714,0,90,negative,0.138092372237,-0.224977042154,0.241454144756,138.092372237,-224.977042154,241.454144756,-117.485636196,117.485636196,272.340144778
2714,1,90,negative,0.138092372237,-0.224976940192,0.241446815086,138.092372237,-224.976940192,241.446815086,-117.485534234,117.485534234,272.332815108
2715,0,90,negative,0.138092372237,-0.224766683088,0.243205500856,138.092372237,-224.766683088,243.205500856,-117.27527713,117.27527713,274.091500878
2715,1,90,negative,0.138092372237,-0.22468897239,0.243492197709,138.092372237,-224.68897239,243.492197709,-117.197566432,117.197566432,274.378197732
2716,0,90,negative,0.138092372237,-0.224766683088,0.243205500856,138.092372237,-224.766683088,243.205500856,-117.27527713,117.27527713,274.091500878
2716,1,90,negative,0.138092372237,-0.224838301883,0.2429775647,138.092372237,-224.838301883,242.9775647,-117.346895925,117.346895925,273.863564723
2717,0,90,negative,0.138092372237,-0.22468897239,0.243492197709,138.092372237,-224.68897239,243.492197709,-117.197566432,117.197566432,274.378197732
2717,1,90,negative,0.138092372237,-0.224586781906,0.24367134861,138.092372237,-224.586781906,243.67134861,-117.095375948,117.095375948,274.557348632
2718,0,90,negative,0.138092372237,-0.224438650544,0.243845061576,138.092372237,-224.438650544,243.845061576,-116.947244586,116.947244586,274.731061598
2718,1,90,negative,0.138092372237,-0.224586781906,0.24367134861,138.092372237,-224.586781906,243.67134861,-117.095375948,117.095375948,274.557348632
2719,0,90,negative,0.138092372237,-0.224438650544,0.243845061576,138.092372237,-224.438650544,243.845061576,-116.947244586,116.947244586,274.731061598
2719,1,90,negative,0.138092372237,-0.224224166478,0.244062787695,138.092372237,-224.224166478,244.062787695,-116.73276052,116.73276052,274.948787717
2720,0,90,negative,0.138092372237,-0.224154809501,0.244090335849,138.092372237,-224.154809501,244.090335849,-116.663403543,116.663403543,274.976335872
2720,1,90,negative,0.138092372237,-0.223937992667,0.244065806596,138.092372237,-223.937992667,244.065806596,-116.446586709,116.446586709,274.951806618
2721,0,90,negative,0.138092372237,-0.223337807531,0.244171027502,138.092372237,-223.337807531,244.171027502,-115.846401573,115.846401573,275.057027524
2721,1,90,negative,0.138092372237,-0.223937992667,0.244065806596,138.092372237,-223.937992667,244.065806596,-116.446586709,116.446586709,274.951806618
2722,0,90,negative,0.138092372237,-0.224154809501,0.244090335849,138.092372237,-224.154809501,244.090335849,-116.663403543,116.663403543,274.976335872
2722,1,90,negative,0.138092372237,-0.224224166478,0.244062787695,138.092372237,-224.224166478,244.062787695,-116.73276052,116.73276052,274.948787717
2723,0,90,negative,0.138092372237,-0.215853477523,0.236729594939,138.092372237,-215.853477523,236.729594939,-108.362071565,108.362071565,267.615594961
2723,1,90,negative,0.138092372237,-0.215197416524,0.236510382814,138.092372237,-215.197416524,236.510382814,-107.706010566,107.706010566,267.396382836
2724,0,90,negative,0.138092372237,-0.220817014206,0.238151292108,138.092372237,-220.817014206,238.151292108,-113.325608248,113.325608248,269.037292131
2724,1,90,negative,0.138092372237,-0.22081842847,0.238151777454,138.092372237,-220.81842847,238.151777454,-113.327022512,113.327022512,269.037777476
2725,0,90,negative,0.138092372237,-0.220817014206,0.238151292108,138.092372237,-220.817014206,238.151292108,-113.325608248,113.325608248,269.037292131
2725,1,90,negative,0.138092372237,-0.219617391471,0.237798191303,138.092372237,-219.617391471,237.798191303,-112.125985513,112.125985513,268.684191325
2726,0,90,negative,0.138092372237,-0.219487213616,0.237756915874,138.092372237,-219.487213616,237.756915874,-111.995807658,111.995807658,268.642915896
2726,1,90,negative,0.138092372237,-0.219617391471,0.237798191303,138.092372237,-219.617391471,237.798191303,-112.125985513,112.125985513,268.684191325
2727,0,90,negative,0.138092372237,-0.218110830557,0.237392396109,138.092372237,-218.110830557,237.392396109,-110.619424599,110.619424599,268.278396131
2727,1,90,negative,0.138092372237,-0.218191352634,0.237416242188,138.092372237,-218.191352634,237.416242188,-110.699946676,110.699946676,268.30224221
2728,0,90,negative,0.138092372237,-0.218191352634,0.237416242188,138.092372237,-218.191352634,237.416242188,-110.699946676,110.699946676,268.30224221
2728,1,90,negative,0.138092372237,-0.218223243873,0.237424138115,138.092372237,-218.223243873,237.424138115,-110.731837915,110.731837915,268.310138137
2729,0,90,negative,0.138092372237,-0.218110830557,0.237392396109,138.092372237,-218.110830557,237.392396109,-110.619424599,110.619424599,268.278396131
2729,1,90,negative,0.138092372237,-0.216632348692,0.236969205898,138.092372237,-216.632348692,236.969205898,-109.140942734,109.140942734,267.855205921
2730,0,90,negative,0.138092372237,-0.219487213616,0.237756915874,138.092372237,-219.487213616,237.756915874,-111.995807658,111.995807658,268.642915896
2730,1,90,negative,0.138092372237,-0.218223243873,0.237424138115,138.092372237,-218.223243873,237.424138115,-110.731837915,110.731837915,268.310138137
2731,0,90,negative,0.138092372237,-0.22081842847,0.238151777454,138.092372237,-220.81842847,238.151777454,-113.327022512,113.327022512,269.037777476
2731,1,90,negative,0.138092372237,-0.220828109338,0.23815540045,138.092372237,-220.828109338,238.15540045,-113.33670338,113.33670338,269.041400473
2732,0,90,negative,0.138092372237,-0.221858033425,0.238536384088,138.092372237,-221.858033425,238.536384088,-114.366627467,114.366627467,269.422384111
2732,1,90,negative,0.138092372237,-0.220828109338,0.23815540045,138.092372237,-220.828109338,238.15540045,-113.33670338,113.33670338,269.041400473
2733,0,90,negative,0.138092372237,-0.222369242741,0.238767585928,138.092372237,-222.369242741,238.767585928,-114.877836783,114.877836783,269.65358595
2733,1,90,negative,0.138092372237,-0.221858033425,0.238536384088,138.092372237,-221.858033425,238.536384088,-114.366627467,114.366627467,269.422384111
2734,0,90,negative,0.138092372237,-0.218861488501,0.243570022996,138.092372237,-218.861488501,243.570022996,-111.370082543,111.370082543,274.456023018
2734,1,90,negative,0.138092372237,-0.218541889286,0.243501549009,138.092372237,-218.541889286,243.501549009,-111.050483328,111.050483328,274.387549031
2735,0,90,negative,0.138092372237,-0.218171613525,0.243498680687,138.092372237,-218.171613525,243.498680687,-110.680207567,110.680207567,274.384680709
2735,1,90,negative,0.138092372237,-0.218541889286,0.243501549009,138.092372237,-218.541889286,243.501549009,-111.050483328,111.050483328,274.387549031
2736,0,90,negative,0.138092372237,-0.218171613525,0.243498680687,138.092372237,-218.171613525,243.498680687,-110.680207567,110.680207567,274.384680709
2736,1,90,negative,0.138092372237,-0.21677143312,0.243065657845,138.092372237,-216.77143312,243.065657845,-109.280027162,109.280027162,273.951657868
2737,0,90,negative,0.138092372237,-0.216599309628,0.243016558857,138.092372237,-216.599309628,243.016558857,-109.10790367,109.10790367,273.90255888
2737,1,90,negative,0.138092372237,-0.21677143312,0.243065657845,138.092372237,-216.77143312,243.065657845,-109.280027162,109.280027162,273.951657868
2738,0,90,negative,0.138092372237,-0.21653524745,0.242989307272,138.092372237,-216.53524745,242.989307272,-109.043841492,109.043841492,273.875307294
2738,1,90,negative,0.138092372237,-0.216599309628,0.243016558857,138.092372237,-216.599309628,243.016558857,-109.10790367,109.10790367,273.90255888
2739,0,90,negative,0.138092372237,-0.2209979486,0.244116417905,138.092372237,-220.9979486,244.116417905,-113.506542642,113.506542642,275.002417927
2739,1,90,negative,0.138092372237,-0.220841424311,0.244080325275,138.092372237,-220.841424311,244.080325275,-113.350018353,113.350018353,274.966325297
2740,0,90,negative,0.138092372237,-0.220841424311,0.244080325275,138.092372237,-220.841424311,244.080325275,-113.350018353,113.350018353,274.966325297
2740,1,90,negative,0.138092372237,-0.220627571128,0.244104940122,138.092372237,-220.627571128,244.104940122,-113.13616517,113.13616517,274.990940145
2741,0,90,negative,0.138092372237,-0.220079259632,0.24423944563,138.092372237,-220.079259632,244.23944563,-112.587853674,112.587853674,275.125445653
2741,1,90,negative,0.138092372237,-0.219743463245,0.244071513104,138.092372237,-219.743463245,244.071513104,-112.252057287,112.252057287,274.957513126
2742,0,90,negative,0.138092372237,-0.221137548245,0.244108086863,138.092372237,-221.137548245,244.108086863,-113.646142287,113.646142287,274.994086885
2742,1,90,negative,0.138092372237,-0.2209979486,0.244116417905,138.092372237,-220.9979486,244.116417905,-113.506542642,113.506542642,275.002417927
2743,0,90,negative,0.138092372237,-0.220627571128,0.244104940122,138.092372237,-220.627571128,244.104940122,-113.13616517,113.13616517,274.990940145
2743,1,90,negative,0.138092372237,-0.220308962151,0.24424149174,138.092372237,-220.308962151,244.24149174,-112.817556193,112.817556193,275.127491762
2744,0,90,negative,0.138092372237,-0.220301724122,0.244243412913,138.092372237,-220.301724122,244.243412913,-112.810318164,112.810318164,275.129412935
2744,1,90,negative,0.138092372237,-0.220308962151,0.24424149174,138.092372237,-220.308962151,244.24149174,-112.817556193,112.817556193,275.127491762
2745,0,90,negative,0.138092372237,-0.221546041667,0.244215687686,138.092372237,-221.546041667,244.215687686,-114.054635709,114.054635709,275.101687709
2745,1,90,negative,0.138092372237,-0.221339709174,0.244144152709,138.092372237,-221.339709174,244.144152709,-113.848303216,113.848303216,275.030152732
2746,0,90,negative,0.138092372237,-0.221137548245,0.244108086863,138.092372237,-221.137548245,244.108086863,-113.646142287,113.646142287,274.994086885
2746,1,90,negative,0.138092372237,-0.221339709174,0.244144152709,138.092372237,-221.339709174,244.144152709,-113.848303216,113.848303216,275.030152732
2747,0,90,negative,0.138092372237,-0.220301724122,0.244243412913,138.092372237,-220.301724122,244.243412913,-112.810318164,112.810318164,275.129412935
2747,1,90,negative,0.138092372237,-0.220088586225,0.244243697488,138.092372237,-220.088586225,244.243697488,-112.597180267,112.597180267,275.12969751
2748,0,90,negative,0.138092372237,-0.220079259632,0.24423944563,138.092372237,-220.079259632,244.23944563,-112.587853674,112.587853674,275.125445653
2748,1,90,negative,0.138092372237,-0.220088586225,0.244243697488,138.092372237,-220.088586225,244.243697488,-112.597180267,112.597180267,275.12969751
2749,0,90,negative,0.138092372237,-0.22263614434,0.244561924237,138.092372237,-222.63614434,244.561924237,-115.144738382,115.144738382,275.447924259
2749,1,90,negative,0.138092372237,-0.222342773743,0.244495653049,138.092372237,-222.342773743,244.495653049,-114.851367785,114.851367785,275.381653071
2750,0,90,negative,0.138092372237,-0.222342773743,0.244495653049,138.092372237,-222.342773743,244.495653049,-114.851367785,114.851367785,275.381653071
2750,1,90,negative,0.138092372237,-0.222201051843,0.24447631758,138.092372237,-222.201051843,244.47631758,-114.709645885,114.709645885,275.362317603
2751,0,90,negative,0.138092372237,-0.2221032712,0.244444276526,138.092372237,-222.1032712,244.444276526,-114.611865242,114.611865242,275.330276548
2751,1,90,negative,0.138092372237,-0.222201051843,0.24447631758,138.092372237,-222.201051843,244.47631758,-114.709645885,114.709645885,275.362317603
2752,0,90,negative,0.138092372237,-0.221733243682,0.244332544206,138.092372237,-221.733243682,244.332544206,-114.241837724,114.241837724,275.218544229
2752,1,90,negative,0.138092372237,-0.221546041667,0.244215687686,138.092372237,-221.546041667,244.215687686,-114.054635709,114.054635709,275.101687709
2753,0,90,negative,0.138092372237,-0.221733243682,0.244332544206,138.092372237,-221.733243682,244.332544206,-114.241837724,114.241837724,275.218544229
2753,1,90,negative,0.138092372237,-0.2221032712,0.244444276526,138.092372237,-222.1032712,244.444276526,-114.611865242,114.611865242,275.330276548
2754,0,90,negative,0.138092372237,-0.22282387981,0.244582618997,138.092372237,-222.82387981,244.582618997,-115.332473852,115.332473852,275.468619019
2754,1,90,negative,0.138092372237,-0.22263614434,0.244561924237,138.092372237,-222.63614434,244.561924237,-115.144738382,115.144738382,275.447924259
2755,0,90,negative,0.138092372237,-0.22282387981,0.244582618997,138.092372237,-222.82387981,244.582618997,-115.332473852,115.332473852,275.468619019
2755,1,90,negative,0.138092372237,-0.222915139774,0.244573270337,138.092372237,-222.915139774,244.573270337,-115.423733816,115.423733816,275.45927036
2756,0,90,negative,0.138092372237,-0.219609052627,0.243951878183,138.092372237,-219.609052627,243.951878183,-112.117646669,112.117646669,274.837878205
2756,1,90,negative,0.138092372237,-0.21937309636,0.243760080626,138.092372237,-219.37309636,243.760080626,-111.881690402,111.881690402,274.646080648
2757,0,90,negative,0.138092372237,-0.219609052627,0.243951878183,138.092372237,-219.609052627,243.951878183,-112.117646669,112.117646669,274.837878205
2757,1,90,negative,0.138092372237,-0.219743463245,0.244071513104,138.092372237,-219.743463245,244.071513104,-112.252057287,112.252057287,274.957513126
2758,0,90,negative,0.138092372237,-0.21937309636,0.243760080626,138.092372237,-219.37309636,243.760080626,-111.881690402,111.881690402,274.646080648
2758,1,90,negative,0.138092372237,-0.219145138143,0.243674007041,138.092372237,-219.145138143,243.674007041,-111.653732185,111.653732185,274.560007064
2759,0,90,negative,0.138092372237,-0.219013766332,0.243593259383,138.092372237,-219.013766332,243.593259383,-111.522360374,111.522360374,274.479259405
2759,1,90,negative,0.138092372237,-0.219145138143,0.243674007041,138.092372237,-219.145138143,243.674007041,-111.653732185,111.653732185,274.560007064
2760,0,90,negative,0.138092372237,-0.218861488501,0.243570022996,138.092372237,-218.861488501,243.570022996,-111.370082543,111.370082543,274.456023018
2760,1,90,negative,0.138092372237,-0.219013766332,0.243593259383,138.092372237,-219.013766332,243.593259383,-111.522360374,111.522360374,274.479259405
2761,0,90,negative,0.138092372237,-0.215721269245,0.242756477254,138.092372237,-215.721269245,242.756477254,-108.229863287,108.229863287,273.642477277
2761,1,90,negative,0.138092372237,-0.216062630504,0.242838182395,138.092372237,-216.062630504,242.838182395,-108.571224546,108.571224546,273.724182417
2762,0,90,negative,0.138092372237,-0.216453508681,0.242953860699,138.092372237,-216.453508681,242.953860699,-108.962102723,108.962102723,273.839860721
2762,1,90,negative,0.138092372237,-0.216062630504,0.242838182395,138.092372237,-216.062630504,242.838182395,-108.571224546,108.571224546,273.724182417
2763,0,90,negative,0.138092372237,-0.216453508681,0.242953860699,138.092372237,-216.453508681,242.953860699,-108.962102723,108.962102723,273.839860721
2763,1,90,negative,0.138092372237,-0.21653524745,0.242989307272,138.092372237,-216.53524745,242.989307272,-109.043841492,109.043841492,273.875307294
2764,0,90,positive,0.138092372237,-0.0816689918664,-0.0303996853873,138.092372237,-81.6689918664,-30.3996853873,25.8224140916,25.8224140916,0.486314634973
2764,1,90,positive,0.138092372237,-0.0821176443833,-0.0304034216374,138.092372237,-82.1176443833,-30.4034216374,25.3737615747,25.3737615747,0.482578384903
2765,0,90,positive,0.138092372237,-0.0842172939025,-0.0304371684091,138.092372237,-84.2172939025,-30.4371684091,23.2741120555,23.2741120555,0.448831613185
2765,1,90,positive,0.138092372237,-0.0843779696764,-0.0304370807177,138.092372237,-84.3779696764,-30.4370807177,23.1134362816,23.1134362816,0.448919304567
2766,0,90,positive,0.138092372237,-0.0842172939025,-0.0304371684091,138.092372237,-84.2172939025,-30.4371684091,23.2741120555,23.2741120555,0.448831613185
2766,1,90,positive,0.138092372237,-0.0821176443833,-0.0304034216374,138.092372237,-82.1176443833,-30.4034216374,25.3737615747,25.3737615747,0.482578384903
2767,0,90,positive,0.138092372237,-0.0816689918664,-0.0303996853873,138.092372237,-81.6689918664,-30.3996853873,25.8224140916,25.8224140916,0.486314634973
2767,1,90,positive,0.138092372237,-0.0803269825781,-0.0304377073194,138.092372237,-80.3269825781,-30.4377073194,27.1644233798,27.1644233798,0.448292702916
2768,0,90,positive,0.138092372237,-0.0842051763701,-0.0232588039775,138.092372237,-84.2051763701,-23.2588039775,23.2862295879,23.2862295879,7.62719604482
2768,1,90,positive,0.138092372237,-0.0841768501313,-0.0232524625043,138.092372237,-84.1768501313,-23.2524625043,23.3145558267,23.3145558267,7.63353751795
2769,0,90,positive,0.138092372237,-0.0841768501313,-0.0232524625043,138.092372237,-84.1768501313,-23.2524625043,23.3145558267,23.3145558267,7.63353751795
2769,1,90,positive,0.138092372237,-0.0840519322578,-0.0232180085259,138.092372237,-84.0519322578,-23.2180085259,23.4394737001,23.4394737001,7.66799149634
2770,0,90,positive,0.138092372237,-0.0837465000718,-0.0231381879804,138.092372237,-83.7465000718,-23.1381879804,23.7449058862,23.7449058862,7.74781204186
2770,1,90,positive,0.138092372237,-0.0830210079562,-0.0231025749282,138.092372237,-83.0210079562,-23.1025749282,24.4703980018,24.4703980018,7.78342509405
2771,0,90,positive,0.138092372237,-0.083812489092,-0.023145917185,138.092372237,-83.812489092,-23.145917185,23.678916866,23.678916866,7.7400828373
2771,1,90,positive,0.138092372237,-0.0840519322578,-0.0232180085259,138.092372237,-84.0519322578,-23.2180085259,23.4394737001,23.4394737001,7.66799149634
2772,0,90,positive,0.138092372237,-0.0837465000718,-0.0231381879804,138.092372237,-83.7465000718,-23.1381879804,23.7449058862,23.7449058862,7.74781204186
2772,1,90,positive,0.138092372237,-0.083812489092,-0.023145917185,138.092372237,-83.812489092,-23.145917185,23.678916866,23.678916866,7.7400828373
2773,0,90,positive,0.138092372237,-0.0322399746558,0.0568037949327,138.092372237,-32.2399746558,56.8037949327,75.2514313021,75.2514313021,87.689794955
2773,1,90,positive,0.138092372237,-0.0323622863462,0.0563885697115,138.092372237,-32.3622863462,56.3885697115,75.1291196118,75.1291196118,87.2745697338
2774,0,90,positive,0.138092372237,-0.0322399746558,0.0568037949327,138.092372237,-32.2399746558,56.8037949327,75.2514313021,75.2514313021,87.689794955
2774,1,90,positive,0.138092372237,-0.0321032304319,0.057222838151,138.092372237,-32.1032304319,57.222838151,75.3881755261,75.3881755261,88.1088381733
2775,0,90,positive,0.138092372237,-0.0321032304319,0.057222838151,138.092372237,-32.1032304319,57.222838151,75.3881755261,75.3881755261,88.1088381733
2775,1,90,positive,0.138092372237,-0.0319381008249,0.0576410656099,138.092372237,-31.9381008249,57.6410656099,75.5533051331,75.5533051331,88.5270656322
2776,0,90,positive,0.138092372237,-0.0317960245482,0.0579583772823,138.092372237,-31.7960245482,57.9583772823,75.6953814098,75.6953814098,88.8443773046
2776,1,90,positive,0.138092372237,-0.0319381008249,0.0576410656099,138.092372237,-31.9381008249,57.6410656099,75.5533051331,75.5533051331,88.5270656322
2777,0,90,positive,0.138092372237,-0.0300601053223,0.0551000668835,138.092372237,-30.0601053223,55.1000668835,77.4313006356,77.4313006356,85.9860669058
2777,1,90,positive,0.138092372237,-0.0300276902109,0.0551671053652,138.092372237,-30.0276902109,55.1671053652,77.463715747,77.463715747,86.0531053875
2778,0,90,positive,0.138092372237,-0.0293036693999,0.0570004447893,138.092372237,-29.3036693999,57.0004447893,78.1877365581,78.1877365581,87.8864448116
2778,1,90,positive,0.138092372237,-0.0300276902109,0.0551671053652,138.092372237,-30.0276902109,55.1671053652,77.463715747,77.463715747,86.0531053875
2779,0,90,positive,0.138092372237,-0.0293036693999,0.0570004447893,138.092372237,-29.3036693999,57.0004447893,78.1877365581,78.1877365581,87.8864448116
2779,1,90,positive,0.138092372237,-0.028996796649,0.0579042625172,138.092372237,-28.996796649,57.9042625172,78.494609309,78.494609309,88.7902625395
2780,0,90,positive,0.138092372237,-0.0287980292361,0.058686579781,138.092372237,-28.7980292361,58.686579781,78.6933767219,78.6933767219,89.5725798033
2780,1,90,positive,0.138092372237,-0.028996796649,0.0579042625172,138.092372237,-28.996796649,57.9042625172,78.494609309,78.494609309,88.7902625395
2781,0,90,positive,0.138092372237,-0.0317960245482,0.0579583772823,138.092372237,-31.7960245482,57.9583772823,75.6953814098,75.6953814098,88.8443773046
2781,1,90,positive,0.138092372237,-0.0316107000349,0.0583104829788,138.092372237,-31.6107000349,58.3104829788,75.8807059231,75.8807059231,89.1964830011
2782,0,90,positive,0.138092372237,-0.0315843884848,0.0584956332462,138.092372237,-31.5843884848,58.4956332462,75.9070174731,75.9070174731,89.3816332685
2782,1,90,positive,0.138092372237,-0.0314115395584,0.0590482625887,138.092372237,-31.4115395584,59.0482625887,76.0798663996,76.0798663996,89.934262611
2783,0,90,positive,0.138092372237,-0.0315923696143,0.0583665893342,138.092372237,-31.5923696143,58.3665893342,75.8990363436,75.8990363436,89.2525893565
2783,1,90,positive,0.138092372237,-0.0316107000349,0.0583104829788,138.092372237,-31.6107000349,58.3104829788,75.8807059231,75.8807059231,89.1964830011
2784,0,90,positive,0.138092372237,-0.0315843884848,0.0584956332462,138.092372237,-31.5843884848,58.4956332462,75.9070174731,75.9070174731,89.3816332685
2784,1,90,positive,0.138092372237,-0.0315923696143,0.0583665893342,138.092372237,-31.5923696143,58.3665893342,75.8990363436,75.8990363436,89.2525893565
2785,0,90,positive,0.138092372237,-0.0287980292361,0.058686579781,138.092372237,-28.7980292361,58.686579781,78.6933767219,78.6933767219,89.5725798033
2785,1,90,positive,0.138092372237,-0.0284490861615,0.0596953729146,138.092372237,-28.4490861615,59.6953729146,79.0423197965,79.0423197965,90.5813729369
2786,0,90,positive,0.138092372237,-0.0283993210742,0.0598397246853,138.092372237,-28.3993210742,59.8397246853,79.0920848838,79.0920848838,90.7257247076
2786,1,90,positive,0.138092372237,-0.0284490861615,0.0596953729146,138.092372237,-28.4490861615,59.6953729146,79.0423197965,79.0423197965,90.5813729369
2787,0,90,positive,0.138092372237,-0.0283287804483,0.0600820714001,138.092372237,-28.3287804483,60.0820714001,79.1626255097,79.1626255097,90.9680714224
2787,1,90,positive,0.138092372237,-0.0283993210742,0.0598397246853,138.092372237,-28.3993210742,59.8397246853,79.0920848838,79.0920848838,90.7257247076
2788,0,90,positive,0.138092372237,-0.0280454167332,0.060809741488,138.092372237,-28.0454167332,60.809741488,79.4459892247,79.4459892247,91.6957415103
2788,1,90,positive,0.138092372237,-0.0283287804483,0.0600820714001,138.092372237,-28.3287804483,60.0820714001,79.1626255097,79.1626255097,90.9680714224
2789,0,90,positive,0.138092372237,-0.0280454167332,0.060809741488,138.092372237,-28.0454167332,60.809741488,79.4459892247,79.4459892247,91.6957415103
2789,1,90,positive,0.138092372237,-0.0280322992485,0.0608466322958,138.092372237,-28.0322992485,60.8466322958,79.4591067095,79.4591067095,91.7326323181
2790,0,90,positive,0.138092372237,-0.00987335651522,0.117699422833,138.092372237,-9.87335651522,117.699422833,97.6180494428,97.6180494428,148.585422855
2790,1,90,positive,0.138092372237,-0.0101556055365,0.116563062088,138.092372237,-10.1556055365,116.563062088,97.3358004215,97.3358004215,147.44906211
2791,0,90,positive,0.138092372237,-0.00987335651522,0.117699422833,138.092372237,-9.87335651522,117.699422833,97.6180494428,97.6180494428,148.585422855
2791,1,90,positive,0.138092372237,-0.00960930968759,0.118741009745,138.092372237,-9.60930968759,118.741009745,97.8820962704,97.8820962704,149.627009767
2792,0,90,positive,0.138092372237,-0.00930774053382,0.119595764486,138.092372237,-9.30774053382,119.595764486,98.1836654242,98.1836654242,150.481764508
2792,1,90,positive,0.138092372237,-0.00960930968759,0.118741009745,138.092372237,-9.60930968759,118.741009745,97.8820962704,97.8820962704,149.627009767
2793,0,90,positive,0.138092372237,-0.00930774053382,0.119595764486,138.092372237,-9.30774053382,119.595764486,98.1836654242,98.1836654242,150.481764508
2793,1,90,positive,0.138092372237,-0.00920907343293,0.119909095503,138.092372237,-9.20907343293,119.909095503,98.2823325251,98.2823325251,150.795095525
2794,0,90,positive,0.138092372237,-0.0150243178746,0.118406477315,138.092372237,-15.0243178746,118.406477315,92.4670880834,92.4670880834,149.292477338
2794,1,90,positive,0.138092372237,-0.0148741431866,0.11892073241,138.092372237,-14.8741431866,118.92073241,92.6172627714,92.6172627714,149.806732432
2795,0,90,positive,0.138092372237,-0.0148717555842,0.11892955696,138.092372237,-14.8717555842,118.92955696,92.6196503738,92.6196503738,149.815556982
2795,1,90,positive,0.138092372237,-0.0148741431866,0.11892073241,138.092372237,-14.8741431866,118.92073241,92.6172627714,92.6172627714,149.806732432
2796,0,90,positive,0.138092372237,-0.0148687299163,0.118979754119,138.092372237,-14.8687299163,118.979754119,92.6226760417,92.6226760417,149.865754141
2796,1,90,positive,0.138092372237,-0.0148717555842,0.11892955696,138.092372237,-14.8717555842,118.92955696,92.6196503738,92.6196503738,149.815556982
2797,0,90,positive,0.138092372237,-0.00155269974425,0.176990198731,138.092372237,-1.55269974425,176.990198731,105.938706214,105.938706214,207.876198753
2797,1,90,positive,0.138092372237,-0.00143536322996,0.176714431909,138.092372237,-1.43536322996,176.714431909,106.056042728,106.056042728,207.600431932
2798,0,90,positive,0.138092372237,-0.00114931227819,0.17591113577,138.092372237,-1.14931227819,175.91113577,106.34209368,106.34209368,206.797135793
2798,1,90,positive,0.138092372237,-0.00143536322996,0.176714431909,138.092372237,-1.43536322996,176.714431909,106.056042728,106.056042728,207.600431932
2799,0,90,positive,0.138092372237,-0.00545083735157,0.17677832732,138.092372237,-5.45083735157,176.77832732,102.040568606,102.040568606,207.664327342
2799,1,90,positive,0.138092372237,-0.00540734746169,0.176900480894,138.092372237,-5.40734746169,176.900480894,102.084058496,102.084058496,207.786480916
2800,0,90,positive,0.138092372237,-0.00537832643384,0.176924535919,138.092372237,-5.37832643384,176.924535919,102.113079524,102.113079524,207.810535941
2800,1,90,positive,0.138092372237,-0.00540734746169,0.176900480894,138.092372237,-5.40734746169,176.900480894,102.084058496,102.084058496,207.786480916
2801,0,90,positive,0.138092372237,-0.00164565223753,0.177235394001,138.092372237,-1.64565223753,177.235394001,105.84575372,105.84575372,208.121394024
2801,1,90,positive,0.138092372237,-0.00155269974425,0.176990198731,138.092372237,-1.55269974425,176.990198731,105.938706214,105.938706214,207.876198753
2802,0,90,positive,0.138092372237,-0.00164565223753,0.177235394001,138.092372237,-1.64565223753,177.235394001,105.84575372,105.84575372,208.121394024
2802,1,90,positive,0.138092372237,-0.00167038135194,0.177452451625,138.092372237,-1.67038135194,177.452451625,105.821024606,105.821024606,208.338451648
2803,0,90,positive,0.138092372237,-0.00170386638438,0.177673235153,138.092372237,-1.70386638438,177.673235153,105.787539574,105.787539574,208.559235175
2803,1,90,positive,0.138092372237,-0.00167038135194,0.177452451625,138.092372237,-1.67038135194,177.452451625,105.821024606,105.821024606,208.338451648
2804,0,90,positive,0.138092372237,-0.00537832643384,0.176924535919,138.092372237,-5.37832643384,176.924535919,102.113079524,102.113079524,207.810535941
2804,1,90,positive,0.138092372237,-0.00546062552289,0.177472620784,138.092372237,-5.46062552289,177.472620784,102.030780435,102.030780435,208.358620806
2805,0,90,positive,0.138092372237,-0.00548872891626,0.177582036978,138.092372237,-5.48872891626,177.582036978,102.002677042,102.002677042,208.468037001
2805,1,90,positive,0.138092372237,-0.00546062552289,0.177472620784,138.092372237,-5.46062552289,177.472620784,102.030780435,102.030780435,208.358620806
2806,0,90,positive,0.138092372237,-0.00718311136065,0.155236910952,138.092372237,-7.18311136065,155.236910952,100.308294597,100.308294597,186.122910974
2806,1,90,positive,0.138092372237,-0.00726521161132,0.154994786918,138.092372237,-7.26521161132,154.994786918,100.226194347,100.226194347,185.88078694
2807,0,90,positive,0.138092372237,-0.00718311136065,0.155236910952,138.092372237,-7.18311136065,155.236910952,100.308294597,100.308294597,186.122910974
2807,1,90,positive,0.138092372237,-0.00701144103069,0.15647625709,138.092372237,-7.01144103069,156.47625709,100.479964927,100.479964927,187.362257112
2808,0,90,positive,0.138092372237,-0.00698131315292,0.156623318117,138.092372237,-6.98131315292,156.623318117,100.510092805,100.510092805,187.509318139
2808,1,90,positive,0.138092372237,-0.00701144103069,0.15647625709,138.092372237,-7.01144103069,156.47625709,100.479964927,100.479964927,187.362257112
2809,0,90,positive,0.138092372237,-0.0088771866401,0.12109356274,138.092372237,-8.8771866401,121.09356274,98.6142193179,98.6142193179,151.979562762
2809,1,90,positive,0.138092372237,-0.00920907343293,0.119909095503,138.092372237,-9.20907343293,119.909095503,98.2823325251,98.2823325251,150.795095525
2810,0,90,positive,0.138092372237,-0.0088771866401,0.12109356274,138.092372237,-8.8771866401,121.09356274,98.6142193179,98.6142193179,151.979562762
2810,1,90,positive,0.138092372237,-0.00885210964367,0.121178712433,138.092372237,-8.85210964367,121.178712433,98.6392963143,98.6392963143,152.064712455
2811,0,90,positive,0.138092372237,-0.00866046765755,0.121696278905,138.092372237,-8.66046765755,121.696278905,98.8309383004,98.8309383004,152.582278927
2811,1,90,positive,0.138092372237,-0.00885210964367,0.121178712433,138.092372237,-8.85210964367,121.178712433,98.6392963143,98.6392963143,152.064712455
2812,0,90,positive,0.138092372237,-0.00866046765755,0.121696278905,138.092372237,-8.66046765755,121.696278905,98.8309383004,98.8309383004,152.582278927
2812,1,90,positive,0.138092372237,-0.00838825372745,0.122712000785,138.092372237,-8.38825372745,122.712000785,99.1031522305,99.1031522305,153.598000807
2813,0,90,positive,0.138092372237,-0.00812996931108,0.123735598625,138.092372237,-8.12996931108,123.735598625,99.3614366469,99.3614366469,154.621598648
2813,1,90,positive,0.138092372237,-0.00838825372745,0.122712000785,138.092372237,-8.38825372745,122.712000785,99.1031522305,99.1031522305,153.598000807
2814,0,90,positive,0.138092372237,-0.0148687299163,0.118979754119,138.092372237,-14.8687299163,118.979754119,92.6226760417,92.6226760417,149.865754141
2814,1,90,positive,0.138092372237,-0.0147933594691,0.119722969843,138.092372237,-14.7933594691,119.722969843,92.6980464889,92.6980464889,150.608969866
2815,0,90,positive,0.138092372237,-0.0146625751554,0.12044330905,138.092372237,-14.6625751554,120.44330905,92.8288308026,92.8288308026,151.329309072
2815,1,90,positive,0.138092372237,-0.0147933594691,0.119722969843,138.092372237,-14.7933594691,119.722969843,92.6980464889,92.6980464889,150.608969866
2816,0,90,positive,0.138092372237,-0.0145707730427,0.121309560778,138.092372237,-14.5707730427,121.309560778,92.9206329153,92.9206329153,152.195560801
2816,1,90,positive,0.138092372237,-0.0146625751554,0.12044330905,138.092372237,-14.6625751554,120.44330905,92.8288308026,92.8288308026,151.329309072
2817,0,90,positive,0.138092372237,-0.0145707730427,0.121309560778,138.092372237,-14.5707730427,121.309560778,92.9206329153,92.9206329153,152.195560801
2817,1,90,positive,0.138092372237,-0.0145547156719,0.121413664002,138.092372237,-14.5547156719,121.413664002,92.9366902861,92.9366902861,152.299664024
2818,0,90,positive,0.138092372237,-0.00165875410103,0.177907245182,138.092372237,-1.65875410103,177.907245182,105.832651857,105.832651857,208.793245205
2818,1,90,positive,0.138092372237,-0.00170386638438,0.177673235153,138.092372237,-1.70386638438,177.673235153,105.787539574,105.787539574,208.559235175
2819,0,90,positive,0.138092372237,-0.00165875410103,0.177907245182,138.092372237,-1.65875410103,177.907245182,105.832651857,105.832651857,208.793245205
2819,1,90,positive,0.138092372237,-0.00158163036813,0.178352353434,138.092372237,-1.58163036813,178.352353434,105.90977559,105.90977559,209.238353456
2820,0,90,positive,0.138092372237,-0.00158163036813,0.178352353434,138.092372237,-1.58163036813,178.352353434,105.90977559,105.90977559,209.238353456
2820,1,90,positive,0.138092372237,-0.00152999660233,0.178394061421,138.092372237,-1.52999660233,178.394061421,105.961409356,105.961409356,209.280061444
2821,0,90,positive,0.138092372237,-0.00149761603403,0.178646553612,138.092372237,-1.49761603403,178.646553612,105.993789924,105.993789924,209.532553635
2821,1,90,positive,0.138092372237,-0.00152999660233,0.178394061421,138.092372237,-1.52999660233,178.394061421,105.961409356,105.961409356,209.280061444
2822,0,90,positive,0.138092372237,-0.00149761603403,0.178646553612,138.092372237,-1.49761603403,178.646553612,105.993789924,105.993789924,209.532553635
2822,1,90,positive,0.138092372237,-0.00146796153457,0.179240461267,138.092372237,-1.46796153457,179.240461267,106.023444423,106.023444423,210.126461289
2823,0,90,positive,0.138092372237,-0.00131812236765,0.179514475854,138.092372237,-1.31812236765,179.514475854,106.17328359,106.17328359,210.400475877
2823,1,90,positive,0.138092372237,-0.00146796153457,0.179240461267,138.092372237,-1.46796153457,179.240461267,106.023444423,106.023444423,210.126461289
2824,0,90,positive,0.138092372237,-0.00123445618766,0.179639403125,138.092372237,-1.23445618766,179.639403125,106.25694977,106.25694977,210.525403147
2824,1,90,positive,0.138092372237,-0.00131812236765,0.179514475854,138.092372237,-1.31812236765,179.514475854,106.17328359,106.17328359,210.400475877
2825,0,90,positive,0.138092372237,-0.00108867276829,0.179884235314,138.092372237,-1.08867276829,179.884235314,106.40273319,106.40273319,210.770235336
2825,1,90,positive,0.138092372237,-0.00123445618766,0.179639403125,138.092372237,-1.23445618766,179.639403125,106.25694977,106.25694977,210.525403147
2826,0,90,positive,0.138092372237,-0.00108867276829,0.179884235314,138.092372237,-1.08867276829,179.884235314,106.40273319,106.40273319,210.770235336
2826,1,90,positive,0.138092372237,-0.00103959163389,0.180019613364,138.092372237,-1.03959163389,180.019613364,106.451814324,106.451814324,210.905613386
2827,0,90,positive,0.138092372237,-0.00103959163389,0.180019613364,138.092372237,-1.03959163389,180.019613364,106.451814324,106.451814324,210.905613386
2827,1,90,positive,0.138092372237,-0.00100410828664,0.180176160999,138.092372237,-1.00410828664,180.176160999,106.487297671,106.487297671,211.062161021
2828,0,90,positive,0.138092372237,-0.00549719148106,0.177865207513,138.092372237,-5.49719148106,177.865207513,101.994214477,101.994214477,208.751207536
2828,1,90,positive,0.138092372237,-0.00551062410381,0.178463072272,138.092372237,-5.51062410381,178.463072272,101.980781854,101.980781854,209.349072294
2829,0,90,positive,0.138092372237,-0.00551062410381,0.178463072272,138.092372237,-5.51062410381,178.463072272,101.980781854,101.980781854,209.349072294
2829,1,90,positive,0.138092372237,-0.00554753908227,0.178784818734,138.092372237,-5.54753908227,178.784818734,101.943866876,101.943866876,209.670818757
2830,0,90,positive,0.138092372237,-0.00554753908227,0.178784818734,138.092372237,-5.54753908227,178.784818734,101.943866876,101.943866876,209.670818757
2830,1,90,positive,0.138092372237,-0.0056082265701,0.179610605132,138.092372237,-5.6082265701,179.610605132,101.883179388,101.883179388,210.496605154
2831,0,90,positive,0.138092372237,-0.00561144337064,0.179669057895,138.092372237,-5.61144337064,179.669057895,101.879962587,101.879962587,210.555057917
2831,1,90,positive,0.138092372237,-0.0056082265701,0.179610605132,138.092372237,-5.6082265701,179.610605132,101.883179388,101.883179388,210.496605154
2832,0,90,positive,0.138092372237,-0.00549584380032,0.177643431227,138.092372237,-5.49584380032,177.643431227,101.995562158,101.995562158,208.529431249
2832,1,90,positive,0.138092372237,-0.00548872891626,0.177582036978,138.092372237,-5.48872891626,177.582036978,102.002677042,102.002677042,208.468037001
2833,0,90,positive,0.138092372237,-0.00549719148106,0.177865207513,138.092372237,-5.49719148106,177.865207513,101.994214477,101.994214477,208.751207536
2833,1,90,positive,0.138092372237,-0.00549584380032,0.177643431227,138.092372237,-5.49584380032,177.643431227,101.995562158,101.995562158,208.529431249
2834,0,90,positive,0.138092372237,-0.0235723069708,0.242148773976,138.092372237,-23.5723069708,242.148773976,83.9190989872,83.9190989872,273.034773998
2834,1,90,positive,0.138092372237,-0.0235535744517,0.242149248975,138.092372237,-23.5535744517,242.149248975,83.9378315062,83.9378315062,273.035248997
2835,0,90,positive,0.138092372237,-0.0240653678698,0.242018105352,138.092372237,-24.0653678698,242.018105352,83.4260380881,83.4260380881,272.904105374
2835,1,90,positive,0.138092372237,-0.0240472387732,0.242033041,138.092372237,-24.0472387732,242.033041,83.4441671847,83.4441671847,272.919041023
2836,0,90,positive,0.138092372237,-0.0235723069708,0.242148773976,138.092372237,-23.5723069708,242.148773976,83.9190989872,83.9190989872,273.034773998
2836,1,90,positive,0.138092372237,-0.0240472387732,0.242033041,138.092372237,-24.0472387732,242.033041,83.4441671847,83.4441671847,272.919041023
2837,0,90,positive,0.138092372237,-0.0231671550195,0.242298905797,138.092372237,-23.1671550195,242.298905797,84.3242509385,84.3242509385,273.184905819
2837,1,90,positive,0.138092372237,-0.0235535744517,0.242149248975,138.092372237,-23.5535744517,242.149248975,83.9378315062,83.9378315062,273.035248997
2838,0,90,positive,0.138092372237,-0.0231671550195,0.242298905797,138.092372237,-23.1671550195,242.298905797,84.3242509385,84.3242509385,273.184905819
2838,1,90,positive,0.138092372237,-0.0231863525777,0.242363306372,138.092372237,-23.1863525777,242.363306372,84.3050533803,84.3050533803,273.249306394
2839,0,90,positive,0.138092372237,-0.0233037784724,0.242641681402,138.092372237,-23.3037784724,242.641681402,84.1876274856,84.1876274856,273.527681425
2839,1,90,positive,0.138092372237,-0.0234205520561,0.242902848844,138.092372237,-23.4205520561,242.902848844,84.0708539019,84.0708539019,273.788848866
2840,0,90,positive,0.138092372237,-0.0232637816535,0.242584185882,138.092372237,-23.2637816535,242.584185882,84.2276243045,84.2276243045,273.470185904
2840,1,90,positive,0.138092372237,-0.0231863525777,0.242363306372,138.092372237,-23.1863525777,242.363306372,84.3050533803,84.3050533803,273.249306394
2841,0,90,positive,0.138092372237,-0.0233037784724,0.242641681402,138.092372237,-23.3037784724,242.641681402,84.1876274856,84.1876274856,273.527681425
2841,1,90,positive,0.138092372237,-0.0232637816535,0.242584185882,138.092372237,-23.2637816535,242.584185882,84.2276243045,84.2276243045,273.470185904
2842,0,90,positive,0.138092372237,-0.0234205520561,0.242902848844,138.092372237,-23.4205520561,242.902848844,84.0708539019,84.0708539019,273.788848866
2842,1,90,positive,0.138092372237,-0.0232846195732,0.243229743376,138.092372237,-23.2846195732,243.229743376,84.2067863848,84.2067863848,274.115743398
2843,0,90,positive,0.138092372237,-0.0843779696764,-0.0304370807177,138.092372237,-84.3779696764,-30.4370807177,23.1134362816,23.1134362816,0.448919304567
2843,1,90,positive,0.138092372237,-0.0844707020287,-0.0304377164917,138.092372237,-84.4707020287,-30.4377164917,23.0207039293,23.0207039293,0.448283530614
2844,0,90,positive,0.138092372237,-0.0858809134858,-0.0304972732491,138.092372237,-85.8809134858,-30.4972732491,21.6104924722,21.6104924722,0.388726773237
2844,1,90,positive,0.138092372237,-0.0859312996963,-0.0304970817903,138.092372237,-85.9312996963,-30.4970817903,21.5601062617,21.5601062617,0.388918231997
2845,0,90,positive,0.138092372237,-0.0858466754492,-0.0304947930198,138.092372237,-85.8466754492,-30.4947930198,21.6447305088,21.6447305088,0.391207002502
2845,1,90,positive,0.138092372237,-0.0858809134858,-0.0304972732491,138.092372237,-85.8809134858,-30.4972732491,21.6104924722,21.6104924722,0.388726773237
2846,0,90,positive,0.138092372237,-0.0858466754492,-0.0304947930198,138.092372237,-85.8466754492,-30.4947930198,21.6447305088,21.6447305088,0.391207002502
2846,1,90,positive,0.138092372237,-0.0844707020287,-0.0304377164917,138.092372237,-84.4707020287,-30.4377164917,23.0207039293,23.0207039293,0.448283530614
2847,0,90,positive,0.138092372237,-0.0875358156721,-0.0305080540135,138.092372237,-87.5358156721,-30.5080540135,19.9555902858,19.9555902858,0.377946008759
2847,1,90,positive,0.138092372237,-0.0859312996963,-0.0304970817903,138.092372237,-85.9312996963,-30.4970817903,21.5601062617,21.5601062617,0.388918231997
2848,0,90,positive,0.138092372237,-0.0842632556514,-0.0232632295936,138.092372237,-84.2632556514,-23.2632295936,23.2281503066,23.2281503066,7.62277042867
2848,1,90,positive,0.138092372237,-0.0842051763701,-0.0232588039775,138.092372237,-84.2051763701,-23.2588039775,23.2862295879,23.2862295879,7.62719604482
2849,0,90,positive,0.138092372237,-0.0842632556514,-0.0232632295936,138.092372237,-84.2632556514,-23.2632295936,23.2281503066,23.2281503066,7.62277042867
2849,1,90,positive,0.138092372237,-0.0849250899507,-0.0233159717211,138.092372237,-84.9250899507,-23.3159717211,22.5663160073,22.5663160073,7.57002830114
2850,0,90,positive,0.138092372237,-0.0859997818659,-0.0234354467543,138.092372237,-85.9997818659,-23.4354467543,21.4916240921,21.4916240921,7.450553268
2850,1,90,positive,0.138092372237,-0.085278018112,-0.0233736495246,138.092372237,-85.278018112,-23.3736495246,22.213387846,22.213387846,7.51235049766
2851,0,90,positive,0.138092372237,-0.0849250899507,-0.0233159717211,138.092372237,-84.9250899507,-23.3159717211,22.5663160073,22.5663160073,7.57002830114
2851,1,90,positive,0.138092372237,-0.085278018112,-0.0233736495246,138.092372237,-85.278018112,-23.3736495246,22.213387846,22.213387846,7.51235049766
2852,0,90,positive,0.138092372237,-0.0859997818659,-0.0234354467543,138.092372237,-85.9997818659,-23.4354467543,21.4916240921,21.4916240921,7.450553268
2852,1,90,positive,0.138092372237,-0.0860814761914,-0.0234340776701,138.092372237,-86.0814761914,-23.4340776701,21.4099297666,21.4099297666,7.45192235218
2853,0,90,negative,0.138092372237,-0.178471643783,0.048278191771,138.092372237,-178.471643783,48.278191771,-70.9802378249,70.9802378249,79.1641917933
2853,1,90,negative,0.138092372237,-0.178157197159,0.0476052358225,138.092372237,-178.157197159,47.6052358225,-70.6657912014,70.6657912014,78.4912358448
2854,0,90,negative,0.138092372237,-0.179479572799,0.0508885799899,138.092372237,-179.479572799,50.8885799899,-71.9881668406,71.9881668406,81.7745800121
2854,1,90,negative,0.138092372237,-0.179392605557,0.0506189509992,138.092372237,-179.392605557,50.6189509992,-71.9011995987,71.9011995987,81.5049510215
2855,0,90,negative,0.138092372237,-0.179500014714,0.0509606310464,138.092372237,-179.500014714,50.9606310464,-72.0086087562,72.0086087562,81.8466310687
2855,1,90,negative,0.138092372237,-0.179479572799,0.0508885799899,138.092372237,-179.479572799,50.8885799899,-71.9881668406,71.9881668406,81.7745800121
2856,0,90,negative,0.138092372237,-0.183266808853,0.0491720257278,138.092372237,-183.266808853,49.1720257278,-75.7754028952,75.7754028952,80.0580257501
2856,1,90,negative,0.138092372237,-0.183232102139,0.0490873203354,138.092372237,-183.232102139,49.0873203354,-75.740696181,75.740696181,79.9733203577
2857,0,90,negative,0.138092372237,-0.183885758057,0.0503679318042,138.092372237,-183.885758057,50.3679318042,-76.3943520994,76.3943520994,81.2539318265
2857,1,90,negative,0.138092372237,-0.184297321927,0.0513005355641,138.092372237,-184.297321927,51.3005355641,-76.8059159685,76.8059159685,82.1865355864
2858,0,90,negative,0.138092372237,-0.183266808853,0.0491720257278,138.092372237,-183.266808853,49.1720257278,-75.7754028952,75.7754028952,80.0580257501
2858,1,90,negative,0.138092372237,-0.183641478383,0.0498727659611,138.092372237,-183.641478383,49.8727659611,-76.1500724245,76.1500724245,80.7587659834
2859,0,90,negative,0.138092372237,-0.183885758057,0.0503679318042,138.092372237,-183.885758057,50.3679318042,-76.3943520994,76.3943520994,81.2539318265
2859,1,90,negative,0.138092372237,-0.183641478383,0.0498727659611,138.092372237,-183.641478383,49.8727659611,-76.1500724245,76.1500724245,80.7587659834
2860,0,90,negative,0.138092372237,-0.178471643783,0.048278191771,138.092372237,-178.471643783,48.278191771,-70.9802378249,70.9802378249,79.1641917933
2860,1,90,negative,0.138092372237,-0.178771087063,0.0487856939207,138.092372237,-178.771087063,48.7856939207,-71.2796811052,71.2796811052,79.671693943
2861,0,90,negative,0.138092372237,-0.178771087063,0.0487856939207,138.092372237,-178.771087063,48.7856939207,-71.2796811052,71.2796811052,79.671693943
2861,1,90,negative,0.138092372237,-0.179392605557,0.0506189509992,138.092372237,-179.392605557,50.6189509992,-71.9011995987,71.9011995987,81.5049510215
2862,0,90,negative,0.138092372237,-0.202172994614,0.124847014729,138.092372237,-202.172994614,124.847014729,-94.6815886557,94.6815886557,155.733014751
2862,1,90,negative,0.138092372237,-0.202236754033,0.125181725858,138.092372237,-202.236754033,125.181725858,-94.7453480746,94.7453480746,156.067725881
2863,0,90,negative,0.138092372237,-0.202172994614,0.124847014729,138.092372237,-202.172994614,124.847014729,-94.6815886557,94.6815886557,155.733014751
2863,1,90,negative,0.138092372237,-0.201998852154,0.124151416249,138.092372237,-201.998852154,124.151416249,-94.5074461965,94.5074461965,155.037416272
2864,0,90,negative,0.138092372237,-0.202481743494,0.125684269234,138.092372237,-202.481743494,125.684269234,-94.9903375363,94.9903375363,156.570269256
2864,1,90,negative,0.138092372237,-0.202236754033,0.125181725858,138.092372237,-202.236754033,125.181725858,-94.7453480746,94.7453480746,156.067725881
2865,0,90,negative,0.138092372237,-0.207026575106,0.123850096744,138.092372237,-207.026575106,123.850096744,-99.5351691475,99.5351691475,154.736096766
2865,1,90,negative,0.138092372237,-0.207211329114,0.124725619939,138.092372237,-207.211329114,124.725619939,-99.7199231558,99.7199231558,155.611619961
2866,0,90,negative,0.138092372237,-0.207274376482,0.125134727376,138.092372237,-207.274376482,125.134727376,-99.7829705236,99.7829705236,156.020727398
2866,1,90,negative,0.138092372237,-0.207211329114,0.124725619939,138.092372237,-207.211329114,124.725619939,-99.7199231558,99.7199231558,155.611619961
2867,0,90,negative,0.138092372237,-0.207694370058,0.126995679979,138.092372237,-207.694370058,126.995679979,-100.2029641,100.2029641,157.881680001
2867,1,90,negative,0.138092372237,-0.207274376482,0.125134727376,138.092372237,-207.274376482,125.134727376,-99.7829705236,99.7829705236,156.020727398
2868,0,90,negative,0.138092372237,-0.207694370058,0.126995679979,138.092372237,-207.694370058,126.995679979,-100.2029641,100.2029641,157.881680001
2868,1,90,negative,0.138092372237,-0.207799302111,0.127457918479,138.092372237,-207.799302111,127.457918479,-100.307896153,100.307896153,158.343918502
2869,0,90,negative,0.138092372237,-0.202481743494,0.125684269234,138.092372237,-202.481743494,125.684269234,-94.9903375363,94.9903375363,156.570269256
2869,1,90,negative,0.138092372237,-0.202748542337,0.12623252765,138.092372237,-202.748542337,126.23252765,-95.2571363792,95.2571363792,157.118527672
2870,0,90,negative,0.138092372237,-0.181344087675,0.0545764740428,138.092372237,-181.344087675,54.5764740428,-73.8526817175,73.8526817175,85.4624740651
2870,1,90,negative,0.138092372237,-0.180714570868,0.0535783699991,138.092372237,-180.714570868,53.5783699991,-73.2231649098,73.2231649098,84.4643700214
2871,0,90,negative,0.138092372237,-0.184970867572,0.0527714929922,138.092372237,-184.970867572,52.7714929922,-77.4794616145,77.4794616145,83.6574930145
2871,1,90,negative,0.138092372237,-0.185012196458,0.0528429188639,138.092372237,-185.012196458,52.8429188639,-77.5207905004,77.5207905004,83.7289188862
2872,0,90,negative,0.138092372237,-0.185012196458,0.0528429188639,138.092372237,-185.012196458,52.8429188639,-77.5207905004,77.5207905004,83.7289188862
2872,1,90,negative,0.138092372237,-0.185028237453,0.0528851678044,138.092372237,-185.028237453,52.8851678044,-77.5368314948,77.5368314948,83.7711678267
2873,0,90,negative,0.138092372237,-0.185028237453,0.0528851678044,138.092372237,-185.028237453,52.8851678044,-77.5368314948,77.5368314948,83.7711678267
2873,1,90,negative,0.138092372237,-0.185073522668,0.0529773674766,138.092372237,-185.073522668,52.9773674766,-77.5821167097,77.5821167097,83.8633674989
2874,0,90,negative,0.138092372237,-0.184935952841,0.0526872065397,138.092372237,-184.935952841,52.6872065397,-77.4445468827,77.4445468827,83.573206562
2874,1,90,negative,0.138092372237,-0.184970867572,0.0527714929922,138.092372237,-184.970867572,52.7714929922,-77.4794616145,77.4794616145,83.6574930145
2875,0,90,negative,0.138092372237,-0.184935952841,0.0526872065397,138.092372237,-184.935952841,52.6872065397,-77.4445468827,77.4445468827,83.573206562
2875,1,90,negative,0.138092372237,-0.184297321927,0.0513005355641,138.092372237,-184.297321927,51.3005355641,-76.8059159685,76.8059159685,82.1865355864
2876,0,90,negative,0.138092372237,-0.179568687907,0.0511165927951,138.092372237,-179.568687907,51.1165927951,-72.0772819493,72.0772819493,82.0025928174
2876,1,90,negative,0.138092372237,-0.179500014714,0.0509606310464,138.092372237,-179.500014714,50.9606310464,-72.0086087562,72.0086087562,81.8466310687
2877,0,90,negative,0.138092372237,-0.179568687907,0.0511165927951,138.092372237,-179.568687907,51.1165927951,-72.0772819493,72.0772819493,82.0025928174
2877,1,90,negative,0.138092372237,-0.180279220198,0.0526948745103,138.092372237,-180.279220198,52.6948745103,-72.7878142397,72.7878142397,83.5808745326
2878,0,90,negative,0.138092372237,-0.180279220198,0.0526948745103,138.092372237,-180.279220198,52.6948745103,-72.7878142397,72.7878142397,83.5808745326
2878,1,90,negative,0.138092372237,-0.180714570868,0.0535783699991,138.092372237,-180.714570868,53.5783699991,-73.2231649098,73.2231649098,84.4643700214
2879,0,90,negative,0.138092372237,-0.185278095276,0.0534121350257,138.092372237,-185.278095276,53.4121350257,-77.7866893182,77.7866893182,84.298135048
2879,1,90,negative,0.138092372237,-0.185073522668,0.0529773674766,138.092372237,-185.073522668,52.9773674766,-77.5821167097,77.5821167097,83.8633674989
2880,0,90,negative,0.138092372237,-0.185623279826,0.0541727316703,138.092372237,-185.623279826,54.1727316703,-78.1318738683,78.1318738683,85.0587316926
2880,1,90,negative,0.138092372237,-0.185278095276,0.0534121350257,138.092372237,-185.278095276,53.4121350257,-77.7866893182,77.7866893182,84.298135048
2881,0,90,negative,0.138092372237,-0.20798561224,0.128400590828,138.092372237,-207.98561224,128.400590828,-100.494206283,100.494206283,159.28659085
2881,1,90,negative,0.138092372237,-0.207799302111,0.127457918479,138.092372237,-207.799302111,127.457918479,-100.307896153,100.307896153,158.343918502
2882,0,90,negative,0.138092372237,-0.20798561224,0.128400590828,138.092372237,-207.98561224,128.400590828,-100.494206283,100.494206283,159.28659085
2882,1,90,negative,0.138092372237,-0.208038547107,0.128765130859,138.092372237,-208.038547107,128.765130859,-100.547141149,100.547141149,159.651130881
2883,0,90,negative,0.138092372237,-0.208038547107,0.128765130859,138.092372237,-208.038547107,128.765130859,-100.547141149,100.547141149,159.651130881
2883,1,90,negative,0.138092372237,-0.208163706471,0.129314931958,138.092372237,-208.163706471,129.314931958,-100.672300513,100.672300513,160.200931981
2884,0,90,negative,0.138092372237,-0.208460726388,0.130704307999,138.092372237,-208.460726388,130.704307999,-100.96932043,100.96932043,161.590308021
2884,1,90,negative,0.138092372237,-0.208163706471,0.129314931958,138.092372237,-208.163706471,129.314931958,-100.672300513,100.672300513,160.200931981
2885,0,90,negative,0.138092372237,-0.202815258408,0.126282265676,138.092372237,-202.815258408,126.282265676,-95.3238524498,95.3238524498,157.168265699
2885,1,90,negative,0.138092372237,-0.202748542337,0.12623252765,138.092372237,-202.748542337,126.23252765,-95.2571363792,95.2571363792,157.118527672
2886,0,90,negative,0.138092372237,-0.203205809881,0.12782376413,138.092372237,-203.205809881,127.82376413,-95.7144039226,95.7144039226,158.709764152
2886,1,90,negative,0.138092372237,-0.203446405015,0.128481420294,138.092372237,-203.446405015,128.481420294,-95.9549990573,95.9549990573,159.367420316
2887,0,90,negative,0.138092372237,-0.203205809881,0.12782376413,138.092372237,-203.205809881,127.82376413,-95.7144039226,95.7144039226,158.709764152
2887,1,90,negative,0.138092372237,-0.203160202379,0.127644352437,138.092372237,-203.160202379,127.644352437,-95.6687964206,95.6687964206,158.53035246
2888,0,90,negative,0.138092372237,-0.202949414645,0.126788414853,138.092372237,-202.949414645,126.788414853,-95.4580086875,95.4580086875,157.674414875
2888,1,90,negative,0.138092372237,-0.202815258408,0.126282265676,138.092372237,-202.815258408,126.282265676,-95.3238524498,95.3238524498,157.168265699
2889,0,90,negative,0.138092372237,-0.202949414645,0.126788414853,138.092372237,-202.949414645,126.788414853,-95.4580086875,95.4580086875,157.674414875
2889,1,90,negative,0.138092372237,-0.203160202379,0.127644352437,138.092372237,-203.160202379,127.644352437,-95.6687964206,95.6687964206,158.53035246
2890,0,90,negative,0.138092372237,-0.201832391547,0.212374424698,138.092372237,-201.832391547,212.374424698,-94.340985589,94.340985589,243.26042472
2890,1,90,negative,0.138092372237,-0.202754282466,0.211586951403,138.092372237,-202.754282466,211.586951403,-95.2628765079,95.2628765079,242.472951426
2891,0,90,negative,0.138092372237,-0.200770766257,0.213325967501,138.092372237,-200.770766257,213.325967501,-93.2793602988,93.2793602988,244.211967524
2891,1,90,negative,0.138092372237,-0.201832391547,0.212374424698,138.092372237,-201.832391547,212.374424698,-94.340985589,94.340985589,243.26042472
