segment_id,endpoint,angle_deg,side,x_input,y_input,z_input,x_mm,y_mm,z_mm,signed_r_mm,radial_r_mm,z_from_bottom_mm
0,0,0,negative,0.0993776494055,-0.107491405958,-0.0136557341299,99.3776494055,-107.491405958,-13.6557341299,-38.7147228317,38.7147228317,17.2302658924
0,1,0,negative,0.0993984455886,-0.107491405958,-0.0136921779872,99.3984455886,-107.491405958,-13.6921779872,-38.6939266486,38.6939266486,17.1938220351
1,0,0,negative,0.0993598875952,-0.107491405958,-0.0136345467348,99.3598875952,-107.491405958,-13.6345467348,-38.7324846421,38.7324846421,17.2514532875
1,1,0,negative,0.0993776494055,-0.107491405958,-0.0136557341299,99.3776494055,-107.491405958,-13.6557341299,-38.7147228317,38.7147228317,17.2302658924
2,0,0,negative,0.0996365585271,-0.107491405958,-0.0141806932259,99.6365585271,-107.491405958,-14.1806932259,-38.4558137101,38.4558137101,16.7053067964
2,1,0,negative,0.0993984455886,-0.107491405958,-0.0136921779872,99.3984455886,-107.491405958,-13.6921779872,-38.6939266486,38.6939266486,17.1938220351
3,0,0,negative,0.0993598875952,-0.107491405958,-0.0136345467348,99.3598875952,-107.491405958,-13.6345467348,-38.7324846421,38.7324846421,17.2514532875
3,1,0,negative,0.0989231928554,-0.107491405958,-0.0132554927352,98.9231928554,-107.491405958,-13.2554927352,-39.1691793818,39.1691793818,17.6305072871
4,0,0,negative,0.0984884372435,-0.107491405958,-0.0128515185423,98.4884372435,-107.491405958,-12.8515185423,-39.6039349937,39.6039349937,18.03448148
4,1,0,negative,0.0989231928554,-0.107491405958,-0.0132554927352,98.9231928554,-107.491405958,-13.2554927352,-39.1691793818,39.1691793818,17.6305072871
5,0,0,negative,0.0984884372435,-0.107491405958,-0.0128515185423,98.4884372435,-107.491405958,-12.8515185423,-39.6039349937,39.6039349937,18.03448148
5,1,0,negative,0.0981106176702,-0.107491405958,-0.0124486874361,98.1106176702,-107.491405958,-12.4486874361,-39.981754567,39.981754567,18.4373125862
6,0,0,negative,0.0981106176702,-0.107491405958,-0.0124486874361,98.1106176702,-107.491405958,-12.4486874361,-39.981754567,39.981754567,18.4373125862
6,1,0,negative,0.0977363881172,-0.107491405958,-0.0121822257682,97.7363881172,-107.491405958,-12.1822257682,-40.35598412,40.35598412,18.7037742541
7,0,0,negative,0.0972702195104,-0.107491405958,-0.0117639579602,97.2702195104,-107.491405958,-11.7639579602,-40.8221527268,40.8221527268,19.1220420621
7,1,0,negative,0.0977363881172,-0.107491405958,-0.0121822257682,97.7363881172,-107.491405958,-12.1822257682,-40.35598412,40.35598412,18.7037742541
8,0,0,negative,0.0972702195104,-0.107491405958,-0.0117639579602,97.2702195104,-107.491405958,-11.7639579602,-40.8221527268,40.8221527268,19.1220420621
8,1,0,negative,0.097232031897,-0.107491405958,-0.0117283846889,97.232031897,-107.491405958,-11.7283846889,-40.8603403402,40.8603403402,19.1576153334
9,0,0,negative,0.0969046977882,-0.107491405958,-0.0110353747151,96.9046977882,-107.491405958,-11.0353747151,-41.1876744491,41.1876744491,19.8506253072
9,1,0,negative,0.0968419242724,-0.107491405958,-0.0108699876515,96.8419242724,-107.491405958,-10.8699876515,-41.2504479648,41.2504479648,20.0160123708
10,0,0,negative,0.0969046977882,-0.107491405958,-0.0110353747151,96.9046977882,-107.491405958,-11.0353747151,-41.1876744491,41.1876744491,19.8506253072
10,1,0,negative,0.097232031897,-0.107491405958,-0.0117283846889,97.232031897,-107.491405958,-11.7283846889,-40.8603403402,40.8603403402,19.1576153334
11,0,0,negative,0.0968419242724,-0.107491405958,-0.0108699876515,96.8419242724,-107.491405958,-10.8699876515,-41.2504479648,41.2504479648,20.0160123708
11,1,0,negative,0.0967740938108,-0.107491405958,-0.0106170759476,96.7740938108,-107.491405958,-10.6170759476,-41.3182784264,41.3182784264,20.2689240746
12,0,0,negative,0.0967740938108,-0.107491405958,-0.0106170759476,96.7740938108,-107.491405958,-10.6170759476,-41.3182784264,41.3182784264,20.2689240746
12,1,0,negative,0.0966564995105,-0.107491405958,-0.0102931187583,96.6564995105,-107.491405958,-10.2931187583,-41.4358727268,41.4358727268,20.592881264
13,0,0,negative,0.0965295880622,-0.107491405958,-0.00988239838173,96.5295880622,-107.491405958,-9.88239838173,-41.562784175,41.562784175,21.0036016406
13,1,0,negative,0.0966564995105,-0.107491405958,-0.0102931187583,96.6564995105,-107.491405958,-10.2931187583,-41.4358727268,41.4358727268,20.592881264
14,0,0,negative,0.0964215006798,-0.107491405958,-0.00966161931297,96.4215006798,-107.491405958,-9.66161931297,-41.6708715574,41.6708715574,21.2243807093
14,1,0,negative,0.0965295880622,-0.107491405958,-0.00988239838173,96.5295880622,-107.491405958,-9.88239838173,-41.562784175,41.562784175,21.0036016406
15,0,0,negative,0.0964215006798,-0.107491405958,-0.00966161931297,96.4215006798,-107.491405958,-9.66161931297,-41.6708715574,41.6708715574,21.2243807093
15,1,0,negative,0.0962784972439,-0.107491405958,-0.00942372865388,96.2784972439,-107.491405958,-9.42372865388,-41.8138749933,41.8138749933,21.4622713684
16,0,0,negative,0.0931945716015,-0.107491405958,-0.0132690897704,93.1945716015,-107.491405958,-13.2690897704,-44.8978006358,44.8978006358,17.6169102519
16,1,0,negative,0.0933993188946,-0.107491405958,-0.013631339198,93.3993188946,-107.491405958,-13.631339198,-44.6930533427,44.6930533427,17.2546608243
17,0,0,negative,0.0931945716015,-0.107491405958,-0.0132690897704,93.1945716015,-107.491405958,-13.2690897704,-44.8978006358,44.8978006358,17.6169102519
17,1,0,negative,0.0928251653329,-0.107491405958,-0.0125861540686,92.8251653329,-107.491405958,-12.5861540686,-45.2672069043,45.2672069043,18.2998459537
18,0,0,negative,0.0928251653329,-0.107491405958,-0.0125861540686,92.8251653329,-107.491405958,-12.5861540686,-45.2672069043,45.2672069043,18.2998459537
18,1,0,negative,0.0921588541909,-0.107491405958,-0.0114820445341,92.1588541909,-107.491405958,-11.4820445341,-45.9335180463,45.9335180463,19.4039554882
19,0,0,negative,0.0962784972439,-0.107491405958,-0.00942372865388,96.2784972439,-107.491405958,-9.42372865388,-41.8138749933,41.8138749933,21.4622713684
19,1,0,negative,0.0962072098266,-0.107491405958,-0.00914352115942,96.2072098266,-107.491405958,-9.14352115942,-41.8851624106,41.8851624106,21.7424788629
20,0,0,negative,0.0958939642888,-0.107491405958,-0.00853125667783,95.8939642888,-107.491405958,-8.53125667783,-42.1984079484,42.1984079484,22.3547433445
20,1,0,negative,0.0962072098266,-0.107491405958,-0.00914352115942,96.2072098266,-107.491405958,-9.14352115942,-41.8851624106,41.8851624106,21.7424788629
21,0,0,negative,0.0958939642888,-0.107491405958,-0.00853125667783,95.8939642888,-107.491405958,-8.53125667783,-42.1984079484,42.1984079484,22.3547433445
21,1,0,negative,0.0957522778433,-0.107491405958,-0.00830870188117,95.7522778433,-107.491405958,-8.30870188117,-42.3400943939,42.3400943939,22.5772981411
22,0,0,negative,0.09533609615,-0.107491405958,-0.00772419122269,95.33609615,-107.491405958,-7.72419122269,-42.7562760872,42.7562760872,23.1618087996
22,1,0,negative,0.0957522778433,-0.107491405958,-0.00830870188117,95.7522778433,-107.491405958,-8.30870188117,-42.3400943939,42.3400943939,22.5772981411
23,0,0,negative,0.0950795652227,-0.107491405958,-0.00728416008359,95.0795652227,-107.491405958,-7.28416008359,-43.0128070145,43.0128070145,23.6018399387
23,1,0,negative,0.09533609615,-0.107491405958,-0.00772419122269,95.33609615,-107.491405958,-7.72419122269,-42.7562760872,42.7562760872,23.1618087996
24,0,0,negative,0.0950795652227,-0.107491405958,-0.00728416008359,95.0795652227,-107.491405958,-7.28416008359,-43.0128070145,43.0128070145,23.6018399387
24,1,0,negative,0.0949912664066,-0.107491405958,-0.00707020270928,94.9912664066,-107.491405958,-7.07020270928,-43.1011058306,43.1011058306,23.815797313
25,0,0,negative,0.0947300377654,-0.107491405958,-0.00638012015527,94.7300377654,-107.491405958,-6.38012015527,-43.3623344718,43.3623344718,24.505879867
25,1,0,negative,0.0949912664066,-0.107491405958,-0.00707020270928,94.9912664066,-107.491405958,-7.07020270928,-43.1011058306,43.1011058306,23.815797313
26,0,0,negative,0.0947300377654,-0.107491405958,-0.00638012015527,94.7300377654,-107.491405958,-6.38012015527,-43.3623344718,43.3623344718,24.505879867
26,1,0,negative,0.0946077207999,-0.107491405958,-0.00606613839739,94.6077207999,-107.491405958,-6.06613839739,-43.4846514373,43.4846514373,24.8198616249
27,0,0,negative,0.0941152071492,-0.107491405958,-0.00493924599897,94.1152071492,-107.491405958,-4.93924599897,-43.977165088,43.977165088,25.9467540233
27,1,0,negative,0.0946077207999,-0.107491405958,-0.00606613839739,94.6077207999,-107.491405958,-6.06613839739,-43.4846514373,43.4846514373,24.8198616249
28,0,0,negative,0.093723750374,-0.107491405958,-0.00423871554478,93.723750374,-107.491405958,-4.23871554478,-44.3686218632,44.3686218632,26.6472844775
28,1,0,negative,0.0941152071492,-0.107491405958,-0.00493924599897,94.1152071492,-107.491405958,-4.93924599897,-43.977165088,43.977165088,25.9467540233
29,0,0,negative,0.0921362442667,-0.107491405958,-0.0114413617801,92.1362442667,-107.491405958,-11.4413617801,-45.9561279705,45.9561279705,19.4446382422
29,1,0,negative,0.0921413450186,-0.107491405958,-0.0114519481344,92.1413450186,-107.491405958,-11.4519481344,-45.9510272186,45.9510272186,19.4340518879
30,0,0,negative,0.0921413450186,-0.107491405958,-0.0114519481344,92.1413450186,-107.491405958,-11.4519481344,-45.9510272186,45.9510272186,19.4340518879
30,1,0,negative,0.0921588541909,-0.107491405958,-0.0114820445341,92.1588541909,-107.491405958,-11.4820445341,-45.9335180463,45.9335180463,19.4039554882
31,0,0,negative,0.0921262788832,-0.107491405958,-0.0114190922236,92.1262788832,-107.491405958,-11.4190922236,-45.966093354,45.966093354,19.4669077987
31,1,0,negative,0.0921362442667,-0.107491405958,-0.0114413617801,92.1362442667,-107.491405958,-11.4413617801,-45.9561279705,45.9561279705,19.4446382422
32,0,0,negative,0.0918943725887,-0.107491405958,-0.010838081243,91.8943725887,-107.491405958,-10.838081243,-46.1979996485,46.1979996485,20.0479187792
32,1,0,negative,0.0921262788832,-0.107491405958,-0.0114190922236,92.1262788832,-107.491405958,-11.4190922236,-45.966093354,45.966093354,19.4669077987
33,0,0,negative,0.0918943725887,-0.107491405958,-0.010838081243,91.8943725887,-107.491405958,-10.838081243,-46.1979996485,46.1979996485,20.0479187792
33,1,0,negative,0.0914845238708,-0.107491405958,-0.00980522985651,91.4845238708,-107.491405958,-9.80522985651,-46.6078483664,46.6078483664,21.0807701658
34,0,0,negative,0.0914845238708,-0.107491405958,-0.00980522985651,91.4845238708,-107.491405958,-9.80522985651,-46.6078483664,46.6078483664,21.0807701658
34,1,0,negative,0.0914732956939,-0.107491405958,-0.00978116473548,91.4732956939,-107.491405958,-9.78116473548,-46.6190765433,46.6190765433,21.1048352868
35,0,0,negative,0.0910935980589,-0.107491405958,-0.00911437841291,91.0935980589,-107.491405958,-9.11437841291,-46.9987741783,46.9987741783,21.7716216094
35,1,0,negative,0.0914732956939,-0.107491405958,-0.00978116473548,91.4732956939,-107.491405958,-9.78116473548,-46.6190765433,46.6190765433,21.1048352868
36,0,0,negative,0.0905971189568,-0.107491405958,-0.00811156018089,90.5971189568,-107.491405958,-8.11156018089,-47.4952532804,47.4952532804,22.7744398414
36,1,0,negative,0.0910935980589,-0.107491405958,-0.00911437841291,91.0935980589,-107.491405958,-9.11437841291,-46.9987741783,46.9987741783,21.7716216094
37,0,0,negative,0.0905971189568,-0.107491405958,-0.00811156018089,90.5971189568,-107.491405958,-8.11156018089,-47.4952532804,47.4952532804,22.7744398414
37,1,0,negative,0.0903963391323,-0.107491405958,-0.00774406666552,90.3963391323,-107.491405958,-7.74406666552,-47.6960331049,47.6960331049,23.1419333568
38,0,0,negative,0.0903963391323,-0.107491405958,-0.00774406666552,90.3963391323,-107.491405958,-7.74406666552,-47.6960331049,47.6960331049,23.1419333568
38,1,0,negative,0.0902367782569,-0.107491405958,-0.00743701905767,90.2367782569,-107.491405958,-7.43701905767,-47.8555939803,47.8555939803,23.4489809646
39,0,0,negative,0.0896449218132,-0.107491405958,-0.00626350793028,89.6449218132,-107.491405958,-6.26350793028,-48.447450424,48.447450424,24.622492092
39,1,0,negative,0.0902367782569,-0.107491405958,-0.00743701905767,90.2367782569,-107.491405958,-7.43701905767,-47.8555939803,47.8555939803,23.4489809646
40,0,0,negative,0.0896449218132,-0.107491405958,-0.00626350793028,89.6449218132,-107.491405958,-6.26350793028,-48.447450424,48.447450424,24.622492092
40,1,0,negative,0.0892116786468,-0.107491405958,-0.00540516022812,89.2116786468,-107.491405958,-5.40516022812,-48.8806935904,48.8806935904,25.4808397942
41,0,0,negative,0.0889102652388,-0.107491405958,-0.00477363097984,88.9102652388,-107.491405958,-4.77363097984,-49.1821069984,49.1821069984,26.1123690425
41,1,0,negative,0.0886874259966,-0.107491405958,-0.00431665897981,88.6874259966,-107.491405958,-4.31665897981,-49.4049462406,49.4049462406,26.5693410425
42,0,0,negative,0.0889102652388,-0.107491405958,-0.00477363097984,88.9102652388,-107.491405958,-4.77363097984,-49.1821069984,49.1821069984,26.1123690425
42,1,0,negative,0.0892116786468,-0.107491405958,-0.00540516022812,89.2116786468,-107.491405958,-5.40516022812,-48.8806935904,48.8806935904,25.4808397942
43,0,0,negative,0.093723750374,-0.107491405958,-0.00423871554478,93.723750374,-107.491405958,-4.23871554478,-44.3686218632,44.3686218632,26.6472844775
43,1,0,negative,0.093550755696,-0.107491405958,-0.0039647562968,93.550755696,-107.491405958,-3.9647562968,-44.5416165412,44.5416165412,26.9212437255
44,0,0,negative,0.093550755696,-0.107491405958,-0.0039647562968,93.550755696,-107.491405958,-3.9647562968,-44.5416165412,44.5416165412,26.9212437255
44,1,0,negative,0.0935093413931,-0.107491405958,-0.00391397092535,93.5093413931,-107.491405958,-3.91397092535,-44.5830308441,44.5830308441,26.9720290969
45,0,0,negative,0.0931753239702,-0.107491405958,-0.00350823647448,93.1753239702,-107.491405958,-3.50823647448,-44.917048267,44.917048267,27.3777635478
45,1,0,negative,0.0935093413931,-0.107491405958,-0.00391397092535,93.5093413931,-107.491405958,-3.91397092535,-44.5830308441,44.5830308441,26.9720290969
46,0,0,negative,0.0931753239702,-0.107491405958,-0.00350823647448,93.1753239702,-107.491405958,-3.50823647448,-44.917048267,44.917048267,27.3777635478
46,1,0,negative,0.0931661229054,-0.107491405958,-0.00350329225888,93.1661229054,-107.491405958,-3.50329225888,-44.9262493318,44.9262493318,27.3827077634
47,0,0,negative,0.0928544759683,-0.107491405958,-0.00304592291269,92.8544759683,-107.491405958,-3.04592291269,-45.2378962689,45.2378962689,27.8400771096
47,1,0,negative,0.0928342636917,-0.107491405958,-0.00301179016246,92.8342636917,-107.491405958,-3.01179016246,-45.2581085456,45.2581085456,27.8742098598
48,0,0,negative,0.0928544759683,-0.107491405958,-0.00304592291269,92.8544759683,-107.491405958,-3.04592291269,-45.2378962689,45.2378962689,27.8400771096
48,1,0,negative,0.0931661229054,-0.107491405958,-0.00350329225888,93.1661229054,-107.491405958,-3.50329225888,-44.9262493318,44.9262493318,27.3827077634
49,0,0,negative,0.0928342636917,-0.107491405958,-0.00301179016246,92.8342636917,-107.491405958,-3.01179016246,-45.2581085456,45.2581085456,27.8742098598
49,1,0,negative,0.0928041970991,-0.107491405958,-0.00296096077928,92.8041970991,-107.491405958,-2.96096077928,-45.2881751382,45.2881751382,27.925039243
50,0,0,negative,0.0920517933317,-0.107491405958,-0.00176469662911,92.0517933317,-107.491405958,-1.76469662911,-46.0405789055,46.0405789055,29.1213033932
50,1,0,negative,0.0928041970991,-0.107491405958,-0.00296096077928,92.8041970991,-107.491405958,-2.96096077928,-45.2881751382,45.2881751382,27.925039243
51,0,0,negative,0.0920517933317,-0.107491405958,-0.00176469662911,92.0517933317,-107.491405958,-1.76469662911,-46.0405789055,46.0405789055,29.1213033932
51,1,0,negative,0.0918614185754,-0.107491405958,-0.00147113674136,91.8614185754,-107.491405958,-1.47113674136,-46.2309536618,46.2309536618,29.4148632809
52,0,0,negative,0.0918614185754,-0.107491405958,-0.00147113674136,91.8614185754,-107.491405958,-1.47113674136,-46.2309536618,46.2309536618,29.4148632809
52,1,0,negative,0.0917828492871,-0.107491405958,-0.00131681910468,91.7828492871,-107.491405958,-1.31681910468,-46.3095229502,46.3095229502,29.5691809176
53,0,0,negative,0.0915280484491,-0.107491405958,-0.000851999527461,91.5280484491,-107.491405958,-0.851999527461,-46.5643237882,46.5643237882,30.0340004948
53,1,0,negative,0.0914298430054,-0.107491405958,-0.000504471775534,91.4298430054,-107.491405958,-0.504471775534,-46.6625292318,46.6625292318,30.3815282468
54,0,0,negative,0.0915280484491,-0.107491405958,-0.000851999527461,91.5280484491,-107.491405958,-0.851999527461,-46.5643237882,46.5643237882,30.0340004948
54,1,0,negative,0.0917828492871,-0.107491405958,-0.00131681910468,91.7828492871,-107.491405958,-1.31681910468,-46.3095229502,46.3095229502,29.5691809176
55,0,0,negative,0.091176595412,-0.107491405958,-3.13796483211e-05,91.176595412,-107.491405958,-0.0313796483211,-46.9157768252,46.9157768252,30.854620374
55,1,0,negative,0.0914298430054,-0.107491405958,-0.000504471775534,91.4298430054,-107.491405958,-0.504471775534,-46.6625292318,46.6625292318,30.3815282468
56,0,0,negative,0.0886874259966,-0.107491405958,-0.00431665897981,88.6874259966,-107.491405958,-4.31665897981,-49.4049462406,49.4049462406,26.5693410425
56,1,0,negative,0.0881578461083,-0.107491405958,-0.00326158710613,88.1578461083,-107.491405958,-3.26158710613,-49.9345261289,49.9345261289,27.6244129162
57,0,0,negative,0.0880763782042,-0.107491405958,-0.00308964408731,88.0763782042,-107.491405958,-3.08964408731,-50.0159940331,50.0159940331,27.796355935
57,1,0,negative,0.0881578461083,-0.107491405958,-0.00326158710613,88.1578461083,-107.491405958,-3.26158710613,-49.9345261289,49.9345261289,27.6244129162
58,0,0,negative,0.0880763782042,-0.107491405958,-0.00308964408731,88.0763782042,-107.491405958,-3.08964408731,-50.0159940331,50.0159940331,27.796355935
58,1,0,negative,0.0874796126917,-0.107491405958,-0.00171838237771,87.4796126917,-107.491405958,-1.71838237771,-50.6127595455,50.6127595455,29.1676176446
59,0,0,negative,0.0873402175529,-0.107491405958,-0.00144424840591,87.3402175529,-107.491405958,-1.44424840591,-50.7521546843,50.7521546843,29.4417516164
59,1,0,negative,0.0874796126917,-0.107491405958,-0.00171838237771,87.4796126917,-107.491405958,-1.71838237771,-50.6127595455,50.6127595455,29.1676176446
60,0,0,negative,0.0872515146386,-0.107491405958,-0.00126405591137,87.2515146386,-107.491405958,-1.26405591137,-50.8408575986,50.8408575986,29.6219441109
60,1,0,negative,0.0862554219003,-0.107491405958,0.000772641385346,86.2554219003,-107.491405958,0.772641385346,-51.8369503369,51.8369503369,31.6586414076
61,0,0,negative,0.0872515146386,-0.107491405958,-0.00126405591137,87.2515146386,-107.491405958,-1.26405591137,-50.8408575986,50.8408575986,29.6219441109
61,1,0,negative,0.0873402175529,-0.107491405958,-0.00144424840591,87.3402175529,-107.491405958,-1.44424840591,-50.7521546843,50.7521546843,29.4417516164
62,0,0,negative,0.0862445295941,-0.107491405958,0.000799654855902,86.2445295941,-107.491405958,0.799654855902,-51.8478426431,51.8478426431,31.6856548782
62,1,0,negative,0.0862554219003,-0.107491405958,0.000772641385346,86.2554219003,-107.491405958,0.772641385346,-51.8369503369,51.8369503369,31.6586414076
63,0,0,negative,0.091176595412,-0.107491405958,-3.13796483211e-05,91.176595412,-107.491405958,-0.0313796483211,-46.9157768252,46.9157768252,30.854620374
63,1,0,negative,0.0908117027377,-0.107491405958,0.000658608667053,90.8117027377,-107.491405958,0.658608667053,-47.2806694995,47.2806694995,31.5446086893
64,0,0,negative,0.0904924392683,-0.107491405958,0.0013549861447,90.4924392683,-107.491405958,1.3549861447,-47.5999329689,47.5999329689,32.240986167
64,1,0,negative,0.0908117027377,-0.107491405958,0.000658608667053,90.8117027377,-107.491405958,0.658608667053,-47.2806694995,47.2806694995,31.5446086893
65,0,0,negative,0.0904924392683,-0.107491405958,0.0013549861447,90.4924392683,-107.491405958,1.3549861447,-47.5999329689,47.5999329689,32.240986167
65,1,0,negative,0.0902166808477,-0.107491405958,0.00189888323448,90.2166808477,-107.491405958,1.89888323448,-47.8756913895,47.8756913895,32.7848832568
66,0,0,negative,0.0897496736376,-0.107491405958,0.00272002421556,89.7496736376,-107.491405958,2.72002421556,-48.3426985996,48.3426985996,33.6060242379
66,1,0,negative,0.0902166808477,-0.107491405958,0.00189888323448,90.2166808477,-107.491405958,1.89888323448,-47.8756913895,47.8756913895,32.7848832568
67,0,0,negative,0.0897496736376,-0.107491405958,0.00272002421556,89.7496736376,-107.491405958,2.72002421556,-48.3426985996,48.3426985996,33.6060242379
67,1,0,negative,0.0895046896321,-0.107491405958,0.00334178316274,89.5046896321,-107.491405958,3.34178316274,-48.5876826051,48.5876826051,34.227783185
68,0,0,negative,0.0894900394664,-0.107491405958,0.00339031000184,89.4900394664,-107.491405958,3.39031000184,-48.6023327708,48.6023327708,34.2763100241
68,1,0,negative,0.0895046896321,-0.107491405958,0.00334178316274,89.5046896321,-107.491405958,3.34178316274,-48.5876826051,48.5876826051,34.227783185
69,0,0,negative,0.0894900394664,-0.107491405958,0.00339031000184,89.4900394664,-107.491405958,3.39031000184,-48.6023327708,48.6023327708,34.2763100241
69,1,0,negative,0.0888606850789,-0.107491405958,0.00491564145154,88.8606850789,-107.491405958,4.91564145154,-49.2316871583,49.2316871583,35.8016414738
70,0,0,negative,0.0887991406125,-0.107491405958,0.00518675552833,88.7991406125,-107.491405958,5.18675552833,-49.2932316247,49.2932316247,36.0727555506
70,1,0,negative,0.0888606850789,-0.107491405958,0.00491564145154,88.8606850789,-107.491405958,4.91564145154,-49.2316871583,49.2316871583,35.8016414738
71,0,0,negative,0.0885447447772,-0.107491405958,0.00588266702492,88.5447447772,-107.491405958,5.88266702492,-49.54762746,49.54762746,36.7686670472
71,1,0,negative,0.088490264467,-0.107491405958,0.00605336182515,88.490264467,-107.491405958,6.05336182515,-49.6021077702,49.6021077702,36.9393618474
72,0,0,negative,0.0887569726195,-0.107491405958,0.00529975078069,88.7569726195,-107.491405958,5.29975078069,-49.3353996177,49.3353996177,36.185750803
72,1,0,negative,0.0887991406125,-0.107491405958,0.00518675552833,88.7991406125,-107.491405958,5.18675552833,-49.2932316247,49.2932316247,36.0727555506
73,0,0,negative,0.0885447447772,-0.107491405958,0.00588266702492,88.5447447772,-107.491405958,5.88266702492,-49.54762746,49.54762746,36.7686670472
73,1,0,negative,0.0887569726195,-0.107491405958,0.00529975078069,88.7569726195,-107.491405958,5.29975078069,-49.3353996177,49.3353996177,36.185750803
74,0,0,negative,0.088490264467,-0.107491405958,0.00605336182515,88.490264467,-107.491405958,6.05336182515,-49.6021077702,49.6021077702,36.9393618474
74,1,0,negative,0.0884560356309,-0.107491405958,0.00615864135588,88.4560356309,-107.491405958,6.15864135588,-49.6363366063,49.6363366063,37.0446413782
75,0,0,negative,0.0884560356309,-0.107491405958,0.00615864135588,88.4560356309,-107.491405958,6.15864135588,-49.6363366063,49.6363366063,37.0446413782
75,1,0,negative,0.0883791996703,-0.107491405958,0.00633070261236,88.3791996703,-107.491405958,6.33070261236,-49.7131725669,49.7131725669,37.2167026347
76,0,0,negative,0.0880208771182,-0.107491405958,0.0070180194762,88.0208771182,-107.491405958,7.0180194762,-50.0714951191,50.0714951191,37.9040194985
76,1,0,negative,0.0883791996703,-0.107491405958,0.00633070261236,88.3791996703,-107.491405958,6.33070261236,-49.7131725669,49.7131725669,37.2167026347
77,0,0,negative,0.0877984070006,-0.107491405958,0.00760439486206,87.7984070006,-107.491405958,7.60439486206,-50.2939652366,50.2939652366,38.4903948844
77,1,0,negative,0.0880208771182,-0.107491405958,0.0070180194762,88.0208771182,-107.491405958,7.0180194762,-50.0714951191,50.0714951191,37.9040194985
78,0,0,negative,0.0877984070006,-0.107491405958,0.00760439486206,87.7984070006,-107.491405958,7.60439486206,-50.2939652366,50.2939652366,38.4903948844
78,1,0,negative,0.0873929302725,-0.107491405958,0.00834019658134,87.3929302725,-107.491405958,8.34019658134,-50.6994419648,50.6994419648,39.2261966036
79,0,0,negative,0.132339112153,-0.107491405958,-0.0304035149181,132.339112153,-107.491405958,-30.4035149181,-5.75326008404,5.75326008404,0.482485104226
79,1,0,negative,0.132539405844,-0.107491405958,-0.0304012786543,132.539405844,-107.491405958,-30.4012786543,-5.55296639347,5.55296639347,0.484721367983
80,0,0,negative,0.131660882427,-0.107491405958,-0.0304145782153,131.660882427,-107.491405958,-30.4145782153,-6.43148981049,6.43148981049,0.471421807018
80,1,0,negative,0.130010762332,-0.107491405958,-0.0304557324408,130.010762332,-107.491405958,-30.4557324408,-8.08160990496,8.08160990496,0.430267581535
81,0,0,negative,0.131660882427,-0.107491405958,-0.0304145782153,131.660882427,-107.491405958,-30.4145782153,-6.43148981049,6.43148981049,0.471421807018
81,1,0,negative,0.132339112153,-0.107491405958,-0.0304035149181,132.339112153,-107.491405958,-30.4035149181,-5.75326008404,5.75326008404,0.482485104226
82,0,0,negative,0.130010762332,-0.107491405958,-0.0304557324408,130.010762332,-107.491405958,-30.4557324408,-8.08160990496,8.08160990496,0.430267581535
82,1,0,negative,0.129752552119,-0.107491405958,-0.0304562491232,129.752552119,-107.491405958,-30.4562491232,-8.3398201185,8.3398201185,0.429750899071
83,0,0,negative,0.12896591427,-0.107491405958,-0.0305046990797,128.96591427,-107.491405958,-30.5046990797,-9.12645796698,9.12645796698,0.381300942584
83,1,0,negative,0.129752552119,-0.107491405958,-0.0304562491232,129.752552119,-107.491405958,-30.4562491232,-8.3398201185,8.3398201185,0.429750899071
84,0,0,negative,0.12896591427,-0.107491405958,-0.0305046990797,128.96591427,-107.491405958,-30.5046990797,-9.12645796698,9.12645796698,0.381300942584
84,1,0,negative,0.128427201373,-0.107491405958,-0.0304916559672,128.427201373,-107.491405958,-30.4916559672,-9.6651708642,9.6651708642,0.394344055133
85,0,0,negative,0.128427201373,-0.107491405958,-0.0304916559672,128.427201373,-107.491405958,-30.4916559672,-9.6651708642,9.6651708642,0.394344055133
85,1,0,negative,0.127889199158,-0.107491405958,-0.0304691700273,127.889199158,-107.491405958,-30.4691700273,-10.2031730797,10.2031730797,0.416829995004
86,0,0,negative,0.12659168621,-0.107491405958,-0.0304914886227,126.59168621,-107.491405958,-30.4914886227,-11.5006860272,11.5006860272,0.394511399608
86,1,0,negative,0.127889199158,-0.107491405958,-0.0304691700273,127.889199158,-107.491405958,-30.4691700273,-10.2031730797,10.2031730797,0.416829995004
87,0,0,negative,0.12659168621,-0.107491405958,-0.0304914886227,126.59168621,-107.491405958,-30.4914886227,-11.5006860272,11.5006860272,0.394511399608
87,1,0,negative,0.126544567089,-0.107491405958,-0.0304963698954,126.544567089,-107.491405958,-30.4963698954,-11.5478051484,11.5478051484,0.389630126855
88,0,0,negative,0.124867068067,-0.107491405958,-0.0305715202015,124.867068067,-107.491405958,-30.5715202015,-13.2253041702,13.2253041702,0.314479820832
88,1,0,negative,0.126494335469,-0.107491405958,-0.0304988564058,126.494335469,-107.491405958,-30.4988564058,-11.5980367687,11.5980367687,0.387143616502
89,0,0,negative,0.126544567089,-0.107491405958,-0.0304963698954,126.544567089,-107.491405958,-30.4963698954,-11.5478051484,11.5478051484,0.389630126855
89,1,0,negative,0.126494335469,-0.107491405958,-0.0304988564058,126.494335469,-107.491405958,-30.4988564058,-11.5980367687,11.5980367687,0.387143616502
90,0,0,negative,0.124504595155,-0.107491405958,-0.0305296500204,124.504595155,-107.491405958,-30.5296500204,-13.5877770824,13.5877770824,0.356350001861
90,1,0,negative,0.124867068067,-0.107491405958,-0.0305715202015,124.867068067,-107.491405958,-30.5715202015,-13.2253041702,13.2253041702,0.314479820832
91,0,0,negative,0.123951377315,-0.107491405958,-0.0305580376617,123.951377315,-107.491405958,-30.5580376617,-14.140994922,14.140994922,0.327962360611
91,1,0,negative,0.124504595155,-0.107491405958,-0.0305296500204,124.504595155,-107.491405958,-30.5296500204,-13.5877770824,13.5877770824,0.356350001861
92,0,0,negative,0.123951377315,-0.107491405958,-0.0305580376617,123.951377315,-107.491405958,-30.5580376617,-14.140994922,14.140994922,0.327962360611
92,1,0,negative,0.12288882148,-0.107491405958,-0.0305557220673,122.88882148,-107.491405958,-30.5557220673,-15.2035507572,15.2035507572,0.330277954957
93,0,0,negative,0.126974966082,-0.107491405958,-0.0249380831296,126.974966082,-107.491405958,-24.9380831296,-11.1174061552,11.1174061552,5.94791689266
93,1,0,negative,0.127191306983,-0.107491405958,-0.0249512365749,127.191306983,-107.491405958,-24.9512365749,-10.9010652538,10.9010652538,5.93476344742
94,0,0,negative,0.126974966082,-0.107491405958,-0.0249380831296,126.974966082,-107.491405958,-24.9380831296,-11.1174061552,11.1174061552,5.94791689266
94,1,0,negative,0.126535574988,-0.107491405958,-0.0250228495633,126.535574988,-107.491405958,-25.0228495633,-11.5567972493,11.5567972493,5.86315045902
95,0,0,negative,0.126472577472,-0.107491405958,-0.0250413983162,126.472577472,-107.491405958,-25.0413983162,-11.6197947651,11.6197947651,5.84460170608
95,1,0,negative,0.126535574988,-0.107491405958,-0.0250228495633,126.535574988,-107.491405958,-25.0228495633,-11.5567972493,11.5567972493,5.86315045902
96,0,0,negative,0.126388766638,-0.107491405958,-0.0250908273492,126.388766638,-107.491405958,-25.0908273492,-11.7036055994,11.7036055994,5.79517267311
96,1,0,negative,0.126472577472,-0.107491405958,-0.0250413983162,126.472577472,-107.491405958,-25.0413983162,-11.6197947651,11.6197947651,5.84460170608
97,0,0,negative,0.126388766638,-0.107491405958,-0.0250908273492,126.388766638,-107.491405958,-25.0908273492,-11.7036055994,11.7036055994,5.79517267311
97,1,0,negative,0.12591304122,-0.107491405958,-0.025271013585,125.91304122,-107.491405958,-25.271013585,-12.1793310168,12.1793310168,5.61498643725
98,0,0,negative,0.125589795605,-0.107491405958,-0.025337135028,125.589795605,-107.491405958,-25.337135028,-12.5025766322,12.5025766322,5.54886499425
98,1,0,negative,0.12591304122,-0.107491405958,-0.025271013585,125.91304122,-107.491405958,-25.271013585,-12.1793310168,12.1793310168,5.61498643725
99,0,0,negative,0.124958041397,-0.107491405958,-0.0254568867088,124.958041397,-107.491405958,-25.4568867088,-13.1343308398,13.1343308398,5.42911331353
99,1,0,negative,0.125106422493,-0.107491405958,-0.0254004137747,125.106422493,-107.491405958,-25.4004137747,-12.9859497442,12.9859497442,5.48558624764
100,0,0,negative,0.125589795605,-0.107491405958,-0.025337135028,125.589795605,-107.491405958,-25.337135028,-12.5025766322,12.5025766322,5.54886499425
100,1,0,negative,0.125106422493,-0.107491405958,-0.0254004137747,125.106422493,-107.491405958,-25.4004137747,-12.9859497442,12.9859497442,5.48558624764
101,0,0,negative,0.124796098018,-0.107491405958,-0.0254440286171,124.796098018,-107.491405958,-25.4440286171,-13.2962742192,13.2962742192,5.4419714052
101,1,0,negative,0.124958041397,-0.107491405958,-0.0254568867088,124.958041397,-107.491405958,-25.4568867088,-13.1343308398,13.1343308398,5.42911331353
102,0,0,negative,0.124796098018,-0.107491405958,-0.0254440286171,124.796098018,-107.491405958,-25.4440286171,-13.2962742192,13.2962742192,5.4419714052
102,1,0,negative,0.124684335301,-0.107491405958,-0.0254613104816,124.684335301,-107.491405958,-25.4613104816,-13.4080369364,13.4080369364,5.42468954074
103,0,0,negative,0.124684335301,-0.107491405958,-0.0254613104816,124.684335301,-107.491405958,-25.4613104816,-13.4080369364,13.4080369364,5.42468954074
103,1,0,negative,0.124432490935,-0.107491405958,-0.0254173136894,124.432490935,-107.491405958,-25.4173136894,-13.6598813018,13.6598813018,5.46868633289
104,0,0,negative,0.123893818454,-0.107491405958,-0.0252691217021,123.893818454,-107.491405958,-25.2691217021,-14.1985537832,14.1985537832,5.61687832018
104,1,0,negative,0.124432490935,-0.107491405958,-0.0254173136894,124.432490935,-107.491405958,-25.4173136894,-13.6598813018,13.6598813018,5.46868633289
105,0,0,negative,0.12261764126,-0.107491405958,-0.0305528128213,122.61764126,-107.491405958,-30.5528128213,-15.4747309776,15.4747309776,0.333187201026
105,1,0,negative,0.12288882148,-0.107491405958,-0.0305557220673,122.88882148,-107.491405958,-30.5557220673,-15.2035507572,15.2035507572,0.330277954957
106,0,0,negative,0.122529755865,-0.107491405958,-0.030559241693,122.529755865,-107.491405958,-30.559241693,-15.5626163723,15.5626163723,0.326758329315
106,1,0,negative,0.12261764126,-0.107491405958,-0.0305528128213,122.61764126,-107.491405958,-30.5528128213,-15.4747309776,15.4747309776,0.333187201026
107,0,0,negative,0.121961147603,-0.107491405958,-0.0305475359719,121.961147603,-107.491405958,-30.5475359719,-16.1312246345,16.1312246345,0.338464050363
107,1,0,negative,0.121330342478,-0.107491405958,-0.030539340766,121.330342478,-107.491405958,-30.539340766,-16.7620297589,16.7620297589,0.346659256272
108,0,0,negative,0.121330342478,-0.107491405958,-0.030539340766,121.330342478,-107.491405958,-30.539340766,-16.7620297589,16.7620297589,0.346659256272
108,1,0,negative,0.121197318837,-0.107491405958,-0.0305435496747,121.197318837,-107.491405958,-30.5435496747,-16.8950534006,16.8950534006,0.342450347562
109,0,0,negative,0.121197318837,-0.107491405958,-0.0305435496747,121.197318837,-107.491405958,-30.5435496747,-16.8950534006,16.8950534006,0.342450347562
109,1,0,negative,0.121094951298,-0.107491405958,-0.0305451645024,121.094951298,-107.491405958,-30.5451645024,-16.9974209388,16.9974209388,0.3408355199
110,0,0,negative,0.121961147603,-0.107491405958,-0.0305475359719,121.961147603,-107.491405958,-30.5475359719,-16.1312246345,16.1312246345,0.338464050363
110,1,0,negative,0.122529755865,-0.107491405958,-0.030559241693,122.529755865,-107.491405958,-30.559241693,-15.5626163723,15.5626163723,0.326758329315
111,0,0,negative,0.123893818454,-0.107491405958,-0.0252691217021,123.893818454,-107.491405958,-25.2691217021,-14.1985537832,14.1985537832,5.61687832018
111,1,0,negative,0.123595229295,-0.107491405958,-0.0253101532418,123.595229295,-107.491405958,-25.3101532418,-14.4971429424,14.4971429424,5.57584678048
112,0,0,negative,0.123595229295,-0.107491405958,-0.0253101532418,123.595229295,-107.491405958,-25.3101532418,-14.4971429424,14.4971429424,5.57584678048
112,1,0,negative,0.1235283646,-0.107491405958,-0.0253503092223,123.5283646,-107.491405958,-25.3503092223,-14.564007637,14.564007637,5.53569080003
113,0,0,negative,0.1235283646,-0.107491405958,-0.0253503092223,123.5283646,-107.491405958,-25.3503092223,-14.564007637,14.564007637,5.53569080003
113,1,0,negative,0.123118992411,-0.107491405958,-0.0253865629154,123.118992411,-107.491405958,-25.3865629154,-14.9733798265,14.9733798265,5.49943710687
114,0,0,negative,0.123039756956,-0.107491405958,-0.0254009051972,123.039756956,-107.491405958,-25.4009051972,-15.0526152808,15.0526152808,5.48509482512
114,1,0,negative,0.122685801309,-0.107491405958,-0.0254928908789,122.685801309,-107.491405958,-25.4928908789,-15.4065709286,15.4065709286,5.39310914339
115,0,0,negative,0.123039756956,-0.107491405958,-0.0254009051972,123.039756956,-107.491405958,-25.4009051972,-15.0526152808,15.0526152808,5.48509482512
115,1,0,negative,0.123118992411,-0.107491405958,-0.0253865629154,123.118992411,-107.491405958,-25.3865629154,-14.9733798265,14.9733798265,5.49943710687
116,0,0,negative,0.122517461595,-0.107491405958,-0.0255264465722,122.517461595,-107.491405958,-25.5264465722,-15.5749106424,15.5749106424,5.35955345006
116,1,0,negative,0.122685801309,-0.107491405958,-0.0254928908789,122.685801309,-107.491405958,-25.4928908789,-15.4065709286,15.4065709286,5.39310914339
117,0,0,negative,0.122291248644,-0.107491405958,-0.0255375232951,122.291248644,-107.491405958,-25.5375232951,-15.8011235934,15.8011235934,5.34847672718
117,1,0,negative,0.122517461595,-0.107491405958,-0.0255264465722,122.517461595,-107.491405958,-25.5264465722,-15.5749106424,15.5749106424,5.35955345006
118,0,0,negative,0.122291248644,-0.107491405958,-0.0255375232951,122.291248644,-107.491405958,-25.5375232951,-15.8011235934,15.8011235934,5.34847672718
118,1,0,negative,0.121782181082,-0.107491405958,-0.0254419347153,121.782181082,-107.491405958,-25.4419347153,-16.3101911556,16.3101911556,5.44406530704
119,0,0,negative,0.121480946708,-0.107491405958,-0.0254704467976,121.480946708,-107.491405958,-25.4704467976,-16.6114255293,16.6114255293,5.41555322471
119,1,0,negative,0.121782181082,-0.107491405958,-0.0254419347153,121.782181082,-107.491405958,-25.4419347153,-16.3101911556,16.3101911556,5.44406530704
120,0,0,negative,0.121480946708,-0.107491405958,-0.0254704467976,121.480946708,-107.491405958,-25.4704467976,-16.6114255293,16.6114255293,5.41555322471
120,1,0,negative,0.121419312499,-0.107491405958,-0.0254777387811,121.419312499,-107.491405958,-25.4777387811,-16.6730597384,16.6730597384,5.40826124121
121,0,0,negative,0.121419312499,-0.107491405958,-0.0254777387811,121.419312499,-107.491405958,-25.4777387811,-16.6730597384,16.6730597384,5.40826124121
121,1,0,negative,0.121413197154,-0.107491405958,-0.025476675209,121.413197154,-107.491405958,-25.476675209,-16.6791750832,16.6791750832,5.40932481331
122,0,0,negative,0.131803688701,-0.107491405958,-0.0246057588977,131.803688701,-107.491405958,-24.6057588977,-6.2886835363,6.2886835363,6.28024112464
122,1,0,negative,0.131614217514,-0.107491405958,-0.0246070216448,131.614217514,-107.491405958,-24.6070216448,-6.47815472282,6.47815472282,6.27897837747
123,0,0,negative,0.131614217514,-0.107491405958,-0.0246070216448,131.614217514,-107.491405958,-24.6070216448,-6.47815472282,6.47815472282,6.27897837747
123,1,0,negative,0.131548057425,-0.107491405958,-0.0246207373436,131.548057425,-107.491405958,-24.6207373436,-6.54431481269,6.54431481269,6.26526267867
124,0,0,negative,0.131548057425,-0.107491405958,-0.0246207373436,131.548057425,-107.491405958,-24.6207373436,-6.54431481269,6.54431481269,6.26526267867
124,1,0,negative,0.131543240312,-0.107491405958,-0.0246232986726,131.543240312,-107.491405958,-24.6232986726,-6.54913192562,6.54913192562,6.26270134965
125,0,0,negative,0.130505698624,-0.107491405958,-0.0248272343129,130.505698624,-107.491405958,-24.8272343129,-7.5866736131,7.5866736131,6.05876570936
125,1,0,negative,0.131543240312,-0.107491405958,-0.0246232986726,131.543240312,-107.491405958,-24.6232986726,-6.54913192562,6.54913192562,6.26270134965
126,0,0,negative,0.130206402915,-0.107491405958,-0.0248676073525,130.206402915,-107.491405958,-24.8676073525,-7.88596932188,7.88596932188,6.01839266979
126,1,0,negative,0.130505698624,-0.107491405958,-0.0248272343129,130.505698624,-107.491405958,-24.8272343129,-7.5866736131,7.5866736131,6.05876570936
127,0,0,negative,0.130206402915,-0.107491405958,-0.0248676073525,130.206402915,-107.491405958,-24.8676073525,-7.88596932188,7.88596932188,6.01839266979
127,1,0,negative,0.13011965014,-0.107491405958,-0.0248568678924,130.11965014,-107.491405958,-24.8568678924,-7.97272209697,7.97272209697,6.02913212986
128,0,0,negative,0.129810957396,-0.107491405958,-0.0248591421522,129.810957396,-107.491405958,-24.8591421522,-8.28141484113,8.28141484113,6.02685787009
128,1,0,negative,0.13011965014,-0.107491405958,-0.0248568678924,130.11965014,-107.491405958,-24.8568678924,-7.97272209697,7.97272209697,6.02913212986
129,0,0,negative,0.129232191359,-0.107491405958,-0.0247176521374,129.232191359,-107.491405958,-24.7176521374,-8.86018087833,8.86018087833,6.16834788492
129,1,0,negative,0.129810957396,-0.107491405958,-0.0248591421522,129.810957396,-107.491405958,-24.8591421522,-8.28141484113,8.28141484113,6.02685787009
130,0,0,negative,0.129232191359,-0.107491405958,-0.0247176521374,129.232191359,-107.491405958,-24.7176521374,-8.86018087833,8.86018087833,6.16834788492
130,1,0,negative,0.129169939068,-0.107491405958,-0.0247136649489,129.169939068,-107.491405958,-24.7136649489,-8.92243316923,8.92243316923,6.17233507336
131,0,0,negative,0.129169939068,-0.107491405958,-0.0247136649489,129.169939068,-107.491405958,-24.7136649489,-8.92243316923,8.92243316923,6.17233507336
131,1,0,negative,0.129143957541,-0.107491405958,-0.0247140915791,129.143957541,-107.491405958,-24.7140915791,-8.94841469661,8.94841469661,6.17190844321
132,0,0,negative,0.128959330555,-0.107491405958,-0.0247985904262,128.959330555,-107.491405958,-24.7985904262,-9.13304168251,9.13304168251,6.08740959613
132,1,0,negative,0.129143957541,-0.107491405958,-0.0247140915791,129.143957541,-107.491405958,-24.7140915791,-8.94841469661,8.94841469661,6.17190844321
133,0,0,negative,0.128756899637,-0.107491405958,-0.0248245904098,128.756899637,-107.491405958,-24.8245904098,-9.3354725999,9.3354725999,6.06140961253
133,1,0,negative,0.128959330555,-0.107491405958,-0.0247985904262,128.959330555,-107.491405958,-24.7985904262,-9.13304168251,9.13304168251,6.08740959613
134,0,0,negative,0.12850954829,-0.107491405958,-0.0248227811972,128.50954829,-107.491405958,-24.8227811972,-9.58282394721,9.58282394721,6.06321882508
134,1,0,negative,0.128756899637,-0.107491405958,-0.0248245904098,128.756899637,-107.491405958,-24.8245904098,-9.3354725999,9.3354725999,6.06140961253
135,0,0,negative,0.12850954829,-0.107491405958,-0.0248227811972,128.50954829,-107.491405958,-24.8227811972,-9.58282394721,9.58282394721,6.06321882508
135,1,0,negative,0.128278183422,-0.107491405958,-0.024755023804,128.278183422,-107.491405958,-24.755023804,-9.8141888152,9.8141888152,6.13097621834
136,0,0,negative,0.128006634251,-0.107491405958,-0.0247635502796,128.006634251,-107.491405958,-24.7635502796,-10.0857379863,10.0857379863,6.12244974272
136,1,0,negative,0.128278183422,-0.107491405958,-0.024755023804,128.278183422,-107.491405958,-24.755023804,-9.8141888152,9.8141888152,6.13097621834
137,0,0,negative,0.128006634251,-0.107491405958,-0.0247635502796,128.006634251,-107.491405958,-24.7635502796,-10.0857379863,10.0857379863,6.12244974272
137,1,0,negative,0.127989452709,-0.107491405958,-0.0247675833069,127.989452709,-107.491405958,-24.7675833069,-10.1029195282,10.1029195282,6.11841671535
138,0,0,negative,0.127567738702,-0.107491405958,-0.0249599287025,127.567738702,-107.491405958,-24.9599287025,-10.5246335353,10.5246335353,5.92607131976
138,1,0,negative,0.127989452709,-0.107491405958,-0.0247675833069,127.989452709,-107.491405958,-24.7675833069,-10.1029195282,10.1029195282,6.11841671535
139,0,0,negative,0.127567738702,-0.107491405958,-0.0249599287025,127.567738702,-107.491405958,-24.9599287025,-10.5246335353,10.5246335353,5.92607131976
139,1,0,negative,0.127191306983,-0.107491405958,-0.0249512365749,127.191306983,-107.491405958,-24.9512365749,-10.9010652538,10.9010652538,5.93476344742
140,0,0,negative,0.121094951298,-0.107491405958,-0.0305451645024,121.094951298,-107.491405958,-30.5451645024,-16.9974209388,16.9974209388,0.3408355199
140,1,0,negative,0.120688097044,-0.107491405958,-0.0304898852853,120.688097044,-107.491405958,-30.4898852853,-17.4042751928,17.4042751928,0.396114736968
141,0,0,negative,0.120305061272,-0.107491405958,-0.0304590048085,120.305061272,-107.491405958,-30.4590048085,-17.7873109656,17.7873109656,0.426995213833
141,1,0,negative,0.120688097044,-0.107491405958,-0.0304898852853,120.688097044,-107.491405958,-30.4898852853,-17.4042751928,17.4042751928,0.396114736968
142,0,0,negative,0.120305061272,-0.107491405958,-0.0304590048085,120.305061272,-107.491405958,-30.4590048085,-17.7873109656,17.7873109656,0.426995213833
142,1,0,negative,0.120018724965,-0.107491405958,-0.0304692188877,120.018724965,-107.491405958,-30.4692188877,-18.0736472723,18.0736472723,0.416781134614
143,0,0,negative,0.120018724965,-0.107491405958,-0.0304692188877,120.018724965,-107.491405958,-30.4692188877,-18.0736472723,18.0736472723,0.416781134614
143,1,0,negative,0.119776381689,-0.107491405958,-0.0304481174039,119.776381689,-107.491405958,-30.4481174039,-18.3159905484,18.3159905484,0.437882618414
144,0,0,negative,0.119776381689,-0.107491405958,-0.0304481174039,119.776381689,-107.491405958,-30.4481174039,-18.3159905484,18.3159905484,0.437882618414
144,1,0,negative,0.119516448565,-0.107491405958,-0.0304862848125,119.516448565,-107.491405958,-30.4862848125,-18.5759236718,18.5759236718,0.399715209795
145,0,0,negative,0.118612428729,-0.107491405958,-0.030546536313,118.612428729,-107.491405958,-30.546536313,-19.4799435083,19.4799435083,0.339463709248
145,1,0,negative,0.119516448565,-0.107491405958,-0.0304862848125,119.516448565,-107.491405958,-30.4862848125,-18.5759236718,18.5759236718,0.399715209795
146,0,0,negative,0.118612428729,-0.107491405958,-0.030546536313,118.612428729,-107.491405958,-30.546536313,-19.4799435083,19.4799435083,0.339463709248
146,1,0,negative,0.117715570323,-0.107491405958,-0.0306486431017,117.715570323,-107.491405958,-30.6486431017,-20.3768019142,20.3768019142,0.237356920629
147,0,0,negative,0.117175014809,-0.107491405958,-0.0307339723325,117.175014809,-107.491405958,-30.7339723325,-20.9173574282,20.9173574282,0.152027689791
147,1,0,negative,0.117196002373,-0.107491405958,-0.0307310548499,117.196002373,-107.491405958,-30.7310548499,-20.8963698642,20.8963698642,0.154945172359
148,0,0,negative,0.117715570323,-0.107491405958,-0.0306486431017,117.715570323,-107.491405958,-30.6486431017,-20.3768019142,20.3768019142,0.237356920629
148,1,0,negative,0.117196002373,-0.107491405958,-0.0307310548499,117.196002373,-107.491405958,-30.7310548499,-20.8963698642,20.8963698642,0.154945172359
149,0,0,negative,0.12065582772,-0.107491405958,-0.0253762463384,120.65582772,-107.491405958,-25.3762463384,-17.4365445176,17.4365445176,5.50975368389
149,1,0,negative,0.121140094348,-0.107491405958,-0.0254429874055,121.140094348,-107.491405958,-25.4429874055,-16.952277889,16.952277889,5.44301261683
150,0,0,negative,0.121413197154,-0.107491405958,-0.025476675209,121.413197154,-107.491405958,-25.476675209,-16.6791750832,16.6791750832,5.40932481331
150,1,0,negative,0.121140094348,-0.107491405958,-0.0254429874055,121.140094348,-107.491405958,-25.4429874055,-16.952277889,16.952277889,5.44301261683
151,0,0,negative,0.120483692639,-0.107491405958,-0.0253710299407,120.483692639,-107.491405958,-25.3710299407,-17.6086795979,17.6086795979,5.51497008155
151,1,0,negative,0.12065582772,-0.107491405958,-0.0253762463384,120.65582772,-107.491405958,-25.3762463384,-17.4365445176,17.4365445176,5.50975368389
152,0,0,negative,0.120433368989,-0.107491405958,-0.0253537013094,120.433368989,-107.491405958,-25.3537013094,-17.6590032479,17.6590032479,5.53229871288
152,1,0,negative,0.120483692639,-0.107491405958,-0.0253710299407,120.483692639,-107.491405958,-25.3710299407,-17.6086795979,17.6086795979,5.51497008155
153,0,0,negative,0.120433368989,-0.107491405958,-0.0253537013094,120.433368989,-107.491405958,-25.3537013094,-17.6590032479,17.6590032479,5.53229871288
153,1,0,negative,0.12007808928,-0.107491405958,-0.0254299393323,120.07808928,-107.491405958,-25.4299393323,-18.0142829577,18.0142829577,5.45606068996
154,0,0,negative,0.119917848522,-0.107491405958,-0.0254359234409,119.917848522,-107.491405958,-25.4359234409,-18.1745237154,18.1745237154,5.45007658143
154,1,0,negative,0.12007808928,-0.107491405958,-0.0254299393323,120.07808928,-107.491405958,-25.4299393323,-18.0142829577,18.0142829577,5.45606068996
155,0,0,negative,0.119917848522,-0.107491405958,-0.0254359234409,119.917848522,-107.491405958,-25.4359234409,-18.1745237154,18.1745237154,5.45007658143
155,1,0,negative,0.119548199502,-0.107491405958,-0.0254444907878,119.548199502,-107.491405958,-25.4444907878,-18.5441727356,18.5441727356,5.44150923447
156,0,0,negative,0.119178613413,-0.107491405958,-0.0254252964753,119.178613413,-107.491405958,-25.4252964753,-18.9137588238,18.9137588238,5.46070354696
156,1,0,negative,0.119548199502,-0.107491405958,-0.0254444907878,119.548199502,-107.491405958,-25.4444907878,-18.5441727356,18.5441727356,5.44150923447
157,0,0,negative,0.119178613413,-0.107491405958,-0.0254252964753,119.178613413,-107.491405958,-25.4252964753,-18.9137588238,18.9137588238,5.46070354696
157,1,0,negative,0.118736867671,-0.107491405958,-0.0253552202374,118.736867671,-107.491405958,-25.3552202374,-19.3555045661,19.3555045661,5.53077978487
158,0,0,negative,0.118507032899,-0.107491405958,-0.0254226586431,118.507032899,-107.491405958,-25.4226586431,-19.5853393383,19.5853393383,5.46334137917
158,1,0,negative,0.118736867671,-0.107491405958,-0.0253552202374,118.736867671,-107.491405958,-25.3552202374,-19.3555045661,19.3555045661,5.53077978487
159,0,0,negative,0.118507032899,-0.107491405958,-0.0254226586431,118.507032899,-107.491405958,-25.4226586431,-19.5853393383,19.5853393383,5.46334137917
159,1,0,negative,0.118270313716,-0.107491405958,-0.025519962292,118.270313716,-107.491405958,-25.519962292,-19.822058521,19.822058521,5.36603773029
160,0,0,negative,0.118270313716,-0.107491405958,-0.025519962292,118.270313716,-107.491405958,-25.519962292,-19.822058521,19.822058521,5.36603773029
160,1,0,negative,0.118112365348,-0.107491405958,-0.0255858289534,118.112365348,-107.491405958,-25.5858289534,-19.9800068889,19.9800068889,5.3001710689
161,0,0,negative,0.117927592303,-0.107491405958,-0.025639130675,117.927592303,-107.491405958,-25.639130675,-20.1647799344,20.1647799344,5.24686934726
161,1,0,negative,0.118112365348,-0.107491405958,-0.0255858289534,118.112365348,-107.491405958,-25.5858289534,-19.9800068889,19.9800068889,5.3001710689
162,0,0,negative,0.11656354846,-0.107491405958,-0.0258725238604,116.56354846,-107.491405958,-25.8725238604,-21.5288237771,21.5288237771,5.01347616188
162,1,0,negative,0.116416922098,-0.107491405958,-0.025930149924,116.416922098,-107.491405958,-25.930149924,-21.6754501389,21.6754501389,4.95585009832
163,0,0,negative,0.117445076047,-0.107491405958,-0.0256771898508,117.445076047,-107.491405958,-25.6771898508,-20.6472961905,20.6472961905,5.20881017147
163,1,0,negative,0.117927592303,-0.107491405958,-0.025639130675,117.927592303,-107.491405958,-25.639130675,-20.1647799344,20.1647799344,5.24686934726
164,0,0,negative,0.117445076047,-0.107491405958,-0.0256771898508,117.445076047,-107.491405958,-25.6771898508,-20.6472961905,20.6472961905,5.20881017147
164,1,0,negative,0.117238314564,-0.107491405958,-0.0256776586921,117.238314564,-107.491405958,-25.6776586921,-20.854057673,20.854057673,5.20834133021
165,0,0,negative,0.117238314564,-0.107491405958,-0.0256776586921,117.238314564,-107.491405958,-25.6776586921,-20.854057673,20.854057673,5.20834133021
165,1,0,negative,0.117079765947,-0.107491405958,-0.0257464482631,117.079765947,-107.491405958,-25.7464482631,-21.0126062901,21.0126062901,5.1395517592
166,0,0,negative,0.11656354846,-0.107491405958,-0.0258725238604,116.56354846,-107.491405958,-25.8725238604,-21.5288237771,21.5288237771,5.01347616188
166,1,0,negative,0.117079765947,-0.107491405958,-0.0257464482631,117.079765947,-107.491405958,-25.7464482631,-21.0126062901,21.0126062901,5.1395517592
167,0,0,negative,0.116416922098,-0.107491405958,-0.025930149924,116.416922098,-107.491405958,-25.930149924,-21.6754501389,21.6754501389,4.95585009832
167,1,0,negative,0.116027965395,-0.107491405958,-0.0259586507191,116.027965395,-107.491405958,-25.9586507191,-22.0644068421,22.0644068421,4.92734930317
168,0,0,negative,0.115727699446,-0.107491405958,-0.0259937889636,115.727699446,-107.491405958,-25.9937889636,-22.364672791,22.364672791,4.89221105865
168,1,0,negative,0.116027965395,-0.107491405958,-0.0259586507191,116.027965395,-107.491405958,-25.9586507191,-22.0644068421,22.0644068421,4.92734930317
169,0,0,negative,0.117161692545,-0.107491405958,-0.0307338606824,117.161692545,-107.491405958,-30.7338606824,-20.9306796927,20.9306796927,0.152139339889
169,1,0,negative,0.117175014809,-0.107491405958,-0.0307339723325,117.175014809,-107.491405958,-30.7339723325,-20.9173574282,20.9173574282,0.152027689791
170,0,0,negative,0.117117923459,-0.107491405958,-0.0307343777767,117.117923459,-107.491405958,-30.7343777767,-20.9744487785,20.9744487785,0.151622245642
170,1,0,negative,0.117161692545,-0.107491405958,-0.0307338606824,117.161692545,-107.491405958,-30.7338606824,-20.9306796927,20.9306796927,0.152139339889
171,0,0,negative,0.117117923459,-0.107491405958,-0.0307343777767,117.117923459,-107.491405958,-30.7343777767,-20.9744487785,20.9744487785,0.151622245642
171,1,0,negative,0.115214487395,-0.107491405958,-0.0307070645257,115.214487395,-107.491405958,-30.7070645257,-22.8778848424,22.8778848424,0.178935496557
172,0,0,negative,0.115214487395,-0.107491405958,-0.0307070645257,115.214487395,-107.491405958,-30.7070645257,-22.8778848424,22.8778848424,0.178935496557
172,1,0,negative,0.114615777836,-0.107491405958,-0.0307381206976,114.615777836,-107.491405958,-30.7381206976,-23.4765944015,23.4765944015,0.147879324736
173,0,0,negative,0.115252884209,-0.107491405958,-0.0258891074337,115.252884209,-107.491405958,-25.8891074337,-22.839488028,22.839488028,4.99689258855
173,1,0,negative,0.115216454344,-0.107491405958,-0.0258860743104,115.216454344,-107.491405958,-25.8860743104,-22.8759178935,22.8759178935,4.99992571187
174,0,0,negative,0.115252884209,-0.107491405958,-0.0258891074337,115.252884209,-107.491405958,-25.8891074337,-22.839488028,22.839488028,4.99689258855
174,1,0,negative,0.115727699446,-0.107491405958,-0.0259937889636,115.727699446,-107.491405958,-25.9937889636,-22.364672791,22.364672791,4.89221105865
175,0,0,negative,0.115216454344,-0.107491405958,-0.0258860743104,115.216454344,-107.491405958,-25.8860743104,-22.8759178935,22.8759178935,4.99992571187
175,1,0,negative,0.115195725388,-0.107491405958,-0.0258911300642,115.195725388,-107.491405958,-25.8911300642,-22.8966468493,22.8966468493,4.9948699581
176,0,0,negative,0.114168402199,-0.107491405958,-0.0307367120676,114.168402199,-107.491405958,-30.7367120676,-23.9239700381,23.9239700381,0.149287954726
176,1,0,negative,0.114615777836,-0.107491405958,-0.0307381206976,114.615777836,-107.491405958,-30.7381206976,-23.4765944015,23.4765944015,0.147879324736
177,0,0,negative,0.114168402199,-0.107491405958,-0.0307367120676,114.168402199,-107.491405958,-30.7367120676,-23.9239700381,23.9239700381,0.149287954726
177,1,0,negative,0.112816412989,-0.107491405958,-0.030738793221,112.816412989,-107.491405958,-30.738793221,-25.2759592482,25.2759592482,0.14720680126
178,0,0,negative,0.11280697986,-0.107491405958,-0.0307426533868,112.80697986,-107.491405958,-30.7426533868,-25.2853923768,25.2853923768,0.143346635467
178,1,0,negative,0.112816412989,-0.107491405958,-0.030738793221,112.816412989,-107.491405958,-30.738793221,-25.2759592482,25.2759592482,0.14720680126
179,0,0,negative,0.112628018217,-0.107491405958,-0.0307432892047,112.628018217,-107.491405958,-30.7432892047,-25.46435402,25.46435402,0.142710817591
179,1,0,negative,0.11280697986,-0.107491405958,-0.0307426533868,112.80697986,-107.491405958,-30.7426533868,-25.2853923768,25.2853923768,0.143346635467
180,0,0,negative,0.112628018217,-0.107491405958,-0.0307432892047,112.628018217,-107.491405958,-30.7432892047,-25.46435402,25.46435402,0.142710817591
180,1,0,negative,0.110996438255,-0.107491405958,-0.0306230328599,110.996438255,-107.491405958,-30.6230328599,-27.0959339821,27.0959339821,0.262967162369
181,0,0,negative,0.110801057429,-0.107491405958,-0.0306016431414,110.801057429,-107.491405958,-30.6016431414,-27.2913148078,27.2913148078,0.284356880919
181,1,0,negative,0.110996438255,-0.107491405958,-0.0306230328599,110.996438255,-107.491405958,-30.6230328599,-27.0959339821,27.0959339821,0.262967162369
182,0,0,negative,0.110801057429,-0.107491405958,-0.0306016431414,110.801057429,-107.491405958,-30.6016431414,-27.2913148078,27.2913148078,0.284356880919
182,1,0,negative,0.10974502657,-0.107491405958,-0.0305282095103,109.74502657,-107.491405958,-30.5282095103,-28.3473456668,28.3473456668,0.357790511945
183,0,0,negative,0.109246221564,-0.107491405958,-0.0304935676997,109.246221564,-107.491405958,-30.4935676997,-28.8461506736,28.8461506736,0.392432322641
183,1,0,negative,0.10974502657,-0.107491405958,-0.0305282095103,109.74502657,-107.491405958,-30.5282095103,-28.3473456668,28.3473456668,0.357790511945
184,0,0,negative,0.109246221564,-0.107491405958,-0.0304935676997,109.246221564,-107.491405958,-30.4935676997,-28.8461506736,28.8461506736,0.392432322641
184,1,0,negative,0.108178145436,-0.107491405958,-0.0303824757269,108.178145436,-107.491405958,-30.3824757269,-29.914226801,29.914226801,0.503524295367
185,0,0,negative,0.114583251947,-0.107491405958,-0.0260990662314,114.583251947,-107.491405958,-26.0990662314,-23.5091202898,23.5091202898,4.78693379088
185,1,0,negative,0.115195725388,-0.107491405958,-0.0258911300642,115.195725388,-107.491405958,-25.8911300642,-22.8966468493,22.8966468493,4.9948699581
186,0,0,negative,0.114583251947,-0.107491405958,-0.0260990662314,114.583251947,-107.491405958,-26.0990662314,-23.5091202898,23.5091202898,4.78693379088
186,1,0,negative,0.114373087207,-0.107491405958,-0.0261429837772,114.373087207,-107.491405958,-26.1429837772,-23.7192850305,23.7192850305,4.74301624513
187,0,0,negative,0.114169431194,-0.107491405958,-0.0261840089389,114.169431194,-107.491405958,-26.1840089389,-23.9229410432,23.9229410432,4.70199108343
187,1,0,negative,0.114373087207,-0.107491405958,-0.0261429837772,114.373087207,-107.491405958,-26.1429837772,-23.7192850305,23.7192850305,4.74301624513
188,0,0,negative,0.11396022499,-0.107491405958,-0.0261609331153,113.96022499,-107.491405958,-26.1609331153,-24.1321472475,24.1321472475,4.72506690696
188,1,0,negative,0.114169431194,-0.107491405958,-0.0261840089389,114.169431194,-107.491405958,-26.1840089389,-23.9229410432,23.9229410432,4.70199108343
189,0,0,negative,0.11396022499,-0.107491405958,-0.0261609331153,113.96022499,-107.491405958,-26.1609331153,-24.1321472475,24.1321472475,4.72506690696
189,1,0,negative,0.113680090436,-0.107491405958,-0.0261191350952,113.680090436,-107.491405958,-26.1191350952,-24.4122818014,24.4122818014,4.76686492712
190,0,0,negative,0.113128738236,-0.107491405958,-0.0260665416558,113.128738236,-107.491405958,-26.0665416558,-24.9636340016,24.9636340016,4.81945836648
190,1,0,negative,0.113680090436,-0.107491405958,-0.0261191350952,113.680090436,-107.491405958,-26.1191350952,-24.4122818014,24.4122818014,4.76686492712
191,0,0,negative,0.113128738236,-0.107491405958,-0.0260665416558,113.128738236,-107.491405958,-26.0665416558,-24.9636340016,24.9636340016,4.81945836648
191,1,0,negative,0.112552136396,-0.107491405958,-0.0260798917766,112.552136396,-107.491405958,-26.0798917766,-25.5402358409,25.5402358409,4.80610824574
192,0,0,negative,0.112552136396,-0.107491405958,-0.0260798917766,112.552136396,-107.491405958,-26.0798917766,-25.5402358409,25.5402358409,4.80610824574
192,1,0,negative,0.112126426035,-0.107491405958,-0.0260294628079,112.126426035,-107.491405958,-26.0294628079,-25.9659462023,25.9659462023,4.85653721435
193,0,0,negative,0.111934039446,-0.107491405958,-0.0260877957805,111.934039446,-107.491405958,-26.0877957805,-26.1583327916,26.1583327916,4.79820424178
193,1,0,negative,0.112126426035,-0.107491405958,-0.0260294628079,112.126426035,-107.491405958,-26.0294628079,-25.9659462023,25.9659462023,4.85653721435
194,0,0,negative,0.111616696186,-0.107491405958,-0.0264027232304,111.616696186,-107.491405958,-26.4027232304,-26.4756760507,26.4756760507,4.48327679192
194,1,0,negative,0.11179095344,-0.107491405958,-0.0261987012966,111.79095344,-107.491405958,-26.1987012966,-26.3014187974,26.3014187974,4.68729872571
195,0,0,negative,0.111616696186,-0.107491405958,-0.0264027232304,111.616696186,-107.491405958,-26.4027232304,-26.4756760507,26.4756760507,4.48327679192
195,1,0,negative,0.111556720603,-0.107491405958,-0.0264709245464,111.556720603,-107.491405958,-26.4709245464,-26.5356516343,26.5356516343,4.4150754759
196,0,0,negative,0.111934039446,-0.107491405958,-0.0260877957805,111.934039446,-107.491405958,-26.0877957805,-26.1583327916,26.1583327916,4.79820424178
196,1,0,negative,0.11179095344,-0.107491405958,-0.0261987012966,111.79095344,-107.491405958,-26.1987012966,-26.3014187974,26.3014187974,4.68729872571
197,0,0,negative,0.111278264557,-0.107491405958,-0.0264222945914,111.278264557,-107.491405958,-26.4222945914,-26.8141076799,26.8141076799,4.46370543088
197,1,0,negative,0.111556720603,-0.107491405958,-0.0264709245464,111.556720603,-107.491405958,-26.4709245464,-26.5356516343,26.5356516343,4.4150754759
198,0,0,negative,0.111278264557,-0.107491405958,-0.0264222945914,111.278264557,-107.491405958,-26.4222945914,-26.8141076799,26.8141076799,4.46370543088
198,1,0,negative,0.111011958421,-0.107491405958,-0.0264446783116,111.011958421,-107.491405958,-26.4446783116,-27.0804138159,27.0804138159,4.44132171066
199,0,0,negative,0.111011958421,-0.107491405958,-0.0264446783116,111.011958421,-107.491405958,-26.4446783116,-27.0804138159,27.0804138159,4.44132171066
199,1,0,negative,0.110936943285,-0.107491405958,-0.0263677730891,110.936943285,-107.491405958,-26.3677730891,-27.1554289522,27.1554289522,4.51822693314
200,0,0,negative,0.110936943285,-0.107491405958,-0.0263677730891,110.936943285,-107.491405958,-26.3677730891,-27.1554289522,27.1554289522,4.51822693314
200,1,0,negative,0.110649798908,-0.107491405958,-0.0261046392854,110.649798908,-107.491405958,-26.1046392854,-27.442573329,27.442573329,4.7813607369
201,0,0,negative,0.110559420638,-0.107491405958,-0.0260577800662,110.559420638,-107.491405958,-26.0577800662,-27.5329515994,27.5329515994,4.82821995607
201,1,0,negative,0.110649798908,-0.107491405958,-0.0261046392854,110.649798908,-107.491405958,-26.1046392854,-27.442573329,27.442573329,4.7813607369
202,0,0,negative,0.110200761388,-0.107491405958,-0.0259667646394,110.200761388,-107.491405958,-25.9667646394,-27.8916108491,27.8916108491,4.91923538288
202,1,0,negative,0.110559420638,-0.107491405958,-0.0260577800662,110.559420638,-107.491405958,-26.0577800662,-27.5329515994,27.5329515994,4.82821995607
203,0,0,negative,0.110200761388,-0.107491405958,-0.0259667646394,110.200761388,-107.491405958,-25.9667646394,-27.8916108491,27.8916108491,4.91923538288
203,1,0,negative,0.109292416622,-0.107491405958,-0.0257499504573,109.292416622,-107.491405958,-25.7499504573,-28.7999556152,28.7999556152,5.13604956501
204,0,0,negative,0.109292416622,-0.107491405958,-0.0257499504573,109.292416622,-107.491405958,-25.7499504573,-28.7999556152,28.7999556152,5.13604956501
204,1,0,negative,0.1092441195,-0.107491405958,-0.0257304417814,109.2441195,-107.491405958,-25.7304417814,-28.848252737,28.848252737,5.15555824094
205,0,0,negative,0.108623864696,-0.107491405958,-0.0256040615439,108.623864696,-107.491405958,-25.6040615439,-29.4685075412,29.4685075412,5.28193847835
205,1,0,negative,0.1092441195,-0.107491405958,-0.0257304417814,109.2441195,-107.491405958,-25.7304417814,-28.848252737,28.848252737,5.15555824094
206,0,0,negative,0.108623864696,-0.107491405958,-0.0256040615439,108.623864696,-107.491405958,-25.6040615439,-29.4685075412,29.4685075412,5.28193847835
206,1,0,negative,0.108590825646,-0.107491405958,-0.0256029837238,108.590825646,-107.491405958,-25.6029837238,-29.5015465915,29.5015465915,5.28301629848
207,0,0,negative,0.108161510613,-0.107491405958,-0.0255781777304,108.161510613,-107.491405958,-25.5781777304,-29.9308616243,29.9308616243,5.30782229188
207,1,0,negative,0.108528616464,-0.107491405958,-0.0256030273992,108.528616464,-107.491405958,-25.6030273992,-29.5637557728,29.5637557728,5.28297262307
208,0,0,negative,0.108060836708,-0.107491405958,-0.0255105370989,108.060836708,-107.491405958,-25.5105370989,-30.0315355295,30.0315355295,5.37546292336
208,1,0,negative,0.108161510613,-0.107491405958,-0.0255781777304,108.161510613,-107.491405958,-25.5781777304,-29.9308616243,29.9308616243,5.30782229188
209,0,0,negative,0.108178145436,-0.107491405958,-0.0303824757269,108.178145436,-107.491405958,-30.3824757269,-29.914226801,29.914226801,0.503524295367
209,1,0,negative,0.107193360598,-0.107491405958,-0.0302774170035,107.193360598,-107.491405958,-30.2774170035,-30.8990116395,30.8990116395,0.608583018764
210,0,0,negative,0.10718202354,-0.107491405958,-0.0302733691405,107.18202354,-107.491405958,-30.2733691405,-30.9103486974,30.9103486974,0.612630881803
210,1,0,negative,0.107193360598,-0.107491405958,-0.0302774170035,107.193360598,-107.491405958,-30.2774170035,-30.8990116395,30.8990116395,0.608583018764
211,0,0,negative,0.107092960334,-0.107491405958,-0.0302527259028,107.092960334,-107.491405958,-30.2527259028,-30.9994119033,30.9994119033,0.633274119534
211,1,0,negative,0.10718202354,-0.107491405958,-0.0302733691405,107.18202354,-107.491405958,-30.2733691405,-30.9103486974,30.9103486974,0.612630881803
212,0,0,negative,0.107049768001,-0.107491405958,-0.0302388360363,107.049768001,-107.491405958,-30.2388360363,-31.0426042363,31.0426042363,0.647163985996
212,1,0,negative,0.106230617019,-0.107491405958,-0.0299364874317,106.230617019,-107.491405958,-29.9364874317,-31.8617552184,31.8617552184,0.949512590561
213,0,0,negative,0.107049768001,-0.107491405958,-0.0302388360363,107.049768001,-107.491405958,-30.2388360363,-31.0426042363,31.0426042363,0.647163985996
213,1,0,negative,0.107092960334,-0.107491405958,-0.0302527259028,107.092960334,-107.491405958,-30.2527259028,-30.9994119033,30.9994119033,0.633274119534
214,0,0,negative,0.105899634845,-0.107491405958,-0.0297701027554,105.899634845,-107.491405958,-29.7701027554,-32.1927373919,32.1927373919,1.11589726694
214,1,0,negative,0.106230617019,-0.107491405958,-0.0299364874317,106.230617019,-107.491405958,-29.9364874317,-31.8617552184,31.8617552184,0.949512590561
215,0,0,negative,0.105899634845,-0.107491405958,-0.0297701027554,105.899634845,-107.491405958,-29.7701027554,-32.1927373919,32.1927373919,1.11589726694
215,1,0,negative,0.105461423715,-0.107491405958,-0.0295548819708,105.461423715,-107.491405958,-29.5548819708,-32.6309485218,32.6309485218,1.33111805149
216,0,0,negative,0.105251036937,-0.107491405958,-0.029435878265,105.251036937,-107.491405958,-29.435878265,-32.8413352998,32.8413352998,1.45012175726
216,1,0,negative,0.105461423715,-0.107491405958,-0.0295548819708,105.461423715,-107.491405958,-29.5548819708,-32.6309485218,32.6309485218,1.33111805149
217,0,0,negative,0.104698053572,-0.107491405958,-0.0290563106138,104.698053572,-107.491405958,-29.0563106138,-33.3943186656,33.3943186656,1.82968940848
217,1,0,negative,0.105251036937,-0.107491405958,-0.029435878265,105.251036937,-107.491405958,-29.435878265,-32.8413352998,32.8413352998,1.45012175726
218,0,0,negative,0.104698053572,-0.107491405958,-0.0290563106138,104.698053572,-107.491405958,-29.0563106138,-33.3943186656,33.3943186656,1.82968940848
218,1,0,negative,0.104581561882,-0.107491405958,-0.0289709414731,104.581561882,-107.491405958,-28.9709414731,-33.5108103548,33.5108103548,1.91505854922
219,0,0,negative,0.104581561882,-0.107491405958,-0.0289709414731,104.581561882,-107.491405958,-28.9709414731,-33.5108103548,33.5108103548,1.91505854922
219,1,0,negative,0.104476593875,-0.107491405958,-0.0288729834771,104.476593875,-107.491405958,-28.8729834771,-33.6157783627,33.6157783627,2.01301654517
220,0,0,negative,0.108590825646,-0.107491405958,-0.0256029837238,108.590825646,-107.491405958,-25.6029837238,-29.5015465915,29.5015465915,5.28301629848
220,1,0,negative,0.108528616464,-0.107491405958,-0.0256030273992,108.528616464,-107.491405958,-25.6030273992,-29.5637557728,29.5637557728,5.28297262307
221,0,0,negative,0.108060836708,-0.107491405958,-0.0255105370989,108.060836708,-107.491405958,-25.5105370989,-30.0315355295,30.0315355295,5.37546292336
221,1,0,negative,0.107837051118,-0.107491405958,-0.0253652398953,107.837051118,-107.491405958,-25.3652398953,-30.2553211189,30.2553211189,5.52076012695
222,0,0,negative,0.107584618618,-0.107491405958,-0.0251832350021,107.584618618,-107.491405958,-25.1832350021,-30.5077536197,30.5077536197,5.70276502023
222,1,0,negative,0.107837051118,-0.107491405958,-0.0253652398953,107.837051118,-107.491405958,-25.3652398953,-30.2553211189,30.2553211189,5.52076012695
223,0,0,negative,0.107584618618,-0.107491405958,-0.0251832350021,107.584618618,-107.491405958,-25.1832350021,-30.5077536197,30.5077536197,5.70276502023
223,1,0,negative,0.107222601702,-0.107491405958,-0.0247240975063,107.222601702,-107.491405958,-24.7240975063,-30.8697705355,30.8697705355,6.16190251603
224,0,0,negative,0.107222601702,-0.107491405958,-0.0247240975063,107.222601702,-107.491405958,-24.7240975063,-30.8697705355,30.8697705355,6.16190251603
224,1,0,negative,0.10697688495,-0.107491405958,-0.0245811232045,106.97688495,-107.491405958,-24.5811232045,-31.115487287,31.115487287,6.3048768178
225,0,0,negative,0.106815484202,-0.107491405958,-0.0244934460697,106.815484202,-107.491405958,-24.4934460697,-31.2768880353,31.2768880353,6.39255395262
225,1,0,negative,0.10697688495,-0.107491405958,-0.0245811232045,106.97688495,-107.491405958,-24.5811232045,-31.115487287,31.115487287,6.3048768178
226,0,0,negative,0.106815484202,-0.107491405958,-0.0244934460697,106.815484202,-107.491405958,-24.4934460697,-31.2768880353,31.2768880353,6.39255395262
226,1,0,negative,0.10649740139,-0.107491405958,-0.024147429659,106.49740139,-107.491405958,-24.147429659,-31.5949708475,31.5949708475,6.73857036332
227,0,0,negative,0.106404111401,-0.107491405958,-0.0240568591902,106.404111401,-107.491405958,-24.0568591902,-31.6882608364,31.6882608364,6.82914083213
227,1,0,negative,0.10649740139,-0.107491405958,-0.024147429659,106.49740139,-107.491405958,-24.147429659,-31.5949708475,31.5949708475,6.73857036332
228,0,0,negative,0.103835773829,-0.107491405958,-0.0281638945198,103.835773829,-107.491405958,-28.1638945198,-34.2565984085,34.2565984085,2.72210550248
228,1,0,negative,0.104476593875,-0.107491405958,-0.0288729834771,104.476593875,-107.491405958,-28.8729834771,-33.6157783627,33.6157783627,2.01301654517
229,0,0,negative,0.103835773829,-0.107491405958,-0.0281638945198,103.835773829,-107.491405958,-28.1638945198,-34.2565984085,34.2565984085,2.72210550248
229,1,0,negative,0.102894408008,-0.107491405958,-0.0270665389712,102.894408008,-107.491405958,-27.0665389712,-35.1979642292,35.1979642292,3.81946105114
230,0,0,negative,0.102662940787,-0.107491405958,-0.0267484625804,102.662940787,-107.491405958,-26.7484625804,-35.4294314506,35.4294314506,4.1375374419
230,1,0,negative,0.102894408008,-0.107491405958,-0.0270665389712,102.894408008,-107.491405958,-27.0665389712,-35.1979642292,35.1979642292,3.81946105114
231,0,0,negative,0.102662940787,-0.107491405958,-0.0267484625804,102.662940787,-107.491405958,-26.7484625804,-35.4294314506,35.4294314506,4.1375374419
231,1,0,negative,0.102303757741,-0.107491405958,-0.0262093765028,102.303757741,-107.491405958,-26.2093765028,-35.7886144962,35.7886144962,4.67662351948
232,0,0,negative,0.102303757741,-0.107491405958,-0.0262093765028,102.303757741,-107.491405958,-26.2093765028,-35.7886144962,35.7886144962,4.67662351948
232,1,0,negative,0.101891201192,-0.107491405958,-0.0256526137906,101.891201192,-107.491405958,-25.6526137906,-36.2011710449,36.2011710449,5.23338623166
233,0,0,negative,0.101617310255,-0.107491405958,-0.0252996695579,101.617310255,-107.491405958,-25.2996695579,-36.4750619823,36.4750619823,5.58633046437
233,1,0,negative,0.101891201192,-0.107491405958,-0.0256526137906,101.891201192,-107.491405958,-25.6526137906,-36.2011710449,36.2011710449,5.23338623166
234,0,0,negative,0.101242211934,-0.107491405958,-0.0248500553286,101.242211934,-107.491405958,-24.8500553286,-36.8501603036,36.8501603036,6.03594469367
234,1,0,negative,0.101617310255,-0.107491405958,-0.0252996695579,101.617310255,-107.491405958,-25.2996695579,-36.4750619823,36.4750619823,5.58633046437
235,0,0,negative,0.101242211934,-0.107491405958,-0.0248500553286,101.242211934,-107.491405958,-24.8500553286,-36.8501603036,36.8501603036,6.03594469367
235,1,0,negative,0.100782639537,-0.107491405958,-0.0242684651078,100.782639537,-107.491405958,-24.2684651078,-37.3097327005,37.3097327005,6.61753491448
236,0,0,negative,0.106404111401,-0.107491405958,-0.0240568591902,106.404111401,-107.491405958,-24.0568591902,-31.6882608364,31.6882608364,6.82914083213
236,1,0,negative,0.10611641469,-0.107491405958,-0.0236736342029,106.11641469,-107.491405958,-23.6736342029,-31.9759575477,31.9759575477,7.21236581937
237,0,0,negative,0.10585194947,-0.107491405958,-0.0232688520047,105.85194947,-107.491405958,-23.2688520047,-32.2404227673,32.2404227673,7.61714801758
237,1,0,negative,0.10611641469,-0.107491405958,-0.0236736342029,106.11641469,-107.491405958,-23.6736342029,-31.9759575477,31.9759575477,7.21236581937
238,0,0,negative,0.10560767243,-0.107491405958,-0.0229405814087,105.60767243,-107.491405958,-22.9405814087,-32.4846998068,32.4846998068,7.94541861358
238,1,0,negative,0.10585194947,-0.107491405958,-0.0232688520047,105.85194947,-107.491405958,-23.2688520047,-32.2404227673,32.2404227673,7.61714801758
239,0,0,negative,0.10560767243,-0.107491405958,-0.0229405814087,105.60767243,-107.491405958,-22.9405814087,-32.4846998068,32.4846998068,7.94541861358
239,1,0,negative,0.105371581603,-0.107491405958,-0.022648524978,105.371581603,-107.491405958,-22.648524978,-32.7207906343,32.7207906343,8.23747504433
240,0,0,negative,0.10483737419,-0.107491405958,-0.0219979572848,104.83737419,-107.491405958,-21.9979572848,-33.2549980468,33.2549980468,8.88804273751
240,1,0,negative,0.104953006077,-0.107491405958,-0.0221358150198,104.953006077,-107.491405958,-22.1358150198,-33.1393661607,33.1393661607,8.75018500253
241,0,0,negative,0.105371581603,-0.107491405958,-0.022648524978,105.371581603,-107.491405958,-22.648524978,-32.7207906343,32.7207906343,8.23747504433
241,1,0,negative,0.104953006077,-0.107491405958,-0.0221358150198,104.953006077,-107.491405958,-22.1358150198,-33.1393661607,33.1393661607,8.75018500253
242,0,0,negative,0.104636115896,-0.107491405958,-0.0216945986061,104.636115896,-107.491405958,-21.6945986061,-33.4562563408,33.4562563408,9.19140141624
242,1,0,negative,0.10483737419,-0.107491405958,-0.0219979572848,104.83737419,-107.491405958,-21.9979572848,-33.2549980468,33.2549980468,8.88804273751
243,0,0,negative,0.104636115896,-0.107491405958,-0.0216945986061,104.636115896,-107.491405958,-21.6945986061,-33.4562563408,33.4562563408,9.19140141624
243,1,0,negative,0.104392774595,-0.107491405958,-0.0213149486157,104.392774595,-107.491405958,-21.3149486157,-33.6995976418,33.6995976418,9.5710514066
244,0,0,negative,0.104314055008,-0.107491405958,-0.0212175127477,104.314055008,-107.491405958,-21.2175127477,-33.778317229,33.778317229,9.66848727455
244,1,0,negative,0.104392774595,-0.107491405958,-0.0213149486157,104.392774595,-107.491405958,-21.3149486157,-33.6995976418,33.6995976418,9.5710514066
245,0,0,negative,0.104314055008,-0.107491405958,-0.0212175127477,104.314055008,-107.491405958,-21.2175127477,-33.778317229,33.778317229,9.66848727455
245,1,0,negative,0.104096513144,-0.107491405958,-0.0208687524419,104.096513144,-107.491405958,-20.8687524419,-33.9958590931,33.9958590931,10.0172475804
246,0,0,negative,0.104096513144,-0.107491405958,-0.0208687524419,104.096513144,-107.491405958,-20.8687524419,-33.9958590931,33.9958590931,10.0172475804
246,1,0,negative,0.103895898457,-0.107491405958,-0.0205527412354,103.895898457,-107.491405958,-20.5527412354,-34.1964737804,34.1964737804,10.3332587869
247,0,0,negative,0.103668740222,-0.107491405958,-0.0200827302498,103.668740222,-107.491405958,-20.0827302498,-34.4236320152,34.4236320152,10.8032697725
247,1,0,negative,0.103895898457,-0.107491405958,-0.0205527412354,103.895898457,-107.491405958,-20.5527412354,-34.1964737804,34.1964737804,10.3332587869
248,0,0,negative,0.103411222387,-0.107491405958,-0.0196291061278,103.411222387,-107.491405958,-19.6291061278,-34.6811498501,34.6811498501,11.2568938944
248,1,0,negative,0.103668740222,-0.107491405958,-0.0200827302498,103.668740222,-107.491405958,-20.0827302498,-34.4236320152,34.4236320152,10.8032697725
249,0,0,negative,0.103411222387,-0.107491405958,-0.0196291061278,103.411222387,-107.491405958,-19.6291061278,-34.6811498501,34.6811498501,11.2568938944
249,1,0,negative,0.103198612435,-0.107491405958,-0.0193888667071,103.198612435,-107.491405958,-19.3888667071,-34.8937598025,34.8937598025,11.4971333152
250,0,0,negative,0.099391919756,-0.107491405958,-0.0223516613756,99.391919756,-107.491405958,-22.3516613756,-38.7004524812,38.7004524812,8.53433864665
250,1,0,negative,0.100782639537,-0.107491405958,-0.0242684651078,100.782639537,-107.491405958,-24.2684651078,-37.3097327005,37.3097327005,6.61753491448
251,0,0,negative,0.099391919756,-0.107491405958,-0.0223516613756,99.391919756,-107.491405958,-22.3516613756,-38.7004524812,38.7004524812,8.53433864665
251,1,0,negative,0.0992950427876,-0.107491405958,-0.0222188669619,99.2950427876,-107.491405958,-22.2188669619,-38.7973294496,38.7973294496,8.6671330604
252,0,0,negative,0.0988690639142,-0.107491405958,-0.0215485733112,98.8690639142,-107.491405958,-21.5485733112,-39.223308323,39.223308323,9.33742671112
252,1,0,negative,0.0992950427876,-0.107491405958,-0.0222188669619,99.2950427876,-107.491405958,-22.2188669619,-38.7973294496,38.7973294496,8.6671330604
253,0,0,negative,0.0988690639142,-0.107491405958,-0.0215485733112,98.8690639142,-107.491405958,-21.5485733112,-39.223308323,39.223308323,9.33742671112
253,1,0,negative,0.0988499185518,-0.107491405958,-0.0215202170713,98.8499185518,-107.491405958,-21.5202170713,-39.2424536854,39.2424536854,9.36578295103
254,0,0,negative,0.0988499185518,-0.107491405958,-0.0215202170713,98.8499185518,-107.491405958,-21.5202170713,-39.2424536854,39.2424536854,9.36578295103
254,1,0,negative,0.0988316074818,-0.107491405958,-0.0214922013417,98.8316074818,-107.491405958,-21.4922013417,-39.2607647554,39.2607647554,9.39379868064
255,0,0,negative,0.102919902913,-0.107491405958,-0.0188960969496,102.919902913,-107.491405958,-18.8960969496,-35.1724693246,35.1724693246,11.9899030726
255,1,0,negative,0.103198612435,-0.107491405958,-0.0193888667071,103.198612435,-107.491405958,-19.3888667071,-34.8937598025,34.8937598025,11.4971333152
256,0,0,negative,0.102919902913,-0.107491405958,-0.0188960969496,102.919902913,-107.491405958,-18.8960969496,-35.1724693246,35.1724693246,11.9899030726
256,1,0,negative,0.102721085391,-0.107491405958,-0.0184419366781,102.721085391,-107.491405958,-18.4419366781,-35.371286846,35.371286846,12.4440633442
257,0,0,negative,0.102687390804,-0.107491405958,-0.0184012144822,102.687390804,-107.491405958,-18.4012144822,-35.4049814333,35.4049814333,12.4847855401
257,1,0,negative,0.102721085391,-0.107491405958,-0.0184419366781,102.721085391,-107.491405958,-18.4419366781,-35.371286846,35.371286846,12.4440633442
258,0,0,negative,0.10256135578,-0.107491405958,-0.0181778947879,102.56135578,-107.491405958,-18.1778947879,-35.5310164573,35.5310164573,12.7081052344
258,1,0,negative,0.102434965464,-0.107491405958,-0.0179089996964,102.434965464,-107.491405958,-17.9089996964,-35.6574067731,35.6574067731,12.9770003259
259,0,0,negative,0.10256135578,-0.107491405958,-0.0181778947879,102.56135578,-107.491405958,-18.1778947879,-35.5310164573,35.5310164573,12.7081052344
259,1,0,negative,0.102687390804,-0.107491405958,-0.0184012144822,102.687390804,-107.491405958,-18.4012144822,-35.4049814333,35.4049814333,12.4847855401
260,0,0,negative,0.101852291946,-0.107491405958,-0.0171159020809,101.852291946,-107.491405958,-17.1159020809,-36.2400802911,36.2400802911,13.7700979414
260,1,0,negative,0.101849498712,-0.107491405958,-0.0171117361848,101.849498712,-107.491405958,-17.1117361848,-36.2428735256,36.2428735256,13.7742638375
261,0,0,negative,0.101849498712,-0.107491405958,-0.0171117361848,101.849498712,-107.491405958,-17.1117361848,-36.2428735256,36.2428735256,13.7742638375
261,1,0,negative,0.101845849033,-0.107491405958,-0.0171053521629,101.845849033,-107.491405958,-17.1053521629,-36.2465232046,36.2465232046,13.7806478593
262,0,0,negative,0.101873341282,-0.107491405958,-0.0171416757699,101.873341282,-107.491405958,-17.1416757699,-36.2190309556,36.2190309556,13.7443242524
262,1,0,negative,0.102434965464,-0.107491405958,-0.0179089996964,102.434965464,-107.491405958,-17.9089996964,-35.6574067731,35.6574067731,12.9770003259
263,0,0,negative,0.101873341282,-0.107491405958,-0.0171416757699,101.873341282,-107.491405958,-17.1416757699,-36.2190309556,36.2190309556,13.7443242524
263,1,0,negative,0.101852291946,-0.107491405958,-0.0171159020809,101.852291946,-107.491405958,-17.1159020809,-36.2400802911,36.2400802911,13.7700979414
264,0,0,negative,0.101409251136,-0.107491405958,-0.0166308882862,101.409251136,-107.491405958,-16.6308882862,-36.6831211009,36.6831211009,14.2551117361
264,1,0,negative,0.101845849033,-0.107491405958,-0.0171053521629,101.845849033,-107.491405958,-17.1053521629,-36.2465232046,36.2465232046,13.7806478593
265,0,0,negative,0.101233256599,-0.107491405958,-0.0163232691883,101.233256599,-107.491405958,-16.3232691883,-36.8591156387,36.8591156387,14.5627308339
265,1,0,negative,0.101409251136,-0.107491405958,-0.0166308882862,101.409251136,-107.491405958,-16.6308882862,-36.6831211009,36.6831211009,14.2551117361
266,0,0,negative,0.101233256599,-0.107491405958,-0.0163232691883,101.233256599,-107.491405958,-16.3232691883,-36.8591156387,36.8591156387,14.5627308339
266,1,0,negative,0.10076386478,-0.107491405958,-0.0155956925977,100.76386478,-107.491405958,-15.5956925977,-37.3285074574,37.3285074574,15.2903074246
267,0,0,negative,0.100704572234,-0.107491405958,-0.0154545195391,100.704572234,-107.491405958,-15.4545195391,-37.3878000036,37.3878000036,15.4314804832
267,1,0,negative,0.10076386478,-0.107491405958,-0.0155956925977,100.76386478,-107.491405958,-15.5956925977,-37.3285074574,37.3285074574,15.2903074246
268,0,0,negative,0.100370738657,-0.107491405958,-0.0150347659646,100.370738657,-107.491405958,-15.0347659646,-37.7216335801,37.7216335801,15.8512340577
268,1,0,negative,0.100704572234,-0.107491405958,-0.0154545195391,100.704572234,-107.491405958,-15.4545195391,-37.3878000036,37.3878000036,15.4314804832
269,0,0,negative,0.100370738657,-0.107491405958,-0.0150347659646,100.370738657,-107.491405958,-15.0347659646,-37.7216335801,37.7216335801,15.8512340577
269,1,0,negative,0.100250850989,-0.107491405958,-0.0148611946991,100.250850989,-107.491405958,-14.8611946991,-37.8415212477,37.8415212477,16.0248053232
270,0,0,negative,0.0978720294058,-0.107491405958,-0.0202468749366,97.8720294058,-107.491405958,-20.2468749366,-40.2203428314,40.2203428314,10.6391250857
270,1,0,negative,0.0988316074818,-0.107491405958,-0.0214922013417,98.8316074818,-107.491405958,-21.4922013417,-39.2607647554,39.2607647554,9.39379868064
271,0,0,negative,0.100250850989,-0.107491405958,-0.0148611946991,100.250850989,-107.491405958,-14.8611946991,-37.8415212477,37.8415212477,16.0248053232
271,1,0,negative,0.100189669226,-0.107491405958,-0.0148069194113,100.189669226,-107.491405958,-14.8069194113,-37.902703011,37.902703011,16.079080611
272,0,0,negative,0.0998084030041,-0.107491405958,-0.0143725336494,99.8084030041,-107.491405958,-14.3725336494,-38.2839692331,38.2839692331,16.5134663729
272,1,0,negative,0.100189669226,-0.107491405958,-0.0148069194113,100.189669226,-107.491405958,-14.8069194113,-37.902703011,37.902703011,16.079080611
273,0,0,negative,0.0998084030041,-0.107491405958,-0.0143725336494,99.8084030041,-107.491405958,-14.3725336494,-38.2839692331,38.2839692331,16.5134663729
273,1,0,negative,0.0996365585271,-0.107491405958,-0.0141806932259,99.6365585271,-107.491405958,-14.1806932259,-38.4558137101,38.4558137101,16.7053067964
274,0,0,negative,0.0978720294058,-0.107491405958,-0.0202468749366,97.8720294058,-107.491405958,-20.2468749366,-40.2203428314,40.2203428314,10.6391250857
274,1,0,negative,0.0975548928837,-0.107491405958,-0.019850251406,97.5548928837,-107.491405958,-19.850251406,-40.5374793535,40.5374793535,11.0357486163
275,0,0,negative,0.0968860476588,-0.107491405958,-0.0189346626656,96.8860476588,-107.491405958,-18.9346626656,-41.2063245784,41.2063245784,11.9513373567
275,1,0,negative,0.0975548928837,-0.107491405958,-0.019850251406,97.5548928837,-107.491405958,-19.850251406,-40.5374793535,40.5374793535,11.0357486163
276,0,0,negative,0.0968143171365,-0.107491405958,-0.0188019887831,96.8143171365,-107.491405958,-18.8019887831,-41.2780551007,41.2780551007,12.0840112392
276,1,0,negative,0.0968860476588,-0.107491405958,-0.0189346626656,96.8860476588,-107.491405958,-18.9346626656,-41.2063245784,41.2063245784,11.9513373567
277,0,0,negative,0.0968143171365,-0.107491405958,-0.0188019887831,96.8143171365,-107.491405958,-18.8019887831,-41.2780551007,41.2780551007,12.0840112392
277,1,0,negative,0.0967050825646,-0.107491405958,-0.018560145441,96.7050825646,-107.491405958,-18.560145441,-41.3872896726,41.3872896726,12.3258545812
278,0,0,negative,0.0967050825646,-0.107491405958,-0.018560145441,96.7050825646,-107.491405958,-18.560145441,-41.3872896726,41.3872896726,12.3258545812
278,1,0,negative,0.096619011639,-0.107491405958,-0.0182890965456,96.619011639,-107.491405958,-18.2890965456,-41.4733605982,41.4733605982,12.5969034767
279,0,0,negative,0.0965998364003,-0.107491405958,-0.0181620547262,96.5998364003,-107.491405958,-18.1620547262,-41.4925358369,41.4925358369,12.7239452961
279,1,0,negative,0.0965948216777,-0.107491405958,-0.0179552145258,96.5948216777,-107.491405958,-17.9552145258,-41.4975505595,41.4975505595,12.9307854965
280,0,0,negative,0.0966122781144,-0.107491405958,-0.0178787517756,96.6122781144,-107.491405958,-17.8787517756,-41.4800941228,41.4800941228,13.0072482467
280,1,0,negative,0.0969090641826,-0.107491405958,-0.0172153760572,96.9090641826,-107.491405958,-17.2153760572,-41.1833080546,41.1833080546,13.6706239651
281,0,0,negative,0.0969101258493,-0.107491405958,-0.0171890217849,96.9101258493,-107.491405958,-17.1890217849,-41.1822463879,41.1822463879,13.6969782374
281,1,0,negative,0.0969090641826,-0.107491405958,-0.0172153760572,96.9090641826,-107.491405958,-17.2153760572,-41.1833080546,41.1833080546,13.6706239651
282,0,0,negative,0.0969122075986,-0.107491405958,-0.0170196636618,96.9122075986,-107.491405958,-17.0196636618,-41.1801646386,41.1801646386,13.8663363605
282,1,0,negative,0.0969101258493,-0.107491405958,-0.0171890217849,96.9101258493,-107.491405958,-17.1890217849,-41.1822463879,41.1822463879,13.6969782374
283,0,0,negative,0.0969122075986,-0.107491405958,-0.0170196636618,96.9122075986,-107.491405958,-17.0196636618,-41.1801646386,41.1801646386,13.8663363605
283,1,0,negative,0.0969120857324,-0.107491405958,-0.0167487118753,96.9120857324,-107.491405958,-16.7487118753,-41.1802865048,41.1802865048,14.1372881469
284,0,0,negative,0.0969120857324,-0.107491405958,-0.0167487118753,96.9120857324,-107.491405958,-16.7487118753,-41.1802865048,41.1802865048,14.1372881469
284,1,0,negative,0.0968235771845,-0.107491405958,-0.0166443114269,96.8235771845,-107.491405958,-16.6443114269,-41.2687950527,41.2687950527,14.2416885954
285,0,0,negative,0.0965145972161,-0.107491405958,-0.0164635683488,96.5145972161,-107.491405958,-16.4635683488,-41.5777750212,41.5777750212,14.4224316735
285,1,0,negative,0.0959902433117,-0.107491405958,-0.0162219529796,95.9902433117,-107.491405958,-16.2219529796,-42.1021289255,42.1021289255,14.6640470427
286,0,0,negative,0.0966117402993,-0.107491405958,-0.0182438043174,96.6117402993,-107.491405958,-18.2438043174,-41.4806319379,41.4806319379,12.6421957049
286,1,0,negative,0.096619011639,-0.107491405958,-0.0182890965456,96.619011639,-107.491405958,-18.2890965456,-41.4733605982,41.4733605982,12.5969034767
287,0,0,negative,0.0966122781144,-0.107491405958,-0.0178787517756,96.6122781144,-107.491405958,-17.8787517756,-41.4800941228,41.4800941228,13.0072482467
287,1,0,negative,0.0965948216777,-0.107491405958,-0.0179552145258,96.5948216777,-107.491405958,-17.9552145258,-41.4975505595,41.4975505595,12.9307854965
288,0,0,negative,0.0965998364003,-0.107491405958,-0.0181620547262,96.5998364003,-107.491405958,-18.1620547262,-41.4925358369,41.4925358369,12.7239452961
288,1,0,negative,0.0966117402993,-0.107491405958,-0.0182438043174,96.6117402993,-107.491405958,-18.2438043174,-41.4806319379,41.4806319379,12.6421957049
289,0,0,negative,0.0966792473198,-0.107491405958,-0.016519111766,96.6792473198,-107.491405958,-16.519111766,-41.4131249174,41.4131249174,14.3668882563
289,1,0,negative,0.0968235771845,-0.107491405958,-0.0166443114269,96.8235771845,-107.491405958,-16.6443114269,-41.2687950527,41.2687950527,14.2416885954
290,0,0,negative,0.0965145972161,-0.107491405958,-0.0164635683488,96.5145972161,-107.491405958,-16.4635683488,-41.5777750212,41.5777750212,14.4224316735
290,1,0,negative,0.0966792473198,-0.107491405958,-0.016519111766,96.6792473198,-107.491405958,-16.519111766,-41.4131249174,41.4131249174,14.3668882563
291,0,0,negative,0.0951444146943,-0.107491405958,-0.0155744656291,95.1444146943,-107.491405958,-15.5744656291,-42.9479575429,42.9479575429,15.3115343932
291,1,0,negative,0.0956903960796,-0.107491405958,-0.0160103316172,95.6903960796,-107.491405958,-16.0103316172,-42.4019761576,42.4019761576,14.8756684051
292,0,0,negative,0.0959902433117,-0.107491405958,-0.0162219529796,95.9902433117,-107.491405958,-16.2219529796,-42.1021289255,42.1021289255,14.6640470427
292,1,0,negative,0.0956903960796,-0.107491405958,-0.0160103316172,95.6903960796,-107.491405958,-16.0103316172,-42.4019761576,42.4019761576,14.8756684051
293,0,0,negative,0.094922863735,-0.107491405958,-0.0154268498684,94.922863735,-107.491405958,-15.4268498684,-43.1695085022,43.1695085022,15.4591501539
293,1,0,negative,0.0951444146943,-0.107491405958,-0.0155744656291,95.1444146943,-107.491405958,-15.5744656291,-42.9479575429,42.9479575429,15.3115343932
294,0,0,negative,0.094922863735,-0.107491405958,-0.0154268498684,94.922863735,-107.491405958,-15.4268498684,-43.1695085022,43.1695085022,15.4591501539
294,1,0,negative,0.0945995887829,-0.107491405958,-0.0152402878004,94.5995887829,-107.491405958,-15.2402878004,-43.4927834543,43.4927834543,15.6457122219
295,0,0,negative,0.094209109624,-0.107491405958,-0.014818100561,94.209109624,-107.491405958,-14.818100561,-43.8832626132,43.8832626132,16.0678994612
295,1,0,negative,0.0945995887829,-0.107491405958,-0.0152402878004,94.5995887829,-107.491405958,-15.2402878004,-43.4927834543,43.4927834543,15.6457122219
296,0,0,negative,0.094209109624,-0.107491405958,-0.014818100561,94.209109624,-107.491405958,-14.818100561,-43.8832626132,43.8832626132,16.0678994612
296,1,0,negative,0.0939612601206,-0.107491405958,-0.0145005545319,93.9612601206,-107.491405958,-14.5005545319,-44.1311121166,44.1311121166,16.3854454904
297,0,0,negative,0.0939612601206,-0.107491405958,-0.0145005545319,93.9612601206,-107.491405958,-14.5005545319,-44.1311121166,44.1311121166,16.3854454904
297,1,0,negative,0.0936592205262,-0.107491405958,-0.0140479420353,93.6592205262,-107.491405958,-14.0479420353,-44.433151711,44.433151711,16.838057987
298,0,0,negative,0.0933993188946,-0.107491405958,-0.013631339198,93.3993188946,-107.491405958,-13.631339198,-44.6930533427,44.6930533427,17.2546608243
298,1,0,negative,0.0936592205262,-0.107491405958,-0.0140479420353,93.6592205262,-107.491405958,-14.0479420353,-44.433151711,44.433151711,16.838057987
299,0,0,negative,0.133040064623,-0.107491405958,-0.0248119874167,133.040064623,-107.491405958,-24.8119874167,-5.05230761436,5.05230761436,6.07401260555
299,1,0,negative,0.133345065999,-0.107491405958,-0.0247737214105,133.345065999,-107.491405958,-24.7737214105,-4.7473062382,4.7473062382,6.11227861184
300,0,0,negative,0.133040064623,-0.107491405958,-0.0248119874167,133.040064623,-107.491405958,-24.8119874167,-5.05230761436,5.05230761436,6.07401260555
300,1,0,negative,0.132675098212,-0.107491405958,-0.0246654371509,132.675098212,-107.491405958,-24.6654371509,-5.4172740253,5.4172740253,6.22056287137
301,0,0,negative,0.132497102479,-0.107491405958,-0.0246213637204,132.497102479,-107.491405958,-24.6213637204,-5.59526975832,5.59526975832,6.26463630184
301,1,0,negative,0.132675098212,-0.107491405958,-0.0246654371509,132.675098212,-107.491405958,-24.6654371509,-5.4172740253,5.4172740253,6.22056287137
302,0,0,negative,0.132325443071,-0.107491405958,-0.0246069582663,132.325443071,-107.491405958,-24.6069582663,-5.76692916591,5.76692916591,6.27904175604
302,1,0,negative,0.132497102479,-0.107491405958,-0.0246213637204,132.497102479,-107.491405958,-24.6213637204,-5.59526975832,5.59526975832,6.26463630184
303,0,0,negative,0.131803688701,-0.107491405958,-0.0246057588977,131.803688701,-107.491405958,-24.6057588977,-6.2886835363,6.2886835363,6.28024112464
303,1,0,negative,0.132325443071,-0.107491405958,-0.0246069582663,132.325443071,-107.491405958,-24.6069582663,-5.76692916591,5.76692916591,6.27904175604
304,0,0,negative,0.0862385485291,-0.107491405958,0.000812218741143,86.2385485291,-107.491405958,0.812218741143,-51.8538237081,51.8538237081,31.6982187634
304,1,0,negative,0.085957704135,-0.107491405958,0.00158765544206,85.957704135,-107.491405958,1.58765544206,-52.1346681022,52.1346681022,32.4736554644
305,0,0,negative,0.0862385485291,-0.107491405958,0.000812218741143,86.2385485291,-107.491405958,0.812218741143,-51.8538237081,51.8538237081,31.6982187634
305,1,0,negative,0.0862445295941,-0.107491405958,0.000799654855902,86.2445295941,-107.491405958,0.799654855902,-51.8478426431,51.8478426431,31.6856548782
306,0,0,negative,0.0857319358622,-0.107491405958,0.00212069339487,85.7319358622,-107.491405958,2.12069339487,-52.360436375,52.360436375,33.0066934172
306,1,0,negative,0.085957704135,-0.107491405958,0.00158765544206,85.957704135,-107.491405958,1.58765544206,-52.1346681022,52.1346681022,32.4736554644
307,0,0,negative,0.0857319358622,-0.107491405958,0.00212069339487,85.7319358622,-107.491405958,2.12069339487,-52.360436375,52.360436375,33.0066934172
307,1,0,negative,0.085651452231,-0.107491405958,0.00253924255714,85.651452231,-107.491405958,2.53924255714,-52.4409200062,52.4409200062,33.4252425794
308,0,0,negative,0.0856119574325,-0.107491405958,0.00279788629222,85.6119574325,-107.491405958,2.79788629222,-52.4804148047,52.4804148047,33.6838863145
308,1,0,negative,0.0854858693543,-0.107491405958,0.00318320718419,85.4858693543,-107.491405958,3.18320718419,-52.6065028829,52.6065028829,34.0692072065
309,0,0,negative,0.0856119574325,-0.107491405958,0.00279788629222,85.6119574325,-107.491405958,2.79788629222,-52.4804148047,52.4804148047,33.6838863145
309,1,0,negative,0.085651452231,-0.107491405958,0.00253924255714,85.651452231,-107.491405958,2.53924255714,-52.4409200062,52.4409200062,33.4252425794
310,0,0,negative,0.0854653998118,-0.107491405958,0.00329611692129,85.4653998118,-107.491405958,3.29611692129,-52.6269724254,52.6269724254,34.1821169436
310,1,0,negative,0.0854858693543,-0.107491405958,0.00318320718419,85.4858693543,-107.491405958,3.18320718419,-52.6065028829,52.6065028829,34.0692072065
311,0,0,negative,0.085351833178,-0.107491405958,0.00353336340284,85.351833178,-107.491405958,3.53336340284,-52.7405390592,52.7405390592,34.4193634251
311,1,0,negative,0.0854653998118,-0.107491405958,0.00329611692129,85.4653998118,-107.491405958,3.29611692129,-52.6269724254,52.6269724254,34.1821169436
312,0,0,negative,0.085351833178,-0.107491405958,0.00353336340284,85.351833178,-107.491405958,3.53336340284,-52.7405390592,52.7405390592,34.4193634251
312,1,0,negative,0.0848780392599,-0.107491405958,0.00442687536468,84.8780392599,-107.491405958,4.42687536468,-53.2143329773,53.2143329773,35.312875387
313,0,0,negative,0.0842338926844,-0.107491405958,0.00561524944149,84.2338926844,-107.491405958,5.61524944149,-53.8584795528,53.8584795528,36.5012494638
313,1,0,negative,0.0848780392599,-0.107491405958,0.00442687536468,84.8780392599,-107.491405958,4.42687536468,-53.2143329773,53.2143329773,35.312875387
314,0,0,negative,0.0873862338217,-0.107491405958,0.00835186597819,87.3862338217,-107.491405958,8.35186597819,-50.7061384155,50.7061384155,39.2378660005
314,1,0,negative,0.0873928740111,-0.107491405958,0.00833857184618,87.3928740111,-107.491405958,8.33857184618,-50.6994982261,50.6994982261,39.2245718685
315,0,0,negative,0.0873928740111,-0.107491405958,0.00833857184618,87.3928740111,-107.491405958,8.33857184618,-50.6994982261,50.6994982261,39.2245718685
315,1,0,negative,0.0873929302725,-0.107491405958,0.00834019658134,87.3929302725,-107.491405958,8.34019658134,-50.6994419648,50.6994419648,39.2261966036
316,0,0,negative,0.0873837543916,-0.107491405958,0.00835815133069,87.3837543916,-107.491405958,8.35815133069,-50.7086178456,50.7086178456,39.244151353
316,1,0,negative,0.0873862338217,-0.107491405958,0.00835186597819,87.3862338217,-107.491405958,8.35186597819,-50.7061384155,50.7061384155,39.2378660005
317,0,0,negative,0.0873784082925,-0.107491405958,0.00837156235263,87.3784082925,-107.491405958,8.37156235263,-50.7139639447,50.7139639447,39.2575623749
317,1,0,negative,0.0873837543916,-0.107491405958,0.00835815133069,87.3837543916,-107.491405958,8.35815133069,-50.7086178456,50.7086178456,39.244151353
318,0,0,negative,0.087370723229,-0.107491405958,0.00839071764071,87.370723229,-107.491405958,8.39071764071,-50.7216490082,50.7216490082,39.276717663
318,1,0,negative,0.0873784082925,-0.107491405958,0.00837156235263,87.3784082925,-107.491405958,8.37156235263,-50.7139639447,50.7139639447,39.2575623749
319,0,0,negative,0.087370723229,-0.107491405958,0.00839071764071,87.370723229,-107.491405958,8.39071764071,-50.7216490082,50.7216490082,39.276717663
319,1,0,negative,0.0869637990691,-0.107491405958,0.00928426092691,86.9637990691,-107.491405958,9.28426092691,-51.1285731681,51.1285731681,40.1702609492
320,0,0,negative,0.0869637990691,-0.107491405958,0.00928426092691,86.9637990691,-107.491405958,9.28426092691,-51.1285731681,51.1285731681,40.1702609492
320,1,0,negative,0.086781734988,-0.107491405958,0.00967891519758,86.781734988,-107.491405958,9.67891519758,-51.3106372493,51.3106372493,40.5649152199
321,0,0,negative,0.086781734988,-0.107491405958,0.00967891519758,86.781734988,-107.491405958,9.67891519758,-51.3106372493,51.3106372493,40.5649152199
321,1,0,negative,0.086655203106,-0.107491405958,0.0100883313094,86.655203106,-107.491405958,10.0883313094,-51.4371691312,51.4371691312,40.9743313317
322,0,0,negative,0.0865421166701,-0.107491405958,0.0103018981288,86.5421166701,-107.491405958,10.3018981288,-51.5502555671,51.5502555671,41.1878981511
322,1,0,negative,0.086655203106,-0.107491405958,0.0100883313094,86.655203106,-107.491405958,10.0883313094,-51.4371691312,51.4371691312,40.9743313317
323,0,0,negative,0.0842338926844,-0.107491405958,0.00561524944149,84.2338926844,-107.491405958,5.61524944149,-53.8584795528,53.8584795528,36.5012494638
323,1,0,negative,0.0840400637853,-0.107491405958,0.00605101163591,84.0400637853,-107.491405958,6.05101163591,-54.0523084519,54.0523084519,36.9370116582
324,0,0,negative,0.0840400637853,-0.107491405958,0.00605101163591,84.0400637853,-107.491405958,6.05101163591,-54.0523084519,54.0523084519,36.9370116582
324,1,0,negative,0.0836367573805,-0.107491405958,0.00688715513837,83.6367573805,-107.491405958,6.88715513837,-54.4556148567,54.4556148567,37.7731551607
325,0,0,negative,0.0865421166701,-0.107491405958,0.0103018981288,86.5421166701,-107.491405958,10.3018981288,-51.5502555671,51.5502555671,41.1878981511
325,1,0,negative,0.0863421956164,-0.107491405958,0.010631566347,86.3421956164,-107.491405958,10.631566347,-51.7501766208,51.7501766208,41.5175663693
326,0,0,negative,0.0861358268829,-0.107491405958,0.0112101680772,86.1358268829,-107.491405958,11.2101680772,-51.9565453543,51.9565453543,42.0961680995
326,1,0,negative,0.0863421956164,-0.107491405958,0.010631566347,86.3421956164,-107.491405958,10.631566347,-51.7501766208,51.7501766208,41.5175663693
327,0,0,negative,0.0861358268829,-0.107491405958,0.0112101680772,86.1358268829,-107.491405958,11.2101680772,-51.9565453543,51.9565453543,42.0961680995
327,1,0,negative,0.0860407704458,-0.107491405958,0.0114426662312,86.0407704458,-107.491405958,11.4426662312,-52.0516017914,52.0516017914,42.3286662535
328,0,0,negative,0.0857257180446,-0.107491405958,0.0119641282881,85.7257180446,-107.491405958,11.9641282881,-52.3666541926,52.3666541926,42.8501283104
328,1,0,negative,0.0856336140957,-0.107491405958,0.0122834284765,85.6336140957,-107.491405958,12.2834284765,-52.4587581415,52.4587581415,43.1694284988
329,0,0,negative,0.0857257180446,-0.107491405958,0.0119641282881,85.7257180446,-107.491405958,11.9641282881,-52.3666541926,52.3666541926,42.8501283104
329,1,0,negative,0.0857989556608,-0.107491405958,0.0117858214217,85.7989556608,-107.491405958,11.7858214217,-52.2934165764,52.2934165764,42.671821444
330,0,0,negative,0.0857989556608,-0.107491405958,0.0117858214217,85.7989556608,-107.491405958,11.7858214217,-52.2934165764,52.2934165764,42.671821444
330,1,0,negative,0.0860407704458,-0.107491405958,0.0114426662312,86.0407704458,-107.491405958,11.4426662312,-52.0516017914,52.0516017914,42.3286662535
331,0,0,negative,0.0854536483405,-0.107491405958,0.0126685675899,85.4536483405,-107.491405958,12.6685675899,-52.6387238967,52.6387238967,43.5545676122
331,1,0,negative,0.0856336140957,-0.107491405958,0.0122834284765,85.6336140957,-107.491405958,12.2834284765,-52.4587581415,52.4587581415,43.1694284988
332,0,0,negative,0.0854536483405,-0.107491405958,0.0126685675899,85.4536483405,-107.491405958,12.6685675899,-52.6387238967,52.6387238967,43.5545676122
332,1,0,negative,0.085385008201,-0.107491405958,0.0127430558499,85.385008201,-107.491405958,12.7430558499,-52.7073640362,52.7073640362,43.6290558721
333,0,0,negative,0.085385008201,-0.107491405958,0.0127430558499,85.385008201,-107.491405958,12.7430558499,-52.7073640362,52.7073640362,43.6290558721
333,1,0,negative,0.0853277435406,-0.107491405958,0.0128165912155,85.3277435406,-107.491405958,12.8165912155,-52.7646286966,52.7646286966,43.7025912378
334,0,0,negative,0.0851752663509,-0.107491405958,0.0131047641261,85.1752663509,-107.491405958,13.1047641261,-52.9171058864,52.9171058864,43.9907641484
334,1,0,negative,0.0853277435406,-0.107491405958,0.0128165912155,85.3277435406,-107.491405958,12.8165912155,-52.7646286966,52.7646286966,43.7025912378
335,0,0,negative,0.0849575144283,-0.107491405958,0.0135759565877,84.9575144283,-107.491405958,13.5759565877,-53.1348578089,53.1348578089,44.4619566099
335,1,0,negative,0.0851752663509,-0.107491405958,0.0131047641261,85.1752663509,-107.491405958,13.1047641261,-52.9171058864,52.9171058864,43.9907641484
336,0,0,negative,0.0849575144283,-0.107491405958,0.0135759565877,84.9575144283,-107.491405958,13.5759565877,-53.1348578089,53.1348578089,44.4619566099
336,1,0,negative,0.0848103910752,-0.107491405958,0.0137966842622,84.8103910752,-107.491405958,13.7966842622,-53.281981162,53.281981162,44.6826842845
337,0,0,negative,0.0846315545318,-0.107491405958,0.014018286912,84.6315545318,-107.491405958,14.018286912,-53.4608177054,53.4608177054,44.9042869343
337,1,0,negative,0.0848103910752,-0.107491405958,0.0137966842622,84.8103910752,-107.491405958,13.7966842622,-53.281981162,53.281981162,44.6826842845
338,0,0,negative,0.0846315545318,-0.107491405958,0.014018286912,84.6315545318,-107.491405958,14.018286912,-53.4608177054,53.4608177054,44.9042869343
338,1,0,negative,0.0844533618125,-0.107491405958,0.0141344481641,84.4533618125,-107.491405958,14.1344481641,-53.6390104247,53.6390104247,45.0204481864
339,0,0,negative,0.0842699161012,-0.107491405958,0.014415179858,84.2699161012,-107.491405958,14.415179858,-53.822456136,53.822456136,45.3011798803
339,1,0,negative,0.0844533618125,-0.107491405958,0.0141344481641,84.4533618125,-107.491405958,14.1344481641,-53.6390104247,53.6390104247,45.0204481864
340,0,0,negative,0.0832280982541,-0.107491405958,0.00774665149113,83.2280982541,-107.491405958,7.74665149113,-54.8642739831,54.8642739831,38.6326515134
340,1,0,negative,0.0836367573805,-0.107491405958,0.00688715513837,83.6367573805,-107.491405958,6.88715513837,-54.4556148567,54.4556148567,37.7731551607
341,0,0,negative,0.0829792864623,-0.107491405958,0.00822769902522,82.9792864623,-107.491405958,8.22769902522,-55.1130857749,55.1130857749,39.1136990475
341,1,0,negative,0.0832280982541,-0.107491405958,0.00774665149113,83.2280982541,-107.491405958,7.74665149113,-54.8642739831,54.8642739831,38.6326515134
342,0,0,negative,0.0828402235932,-0.107491405958,0.00848473922142,82.8402235932,-107.491405958,8.48473922142,-55.252148644,55.252148644,39.3707392437
342,1,0,negative,0.0829792864623,-0.107491405958,0.00822769902522,82.9792864623,-107.491405958,8.22769902522,-55.1130857749,55.1130857749,39.1136990475
343,0,0,negative,0.0828402235932,-0.107491405958,0.00848473922142,82.8402235932,-107.491405958,8.48473922142,-55.252148644,55.252148644,39.3707392437
343,1,0,negative,0.0825320841879,-0.107491405958,0.00901543925103,82.5320841879,-107.491405958,9.01543925103,-55.5602880494,55.5602880494,39.9014392733
344,0,0,negative,0.0825320841879,-0.107491405958,0.00901543925103,82.5320841879,-107.491405958,9.01543925103,-55.5602880494,55.5602880494,39.9014392733
344,1,0,negative,0.0823854814877,-0.107491405958,0.00928547904171,82.3854814877,-107.491405958,9.28547904171,-55.7068907495,55.7068907495,40.171479064
345,0,0,negative,0.0818154517386,-0.107491405958,0.0104508160354,81.8154517386,-107.491405958,10.4508160354,-56.2769204986,56.2769204986,41.3368160577
345,1,0,negative,0.0819446130178,-0.107491405958,0.0101687970918,81.9446130178,-107.491405958,10.1687970918,-56.1477592194,56.1477592194,41.054797114
346,0,0,negative,0.0816596067181,-0.107491405958,0.0106870997323,81.6596067181,-107.491405958,10.6870997323,-56.4327655191,56.4327655191,41.5730997546
346,1,0,negative,0.0818154517386,-0.107491405958,0.0104508160354,81.8154517386,-107.491405958,10.4508160354,-56.2769204986,56.2769204986,41.3368160577
347,0,0,negative,0.08422446394,-0.107491405958,0.0145830282363,84.22446394,-107.491405958,14.5830282363,-53.8679082973,53.8679082973,45.4690282586
347,1,0,negative,0.0840727386797,-0.107491405958,0.0147325639359,84.0727386797,-107.491405958,14.7325639359,-54.0196335576,54.0196335576,45.6185639582
348,0,0,negative,0.0842699161012,-0.107491405958,0.014415179858,84.2699161012,-107.491405958,14.415179858,-53.822456136,53.822456136,45.3011798803
348,1,0,negative,0.08422446394,-0.107491405958,0.0145830282363,84.22446394,-107.491405958,14.5830282363,-53.8679082973,53.8679082973,45.4690282586
349,0,0,negative,0.0840727386797,-0.107491405958,0.0147325639359,84.0727386797,-107.491405958,14.7325639359,-54.0196335576,54.0196335576,45.6185639582
349,1,0,negative,0.0839630070085,-0.107491405958,0.0150366900992,83.9630070085,-107.491405958,15.0366900992,-54.1293652287,54.1293652287,45.9226901215
350,0,0,negative,0.0823854814877,-0.107491405958,0.00928547904171,82.3854814877,-107.491405958,9.28547904171,-55.7068907495,55.7068907495,40.171479064
350,1,0,negative,0.0819446130178,-0.107491405958,0.0101687970918,81.9446130178,-107.491405958,10.1687970918,-56.1477592194,56.1477592194,41.054797114
351,0,0,negative,0.0816596067181,-0.107491405958,0.0106870997323,81.6596067181,-107.491405958,10.6870997323,-56.4327655191,56.4327655191,41.5730997546
351,1,0,negative,0.081231966675,-0.107491405958,0.0114687502262,81.231966675,-107.491405958,11.4687502262,-56.8604055623,56.8604055623,42.3547502485
352,0,0,negative,0.0809328491255,-0.107491405958,0.0119627218748,80.9328491255,-107.491405958,11.9627218748,-57.1595231117,57.1595231117,42.8487218971
352,1,0,negative,0.081231966675,-0.107491405958,0.0114687502262,81.231966675,-107.491405958,11.4687502262,-56.8604055623,56.8604055623,42.3547502485
353,0,0,negative,0.0809328491255,-0.107491405958,0.0119627218748,80.9328491255,-107.491405958,11.9627218748,-57.1595231117,57.1595231117,42.8487218971
353,1,0,negative,0.0805114023285,-0.107491405958,0.0126300555377,80.5114023285,-107.491405958,12.6300555377,-57.5809699087,57.5809699087,43.51605556
354,0,0,negative,0.080407177843,-0.107491405958,0.0128150819846,80.407177843,-107.491405958,12.8150819846,-57.6851943942,57.6851943942,43.7010820069
354,1,0,negative,0.0805114023285,-0.107491405958,0.0126300555377,80.5114023285,-107.491405958,12.6300555377,-57.5809699087,57.5809699087,43.51605556
355,0,0,negative,0.080407177843,-0.107491405958,0.0128150819846,80.407177843,-107.491405958,12.8150819846,-57.6851943942,57.6851943942,43.7010820069
355,1,0,negative,0.0798067825473,-0.107491405958,0.013924588968,79.8067825473,-107.491405958,13.924588968,-58.2855896899,58.2855896899,44.8105889903
356,0,0,negative,0.0797288568347,-0.107491405958,0.0140894559546,79.7288568347,-107.491405958,14.0894559546,-58.3635154025,58.3635154025,44.9754559769
356,1,0,negative,0.0798067825473,-0.107491405958,0.013924588968,79.8067825473,-107.491405958,13.924588968,-58.2855896899,58.2855896899,44.8105889903
357,0,0,negative,0.0795813821813,-0.107491405958,0.0143745747838,79.5813821813,-107.491405958,14.3745747838,-58.5109900559,58.5109900559,45.2605748061
357,1,0,negative,0.0797288568347,-0.107491405958,0.0140894559546,79.7288568347,-107.491405958,14.0894559546,-58.3635154025,58.3635154025,44.9754559769
358,0,0,negative,0.0795813821813,-0.107491405958,0.0143745747838,79.5813821813,-107.491405958,14.3745747838,-58.5109900559,58.5109900559,45.2605748061
358,1,0,negative,0.0791682084715,-0.107491405958,0.0152301021918,79.1682084715,-107.491405958,15.2301021918,-58.9241637657,58.9241637657,46.1161022141
359,0,0,negative,0.0835949398677,-0.107491405958,0.0156192981806,83.5949398677,-107.491405958,15.6192981806,-54.4974323695,54.4974323695,46.5052982029
359,1,0,negative,0.0839630070085,-0.107491405958,0.0150366900992,83.9630070085,-107.491405958,15.0366900992,-54.1293652287,54.1293652287,45.9226901215
360,0,0,negative,0.0833039768345,-0.107491405958,0.0158835102082,83.3039768345,-107.491405958,15.8835102082,-54.7883954027,54.7883954027,46.7695102304
360,1,0,negative,0.0835949398677,-0.107491405958,0.0156192981806,83.5949398677,-107.491405958,15.6192981806,-54.4974323695,54.4974323695,46.5052982029
361,0,0,negative,0.0833039768345,-0.107491405958,0.0158835102082,83.3039768345,-107.491405958,15.8835102082,-54.7883954027,54.7883954027,46.7695102304
361,1,0,negative,0.0830238306441,-0.107491405958,0.0161907061906,83.0238306441,-107.491405958,16.1907061906,-55.0685415932,55.0685415932,47.0767062129
362,0,0,negative,0.0830238306441,-0.107491405958,0.0161907061906,83.0238306441,-107.491405958,16.1907061906,-55.0685415932,55.0685415932,47.0767062129
362,1,0,negative,0.0830028844634,-0.107491405958,0.0161955741122,83.0028844634,-107.491405958,16.1955741122,-55.0894877738,55.0894877738,47.0815741345
363,0,0,negative,0.0827988348743,-0.107491405958,0.0165312684059,82.7988348743,-107.491405958,16.5312684059,-55.2935373629,55.2935373629,47.4172684282
363,1,0,negative,0.0830028844634,-0.107491405958,0.0161955741122,83.0028844634,-107.491405958,16.1955741122,-55.0894877738,55.0894877738,47.0815741345
364,0,0,negative,0.0827988348743,-0.107491405958,0.0165312684059,82.7988348743,-107.491405958,16.5312684059,-55.2935373629,55.2935373629,47.4172684282
364,1,0,negative,0.0826671108572,-0.107491405958,0.0168067360277,82.6671108572,-107.491405958,16.8067360277,-55.42526138,55.42526138,47.69273605
365,0,0,negative,0.0823249891036,-0.107491405958,0.0175585297138,82.3249891036,-107.491405958,17.5585297138,-55.7673831336,55.7673831336,48.4445297361
365,1,0,negative,0.082306467419,-0.107491405958,0.017655974387,82.306467419,-107.491405958,17.655974387,-55.7859048182,55.7859048182,48.5419744093
366,0,0,negative,0.0823249891036,-0.107491405958,0.0175585297138,82.3249891036,-107.491405958,17.5585297138,-55.7673831336,55.7673831336,48.4445297361
366,1,0,negative,0.0826671108572,-0.107491405958,0.0168067360277,82.6671108572,-107.491405958,16.8067360277,-55.42526138,55.42526138,47.69273605
367,0,0,negative,0.082306467419,-0.107491405958,0.017655974387,82.306467419,-107.491405958,17.655974387,-55.7859048182,55.7859048182,48.5419744093
367,1,0,negative,0.0822142381415,-0.107491405958,0.0177715869807,82.2142381415,-107.491405958,17.7715869807,-55.8781340957,55.8781340957,48.657587003
368,0,0,negative,0.0822142381415,-0.107491405958,0.0177715869807,82.2142381415,-107.491405958,17.7715869807,-55.8781340957,55.8781340957,48.657587003
368,1,0,negative,0.0821457247818,-0.107491405958,0.0178735579973,82.1457247818,-107.491405958,17.8735579973,-55.9466474554,55.9466474554,48.7595580196
369,0,0,negative,0.0818481994547,-0.107491405958,0.0183710153657,81.8481994547,-107.491405958,18.3710153657,-56.2441727825,56.2441727825,49.257015388
369,1,0,negative,0.0821457247818,-0.107491405958,0.0178735579973,82.1457247818,-107.491405958,17.8735579973,-55.9466474554,55.9466474554,48.7595580196
370,0,0,negative,0.0814366703015,-0.107491405958,0.019100282717,81.4366703015,-107.491405958,19.100282717,-56.6557019357,56.6557019357,49.9862827393
370,1,0,negative,0.0817212953564,-0.107491405958,0.0186936448283,81.7212953564,-107.491405958,18.6936448283,-56.3710768808,56.3710768808,49.5796448506
371,0,0,negative,0.0817212953564,-0.107491405958,0.0186936448283,81.7212953564,-107.491405958,18.6936448283,-56.3710768808,56.3710768808,49.5796448506
371,1,0,negative,0.0818481994547,-0.107491405958,0.0183710153657,81.8481994547,-107.491405958,18.3710153657,-56.2441727825,56.2441727825,49.257015388
372,0,0,negative,0.0814366703015,-0.107491405958,0.019100282717,81.4366703015,-107.491405958,19.100282717,-56.6557019357,56.6557019357,49.9862827393
372,1,0,negative,0.0813176010832,-0.107491405958,0.0192682982096,81.3176010832,-107.491405958,19.2682982096,-56.774771154,56.774771154,50.1542982319
373,0,0,negative,0.0813176010832,-0.107491405958,0.0192682982096,81.3176010832,-107.491405958,19.2682982096,-56.774771154,56.774771154,50.1542982319
373,1,0,negative,0.0812154186871,-0.107491405958,0.019460494044,81.2154186871,-107.491405958,19.460494044,-56.8769535502,56.8769535502,50.3464940663
374,0,0,negative,0.0810439514904,-0.107491405958,0.019879655159,81.0439514904,-107.491405958,19.879655159,-57.0484207468,57.0484207468,50.7656551813
374,1,0,negative,0.0809399352002,-0.107491405958,0.0200601592763,80.9399352002,-107.491405958,20.0601592763,-57.152437037,57.152437037,50.9461592986
375,0,0,negative,0.0810439514904,-0.107491405958,0.019879655159,81.0439514904,-107.491405958,19.879655159,-57.0484207468,57.0484207468,50.7656551813
375,1,0,negative,0.0812154186871,-0.107491405958,0.019460494044,81.2154186871,-107.491405958,19.460494044,-56.8769535502,56.8769535502,50.3464940663
376,0,0,negative,0.0791682084715,-0.107491405958,0.0152301021918,79.1682084715,-107.491405958,15.2301021918,-58.9241637657,58.9241637657,46.1161022141
376,1,0,negative,0.0786302547038,-0.107491405958,0.0162859202861,78.6302547038,-107.491405958,16.2859202861,-59.4621175335,59.4621175335,47.1719203084
377,0,0,negative,0.0781694337868,-0.107491405958,0.0171657613962,78.1694337868,-107.491405958,17.1657613962,-59.9229384504,59.9229384504,48.0517614184
377,1,0,negative,0.0786302547038,-0.107491405958,0.0162859202861,78.6302547038,-107.491405958,16.2859202861,-59.4621175335,59.4621175335,47.1719203084
378,0,0,negative,0.0779861079153,-0.107491405958,0.0175209800094,77.9861079153,-107.491405958,17.5209800094,-60.1062643219,60.1062643219,48.4069800317
378,1,0,negative,0.0781694337868,-0.107491405958,0.0171657613962,78.1694337868,-107.491405958,17.1657613962,-59.9229384504,59.9229384504,48.0517614184
379,0,0,negative,0.0779861079153,-0.107491405958,0.0175209800094,77.9861079153,-107.491405958,17.5209800094,-60.1062643219,60.1062643219,48.4069800317
379,1,0,negative,0.0771997088894,-0.107491405958,0.0189911224779,77.1997088894,-107.491405958,18.9911224779,-60.8926633478,60.8926633478,49.8771225002
380,0,0,negative,0.0769420854686,-0.107491405958,0.0194738410702,76.9420854686,-107.491405958,19.4738410702,-61.1502867686,61.1502867686,50.3598410925
380,1,0,negative,0.0766294163879,-0.107491405958,0.0199717403813,76.6294163879,-107.491405958,19.9717403813,-61.4629558493,61.4629558493,50.8577404036
381,0,0,negative,0.0762464640551,-0.107491405958,0.0205921461775,76.2464640551,-107.491405958,20.5921461775,-61.8459081821,61.8459081821,51.4781461998
381,1,0,negative,0.0766294163879,-0.107491405958,0.0199717403813,76.6294163879,-107.491405958,19.9717403813,-61.4629558493,61.4629558493,50.8577404036
382,0,0,negative,0.0805474783037,-0.107491405958,0.0208647469725,80.5474783037,-107.491405958,20.8647469725,-57.5448939335,57.5448939335,51.7507469948
382,1,0,negative,0.0809399352002,-0.107491405958,0.0200601592763,80.9399352002,-107.491405958,20.0601592763,-57.152437037,57.152437037,50.9461592986
383,0,0,negative,0.0802974249411,-0.107491405958,0.0213281292695,80.2974249411,-107.491405958,21.3281292695,-57.7949472961,57.7949472961,52.2141292918
383,1,0,negative,0.0805124486996,-0.107491405958,0.0209390313132,80.5124486996,-107.491405958,20.9390313132,-57.5799235376,57.5799235376,51.8250313355
384,0,0,negative,0.0802451848056,-0.107491405958,0.0214573947392,80.2451848056,-107.491405958,21.4573947392,-57.8471874316,57.8471874316,52.3433947615
384,1,0,negative,0.0802974249411,-0.107491405958,0.0213281292695,80.2974249411,-107.491405958,21.3281292695,-57.7949472961,57.7949472961,52.2141292918
385,0,0,negative,0.0801090794657,-0.107491405958,0.0216882826558,80.1090794657,-107.491405958,21.6882826558,-57.9832927715,57.9832927715,52.5742826781
385,1,0,negative,0.0802451848056,-0.107491405958,0.0214573947392,80.2451848056,-107.491405958,21.4573947392,-57.8471874316,57.8471874316,52.3433947615
386,0,0,negative,0.0805474783037,-0.107491405958,0.0208647469725,80.5474783037,-107.491405958,20.8647469725,-57.5448939335,57.5448939335,51.7507469948
386,1,0,negative,0.0805339077002,-0.107491405958,0.0208910145436,80.5339077002,-107.491405958,20.8910145436,-57.558464537,57.558464537,51.7770145659
387,0,0,negative,0.0805339077002,-0.107491405958,0.0208910145436,80.5339077002,-107.491405958,20.8910145436,-57.558464537,57.558464537,51.7770145659
387,1,0,negative,0.0805124486996,-0.107491405958,0.0209390313132,80.5124486996,-107.491405958,20.9390313132,-57.5799235376,57.5799235376,51.8250313355
388,0,0,negative,0.0801090794657,-0.107491405958,0.0216882826558,80.1090794657,-107.491405958,21.6882826558,-57.9832927715,57.9832927715,52.5742826781
388,1,0,negative,0.0799238963289,-0.107491405958,0.0219390214388,79.9238963289,-107.491405958,21.9390214388,-58.1684759083,58.1684759083,52.8250214611
389,0,0,negative,0.0799238963289,-0.107491405958,0.0219390214388,79.9238963289,-107.491405958,21.9390214388,-58.1684759083,58.1684759083,52.8250214611
389,1,0,negative,0.0798420011997,-0.107491405958,0.0220109927868,79.8420011997,-107.491405958,22.0109927868,-58.2503710375,58.2503710375,52.8969928091
390,0,0,negative,0.0798420011997,-0.107491405958,0.0220109927868,79.8420011997,-107.491405958,22.0109927868,-58.2503710375,58.2503710375,52.8969928091
390,1,0,negative,0.0797551906962,-0.107491405958,0.0221630074398,79.7551906962,-107.491405958,22.1630074398,-58.337181541,58.337181541,53.0490074621
391,0,0,negative,0.0797551906962,-0.107491405958,0.0221630074398,79.7551906962,-107.491405958,22.1630074398,-58.337181541,58.337181541,53.0490074621
391,1,0,negative,0.0793485064724,-0.107491405958,0.0230042197932,79.3485064724,-107.491405958,23.0042197932,-58.7438657648,58.7438657648,53.8902198155
392,0,0,negative,0.0793218249311,-0.107491405958,0.0230510744719,79.3218249311,-107.491405958,23.0510744719,-58.7705473061,58.7705473061,53.9370744942
392,1,0,negative,0.0793485064724,-0.107491405958,0.0230042197932,79.3485064724,-107.491405958,23.0042197932,-58.7438657648,58.7438657648,53.8902198155
393,0,0,negative,0.0793071896301,-0.107491405958,0.0230812357913,79.3071896301,-107.491405958,23.0812357913,-58.7851826071,58.7851826071,53.9672358136
393,1,0,negative,0.0793218249311,-0.107491405958,0.0230510744719,79.3218249311,-107.491405958,23.0510744719,-58.7705473061,58.7705473061,53.9370744942
394,0,0,negative,0.0792946670578,-0.107491405958,0.0231055021995,79.2946670578,-107.491405958,23.1055021995,-58.7977051794,58.7977051794,53.9915022218
394,1,0,negative,0.0793071896301,-0.107491405958,0.0230812357913,79.3071896301,-107.491405958,23.0812357913,-58.7851826071,58.7851826071,53.9672358136
395,0,0,negative,0.0792946670578,-0.107491405958,0.0231055021995,79.2946670578,-107.491405958,23.1055021995,-58.7977051794,58.7977051794,53.9915022218
395,1,0,negative,0.0790333645891,-0.107491405958,0.0236098957488,79.0333645891,-107.491405958,23.6098957488,-59.0590076481,59.0590076481,54.4958957711
396,0,0,negative,0.0790333645891,-0.107491405958,0.0236098957488,79.0333645891,-107.491405958,23.6098957488,-59.0590076481,59.0590076481,54.4958957711
396,1,0,negative,0.0786811558556,-0.107491405958,0.023979294271,78.6811558556,-107.491405958,23.979294271,-59.4112163816,59.4112163816,54.8652942933
397,0,0,negative,0.0786549807346,-0.107491405958,0.024008567619,78.6549807346,-107.491405958,24.008567619,-59.4373915026,59.4373915026,54.8945676413
397,1,0,negative,0.0786811558556,-0.107491405958,0.023979294271,78.6811558556,-107.491405958,23.979294271,-59.4112163816,59.4112163816,54.8652942933
398,0,0,negative,0.0786259575667,-0.107491405958,0.0240837141012,78.6259575667,-107.491405958,24.0837141012,-59.4664146705,59.4664146705,54.9697141235
398,1,0,negative,0.0786549807346,-0.107491405958,0.024008567619,78.6549807346,-107.491405958,24.008567619,-59.4373915026,59.4373915026,54.8945676413
399,0,0,negative,0.0783407441646,-0.107491405958,0.0246352327704,78.3407441646,-107.491405958,24.6352327704,-59.7516280726,59.7516280726,55.5212327927
399,1,0,negative,0.0786259575667,-0.107491405958,0.0240837141012,78.6259575667,-107.491405958,24.0837141012,-59.4664146705,59.4664146705,54.9697141235
400,0,0,negative,0.0783407441646,-0.107491405958,0.0246352327704,78.3407441646,-107.491405958,24.6352327704,-59.7516280726,59.7516280726,55.5212327927
400,1,0,negative,0.078210945399,-0.107491405958,0.0248964407433,78.210945399,-107.491405958,24.8964407433,-59.8814268382,59.8814268382,55.7824407656
401,0,0,negative,0.0769420854686,-0.107491405958,0.0194738410702,76.9420854686,-107.491405958,19.4738410702,-61.1502867686,61.1502867686,50.3598410925
401,1,0,negative,0.0771997088894,-0.107491405958,0.0189911224779,77.1997088894,-107.491405958,18.9911224779,-60.8926633478,60.8926633478,49.8771225002
402,0,0,negative,0.0762464640551,-0.107491405958,0.0205921461775,76.2464640551,-107.491405958,20.5921461775,-61.8459081821,61.8459081821,51.4781461998
402,1,0,negative,0.0760460758733,-0.107491405958,0.0209366262009,76.0460758733,-107.491405958,20.9366262009,-62.0462963639,62.0462963639,51.8226262232
403,0,0,negative,0.0752215996769,-0.107491405958,0.0222385832823,75.2215996769,-107.491405958,22.2385832823,-62.8707725603,62.8707725603,53.1245833046
403,1,0,negative,0.0760460758733,-0.107491405958,0.0209366262009,76.0460758733,-107.491405958,20.9366262009,-62.0462963639,62.0462963639,51.8226262232
404,0,0,negative,0.0752215996769,-0.107491405958,0.0222385832823,75.2215996769,-107.491405958,22.2385832823,-62.8707725603,62.8707725603,53.1245833046
404,1,0,negative,0.0749682552266,-0.107491405958,0.0226465488017,74.9682552266,-107.491405958,22.6465488017,-63.1241170106,63.1241170106,53.5325488239
405,0,0,negative,0.0744311068687,-0.107491405958,0.0235162542937,74.4311068687,-107.491405958,23.5162542937,-63.6612653685,63.6612653685,54.402254316
405,1,0,negative,0.0749682552266,-0.107491405958,0.0226465488017,74.9682552266,-107.491405958,22.6465488017,-63.1241170106,63.1241170106,53.5325488239
406,0,0,negative,0.0744311068687,-0.107491405958,0.0235162542937,74.4311068687,-107.491405958,23.5162542937,-63.6612653685,63.6612653685,54.402254316
406,1,0,negative,0.0741202293892,-0.107491405958,0.0239341084053,74.1202293892,-107.491405958,23.9341084053,-63.972142848,63.972142848,54.8201084276
407,0,0,negative,0.0739635702743,-0.107491405958,0.0241750754549,73.9635702743,-107.491405958,24.1750754549,-64.1288019629,64.1288019629,55.0610754772
407,1,0,negative,0.0741202293892,-0.107491405958,0.0239341084053,74.1202293892,-107.491405958,23.9341084053,-63.972142848,63.972142848,54.8201084276
408,0,0,negative,0.0737602969595,-0.107491405958,0.0245306496765,73.7602969595,-107.491405958,24.5306496765,-64.3320752777,64.3320752777,55.4166496988
408,1,0,negative,0.0739635702743,-0.107491405958,0.0241750754549,73.9635702743,-107.491405958,24.1750754549,-64.1288019629,64.1288019629,55.0610754772
409,0,0,negative,0.0737602969595,-0.107491405958,0.0245306496765,73.7602969595,-107.491405958,24.5306496765,-64.3320752777,64.3320752777,55.4166496988
409,1,0,negative,0.0734465223,-0.107491405958,0.025088184282,73.4465223,-107.491405958,25.088184282,-64.6458499372,64.6458499372,55.9741843043
410,0,0,positive,0.141243762491,-0.107491405958,-0.0303425710764,141.243762491,-107.491405958,-30.3425710764,3.15139025412,3.15139025412,0.543428945876
410,1,0,positive,0.14232469945,-0.107491405958,-0.0304121148488,142.32469945,-107.491405958,-30.4121148488,4.23232721251,4.23232721251,0.473885173505
411,0,0,positive,0.142587068178,-0.107491405958,-0.030413575463,142.587068178,-107.491405958,-30.413575463,4.49469594114,4.49469594114,0.472424559333
411,1,0,positive,0.14232469945,-0.107491405958,-0.0304121148488,142.32469945,-107.491405958,-30.4121148488,4.23232721251,4.23232721251,0.473885173505
412,0,0,positive,0.140280114544,-0.107491405958,-0.0303768154296,140.280114544,-107.491405958,-30.3768154296,2.18774230634,2.18774230634,0.509184592663
412,1,0,positive,0.139485217738,-0.107491405958,-0.030373102559,139.485217738,-107.491405958,-30.373102559,1.39284550103,1.39284550103,0.512897463319
413,0,0,positive,0.139485217738,-0.107491405958,-0.030373102559,139.485217738,-107.491405958,-30.373102559,1.39284550103,1.39284550103,0.512897463319
413,1,0,positive,0.139020427975,-0.107491405958,-0.0303896198951,139.020427975,-107.491405958,-30.3896198951,0.92805573804,0.92805573804,0.49638012718
414,0,0,positive,0.138625398194,-0.107491405958,-0.0304007445408,138.625398194,-107.491405958,-30.4007445408,0.533025957088,0.533025957088,0.485255481454
414,1,0,positive,0.139020427975,-0.107491405958,-0.0303896198951,139.020427975,-107.491405958,-30.3896198951,0.92805573804,0.92805573804,0.49638012718
415,0,0,positive,0.141013808127,-0.107491405958,-0.0303609029919,141.013808127,-107.491405958,-30.3609029919,2.92143588978,2.92143588978,0.525097030392
415,1,0,positive,0.141243762491,-0.107491405958,-0.0303425710764,141.243762491,-107.491405958,-30.3425710764,3.15139025412,3.15139025412,0.543428945876
416,0,0,positive,0.140702444983,-0.107491405958,-0.0303719309759,140.702444983,-107.491405958,-30.3719309759,2.61007274581,2.61007274581,0.514069046422
416,1,0,positive,0.141013808127,-0.107491405958,-0.0303609029919,141.013808127,-107.491405958,-30.3609029919,2.92143588978,2.92143588978,0.525097030392
417,0,0,positive,0.140280114544,-0.107491405958,-0.0303768154296,140.280114544,-107.491405958,-30.3768154296,2.18774230634,2.18774230634,0.509184592663
417,1,0,positive,0.140702444983,-0.107491405958,-0.0303719309759,140.702444983,-107.491405958,-30.3719309759,2.61007274581,2.61007274581,0.514069046422
418,0,0,negative,0.138011449634,-0.107491405958,-0.0303843550797,138.011449634,-107.491405958,-30.3843550797,-0.0809226035349,0.0809226035349,0.501644942552
418,1,0,positive,0.138625398194,-0.107491405958,-0.0304007445408,138.625398194,-107.491405958,-30.4007445408,0.533025957088,0.533025957088,0.485255481454
419,0,0,negative,0.138011449634,-0.107491405958,-0.0303843550797,138.011449634,-107.491405958,-30.3843550797,-0.0809226035349,0.0809226035349,0.501644942552
419,1,0,negative,0.137128890583,-0.107491405958,-0.0303167268355,137.128890583,-107.491405958,-30.3167268355,-0.963481654581,0.963481654581,0.569273186762
420,0,0,negative,0.136670730648,-0.107491405958,-0.0302990378142,136.670730648,-107.491405958,-30.2990378142,-1.4216415893,1.4216415893,0.58696220808
420,1,0,negative,0.137128890583,-0.107491405958,-0.0303167268355,137.128890583,-107.491405958,-30.3167268355,-0.963481654581,0.963481654581,0.569273186762
421,0,0,negative,0.136670730648,-0.107491405958,-0.0302990378142,136.670730648,-107.491405958,-30.2990378142,-1.4216415893,1.4216415893,0.58696220808
421,1,0,negative,0.136255822476,-0.107491405958,-0.0303177797772,136.255822476,-107.491405958,-30.3177797772,-1.83654976119,1.83654976119,0.568220245089
422,0,0,negative,0.135651199721,-0.107491405958,-0.0303192771598,135.651199721,-107.491405958,-30.3192771598,-2.44117251629,2.44117251629,0.566722862513
422,1,0,negative,0.136255822476,-0.107491405958,-0.0303177797772,136.255822476,-107.491405958,-30.3177797772,-1.83654976119,1.83654976119,0.568220245089
423,0,0,negative,0.1348144312,-0.107491405958,-0.0304073648792,134.8144312,-107.491405958,-30.4073648792,-3.27794103676,3.27794103676,0.478635143052
423,1,0,negative,0.134533716881,-0.107491405958,-0.030410898202,134.533716881,-107.491405958,-30.410898202,-3.55865535625,3.55865535625,0.475101820243
424,0,0,negative,0.1348144312,-0.107491405958,-0.0304073648792,134.8144312,-107.491405958,-30.4073648792,-3.27794103676,3.27794103676,0.478635143052
424,1,0,negative,0.135651199721,-0.107491405958,-0.0303192771598,135.651199721,-107.491405958,-30.3192771598,-2.44117251629,2.44117251629,0.566722862513
425,0,0,negative,0.134533716881,-0.107491405958,-0.030410898202,134.533716881,-107.491405958,-30.410898202,-3.55865535625,3.55865535625,0.475101820243
425,1,0,negative,0.134393777843,-0.107491405958,-0.0304182050701,134.393777843,-107.491405958,-30.4182050701,-3.69859439431,3.69859439431,0.467794952145
426,0,0,negative,0.134393777843,-0.107491405958,-0.0304182050701,134.393777843,-107.491405958,-30.4182050701,-3.69859439431,3.69859439431,0.467794952145
426,1,0,negative,0.134284635042,-0.107491405958,-0.0304200853887,134.284635042,-107.491405958,-30.4200853887,-3.80773719529,3.80773719529,0.465914633621
427,0,0,negative,0.134284635042,-0.107491405958,-0.0304200853887,134.284635042,-107.491405958,-30.4200853887,-3.80773719529,3.80773719529,0.465914633621
427,1,0,negative,0.133600581653,-0.107491405958,-0.0304081960299,133.600581653,-107.491405958,-30.4081960299,-4.49179058413,4.49179058413,0.477803992377
428,0,0,negative,0.13273657693,-0.107491405958,-0.0303853978851,132.73657693,-107.491405958,-30.3853978851,-5.35579530691,5.35579530691,0.500602137175
428,1,0,negative,0.133600581653,-0.107491405958,-0.0304081960299,133.600581653,-107.491405958,-30.4081960299,-4.49179058413,4.49179058413,0.477803992377
429,0,0,negative,0.132539405844,-0.107491405958,-0.0304012786543,132.539405844,-107.491405958,-30.4012786543,-5.55296639347,5.55296639347,0.484721367983
429,1,0,negative,0.13273657693,-0.107491405958,-0.0303853978851,132.73657693,-107.491405958,-30.3853978851,-5.35579530691,5.35579530691,0.500602137175
430,0,0,positive,0.143301714316,-0.107491405958,-0.024582352892,143.301714316,-107.491405958,-24.582352892,5.20934207928,5.20934207928,6.30364713031
430,1,0,positive,0.143675508176,-0.107491405958,-0.0245879932531,143.675508176,-107.491405958,-24.5879932531,5.58313593858,5.58313593858,6.29800676917
431,0,0,positive,0.143301714316,-0.107491405958,-0.024582352892,143.301714316,-107.491405958,-24.582352892,5.20934207928,5.20934207928,6.30364713031
431,1,0,positive,0.143085835072,-0.107491405958,-0.024591349823,143.085835072,-107.491405958,-24.591349823,4.9934628349,4.9934628349,6.29465019925
432,0,0,positive,0.143085835072,-0.107491405958,-0.024591349823,143.085835072,-107.491405958,-24.591349823,4.9934628349,4.9934628349,6.29465019925
432,1,0,positive,0.142990469584,-0.107491405958,-0.0246255068037,142.990469584,-107.491405958,-24.6255068037,4.89809734635,4.89809734635,6.26049321854
433,0,0,positive,0.142990469584,-0.107491405958,-0.0246255068037,142.990469584,-107.491405958,-24.6255068037,4.89809734635,4.89809734635,6.26049321854
433,1,0,positive,0.142595929319,-0.107491405958,-0.0245458620821,142.595929319,-107.491405958,-24.5458620821,4.50355708223,4.50355708223,6.34013794022
434,0,0,positive,0.142502712282,-0.107491405958,-0.0245356561611,142.502712282,-107.491405958,-24.5356561611,4.41034004432,4.41034004432,6.35034386123
434,1,0,positive,0.142595929319,-0.107491405958,-0.0245458620821,142.595929319,-107.491405958,-24.5458620821,4.50355708223,4.50355708223,6.34013794022
435,0,0,positive,0.142472966766,-0.107491405958,-0.0245347162445,142.472966766,-107.491405958,-24.5347162445,4.38059452839,4.38059452839,6.35128377775
435,1,0,positive,0.142502712282,-0.107491405958,-0.0245356561611,142.502712282,-107.491405958,-24.5356561611,4.41034004432,4.41034004432,6.35034386123
436,0,0,positive,0.141683826045,-0.107491405958,-0.0245303856962,141.683826045,-107.491405958,-24.5303856962,3.59145380739,3.59145380739,6.35561432613
436,1,0,positive,0.141787970983,-0.107491405958,-0.0245181544151,141.787970983,-107.491405958,-24.5181544151,3.69559874549,3.69559874549,6.36784560716
437,0,0,positive,0.141660134817,-0.107491405958,-0.024540272671,141.660134817,-107.491405958,-24.540272671,3.56776258011,3.56776258011,6.34572735126
437,1,0,positive,0.141683826045,-0.107491405958,-0.0245303856962,141.683826045,-107.491405958,-24.5303856962,3.59145380739,3.59145380739,6.35561432613
438,0,0,positive,0.141600154434,-0.107491405958,-0.0245305125096,141.600154434,-107.491405958,-24.5305125096,3.50778219678,3.50778219678,6.35548751272
438,1,0,positive,0.141660134817,-0.107491405958,-0.024540272671,141.660134817,-107.491405958,-24.540272671,3.56776258011,3.56776258011,6.34572735126
439,0,0,positive,0.142472966766,-0.107491405958,-0.0245347162445,142.472966766,-107.491405958,-24.5347162445,4.38059452839,4.38059452839,6.35128377775
439,1,0,positive,0.142141678479,-0.107491405958,-0.0244909858226,142.141678479,-107.491405958,-24.4909858226,4.04930624216,4.04930624216,6.39501419964
440,0,0,positive,0.142141678479,-0.107491405958,-0.0244909858226,142.141678479,-107.491405958,-24.4909858226,4.04930624216,4.04930624216,6.39501419964
440,1,0,positive,0.141787970983,-0.107491405958,-0.0245181544151,141.787970983,-107.491405958,-24.5181544151,3.69559874549,3.69559874549,6.36784560716
441,0,0,positive,0.141319794997,-0.107491405958,-0.0245052937289,141.319794997,-107.491405958,-24.5052937289,3.22742275941,3.22742275941,6.38070629338
441,1,0,positive,0.141168533964,-0.107491405958,-0.0245122609855,141.168533964,-107.491405958,-24.5122609855,3.07616172721,3.07616172721,6.37373903682
442,0,0,positive,0.141319794997,-0.107491405958,-0.0245052937289,141.319794997,-107.491405958,-24.5052937289,3.22742275941,3.22742275941,6.38070629338
442,1,0,positive,0.141600154434,-0.107491405958,-0.0245305125096,141.600154434,-107.491405958,-24.5305125096,3.50778219678,3.50778219678,6.35548751272
443,0,0,positive,0.140641394489,-0.107491405958,-0.0245512525317,140.641394489,-107.491405958,-24.5512525317,2.54902225149,2.54902225149,6.33474749064
443,1,0,positive,0.14105705296,-0.107491405958,-0.0244955504802,141.05705296,-107.491405958,-24.4955504802,2.9646807223,2.9646807223,6.39044954209
444,0,0,positive,0.141168533964,-0.107491405958,-0.0245122609855,141.168533964,-107.491405958,-24.5122609855,3.07616172721,3.07616172721,6.37373903682
444,1,0,positive,0.14105705296,-0.107491405958,-0.0244955504802,141.05705296,-107.491405958,-24.4955504802,2.9646807223,2.9646807223,6.39044954209
445,0,0,positive,0.140641394489,-0.107491405958,-0.0245512525317,140.641394489,-107.491405958,-24.5512525317,2.54902225149,2.54902225149,6.33474749064
445,1,0,positive,0.140380215586,-0.107491405958,-0.0245524263415,140.380215586,-107.491405958,-24.5524263415,2.2878433488,2.2878433488,6.33357368078
446,0,0,positive,0.140380215586,-0.107491405958,-0.0245524263415,140.380215586,-107.491405958,-24.5524263415,2.2878433488,2.2878433488,6.33357368078
446,1,0,positive,0.140209490721,-0.107491405958,-0.0245427879013,140.209490721,-107.491405958,-24.5427879013,2.11711848421,2.11711848421,6.34321212101
447,0,0,positive,0.139684332251,-0.107491405958,-0.0246758934303,139.684332251,-107.491405958,-24.6758934303,1.5919600138,1.5919600138,6.21010659201
447,1,0,positive,0.139801451821,-0.107491405958,-0.0246590864129,139.801451821,-107.491405958,-24.6590864129,1.70907958415,1.70907958415,6.22691360935
448,0,0,positive,0.140209490721,-0.107491405958,-0.0245427879013,140.209490721,-107.491405958,-24.5427879013,2.11711848421,2.11711848421,6.34321212101
448,1,0,positive,0.139801451821,-0.107491405958,-0.0246590864129,139.801451821,-107.491405958,-24.6590864129,1.70907958415,1.70907958415,6.22691360935
449,0,0,positive,0.139578248485,-0.107491405958,-0.0246898190271,139.578248485,-107.491405958,-24.6898190271,1.48587624747,1.48587624747,6.19618099521
449,1,0,positive,0.139684332251,-0.107491405958,-0.0246758934303,139.684332251,-107.491405958,-24.6758934303,1.5919600138,1.5919600138,6.21010659201
450,0,0,positive,0.139578248485,-0.107491405958,-0.0246898190271,139.578248485,-107.491405958,-24.6898190271,1.48587624747,1.48587624747,6.19618099521
450,1,0,positive,0.139176585072,-0.107491405958,-0.0247886538472,139.176585072,-107.491405958,-24.7886538472,1.08421283503,1.08421283503,6.09734617511
451,0,0,positive,0.138199068135,-0.107491405958,-0.0246992870808,138.199068135,-107.491405958,-24.6992870808,0.106695898027,0.106695898027,6.18671294147
451,1,0,positive,0.139176585072,-0.107491405958,-0.0247886538472,139.176585072,-107.491405958,-24.7886538472,1.08421283503,1.08421283503,6.09734617511
452,0,0,positive,0.138199068135,-0.107491405958,-0.0246992870808,138.199068135,-107.491405958,-24.6992870808,0.106695898027,0.106695898027,6.18671294147
452,1,0,negative,0.138067234352,-0.107491405958,-0.0246957970028,138.067234352,-107.491405958,-24.6957970028,-0.0251378847557,0.0251378847557,6.19020301945
453,0,0,negative,0.138067234352,-0.107491405958,-0.0246957970028,138.067234352,-107.491405958,-24.6957970028,-0.0251378847557,0.0251378847557,6.19020301945
453,1,0,negative,0.138035834429,-0.107491405958,-0.0246975764192,138.035834429,-107.491405958,-24.6975764192,-0.0565378079253,0.0565378079253,6.18842360311
454,0,0,negative,0.138035834429,-0.107491405958,-0.0246975764192,138.035834429,-107.491405958,-24.6975764192,-0.0565378079253,0.0565378079253,6.18842360311
454,1,0,negative,0.137995662906,-0.107491405958,-0.0247010090573,137.995662906,-107.491405958,-24.7010090573,-0.0967093307158,0.0967093307158,6.18499096495
455,0,0,negative,0.137995662906,-0.107491405958,-0.0247010090573,137.995662906,-107.491405958,-24.7010090573,-0.0967093307158,0.0967093307158,6.18499096495
455,1,0,negative,0.137946814611,-0.107491405958,-0.0247088588009,137.946814611,-107.491405958,-24.7088588009,-0.145557626266,0.145557626266,6.1771412214
456,0,0,negative,0.137442215992,-0.107491405958,-0.0247485679093,137.442215992,-107.491405958,-24.7485679093,-0.650156245628,0.650156245628,6.13743211298
456,1,0,negative,0.137946814611,-0.107491405958,-0.0247088588009,137.946814611,-107.491405958,-24.7088588009,-0.145557626266,0.145557626266,6.1771412214
457,0,0,negative,0.136824588519,-0.107491405958,-0.0248080708789,136.824588519,-107.491405958,-24.8080708789,-1.26778371837,1.26778371837,6.07792914344
457,1,0,negative,0.137442215992,-0.107491405958,-0.0247485679093,137.442215992,-107.491405958,-24.7485679093,-0.650156245628,0.650156245628,6.13743211298
458,0,0,negative,0.136824588519,-0.107491405958,-0.0248080708789,136.824588519,-107.491405958,-24.8080708789,-1.26778371837,1.26778371837,6.07792914344
458,1,0,negative,0.136512668928,-0.107491405958,-0.0247924665726,136.512668928,-107.491405958,-24.7924665726,-1.5797033089,1.5797033089,6.09353344968
459,0,0,negative,0.136512668928,-0.107491405958,-0.0247924665726,136.512668928,-107.491405958,-24.7924665726,-1.5797033089,1.5797033089,6.09353344968
459,1,0,negative,0.135983905612,-0.107491405958,-0.0247541894058,135.983905612,-107.491405958,-24.7541894058,-2.10846662524,2.10846662524,6.13181061647
460,0,0,negative,0.135935823052,-0.107491405958,-0.0247475672076,135.935823052,-107.491405958,-24.7475672076,-2.15654918504,2.15654918504,6.13843281472
460,1,0,negative,0.135983905612,-0.107491405958,-0.0247541894058,135.983905612,-107.491405958,-24.7541894058,-2.10846662524,2.10846662524,6.13181061647
461,0,0,negative,0.135891577978,-0.107491405958,-0.0247507282632,135.891577978,-107.491405958,-24.7507282632,-2.20079425935,2.20079425935,6.13527175909
461,1,0,negative,0.135935823052,-0.107491405958,-0.0247475672076,135.935823052,-107.491405958,-24.7475672076,-2.15654918504,2.15654918504,6.13843281472
462,0,0,negative,0.135891577978,-0.107491405958,-0.0247507282632,135.891577978,-107.491405958,-24.7507282632,-2.20079425935,2.20079425935,6.13527175909
462,1,0,negative,0.135116803446,-0.107491405958,-0.0247137343515,135.116803446,-107.491405958,-24.7137343515,-2.97556879104,2.97556879104,6.17226567077
463,0,0,negative,0.134881013733,-0.107491405958,-0.0246929826468,134.881013733,-107.491405958,-24.6929826468,-3.21135850408,3.21135850408,6.19301737551
463,1,0,negative,0.135116803446,-0.107491405958,-0.0247137343515,135.116803446,-107.491405958,-24.7137343515,-2.97556879104,2.97556879104,6.17226567077
464,0,0,negative,0.134881013733,-0.107491405958,-0.0246929826468,134.881013733,-107.491405958,-24.6929826468,-3.21135850408,3.21135850408,6.19301737551
464,1,0,negative,0.134295792716,-0.107491405958,-0.0246639801762,134.295792716,-107.491405958,-24.6639801762,-3.79657952149,3.79657952149,6.2220198461
465,0,0,negative,0.133512783918,-0.107491405958,-0.0247441550263,133.512783918,-107.491405958,-24.7441550263,-4.57958831935,4.57958831935,6.14184499596
465,1,0,negative,0.134295792716,-0.107491405958,-0.0246639801762,134.295792716,-107.491405958,-24.6639801762,-3.79657952149,3.79657952149,6.2220198461
466,0,0,negative,0.133512783918,-0.107491405958,-0.0247441550263,133.512783918,-107.491405958,-24.7441550263,-4.57958831935,4.57958831935,6.14184499596
466,1,0,negative,0.133470518021,-0.107491405958,-0.0247402849897,133.470518021,-107.491405958,-24.7402849897,-4.62185421575,4.62185421575,6.1457150326
467,0,0,negative,0.133457528311,-0.107491405958,-0.0247526243765,133.457528311,-107.491405958,-24.7526243765,-4.63484392659,4.63484392659,6.13337564581
467,1,0,negative,0.133345065999,-0.107491405958,-0.0247737214105,133.345065999,-107.491405958,-24.7737214105,-4.7473062382,4.7473062382,6.11227861184
468,0,0,negative,0.133470518021,-0.107491405958,-0.0247402849897,133.470518021,-107.491405958,-24.7402849897,-4.62185421575,4.62185421575,6.1457150326
468,1,0,negative,0.133457528311,-0.107491405958,-0.0247526243765,133.457528311,-107.491405958,-24.7526243765,-4.63484392659,4.63484392659,6.13337564581
469,0,0,negative,0.068097056042,-0.107491405958,0.0352209166938,68.097056042,-107.491405958,35.2209166938,-69.9953161952,69.9953161952,66.1069167161
469,1,0,negative,0.0685443225085,-0.107491405958,0.0343409244445,68.5443225085,-107.491405958,34.3409244445,-69.5480497287,69.5480497287,65.2269244668
470,0,0,negative,0.0678917529224,-0.107491405958,0.0357416684128,67.8917529224,-107.491405958,35.7416684128,-70.2006193148,70.2006193148,66.6276684351
470,1,0,negative,0.068097056042,-0.107491405958,0.0352209166938,68.097056042,-107.491405958,35.2209166938,-69.9953161952,69.9953161952,66.1069167161
471,0,0,negative,0.0678917529224,-0.107491405958,0.0357416684128,67.8917529224,-107.491405958,35.7416684128,-70.2006193148,70.2006193148,66.6276684351
471,1,0,negative,0.0675023655082,-0.107491405958,0.0366811373612,67.5023655082,-107.491405958,36.6811373612,-70.590006729,70.590006729,67.5671373835
472,0,0,negative,0.0672239556401,-0.107491405958,0.037365996965,67.2239556401,-107.491405958,37.365996965,-70.8684165971,70.8684165971,68.2519969872
472,1,0,negative,0.0675023655082,-0.107491405958,0.0366811373612,67.5023655082,-107.491405958,36.6811373612,-70.590006729,70.590006729,67.5671373835
473,0,0,negative,0.0672239556401,-0.107491405958,0.037365996965,67.2239556401,-107.491405958,37.365996965,-70.8684165971,70.8684165971,68.2519969872
473,1,0,negative,0.0667196432123,-0.107491405958,0.038404630363,66.7196432123,-107.491405958,38.404630363,-71.3727290249,71.3727290249,69.2906303852
474,0,0,negative,0.066355785325,-0.107491405958,0.0391734717449,66.355785325,-107.491405958,39.1734717449,-71.7365869122,71.7365869122,70.0594717672
474,1,0,negative,0.0667196432123,-0.107491405958,0.038404630363,66.7196432123,-107.491405958,38.404630363,-71.3727290249,71.3727290249,69.2906303852
475,0,0,negative,0.0661440032719,-0.107491405958,0.0395912259287,66.1440032719,-107.491405958,39.5912259287,-71.9483689654,71.9483689654,70.477225951
475,1,0,negative,0.066355785325,-0.107491405958,0.0391734717449,66.355785325,-107.491405958,39.1734717449,-71.7365869122,71.7365869122,70.0594717672
476,0,0,negative,0.0661440032719,-0.107491405958,0.0395912259287,66.1440032719,-107.491405958,39.5912259287,-71.9483689654,71.9483689654,70.477225951
476,1,0,negative,0.0656422174062,-0.107491405958,0.0406886430715,65.6422174062,-107.491405958,40.6886430715,-72.450154831,72.450154831,71.5746430937
477,0,0,negative,0.0654005063855,-0.107491405958,0.0412807042346,65.4005063855,-107.491405958,41.2807042346,-72.6918658517,72.6918658517,72.1667042569
477,1,0,negative,0.0656422174062,-0.107491405958,0.0406886430715,65.6422174062,-107.491405958,40.6886430715,-72.450154831,72.450154831,71.5746430937
478,0,0,negative,0.0684606421993,-0.107491405958,0.0438784226794,68.4606421993,-107.491405958,43.8784226794,-69.6317300379,69.6317300379,74.7644227017
478,1,0,negative,0.068323057615,-0.107491405958,0.044134183222,68.323057615,-107.491405958,44.134183222,-69.7693146222,69.7693146222,75.0201832443
479,0,0,negative,0.068323057615,-0.107491405958,0.044134183222,68.323057615,-107.491405958,44.134183222,-69.7693146222,69.7693146222,75.0201832443
479,1,0,negative,0.0682299864825,-0.107491405958,0.0442966497247,68.2299864825,-107.491405958,44.2966497247,-69.8623857548,69.8623857548,75.182649747
480,0,0,negative,0.0679649884883,-0.107491405958,0.0447509968035,67.9649884883,-107.491405958,44.7509968035,-70.127383749,70.127383749,75.6369968257
480,1,0,negative,0.0682299864825,-0.107491405958,0.0442966497247,68.2299864825,-107.491405958,44.2966497247,-69.8623857548,69.8623857548,75.182649747
481,0,0,negative,0.0652595530185,-0.107491405958,0.0426671296963,65.2595530185,-107.491405958,42.6671296963,-72.8328192187,72.8328192187,73.5531297186
481,1,0,negative,0.0653272580131,-0.107491405958,0.0424574961108,65.3272580131,-107.491405958,42.4574961108,-72.7651142241,72.7651142241,73.3434961331
482,0,0,negative,0.0652443139254,-0.107491405958,0.0427217491533,65.2443139254,-107.491405958,42.7217491533,-72.8480583118,72.8480583118,73.6077491756
482,1,0,negative,0.0652595530185,-0.107491405958,0.0426671296963,65.2595530185,-107.491405958,42.6671296963,-72.8328192187,72.8328192187,73.5531297186
483,0,0,negative,0.0650996114719,-0.107491405958,0.042912956004,65.0996114719,-107.491405958,42.912956004,-72.9927607653,72.9927607653,73.7989560263
483,1,0,negative,0.0652443139254,-0.107491405958,0.0427217491533,65.2443139254,-107.491405958,42.7217491533,-72.8480583118,72.8480583118,73.6077491756
484,0,0,negative,0.0679649884883,-0.107491405958,0.0447509968035,67.9649884883,-107.491405958,44.7509968035,-70.127383749,70.127383749,75.6369968257
484,1,0,negative,0.0674822326754,-0.107491405958,0.0452856659393,67.4822326754,-107.491405958,45.2856659393,-70.6101395618,70.6101395618,76.1716659616
485,0,0,negative,0.0674724785995,-0.107491405958,0.0453012730595,67.4724785995,-107.491405958,45.3012730595,-70.6198936377,70.6198936377,76.1872730818
485,1,0,negative,0.0674822326754,-0.107491405958,0.0452856659393,67.4822326754,-107.491405958,45.2856659393,-70.6101395618,70.6101395618,76.1716659616
486,0,0,negative,0.0674621565017,-0.107491405958,0.0453151398991,67.4621565017,-107.491405958,45.3151398991,-70.6302157355,70.6302157355,76.2011399214
486,1,0,negative,0.0674724785995,-0.107491405958,0.0453012730595,67.4724785995,-107.491405958,45.3012730595,-70.6198936377,70.6198936377,76.1872730818
487,0,0,negative,0.0674621565017,-0.107491405958,0.0453151398991,67.4621565017,-107.491405958,45.3151398991,-70.6302157355,70.6302157355,76.2011399214
487,1,0,negative,0.0671154284006,-0.107491405958,0.0458514266735,67.1154284006,-107.491405958,45.8514266735,-70.9769438366,70.9769438366,76.7374266958
488,0,0,negative,0.0671154284006,-0.107491405958,0.0458514266735,67.1154284006,-107.491405958,45.8514266735,-70.9769438366,70.9769438366,76.7374266958
488,1,0,negative,0.0667972986457,-0.107491405958,0.0466483870955,66.7972986457,-107.491405958,46.6483870955,-71.2950735915,71.2950735915,77.5343871178
489,0,0,negative,0.0666785037959,-0.107491405958,0.0469297214202,66.6785037959,-107.491405958,46.9297214202,-71.4138684413,71.4138684413,77.8157214425
489,1,0,negative,0.0667972986457,-0.107491405958,0.0466483870955,66.7972986457,-107.491405958,46.6483870955,-71.2950735915,71.2950735915,77.5343871178
490,0,0,negative,0.0666785037959,-0.107491405958,0.0469297214202,66.6785037959,-107.491405958,46.9297214202,-71.4138684413,71.4138684413,77.8157214425
490,1,0,negative,0.0661027926032,-0.107491405958,0.0477869006969,66.1027926032,-107.491405958,47.7869006969,-71.989579634,71.989579634,78.6729007192
491,0,0,negative,0.0653253578823,-0.107491405958,0.0416765357174,65.3253578823,-107.491405958,41.6765357174,-72.7670143549,72.7670143549,72.5625357397
491,1,0,negative,0.0653300041983,-0.107491405958,0.0417024029015,65.3300041983,-107.491405958,41.7024029015,-72.7623680389,72.7623680389,72.5884029238
492,0,0,negative,0.0653327673215,-0.107491405958,0.0416219104507,65.3327673215,-107.491405958,41.6219104507,-72.7596049157,72.7596049157,72.507910473
492,1,0,negative,0.0654005063855,-0.107491405958,0.0412807042346,65.4005063855,-107.491405958,41.2807042346,-72.6918658517,72.6918658517,72.1667042569
493,0,0,negative,0.0653300041983,-0.107491405958,0.0417024029015,65.3300041983,-107.491405958,41.7024029015,-72.7623680389,72.7623680389,72.5884029238
493,1,0,negative,0.0653317928205,-0.107491405958,0.0417226825942,65.3317928205,-107.491405958,41.7226825942,-72.7605794167,72.7605794167,72.6086826165
494,0,0,negative,0.0653452599758,-0.107491405958,0.0424284090406,65.3452599758,-107.491405958,42.4284090406,-72.7471122614,72.7471122614,73.3144090629
494,1,0,negative,0.0653317928205,-0.107491405958,0.0417226825942,65.3317928205,-107.491405958,41.7226825942,-72.7605794167,72.7605794167,72.6086826165
495,0,0,negative,0.0653327673215,-0.107491405958,0.0416219104507,65.3327673215,-107.491405958,41.6219104507,-72.7596049157,72.7596049157,72.507910473
495,1,0,negative,0.0653253578823,-0.107491405958,0.0416765357174,65.3253578823,-107.491405958,41.6765357174,-72.7670143549,72.7670143549,72.5625357397
496,0,0,negative,0.0653452599758,-0.107491405958,0.0424284090406,65.3452599758,-107.491405958,42.4284090406,-72.7471122614,72.7471122614,73.3144090629
496,1,0,negative,0.0653272580131,-0.107491405958,0.0424574961108,65.3272580131,-107.491405958,42.4574961108,-72.7651142241,72.7651142241,73.3434961331
497,0,0,negative,0.0650996114719,-0.107491405958,0.042912956004,65.0996114719,-107.491405958,42.912956004,-72.9927607653,72.9927607653,73.7989560263
497,1,0,negative,0.0648749208181,-0.107491405958,0.043204970914,64.8749208181,-107.491405958,43.204970914,-73.2174514191,73.2174514191,74.0909709363
498,0,0,negative,0.0648749208181,-0.107491405958,0.043204970914,64.8749208181,-107.491405958,43.204970914,-73.2174514191,73.2174514191,74.0909709363
498,1,0,negative,0.0645621870288,-0.107491405958,0.0437092151567,64.5621870288,-107.491405958,43.7092151567,-73.5301852084,73.5301852084,74.595215179
499,0,0,negative,0.0644709876765,-0.107491405958,0.0438842820641,64.4709876765,-107.491405958,43.8842820641,-73.6213845607,73.6213845607,74.7702820864
499,1,0,negative,0.0645621870288,-0.107491405958,0.0437092151567,64.5621870288,-107.491405958,43.7092151567,-73.5301852084,73.5301852084,74.595215179
500,0,0,negative,0.064338132101,-0.107491405958,0.0441828537684,64.338132101,-107.491405958,44.1828537684,-73.7542401362,73.7542401362,75.0688537907
500,1,0,negative,0.0644709876765,-0.107491405958,0.0438842820641,64.4709876765,-107.491405958,43.8842820641,-73.6213845607,73.6213845607,74.7702820864
501,0,0,negative,0.0660805492307,-0.107491405958,0.0478148754691,66.0805492307,-107.491405958,47.8148754691,-72.0118230065,72.0118230065,78.7008754914
501,1,0,negative,0.0661027926032,-0.107491405958,0.0477869006969,66.1027926032,-107.491405958,47.7869006969,-71.989579634,71.989579634,78.6729007192
502,0,0,negative,0.0660727655975,-0.107491405958,0.0478342525386,66.0727655975,-107.491405958,47.8342525386,-72.0196066397,72.0196066397,78.7202525609
502,1,0,negative,0.0660805492307,-0.107491405958,0.0478148754691,66.0805492307,-107.491405958,47.8148754691,-72.0118230065,72.0118230065,78.7008754914
503,0,0,negative,0.0660727655975,-0.107491405958,0.0478342525386,66.0727655975,-107.491405958,47.8342525386,-72.0196066397,72.0196066397,78.7202525609
503,1,0,negative,0.0658646421234,-0.107491405958,0.0483389758008,65.8646421234,-107.491405958,48.3389758008,-72.2277301138,72.2277301138,79.2249758231
504,0,0,negative,0.0658646421234,-0.107491405958,0.0483389758008,65.8646421234,-107.491405958,48.3389758008,-72.2277301138,72.2277301138,79.2249758231
504,1,0,negative,0.0658377824208,-0.107491405958,0.0485910359091,65.8377824208,-107.491405958,48.5910359091,-72.2545898164,72.2545898164,79.4770359314
505,0,0,negative,0.064338132101,-0.107491405958,0.0441828537684,64.338132101,-107.491405958,44.1828537684,-73.7542401362,73.7542401362,75.0688537907
505,1,0,negative,0.063642419895,-0.107491405958,0.0458331664568,63.642419895,-107.491405958,45.8331664568,-74.4499523422,74.4499523422,76.7191664791
506,0,0,negative,0.0635160958598,-0.107491405958,0.0461427888953,63.5160958598,-107.491405958,46.1427888953,-74.5762763774,74.5762763774,77.0287889176
506,1,0,negative,0.063642419895,-0.107491405958,0.0458331664568,63.642419895,-107.491405958,45.8331664568,-74.4499523422,74.4499523422,76.7191664791
507,0,0,negative,0.0631356551837,-0.107491405958,0.0469904147695,63.1356551837,-107.491405958,46.9904147695,-74.9567170535,74.9567170535,77.8764147918
507,1,0,negative,0.0635160958598,-0.107491405958,0.0461427888953,63.5160958598,-107.491405958,46.1427888953,-74.5762763774,74.5762763774,77.0287889176
508,0,0,negative,0.0631356551837,-0.107491405958,0.0469904147695,63.1356551837,-107.491405958,46.9904147695,-74.9567170535,74.9567170535,77.8764147918
508,1,0,negative,0.0626714846537,-0.107491405958,0.048099000405,62.6714846537,-107.491405958,48.099000405,-75.4208875835,75.4208875835,78.9850004273
509,0,0,negative,0.0624413739246,-0.107491405958,0.0486344729549,62.4413739246,-107.491405958,48.6344729549,-75.6509983126,75.6509983126,79.5204729772
509,1,0,negative,0.0626714846537,-0.107491405958,0.048099000405,62.6714846537,-107.491405958,48.099000405,-75.4208875835,75.4208875835,78.9850004273
510,0,0,negative,0.078210945399,-0.107491405958,0.0248964407433,78.210945399,-107.491405958,24.8964407433,-59.8814268382,59.8814268382,55.7824407656
510,1,0,negative,0.078107817267,-0.107491405958,0.0250926952065,78.107817267,-107.491405958,25.0926952065,-59.9845549702,59.9845549702,55.9786952288
511,0,0,negative,0.0776536923738,-0.107491405958,0.0259406859973,77.6536923738,-107.491405958,25.9406859973,-60.4386798634,60.4386798634,56.8266860196
511,1,0,negative,0.078107817267,-0.107491405958,0.0250926952065,78.107817267,-107.491405958,25.0926952065,-59.9845549702,59.9845549702,55.9786952288
512,0,0,negative,0.0775342474464,-0.107491405958,0.026169285891,77.5342474464,-107.491405958,26.169285891,-60.5581247908,60.5581247908,57.0552859133
512,1,0,negative,0.0776536923738,-0.107491405958,0.0259406859973,77.6536923738,-107.491405958,25.9406859973,-60.4386798634,60.4386798634,56.8266860196
513,0,0,negative,0.0773474123093,-0.107491405958,0.0265323562571,77.3474123093,-107.491405958,26.5323562571,-60.7449599279,60.7449599279,57.4183562794
513,1,0,negative,0.0775342474464,-0.107491405958,0.026169285891,77.5342474464,-107.491405958,26.169285891,-60.5581247908,60.5581247908,57.0552859133
514,0,0,negative,0.0770003940149,-0.107491405958,0.0272858171921,77.0003940149,-107.491405958,27.2858171921,-61.0919782223,61.0919782223,58.1718172144
514,1,0,negative,0.0766868018859,-0.107491405958,0.0279559364351,76.6868018859,-107.491405958,27.9559364351,-61.4055703513,61.4055703513,58.8419364574
515,0,0,negative,0.0773474123093,-0.107491405958,0.0265323562571,77.3474123093,-107.491405958,26.5323562571,-60.7449599279,60.7449599279,57.4183562794
515,1,0,negative,0.0770003940149,-0.107491405958,0.0272858171921,77.0003940149,-107.491405958,27.2858171921,-61.0919782223,61.0919782223,58.1718172144
516,0,0,negative,0.076505899385,-0.107491405958,0.0282961219543,76.505899385,-107.491405958,28.2961219543,-61.5864728522,61.5864728522,59.1821219765
516,1,0,negative,0.0766868018859,-0.107491405958,0.0279559364351,76.6868018859,-107.491405958,27.9559364351,-61.4055703513,61.4055703513,58.8419364574
517,0,0,negative,0.076324522807,-0.107491405958,0.0285720333547,76.324522807,-107.491405958,28.5720333547,-61.7678494302,61.7678494302,59.458033377
517,1,0,negative,0.076505899385,-0.107491405958,0.0282961219543,76.505899385,-107.491405958,28.2961219543,-61.5864728522,61.5864728522,59.1821219765
518,0,0,negative,0.076324522807,-0.107491405958,0.0285720333547,76.324522807,-107.491405958,28.5720333547,-61.7678494302,61.7678494302,59.458033377
518,1,0,negative,0.076134222023,-0.107491405958,0.0288031420553,76.134222023,-107.491405958,28.8031420553,-61.9581502142,61.9581502142,59.6891420775
519,0,0,negative,0.076134222023,-0.107491405958,0.0288031420553,76.134222023,-107.491405958,28.8031420553,-61.9581502142,61.9581502142,59.6891420775
519,1,0,negative,0.0760642658454,-0.107491405958,0.0289174322892,76.0642658454,-107.491405958,28.9174322892,-62.0281063918,62.0281063918,59.8034323115
520,0,0,negative,0.0754906961492,-0.107491405958,0.0299117637172,75.4906961492,-107.491405958,29.9117637172,-62.601676088,62.601676088,60.7977637395
520,1,0,negative,0.0759134269881,-0.107491405958,0.029176347089,75.9134269881,-107.491405958,29.176347089,-62.1789452492,62.1789452492,60.0623471113
521,0,0,negative,0.0760642658454,-0.107491405958,0.0289174322892,76.0642658454,-107.491405958,28.9174322892,-62.0281063918,62.0281063918,59.8034323115
521,1,0,negative,0.0759134269881,-0.107491405958,0.029176347089,75.9134269881,-107.491405958,29.176347089,-62.1789452492,62.1789452492,60.0623471113
522,0,0,negative,0.0734465223,-0.107491405958,0.025088184282,73.4465223,-107.491405958,25.088184282,-64.6458499372,64.6458499372,55.9741843043
522,1,0,negative,0.0730413027992,-0.107491405958,0.0256374282847,73.0413027992,-107.491405958,25.6374282847,-65.0510694381,65.0510694381,56.523428307
523,0,0,negative,0.0730056478733,-0.107491405958,0.0256954741843,73.0056478733,-107.491405958,25.6954741843,-65.0867243639,65.0867243639,56.5814742066
523,1,0,negative,0.0730413027992,-0.107491405958,0.0256374282847,73.0413027992,-107.491405958,25.6374282847,-65.0510694381,65.0510694381,56.523428307
524,0,0,negative,0.0730056478733,-0.107491405958,0.0256954741843,73.0056478733,-107.491405958,25.6954741843,-65.0867243639,65.0867243639,56.5814742066
524,1,0,negative,0.0726825714685,-0.107491405958,0.0262890139641,72.6825714685,-107.491405958,26.2890139641,-65.4098007687,65.4098007687,57.1750139864
525,0,0,negative,0.0726825714685,-0.107491405958,0.0262890139641,72.6825714685,-107.491405958,26.2890139641,-65.4098007687,65.4098007687,57.1750139864
525,1,0,negative,0.0723407598517,-0.107491405958,0.0269737854352,72.3407598517,-107.491405958,26.9737854352,-65.7516123855,65.7516123855,57.8597854575
526,0,0,negative,0.0723189866339,-0.107491405958,0.0270110290228,72.3189866339,-107.491405958,27.0110290228,-65.7733856033,65.7733856033,57.8970290451
526,1,0,negative,0.0723407598517,-0.107491405958,0.0269737854352,72.3407598517,-107.491405958,26.9737854352,-65.7516123855,65.7516123855,57.8597854575
527,0,0,negative,0.0723189866339,-0.107491405958,0.0270110290228,72.3189866339,-107.491405958,27.0110290228,-65.7733856033,65.7733856033,57.8970290451
527,1,0,negative,0.0720028810792,-0.107491405958,0.0275681398001,72.0028810792,-107.491405958,27.5681398001,-66.0894911581,66.0894911581,58.4541398224
528,0,0,negative,0.0720028810792,-0.107491405958,0.0275681398001,72.0028810792,-107.491405958,27.5681398001,-66.0894911581,66.0894911581,58.4541398224
528,1,0,negative,0.0716715955197,-0.107491405958,0.0281547976807,71.6715955197,-107.491405958,28.1547976807,-66.4207767175,66.4207767175,59.0407977029
529,0,0,negative,0.0708340841263,-0.107491405958,0.0297552261003,70.8340841263,-107.491405958,29.7552261003,-67.2582881109,67.2582881109,60.6412261226
529,1,0,negative,0.0716715955197,-0.107491405958,0.0281547976807,71.6715955197,-107.491405958,28.1547976807,-66.4207767175,66.4207767175,59.0407977029
530,0,0,negative,0.0753518848488,-0.107491405958,0.0301617876366,75.3518848488,-107.491405958,30.1617876366,-62.7404873884,62.7404873884,61.0477876589
530,1,0,negative,0.0754906961492,-0.107491405958,0.0299117637172,75.4906961492,-107.491405958,29.9117637172,-62.601676088,62.601676088,60.7977637395
531,0,0,negative,0.0753518848488,-0.107491405958,0.0301617876366,75.3518848488,-107.491405958,30.1617876366,-62.7404873884,62.7404873884,61.0477876589
531,1,0,negative,0.0752031693017,-0.107491405958,0.0303443431207,75.2031693017,-107.491405958,30.3443431207,-62.8892029355,62.8892029355,61.230343143
532,0,0,negative,0.0752031693017,-0.107491405958,0.0303443431207,75.2031693017,-107.491405958,30.3443431207,-62.8892029355,62.8892029355,61.230343143
532,1,0,negative,0.074771793105,-0.107491405958,0.031103752343,74.771793105,-107.491405958,31.103752343,-63.3205791322,63.3205791322,61.9897523653
533,0,0,negative,0.0747082584007,-0.107491405958,0.0312186260164,74.7082584007,-107.491405958,31.2186260164,-63.3841138365,63.3841138365,62.1046260387
533,1,0,negative,0.074771793105,-0.107491405958,0.031103752343,74.771793105,-107.491405958,31.103752343,-63.3205791322,63.3205791322,61.9897523653
534,0,0,negative,0.0746189057862,-0.107491405958,0.0314121499278,74.6189057862,-107.491405958,31.4121499278,-63.473466451,63.473466451,62.2981499501
534,1,0,negative,0.0747082584007,-0.107491405958,0.0312186260164,74.7082584007,-107.491405958,31.2186260164,-63.3841138365,63.3841138365,62.1046260387
535,0,0,negative,0.0746189057862,-0.107491405958,0.0314121499278,74.6189057862,-107.491405958,31.4121499278,-63.473466451,63.473466451,62.2981499501
535,1,0,negative,0.0745054524908,-0.107491405958,0.0315899781475,74.5054524908,-107.491405958,31.5899781475,-63.5869197464,63.5869197464,62.4759781697
536,0,0,negative,0.0745054524908,-0.107491405958,0.0315899781475,74.5054524908,-107.491405958,31.5899781475,-63.5869197464,63.5869197464,62.4759781697
536,1,0,negative,0.0743085756786,-0.107491405958,0.0319054289867,74.3085756786,-107.491405958,31.9054289867,-63.7837965586,63.7837965586,62.791429009
537,0,0,negative,0.0739315226239,-0.107491405958,0.032276391231,73.9315226239,-107.491405958,32.276391231,-64.1608496134,64.1608496134,63.1623912533
537,1,0,negative,0.0743085756786,-0.107491405958,0.0319054289867,74.3085756786,-107.491405958,31.9054289867,-63.7837965586,63.7837965586,62.791429009
538,0,0,negative,0.0738683110696,-0.107491405958,0.0323732987016,73.8683110696,-107.491405958,32.3732987016,-64.2240611676,64.2240611676,63.2592987239
538,1,0,negative,0.0739315226239,-0.107491405958,0.032276391231,73.9315226239,-107.491405958,32.276391231,-64.1608496134,64.1608496134,63.1623912533
539,0,0,negative,0.0736818619295,-0.107491405958,0.0329561195633,73.6818619295,-107.491405958,32.9561195633,-64.4105103077,64.4105103077,63.8421195856
539,1,0,negative,0.0738683110696,-0.107491405958,0.0323732987016,73.8683110696,-107.491405958,32.3732987016,-64.2240611676,64.2240611676,63.2592987239
540,0,0,negative,0.0736818619295,-0.107491405958,0.0329561195633,73.6818619295,-107.491405958,32.9561195633,-64.4105103077,64.4105103077,63.8421195856
540,1,0,negative,0.0735870884621,-0.107491405958,0.0331939854245,73.5870884621,-107.491405958,33.1939854245,-64.5052837751,64.5052837751,64.0799854468
541,0,0,negative,0.0733834315122,-0.107491405958,0.0337599086688,73.3834315122,-107.491405958,33.7599086688,-64.708940725,64.708940725,64.6459086911
541,1,0,negative,0.0735870884621,-0.107491405958,0.0331939854245,73.5870884621,-107.491405958,33.1939854245,-64.5052837751,64.5052837751,64.0799854468
542,0,0,negative,0.0733834315122,-0.107491405958,0.0337599086688,73.3834315122,-107.491405958,33.7599086688,-64.708940725,64.708940725,64.6459086911
542,1,0,negative,0.0729997149364,-0.107491405958,0.0347381267831,72.9997149364,-107.491405958,34.7381267831,-65.0926573008,65.0926573008,65.6241268054
543,0,0,negative,0.0708340841263,-0.107491405958,0.0297552261003,70.8340841263,-107.491405958,29.7552261003,-67.2582881109,67.2582881109,60.6412261226
543,1,0,negative,0.0706285213215,-0.107491405958,0.0301117729208,70.6285213215,-107.491405958,30.1117729208,-67.4638509157,67.4638509157,60.9977729431
544,0,0,negative,0.0699756956036,-0.107491405958,0.0315323453795,69.9756956036,-107.491405958,31.5323453795,-68.1166766336,68.1166766336,62.4183454018
544,1,0,negative,0.0699742640571,-0.107491405958,0.0315357883126,69.9742640571,-107.491405958,31.5357883126,-68.1181081801,68.1181081801,62.4217883349
545,0,0,negative,0.0699756956036,-0.107491405958,0.0315323453795,69.9756956036,-107.491405958,31.5323453795,-68.1166766336,68.1166766336,62.4183454018
545,1,0,negative,0.0706285213215,-0.107491405958,0.0301117729208,70.6285213215,-107.491405958,30.1117729208,-67.4638509157,67.4638509157,60.9977729431
546,0,0,negative,0.0699742640571,-0.107491405958,0.0315357883126,69.9742640571,-107.491405958,31.5357883126,-68.1181081801,68.1181081801,62.4217883349
546,1,0,negative,0.0699738083832,-0.107491405958,0.0315366264381,69.9738083832,-107.491405958,31.5366264381,-68.118563854,68.118563854,62.4226264604
547,0,0,negative,0.0699738083832,-0.107491405958,0.0315366264381,69.9738083832,-107.491405958,31.5366264381,-68.118563854,68.118563854,62.4226264604
547,1,0,negative,0.0699731775308,-0.107491405958,0.0315380224262,69.9731775308,-107.491405958,31.5380224262,-68.1191947065,68.1191947065,62.4240224485
548,0,0,negative,0.069478698577,-0.107491405958,0.0325125928966,69.478698577,-107.491405958,32.5125928966,-68.6136736602,68.6136736602,63.3985929189
548,1,0,negative,0.0699731775308,-0.107491405958,0.0315380224262,69.9731775308,-107.491405958,31.5380224262,-68.1191947065,68.1191947065,62.4240224485
549,0,0,negative,0.0691804491379,-0.107491405958,0.0330211110644,69.1804491379,-107.491405958,33.0211110644,-68.9119230993,68.9119230993,63.9071110867
549,1,0,negative,0.069478698577,-0.107491405958,0.0325125928966,69.478698577,-107.491405958,32.5125928966,-68.6136736602,68.6136736602,63.3985929189
550,0,0,negative,0.0691804491379,-0.107491405958,0.0330211110644,69.1804491379,-107.491405958,33.0211110644,-68.9119230993,68.9119230993,63.9071110867
550,1,0,negative,0.068955189945,-0.107491405958,0.0334489801183,68.955189945,-107.491405958,33.4489801183,-69.1371822922,69.1371822922,64.3349801406
551,0,0,negative,0.068788360821,-0.107491405958,0.0338043781985,68.788360821,-107.491405958,33.8043781985,-69.3040114162,69.3040114162,64.6903782208
551,1,0,negative,0.068955189945,-0.107491405958,0.0334489801183,68.955189945,-107.491405958,33.4489801183,-69.1371822922,69.1371822922,64.3349801406
552,0,0,negative,0.068788360821,-0.107491405958,0.0338043781985,68.788360821,-107.491405958,33.8043781985,-69.3040114162,69.3040114162,64.6903782208
552,1,0,negative,0.0685443225085,-0.107491405958,0.0343409244445,68.5443225085,-107.491405958,34.3409244445,-69.5480497287,69.5480497287,65.2269244668
553,0,0,negative,0.0729997149364,-0.107491405958,0.0347381267831,72.9997149364,-107.491405958,34.7381267831,-65.0926573008,65.0926573008,65.6241268054
553,1,0,negative,0.0726059364849,-0.107491405958,0.0353716768485,72.6059364849,-107.491405958,35.3716768485,-65.4864357523,65.4864357523,66.2576768708
554,0,0,negative,0.0721697145899,-0.107491405958,0.0361417862435,72.1697145899,-107.491405958,36.1417862435,-65.9226576473,65.9226576473,67.0277862658
554,1,0,negative,0.0726059364849,-0.107491405958,0.0353716768485,72.6059364849,-107.491405958,35.3716768485,-65.4864357523,65.4864357523,66.2576768708
555,0,0,negative,0.0714596646917,-0.107491405958,0.0367734268035,71.4596646917,-107.491405958,36.7734268035,-66.6327075455,66.6327075455,67.6594268258
555,1,0,negative,0.0716357090258,-0.107491405958,0.0366184171428,71.6357090258,-107.491405958,36.6184171428,-66.4566632114,66.4566632114,67.5044171651
556,0,0,negative,0.0721697145899,-0.107491405958,0.0361417862435,72.1697145899,-107.491405958,36.1417862435,-65.9226576473,65.9226576473,67.0277862658
556,1,0,negative,0.0716357090258,-0.107491405958,0.0366184171428,71.6357090258,-107.491405958,36.6184171428,-66.4566632114,66.4566632114,67.5044171651
557,0,0,negative,0.0714596646917,-0.107491405958,0.0367734268035,71.4596646917,-107.491405958,36.7734268035,-66.6327075455,66.6327075455,67.6594268258
557,1,0,negative,0.0711517539572,-0.107491405958,0.0371098544873,71.1517539572,-107.491405958,37.1098544873,-66.94061828,66.94061828,67.9958545096
558,0,0,negative,0.0710202425343,-0.107491405958,0.0373569501831,71.0202425343,-107.491405958,37.3569501831,-67.0721297029,67.0721297029,68.2429502054
558,1,0,negative,0.0711517539572,-0.107491405958,0.0371098544873,71.1517539572,-107.491405958,37.1098544873,-66.94061828,66.94061828,67.9958545096
559,0,0,negative,0.0709310211825,-0.107491405958,0.0377794278192,70.9310211825,-107.491405958,37.7794278192,-67.1613510547,67.1613510547,68.6654278415
559,1,0,negative,0.0710202425343,-0.107491405958,0.0373569501831,71.0202425343,-107.491405958,37.3569501831,-67.0721297029,67.0721297029,68.2429502054
560,0,0,negative,0.0709310211825,-0.107491405958,0.0377794278192,70.9310211825,-107.491405958,37.7794278192,-67.1613510547,67.1613510547,68.6654278415
560,1,0,negative,0.0707087346254,-0.107491405958,0.0383212277298,70.7087346254,-107.491405958,38.3212277298,-67.3836376118,67.3836376118,69.2072277521
561,0,0,negative,0.0706532371638,-0.107491405958,0.0385903118876,70.6532371638,-107.491405958,38.5903118876,-67.4391350734,67.4391350734,69.4763119099
561,1,0,negative,0.0707087346254,-0.107491405958,0.0383212277298,70.7087346254,-107.491405958,38.3212277298,-67.3836376118,67.3836376118,69.2072277521
562,0,0,negative,0.0704894778122,-0.107491405958,0.0387936412159,70.4894778122,-107.491405958,38.7936412159,-67.6028944251,67.6028944251,69.6796412382
562,1,0,negative,0.0706532371638,-0.107491405958,0.0385903118876,70.6532371638,-107.491405958,38.5903118876,-67.4391350734,67.4391350734,69.4763119099
563,0,0,negative,0.0704894778122,-0.107491405958,0.0387936412159,70.4894778122,-107.491405958,38.7936412159,-67.6028944251,67.6028944251,69.6796412382
563,1,0,negative,0.0702917942488,-0.107491405958,0.0391697316095,70.2917942488,-107.491405958,39.1697316095,-67.8005779884,67.8005779884,70.0557316318
564,0,0,negative,0.0702917942488,-0.107491405958,0.0391697316095,70.2917942488,-107.491405958,39.1697316095,-67.8005779884,67.8005779884,70.0557316318
564,1,0,negative,0.0700700037104,-0.107491405958,0.0395354132437,70.0700037104,-107.491405958,39.5354132437,-68.0223685268,68.0223685268,70.421413266
565,0,0,negative,0.0699772933522,-0.107491405958,0.0397253464158,69.9772933522,-107.491405958,39.7253464158,-68.115078885,68.115078885,70.6113464381
565,1,0,negative,0.0700700037104,-0.107491405958,0.0395354132437,70.0700037104,-107.491405958,39.5354132437,-68.0223685268,68.0223685268,70.421413266
566,0,0,negative,0.0696546718008,-0.107491405958,0.0401946249347,69.6546718008,-107.491405958,40.1946249347,-68.4377004364,68.4377004364,71.080624957
566,1,0,negative,0.0699772933522,-0.107491405958,0.0397253464158,69.9772933522,-107.491405958,39.7253464158,-68.115078885,68.115078885,70.6113464381
567,0,0,negative,0.0694959874227,-0.107491405958,0.0404343205932,69.4959874227,-107.491405958,40.4343205932,-68.5963848145,68.5963848145,71.3203206154
567,1,0,negative,0.0694773781735,-0.107491405958,0.0404788323477,69.4773781735,-107.491405958,40.4788323477,-68.6149940637,68.6149940637,71.36483237
568,0,0,negative,0.0696546718008,-0.107491405958,0.0401946249347,69.6546718008,-107.491405958,40.1946249347,-68.4377004364,68.4377004364,71.080624957
568,1,0,negative,0.0694959874227,-0.107491405958,0.0404343205932,69.4959874227,-107.491405958,40.4343205932,-68.5963848145,68.5963848145,71.3203206154
569,0,0,negative,0.0694773781735,-0.107491405958,0.0404788323477,69.4773781735,-107.491405958,40.4788323477,-68.6149940637,68.6149940637,71.36483237
569,1,0,negative,0.0694651290128,-0.107491405958,0.0405192413532,69.4651290128,-107.491405958,40.5192413532,-68.6272432244,68.6272432244,71.4052413755
570,0,0,negative,0.0692596508735,-0.107491405958,0.0410490457347,69.2596508735,-107.491405958,41.0490457347,-68.8327213638,68.8327213638,71.935045757
570,1,0,negative,0.0694651290128,-0.107491405958,0.0405192413532,69.4651290128,-107.491405958,40.5192413532,-68.6272432244,68.6272432244,71.4052413755
571,0,0,negative,0.0693571016536,-0.107491405958,0.0413038460023,69.3571016536,-107.491405958,41.3038460023,-68.7352705837,68.7352705837,72.1898460246
571,1,0,negative,0.0692596508735,-0.107491405958,0.0410490457347,69.2596508735,-107.491405958,41.0490457347,-68.8327213638,68.8327213638,71.935045757
572,0,0,negative,0.0693571016536,-0.107491405958,0.0413038460023,69.3571016536,-107.491405958,41.3038460023,-68.7352705837,68.7352705837,72.1898460246
572,1,0,negative,0.0691504647998,-0.107491405958,0.0421479862645,69.1504647998,-107.491405958,42.1479862645,-68.9419074374,68.9419074374,73.0339862868
573,0,0,negative,0.0690828018102,-0.107491405958,0.0423195017649,69.0828018102,-107.491405958,42.3195017649,-69.009570427,69.009570427,73.2055017872
573,1,0,negative,0.0691504647998,-0.107491405958,0.0421479862645,69.1504647998,-107.491405958,42.1479862645,-68.9419074374,68.9419074374,73.0339862868
574,0,0,negative,0.0689263922313,-0.107491405958,0.0427577360545,68.9263922313,-107.491405958,42.7577360545,-69.1659800059,69.1659800059,73.6437360768
574,1,0,negative,0.0690828018102,-0.107491405958,0.0423195017649,69.0828018102,-107.491405958,42.3195017649,-69.009570427,69.009570427,73.2055017872
575,0,0,negative,0.0689263922313,-0.107491405958,0.0427577360545,68.9263922313,-107.491405958,42.7577360545,-69.1659800059,69.1659800059,73.6437360768
575,1,0,negative,0.0688318761963,-0.107491405958,0.0430652386125,68.8318761963,-107.491405958,43.0652386125,-69.2604960409,69.2604960409,73.9512386348
576,0,0,negative,0.0685930794605,-0.107491405958,0.0434770763289,68.5930794605,-107.491405958,43.4770763289,-69.4992927767,69.4992927767,74.3630763512
576,1,0,negative,0.0688318761963,-0.107491405958,0.0430652386125,68.8318761963,-107.491405958,43.0652386125,-69.2604960409,69.2604960409,73.9512386348
577,0,0,negative,0.0684606421993,-0.107491405958,0.0438784226794,68.4606421993,-107.491405958,43.8784226794,-69.6317300379,69.6317300379,74.7644227017
577,1,0,negative,0.0685930794605,-0.107491405958,0.0434770763289,68.5930794605,-107.491405958,43.4770763289,-69.4992927767,69.4992927767,74.3630763512
578,0,0,negative,0.0451787785952,-0.107491405958,0.0901152515022,45.1787785952,-107.491405958,90.1152515022,-92.913593642,92.913593642,121.001251525
578,1,0,negative,0.0447002694971,-0.107491405958,0.0914676728835,44.7002694971,-107.491405958,91.4676728835,-93.3921027401,93.3921027401,122.353672906
579,0,0,negative,0.0442148973594,-0.107491405958,0.0928556608685,44.2148973594,-107.491405958,92.8556608685,-93.8774748778,93.8774748778,123.741660891
579,1,0,negative,0.0441620736691,-0.107491405958,0.093005855564,44.1620736691,-107.491405958,93.005855564,-93.9302985681,93.9302985681,123.891855586
580,0,0,negative,0.0442148973594,-0.107491405958,0.0928556608685,44.2148973594,-107.491405958,92.8556608685,-93.8774748778,93.8774748778,123.741660891
580,1,0,negative,0.0447002694971,-0.107491405958,0.0914676728835,44.7002694971,-107.491405958,91.4676728835,-93.3921027401,93.3921027401,122.353672906
581,0,0,negative,0.0441620736691,-0.107491405958,0.093005855564,44.1620736691,-107.491405958,93.005855564,-93.9302985681,93.9302985681,123.891855586
581,1,0,negative,0.0439424189598,-0.107491405958,0.0935600910036,43.9424189598,-107.491405958,93.5600910036,-94.1499532774,94.1499532774,124.446091026
582,0,0,negative,0.0438526388885,-0.107491405958,0.0937949958723,43.8526388885,-107.491405958,93.7949958723,-94.2397333487,94.2397333487,124.680995895
582,1,0,negative,0.0439424189598,-0.107491405958,0.0935600910036,43.9424189598,-107.491405958,93.5600910036,-94.1499532774,94.1499532774,124.446091026
583,0,0,negative,0.0438397139574,-0.107491405958,0.0938355164582,43.8397139574,-107.491405958,93.8355164582,-94.2526582798,94.2526582798,124.721516481
583,1,0,negative,0.0438526388885,-0.107491405958,0.0937949958723,43.8526388885,-107.491405958,93.7949958723,-94.2397333487,94.2397333487,124.680995895
584,0,0,negative,0.0438117270756,-0.107491405958,0.0939255739779,43.8117270756,-107.491405958,93.9255739779,-94.2806451616,94.2806451616,124.811574
584,1,0,negative,0.0438397139574,-0.107491405958,0.0938355164582,43.8397139574,-107.491405958,93.8355164582,-94.2526582798,94.2526582798,124.721516481
585,0,0,negative,0.0438117270756,-0.107491405958,0.0939255739779,43.8117270756,-107.491405958,93.9255739779,-94.2806451616,94.2806451616,124.811574
585,1,0,negative,0.0435195803305,-0.107491405958,0.0949718718886,43.5195803305,-107.491405958,94.9718718886,-94.5727919067,94.5727919067,125.857871911
586,0,0,negative,0.0435195803305,-0.107491405958,0.0949718718886,43.5195803305,-107.491405958,94.9718718886,-94.5727919067,94.5727919067,125.857871911
586,1,0,negative,0.0431936787843,-0.107491405958,0.0959661187888,43.1936787843,-107.491405958,95.9661187888,-94.8986934529,94.8986934529,126.852118811
587,0,0,negative,0.0430651836096,-0.107491405958,0.096389596735,43.0651836096,-107.491405958,96.389596735,-95.0271886276,95.0271886276,127.275596757
587,1,0,negative,0.0431936787843,-0.107491405958,0.0959661187888,43.1936787843,-107.491405958,95.9661187888,-94.8986934529,94.8986934529,126.852118811
588,0,0,negative,0.0430189754348,-0.107491405958,0.0965576214267,43.0189754348,-107.491405958,96.5576214267,-95.0733968024,95.0733968024,127.443621449
588,1,0,negative,0.0430651836096,-0.107491405958,0.096389596735,43.0651836096,-107.491405958,96.389596735,-95.0271886276,95.0271886276,127.275596757
589,0,0,negative,0.0430189754348,-0.107491405958,0.0965576214267,43.0189754348,-107.491405958,96.5576214267,-95.0733968024,95.0733968024,127.443621449
589,1,0,negative,0.0427527866838,-0.107491405958,0.0975113108899,42.7527866838,-107.491405958,97.5113108899,-95.3395855534,95.3395855534,128.397310912
590,0,0,negative,0.0426531253973,-0.107491405958,0.0977842123345,42.6531253973,-107.491405958,97.7842123345,-95.43924684,95.43924684,128.670212357
590,1,0,negative,0.0427527866838,-0.107491405958,0.0975113108899,42.7527866838,-107.491405958,97.5113108899,-95.3395855534,95.3395855534,128.397310912
591,0,0,negative,0.0426531253973,-0.107491405958,0.0977842123345,42.6531253973,-107.491405958,97.7842123345,-95.43924684,95.43924684,128.670212357
591,1,0,negative,0.0422568001199,-0.107491405958,0.0988063977414,42.2568001199,-107.491405958,98.8063977414,-95.8355721173,95.8355721173,129.692397764
592,0,0,negative,0.0422568001199,-0.107491405958,0.0988063977414,42.2568001199,-107.491405958,98.8063977414,-95.8355721173,95.8355721173,129.692397764
592,1,0,negative,0.0419866686356,-0.107491405958,0.0999419156428,41.9866686356,-107.491405958,99.9419156428,-96.1057036016,96.1057036016,130.827915665
593,0,0,negative,0.0419110018422,-0.107491405958,0.100210181103,41.9110018422,-107.491405958,100.210181103,-96.1813703951,96.1813703951,131.096181126
593,1,0,negative,0.0419866686356,-0.107491405958,0.0999419156428,41.9866686356,-107.491405958,99.9419156428,-96.1057036016,96.1057036016,130.827915665
594,0,0,negative,0.0418672520059,-0.107491405958,0.100443256191,41.8672520059,-107.491405958,100.443256191,-96.2251202313,96.2251202313,131.329256213
594,1,0,negative,0.0419110018422,-0.107491405958,0.100210181103,41.9110018422,-107.491405958,100.210181103,-96.1813703951,96.1813703951,131.096181126
595,0,0,negative,0.0418672520059,-0.107491405958,0.100443256191,41.8672520059,-107.491405958,100.443256191,-96.2251202313,96.2251202313,131.329256213
595,1,0,negative,0.041778946416,-0.107491405958,0.100941520969,41.778946416,-107.491405958,100.941520969,-96.3134258212,96.3134258212,131.827520992
596,0,0,negative,0.0414913938318,-0.107491405958,0.102038587749,41.4913938318,-107.491405958,102.038587749,-96.6009784054,96.6009784054,132.924587772
596,1,0,negative,0.0416362355788,-0.107491405958,0.101518622911,41.6362355788,-107.491405958,101.518622911,-96.4561366584,96.4561366584,132.404622933
597,0,0,negative,0.041778946416,-0.107491405958,0.100941520969,41.778946416,-107.491405958,100.941520969,-96.3134258212,96.3134258212,131.827520992
597,1,0,negative,0.0416362355788,-0.107491405958,0.101518622911,41.6362355788,-107.491405958,101.518622911,-96.4561366584,96.4561366584,132.404622933
598,0,0,negative,0.0413381791902,-0.107491405958,0.102877123147,41.3381791902,-107.491405958,102.877123147,-96.754193047,96.754193047,133.76312317
598,1,0,negative,0.0414913938318,-0.107491405958,0.102038587749,41.4913938318,-107.491405958,102.038587749,-96.6009784054,96.6009784054,132.924587772
599,0,0,negative,0.0413381791902,-0.107491405958,0.102877123147,41.3381791902,-107.491405958,102.877123147,-96.754193047,96.754193047,133.76312317
599,1,0,negative,0.0412490224327,-0.107491405958,0.103314392131,41.2490224327,-107.491405958,103.314392131,-96.8433498045,96.8433498045,134.200392153
600,0,0,negative,0.0461736249267,-0.107491405958,0.103566819927,46.1736249267,-107.491405958,103.566819927,-91.9187473105,91.9187473105,134.45281995
600,1,0,negative,0.0461722858125,-0.107491405958,0.103578212832,46.1722858125,-107.491405958,103.578212832,-91.9200864248,91.9200864248,134.464212854
601,0,0,negative,0.0461791386204,-0.107491405958,0.103543552593,46.1791386204,-107.491405958,103.543552593,-91.9132336168,91.9132336168,134.429552615
601,1,0,negative,0.0461736249267,-0.107491405958,0.103566819927,46.1736249267,-107.491405958,103.566819927,-91.9187473105,91.9187473105,134.45281995
602,0,0,negative,0.0461722858125,-0.107491405958,0.103578212832,46.1722858125,-107.491405958,103.578212832,-91.9200864248,91.9200864248,134.464212854
602,1,0,negative,0.0461685002186,-0.107491405958,0.103599426774,46.1685002186,-107.491405958,103.599426774,-91.9238720186,91.9238720186,134.485426796
603,0,0,negative,0.0602859548843,-0.107491405958,0.0534965401579,60.2859548843,-107.491405958,53.4965401579,-77.8064173529,77.8064173529,84.3825401802
603,1,0,negative,0.0601337109697,-0.107491405958,0.0537670538784,60.1337109697,-107.491405958,53.7670538784,-77.9586612675,77.9586612675,84.6530539007
604,0,0,negative,0.0601337109697,-0.107491405958,0.0537670538784,60.1337109697,-107.491405958,53.7670538784,-77.9586612675,77.9586612675,84.6530539007
604,1,0,negative,0.0599883966921,-0.107491405958,0.0541827613148,59.9883966921,-107.491405958,54.1827613148,-78.1039755451,78.1039755451,85.0687613371
605,0,0,negative,0.0594887853996,-0.107491405958,0.0553923764931,59.4887853996,-107.491405958,55.3923764931,-78.6035868376,78.6035868376,86.2783765154
605,1,0,negative,0.0599883966921,-0.107491405958,0.0541827613148,59.9883966921,-107.491405958,54.1827613148,-78.1039755451,78.1039755451,85.0687613371
606,0,0,negative,0.0633613199743,-0.107491405958,0.0550478887017,63.3613199743,-107.491405958,55.0478887017,-74.7310522629,74.7310522629,85.933888724
606,1,0,negative,0.0632190405928,-0.107491405958,0.0551658034582,63.2190405928,-107.491405958,55.1658034582,-74.8733316444,74.8733316444,86.0518034805
607,0,0,negative,0.0632190405928,-0.107491405958,0.0551658034582,63.2190405928,-107.491405958,55.1658034582,-74.8733316444,74.8733316444,86.0518034805
607,1,0,negative,0.0630718642567,-0.107491405958,0.0554045817888,63.0718642567,-107.491405958,55.4045817888,-75.0205079805,75.0205079805,86.2905818111
608,0,0,negative,0.0628170818845,-0.107491405958,0.0557196957413,62.8170818845,-107.491405958,55.7196957413,-75.2752903528,75.2752903528,86.6056957636
608,1,0,negative,0.0630718642567,-0.107491405958,0.0554045817888,63.0718642567,-107.491405958,55.4045817888,-75.0205079805,75.0205079805,86.2905818111
609,0,0,negative,0.062536742075,-0.107491405958,0.0561255722207,62.536742075,-107.491405958,56.1255722207,-75.5556301622,75.5556301622,87.011572243
609,1,0,negative,0.0628170818845,-0.107491405958,0.0557196957413,62.8170818845,-107.491405958,55.7196957413,-75.2752903528,75.2752903528,86.6056957636
610,0,0,negative,0.0624736751128,-0.107491405958,0.0562385811172,62.4736751128,-107.491405958,56.2385811172,-75.6186971244,75.6186971244,87.1245811395
610,1,0,negative,0.0624344735274,-0.107491405958,0.0563238306521,62.4344735274,-107.491405958,56.3238306521,-75.6578987098,75.6578987098,87.2098306744
611,0,0,negative,0.062536742075,-0.107491405958,0.0561255722207,62.536742075,-107.491405958,56.1255722207,-75.5556301622,75.5556301622,87.011572243
611,1,0,negative,0.0624736751128,-0.107491405958,0.0562385811172,62.4736751128,-107.491405958,56.2385811172,-75.6186971244,75.6186971244,87.1245811395
612,0,0,negative,0.0623321050829,-0.107491405958,0.0571290963122,62.3321050829,-107.491405958,57.1290963122,-75.7602671543,75.7602671543,88.0150963345
612,1,0,negative,0.0624344735274,-0.107491405958,0.0563238306521,62.4344735274,-107.491405958,56.3238306521,-75.6578987098,75.6578987098,87.2098306744
613,0,0,negative,0.0623321050829,-0.107491405958,0.0571290963122,62.3321050829,-107.491405958,57.1290963122,-75.7602671543,75.7602671543,88.0150963345
613,1,0,negative,0.0622495051191,-0.107491405958,0.057544855679,62.2495051191,-107.491405958,57.544855679,-75.8428671182,75.8428671182,88.4308557013
614,0,0,negative,0.0620408017364,-0.107491405958,0.0580673779524,62.0408017364,-107.491405958,58.0673779524,-76.0515705009,76.0515705009,88.9533779747
614,1,0,negative,0.0622495051191,-0.107491405958,0.057544855679,62.2495051191,-107.491405958,57.544855679,-75.8428671182,75.8428671182,88.4308557013
615,0,0,negative,0.0619789614167,-0.107491405958,0.0585680809253,61.9789614167,-107.491405958,58.5680809253,-76.1134108205,76.1134108205,89.4540809476
615,1,0,negative,0.0618231166708,-0.107491405958,0.0592165742927,61.8231166708,-107.491405958,59.2165742927,-76.2692555664,76.2692555664,90.102574315
616,0,0,negative,0.0619789614167,-0.107491405958,0.0585680809253,61.9789614167,-107.491405958,58.5680809253,-76.1134108205,76.1134108205,89.4540809476
616,1,0,negative,0.0620408017364,-0.107491405958,0.0580673779524,62.0408017364,-107.491405958,58.0673779524,-76.0515705009,76.0515705009,88.9533779747
617,0,0,negative,0.0614415142739,-0.107491405958,0.0600728721749,61.4415142739,-107.491405958,60.0728721749,-76.6508579634,76.6508579634,90.9588721972
617,1,0,negative,0.0618231166708,-0.107491405958,0.0592165742927,61.8231166708,-107.491405958,59.2165742927,-76.2692555664,76.2692555664,90.102574315
618,0,0,negative,0.0614415142739,-0.107491405958,0.0600728721749,61.4415142739,-107.491405958,60.0728721749,-76.6508579634,76.6508579634,90.9588721972
618,1,0,negative,0.0613287766751,-0.107491405958,0.0604385653148,61.3287766751,-107.491405958,60.4385653148,-76.7635955621,76.7635955621,91.3245653371
619,0,0,negative,0.0613287766751,-0.107491405958,0.0604385653148,61.3287766751,-107.491405958,60.4385653148,-76.7635955621,76.7635955621,91.3245653371
619,1,0,negative,0.0609145420688,-0.107491405958,0.0610179956071,60.9145420688,-107.491405958,61.0179956071,-77.1778301684,77.1778301684,91.9039956294
620,0,0,negative,0.0605096801194,-0.107491405958,0.0616294384999,60.5096801194,-107.491405958,61.6294384999,-77.5826921178,77.5826921178,92.5154385222
620,1,0,negative,0.0609145420688,-0.107491405958,0.0610179956071,60.9145420688,-107.491405958,61.0179956071,-77.1778301684,77.1778301684,91.9039956294
621,0,0,negative,0.0593217894843,-0.107491405958,0.0558113779368,59.3217894843,-107.491405958,55.8113779368,-78.7705827529,78.7705827529,86.6973779591
621,1,0,negative,0.0594887853996,-0.107491405958,0.0553923764931,59.4887853996,-107.491405958,55.3923764931,-78.6035868376,78.6035868376,86.2783765154
622,0,0,negative,0.0593217894843,-0.107491405958,0.0558113779368,59.3217894843,-107.491405958,55.8113779368,-78.7705827529,78.7705827529,86.6973779591
622,1,0,negative,0.0589007277663,-0.107491405958,0.0567534406071,58.9007277663,-107.491405958,56.7534406071,-79.1916444709,79.1916444709,87.6394406294
623,0,0,negative,0.0589007277663,-0.107491405958,0.0567534406071,58.9007277663,-107.491405958,56.7534406071,-79.1916444709,79.1916444709,87.6394406294
623,1,0,negative,0.0587936015317,-0.107491405958,0.0570618924475,58.7936015317,-107.491405958,57.0618924475,-79.2987707055,79.2987707055,87.9478924698
624,0,0,negative,0.0587205915699,-0.107491405958,0.0572191761567,58.7205915699,-107.491405958,57.2191761567,-79.3717806673,79.3717806673,88.105176179
624,1,0,negative,0.0587936015317,-0.107491405958,0.0570618924475,58.7936015317,-107.491405958,57.0618924475,-79.2987707055,79.2987707055,87.9478924698
625,0,0,negative,0.0585821271354,-0.107491405958,0.0575257323883,58.5821271354,-107.491405958,57.5257323883,-79.5102451018,79.5102451018,88.4117324106
625,1,0,negative,0.0581906213029,-0.107491405958,0.0583409653503,58.1906213029,-107.491405958,58.3409653503,-79.9017509343,79.9017509343,89.2269653726
626,0,0,negative,0.0585821271354,-0.107491405958,0.0575257323883,58.5821271354,-107.491405958,57.5257323883,-79.5102451018,79.5102451018,88.4117324106
626,1,0,negative,0.0587205915699,-0.107491405958,0.0572191761567,58.7205915699,-107.491405958,57.2191761567,-79.3717806673,79.3717806673,88.105176179
627,0,0,negative,0.057783813124,-0.107491405958,0.05938929294,57.783813124,-107.491405958,59.38929294,-80.3085591132,80.3085591132,90.2752929623
627,1,0,negative,0.0581906213029,-0.107491405958,0.0583409653503,58.1906213029,-107.491405958,58.3409653503,-79.9017509343,79.9017509343,89.2269653726
628,0,0,negative,0.057783813124,-0.107491405958,0.05938929294,57.783813124,-107.491405958,59.38929294,-80.3085591132,80.3085591132,90.2752929623
628,1,0,negative,0.0577554293724,-0.107491405958,0.0594564731627,57.7554293724,-107.491405958,59.4564731627,-80.3369428648,80.3369428648,90.342473185
629,0,0,negative,0.0605096801194,-0.107491405958,0.0616294384999,60.5096801194,-107.491405958,61.6294384999,-77.5826921178,77.5826921178,92.5154385222
629,1,0,negative,0.0602825515936,-0.107491405958,0.0619925327155,60.2825515936,-107.491405958,61.9925327155,-77.8098206436,77.8098206436,92.8785327377
630,0,0,negative,0.0602825515936,-0.107491405958,0.0619925327155,60.2825515936,-107.491405958,61.9925327155,-77.8098206436,77.8098206436,92.8785327377
630,1,0,negative,0.0602056778846,-0.107491405958,0.0621474440472,60.2056778846,-107.491405958,62.1474440472,-77.8866943526,77.8866943526,93.0334440695
631,0,0,negative,0.0596240513474,-0.107491405958,0.0633885473527,59.6240513474,-107.491405958,63.3885473527,-78.4683208898,78.4683208898,94.274547375
631,1,0,negative,0.0602056778846,-0.107491405958,0.0621474440472,60.2056778846,-107.491405958,62.1474440472,-77.8866943526,77.8866943526,93.0334440695
632,0,0,negative,0.0596240513474,-0.107491405958,0.0633885473527,59.6240513474,-107.491405958,63.3885473527,-78.4683208898,78.4683208898,94.274547375
632,1,0,negative,0.0596228793021,-0.107491405958,0.0633924839283,59.6228793021,-107.491405958,63.3924839283,-78.4694929351,78.4694929351,94.2784839506
633,0,0,negative,0.0596228793021,-0.107491405958,0.0633924839283,59.6228793021,-107.491405958,63.3924839283,-78.4694929351,78.4694929351,94.2784839506
633,1,0,negative,0.0596191511066,-0.107491405958,0.0634018937597,59.6191511066,-107.491405958,63.4018937597,-78.4732211306,78.4732211306,94.287893782
634,0,0,negative,0.0596191511066,-0.107491405958,0.0634018937597,59.6191511066,-107.491405958,63.4018937597,-78.4732211306,78.4732211306,94.287893782
634,1,0,negative,0.0596089854798,-0.107491405958,0.0634160774866,59.6089854798,-107.491405958,63.4160774866,-78.4833867574,78.4833867574,94.3020775089
635,0,0,negative,0.0590376219499,-0.107491405958,0.064383165473,59.0376219499,-107.491405958,64.383165473,-79.0547502873,79.0547502873,95.2691654953
635,1,0,negative,0.0596089854798,-0.107491405958,0.0634160774866,59.6089854798,-107.491405958,63.4160774866,-78.4833867574,78.4833867574,94.3020775089
636,0,0,negative,0.0577554293724,-0.107491405958,0.0594564731627,57.7554293724,-107.491405958,59.4564731627,-80.3369428648,80.3369428648,90.342473185
636,1,0,negative,0.0577257821318,-0.107491405958,0.0595161696185,57.7257821318,-107.491405958,59.5161696185,-80.3665901054,80.3665901054,90.4021696408
637,0,0,negative,0.0571008865928,-0.107491405958,0.0606591688643,57.1008865928,-107.491405958,60.6591688643,-80.9914856444,80.9914856444,91.5451688866
637,1,0,negative,0.0577257821318,-0.107491405958,0.0595161696185,57.7257821318,-107.491405958,59.5161696185,-80.3665901054,80.3665901054,90.4021696408
638,0,0,negative,0.0571008865928,-0.107491405958,0.0606591688643,57.1008865928,-107.491405958,60.6591688643,-80.9914856444,80.9914856444,91.5451688866
638,1,0,negative,0.0570982911857,-0.107491405958,0.0606650319495,57.0982911857,-107.491405958,60.6650319495,-80.9940810515,80.9940810515,91.5510319718
639,0,0,negative,0.0570982911857,-0.107491405958,0.0606650319495,57.0982911857,-107.491405958,60.6650319495,-80.9940810515,80.9940810515,91.5510319718
639,1,0,negative,0.0570963888457,-0.107491405958,0.0606681700927,57.0963888457,-107.491405958,60.6681700927,-80.9959833916,80.9959833916,91.554170115
640,0,0,negative,0.0570963888457,-0.107491405958,0.0606681700927,57.0963888457,-107.491405958,60.6681700927,-80.9959833916,80.9959833916,91.554170115
640,1,0,negative,0.0570855742288,-0.107491405958,0.060689437249,57.0855742288,-107.491405958,60.689437249,-81.0067980084,81.0067980084,91.5754372712
641,0,0,negative,0.0564925982675,-0.107491405958,0.0619407484635,56.4925982675,-107.491405958,61.9407484635,-81.5997739697,81.5997739697,92.8267484857
641,1,0,negative,0.0570855742288,-0.107491405958,0.060689437249,57.0855742288,-107.491405958,60.689437249,-81.0067980084,81.0067980084,91.5754372712
642,0,0,negative,0.0564925982675,-0.107491405958,0.0619407484635,56.4925982675,-107.491405958,61.9407484635,-81.5997739697,81.5997739697,92.8267484857
642,1,0,negative,0.0561949483548,-0.107491405958,0.0624677502348,56.1949483548,-107.491405958,62.4677502348,-81.8974238824,81.8974238824,93.3537502571
643,0,0,negative,0.0557879462292,-0.107491405958,0.0631746155517,55.7879462292,-107.491405958,63.1746155517,-82.304426008,82.304426008,94.060615574
643,1,0,negative,0.0561949483548,-0.107491405958,0.0624677502348,56.1949483548,-107.491405958,62.4677502348,-81.8974238824,81.8974238824,93.3537502571
644,0,0,negative,0.0554763722219,-0.107491405958,0.0637608030251,55.4763722219,-107.491405958,63.7608030251,-82.6160000153,82.6160000153,94.6468030474
644,1,0,negative,0.0557879462292,-0.107491405958,0.0631746155517,55.7879462292,-107.491405958,63.1746155517,-82.304426008,82.304426008,94.060615574
645,0,0,negative,0.045935634572,-0.107491405958,0.104776923961,45.935634572,-107.491405958,104.776923961,-92.1567376652,92.1567376652,135.662923983
645,1,0,negative,0.0457902216918,-0.107491405958,0.105357172068,45.7902216918,-107.491405958,105.357172068,-92.3021505454,92.3021505454,136.243172091
646,0,0,negative,0.045935634572,-0.107491405958,0.104776923961,45.935634572,-107.491405958,104.776923961,-92.1567376652,92.1567376652,135.662923983
646,1,0,negative,0.0461685002186,-0.107491405958,0.103599426774,46.1685002186,-107.491405958,103.599426774,-91.9238720186,91.9238720186,134.485426796
647,0,0,negative,0.0457474558411,-0.107491405958,0.105563814967,45.7474558411,-107.491405958,105.563814967,-92.3449163961,92.3449163961,136.449814989
647,1,0,negative,0.0457902216918,-0.107491405958,0.105357172068,45.7902216918,-107.491405958,105.357172068,-92.3021505454,92.3021505454,136.243172091
648,0,0,negative,0.0457474558411,-0.107491405958,0.105563814967,45.7474558411,-107.491405958,105.563814967,-92.3449163961,92.3449163961,136.449814989
648,1,0,negative,0.0456252295526,-0.107491405958,0.106260978005,45.6252295526,-107.491405958,106.260978005,-92.4671426846,92.4671426846,137.146978027
649,0,0,negative,0.0456252295526,-0.107491405958,0.106260978005,45.6252295526,-107.491405958,106.260978005,-92.4671426846,92.4671426846,137.146978027
649,1,0,negative,0.0454953810708,-0.107491405958,0.106671065541,45.4953810708,-107.491405958,106.671065541,-92.5969911664,92.5969911664,137.557065564
650,0,0,negative,0.0454098947863,-0.107491405958,0.106966440444,45.4098947863,-107.491405958,106.966440444,-92.6824774509,92.6824774509,137.852440467
650,1,0,negative,0.0454953810708,-0.107491405958,0.106671065541,45.4953810708,-107.491405958,106.671065541,-92.5969911664,92.5969911664,137.557065564
651,0,0,negative,0.0453883380037,-0.107491405958,0.107158776295,45.3883380037,-107.491405958,107.158776295,-92.7040342335,92.7040342335,138.044776317
651,1,0,negative,0.0454098947863,-0.107491405958,0.106966440444,45.4098947863,-107.491405958,106.966440444,-92.6824774509,92.6824774509,137.852440467
652,0,0,negative,0.0452585457445,-0.107491405958,0.107951351643,45.2585457445,-107.491405958,107.951351643,-92.8338264927,92.8338264927,138.837351666
652,1,0,negative,0.0453883380037,-0.107491405958,0.107158776295,45.3883380037,-107.491405958,107.158776295,-92.7040342335,92.7040342335,138.044776317
653,0,0,negative,0.0450863326825,-0.107491405958,0.109627634855,45.0863326825,-107.491405958,109.627634855,-93.0060395547,93.0060395547,140.513634878
653,1,0,negative,0.0451660133804,-0.107491405958,0.108651827998,45.1660133804,-107.491405958,108.651827998,-92.9263588568,92.9263588568,139.537828021
654,0,0,negative,0.0450863326825,-0.107491405958,0.109627634855,45.0863326825,-107.491405958,109.627634855,-93.0060395547,93.0060395547,140.513634878
654,1,0,negative,0.0450587130785,-0.107491405958,0.109781100956,45.0587130785,-107.491405958,109.781100956,-93.0336591587,93.0336591587,140.667100978
655,0,0,negative,0.0450701087542,-0.107491405958,0.109598281479,45.0701087542,-107.491405958,109.598281479,-93.022263483,93.022263483,140.484281502
655,1,0,negative,0.0450587130785,-0.107491405958,0.109781100956,45.0587130785,-107.491405958,109.781100956,-93.0336591587,93.0336591587,140.667100978
656,0,0,negative,0.0449817279047,-0.107491405958,0.11025678571,44.9817279047,-107.491405958,110.25678571,-93.1106443325,93.1106443325,141.142785732
656,1,0,negative,0.0450701087542,-0.107491405958,0.109598281479,45.0701087542,-107.491405958,109.598281479,-93.022263483,93.022263483,140.484281502
657,0,0,negative,0.0448382713357,-0.107491405958,0.111096998687,44.8382713357,-107.491405958,111.096998687,-93.2541009015,93.2541009015,141.98299871
657,1,0,negative,0.0448694786242,-0.107491405958,0.110916627468,44.8694786242,-107.491405958,110.916627468,-93.222893613,93.222893613,141.80262749
658,0,0,negative,0.0448322832183,-0.107491405958,0.111192213034,44.8322832183,-107.491405958,111.192213034,-93.2600890189,93.2600890189,142.078213057
658,1,0,negative,0.0448382713357,-0.107491405958,0.111096998687,44.8382713357,-107.491405958,111.096998687,-93.2541009015,93.2541009015,141.98299871
659,0,0,negative,0.0447372044475,-0.107491405958,0.112325339907,44.7372044475,-107.491405958,112.325339907,-93.3551677897,93.3551677897,143.211339929
659,1,0,negative,0.0448322832183,-0.107491405958,0.111192213034,44.8322832183,-107.491405958,111.192213034,-93.2600890189,93.2600890189,142.078213057
660,0,0,negative,0.0452585457445,-0.107491405958,0.107951351643,45.2585457445,-107.491405958,107.951351643,-92.8338264927,92.8338264927,138.837351666
660,1,0,negative,0.0451839226026,-0.107491405958,0.108450208256,45.1839226026,-107.491405958,108.450208256,-92.9084496346,92.9084496346,139.336208278
661,0,0,negative,0.0411306243894,-0.107491405958,0.103765312234,41.1306243894,-107.491405958,103.765312234,-96.9617478479,96.9617478479,134.651312256
661,1,0,negative,0.0412490224327,-0.107491405958,0.103314392131,41.2490224327,-107.491405958,103.314392131,-96.8433498045,96.8433498045,134.200392153
662,0,0,negative,0.0408569358842,-0.107491405958,0.105394256695,40.8569358842,-107.491405958,105.394256695,-97.235436353,97.235436353,136.280256718
662,1,0,negative,0.0411306243894,-0.107491405958,0.103765312234,41.1306243894,-107.491405958,103.765312234,-96.9617478479,96.9617478479,134.651312256
663,0,0,negative,0.0408569358842,-0.107491405958,0.105394256695,40.8569358842,-107.491405958,105.394256695,-97.235436353,97.235436353,136.280256718
663,1,0,negative,0.040823417042,-0.107491405958,0.105586393033,40.823417042,-107.491405958,105.586393033,-97.2689551952,97.2689551952,136.472393056
664,0,0,negative,0.0406277251347,-0.107491405958,0.106406861096,40.6277251347,-107.491405958,106.406861096,-97.4646471025,97.4646471025,137.292861118
664,1,0,negative,0.040823417042,-0.107491405958,0.105586393033,40.823417042,-107.491405958,105.586393033,-97.2689551952,97.2689551952,136.472393056
665,0,0,negative,0.0406277251347,-0.107491405958,0.106406861096,40.6277251347,-107.491405958,106.406861096,-97.4646471025,97.4646471025,137.292861118
665,1,0,negative,0.0405661082365,-0.107491405958,0.106670177936,40.5661082365,-107.491405958,106.670177936,-97.5262640007,97.5262640007,137.556177958
666,0,0,negative,0.0403018402044,-0.107491405958,0.108263803377,40.3018402044,-107.491405958,108.263803377,-97.7905320329,97.7905320329,139.149803399
666,1,0,negative,0.0403254804762,-0.107491405958,0.108131032901,40.3254804762,-107.491405958,108.131032901,-97.766891761,97.766891761,139.017032924
667,0,0,negative,0.0402915964713,-0.107491405958,0.108322559902,40.2915964713,-107.491405958,108.322559902,-97.8007757659,97.8007757659,139.208559924
667,1,0,negative,0.0403018402044,-0.107491405958,0.108263803377,40.3018402044,-107.491405958,108.263803377,-97.7905320329,97.7905320329,139.149803399
668,0,0,negative,0.0451839226026,-0.107491405958,0.108450208256,45.1839226026,-107.491405958,108.450208256,-92.9084496346,92.9084496346,139.336208278
668,1,0,negative,0.0451660133804,-0.107491405958,0.108651827998,45.1660133804,-107.491405958,108.651827998,-92.9263588568,92.9263588568,139.537828021
669,0,0,negative,0.0449614589463,-0.107491405958,0.110458702523,44.9614589463,-107.491405958,110.458702523,-93.1309132909,93.1309132909,141.344702545
669,1,0,negative,0.0448694786242,-0.107491405958,0.110916627468,44.8694786242,-107.491405958,110.916627468,-93.222893613,93.222893613,141.80262749
670,0,0,negative,0.0449817279047,-0.107491405958,0.11025678571,44.9817279047,-107.491405958,110.25678571,-93.1106443325,93.1106443325,141.142785732
670,1,0,negative,0.0449614589463,-0.107491405958,0.110458702523,44.9614589463,-107.491405958,110.458702523,-93.1309132909,93.1309132909,141.344702545
671,0,0,negative,0.0447372044475,-0.107491405958,0.112325339907,44.7372044475,-107.491405958,112.325339907,-93.3551677897,93.3551677897,143.211339929
671,1,0,negative,0.0447099068135,-0.107491405958,0.112616831557,44.7099068135,-107.491405958,112.616831557,-93.3824654237,93.3824654237,143.502831579
672,0,0,negative,0.0447099068135,-0.107491405958,0.112616831557,44.7099068135,-107.491405958,112.616831557,-93.3824654237,93.3824654237,143.502831579
672,1,0,negative,0.0447074882801,-0.107491405958,0.112656199885,44.7074882801,-107.491405958,112.656199885,-93.3848839571,93.3848839571,143.542199907
673,0,0,negative,0.0447074882801,-0.107491405958,0.112656199885,44.7074882801,-107.491405958,112.656199885,-93.3848839571,93.3848839571,143.542199907
673,1,0,negative,0.0447070877701,-0.107491405958,0.112673569796,44.7070877701,-107.491405958,112.673569796,-93.3852844671,93.3852844671,143.559569819
674,0,0,negative,0.0402833738687,-0.107491405958,0.108362458351,40.2833738687,-107.491405958,108.362458351,-97.8089983685,97.8089983685,139.248458374
674,1,0,negative,0.0402915964713,-0.107491405958,0.108322559902,40.2915964713,-107.491405958,108.322559902,-97.8007757659,97.8007757659,139.208559924
675,0,0,negative,0.0405661082365,-0.107491405958,0.106670177936,40.5661082365,-107.491405958,106.670177936,-97.5262640007,97.5262640007,137.556177958
675,1,0,negative,0.040482738961,-0.107491405958,0.107124684132,40.482738961,-107.491405958,107.124684132,-97.6096332762,97.6096332762,138.010684154
676,0,0,negative,0.040482738961,-0.107491405958,0.107124684132,40.482738961,-107.491405958,107.124684132,-97.6096332762,97.6096332762,138.010684154
676,1,0,negative,0.0403254804762,-0.107491405958,0.108131032901,40.3254804762,-107.491405958,108.131032901,-97.766891761,97.766891761,139.017032924
677,0,0,negative,0.0402307366496,-0.107491405958,0.108605602571,40.2307366496,-107.491405958,108.605602571,-97.8616355876,97.8616355876,139.491602593
677,1,0,negative,0.0398905587424,-0.107491405958,0.11010193901,39.8905587424,-107.491405958,110.10193901,-98.2018134949,98.2018134949,140.987939033
678,0,0,negative,0.0398905587424,-0.107491405958,0.11010193901,39.8905587424,-107.491405958,110.10193901,-98.2018134949,98.2018134949,140.987939033
678,1,0,negative,0.0397706303898,-0.107491405958,0.110618117861,39.7706303898,-107.491405958,110.618117861,-98.3217418474,98.3217418474,141.504117883
679,0,0,negative,0.0402307366496,-0.107491405958,0.108605602571,40.2307366496,-107.491405958,108.605602571,-97.8616355876,97.8616355876,139.491602593
679,1,0,negative,0.0402833738687,-0.107491405958,0.108362458351,40.2833738687,-107.491405958,108.362458351,-97.8089983685,97.8089983685,139.248458374
680,0,0,negative,0.0396455403642,-0.107491405958,0.111216010792,39.6455403642,-107.491405958,111.216010792,-98.4468318731,98.4468318731,142.102010814
680,1,0,negative,0.0397706303898,-0.107491405958,0.110618117861,39.7706303898,-107.491405958,110.618117861,-98.3217418474,98.3217418474,141.504117883
681,0,0,negative,0.0396455403642,-0.107491405958,0.111216010792,39.6455403642,-107.491405958,111.216010792,-98.4468318731,98.4468318731,142.102010814
681,1,0,negative,0.0395191968358,-0.107491405958,0.111741451054,39.5191968358,-107.491405958,111.741451054,-98.5731754014,98.5731754014,142.627451076
682,0,0,negative,0.0445686608347,-0.107491405958,0.113302025497,44.5686608347,-107.491405958,113.302025497,-93.5237114026,93.5237114026,144.188025519
682,1,0,negative,0.0447070877701,-0.107491405958,0.112673569796,44.7070877701,-107.491405958,112.673569796,-93.3852844671,93.3852844671,143.559569819
683,0,0,negative,0.0445686608347,-0.107491405958,0.113302025497,44.5686608347,-107.491405958,113.302025497,-93.5237114026,93.5237114026,144.188025519
683,1,0,negative,0.0445503266255,-0.107491405958,0.113539684863,44.5503266255,-107.491405958,113.539684863,-93.5420456117,93.5420456117,144.425684885
684,0,0,negative,0.0445503266255,-0.107491405958,0.113539684863,44.5503266255,-107.491405958,113.539684863,-93.5420456117,93.5420456117,144.425684885
684,1,0,negative,0.0444348487818,-0.107491405958,0.114102895803,44.4348487818,-107.491405958,114.102895803,-93.6575234554,93.6575234554,144.988895826
685,0,0,negative,0.0443124370039,-0.107491405958,0.114540266949,44.3124370039,-107.491405958,114.540266949,-93.7799352333,93.7799352333,145.426266971
685,1,0,negative,0.0444348487818,-0.107491405958,0.114102895803,44.4348487818,-107.491405958,114.102895803,-93.6575234554,93.6575234554,144.988895826
686,0,0,negative,0.044241844114,-0.107491405958,0.11475543715,44.241844114,-107.491405958,114.75543715,-93.8505281232,93.8505281232,145.641437172
686,1,0,negative,0.0443124370039,-0.107491405958,0.114540266949,44.3124370039,-107.491405958,114.540266949,-93.7799352333,93.7799352333,145.426266971
687,0,0,negative,0.044241844114,-0.107491405958,0.11475543715,44.241844114,-107.491405958,114.75543715,-93.8505281232,93.8505281232,145.641437172
687,1,0,negative,0.0440713864866,-0.107491405958,0.115359292807,44.0713864866,-107.491405958,115.359292807,-94.0209857506,94.0209857506,146.245292829
688,0,0,negative,0.0440713864866,-0.107491405958,0.115359292807,44.0713864866,-107.491405958,115.359292807,-94.0209857506,94.0209857506,146.245292829
688,1,0,negative,0.0439598330661,-0.107491405958,0.116168276438,43.9598330661,-107.491405958,116.168276438,-94.1325391711,94.1325391711,147.05427646
689,0,0,negative,0.0439399001602,-0.107491405958,0.116297724957,43.9399001602,-107.491405958,116.297724957,-94.1524720771,94.1524720771,147.183724979
689,1,0,negative,0.0439598330661,-0.107491405958,0.116168276438,43.9598330661,-107.491405958,116.168276438,-94.1325391711,94.1325391711,147.05427646
690,0,0,negative,0.0439056491463,-0.107491405958,0.116445187885,43.9056491463,-107.491405958,116.445187885,-94.1867230909,94.1867230909,147.331187907
690,1,0,negative,0.0439399001602,-0.107491405958,0.116297724957,43.9399001602,-107.491405958,116.297724957,-94.1524720771,94.1524720771,147.183724979
691,0,0,negative,0.0439056491463,-0.107491405958,0.116445187885,43.9056491463,-107.491405958,116.445187885,-94.1867230909,94.1867230909,147.331187907
691,1,0,negative,0.0437314290816,-0.107491405958,0.116908265976,43.7314290816,-107.491405958,116.908265976,-94.3609431556,94.3609431556,147.794265998
692,0,0,negative,0.0436419969223,-0.107491405958,0.117294120228,43.6419969223,-107.491405958,117.294120228,-94.4503753149,94.4503753149,148.18012025
692,1,0,negative,0.0437314290816,-0.107491405958,0.116908265976,43.7314290816,-107.491405958,116.908265976,-94.3609431556,94.3609431556,147.794265998
693,0,0,negative,0.0435457240375,-0.107491405958,0.117875081243,43.5457240375,-107.491405958,117.875081243,-94.5466481998,94.5466481998,148.761081266
693,1,0,negative,0.0436419969223,-0.107491405958,0.117294120228,43.6419969223,-107.491405958,117.294120228,-94.4503753149,94.4503753149,148.18012025
694,0,0,negative,0.0435457240375,-0.107491405958,0.117875081243,43.5457240375,-107.491405958,117.875081243,-94.5466481998,94.5466481998,148.761081266
694,1,0,negative,0.0434980810464,-0.107491405958,0.118145643462,43.4980810464,-107.491405958,118.145643462,-94.5942911908,94.5942911908,149.031643484
695,0,0,negative,0.0434980810464,-0.107491405958,0.118145643462,43.4980810464,-107.491405958,118.145643462,-94.5942911908,94.5942911908,149.031643484
695,1,0,negative,0.043492832473,-0.107491405958,0.118315094907,43.492832473,-107.491405958,118.315094907,-94.5995397642,94.5995397642,149.201094929
696,0,0,negative,0.0433620269797,-0.107491405958,0.118800254749,43.3620269797,-107.491405958,118.800254749,-94.7303452575,94.7303452575,149.686254771
696,1,0,negative,0.043492832473,-0.107491405958,0.118315094907,43.492832473,-107.491405958,118.315094907,-94.5995397642,94.5995397642,149.201094929
697,0,0,negative,0.0433620269797,-0.107491405958,0.118800254749,43.3620269797,-107.491405958,118.800254749,-94.7303452575,94.7303452575,149.686254771
697,1,0,negative,0.0431036850922,-0.107491405958,0.119521950095,43.1036850922,-107.491405958,119.521950095,-94.988687145,94.988687145,150.407950118
698,0,0,negative,0.0430434209553,-0.107491405958,0.119705541637,43.0434209553,-107.491405958,119.705541637,-95.0489512819,95.0489512819,150.591541659
698,1,0,negative,0.0431036850922,-0.107491405958,0.119521950095,43.1036850922,-107.491405958,119.521950095,-94.988687145,94.988687145,150.407950118
699,0,0,negative,0.0430434209553,-0.107491405958,0.119705541637,43.0434209553,-107.491405958,119.705541637,-95.0489512819,95.0489512819,150.591541659
699,1,0,negative,0.0429280418221,-0.107491405958,0.12013708072,42.9280418221,-107.491405958,120.13708072,-95.1643304151,95.1643304151,151.023080742
700,0,0,negative,0.0427096139704,-0.107491405958,0.120800533859,42.7096139704,-107.491405958,120.800533859,-95.3827582668,95.3827582668,151.686533882
700,1,0,negative,0.0429280418221,-0.107491405958,0.12013708072,42.9280418221,-107.491405958,120.13708072,-95.1643304151,95.1643304151,151.023080742
701,0,0,negative,0.0427096139704,-0.107491405958,0.120800533859,42.7096139704,-107.491405958,120.800533859,-95.3827582668,95.3827582668,151.686533882
701,1,0,negative,0.0426764794377,-0.107491405958,0.120990359484,42.6764794377,-107.491405958,120.990359484,-95.4158927995,95.4158927995,151.876359507
702,0,0,negative,0.0426764794377,-0.107491405958,0.120990359484,42.6764794377,-107.491405958,120.990359484,-95.4158927995,95.4158927995,151.876359507
702,1,0,negative,0.0426473624014,-0.107491405958,0.121258397592,42.6473624014,-107.491405958,121.258397592,-95.4450098358,95.4450098358,152.144397614
703,0,0,negative,0.0425709717189,-0.107491405958,0.121650690499,42.5709717189,-107.491405958,121.650690499,-95.5214005183,95.5214005183,152.536690521
703,1,0,negative,0.0426473624014,-0.107491405958,0.121258397592,42.6473624014,-107.491405958,121.258397592,-95.4450098358,95.4450098358,152.144397614
704,0,0,negative,0.0425709717189,-0.107491405958,0.121650690499,42.5709717189,-107.491405958,121.650690499,-95.5214005183,95.5214005183,152.536690521
704,1,0,negative,0.0423305718482,-0.107491405958,0.122057907436,42.3305718482,-107.491405958,122.057907436,-95.761800389,95.761800389,152.943907459
705,0,0,negative,0.0422195740417,-0.107491405958,0.122286294099,42.2195740417,-107.491405958,122.286294099,-95.8727981955,95.8727981955,153.172294122
705,1,0,negative,0.0423305718482,-0.107491405958,0.122057907436,42.3305718482,-107.491405958,122.057907436,-95.761800389,95.761800389,152.943907459
706,0,0,negative,0.0388000293917,-0.107491405958,0.114665000584,38.8000293917,-107.491405958,114.665000584,-99.2923428455,99.2923428455,145.551000606
706,1,0,negative,0.0395191968358,-0.107491405958,0.111741451054,39.5191968358,-107.491405958,111.741451054,-98.5731754014,98.5731754014,142.627451076
707,0,0,negative,0.0388000293917,-0.107491405958,0.114665000584,38.8000293917,-107.491405958,114.665000584,-99.2923428455,99.2923428455,145.551000606
707,1,0,negative,0.0387622378666,-0.107491405958,0.114800460245,38.7622378666,-107.491405958,114.800460245,-99.3301343706,99.3301343706,145.686460267
708,0,0,negative,0.0387622378666,-0.107491405958,0.114800460245,38.7622378666,-107.491405958,114.800460245,-99.3301343706,99.3301343706,145.686460267
708,1,0,negative,0.0386155944059,-0.107491405958,0.11531329144,38.6155944059,-107.491405958,115.31329144,-99.4767778313,99.4767778313,146.199291462
709,0,0,negative,0.0382096048769,-0.107491405958,0.116704455221,38.2096048769,-107.491405958,116.704455221,-99.8827673603,99.8827673603,147.590455243
709,1,0,negative,0.0386155944059,-0.107491405958,0.11531329144,38.6155944059,-107.491405958,115.31329144,-99.4767778313,99.4767778313,146.199291462
710,0,0,negative,0.0378373107318,-0.107491405958,0.118063709656,37.8373107318,-107.491405958,118.063709656,-100.255061505,100.255061505,148.949709678
710,1,0,negative,0.0382096048769,-0.107491405958,0.116704455221,38.2096048769,-107.491405958,116.704455221,-99.8827673603,99.8827673603,147.590455243
711,0,0,negative,0.0378373107318,-0.107491405958,0.118063709656,37.8373107318,-107.491405958,118.063709656,-100.255061505,100.255061505,148.949709678
711,1,0,negative,0.0375273443544,-0.107491405958,0.119141679648,37.5273443544,-107.491405958,119.141679648,-100.565027883,100.565027883,150.02767967
712,0,0,negative,0.0372481331446,-0.107491405958,0.12012701592,37.2481331446,-107.491405958,120.12701592,-100.844239093,100.844239093,151.013015942
712,1,0,negative,0.0375273443544,-0.107491405958,0.119141679648,37.5273443544,-107.491405958,119.141679648,-100.565027883,100.565027883,150.02767967
713,0,0,negative,0.0372481331446,-0.107491405958,0.12012701592,37.2481331446,-107.491405958,120.12701592,-100.844239093,100.844239093,151.013015942
713,1,0,negative,0.0368487969985,-0.107491405958,0.12183889903,36.8487969985,-107.491405958,121.83889903,-101.243575239,101.243575239,152.724899052
714,0,0,negative,0.0421233238356,-0.107491405958,0.122616126904,42.1233238356,-107.491405958,122.616126904,-95.9690484016,95.9690484016,153.502126926
714,1,0,negative,0.0420025462886,-0.107491405958,0.123008636734,42.0025462886,-107.491405958,123.008636734,-96.0898259486,96.0898259486,153.894636757
715,0,0,negative,0.0420025462886,-0.107491405958,0.123008636734,42.0025462886,-107.491405958,123.008636734,-96.0898259486,96.0898259486,153.894636757
715,1,0,negative,0.0418894244228,-0.107491405958,0.123354697751,41.8894244228,-107.491405958,123.354697751,-96.2029478144,96.2029478144,154.240697773
716,0,0,negative,0.0421233238356,-0.107491405958,0.122616126904,42.1233238356,-107.491405958,122.616126904,-95.9690484016,95.9690484016,153.502126926
716,1,0,negative,0.0422195740417,-0.107491405958,0.122286294099,42.2195740417,-107.491405958,122.286294099,-95.8727981955,95.8727981955,153.172294122
717,0,0,negative,0.0417415119033,-0.107491405958,0.12377792438,41.7415119033,-107.491405958,123.77792438,-96.3508603339,96.3508603339,154.663924403
717,1,0,negative,0.0418894244228,-0.107491405958,0.123354697751,41.8894244228,-107.491405958,123.354697751,-96.2029478144,96.2029478144,154.240697773
718,0,0,negative,0.0414619253818,-0.107491405958,0.124418916783,41.4619253818,-107.491405958,124.418916783,-96.6304468554,96.6304468554,155.304916805
718,1,0,negative,0.0413514274117,-0.107491405958,0.124678825798,41.3514274117,-107.491405958,124.678825798,-96.7409448255,96.7409448255,155.564825821
719,0,0,negative,0.0414619253818,-0.107491405958,0.124418916783,41.4619253818,-107.491405958,124.418916783,-96.6304468554,96.6304468554,155.304916805
719,1,0,negative,0.0417415119033,-0.107491405958,0.12377792438,41.7415119033,-107.491405958,123.77792438,-96.3508603339,96.3508603339,154.663924403
720,0,0,negative,0.0410923861662,-0.107491405958,0.125249640636,41.0923861662,-107.491405958,125.249640636,-96.999986071,96.999986071,156.135640658
720,1,0,negative,0.0413514274117,-0.107491405958,0.124678825798,41.3514274117,-107.491405958,124.678825798,-96.7409448255,96.7409448255,155.564825821
721,0,0,negative,0.0363759834875,-0.107491405958,0.123833265824,36.3759834875,-107.491405958,123.833265824,-101.71638875,101.71638875,154.719265847
721,1,0,negative,0.0363323116268,-0.107491405958,0.123999130658,36.3323116268,-107.491405958,123.999130658,-101.76006061,101.76006061,154.88513068
722,0,0,negative,0.0363323116268,-0.107491405958,0.123999130658,36.3323116268,-107.491405958,123.999130658,-101.76006061,101.76006061,154.88513068
722,1,0,negative,0.0363307184824,-0.107491405958,0.124007822919,36.3307184824,-107.491405958,124.007822919,-101.761653755,101.761653755,154.893822941
723,0,0,negative,0.0363307184824,-0.107491405958,0.124007822919,36.3307184824,-107.491405958,124.007822919,-101.761653755,101.761653755,154.893822941
723,1,0,negative,0.0363268117713,-0.107491405958,0.124019809048,36.3268117713,-107.491405958,124.019809048,-101.765560466,101.765560466,154.90580907
724,0,0,negative,0.0368391815553,-0.107491405958,0.121886718685,36.8391815553,-107.491405958,121.886718685,-101.253190682,101.253190682,152.772718707
724,1,0,negative,0.0368487969985,-0.107491405958,0.12183889903,36.8487969985,-107.491405958,121.83889903,-101.243575239,101.243575239,152.724899052
725,0,0,negative,0.0368165450561,-0.107491405958,0.121982401828,36.8165450561,-107.491405958,121.982401828,-101.275827181,101.275827181,152.868401851
725,1,0,negative,0.0368391815553,-0.107491405958,0.121886718685,36.8391815553,-107.491405958,121.886718685,-101.253190682,101.253190682,152.772718707
726,0,0,negative,0.0368165450561,-0.107491405958,0.121982401828,36.8165450561,-107.491405958,121.982401828,-101.275827181,101.275827181,152.868401851
726,1,0,negative,0.0366479869654,-0.107491405958,0.122643996295,36.6479869654,-107.491405958,122.643996295,-101.444385272,101.444385272,153.529996317
727,0,0,negative,0.0366479869654,-0.107491405958,0.122643996295,36.6479869654,-107.491405958,122.643996295,-101.444385272,101.444385272,153.529996317
727,1,0,negative,0.0365855838342,-0.107491405958,0.123086168598,36.5855838342,-107.491405958,123.086168598,-101.506788403,101.506788403,153.97216862
728,0,0,negative,0.0363759834875,-0.107491405958,0.123833265824,36.3759834875,-107.491405958,123.833265824,-101.71638875,101.71638875,154.719265847
728,1,0,negative,0.0365855838342,-0.107491405958,0.123086168598,36.5855838342,-107.491405958,123.086168598,-101.506788403,101.506788403,153.97216862
729,0,0,negative,0.058515712492,-0.107491405958,0.0649942698253,58.515712492,-107.491405958,64.9942698253,-79.5766597452,79.5766597452,95.8802698476
729,1,0,negative,0.0590376219499,-0.107491405958,0.064383165473,59.0376219499,-107.491405958,64.383165473,-79.0547502873,79.0547502873,95.2691654953
730,0,0,negative,0.058515712492,-0.107491405958,0.0649942698253,58.515712492,-107.491405958,64.9942698253,-79.5766597452,79.5766597452,95.8802698476
730,1,0,negative,0.0584059035252,-0.107491405958,0.0650896184757,58.4059035252,-107.491405958,65.0896184757,-79.686468712,79.686468712,95.975618498
731,0,0,negative,0.0584059035252,-0.107491405958,0.0650896184757,58.4059035252,-107.491405958,65.0896184757,-79.686468712,79.686468712,95.975618498
731,1,0,negative,0.0583084032455,-0.107491405958,0.0651558034671,58.3084032455,-107.491405958,65.1558034671,-79.7839689917,79.7839689917,96.0418034894
732,0,0,negative,0.0580744868049,-0.107491405958,0.0654561923733,58.0744868049,-107.491405958,65.4561923733,-80.0178854324,80.0178854324,96.3421923955
732,1,0,negative,0.0583084032455,-0.107491405958,0.0651558034671,58.3084032455,-107.491405958,65.1558034671,-79.7839689917,79.7839689917,96.0418034894
733,0,0,negative,0.0580744868049,-0.107491405958,0.0654561923733,58.0744868049,-107.491405958,65.4561923733,-80.0178854324,80.0178854324,96.3421923955
733,1,0,negative,0.0580517830689,-0.107491405958,0.0654858750029,58.0517830689,-107.491405958,65.4858750029,-80.0405891684,80.0405891684,96.3718750251
734,0,0,negative,0.0580517830689,-0.107491405958,0.0654858750029,58.0517830689,-107.491405958,65.4858750029,-80.0405891684,80.0405891684,96.3718750251
734,1,0,negative,0.058034799284,-0.107491405958,0.0655730328019,58.034799284,-107.491405958,65.5730328019,-80.0575729532,80.0575729532,96.4590328242
735,0,0,negative,0.0578246342446,-0.107491405958,0.0662442435135,57.8246342446,-107.491405958,66.2442435135,-80.2677379926,80.2677379926,97.1302435358
735,1,0,negative,0.058034799284,-0.107491405958,0.0655730328019,58.034799284,-107.491405958,65.5730328019,-80.0575729532,80.0575729532,96.4590328242
736,0,0,negative,0.0578246342446,-0.107491405958,0.0662442435135,57.8246342446,-107.491405958,66.2442435135,-80.2677379926,80.2677379926,97.1302435358
736,1,0,negative,0.0577785241095,-0.107491405958,0.0663719217161,57.7785241095,-107.491405958,66.3719217161,-80.3138481277,80.3138481277,97.2579217384
737,0,0,negative,0.0577785241095,-0.107491405958,0.0663719217161,57.7785241095,-107.491405958,66.3719217161,-80.3138481277,80.3138481277,97.2579217384
737,1,0,negative,0.0577462260828,-0.107491405958,0.0665231161114,57.7462260828,-107.491405958,66.5231161114,-80.3461461544,80.3461461544,97.4091161337
738,0,0,negative,0.0574933888194,-0.107491405958,0.067328596331,57.4933888194,-107.491405958,67.328596331,-80.5989834178,80.5989834178,98.2145963533
738,1,0,negative,0.0577462260828,-0.107491405958,0.0665231161114,57.7462260828,-107.491405958,66.5231161114,-80.3461461544,80.3461461544,97.4091161337
739,0,0,negative,0.0572616158361,-0.107491405958,0.0678035308564,57.2616158361,-107.491405958,67.8035308564,-80.8307564012,80.8307564012,98.6895308787
739,1,0,negative,0.0571931496273,-0.107491405958,0.0679537647471,57.1931496273,-107.491405958,67.9537647471,-80.89922261,80.89922261,98.8397647693
740,0,0,negative,0.0572616158361,-0.107491405958,0.0678035308564,57.2616158361,-107.491405958,67.8035308564,-80.8307564012,80.8307564012,98.6895308787
740,1,0,negative,0.0574933888194,-0.107491405958,0.067328596331,57.4933888194,-107.491405958,67.328596331,-80.5989834178,80.5989834178,98.2145963533
741,0,0,negative,0.0571931496273,-0.107491405958,0.0679537647471,57.1931496273,-107.491405958,67.9537647471,-80.89922261,80.89922261,98.8397647693
741,1,0,negative,0.0570948585275,-0.107491405958,0.0682948691955,57.0948585275,-107.491405958,68.2948691955,-80.9975137097,80.9975137097,99.1808692177
742,0,0,negative,0.0568391272598,-0.107491405958,0.0690072395363,56.8391272598,-107.491405958,69.0072395363,-81.2532449774,81.2532449774,99.8932395586
742,1,0,negative,0.0570948585275,-0.107491405958,0.0682948691955,57.0948585275,-107.491405958,68.2948691955,-80.9975137097,80.9975137097,99.1808692177
743,0,0,negative,0.0567181107297,-0.107491405958,0.0692080261976,56.7181107297,-107.491405958,69.2080261976,-81.3742615075,81.3742615075,100.09402622
743,1,0,negative,0.0568391272598,-0.107491405958,0.0690072395363,56.8391272598,-107.491405958,69.0072395363,-81.2532449774,81.2532449774,99.8932395586
744,0,0,negative,0.0567181107297,-0.107491405958,0.0692080261976,56.7181107297,-107.491405958,69.2080261976,-81.3742615075,81.3742615075,100.09402622
744,1,0,negative,0.0566268504407,-0.107491405958,0.0694781674772,56.6268504407,-107.491405958,69.4781674772,-81.4655217966,81.4655217966,100.364167499
745,0,0,negative,0.056375972331,-0.107491405958,0.0700837891612,56.375972331,-107.491405958,70.0837891612,-81.7163999062,81.7163999062,100.969789183
745,1,0,negative,0.0564548986106,-0.107491405958,0.069892377542,56.4548986106,-107.491405958,69.892377542,-81.6374736266,81.6374736266,100.778377564
746,0,0,negative,0.0566268504407,-0.107491405958,0.0694781674772,56.6268504407,-107.491405958,69.4781674772,-81.4655217966,81.4655217966,100.364167499
746,1,0,negative,0.0564548986106,-0.107491405958,0.069892377542,56.4548986106,-107.491405958,69.892377542,-81.6374736266,81.6374736266,100.778377564
747,0,0,negative,0.0563076447552,-0.107491405958,0.070332970018,56.3076447552,-107.491405958,70.332970018,-81.784727482,81.784727482,101.21897004
747,1,0,negative,0.056375972331,-0.107491405958,0.0700837891612,56.375972331,-107.491405958,70.0837891612,-81.7163999062,81.7163999062,100.969789183
748,0,0,negative,0.0560778150717,-0.107491405958,0.070773145878,56.0778150717,-107.491405958,70.773145878,-82.0145571655,82.0145571655,101.6591459
748,1,0,negative,0.0563076447552,-0.107491405958,0.070332970018,56.3076447552,-107.491405958,70.332970018,-81.784727482,81.784727482,101.21897004
749,0,0,negative,0.0560778150717,-0.107491405958,0.070773145878,56.0778150717,-107.491405958,70.773145878,-82.0145571655,82.0145571655,101.6591459
749,1,0,negative,0.0560122019806,-0.107491405958,0.0708773004679,56.0122019806,-107.491405958,70.8773004679,-82.0801702566,82.0801702566,101.76330049
750,0,0,negative,0.0558392836088,-0.107491405958,0.0712208740616,55.8392836088,-107.491405958,71.2208740616,-82.2530886284,82.2530886284,102.106874084
750,1,0,negative,0.0560122019806,-0.107491405958,0.0708773004679,56.0122019806,-107.491405958,70.8773004679,-82.0801702566,82.0801702566,101.76330049
751,0,0,negative,0.0558392836088,-0.107491405958,0.0712208740616,55.8392836088,-107.491405958,71.2208740616,-82.2530886284,82.2530886284,102.106874084
751,1,0,negative,0.0557142946633,-0.107491405958,0.0714508741508,55.7142946633,-107.491405958,71.4508741508,-82.3780775739,82.3780775739,102.336874173
752,0,0,negative,0.0547115216158,-0.107491405958,0.0654269154655,54.7115216158,-107.491405958,65.4269154655,-83.3808506214,83.3808506214,96.3129154878
752,1,0,negative,0.0547120188632,-0.107491405958,0.0654257232733,54.7120188632,-107.491405958,65.4257232733,-83.380353374,83.380353374,96.3117232955
753,0,0,negative,0.0554763722219,-0.107491405958,0.0637608030251,55.4763722219,-107.491405958,63.7608030251,-82.6160000153,82.6160000153,94.6468030474
753,1,0,negative,0.0547120188632,-0.107491405958,0.0654257232733,54.7120188632,-107.491405958,65.4257232733,-83.380353374,83.380353374,96.3117232955
754,0,0,negative,0.0547112072457,-0.107491405958,0.0654277425465,54.7112072457,-107.491405958,65.4277425465,-83.3811649915,83.3811649915,96.3137425688
754,1,0,negative,0.0547115216158,-0.107491405958,0.0654269154655,54.7115216158,-107.491405958,65.4269154655,-83.3808506214,83.3808506214,96.3129154878
755,0,0,negative,0.054710626389,-0.107491405958,0.065428869673,54.710626389,-107.491405958,65.428869673,-83.3817458482,83.3817458482,96.3148696953
755,1,0,negative,0.0547112072457,-0.107491405958,0.0654277425465,54.7112072457,-107.491405958,65.4277425465,-83.3811649915,83.3811649915,96.3137425688
756,0,0,negative,0.054710626389,-0.107491405958,0.065428869673,54.710626389,-107.491405958,65.428869673,-83.3817458482,83.3817458482,96.3148696953
756,1,0,negative,0.0541768764736,-0.107491405958,0.0666370667482,54.1768764736,-107.491405958,66.6370667482,-83.9154957636,83.9154957636,97.5230667705
757,0,0,negative,0.0540006939624,-0.107491405958,0.06701699094,54.0006939624,-107.491405958,67.01699094,-84.0916782748,84.0916782748,97.9029909623
757,1,0,negative,0.0541768764736,-0.107491405958,0.0666370667482,54.1768764736,-107.491405958,66.6370667482,-83.9154957636,83.9154957636,97.5230667705
758,0,0,negative,0.0540006939624,-0.107491405958,0.06701699094,54.0006939624,-107.491405958,67.01699094,-84.0916782748,84.0916782748,97.9029909623
758,1,0,negative,0.053403086968,-0.107491405958,0.0683732709033,53.403086968,-107.491405958,68.3732709033,-84.6892852692,84.6892852692,99.2592709256
759,0,0,negative,0.0531034636392,-0.107491405958,0.0691048855635,53.1034636392,-107.491405958,69.1048855635,-84.988908598,84.988908598,99.9908855857
759,1,0,negative,0.053403086968,-0.107491405958,0.0683732709033,53.403086968,-107.491405958,68.3732709033,-84.6892852692,84.6892852692,99.2592709256
760,0,0,negative,0.0557142946633,-0.107491405958,0.0714508741508,55.7142946633,-107.491405958,71.4508741508,-82.3780775739,82.3780775739,102.336874173
760,1,0,negative,0.0554205246385,-0.107491405958,0.071849072889,55.4205246385,-107.491405958,71.849072889,-82.6718475987,82.6718475987,102.735072911
761,0,0,negative,0.0553968803324,-0.107491405958,0.071873536853,55.3968803324,-107.491405958,71.873536853,-82.6954919048,82.6954919048,102.759536875
761,1,0,negative,0.0554205246385,-0.107491405958,0.071849072889,55.4205246385,-107.491405958,71.849072889,-82.6718475987,82.6718475987,102.735072911
762,0,0,negative,0.0553615054738,-0.107491405958,0.0719172420083,55.3615054738,-107.491405958,71.9172420083,-82.7308667634,82.7308667634,102.803242031
762,1,0,negative,0.0553968803324,-0.107491405958,0.071873536853,55.3968803324,-107.491405958,71.873536853,-82.6954919048,82.6954919048,102.759536875
763,0,0,negative,0.0553298892932,-0.107491405958,0.0720057649334,55.3298892932,-107.491405958,72.0057649334,-82.7624829441,82.7624829441,102.891764956
763,1,0,negative,0.0553615054738,-0.107491405958,0.0719172420083,55.3615054738,-107.491405958,71.9172420083,-82.7308667634,82.7308667634,102.803242031
764,0,0,negative,0.0553298892932,-0.107491405958,0.0720057649334,55.3298892932,-107.491405958,72.0057649334,-82.7624829441,82.7624829441,102.891764956
764,1,0,negative,0.0549459033488,-0.107491405958,0.0729351716869,54.9459033488,-107.491405958,72.9351716869,-83.1464688884,83.1464688884,103.821171709
765,0,0,negative,0.0548432635255,-0.107491405958,0.0731843138019,54.8432635255,-107.491405958,73.1843138019,-83.2491087117,83.2491087117,104.070313824
765,1,0,negative,0.0549459033488,-0.107491405958,0.0729351716869,54.9459033488,-107.491405958,72.9351716869,-83.1464688884,83.1464688884,103.821171709
766,0,0,negative,0.0548432635255,-0.107491405958,0.0731843138019,54.8432635255,-107.491405958,73.1843138019,-83.2491087117,83.2491087117,104.070313824
766,1,0,negative,0.05463509356,-0.107491405958,0.0736488658977,54.63509356,-107.491405958,73.6488658977,-83.4572786772,83.4572786772,104.53486592
767,0,0,negative,0.05463509356,-0.107491405958,0.0736488658977,54.63509356,-107.491405958,73.6488658977,-83.4572786772,83.4572786772,104.53486592
767,1,0,negative,0.0541933666099,-0.107491405958,0.0744157616221,54.1933666099,-107.491405958,74.4157616221,-83.8990056273,83.8990056273,105.301761644
768,0,0,negative,0.0531034636392,-0.107491405958,0.0691048855635,53.1034636392,-107.491405958,69.1048855635,-84.988908598,84.988908598,99.9908855857
768,1,0,negative,0.053017829403,-0.107491405958,0.0693251898189,53.017829403,-107.491405958,69.3251898189,-85.0745428342,85.0745428342,100.211189841
769,0,0,negative,0.0541771205139,-0.107491405958,0.0744442591765,54.1771205139,-107.491405958,74.4442591765,-83.9152517233,83.9152517233,105.330259199
769,1,0,negative,0.0541933666099,-0.107491405958,0.0744157616221,54.1933666099,-107.491405958,74.4157616221,-83.8990056273,83.8990056273,105.301761644
770,0,0,negative,0.0541771205139,-0.107491405958,0.0744442591765,54.1771205139,-107.491405958,74.4442591765,-83.9152517233,83.9152517233,105.330259199
770,1,0,negative,0.0537040504937,-0.107491405958,0.0756629724181,53.7040504937,-107.491405958,75.6629724181,-84.3883217436,84.3883217436,106.54897244
771,0,0,negative,0.0536149670422,-0.107491405958,0.0758927030601,53.6149670422,-107.491405958,75.8927030601,-84.477405195,84.477405195,106.778703082
771,1,0,negative,0.0537040504937,-0.107491405958,0.0756629724181,53.7040504937,-107.491405958,75.6629724181,-84.3883217436,84.3883217436,106.54897244
772,0,0,negative,0.0535824024694,-0.107491405958,0.0760291261142,53.5824024694,-107.491405958,76.0291261142,-84.5099697678,84.5099697678,106.915126137
772,1,0,negative,0.0536149670422,-0.107491405958,0.0758927030601,53.6149670422,-107.491405958,75.8927030601,-84.477405195,84.477405195,106.778703082
773,0,0,negative,0.0535542678941,-0.107491405958,0.0762922696263,53.5542678941,-107.491405958,76.2922696263,-84.5381043431,84.5381043431,107.178269649
773,1,0,negative,0.0535824024694,-0.107491405958,0.0760291261142,53.5824024694,-107.491405958,76.0291261142,-84.5099697678,84.5099697678,106.915126137
774,0,0,negative,0.0535542678941,-0.107491405958,0.0762922696263,53.5542678941,-107.491405958,76.2922696263,-84.5381043431,84.5381043431,107.178269649
774,1,0,negative,0.0535293303106,-0.107491405958,0.0764098358742,53.5293303106,-107.491405958,76.4098358742,-84.5630419266,84.5630419266,107.295835896
775,0,0,negative,0.0533710327399,-0.107491405958,0.0769210047961,53.3710327399,-107.491405958,76.9210047961,-84.7213394973,84.7213394973,107.807004818
775,1,0,negative,0.0535293303106,-0.107491405958,0.0764098358742,53.5293303106,-107.491405958,76.4098358742,-84.5630419266,84.5630419266,107.295835896
776,0,0,negative,0.0533710327399,-0.107491405958,0.0769210047961,53.3710327399,-107.491405958,76.9210047961,-84.7213394973,84.7213394973,107.807004818
776,1,0,negative,0.0533182274567,-0.107491405958,0.0770577320115,53.3182274567,-107.491405958,77.0577320115,-84.7741447805,84.7741447805,107.943732034
777,0,0,negative,0.0532743175235,-0.107491405958,0.0774774530136,53.2743175235,-107.491405958,77.4774530136,-84.8180547137,84.8180547137,108.363453036
777,1,0,negative,0.0533182274567,-0.107491405958,0.0770577320115,53.3182274567,-107.491405958,77.0577320115,-84.7741447805,84.7741447805,107.943732034
778,0,0,negative,0.0532743175235,-0.107491405958,0.0774774530136,53.2743175235,-107.491405958,77.4774530136,-84.8180547137,84.8180547137,108.363453036
778,1,0,negative,0.0532769786087,-0.107491405958,0.0776651007713,53.2769786087,-107.491405958,77.6651007713,-84.8153936285,84.8153936285,108.551100794
779,0,0,negative,0.0532769786087,-0.107491405958,0.0776651007713,53.2769786087,-107.491405958,77.6651007713,-84.8153936285,84.8153936285,108.551100794
779,1,0,negative,0.053234591309,-0.107491405958,0.0779770538782,53.234591309,-107.491405958,77.9770538782,-84.8577809282,84.8577809282,108.8630539
780,0,0,negative,0.0531868864758,-0.107491405958,0.0783032287581,53.1868864758,-107.491405958,78.3032287581,-84.9054857614,84.9054857614,109.18922878
780,1,0,negative,0.053234591309,-0.107491405958,0.0779770538782,53.234591309,-107.491405958,77.9770538782,-84.8577809282,84.8577809282,108.8630539
781,0,0,negative,0.0531224454117,-0.107491405958,0.0784232095669,53.1224454117,-107.491405958,78.4232095669,-84.9699268255,84.9699268255,109.309209589
781,1,0,negative,0.0531868864758,-0.107491405958,0.0783032287581,53.1868864758,-107.491405958,78.3032287581,-84.9054857614,84.9054857614,109.18922878
782,0,0,negative,0.0531224454117,-0.107491405958,0.0784232095669,53.1224454117,-107.491405958,78.4232095669,-84.9699268255,84.9699268255,109.309209589
782,1,0,negative,0.0528765009272,-0.107491405958,0.0788240114476,52.8765009272,-107.491405958,78.8240114476,-85.21587131,85.21587131,109.71001147
783,0,0,negative,0.0525733983748,-0.107491405958,0.0796519331054,52.5733983748,-107.491405958,79.6519331054,-85.5189738624,85.5189738624,110.537933128
783,1,0,negative,0.0527356229118,-0.107491405958,0.0791496042187,52.7356229118,-107.491405958,79.1496042187,-85.3567493254,85.3567493254,110.035604241
784,0,0,negative,0.0528765009272,-0.107491405958,0.0788240114476,52.8765009272,-107.491405958,78.8240114476,-85.21587131,85.21587131,109.71001147
784,1,0,negative,0.0527356229118,-0.107491405958,0.0791496042187,52.7356229118,-107.491405958,79.1496042187,-85.3567493254,85.3567493254,110.035604241
785,0,0,negative,0.0524156354915,-0.107491405958,0.0707148821609,52.4156354915,-107.491405958,70.7148821609,-85.6767367457,85.6767367457,101.600882183
785,1,0,negative,0.053017829403,-0.107491405958,0.0693251898189,53.017829403,-107.491405958,69.3251898189,-85.0745428342,85.0745428342,100.211189841
786,0,0,negative,0.0524156354915,-0.107491405958,0.0707148821609,52.4156354915,-107.491405958,70.7148821609,-85.6767367457,85.6767367457,101.600882183
786,1,0,negative,0.0522717704764,-0.107491405958,0.0710974853571,52.2717704764,-107.491405958,71.0974853571,-85.8206017608,85.8206017608,101.983485379
787,0,0,negative,0.0521193739239,-0.107491405958,0.0714270792578,52.1193739239,-107.491405958,71.4270792578,-85.9729983133,85.9729983133,102.31307928
787,1,0,negative,0.0522717704764,-0.107491405958,0.0710974853571,52.2717704764,-107.491405958,71.0974853571,-85.8206017608,85.8206017608,101.983485379
788,0,0,negative,0.0521193739239,-0.107491405958,0.0714270792578,52.1193739239,-107.491405958,71.4270792578,-85.9729983133,85.9729983133,102.31307928
788,1,0,negative,0.0518630436816,-0.107491405958,0.0719909873344,51.8630436816,-107.491405958,71.9909873344,-86.2293285557,86.2293285557,102.876987357
789,0,0,negative,0.0518630436816,-0.107491405958,0.0719909873344,51.8630436816,-107.491405958,71.9909873344,-86.2293285557,86.2293285557,102.876987357
789,1,0,negative,0.0516779740837,-0.107491405958,0.0726045475433,51.6779740837,-107.491405958,72.6045475433,-86.4143981535,86.4143981535,103.490547566
790,0,0,negative,0.051569475617,-0.107491405958,0.0728751167462,51.569475617,-107.491405958,72.8751167462,-86.5228966202,86.5228966202,103.761116769
790,1,0,negative,0.0516779740837,-0.107491405958,0.0726045475433,51.6779740837,-107.491405958,72.6045475433,-86.4143981535,86.4143981535,103.490547566
791,0,0,negative,0.051569475617,-0.107491405958,0.0728751167462,51.569475617,-107.491405958,72.8751167462,-86.5228966202,86.5228966202,103.761116769
791,1,0,negative,0.0512582723481,-0.107491405958,0.0735441543775,51.2582723481,-107.491405958,73.5441543775,-86.8340998891,86.8340998891,104.4301544
792,0,0,negative,0.050940864746,-0.107491405958,0.0741942075738,50.940864746,-107.491405958,74.1942075738,-87.1515074912,87.1515074912,105.080207596
792,1,0,negative,0.0512582723481,-0.107491405958,0.0735441543775,51.2582723481,-107.491405958,73.5441543775,-86.8340998891,86.8340998891,104.4301544
793,0,0,negative,0.050940864746,-0.107491405958,0.0741942075738,50.940864746,-107.491405958,74.1942075738,-87.1515074912,87.1515074912,105.080207596
793,1,0,negative,0.0508216081065,-0.107491405958,0.0745225309504,50.8216081065,-107.491405958,74.5225309504,-87.2707641307,87.2707641307,105.408530973
794,0,0,negative,0.0503658033466,-0.107491405958,0.0755188328649,50.3658033466,-107.491405958,75.5188328649,-87.7265688906,87.7265688906,106.404832887
794,1,0,negative,0.0508216081065,-0.107491405958,0.0745225309504,50.8216081065,-107.491405958,74.5225309504,-87.2707641307,87.2707641307,105.408530973
795,0,0,negative,0.0503658033466,-0.107491405958,0.0755188328649,50.3658033466,-107.491405958,75.5188328649,-87.7265688906,87.7265688906,106.404832887
795,1,0,negative,0.0503288088683,-0.107491405958,0.0755831888167,50.3288088683,-107.491405958,75.5831888167,-87.7635633689,87.7635633689,106.469188839
796,0,0,negative,0.0525733983748,-0.107491405958,0.0796519331054,52.5733983748,-107.491405958,79.6519331054,-85.5189738624,85.5189738624,110.537933128
796,1,0,negative,0.0525447526757,-0.107491405958,0.0797861800787,52.5447526757,-107.491405958,79.7861800787,-85.5476195615,85.5476195615,110.672180101
797,0,0,negative,0.0525447526757,-0.107491405958,0.0797861800787,52.5447526757,-107.491405958,79.7861800787,-85.5476195615,85.5476195615,110.672180101
797,1,0,negative,0.0525426350866,-0.107491405958,0.079823762984,52.5426350866,-107.491405958,79.823762984,-85.5497371506,85.5497371506,110.709763006
798,0,0,negative,0.0523678409826,-0.107491405958,0.080772670821,52.3678409826,-107.491405958,80.772670821,-85.7245312546,85.7245312546,111.658670843
798,1,0,negative,0.0525426350866,-0.107491405958,0.079823762984,52.5426350866,-107.491405958,79.823762984,-85.5497371506,85.5497371506,110.709763006
799,0,0,negative,0.0522616278421,-0.107491405958,0.0811339487088,52.2616278421,-107.491405958,81.1339487088,-85.8307443951,85.8307443951,112.019948731
799,1,0,negative,0.0523678409826,-0.107491405958,0.080772670821,52.3678409826,-107.491405958,80.772670821,-85.7245312546,85.7245312546,111.658670843
800,0,0,negative,0.0522616278421,-0.107491405958,0.0811339487088,52.2616278421,-107.491405958,81.1339487088,-85.8307443951,85.8307443951,112.019948731
800,1,0,negative,0.0521966450572,-0.107491405958,0.0813591700841,52.1966450572,-107.491405958,81.3591700841,-85.89572718,85.89572718,112.245170106
801,0,0,negative,0.0521390681839,-0.107491405958,0.081515177196,52.1390681839,-107.491405958,81.515177196,-85.9533040533,85.9533040533,112.401177218
801,1,0,negative,0.0520353696513,-0.107491405958,0.0821954023096,52.0353696513,-107.491405958,82.1954023096,-86.0570025859,86.0570025859,113.081402332
802,0,0,negative,0.0521966450572,-0.107491405958,0.0813591700841,52.1966450572,-107.491405958,81.3591700841,-85.89572718,85.89572718,112.245170106
802,1,0,negative,0.0521390681839,-0.107491405958,0.081515177196,52.1390681839,-107.491405958,81.515177196,-85.9533040533,85.9533040533,112.401177218
803,0,0,negative,0.0520311918733,-0.107491405958,0.0822167496955,52.0311918733,-107.491405958,82.2167496955,-86.061180364,86.061180364,113.102749718
803,1,0,negative,0.0520353696513,-0.107491405958,0.0821954023096,52.0353696513,-107.491405958,82.1954023096,-86.0570025859,86.0570025859,113.081402332
804,0,0,negative,0.0520274454251,-0.107491405958,0.0822254517526,52.0274454251,-107.491405958,82.2254517526,-86.0649268121,86.0649268121,113.111451775
804,1,0,negative,0.0520311918733,-0.107491405958,0.0822167496955,52.0311918733,-107.491405958,82.2167496955,-86.061180364,86.061180364,113.102749718
805,0,0,negative,0.0520274454251,-0.107491405958,0.0822254517526,52.0274454251,-107.491405958,82.2254517526,-86.0649268121,86.0649268121,113.111451775
805,1,0,negative,0.0518726328585,-0.107491405958,0.0825362772993,51.8726328585,-107.491405958,82.5362772993,-86.2197393787,86.2197393787,113.422277322
806,0,0,negative,0.051821974674,-0.107491405958,0.0827254050321,51.821974674,-107.491405958,82.7254050321,-86.2703975632,86.2703975632,113.611405054
806,1,0,negative,0.0518726328585,-0.107491405958,0.0825362772993,51.8726328585,-107.491405958,82.5362772993,-86.2197393787,86.2197393787,113.422277322
807,0,0,negative,0.051821974674,-0.107491405958,0.0827254050321,51.821974674,-107.491405958,82.7254050321,-86.2703975632,86.2703975632,113.611405054
807,1,0,negative,0.0516978887413,-0.107491405958,0.0828709273236,51.6978887413,-107.491405958,82.8709273236,-86.3944834959,86.3944834959,113.756927346
808,0,0,negative,0.0516978887413,-0.107491405958,0.0828709273236,51.6978887413,-107.491405958,82.8709273236,-86.3944834959,86.3944834959,113.756927346
808,1,0,negative,0.0516444673579,-0.107491405958,0.0832957389958,51.6444673579,-107.491405958,83.2957389958,-86.4479048793,86.4479048793,114.181739018
809,0,0,negative,0.0516444673579,-0.107491405958,0.0832957389958,51.6444673579,-107.491405958,83.2957389958,-86.4479048793,86.4479048793,114.181739018
809,1,0,negative,0.0516887626415,-0.107491405958,0.0838736164453,51.6887626415,-107.491405958,83.8736164453,-86.4036095958,86.4036095958,114.759616468
810,0,0,negative,0.0499672700777,-0.107491405958,0.0762927650753,49.9672700777,-107.491405958,76.2927650753,-88.1251021595,88.1251021595,107.178765098
810,1,0,negative,0.0503288088683,-0.107491405958,0.0755831888167,50.3288088683,-107.491405958,75.5831888167,-87.7635633689,87.7635633689,106.469188839
811,0,0,negative,0.0499672700777,-0.107491405958,0.0762927650753,49.9672700777,-107.491405958,76.2927650753,-88.1251021595,88.1251021595,107.178765098
811,1,0,negative,0.0496740668224,-0.107491405958,0.0769039182623,49.6740668224,-107.491405958,76.9039182623,-88.4183054148,88.4183054148,107.789918285
812,0,0,negative,0.0493055937799,-0.107491405958,0.0777338987352,49.3055937799,-107.491405958,77.7338987352,-88.7867784573,88.7867784573,108.619898758
812,1,0,negative,0.0496740668224,-0.107491405958,0.0769039182623,49.6740668224,-107.491405958,76.9039182623,-88.4183054148,88.4183054148,107.789918285
813,0,0,negative,0.0493055937799,-0.107491405958,0.0777338987352,49.3055937799,-107.491405958,77.7338987352,-88.7867784573,88.7867784573,108.619898758
813,1,0,negative,0.0490264782094,-0.107491405958,0.078374941682,49.0264782094,-107.491405958,78.374941682,-89.0658940278,89.0658940278,109.260941704
814,0,0,negative,0.0487070533319,-0.107491405958,0.0791987836404,48.7070533319,-107.491405958,79.1987836404,-89.3853189053,89.3853189053,110.084783663
814,1,0,negative,0.0490264782094,-0.107491405958,0.078374941682,49.0264782094,-107.491405958,78.374941682,-89.0658940278,89.0658940278,109.260941704
815,0,0,negative,0.0487070533319,-0.107491405958,0.0791987836404,48.7070533319,-107.491405958,79.1987836404,-89.3853189053,89.3853189053,110.084783663
815,1,0,negative,0.0484839120099,-0.107491405958,0.0800237220899,48.4839120099,-107.491405958,80.0237220899,-89.6084602274,89.6084602274,110.909722112
816,0,0,negative,0.0484839120099,-0.107491405958,0.0800237220899,48.4839120099,-107.491405958,80.0237220899,-89.6084602274,89.6084602274,110.909722112
816,1,0,negative,0.0478464577624,-0.107491405958,0.0820391285613,47.8464577624,-107.491405958,82.0391285613,-90.2459144748,90.2459144748,112.925128584
817,0,0,negative,0.0477811007294,-0.107491405958,0.0822230587106,47.7811007294,-107.491405958,82.2230587106,-90.3112715078,90.3112715078,113.109058733
817,1,0,negative,0.0478464577624,-0.107491405958,0.0820391285613,47.8464577624,-107.491405958,82.0391285613,-90.2459144748,90.2459144748,112.925128584
818,0,0,negative,0.047755436874,-0.107491405958,0.0823063625999,47.755436874,-107.491405958,82.3063625999,-90.3369353632,90.3369353632,113.192362622
818,1,0,negative,0.0477811007294,-0.107491405958,0.0822230587106,47.7811007294,-107.491405958,82.2230587106,-90.3112715078,90.3112715078,113.109058733
819,0,0,negative,0.04769539995,-0.107491405958,0.0826202699164,47.69539995,-107.491405958,82.6202699164,-90.3969722872,90.3969722872,113.506269939
819,1,0,negative,0.047755436874,-0.107491405958,0.0823063625999,47.755436874,-107.491405958,82.3063625999,-90.3369353632,90.3369353632,113.192362622
820,0,0,negative,0.0476770575677,-0.107491405958,0.0827160408226,47.6770575677,-107.491405958,82.7160408226,-90.4153146695,90.4153146695,113.602040845
820,1,0,negative,0.0476746842681,-0.107491405958,0.0827264335293,47.6746842681,-107.491405958,82.7264335293,-90.4176879691,90.4176879691,113.612433552
821,0,0,negative,0.0476746842681,-0.107491405958,0.0827264335293,47.6746842681,-107.491405958,82.7264335293,-90.4176879691,90.4176879691,113.612433552
821,1,0,negative,0.0476736262361,-0.107491405958,0.0827361382998,47.6736262361,-107.491405958,82.7361382998,-90.4187460011,90.4187460011,113.622138322
822,0,0,negative,0.04769539995,-0.107491405958,0.0826202699164,47.69539995,-107.491405958,82.6202699164,-90.3969722872,90.3969722872,113.506269939
822,1,0,negative,0.0476770575677,-0.107491405958,0.0827160408226,47.6770575677,-107.491405958,82.7160408226,-90.4153146695,90.4153146695,113.602040845
823,0,0,negative,0.0476558073925,-0.107491405958,0.083340018157,47.6558073925,-107.491405958,83.340018157,-90.4365648447,90.4365648447,114.226018179
823,1,0,negative,0.0476736262361,-0.107491405958,0.0827361382998,47.6736262361,-107.491405958,82.7361382998,-90.4187460011,90.4187460011,113.622138322
824,0,0,negative,0.0476558073925,-0.107491405958,0.083340018157,47.6558073925,-107.491405958,83.340018157,-90.4365648447,90.4365648447,114.226018179
824,1,0,negative,0.0476508874243,-0.107491405958,0.0833563373572,47.6508874243,-107.491405958,83.3563373572,-90.4414848129,90.4414848129,114.242337379
825,0,0,negative,0.047359640115,-0.107491405958,0.0839660265109,47.359640115,-107.491405958,83.9660265109,-90.7327321222,90.7327321222,114.852026533
825,1,0,negative,0.0473108038806,-0.107491405958,0.0840667778994,47.3108038806,-107.491405958,84.0667778994,-90.7815683566,90.7815683566,114.952777922
826,0,0,negative,0.047359640115,-0.107491405958,0.0839660265109,47.359640115,-107.491405958,83.9660265109,-90.7327321222,90.7327321222,114.852026533
826,1,0,negative,0.0476508874243,-0.107491405958,0.0833563373572,47.6508874243,-107.491405958,83.3563373572,-90.4414848129,90.4414848129,114.242337379
827,0,0,negative,0.0516970518658,-0.107491405958,0.0840373542713,51.6970518658,-107.491405958,84.0373542713,-86.3953203715,86.3953203715,114.923354294
827,1,0,negative,0.0516887626415,-0.107491405958,0.0838736164453,51.6887626415,-107.491405958,83.8736164453,-86.4036095958,86.4036095958,114.759616468
828,0,0,negative,0.0516328852907,-0.107491405958,0.084492481763,51.6328852907,-107.491405958,84.492481763,-86.4594869465,86.4594869465,115.378481785
828,1,0,negative,0.0515734941448,-0.107491405958,0.0849064090909,51.5734941448,-107.491405958,84.9064090909,-86.5188780925,86.5188780925,115.792409113
829,0,0,negative,0.0516328852907,-0.107491405958,0.084492481763,51.6328852907,-107.491405958,84.492481763,-86.4594869465,86.4594869465,115.378481785
829,1,0,negative,0.0516970518658,-0.107491405958,0.0840373542713,51.6970518658,-107.491405958,84.0373542713,-86.3953203715,86.3953203715,114.923354294
830,0,0,negative,0.0514443861333,-0.107491405958,0.0857348933661,51.4443861333,-107.491405958,85.7348933661,-86.6479861039,86.6479861039,116.620893388
830,1,0,negative,0.0515734941448,-0.107491405958,0.0849064090909,51.5734941448,-107.491405958,84.9064090909,-86.5188780925,86.5188780925,115.792409113
831,0,0,negative,0.0514443861333,-0.107491405958,0.0857348933661,51.4443861333,-107.491405958,85.7348933661,-86.6479861039,86.6479861039,116.620893388
831,1,0,negative,0.0514390890529,-0.107491405958,0.0858154514216,51.4390890529,-107.491405958,85.8154514216,-86.6532831843,86.6532831843,116.701451444
832,0,0,negative,0.0514390890529,-0.107491405958,0.0858154514216,51.4390890529,-107.491405958,85.8154514216,-86.6532831843,86.6532831843,116.701451444
832,1,0,negative,0.0514337467745,-0.107491405958,0.0858309616238,51.4337467745,-107.491405958,85.8309616238,-86.6586254627,86.6586254627,116.716961646
833,0,0,negative,0.0512529630224,-0.107491405958,0.0866438506931,51.2529630224,-107.491405958,86.6438506931,-86.8394092148,86.8394092148,117.529850715
833,1,0,negative,0.0512462914982,-0.107491405958,0.086880583004,51.2462914982,-107.491405958,86.880583004,-86.846080739,86.846080739,117.766583026
834,0,0,negative,0.0512529630224,-0.107491405958,0.0866438506931,51.2529630224,-107.491405958,86.6438506931,-86.8394092148,86.8394092148,117.529850715
834,1,0,negative,0.0514209687608,-0.107491405958,0.0858720057423,51.4209687608,-107.491405958,85.8720057423,-86.6714034765,86.6714034765,116.758005765
835,0,0,negative,0.0514337467745,-0.107491405958,0.0858309616238,51.4337467745,-107.491405958,85.8309616238,-86.6586254627,86.6586254627,116.716961646
835,1,0,negative,0.0514209687608,-0.107491405958,0.0858720057423,51.4209687608,-107.491405958,85.8720057423,-86.6714034765,86.6714034765,116.758005765
836,0,0,negative,0.0512000634735,-0.107491405958,0.0870946147575,51.2000634735,-107.491405958,87.0946147575,-86.8923087637,86.8923087637,117.98061478
836,1,0,negative,0.0512462914982,-0.107491405958,0.086880583004,51.2462914982,-107.491405958,86.880583004,-86.846080739,86.846080739,117.766583026
837,0,0,negative,0.0512000634735,-0.107491405958,0.0870946147575,51.2000634735,-107.491405958,87.0946147575,-86.8923087637,86.8923087637,117.98061478
837,1,0,negative,0.0509867991251,-0.107491405958,0.0877413214594,50.9867991251,-107.491405958,87.7413214594,-87.1055731121,87.1055731121,118.627321482
838,0,0,negative,0.0509867991251,-0.107491405958,0.0877413214594,50.9867991251,-107.491405958,87.7413214594,-87.1055731121,87.1055731121,118.627321482
838,1,0,negative,0.050914611161,-0.107491405958,0.0880506353809,50.914611161,-107.491405958,88.0506353809,-87.1777610763,87.1777610763,118.936635403
839,0,0,negative,0.0509123271982,-0.107491405958,0.0880742634993,50.9123271982,-107.491405958,88.0742634993,-87.180045039,87.180045039,118.960263522
839,1,0,negative,0.050914611161,-0.107491405958,0.0880506353809,50.914611161,-107.491405958,88.0506353809,-87.1777610763,87.1777610763,118.936635403
840,0,0,negative,0.0508935046294,-0.107491405958,0.0881712836031,50.8935046294,-107.491405958,88.1712836031,-87.1988676078,87.1988676078,119.057283625
840,1,0,negative,0.0506903791198,-0.107491405958,0.0891042348521,50.6903791198,-107.491405958,89.1042348521,-87.4019931174,87.4019931174,119.990234874
841,0,0,negative,0.0469247197621,-0.107491405958,0.08529205626,46.9247197621,-107.491405958,85.29205626,-91.1676524751,91.1676524751,116.178056282
841,1,0,negative,0.0473108038806,-0.107491405958,0.0840667778994,47.3108038806,-107.491405958,84.0667778994,-90.7815683566,90.7815683566,114.952777922
842,0,0,negative,0.0469247197621,-0.107491405958,0.08529205626,46.9247197621,-107.491405958,85.29205626,-91.1676524751,91.1676524751,116.178056282
842,1,0,negative,0.0469171251754,-0.107491405958,0.0853130197507,46.9171251754,-107.491405958,85.3130197507,-91.1752470618,91.1752470618,116.199019773
843,0,0,negative,0.0469171251754,-0.107491405958,0.0853130197507,46.9171251754,-107.491405958,85.3130197507,-91.1752470618,91.1752470618,116.199019773
843,1,0,negative,0.0468339471298,-0.107491405958,0.0855368313001,46.8339471298,-107.491405958,85.5368313001,-91.2584251074,91.2584251074,116.422831322
844,0,0,negative,0.0465883849845,-0.107491405958,0.0861718062351,46.5883849845,-107.491405958,86.1718062351,-91.5039872527,91.5039872527,117.057806257
844,1,0,negative,0.0468339471298,-0.107491405958,0.0855368313001,46.8339471298,-107.491405958,85.5368313001,-91.2584251074,91.2584251074,116.422831322
845,0,0,negative,0.0465740645073,-0.107491405958,0.0862231672833,46.5740645073,-107.491405958,86.2231672833,-91.5183077299,91.5183077299,117.109167306
845,1,0,negative,0.0465883849845,-0.107491405958,0.0861718062351,46.5883849845,-107.491405958,86.1718062351,-91.5039872527,91.5039872527,117.057806257
846,0,0,negative,0.0465740645073,-0.107491405958,0.0862231672833,46.5740645073,-107.491405958,86.2231672833,-91.5183077299,91.5183077299,117.109167306
846,1,0,negative,0.0462294772981,-0.107491405958,0.0873450470261,46.2294772981,-107.491405958,87.3450470261,-91.8628949391,91.8628949391,118.231047048
847,0,0,negative,0.0461999298591,-0.107491405958,0.0874625069779,46.1999298591,-107.491405958,87.4625069779,-91.8924423781,91.8924423781,118.348507
847,1,0,negative,0.0462294772981,-0.107491405958,0.0873450470261,46.2294772981,-107.491405958,87.3450470261,-91.8628949391,91.8628949391,118.231047048
848,0,0,negative,0.0461293106624,-0.107491405958,0.0876555301427,46.1293106624,-107.491405958,87.6555301427,-91.9630615748,91.9630615748,118.541530165
848,1,0,negative,0.0461999298591,-0.107491405958,0.0874625069779,46.1999298591,-107.491405958,87.4625069779,-91.8924423781,91.8924423781,118.348507
849,0,0,negative,0.0461293106624,-0.107491405958,0.0876555301427,46.1293106624,-107.491405958,87.6555301427,-91.9630615748,91.9630615748,118.541530165
849,1,0,negative,0.0457659852375,-0.107491405958,0.08867264317,45.7659852375,-107.491405958,88.67264317,-92.3263869997,92.3263869997,119.558643192
850,0,0,negative,0.0508935046294,-0.107491405958,0.0881712836031,50.8935046294,-107.491405958,88.1712836031,-87.1988676078,87.1988676078,119.057283625
850,1,0,negative,0.0509123271982,-0.107491405958,0.0880742634993,50.9123271982,-107.491405958,88.0742634993,-87.180045039,87.180045039,118.960263522
851,0,0,negative,0.05078049315,-0.107491405958,0.0897848206289,50.78049315,-107.491405958,89.7848206289,-87.3118790872,87.3118790872,120.670820651
851,1,0,negative,0.0507790461424,-0.107491405958,0.0897550015318,50.7790461424,-107.491405958,89.7550015318,-87.3133260948,87.3133260948,120.641001554
852,0,0,negative,0.05078049315,-0.107491405958,0.0897848206289,50.78049315,-107.491405958,89.7848206289,-87.3118790872,87.3118790872,120.670820651
852,1,0,negative,0.0506938246331,-0.107491405958,0.090206571557,50.6938246331,-107.491405958,90.206571557,-87.3985476041,87.3985476041,121.092571579
853,0,0,negative,0.0506826187415,-0.107491405958,0.0902612932106,50.6826187415,-107.491405958,90.2612932106,-87.4097534958,87.4097534958,121.147293233
853,1,0,negative,0.0506938246331,-0.107491405958,0.090206571557,50.6938246331,-107.491405958,90.206571557,-87.3985476041,87.3985476041,121.092571579
854,0,0,negative,0.0506421837914,-0.107491405958,0.0903537041036,50.6421837914,-107.491405958,90.3537041036,-87.4501884458,87.4501884458,121.239704126
854,1,0,negative,0.0506826187415,-0.107491405958,0.0902612932106,50.6826187415,-107.491405958,90.2612932106,-87.4097534958,87.4097534958,121.147293233
855,0,0,negative,0.0507136716076,-0.107491405958,0.0890859436449,50.7136716076,-107.491405958,89.0859436449,-87.3787006296,87.3787006296,119.971943667
855,1,0,negative,0.0506903791198,-0.107491405958,0.0891042348521,50.6903791198,-107.491405958,89.1042348521,-87.4019931174,87.4019931174,119.990234874
856,0,0,negative,0.0507136716076,-0.107491405958,0.0890859436449,50.7136716076,-107.491405958,89.0859436449,-87.3787006296,87.3787006296,119.971943667
856,1,0,negative,0.0507790461424,-0.107491405958,0.0897550015318,50.7790461424,-107.491405958,89.7550015318,-87.3133260948,87.3133260948,120.641001554
857,0,0,negative,0.0505898617854,-0.107491405958,0.0905247743352,50.5898617854,-107.491405958,90.5247743352,-87.5025104518,87.5025104518,121.410774358
857,1,0,negative,0.0506421837914,-0.107491405958,0.0903537041036,50.6421837914,-107.491405958,90.3537041036,-87.4501884458,87.4501884458,121.239704126
858,0,0,negative,0.0505898617854,-0.107491405958,0.0905247743352,50.5898617854,-107.491405958,90.5247743352,-87.5025104518,87.5025104518,121.410774358
858,1,0,negative,0.0503810963664,-0.107491405958,0.0909822465821,50.3810963664,-107.491405958,90.9822465821,-87.7112758708,87.7112758708,121.868246604
859,0,0,negative,0.0503810963664,-0.107491405958,0.0909822465821,50.3810963664,-107.491405958,90.9822465821,-87.7112758708,87.7112758708,121.868246604
859,1,0,negative,0.050242339612,-0.107491405958,0.091440737738,50.242339612,-107.491405958,91.440737738,-87.8500326252,87.8500326252,122.32673776
860,0,0,negative,0.0501382486059,-0.107491405958,0.091787425884,50.1382486059,-107.491405958,91.787425884,-87.9541236313,87.9541236313,122.673425906
860,1,0,negative,0.050242339612,-0.107491405958,0.091440737738,50.242339612,-107.491405958,91.440737738,-87.8500326252,87.8500326252,122.32673776
861,0,0,negative,0.0501382486059,-0.107491405958,0.091787425884,50.1382486059,-107.491405958,91.787425884,-87.9541236313,87.9541236313,122.673425906
861,1,0,negative,0.0500032628969,-0.107491405958,0.0922169985334,50.0032628969,-107.491405958,92.2169985334,-88.0891093403,88.0891093403,123.102998556
862,0,0,negative,0.0498476707599,-0.107491405958,0.0926580241124,49.8476707599,-107.491405958,92.6580241124,-88.2447014773,88.2447014773,123.544024135
862,1,0,negative,0.0496211045364,-0.107491405958,0.0935333558666,49.6211045364,-107.491405958,93.5333558666,-88.4712677008,88.4712677008,124.419355889
863,0,0,negative,0.0498476707599,-0.107491405958,0.0926580241124,49.8476707599,-107.491405958,92.6580241124,-88.2447014773,88.2447014773,123.544024135
863,1,0,negative,0.0500032628969,-0.107491405958,0.0922169985334,50.0032628969,-107.491405958,92.2169985334,-88.0891093403,88.0891093403,123.102998556
864,0,0,negative,0.0495124459177,-0.107491405958,0.0940192562481,49.5124459177,-107.491405958,94.0192562481,-88.5799263195,88.5799263195,124.90525627
864,1,0,negative,0.0496211045364,-0.107491405958,0.0935333558666,49.6211045364,-107.491405958,93.5333558666,-88.4712677008,88.4712677008,124.419355889
865,0,0,negative,0.0457659852375,-0.107491405958,0.08867264317,45.7659852375,-107.491405958,88.67264317,-92.3263869997,92.3263869997,119.558643192
865,1,0,negative,0.0453857325998,-0.107491405958,0.0895654653854,45.3857325998,-107.491405958,89.5654653854,-92.7066396374,92.7066396374,120.451465408
866,0,0,negative,0.0451787785952,-0.107491405958,0.0901152515022,45.1787785952,-107.491405958,90.1152515022,-92.913593642,92.913593642,121.001251525
866,1,0,negative,0.0453857325998,-0.107491405958,0.0895654653854,45.3857325998,-107.491405958,89.5654653854,-92.7066396374,92.7066396374,120.451465408
867,0,0,negative,0.0493857908329,-0.107491405958,0.0945972626252,49.3857908329,-107.491405958,94.5972626252,-88.7065814043,88.7065814043,125.483262648
867,1,0,negative,0.0495124459177,-0.107491405958,0.0940192562481,49.5124459177,-107.491405958,94.0192562481,-88.5799263195,88.5799263195,124.90525627
868,0,0,negative,0.0491216631608,-0.107491405958,0.0952842822351,49.1216631608,-107.491405958,95.2842822351,-88.9707090764,88.9707090764,126.170282257
868,1,0,negative,0.0493857908329,-0.107491405958,0.0945972626252,49.3857908329,-107.491405958,94.5972626252,-88.7065814043,88.7065814043,125.483262648
869,0,0,negative,0.0491216631608,-0.107491405958,0.0952842822351,49.1216631608,-107.491405958,95.2842822351,-88.9707090764,88.9707090764,126.170282257
869,1,0,negative,0.049021739934,-0.107491405958,0.095538485533,49.021739934,-107.491405958,95.538485533,-89.0706323032,89.0706323032,126.424485555
870,0,0,negative,0.0487230451685,-0.107491405958,0.0963581285509,48.7230451685,-107.491405958,96.3581285509,-89.3693270687,89.3693270687,127.244128573
870,1,0,negative,0.0486954611548,-0.107491405958,0.0964266325311,48.6954611548,-107.491405958,96.4266325311,-89.3969110824,89.3969110824,127.312632553
871,0,0,negative,0.0487230451685,-0.107491405958,0.0963581285509,48.7230451685,-107.491405958,96.3581285509,-89.3693270687,89.3693270687,127.244128573
871,1,0,negative,0.049021739934,-0.107491405958,0.095538485533,49.021739934,-107.491405958,95.538485533,-89.0706323032,89.0706323032,126.424485555
872,0,0,negative,0.0486954611548,-0.107491405958,0.0964266325311,48.6954611548,-107.491405958,96.4266325311,-89.3969110824,89.3969110824,127.312632553
872,1,0,negative,0.048622364148,-0.107491405958,0.0966314651844,48.622364148,-107.491405958,96.6314651844,-89.4700080892,89.4700080892,127.517465207
873,0,0,negative,0.048622364148,-0.107491405958,0.0966314651844,48.622364148,-107.491405958,96.6314651844,-89.4700080892,89.4700080892,127.517465207
873,1,0,negative,0.0485810560339,-0.107491405958,0.0967938402495,48.5810560339,-107.491405958,96.7938402495,-89.5113162033,89.5113162033,127.679840272
874,0,0,negative,0.0483585889997,-0.107491405958,0.0974711470562,48.3585889997,-107.491405958,97.4711470562,-89.7337832375,89.7337832375,128.357147078
874,1,0,negative,0.0485810560339,-0.107491405958,0.0967938402495,48.5810560339,-107.491405958,96.7938402495,-89.5113162033,89.5113162033,127.679840272
875,0,0,negative,0.0483585889997,-0.107491405958,0.0974711470562,48.3585889997,-107.491405958,97.4711470562,-89.7337832375,89.7337832375,128.357147078
875,1,0,negative,0.0479533117018,-0.107491405958,0.0983279759305,47.9533117018,-107.491405958,98.3279759305,-90.1390605354,90.1390605354,129.213975953
876,0,0,negative,0.0479510334833,-0.107491405958,0.0983320265496,47.9510334833,-107.491405958,98.3320265496,-90.1413387539,90.1413387539,129.218026572
876,1,0,negative,0.0479533117018,-0.107491405958,0.0983279759305,47.9533117018,-107.491405958,98.3279759305,-90.1390605354,90.1390605354,129.213975953
877,0,0,negative,0.0479498252659,-0.107491405958,0.0983365980524,47.9498252659,-107.491405958,98.3365980524,-90.1425469713,90.1425469713,129.222598075
877,1,0,negative,0.0479510334833,-0.107491405958,0.0983320265496,47.9510334833,-107.491405958,98.3320265496,-90.1413387539,90.1413387539,129.218026572
878,0,0,negative,0.0479444102478,-0.107491405958,0.0983467757959,47.9444102478,-107.491405958,98.3467757959,-90.1479619894,90.1479619894,129.232775818
878,1,0,negative,0.0479498252659,-0.107491405958,0.0983365980524,47.9498252659,-107.491405958,98.3365980524,-90.1425469713,90.1425469713,129.222598075
879,0,0,negative,0.0479444102478,-0.107491405958,0.0983467757959,47.9444102478,-107.491405958,98.3467757959,-90.1479619894,90.1479619894,129.232775818
879,1,0,negative,0.0475593586605,-0.107491405958,0.0990690857741,47.5593586605,-107.491405958,99.0690857741,-90.5330135767,90.5330135767,129.955085796
880,0,0,negative,0.0474475216946,-0.107491405958,0.0992606576682,47.4475216946,-107.491405958,99.2606576682,-90.6448505426,90.6448505426,130.146657691
880,1,0,negative,0.0475593586605,-0.107491405958,0.0990690857741,47.5593586605,-107.491405958,99.0690857741,-90.5330135767,90.5330135767,129.955085796
881,0,0,negative,0.0474475216946,-0.107491405958,0.0992606576682,47.4475216946,-107.491405958,99.2606576682,-90.6448505426,90.6448505426,130.146657691
881,1,0,negative,0.0473070144355,-0.107491405958,0.0995535125784,47.3070144355,-107.491405958,99.5535125784,-90.7853578017,90.7853578017,130.439512601
882,0,0,negative,0.0473070144355,-0.107491405958,0.0995535125784,47.3070144355,-107.491405958,99.5535125784,-90.7853578017,90.7853578017,130.439512601
882,1,0,negative,0.047246046922,-0.107491405958,0.0997601042459,47.246046922,-107.491405958,99.7601042459,-90.8463253152,90.8463253152,130.646104268
883,0,0,negative,0.0469372844435,-0.107491405958,0.10062600004,46.9372844435,-107.491405958,100.62600004,-91.1550877937,91.1550877937,131.512000062
883,1,0,negative,0.047246046922,-0.107491405958,0.0997601042459,47.246046922,-107.491405958,99.7601042459,-90.8463253152,90.8463253152,130.646104268
884,0,0,negative,0.0466820995893,-0.107491405958,0.101524085359,46.6820995893,-107.491405958,101.524085359,-91.4102726479,91.4102726479,132.410085382
884,1,0,negative,0.0468736490611,-0.107491405958,0.100830095321,46.8736490611,-107.491405958,100.830095321,-91.2187231761,91.2187231761,131.716095344
885,0,0,negative,0.0466340274938,-0.107491405958,0.101724762938,46.6340274938,-107.491405958,101.724762938,-91.4583447434,91.4583447434,132.61076296
885,1,0,negative,0.0466820995893,-0.107491405958,0.101524085359,46.6820995893,-107.491405958,101.524085359,-91.4102726479,91.4102726479,132.410085382
886,0,0,negative,0.0465190836258,-0.107491405958,0.10201642682,46.5190836258,-107.491405958,102.01642682,-91.5732886114,91.5732886114,132.902426842
886,1,0,negative,0.0466340274938,-0.107491405958,0.101724762938,46.6340274938,-107.491405958,101.724762938,-91.4583447434,91.4583447434,132.61076296
887,0,0,negative,0.0469372844435,-0.107491405958,0.10062600004,46.9372844435,-107.491405958,100.62600004,-91.1550877937,91.1550877937,131.512000062
887,1,0,negative,0.0468736490611,-0.107491405958,0.100830095321,46.8736490611,-107.491405958,100.830095321,-91.2187231761,91.2187231761,131.716095344
888,0,0,negative,0.0465190836258,-0.107491405958,0.10201642682,46.5190836258,-107.491405958,102.01642682,-91.5732886114,91.5732886114,132.902426842
888,1,0,negative,0.0463715352533,-0.107491405958,0.102561405714,46.3715352533,-107.491405958,102.561405714,-91.7208369839,91.7208369839,133.447405736
889,0,0,negative,0.0461791386204,-0.107491405958,0.103543552593,46.1791386204,-107.491405958,103.543552593,-91.9132336168,91.9132336168,134.429552615
889,1,0,negative,0.0463715352533,-0.107491405958,0.102561405714,46.3715352533,-107.491405958,102.561405714,-91.7208369839,91.7208369839,133.447405736
890,0,0,negative,0.0389733334392,-0.107491405958,0.12916610142,38.9733334392,-107.491405958,129.16610142,-99.119038798,99.119038798,160.052101442
890,1,0,negative,0.0386414909506,-0.107491405958,0.129335029132,38.6414909506,-107.491405958,129.335029132,-99.4508812866,99.4508812866,160.221029155
891,0,0,negative,0.038459101367,-0.107491405958,0.129445895833,38.459101367,-107.491405958,129.445895833,-99.6332708702,99.6332708702,160.331895855
891,1,0,negative,0.0386414909506,-0.107491405958,0.129335029132,38.6414909506,-107.491405958,129.335029132,-99.4508812866,99.4508812866,160.221029155
892,0,0,negative,0.0383418641237,-0.107491405958,0.129556615422,38.3418641237,-107.491405958,129.556615422,-99.7505081135,99.7505081135,160.442615444
892,1,0,negative,0.038459101367,-0.107491405958,0.129445895833,38.459101367,-107.491405958,129.445895833,-99.6332708702,99.6332708702,160.331895855
893,0,0,negative,0.0383418641237,-0.107491405958,0.129556615422,38.3418641237,-107.491405958,129.556615422,-99.7505081135,99.7505081135,160.442615444
893,1,0,negative,0.0379916949641,-0.107491405958,0.129893764748,37.9916949641,-107.491405958,129.893764748,-100.100677273,100.100677273,160.77976477
894,0,0,negative,0.037974568232,-0.107491405958,0.129981389795,37.974568232,-107.491405958,129.981389795,-100.117804005,100.117804005,160.867389817
894,1,0,negative,0.0379916949641,-0.107491405958,0.129893764748,37.9916949641,-107.491405958,129.893764748,-100.100677273,100.100677273,160.77976477
895,0,0,negative,0.037974568232,-0.107491405958,0.129981389795,37.974568232,-107.491405958,129.981389795,-100.117804005,100.117804005,160.867389817
895,1,0,negative,0.0378737974092,-0.107491405958,0.130219585756,37.8737974092,-107.491405958,130.219585756,-100.218574828,100.218574828,161.105585778
896,0,0,negative,0.0378734619358,-0.107491405958,0.130235737432,37.8734619358,-107.491405958,130.235737432,-100.218910301,100.218910301,161.121737455
896,1,0,negative,0.0378737974092,-0.107491405958,0.130219585756,37.8737974092,-107.491405958,130.219585756,-100.218574828,100.218574828,161.105585778
897,0,0,negative,0.0378676402694,-0.107491405958,0.130267470821,37.8676402694,-107.491405958,130.267470821,-100.224731968,100.224731968,161.153470843
897,1,0,negative,0.0378734619358,-0.107491405958,0.130235737432,37.8734619358,-107.491405958,130.235737432,-100.218910301,100.218910301,161.121737455
898,0,0,negative,0.037860097691,-0.107491405958,0.130374734692,37.860097691,-107.491405958,130.374734692,-100.232274546,100.232274546,161.260734714
898,1,0,negative,0.0378676402694,-0.107491405958,0.130267470821,37.8676402694,-107.491405958,130.267470821,-100.224731968,100.224731968,161.153470843
899,0,0,negative,0.0378178457546,-0.107491405958,0.131129753327,37.8178457546,-107.491405958,131.129753327,-100.274526483,100.274526483,162.015753349
899,1,0,negative,0.0377705168358,-0.107491405958,0.131338166796,37.7705168358,-107.491405958,131.338166796,-100.321855401,100.321855401,162.224166819
900,0,0,negative,0.037860097691,-0.107491405958,0.130374734692,37.860097691,-107.491405958,130.374734692,-100.232274546,100.232274546,161.260734714
900,1,0,negative,0.0378178457546,-0.107491405958,0.131129753327,37.8178457546,-107.491405958,131.129753327,-100.274526483,100.274526483,162.015753349
901,0,0,negative,0.0377705168358,-0.107491405958,0.131338166796,37.7705168358,-107.491405958,131.338166796,-100.321855401,100.321855401,162.224166819
901,1,0,negative,0.0377624120361,-0.107491405958,0.131466870939,37.7624120361,-107.491405958,131.466870939,-100.329960201,100.329960201,162.352870961
902,0,0,negative,0.0376707299848,-0.107491405958,0.13206614978,37.6707299848,-107.491405958,132.06614978,-100.421642252,100.421642252,162.952149802
902,1,0,negative,0.0377624120361,-0.107491405958,0.131466870939,37.7624120361,-107.491405958,131.466870939,-100.329960201,100.329960201,162.352870961
903,0,0,negative,0.0376707299848,-0.107491405958,0.13206614978,37.6707299848,-107.491405958,132.06614978,-100.421642252,100.421642252,162.952149802
903,1,0,negative,0.037629362309,-0.107491405958,0.132811222712,37.629362309,-107.491405958,132.811222712,-100.463009928,100.463009928,163.697222734
904,0,0,negative,0.0376428933752,-0.107491405958,0.133434370436,37.6428933752,-107.491405958,133.434370436,-100.449478862,100.449478862,164.320370458
904,1,0,negative,0.037629362309,-0.107491405958,0.132811222712,37.629362309,-107.491405958,132.811222712,-100.463009928,100.463009928,163.697222734
905,0,0,negative,0.0376428933752,-0.107491405958,0.133434370436,37.6428933752,-107.491405958,133.434370436,-100.449478862,100.449478862,164.320370458
905,1,0,negative,0.0376105188092,-0.107491405958,0.133586275884,37.6105188092,-107.491405958,133.586275884,-100.481853428,100.481853428,164.472275906
906,0,0,negative,0.0376105188092,-0.107491405958,0.133586275884,37.6105188092,-107.491405958,133.586275884,-100.481853428,100.481853428,164.472275906
906,1,0,negative,0.0375952862575,-0.107491405958,0.133711964851,37.5952862575,-107.491405958,133.711964851,-100.49708598,100.49708598,164.597964873
907,0,0,negative,0.0375139443598,-0.107491405958,0.134164216352,37.5139443598,-107.491405958,134.164216352,-100.578427877,100.578427877,165.050216375
907,1,0,negative,0.0375952862575,-0.107491405958,0.133711964851,37.5952862575,-107.491405958,133.711964851,-100.49708598,100.49708598,164.597964873
908,0,0,negative,0.0375139443598,-0.107491405958,0.134164216352,37.5139443598,-107.491405958,134.164216352,-100.578427877,100.578427877,165.050216375
908,1,0,negative,0.037296942561,-0.107491405958,0.134983389313,37.296942561,-107.491405958,134.983389313,-100.795429676,100.795429676,165.869389335
909,0,0,negative,0.0372165409692,-0.107491405958,0.135239536422,37.2165409692,-107.491405958,135.239536422,-100.875831268,100.875831268,166.125536444
909,1,0,negative,0.037296942561,-0.107491405958,0.134983389313,37.296942561,-107.491405958,134.983389313,-100.795429676,100.795429676,165.869389335
910,0,0,negative,0.0371903892218,-0.107491405958,0.135330296396,37.1903892218,-107.491405958,135.330296396,-100.901983015,100.901983015,166.216296418
910,1,0,negative,0.0372165409692,-0.107491405958,0.135239536422,37.2165409692,-107.491405958,135.239536422,-100.875831268,100.875831268,166.125536444
911,0,0,negative,0.0371903892218,-0.107491405958,0.135330296396,37.1903892218,-107.491405958,135.330296396,-100.901983015,100.901983015,166.216296418
911,1,0,negative,0.0368608846948,-0.107491405958,0.136519595627,36.8608846948,-107.491405958,136.519595627,-101.231487542,101.231487542,167.405595649
912,0,0,negative,0.0368550080323,-0.107491405958,0.136545337667,36.8550080323,-107.491405958,136.545337667,-101.237364205,101.237364205,167.43133769
912,1,0,negative,0.0367282162127,-0.107491405958,0.137186409535,36.7282162127,-107.491405958,137.186409535,-101.364156025,101.364156025,168.072409558
913,0,0,negative,0.0368550080323,-0.107491405958,0.136545337667,36.8550080323,-107.491405958,136.545337667,-101.237364205,101.237364205,167.43133769
913,1,0,negative,0.0368608846948,-0.107491405958,0.136519595627,36.8608846948,-107.491405958,136.519595627,-101.231487542,101.231487542,167.405595649
914,0,0,negative,0.0367282162127,-0.107491405958,0.137186409535,36.7282162127,-107.491405958,137.186409535,-101.364156025,101.364156025,168.072409558
914,1,0,negative,0.0365840516495,-0.107491405958,0.137598685099,36.5840516495,-107.491405958,137.598685099,-101.508320588,101.508320588,168.484685121
915,0,0,negative,0.036576580635,-0.107491405958,0.137625576634,36.576580635,-107.491405958,137.625576634,-101.515791602,101.515791602,168.511576657
915,1,0,negative,0.0365840516495,-0.107491405958,0.137598685099,36.5840516495,-107.491405958,137.598685099,-101.508320588,101.508320588,168.484685121
916,0,0,negative,0.036562664875,-0.107491405958,0.137685598474,36.562664875,-107.491405958,137.685598474,-101.529707362,101.529707362,168.571598496
916,1,0,negative,0.036576580635,-0.107491405958,0.137625576634,36.576580635,-107.491405958,137.625576634,-101.515791602,101.515791602,168.511576657
917,0,0,negative,0.0365524278204,-0.107491405958,0.137719610736,36.5524278204,-107.491405958,137.719610736,-101.539944417,101.539944417,168.605610758
917,1,0,negative,0.0362640201476,-0.107491405958,0.13883714321,36.2640201476,-107.491405958,138.83714321,-101.82835209,101.82835209,169.723143232
918,0,0,negative,0.0365524278204,-0.107491405958,0.137719610736,36.5524278204,-107.491405958,137.719610736,-101.539944417,101.539944417,168.605610758
918,1,0,negative,0.036562664875,-0.107491405958,0.137685598474,36.562664875,-107.491405958,137.685598474,-101.529707362,101.529707362,168.571598496
919,0,0,negative,0.0351086501504,-0.107491405958,0.129612966956,35.1086501504,-107.491405958,129.612966956,-102.983722087,102.983722087,160.498966978
919,1,0,negative,0.0352231760734,-0.107491405958,0.128931906492,35.2231760734,-107.491405958,128.931906492,-102.869196164,102.869196164,159.817906514
920,0,0,negative,0.0351086501504,-0.107491405958,0.129612966956,35.1086501504,-107.491405958,129.612966956,-102.983722087,102.983722087,160.498966978
920,1,0,negative,0.0350904839257,-0.107491405958,0.13013496282,35.0904839257,-107.491405958,130.13496282,-103.001888312,103.001888312,161.020962842
921,0,0,negative,0.0351157758727,-0.107491405958,0.130270112571,35.1157758727,-107.491405958,130.270112571,-102.976596364,102.976596364,161.156112593
921,1,0,negative,0.0352367526349,-0.107491405958,0.130708266755,35.2367526349,-107.491405958,130.708266755,-102.855619602,102.855619602,161.594266777
922,0,0,negative,0.0352367526349,-0.107491405958,0.130708266755,35.2367526349,-107.491405958,130.708266755,-102.855619602,102.855619602,161.594266777
922,1,0,negative,0.0353931684008,-0.107491405958,0.13102171059,35.3931684008,-107.491405958,131.02171059,-102.699203836,102.699203836,161.907710612
923,0,0,negative,0.0353931684008,-0.107491405958,0.13102171059,35.3931684008,-107.491405958,131.02171059,-102.699203836,102.699203836,161.907710612
923,1,0,negative,0.0354252511236,-0.107491405958,0.13128734187,35.4252511236,-107.491405958,131.28734187,-102.667121114,102.667121114,162.173341893
924,0,0,negative,0.0354503131363,-0.107491405958,0.131573867946,35.4503131363,-107.491405958,131.573867946,-102.642059101,102.642059101,162.459867968
924,1,0,negative,0.0353819252924,-0.107491405958,0.13181569944,35.3819252924,-107.491405958,131.81569944,-102.710446945,102.710446945,162.701699463
925,0,0,negative,0.0354774271938,-0.107491405958,0.13148481573,35.4774271938,-107.491405958,131.48481573,-102.614945043,102.614945043,162.370815752
925,1,0,negative,0.0354252511236,-0.107491405958,0.13128734187,35.4252511236,-107.491405958,131.28734187,-102.667121114,102.667121114,162.173341893
926,0,0,negative,0.0354503131363,-0.107491405958,0.131573867946,35.4503131363,-107.491405958,131.573867946,-102.642059101,102.642059101,162.459867968
926,1,0,negative,0.0354774271938,-0.107491405958,0.13148481573,35.4774271938,-107.491405958,131.48481573,-102.614945043,102.614945043,162.370815752
927,0,0,negative,0.0353819252924,-0.107491405958,0.13181569944,35.3819252924,-107.491405958,131.81569944,-102.710446945,102.710446945,162.701699463
927,1,0,negative,0.0350662740421,-0.107491405958,0.132495016231,35.0662740421,-107.491405958,132.495016231,-103.026098195,103.026098195,163.381016254
928,0,0,negative,0.0350892807042,-0.107491405958,0.130177789819,35.0892807042,-107.491405958,130.177789819,-103.003091533,103.003091533,161.063789841
928,1,0,negative,0.0350904839257,-0.107491405958,0.13013496282,35.0904839257,-107.491405958,130.13496282,-103.001888312,103.001888312,161.020962842
929,0,0,negative,0.0350930726717,-0.107491405958,0.130193176892,35.0930726717,-107.491405958,130.193176892,-102.999299566,102.999299566,161.079176914
929,1,0,negative,0.0350892807042,-0.107491405958,0.130177789819,35.0892807042,-107.491405958,130.177789819,-103.003091533,103.003091533,161.063789841
930,0,0,negative,0.0351157758727,-0.107491405958,0.130270112571,35.1157758727,-107.491405958,130.270112571,-102.976596364,102.976596364,161.156112593
930,1,0,negative,0.0350930726717,-0.107491405958,0.130193176892,35.0930726717,-107.491405958,130.193176892,-102.999299566,102.999299566,161.079176914
931,0,0,negative,0.0349777666083,-0.107491405958,0.132738016943,34.9777666083,-107.491405958,132.738016943,-103.114605629,103.114605629,163.624016965
931,1,0,negative,0.0350662740421,-0.107491405958,0.132495016231,35.0662740421,-107.491405958,132.495016231,-103.026098195,103.026098195,163.381016254
932,0,0,negative,0.0349099548257,-0.107491405958,0.132943810181,34.9099548257,-107.491405958,132.943810181,-103.182417411,103.182417411,163.829810203
932,1,0,negative,0.0349777666083,-0.107491405958,0.132738016943,34.9777666083,-107.491405958,132.738016943,-103.114605629,103.114605629,163.624016965
933,0,0,negative,0.0349099548257,-0.107491405958,0.132943810181,34.9099548257,-107.491405958,132.943810181,-103.182417411,103.182417411,163.829810203
933,1,0,negative,0.0346815873631,-0.107491405958,0.133337997063,34.6815873631,-107.491405958,133.337997063,-103.410784874,103.410784874,164.223997085
934,0,0,negative,0.0344695405256,-0.107491405958,0.133766659589,34.4695405256,-107.491405958,133.766659589,-103.622831712,103.622831712,164.652659611
934,1,0,negative,0.0346815873631,-0.107491405958,0.133337997063,34.6815873631,-107.491405958,133.337997063,-103.410784874,103.410784874,164.223997085
935,0,0,negative,0.0344695405256,-0.107491405958,0.133766659589,34.4695405256,-107.491405958,133.766659589,-103.622831712,103.622831712,164.652659611
935,1,0,negative,0.0344466825813,-0.107491405958,0.133816412967,34.4466825813,-107.491405958,133.816412967,-103.645689656,103.645689656,164.702412989
936,0,0,negative,0.0342166891917,-0.107491405958,0.134684186932,34.2166891917,-107.491405958,134.684186932,-103.875683046,103.875683046,165.570186955
936,1,0,negative,0.0344466825813,-0.107491405958,0.133816412967,34.4466825813,-107.491405958,133.816412967,-103.645689656,103.645689656,164.702412989
937,0,0,negative,0.0342166891917,-0.107491405958,0.134684186932,34.2166891917,-107.491405958,134.684186932,-103.875683046,103.875683046,165.570186955
937,1,0,negative,0.0341332589191,-0.107491405958,0.135166896947,34.1332589191,-107.491405958,135.166896947,-103.959113318,103.959113318,166.052896969
938,0,0,negative,0.0340125861158,-0.107491405958,0.136021268897,34.0125861158,-107.491405958,136.021268897,-104.079786121,104.079786121,166.907268919
938,1,0,negative,0.0341332589191,-0.107491405958,0.135166896947,34.1332589191,-107.491405958,135.166896947,-103.959113318,103.959113318,166.052896969
939,0,0,negative,0.0340125861158,-0.107491405958,0.136021268897,34.0125861158,-107.491405958,136.021268897,-104.079786121,104.079786121,166.907268919
939,1,0,negative,0.0339511013836,-0.107491405958,0.136350345085,33.9511013836,-107.491405958,136.350345085,-104.141270854,104.141270854,167.236345108
940,0,0,negative,0.0339511013836,-0.107491405958,0.136350345085,33.9511013836,-107.491405958,136.350345085,-104.141270854,104.141270854,167.236345108
940,1,0,negative,0.0338389137019,-0.107491405958,0.136780923791,33.8389137019,-107.491405958,136.780923791,-104.253458535,104.253458535,167.666923813
941,0,0,negative,0.0337612053201,-0.107491405958,0.137211468756,33.7612053201,-107.491405958,137.211468756,-104.331166917,104.331166917,168.097468779
941,1,0,negative,0.0338389137019,-0.107491405958,0.136780923791,33.8389137019,-107.491405958,136.780923791,-104.253458535,104.253458535,167.666923813
942,0,0,negative,0.0362640201476,-0.107491405958,0.13883714321,36.2640201476,-107.491405958,138.83714321,-101.82835209,101.82835209,169.723143232
942,1,0,negative,0.0361971826942,-0.107491405958,0.139074920753,36.1971826942,-107.491405958,139.074920753,-101.895189543,101.895189543,169.960920775
943,0,0,negative,0.0361971826942,-0.107491405958,0.139074920753,36.1971826942,-107.491405958,139.074920753,-101.895189543,101.895189543,169.960920775
943,1,0,negative,0.0361552665624,-0.107491405958,0.139397991938,36.1552665624,-107.491405958,139.397991938,-101.937105675,101.937105675,170.283991961
944,0,0,negative,0.0336063013742,-0.107491405958,0.137781613115,33.6063013742,-107.491405958,137.781613115,-104.486070863,104.486070863,168.667613137
944,1,0,negative,0.0337612053201,-0.107491405958,0.137211468756,33.7612053201,-107.491405958,137.211468756,-104.331166917,104.331166917,168.097468779
945,0,0,negative,0.0336063013742,-0.107491405958,0.137781613115,33.6063013742,-107.491405958,137.781613115,-104.486070863,104.486070863,168.667613137
945,1,0,negative,0.0334981062255,-0.107491405958,0.13818690393,33.4981062255,-107.491405958,138.18690393,-104.594266012,104.594266012,169.072903952
946,0,0,negative,0.0334281393859,-0.107491405958,0.13848400297,33.4281393859,-107.491405958,138.48400297,-104.664232851,104.664232851,169.370002992
946,1,0,negative,0.0334981062255,-0.107491405958,0.13818690393,33.4981062255,-107.491405958,138.18690393,-104.594266012,104.594266012,169.072903952
947,0,0,negative,0.036090363505,-0.107491405958,0.139859129383,36.090363505,-107.491405958,139.859129383,-102.002008732,102.002008732,170.745129405
947,1,0,negative,0.0361552665624,-0.107491405958,0.139397991938,36.1552665624,-107.491405958,139.397991938,-101.937105675,101.937105675,170.283991961
948,0,0,negative,0.036090363505,-0.107491405958,0.139859129383,36.090363505,-107.491405958,139.859129383,-102.002008732,102.002008732,170.745129405
948,1,0,negative,0.036073303419,-0.107491405958,0.140173691829,36.073303419,-107.491405958,140.173691829,-102.019068818,102.019068818,171.059691851
949,0,0,negative,0.035904597912,-0.107491405958,0.140834201516,35.904597912,-107.491405958,140.834201516,-102.187774325,102.187774325,171.720201538
949,1,0,negative,0.036073303419,-0.107491405958,0.140173691829,36.073303419,-107.491405958,140.173691829,-102.019068818,102.019068818,171.059691851
950,0,0,negative,0.035904597912,-0.107491405958,0.140834201516,35.904597912,-107.491405958,140.834201516,-102.187774325,102.187774325,171.720201538
950,1,0,negative,0.0356165475415,-0.107491405958,0.141930002445,35.6165475415,-107.491405958,141.930002445,-102.475824696,102.475824696,172.816002467
951,0,0,negative,0.0355653693248,-0.107491405958,0.142237001876,35.5653693248,-107.491405958,142.237001876,-102.527002912,102.527002912,173.123001899
951,1,0,negative,0.0356165475415,-0.107491405958,0.141930002445,35.6165475415,-107.491405958,141.930002445,-102.475824696,102.475824696,172.816002467
952,0,0,negative,0.0331057714009,-0.107491405958,0.139894602603,33.1057714009,-107.491405958,139.894602603,-104.986600836,104.986600836,170.780602626
952,1,0,negative,0.0331734862448,-0.107491405958,0.13951106029,33.1734862448,-107.491405958,139.51106029,-104.918885992,104.918885992,170.397060313
953,0,0,negative,0.0334281393859,-0.107491405958,0.13848400297,33.4281393859,-107.491405958,138.48400297,-104.664232851,104.664232851,169.370002992
953,1,0,negative,0.0331734862448,-0.107491405958,0.13951106029,33.1734862448,-107.491405958,139.51106029,-104.918885992,104.918885992,170.397060313
954,0,0,negative,0.0325707086096,-0.107491405958,0.142622783495,32.5707086096,-107.491405958,142.622783495,-105.521663628,105.521663628,173.508783518
954,1,0,negative,0.0325658785874,-0.107491405958,0.142648618945,32.5658785874,-107.491405958,142.648618945,-105.52649365,105.52649365,173.534618968
955,0,0,negative,0.0331057714009,-0.107491405958,0.139894602603,33.1057714009,-107.491405958,139.894602603,-104.986600836,104.986600836,170.780602626
955,1,0,negative,0.0330045874457,-0.107491405958,0.140423052123,33.0045874457,-107.491405958,140.423052123,-105.087784792,105.087784792,171.309052145
956,0,0,negative,0.0330027156581,-0.107491405958,0.140441191371,33.0027156581,-107.491405958,140.441191371,-105.089656579,105.089656579,171.327191393
956,1,0,negative,0.0330045874457,-0.107491405958,0.140423052123,33.0045874457,-107.491405958,140.423052123,-105.087784792,105.087784792,171.309052145
957,0,0,negative,0.0330027156581,-0.107491405958,0.140441191371,33.0027156581,-107.491405958,140.441191371,-105.089656579,105.089656579,171.327191393
957,1,0,negative,0.0328430625828,-0.107491405958,0.141427999296,32.8430625828,-107.491405958,141.427999296,-105.249309654,105.249309654,172.313999318
958,0,0,negative,0.0327724154143,-0.107491405958,0.141812767109,32.7724154143,-107.491405958,141.812767109,-105.319956823,105.319956823,172.698767131
958,1,0,negative,0.0328430625828,-0.107491405958,0.141427999296,32.8430625828,-107.491405958,141.427999296,-105.249309654,105.249309654,172.313999318
959,0,0,negative,0.0355362453409,-0.107491405958,0.142395344633,35.5362453409,-107.491405958,142.395344633,-102.556126896,102.556126896,173.281344655
959,1,0,negative,0.0355653693248,-0.107491405958,0.142237001876,35.5653693248,-107.491405958,142.237001876,-102.527002912,102.527002912,173.123001899
960,0,0,negative,0.035512976745,-0.107491405958,0.142728684844,35.512976745,-107.491405958,142.728684844,-102.579395492,102.579395492,173.614684866
960,1,0,negative,0.0355362453409,-0.107491405958,0.142395344633,35.5362453409,-107.491405958,142.395344633,-102.556126896,102.556126896,173.281344655
961,0,0,negative,0.035512976745,-0.107491405958,0.142728684844,35.512976745,-107.491405958,142.728684844,-102.579395492,102.579395492,173.614684866
961,1,0,negative,0.0354550800054,-0.107491405958,0.143342998076,35.4550800054,-107.491405958,143.342998076,-102.637292232,102.637292232,174.228998098
962,0,0,negative,0.0354550800054,-0.107491405958,0.143342998076,35.4550800054,-107.491405958,143.342998076,-102.637292232,102.637292232,174.228998098
962,1,0,negative,0.0354288527025,-0.107491405958,0.143848578678,35.4288527025,-107.491405958,143.848578678,-102.663519535,102.663519535,174.7345787
963,0,0,negative,0.0353703268768,-0.107491405958,0.144349984499,35.3703268768,-107.491405958,144.349984499,-102.72204536,102.72204536,175.235984521
963,1,0,negative,0.0354288527025,-0.107491405958,0.143848578678,35.4288527025,-107.491405958,143.848578678,-102.663519535,102.663519535,174.7345787
964,0,0,negative,0.0353463824381,-0.107491405958,0.144915522622,35.3463824381,-107.491405958,144.915522622,-102.745989799,102.745989799,175.801522644
964,1,0,negative,0.0353703268768,-0.107491405958,0.144349984499,35.3703268768,-107.491405958,144.349984499,-102.72204536,102.72204536,175.235984521
965,0,0,negative,0.0353463824381,-0.107491405958,0.144915522622,35.3463824381,-107.491405958,144.915522622,-102.745989799,102.745989799,175.801522644
965,1,0,negative,0.0353472077565,-0.107491405958,0.145138338487,35.3472077565,-107.491405958,145.138338487,-102.745164481,102.745164481,176.024338509
966,0,0,negative,0.0353472077565,-0.107491405958,0.145138338487,35.3472077565,-107.491405958,145.138338487,-102.745164481,102.745164481,176.024338509
966,1,0,negative,0.0353160042542,-0.107491405958,0.14529341621,35.3160042542,-107.491405958,145.29341621,-102.776367983,102.776367983,176.179416233
967,0,0,negative,0.0352944050842,-0.107491405958,0.146270383658,35.2944050842,-107.491405958,146.270383658,-102.797967153,102.797967153,177.15638368
967,1,0,negative,0.0352949163829,-0.107491405958,0.146415251015,35.2949163829,-107.491405958,146.415251015,-102.797455854,102.797455854,177.301251037
968,0,0,negative,0.0352944050842,-0.107491405958,0.146270383658,35.2944050842,-107.491405958,146.270383658,-102.797967153,102.797967153,177.15638368
968,1,0,negative,0.0353160042542,-0.107491405958,0.14529341621,35.3160042542,-107.491405958,145.29341621,-102.776367983,102.776367983,176.179416233
969,0,0,negative,0.0325658785874,-0.107491405958,0.142648618945,32.5658785874,-107.491405958,142.648618945,-105.52649365,105.52649365,173.534618968
969,1,0,negative,0.0325622452234,-0.107491405958,0.142672555665,32.5622452234,-107.491405958,142.672555665,-105.530127014,105.530127014,173.558555687
970,0,0,negative,0.0325707086096,-0.107491405958,0.142622783495,32.5707086096,-107.491405958,142.622783495,-105.521663628,105.521663628,173.508783518
970,1,0,negative,0.0327724154143,-0.107491405958,0.141812767109,32.7724154143,-107.491405958,141.812767109,-105.319956823,105.319956823,172.698767131
971,0,0,negative,0.0323778425863,-0.107491405958,0.143866436677,32.3778425863,-107.491405958,143.866436677,-105.714529651,105.714529651,174.752436699
971,1,0,negative,0.0325622452234,-0.107491405958,0.142672555665,32.5622452234,-107.491405958,142.672555665,-105.530127014,105.530127014,173.558555687
972,0,0,negative,0.0321942290553,-0.107491405958,0.145052605565,32.1942290553,-107.491405958,145.052605565,-105.898143182,105.898143182,175.938605588
972,1,0,negative,0.0323778425863,-0.107491405958,0.143866436677,32.3778425863,-107.491405958,143.866436677,-105.714529651,105.714529651,174.752436699
973,0,0,negative,0.0321942290553,-0.107491405958,0.145052605565,32.1942290553,-107.491405958,145.052605565,-105.898143182,105.898143182,175.938605588
973,1,0,negative,0.0321393545644,-0.107491405958,0.145429230137,32.1393545644,-107.491405958,145.429230137,-105.953017673,105.953017673,176.31523016
974,0,0,negative,0.0321393545644,-0.107491405958,0.145429230137,32.1393545644,-107.491405958,145.429230137,-105.953017673,105.953017673,176.31523016
974,1,0,negative,0.0320260945332,-0.107491405958,0.146493237308,32.0260945332,-107.491405958,146.493237308,-106.066277704,106.066277704,177.37923733
975,0,0,negative,0.0319318596134,-0.107491405958,0.147383980068,31.9318596134,-107.491405958,147.383980068,-106.160512624,106.160512624,178.26998009
975,1,0,negative,0.0320260945332,-0.107491405958,0.146493237308,32.0260945332,-107.491405958,146.493237308,-106.066277704,106.066277704,177.37923733
976,0,0,negative,0.0352949163829,-0.107491405958,0.146415251015,35.2949163829,-107.491405958,146.415251015,-102.797455854,102.797455854,177.301251037
976,1,0,negative,0.0352501904189,-0.107491405958,0.146743720873,35.2501904189,-107.491405958,146.743720873,-102.842181818,102.842181818,177.629720895
977,0,0,negative,0.0352077803452,-0.107491405958,0.147301642574,35.2077803452,-107.491405958,147.301642574,-102.884591892,102.884591892,178.187642597
977,1,0,negative,0.0352501904189,-0.107491405958,0.146743720873,35.2501904189,-107.491405958,146.743720873,-102.842181818,102.842181818,177.629720895
978,0,0,negative,0.0352077803452,-0.107491405958,0.147301642574,35.2077803452,-107.491405958,147.301642574,-102.884591892,102.884591892,178.187642597
978,1,0,negative,0.0352140704019,-0.107491405958,0.147980012763,35.2140704019,-107.491405958,147.980012763,-102.878301835,102.878301835,178.866012785
979,0,0,negative,0.035228391436,-0.107491405958,0.148372362101,35.228391436,-107.491405958,148.372362101,-102.863980801,102.863980801,179.258362124
979,1,0,negative,0.0352586988595,-0.107491405958,0.148850563032,35.2586988595,-107.491405958,148.850563032,-102.833673378,102.833673378,179.736563054
980,0,0,negative,0.0352077143645,-0.107491405958,0.148139249258,35.2077143645,-107.491405958,148.139249258,-102.884657873,102.884657873,179.025249281
980,1,0,negative,0.0352140704019,-0.107491405958,0.147980012763,35.2140704019,-107.491405958,147.980012763,-102.878301835,102.878301835,178.866012785
981,0,0,negative,0.035228391436,-0.107491405958,0.148372362101,35.228391436,-107.491405958,148.372362101,-102.863980801,102.863980801,179.258362124
981,1,0,negative,0.0352077143645,-0.107491405958,0.148139249258,35.2077143645,-107.491405958,148.139249258,-102.884657873,102.884657873,179.025249281
982,0,0,negative,0.0352586988595,-0.107491405958,0.148850563032,35.2586988595,-107.491405958,148.850563032,-102.833673378,102.833673378,179.736563054
982,1,0,negative,0.0352379308015,-0.107491405958,0.149098687452,35.2379308015,-107.491405958,149.098687452,-102.854441436,102.854441436,179.984687474
983,0,0,negative,0.0351873469479,-0.107491405958,0.149675615679,35.1873469479,-107.491405958,149.675615679,-102.905025289,102.905025289,180.561615701
983,1,0,negative,0.0352379308015,-0.107491405958,0.149098687452,35.2379308015,-107.491405958,149.098687452,-102.854441436,102.854441436,179.984687474
984,0,0,negative,0.0351873469479,-0.107491405958,0.149675615679,35.1873469479,-107.491405958,149.675615679,-102.905025289,102.905025289,180.561615701
984,1,0,negative,0.0351963358939,-0.107491405958,0.149951927111,35.1963358939,-107.491405958,149.951927111,-102.896036343,102.896036343,180.837927134
985,0,0,negative,0.0351963358939,-0.107491405958,0.149951927111,35.1963358939,-107.491405958,149.951927111,-102.896036343,102.896036343,180.837927134
985,1,0,negative,0.0351688976699,-0.107491405958,0.15016052562,35.1688976699,-107.491405958,150.16052562,-102.923474567,102.923474567,181.046525642
986,0,0,negative,0.035185437396,-0.107491405958,0.150505425061,35.185437396,-107.491405958,150.505425061,-102.906934841,102.906934841,181.391425083
986,1,0,negative,0.0351590541086,-0.107491405958,0.150980084568,35.1590541086,-107.491405958,150.980084568,-102.933318129,102.933318129,181.86608459
987,0,0,negative,0.0351114469955,-0.107491405958,0.151347468828,35.1114469955,-107.491405958,151.347468828,-102.980925242,102.980925242,182.23346885
987,1,0,negative,0.0351559115953,-0.107491405958,0.151822254908,35.1559115953,-107.491405958,151.822254908,-102.936460642,102.936460642,182.708254931
988,0,0,negative,0.035185437396,-0.107491405958,0.150505425061,35.185437396,-107.491405958,150.505425061,-102.906934841,102.906934841,181.391425083
988,1,0,negative,0.0351688976699,-0.107491405958,0.15016052562,35.1688976699,-107.491405958,150.16052562,-102.923474567,102.923474567,181.046525642
989,0,0,negative,0.0351114469955,-0.107491405958,0.151347468828,35.1114469955,-107.491405958,151.347468828,-102.980925242,102.980925242,182.23346885
989,1,0,negative,0.0351590541086,-0.107491405958,0.150980084568,35.1590541086,-107.491405958,150.980084568,-102.933318129,102.933318129,181.86608459
990,0,0,negative,0.0319318596134,-0.107491405958,0.147383980068,31.9318596134,-107.491405958,147.383980068,-106.160512624,106.160512624,178.26998009
990,1,0,negative,0.031869004539,-0.107491405958,0.148560381371,31.869004539,-107.491405958,148.560381371,-106.223367698,106.223367698,179.446381393
991,0,0,negative,0.0318691030623,-0.107491405958,0.148726917846,31.8691030623,-107.491405958,148.726917846,-106.223269175,106.223269175,179.612917868
991,1,0,negative,0.031869004539,-0.107491405958,0.148560381371,31.869004539,-107.491405958,148.560381371,-106.223367698,106.223367698,179.446381393
992,0,0,negative,0.0318610171401,-0.107491405958,0.148893117828,31.8610171401,-107.491405958,148.893117828,-106.231355097,106.231355097,179.779117851
992,1,0,negative,0.0318691030623,-0.107491405958,0.148726917846,31.8691030623,-107.491405958,148.726917846,-106.223269175,106.223269175,179.612917868
993,0,0,negative,0.0318488991186,-0.107491405958,0.149149798808,31.8488991186,-107.491405958,149.149798808,-106.243473119,106.243473119,180.03579883
993,1,0,negative,0.0318610171401,-0.107491405958,0.148893117828,31.8610171401,-107.491405958,148.893117828,-106.231355097,106.231355097,179.779117851
994,0,0,negative,0.0318488991186,-0.107491405958,0.149149798808,31.8488991186,-107.491405958,149.149798808,-106.243473119,106.243473119,180.03579883
994,1,0,negative,0.0317528855086,-0.107491405958,0.150180879422,31.7528855086,-107.491405958,150.180879422,-106.339486729,106.339486729,181.066879444
995,0,0,negative,0.0316415039722,-0.107491405958,0.151218563627,31.6415039722,-107.491405958,151.218563627,-106.450868265,106.450868265,182.104563649
995,1,0,negative,0.0317528855086,-0.107491405958,0.150180879422,31.7528855086,-107.491405958,150.180879422,-106.339486729,106.339486729,181.066879444
996,0,0,negative,0.0316415039722,-0.107491405958,0.151218563627,31.6415039722,-107.491405958,151.218563627,-106.450868265,106.450868265,182.104563649
996,1,0,negative,0.0315477459282,-0.107491405958,0.152026607455,31.5477459282,-107.491405958,152.026607455,-106.544626309,106.544626309,182.912607477
997,0,0,negative,0.0351559115953,-0.107491405958,0.151822254908,35.1559115953,-107.491405958,151.822254908,-102.936460642,102.936460642,182.708254931
997,1,0,negative,0.0350931441877,-0.107491405958,0.152993710175,35.0931441877,-107.491405958,152.993710175,-102.99922805,102.99922805,183.879710198
998,0,0,negative,0.0350822295691,-0.107491405958,0.153154502283,35.0822295691,-107.491405958,153.154502283,-103.010142668,103.010142668,184.040502305
998,1,0,negative,0.0350931441877,-0.107491405958,0.152993710175,35.0931441877,-107.491405958,152.993710175,-102.99922805,102.99922805,183.879710198
999,0,0,negative,0.0350811776731,-0.107491405958,0.153296728702,35.0811776731,-107.491405958,153.296728702,-103.011194564,103.011194564,184.182728725
999,1,0,negative,0.0350822295691,-0.107491405958,0.153154502283,35.0822295691,-107.491405958,153.154502283,-103.010142668,103.010142668,184.040502305
1000,0,0,negative,0.0350811776731,-0.107491405958,0.153296728702,35.0811776731,-107.491405958,153.296728702,-103.011194564,103.011194564,184.182728725
1000,1,0,negative,0.0351220182055,-0.107491405958,0.15412238278,35.1220182055,-107.491405958,154.12238278,-102.970354032,102.970354032,185.008382802
1001,0,0,negative,0.0351220182055,-0.107491405958,0.15412238278,35.1220182055,-107.491405958,154.12238278,-102.970354032,102.970354032,185.008382802
1001,1,0,negative,0.0349747440549,-0.107491405958,0.155239867189,34.9747440549,-107.491405958,155.239867189,-103.117628182,103.117628182,186.125867211
1002,0,0,negative,0.034970504065,-0.107491405958,0.155320660085,34.970504065,-107.491405958,155.320660085,-103.121868172,103.121868172,186.206660107
1002,1,0,negative,0.0348983283868,-0.107491405958,0.156487843785,34.8983283868,-107.491405958,156.487843785,-103.19404385,103.19404385,187.373843808
1003,0,0,negative,0.0349706573001,-0.107491405958,0.155276102385,34.9706573001,-107.491405958,155.276102385,-103.121714937,103.121714937,186.162102407
1003,1,0,negative,0.0349747440549,-0.107491405958,0.155239867189,34.9747440549,-107.491405958,155.239867189,-103.117628182,103.117628182,186.125867211
1004,0,0,negative,0.034970504065,-0.107491405958,0.155320660085,34.970504065,-107.491405958,155.320660085,-103.121868172,103.121868172,186.206660107
1004,1,0,negative,0.0349708427888,-0.107491405958,0.155294107619,34.9708427888,-107.491405958,155.294107619,-103.121529448,103.121529448,186.180107641
1005,0,0,negative,0.0349708427888,-0.107491405958,0.155294107619,34.9708427888,-107.491405958,155.294107619,-103.121529448,103.121529448,186.180107641
1005,1,0,negative,0.0349706573001,-0.107491405958,0.155276102385,34.9706573001,-107.491405958,155.276102385,-103.121714937,103.121714937,186.162102407
1006,0,0,negative,0.0315356042145,-0.107491405958,0.152368374121,31.5356042145,-107.491405958,152.368374121,-106.556768023,106.556768023,183.254374143
1006,1,0,negative,0.0315369272032,-0.107491405958,0.15317512446,31.5369272032,-107.491405958,153.17512446,-106.555445034,106.555445034,184.061124482
1007,0,0,negative,0.0315356042145,-0.107491405958,0.152368374121,31.5356042145,-107.491405958,152.368374121,-106.556768023,106.556768023,183.254374143
1007,1,0,negative,0.0315477459282,-0.107491405958,0.152026607455,31.5477459282,-107.491405958,152.026607455,-106.544626309,106.544626309,182.912607477
1008,0,0,negative,0.031520447653,-0.107491405958,0.153587307552,31.520447653,-107.491405958,153.587307552,-106.571924584,106.571924584,184.473307574
1008,1,0,negative,0.0315369272032,-0.107491405958,0.15317512446,31.5369272032,-107.491405958,153.17512446,-106.555445034,106.555445034,184.061124482
1009,0,0,negative,0.0315026178466,-0.107491405958,0.153820193819,31.5026178466,-107.491405958,153.820193819,-106.589754391,106.589754391,184.706193842
1009,1,0,negative,0.031520447653,-0.107491405958,0.153587307552,31.520447653,-107.491405958,153.587307552,-106.571924584,106.571924584,184.473307574
1010,0,0,negative,0.0348983283868,-0.107491405958,0.156487843785,34.8983283868,-107.491405958,156.487843785,-103.19404385,103.19404385,187.373843808
1010,1,0,negative,0.0348536832743,-0.107491405958,0.156969809897,34.8536832743,-107.491405958,156.969809897,-103.238688963,103.238688963,187.855809919
1011,0,0,negative,0.034813346834,-0.107491405958,0.157442230782,34.813346834,-107.491405958,157.442230782,-103.279025403,103.279025403,188.328230804
1011,1,0,negative,0.0348182820927,-0.107491405958,0.157639763273,34.8182820927,-107.491405958,157.639763273,-103.274090144,103.274090144,188.525763296
1012,0,0,negative,0.0348182820927,-0.107491405958,0.157639763273,34.8182820927,-107.491405958,157.639763273,-103.274090144,103.274090144,188.525763296
1012,1,0,negative,0.0348005213884,-0.107491405958,0.157868275284,34.8005213884,-107.491405958,157.868275284,-103.291850849,103.291850849,188.754275306
1013,0,0,negative,0.0345206327581,-0.107491405958,0.161527389952,34.5206327581,-107.491405958,161.527389952,-103.571739479,103.571739479,192.413389974
1013,1,0,negative,0.0345121390105,-0.107491405958,0.161846730594,34.5121390105,-107.491405958,161.846730594,-103.580233227,103.580233227,192.732730616
1014,0,0,negative,0.0348342528038,-0.107491405958,0.157180488643,34.8342528038,-107.491405958,157.180488643,-103.258119433,103.258119433,188.066488665
1014,1,0,negative,0.0348536832743,-0.107491405958,0.156969809897,34.8536832743,-107.491405958,156.969809897,-103.238688963,103.238688963,187.855809919
1015,0,0,negative,0.034813346834,-0.107491405958,0.157442230782,34.813346834,-107.491405958,157.442230782,-103.279025403,103.279025403,188.328230804
1015,1,0,negative,0.0348342528038,-0.107491405958,0.157180488643,34.8342528038,-107.491405958,157.180488643,-103.258119433,103.258119433,188.066488665
1016,0,0,negative,0.0347490523347,-0.107491405958,0.159071562798,34.7490523347,-107.491405958,159.071562798,-103.343319902,103.343319902,189.957562821
1016,1,0,negative,0.0348005213884,-0.107491405958,0.157868275284,34.8005213884,-107.491405958,157.868275284,-103.291850849,103.291850849,188.754275306
1017,0,0,negative,0.0347229051352,-0.107491405958,0.159737341279,34.7229051352,-107.491405958,159.737341279,-103.369467102,103.369467102,190.623341301
1017,1,0,negative,0.034755137494,-0.107491405958,0.159519172009,34.755137494,-107.491405958,159.519172009,-103.337234743,103.337234743,190.405172032
1018,0,0,negative,0.0347229051352,-0.107491405958,0.159737341279,34.7229051352,-107.491405958,159.737341279,-103.369467102,103.369467102,190.623341301
1018,1,0,negative,0.0345925795204,-0.107491405958,0.160818187872,34.5925795204,-107.491405958,160.818187872,-103.499792717,103.499792717,191.704187895
1019,0,0,negative,0.0345901345413,-0.107491405958,0.160852469101,34.5901345413,-107.491405958,160.852469101,-103.502237696,103.502237696,191.738469123
1019,1,0,negative,0.0345925795204,-0.107491405958,0.160818187872,34.5925795204,-107.491405958,160.818187872,-103.499792717,103.499792717,191.704187895
1020,0,0,negative,0.0347490523347,-0.107491405958,0.159071562798,34.7490523347,-107.491405958,159.071562798,-103.343319902,103.343319902,189.957562821
1020,1,0,negative,0.034755137494,-0.107491405958,0.159519172009,34.755137494,-107.491405958,159.519172009,-103.337234743,103.337234743,190.405172032
1021,0,0,negative,0.0345834031545,-0.107491405958,0.160942948173,34.5834031545,-107.491405958,160.942948173,-103.508969083,103.508969083,191.828948195
1021,1,0,negative,0.0345206327581,-0.107491405958,0.161527389952,34.5206327581,-107.491405958,161.527389952,-103.571739479,103.571739479,192.413389974
1022,0,0,negative,0.0313760692702,-0.107491405958,0.156125821645,31.3760692702,-107.491405958,156.125821645,-106.716302967,106.716302967,187.011821667
1022,1,0,negative,0.0313760041194,-0.107491405958,0.156128249098,31.3760041194,-107.491405958,156.128249098,-106.716368118,106.716368118,187.01424912
1023,0,0,negative,0.0315026178466,-0.107491405958,0.153820193819,31.5026178466,-107.491405958,153.820193819,-106.589754391,106.589754391,184.706193842
1023,1,0,negative,0.0314295071175,-0.107491405958,0.155488579069,31.4295071175,-107.491405958,155.488579069,-106.66286512,106.66286512,186.374579091
1024,0,0,negative,0.0313760692702,-0.107491405958,0.156125821645,31.3760692702,-107.491405958,156.125821645,-106.716302967,106.716302967,187.011821667
1024,1,0,negative,0.0314295071175,-0.107491405958,0.155488579069,31.4295071175,-107.491405958,155.488579069,-106.66286512,106.66286512,186.374579091
1025,0,0,negative,0.0313760041194,-0.107491405958,0.156128249098,31.3760041194,-107.491405958,156.128249098,-106.716368118,106.716368118,187.01424912
1025,1,0,negative,0.0313757548315,-0.107491405958,0.15613490281,31.3757548315,-107.491405958,156.13490281,-106.716617406,106.716617406,187.020902832
1026,0,0,negative,0.0313423797446,-0.107491405958,0.157297782071,31.3423797446,-107.491405958,157.297782071,-106.749992493,106.749992493,188.183782094
1026,1,0,negative,0.0313757548315,-0.107491405958,0.15613490281,31.3757548315,-107.491405958,156.13490281,-106.716617406,106.716617406,187.020902832
1027,0,0,negative,0.0313423797446,-0.107491405958,0.157297782071,31.3423797446,-107.491405958,157.297782071,-106.749992493,106.749992493,188.183782094
1027,1,0,negative,0.0313237784906,-0.107491405958,0.15867212318,31.3237784906,-107.491405958,158.67212318,-106.768593747,106.768593747,189.558123203
1028,0,0,negative,0.0313201960772,-0.107491405958,0.158934161816,31.3201960772,-107.491405958,158.934161816,-106.77217616,106.77217616,189.820161839
1028,1,0,negative,0.0313237784906,-0.107491405958,0.15867212318,31.3237784906,-107.491405958,158.67212318,-106.768593747,106.768593747,189.558123203
1029,0,0,negative,0.0313156037887,-0.107491405958,0.159126119801,31.3156037887,-107.491405958,159.126119801,-106.776768449,106.776768449,190.012119823
1029,1,0,negative,0.0312803340376,-0.107491405958,0.16024804234,31.2803340376,-107.491405958,160.24804234,-106.8120382,106.8120382,191.134042363
1030,0,0,negative,0.0312803340376,-0.107491405958,0.16024804234,31.2803340376,-107.491405958,160.24804234,-106.8120382,106.8120382,191.134042363
1030,1,0,negative,0.0312844494147,-0.107491405958,0.160673604336,31.2844494147,-107.491405958,160.673604336,-106.807922823,106.807922823,191.559604359
1031,0,0,negative,0.0312844494147,-0.107491405958,0.160673604336,31.2844494147,-107.491405958,160.673604336,-106.807922823,106.807922823,191.559604359
1031,1,0,negative,0.0312470117955,-0.107491405958,0.161044361458,31.2470117955,-107.491405958,161.044361458,-106.845360442,106.845360442,191.93036148
1032,0,0,negative,0.0313156037887,-0.107491405958,0.159126119801,31.3156037887,-107.491405958,159.126119801,-106.776768449,106.776768449,190.012119823
1032,1,0,negative,0.0313201960772,-0.107491405958,0.158934161816,31.3201960772,-107.491405958,158.934161816,-106.77217616,106.77217616,189.820161839
1033,0,0,negative,0.0345121390105,-0.107491405958,0.161846730594,34.5121390105,-107.491405958,161.846730594,-103.580233227,103.580233227,192.732730616
1033,1,0,negative,0.0345253322073,-0.107491405958,0.162102797896,34.5253322073,-107.491405958,162.102797896,-103.56704003,103.56704003,192.988797918
1034,0,0,negative,0.0345834031545,-0.107491405958,0.160942948173,34.5834031545,-107.491405958,160.942948173,-103.508969083,103.508969083,191.828948195
1034,1,0,negative,0.0345901345413,-0.107491405958,0.160852469101,34.5901345413,-107.491405958,160.852469101,-103.502237696,103.502237696,191.738469123
1035,0,0,negative,0.0345353833535,-0.107491405958,0.162555209919,34.5353833535,-107.491405958,162.555209919,-103.556988884,103.556988884,193.441209941
1035,1,0,negative,0.0345253322073,-0.107491405958,0.162102797896,34.5253322073,-107.491405958,162.102797896,-103.56704003,103.56704003,192.988797918
1036,0,0,negative,0.0345353833535,-0.107491405958,0.162555209919,34.5353833535,-107.491405958,162.555209919,-103.556988884,103.556988884,193.441209941
1036,1,0,negative,0.0345290069711,-0.107491405958,0.162633124045,34.5290069711,-107.491405958,162.633124045,-103.563365266,103.563365266,193.519124067
1037,0,0,negative,0.0345290069711,-0.107491405958,0.162633124045,34.5290069711,-107.491405958,162.633124045,-103.563365266,103.563365266,193.519124067
1037,1,0,negative,0.0345239144493,-0.107491405958,0.162879711625,34.5239144493,-107.491405958,162.879711625,-103.568457788,103.568457788,193.765711647
1038,0,0,negative,0.0345245416558,-0.107491405958,0.163501415785,34.5245416558,-107.491405958,163.501415785,-103.567830581,103.567830581,194.387415807
1038,1,0,negative,0.0345239144493,-0.107491405958,0.162879711625,34.5239144493,-107.491405958,162.879711625,-103.568457788,103.568457788,193.765711647
1039,0,0,negative,0.0344443285977,-0.107491405958,0.165006677272,34.4443285977,-107.491405958,165.006677272,-103.648043639,103.648043639,195.892677294
1039,1,0,negative,0.0344418656206,-0.107491405958,0.165072048463,34.4418656206,-107.491405958,165.072048463,-103.650506617,103.650506617,195.958048485
1040,0,0,negative,0.0344418656206,-0.107491405958,0.165072048463,34.4418656206,-107.491405958,165.072048463,-103.650506617,103.650506617,195.958048485
1040,1,0,negative,0.0344402128089,-0.107491405958,0.165096900077,34.4402128089,-107.491405958,165.096900077,-103.652159428,103.652159428,195.982900099
1041,0,0,negative,0.0345111242415,-0.107491405958,0.163756081427,34.5111242415,-107.491405958,163.756081427,-103.581247996,103.581247996,194.642081449
1041,1,0,negative,0.0345245416558,-0.107491405958,0.163501415785,34.5245416558,-107.491405958,163.501415785,-103.567830581,103.567830581,194.387415807
1042,0,0,negative,0.0344443285977,-0.107491405958,0.165006677272,34.4443285977,-107.491405958,165.006677272,-103.648043639,103.648043639,195.892677294
1042,1,0,negative,0.0345111242415,-0.107491405958,0.163756081427,34.5111242415,-107.491405958,163.756081427,-103.581247996,103.581247996,194.642081449
1043,0,0,negative,0.0344402128089,-0.107491405958,0.165096900077,34.4402128089,-107.491405958,165.096900077,-103.652159428,103.652159428,195.982900099
1043,1,0,negative,0.0344389811562,-0.107491405958,0.16510775312,34.4389811562,-107.491405958,165.10775312,-103.653391081,103.653391081,195.993753142
1044,0,0,negative,0.034340504873,-0.107491405958,0.165943427303,34.340504873,-107.491405958,165.943427303,-103.751867364,103.751867364,196.829427325
1044,1,0,negative,0.0344389811562,-0.107491405958,0.16510775312,34.4389811562,-107.491405958,165.10775312,-103.653391081,103.653391081,195.993753142
1045,0,0,negative,0.034340504873,-0.107491405958,0.165943427303,34.340504873,-107.491405958,165.943427303,-103.751867364,103.751867364,196.829427325
1045,1,0,negative,0.0343142471179,-0.107491405958,0.166504482364,34.3142471179,-107.491405958,166.504482364,-103.778125119,103.778125119,197.390482386
1046,0,0,negative,0.0343267278123,-0.107491405958,0.16697179385,34.3267278123,-107.491405958,166.97179385,-103.765644425,103.765644425,197.857793872
1046,1,0,negative,0.0343142471179,-0.107491405958,0.166504482364,34.3142471179,-107.491405958,166.504482364,-103.778125119,103.778125119,197.390482386
1047,0,0,negative,0.0343377820932,-0.107491405958,0.167117587568,34.3377820932,-107.491405958,167.117587568,-103.754590144,103.754590144,198.00358759
1047,1,0,negative,0.0343267278123,-0.107491405958,0.16697179385,34.3267278123,-107.491405958,166.97179385,-103.765644425,103.765644425,197.857793872
1048,0,0,negative,0.0343040260991,-0.107491405958,0.167325580521,34.3040260991,-107.491405958,167.325580521,-103.788346138,103.788346138,198.211580544
1048,1,0,negative,0.0343377820932,-0.107491405958,0.167117587568,34.3377820932,-107.491405958,167.117587568,-103.754590144,103.754590144,198.00358759
1049,0,0,negative,0.0342242170753,-0.107491405958,0.168386655461,34.2242170753,-107.491405958,168.386655461,-103.868155162,103.868155162,199.272655483
1049,1,0,negative,0.0342754367985,-0.107491405958,0.16798609119,34.2754367985,-107.491405958,167.98609119,-103.816935439,103.816935439,198.872091212
1050,0,0,negative,0.0343040260991,-0.107491405958,0.167325580521,34.3040260991,-107.491405958,167.325580521,-103.788346138,103.788346138,198.211580544
1050,1,0,negative,0.0342754367985,-0.107491405958,0.16798609119,34.2754367985,-107.491405958,167.98609119,-103.816935439,103.816935439,198.872091212
1051,0,0,negative,0.0342200770301,-0.107491405958,0.168692820634,34.2200770301,-107.491405958,168.692820634,-103.872295207,103.872295207,199.578820656
1051,1,0,negative,0.0342242170753,-0.107491405958,0.168386655461,34.2242170753,-107.491405958,168.386655461,-103.868155162,103.868155162,199.272655483
1052,0,0,negative,0.0342200770301,-0.107491405958,0.168692820634,34.2200770301,-107.491405958,168.692820634,-103.872295207,103.872295207,199.578820656
1052,1,0,negative,0.034232346695,-0.107491405958,0.169266485014,34.232346695,-107.491405958,169.266485014,-103.860025542,103.860025542,200.152485036
1053,0,0,negative,0.0341998926186,-0.107491405958,0.169896654156,34.1998926186,-107.491405958,169.896654156,-103.892479619,103.892479619,200.782654178
1053,1,0,negative,0.034232346695,-0.107491405958,0.169266485014,34.232346695,-107.491405958,169.266485014,-103.860025542,103.860025542,200.152485036
1054,0,0,negative,0.0341998926186,-0.107491405958,0.169896654156,34.1998926186,-107.491405958,169.896654156,-103.892479619,103.892479619,200.782654178
1054,1,0,negative,0.0341244391395,-0.107491405958,0.170951283237,34.1244391395,-107.491405958,170.951283237,-103.967933098,103.967933098,201.83728326
1055,0,0,negative,0.0311671773802,-0.107491405958,0.16260995563,31.1671773802,-107.491405958,162.60995563,-106.925194857,106.925194857,193.495955652
1055,1,0,negative,0.0311668232485,-0.107491405958,0.162616384,31.1668232485,-107.491405958,162.616384,-106.925548989,106.925548989,193.502384022
1056,0,0,negative,0.0311671773802,-0.107491405958,0.16260995563,31.1671773802,-107.491405958,162.60995563,-106.925194857,106.925194857,193.495955652
1056,1,0,negative,0.0312470117955,-0.107491405958,0.161044361458,31.2470117955,-107.491405958,161.044361458,-106.845360442,106.845360442,191.93036148
1057,0,0,negative,0.0311668232485,-0.107491405958,0.162616384,31.1668232485,-107.491405958,162.616384,-106.925548989,106.925548989,193.502384022
1057,1,0,negative,0.0311662793338,-0.107491405958,0.162627618003,31.1662793338,-107.491405958,162.627618003,-106.926092903,106.926092903,193.513618025
1058,0,0,negative,0.0311064558567,-0.107491405958,0.164857126507,31.1064558567,-107.491405958,164.857126507,-106.985916381,106.985916381,195.743126529
1058,1,0,negative,0.0311662793338,-0.107491405958,0.162627618003,31.1662793338,-107.491405958,162.627618003,-106.926092903,106.926092903,193.513618025
1059,0,0,negative,0.0311064558567,-0.107491405958,0.164857126507,31.1064558567,-107.491405958,164.857126507,-106.985916381,106.985916381,195.743126529
1059,1,0,negative,0.0311087212879,-0.107491405958,0.165853648269,31.1087212879,-107.491405958,165.853648269,-106.983650949,106.983650949,196.739648292
1060,0,0,negative,0.0310753362705,-0.107491405958,0.166518645066,31.0753362705,-107.491405958,166.518645066,-107.017035967,107.017035967,197.404645088
1060,1,0,negative,0.0310655903438,-0.107491405958,0.167339553535,31.0655903438,-107.491405958,167.339553535,-107.026781893,107.026781893,198.225553557
1061,0,0,negative,0.0310753362705,-0.107491405958,0.166518645066,31.0753362705,-107.491405958,166.518645066,-107.017035967,107.017035967,197.404645088
1061,1,0,negative,0.0311087212879,-0.107491405958,0.165853648269,31.1087212879,-107.491405958,165.853648269,-106.983650949,106.983650949,196.739648292
1062,0,0,negative,0.0310655903438,-0.107491405958,0.167339553535,31.0655903438,-107.491405958,167.339553535,-107.026781893,107.026781893,198.225553557
1062,1,0,negative,0.0310303702078,-0.107491405958,0.167845008276,31.0303702078,-107.491405958,167.845008276,-107.062002029,107.062002029,198.731008298
1063,0,0,negative,0.0309248310527,-0.107491405958,0.169163902557,30.9248310527,-107.491405958,169.163902557,-107.167541185,107.167541185,200.04990258
1063,1,0,negative,0.0309306982463,-0.107491405958,0.169071434554,30.9306982463,-107.491405958,169.071434554,-107.161673991,107.161673991,199.957434577
1064,0,0,negative,0.0310303702078,-0.107491405958,0.167845008276,31.0303702078,-107.491405958,167.845008276,-107.062002029,107.062002029,198.731008298
1064,1,0,negative,0.0309306982463,-0.107491405958,0.169071434554,30.9306982463,-107.491405958,169.071434554,-107.161673991,107.161673991,199.957434577
1065,0,0,negative,0.0309192199614,-0.107491405958,0.169227836366,30.9192199614,-107.491405958,169.227836366,-107.173152276,107.173152276,200.113836388
1065,1,0,negative,0.0309248310527,-0.107491405958,0.169163902557,30.9248310527,-107.491405958,169.163902557,-107.167541185,107.167541185,200.04990258
1066,0,0,negative,0.0309192199614,-0.107491405958,0.169227836366,30.9192199614,-107.491405958,169.227836366,-107.173152276,107.173152276,200.113836388
1066,1,0,negative,0.0308708867876,-0.107491405958,0.170220266339,30.8708867876,-107.491405958,170.220266339,-107.22148545,107.22148545,201.106266361
1067,0,0,negative,0.0308674715618,-0.107491405958,0.170600424554,30.8674715618,-107.491405958,170.600424554,-107.224900675,107.224900675,201.486424577
1067,1,0,negative,0.030855519592,-0.107491405958,0.170362703367,30.855519592,-107.491405958,170.362703367,-107.236852645,107.236852645,201.248703389
1068,0,0,negative,0.030855519592,-0.107491405958,0.170362703367,30.855519592,-107.491405958,170.362703367,-107.236852645,107.236852645,201.248703389
1068,1,0,negative,0.0308708867876,-0.107491405958,0.170220266339,30.8708867876,-107.491405958,170.220266339,-107.22148545,107.22148545,201.106266361
1069,0,0,negative,0.0308674715618,-0.107491405958,0.170600424554,30.8674715618,-107.491405958,170.600424554,-107.224900675,107.224900675,201.486424577
1069,1,0,negative,0.0308463119598,-0.107491405958,0.171011959068,30.8463119598,-107.491405958,171.011959068,-107.246060277,107.246060277,201.897959091
1070,0,0,negative,0.0341250265283,-0.107491405958,0.171105793782,34.1250265283,-107.491405958,171.105793782,-103.967345709,103.967345709,201.991793804
1070,1,0,negative,0.0341244391395,-0.107491405958,0.170951283237,34.1244391395,-107.491405958,170.951283237,-103.967933098,103.967933098,201.83728326
1071,0,0,negative,0.0340454165899,-0.107491405958,0.171297953673,34.0454165899,-107.491405958,171.297953673,-104.046955647,104.046955647,202.183953695
1071,1,0,negative,0.0339122407881,-0.107491405958,0.171505405444,33.9122407881,-107.491405958,171.505405444,-104.180131449,104.180131449,202.391405466
1072,0,0,negative,0.0340454165899,-0.107491405958,0.171297953673,34.0454165899,-107.491405958,171.297953673,-104.046955647,104.046955647,202.183953695
1072,1,0,negative,0.0340912058803,-0.107491405958,0.171236431382,34.0912058803,-107.491405958,171.236431382,-104.001166357,104.001166357,202.122431404
1073,0,0,negative,0.0340912058803,-0.107491405958,0.171236431382,34.0912058803,-107.491405958,171.236431382,-104.001166357,104.001166357,202.122431404
1073,1,0,negative,0.0341250265283,-0.107491405958,0.171105793782,34.1250265283,-107.491405958,171.105793782,-103.967345709,103.967345709,201.991793804
1074,0,0,negative,0.0337066529398,-0.107491405958,0.171886809373,33.7066529398,-107.491405958,171.886809373,-104.385719297,104.385719297,202.772809395
1074,1,0,negative,0.0337410243298,-0.107491405958,0.171818029409,33.7410243298,-107.491405958,171.818029409,-104.351347907,104.351347907,202.704029431
1075,0,0,negative,0.0339122407881,-0.107491405958,0.171505405444,33.9122407881,-107.491405958,171.505405444,-104.180131449,104.180131449,202.391405466
1075,1,0,negative,0.0338332613526,-0.107491405958,0.17159913011,33.8332613526,-107.491405958,171.59913011,-104.259110885,104.259110885,202.485130133
1076,0,0,negative,0.0337066529398,-0.107491405958,0.171886809373,33.7066529398,-107.491405958,171.886809373,-104.385719297,104.385719297,202.772809395
1076,1,0,negative,0.0337031375051,-0.107491405958,0.17225407738,33.7031375051,-107.491405958,172.25407738,-104.389234732,104.389234732,203.140077402
1077,0,0,negative,0.033713527657,-0.107491405958,0.172330007812,33.713527657,-107.491405958,172.330007812,-104.37884458,104.37884458,203.216007835
1077,1,0,negative,0.0337031375051,-0.107491405958,0.17225407738,33.7031375051,-107.491405958,172.25407738,-104.389234732,104.389234732,203.140077402
1078,0,0,negative,0.0339266708447,-0.107491405958,0.172892713905,33.9266708447,-107.491405958,172.892713905,-104.165701393,104.165701393,203.778713927
1078,1,0,negative,0.033713527657,-0.107491405958,0.172330007812,33.713527657,-107.491405958,172.330007812,-104.37884458,104.37884458,203.216007835
1079,0,0,negative,0.0339266708447,-0.107491405958,0.172892713905,33.9266708447,-107.491405958,172.892713905,-104.165701393,104.165701393,203.778713927
1079,1,0,negative,0.0340339907573,-0.107491405958,0.17316102832,34.0339907573,-107.491405958,173.16102832,-104.05838148,104.05838148,204.047028343
1080,0,0,negative,0.0340339907573,-0.107491405958,0.17316102832,34.0339907573,-107.491405958,173.16102832,-104.05838148,104.05838148,204.047028343
1080,1,0,negative,0.0340458674515,-0.107491405958,0.173208603627,34.0458674515,-107.491405958,173.208603627,-104.046504786,104.046504786,204.09460365
1081,0,0,negative,0.0339578991281,-0.107491405958,0.173740401131,33.9578991281,-107.491405958,173.740401131,-104.134473109,104.134473109,204.626401153
1081,1,0,negative,0.0340458674515,-0.107491405958,0.173208603627,34.0458674515,-107.491405958,173.208603627,-104.046504786,104.046504786,204.09460365
1082,0,0,negative,0.0339578991281,-0.107491405958,0.173740401131,33.9578991281,-107.491405958,173.740401131,-104.134473109,104.134473109,204.626401153
1082,1,0,negative,0.033991478029,-0.107491405958,0.174303530293,33.991478029,-107.491405958,174.303530293,-104.100894208,104.100894208,205.189530315
1083,0,0,negative,0.0340176738726,-0.107491405958,0.174931026424,34.0176738726,-107.491405958,174.931026424,-104.074698365,104.074698365,205.817026446
1083,1,0,negative,0.033991478029,-0.107491405958,0.174303530293,33.991478029,-107.491405958,174.303530293,-104.100894208,104.100894208,205.189530315
1084,0,0,negative,0.0340176738726,-0.107491405958,0.174931026424,34.0176738726,-107.491405958,174.931026424,-104.074698365,104.074698365,205.817026446
1084,1,0,negative,0.0341131571108,-0.107491405958,0.175494160014,34.1131571108,-107.491405958,175.494160014,-103.979215126,103.979215126,206.380160036
1085,0,0,negative,0.0338332613526,-0.107491405958,0.17159913011,33.8332613526,-107.491405958,171.59913011,-104.259110885,104.259110885,202.485130133
1085,1,0,negative,0.0338129879968,-0.107491405958,0.171672001481,33.8129879968,-107.491405958,171.672001481,-104.27938424,104.27938424,202.558001503
1086,0,0,negative,0.0338129879968,-0.107491405958,0.171672001481,33.8129879968,-107.491405958,171.672001481,-104.27938424,104.27938424,202.558001503
1086,1,0,negative,0.0337410243298,-0.107491405958,0.171818029409,33.7410243298,-107.491405958,171.818029409,-104.351347907,104.351347907,202.704029431
1087,0,0,negative,0.0341347020097,-0.107491405958,0.175649759405,34.1347020097,-107.491405958,175.649759405,-103.957670228,103.957670228,206.535759428
1087,1,0,negative,0.0341131571108,-0.107491405958,0.175494160014,34.1131571108,-107.491405958,175.494160014,-103.979215126,103.979215126,206.380160036
1088,0,0,negative,0.0341701363702,-0.107491405958,0.176084852119,34.1701363702,-107.491405958,176.084852119,-103.922235867,103.922235867,206.970852141
1088,1,0,negative,0.0341347020097,-0.107491405958,0.175649759405,34.1347020097,-107.491405958,175.649759405,-103.957670228,103.957670228,206.535759428
1089,0,0,negative,0.0341701363702,-0.107491405958,0.176084852119,34.1701363702,-107.491405958,176.084852119,-103.922235867,103.922235867,206.970852141
1089,1,0,negative,0.0342296046738,-0.107491405958,0.176641414081,34.2296046738,-107.491405958,176.641414081,-103.862767563,103.862767563,207.527414103
1090,0,0,negative,0.0342296046738,-0.107491405958,0.176641414081,34.2296046738,-107.491405958,176.641414081,-103.862767563,103.862767563,207.527414103
1090,1,0,negative,0.0342475923291,-0.107491405958,0.176828501601,34.2475923291,-107.491405958,176.828501601,-103.844779908,103.844779908,207.714501623
1091,0,0,negative,0.0342475923291,-0.107491405958,0.176828501601,34.2475923291,-107.491405958,176.828501601,-103.844779908,103.844779908,207.714501623
1091,1,0,negative,0.0342750260044,-0.107491405958,0.177052237277,34.2750260044,-107.491405958,177.052237277,-103.817346233,103.817346233,207.938237299
1092,0,0,negative,0.0343205559103,-0.107491405958,0.177544934285,34.3205559103,-107.491405958,177.544934285,-103.771816327,103.771816327,208.430934308
1092,1,0,negative,0.0342750260044,-0.107491405958,0.177052237277,34.2750260044,-107.491405958,177.052237277,-103.817346233,103.817346233,207.938237299
1093,0,0,negative,0.034289672973,-0.107491405958,0.178184244892,34.289672973,-107.491405958,178.184244892,-103.802699264,103.802699264,209.070244915
1093,1,0,negative,0.0343205559103,-0.107491405958,0.177544934285,34.3205559103,-107.491405958,177.544934285,-103.771816327,103.771816327,208.430934308
1094,0,0,negative,0.034289672973,-0.107491405958,0.178184244892,34.289672973,-107.491405958,178.184244892,-103.802699264,103.802699264,209.070244915
1094,1,0,negative,0.0342812895229,-0.107491405958,0.178281900019,34.2812895229,-107.491405958,178.281900019,-103.811082714,103.811082714,209.167900041
1095,0,0,negative,0.0342822201212,-0.107491405958,0.178377325605,34.2822201212,-107.491405958,178.377325605,-103.810152116,103.810152116,209.263325627
1095,1,0,negative,0.0342723921074,-0.107491405958,0.178482241494,34.2723921074,-107.491405958,178.482241494,-103.81998013,103.81998013,209.368241516
1096,0,0,negative,0.0342812895229,-0.107491405958,0.178281900019,34.2812895229,-107.491405958,178.281900019,-103.811082714,103.811082714,209.167900041
1096,1,0,negative,0.0342807038186,-0.107491405958,0.1783431807,34.2807038186,-107.491405958,178.3431807,-103.811668419,103.811668419,209.229180722
1097,0,0,negative,0.0342807038186,-0.107491405958,0.1783431807,34.2807038186,-107.491405958,178.3431807,-103.811668419,103.811668419,209.229180722
1097,1,0,negative,0.0342822201212,-0.107491405958,0.178377325605,34.2822201212,-107.491405958,178.377325605,-103.810152116,103.810152116,209.263325627
1098,0,0,negative,0.034172731784,-0.107491405958,0.179576946932,34.172731784,-107.491405958,179.576946932,-103.919640453,103.919640453,210.462946955
1098,1,0,negative,0.0342723921074,-0.107491405958,0.178482241494,34.2723921074,-107.491405958,178.482241494,-103.81998013,103.81998013,209.368241516
1099,0,0,negative,0.0341802564038,-0.107491405958,0.179899446967,34.1802564038,-107.491405958,179.899446967,-103.912115833,103.912115833,210.785446989
1099,1,0,negative,0.034172731784,-0.107491405958,0.179576946932,34.172731784,-107.491405958,179.576946932,-103.919640453,103.919640453,210.462946955
1100,0,0,negative,0.0309302236923,-0.107491405958,0.171520141861,30.9302236923,-107.491405958,171.520141861,-107.162148545,107.162148545,202.406141883
1100,1,0,negative,0.0308463119598,-0.107491405958,0.171011959068,30.8463119598,-107.491405958,171.011959068,-107.246060277,107.246060277,201.897959091
1101,0,0,negative,0.0309302236923,-0.107491405958,0.171520141861,30.9302236923,-107.491405958,171.520141861,-107.162148545,107.162148545,202.406141883
1101,1,0,negative,0.0309791573068,-0.107491405958,0.171738204302,30.9791573068,-107.491405958,171.738204302,-107.11321493,107.11321493,202.624204324
1102,0,0,negative,0.0309791573068,-0.107491405958,0.171738204302,30.9791573068,-107.491405958,171.738204302,-107.11321493,107.11321493,202.624204324
1102,1,0,negative,0.0309791383582,-0.107491405958,0.172015403592,30.9791383582,-107.491405958,172.015403592,-107.113233879,107.113233879,202.901403614
1103,0,0,negative,0.0309601923618,-0.107491405958,0.172632796751,30.9601923618,-107.491405958,172.632796751,-107.132179875,107.132179875,203.518796773
1103,1,0,negative,0.0309791383582,-0.107491405958,0.172015403592,30.9791383582,-107.491405958,172.015403592,-107.113233879,107.113233879,202.901403614
1104,0,0,negative,0.0308977241208,-0.107491405958,0.173202104052,30.8977241208,-107.491405958,173.202104052,-107.194648116,107.194648116,204.088104075
1104,1,0,negative,0.0309601923618,-0.107491405958,0.172632796751,30.9601923618,-107.491405958,172.632796751,-107.132179875,107.132179875,203.518796773
1105,0,0,negative,0.0308977241208,-0.107491405958,0.173202104052,30.8977241208,-107.491405958,173.202104052,-107.194648116,107.194648116,204.088104075
1105,1,0,negative,0.0308169264036,-0.107491405958,0.173977978859,30.8169264036,-107.491405958,173.977978859,-107.275445834,107.275445834,204.863978881
1106,0,0,negative,0.030767489846,-0.107491405958,0.174178341842,30.767489846,-107.491405958,174.178341842,-107.324882391,107.324882391,205.064341864
1106,1,0,negative,0.030750526916,-0.107491405958,0.174319431138,30.750526916,-107.491405958,174.319431138,-107.341845321,107.341845321,205.20543116
1107,0,0,negative,0.030767489846,-0.107491405958,0.174178341842,30.767489846,-107.491405958,174.178341842,-107.324882391,107.324882391,205.064341864
1107,1,0,negative,0.0308169264036,-0.107491405958,0.173977978859,30.8169264036,-107.491405958,173.977978859,-107.275445834,107.275445834,204.863978881
1108,0,0,negative,0.0306366431441,-0.107491405958,0.17566613162,30.6366431441,-107.491405958,175.66613162,-107.455729093,107.455729093,206.552131642
1108,1,0,negative,0.030750526916,-0.107491405958,0.174319431138,30.750526916,-107.491405958,174.319431138,-107.341845321,107.341845321,205.20543116
1109,0,0,negative,0.0306366431441,-0.107491405958,0.17566613162,30.6366431441,-107.491405958,175.66613162,-107.455729093,107.455729093,206.552131642
1109,1,0,negative,0.0306105847197,-0.107491405958,0.176282553182,30.6105847197,-107.491405958,176.282553182,-107.481787517,107.481787517,207.168553204
1110,0,0,negative,0.0305319060751,-0.107491405958,0.177664607868,30.5319060751,-107.491405958,177.664607868,-107.560466162,107.560466162,208.55060789
1110,1,0,negative,0.0305368453988,-0.107491405958,0.177997734977,30.5368453988,-107.491405958,177.997734977,-107.555526838,107.555526838,208.883734999
1111,0,0,negative,0.0305319060751,-0.107491405958,0.177664607868,30.5319060751,-107.491405958,177.664607868,-107.560466162,107.560466162,208.55060789
1111,1,0,negative,0.0306105847197,-0.107491405958,0.176282553182,30.6105847197,-107.491405958,176.282553182,-107.481787517,107.481787517,207.168553204
1112,0,0,negative,0.030577916947,-0.107491405958,0.179258381644,30.577916947,-107.491405958,179.258381644,-107.51445529,107.51445529,210.144381667
1112,1,0,negative,0.0305368453988,-0.107491405958,0.177997734977,30.5368453988,-107.491405958,177.997734977,-107.555526838,107.555526838,208.883734999
1113,0,0,negative,0.030577916947,-0.107491405958,0.179258381644,30.577916947,-107.491405958,179.258381644,-107.51445529,107.51445529,210.144381667
1113,1,0,negative,0.0305973283638,-0.107491405958,0.179655246366,30.5973283638,-107.491405958,179.655246366,-107.495043873,107.495043873,210.541246389
1114,0,0,negative,0.0306265055171,-0.107491405958,0.180589990444,30.6265055171,-107.491405958,180.589990444,-107.46586672,107.46586672,211.475990466
1114,1,0,negative,0.0305973283638,-0.107491405958,0.179655246366,30.5973283638,-107.491405958,179.655246366,-107.495043873,107.495043873,210.541246389
1115,0,0,negative,0.0482939692097,-0.107491405958,0.217565148535,48.2939692097,-107.491405958,217.565148535,-89.7984030275,89.7984030275,248.451148558
1115,1,0,negative,0.048418680266,-0.107491405958,0.217685904921,48.418680266,-107.491405958,217.685904921,-89.6736919712,89.6736919712,248.571904943
1116,0,0,negative,0.0466274698096,-0.107491405958,0.215939386644,46.6274698096,-107.491405958,215.939386644,-91.4649024276,91.4649024276,246.825386666
1116,1,0,negative,0.045267766583,-0.107491405958,0.214608647126,45.267766583,-107.491405958,214.608647126,-92.8246056542,92.8246056542,245.494647148
1117,0,0,negative,0.0482939692097,-0.107491405958,0.217565148535,48.2939692097,-107.491405958,217.565148535,-89.7984030275,89.7984030275,248.451148558
1117,1,0,negative,0.0466274698096,-0.107491405958,0.215939386644,46.6274698096,-107.491405958,215.939386644,-91.4649024276,91.4649024276,246.825386666
1118,0,0,negative,0.0431311088573,-0.107491405958,0.212958962819,43.1311088573,-107.491405958,212.958962819,-94.9612633799,94.9612633799,243.844962841
1118,1,0,negative,0.0437745740077,-0.107491405958,0.213404238931,43.7745740077,-107.491405958,213.404238931,-94.3177982295,94.3177982295,244.290238953
1119,0,0,negative,0.0431311088573,-0.107491405958,0.212958962819,43.1311088573,-107.491405958,212.958962819,-94.9612633799,94.9612633799,243.844962841
1119,1,0,negative,0.0424812884992,-0.107491405958,0.212455704799,42.4812884992,-107.491405958,212.455704799,-95.611083738,95.611083738,243.341704821
1120,0,0,negative,0.0424812884992,-0.107491405958,0.212455704799,42.4812884992,-107.491405958,212.455704799,-95.611083738,95.611083738,243.341704821
1120,1,0,negative,0.0419787792089,-0.107491405958,0.211808649973,41.9787792089,-107.491405958,211.808649973,-96.1135930283,96.1135930283,242.694649995
1121,0,0,negative,0.0414664604395,-0.107491405958,0.211256567976,41.4664604395,-107.491405958,211.256567976,-96.6259117977,96.6259117977,242.142567998
1121,1,0,negative,0.0419787792089,-0.107491405958,0.211808649973,41.9787792089,-107.491405958,211.808649973,-96.1135930283,96.1135930283,242.694649995
1122,0,0,negative,0.0437745740077,-0.107491405958,0.213404238931,43.7745740077,-107.491405958,213.404238931,-94.3177982295,94.3177982295,244.290238953
1122,1,0,negative,0.045267766583,-0.107491405958,0.214608647126,45.267766583,-107.491405958,214.608647126,-92.8246056542,92.8246056542,245.494647148
1123,0,0,negative,0.0363959808314,-0.107491405958,0.202149962716,36.3959808314,-107.491405958,202.149962716,-101.696391406,101.696391406,233.035962738
1123,1,0,negative,0.0363569971014,-0.107491405958,0.202004517268,36.3569971014,-107.491405958,202.004517268,-101.735375136,101.735375136,232.89051729
1124,0,0,negative,0.0363980707638,-0.107491405958,0.20234308828,36.3980707638,-107.491405958,202.34308828,-101.694301473,101.694301473,233.229088302
1124,1,0,negative,0.0363959808314,-0.107491405958,0.202149962716,36.3959808314,-107.491405958,202.149962716,-101.696391406,101.696391406,233.035962738
1125,0,0,negative,0.0366352018824,-0.107491405958,0.206325351696,36.6352018824,-107.491405958,206.325351696,-101.457170355,101.457170355,237.211351718
1125,1,0,negative,0.0363500884883,-0.107491405958,0.205816725574,36.3500884883,-107.491405958,205.816725574,-101.742283749,101.742283749,236.702725596
1126,0,0,negative,0.0369886038099,-0.107491405958,0.206822759101,36.9886038099,-107.491405958,206.822759101,-101.103768427,101.103768427,237.708759123
1126,1,0,negative,0.0376079781423,-0.107491405958,0.207684422546,37.6079781423,-107.491405958,207.684422546,-100.484394095,100.484394095,238.570422568
1127,0,0,negative,0.0381924679018,-0.107491405958,0.208693108937,38.1924679018,-107.491405958,208.693108937,-99.8999043354,99.8999043354,239.57910896
1127,1,0,negative,0.0383639004156,-0.107491405958,0.20911030577,38.3639004156,-107.491405958,209.11030577,-99.7284718216,99.7284718216,239.996305793
1128,0,0,negative,0.0381924679018,-0.107491405958,0.208693108937,38.1924679018,-107.491405958,208.693108937,-99.8999043354,99.8999043354,239.57910896
1128,1,0,negative,0.0376079781423,-0.107491405958,0.207684422546,37.6079781423,-107.491405958,207.684422546,-100.484394095,100.484394095,238.570422568
1129,0,0,negative,0.0369886038099,-0.107491405958,0.206822759101,36.9886038099,-107.491405958,206.822759101,-101.103768427,101.103768427,237.708759123
1129,1,0,negative,0.0366352018824,-0.107491405958,0.206325351696,36.6352018824,-107.491405958,206.325351696,-101.457170355,101.457170355,237.211351718
1130,0,0,negative,0.0401431390397,-0.107491405958,0.210627571767,40.1431390397,-107.491405958,210.627571767,-97.9492331975,97.9492331975,241.513571789
1130,1,0,negative,0.0414664604395,-0.107491405958,0.211256567976,41.4664604395,-107.491405958,211.256567976,-96.6259117977,96.6259117977,242.142567998
1131,0,0,negative,0.0392812368334,-0.107491405958,0.210071401224,39.2812368334,-107.491405958,210.071401224,-98.8111354038,98.8111354038,240.957401246
1131,1,0,negative,0.0386037437926,-0.107491405958,0.209402558595,38.6037437926,-107.491405958,209.402558595,-99.4886284446,99.4886284446,240.288558618
1132,0,0,negative,0.0401431390397,-0.107491405958,0.210627571767,40.1431390397,-107.491405958,210.627571767,-97.9492331975,97.9492331975,241.513571789
1132,1,0,negative,0.0392812368334,-0.107491405958,0.210071401224,39.2812368334,-107.491405958,210.071401224,-98.8111354038,98.8111354038,240.957401246
1133,0,0,negative,0.0383639004156,-0.107491405958,0.20911030577,38.3639004156,-107.491405958,209.11030577,-99.7284718216,99.7284718216,239.996305793
1133,1,0,negative,0.0386037437926,-0.107491405958,0.209402558595,38.6037437926,-107.491405958,209.402558595,-99.4886284446,99.4886284446,240.288558618
1134,0,0,negative,0.0389730102204,-0.107491405958,0.217660123316,38.9730102204,-107.491405958,217.660123316,-99.1193620168,99.1193620168,248.546123338
1134,1,0,negative,0.0386913814649,-0.107491405958,0.217176534797,38.6913814649,-107.491405958,217.176534797,-99.4009907723,99.4009907723,248.062534819
1135,0,0,negative,0.037466145446,-0.107491405958,0.214968194094,37.466145446,-107.491405958,214.968194094,-100.626226791,100.626226791,245.854194116
1135,1,0,negative,0.037129771625,-0.107491405958,0.214336582141,37.129771625,-107.491405958,214.336582141,-100.962600612,100.962600612,245.222582163
1136,0,0,negative,0.037466145446,-0.107491405958,0.214968194094,37.466145446,-107.491405958,214.968194094,-100.626226791,100.626226791,245.854194116
1136,1,0,negative,0.0376726494857,-0.107491405958,0.215383602341,37.6726494857,-107.491405958,215.383602341,-100.419722752,100.419722752,246.269602363
1137,0,0,negative,0.0389730102204,-0.107491405958,0.217660123316,38.9730102204,-107.491405958,217.660123316,-99.1193620168,99.1193620168,248.546123338
1137,1,0,negative,0.0391277702671,-0.107491405958,0.217975203896,39.1277702671,-107.491405958,217.975203896,-98.9646019701,98.9646019701,248.861203918
1138,0,0,negative,0.0391277702671,-0.107491405958,0.217975203896,39.1277702671,-107.491405958,217.975203896,-98.9646019701,98.9646019701,248.861203918
1138,1,0,negative,0.0393252685325,-0.107491405958,0.218321344561,39.3252685325,-107.491405958,218.321344561,-98.7671037047,98.7671037047,249.207344584
1139,0,0,negative,0.0386913814649,-0.107491405958,0.217176534797,38.6913814649,-107.491405958,217.176534797,-99.4009907723,99.4009907723,248.062534819
1139,1,0,negative,0.0384687008054,-0.107491405958,0.21675273301,38.4687008054,-107.491405958,216.75273301,-99.6236714318,99.6236714318,247.638733032
1140,0,0,negative,0.0384687008054,-0.107491405958,0.21675273301,38.4687008054,-107.491405958,216.75273301,-99.6236714318,99.6236714318,247.638733032
1140,1,0,negative,0.0378503423144,-0.107491405958,0.215693966189,37.8503423144,-107.491405958,215.693966189,-100.242029923,100.242029923,246.579966211
1141,0,0,negative,0.0376726494857,-0.107491405958,0.215383602341,37.6726494857,-107.491405958,215.383602341,-100.419722752,100.419722752,246.269602363
1141,1,0,negative,0.0378503423144,-0.107491405958,0.215693966189,37.8503423144,-107.491405958,215.693966189,-100.242029923,100.242029923,246.579966211
1142,0,0,negative,0.0360833998089,-0.107491405958,0.212107811416,36.0833998089,-107.491405958,212.107811416,-102.008972428,102.008972428,242.993811438
1142,1,0,negative,0.0363049111095,-0.107491405958,0.212502619489,36.3049111095,-107.491405958,212.502619489,-101.787461128,101.787461128,243.388619512
1143,0,0,negative,0.0341697824771,-0.107491405958,0.180169979223,34.1697824771,-107.491405958,180.169979223,-103.92258976,103.92258976,211.055979245
1143,1,0,negative,0.0341802564038,-0.107491405958,0.179899446967,34.1802564038,-107.491405958,179.899446967,-103.912115833,103.912115833,210.785446989
1144,0,0,negative,0.0341697824771,-0.107491405958,0.180169979223,34.1697824771,-107.491405958,180.169979223,-103.92258976,103.92258976,211.055979245
1144,1,0,negative,0.0341451844164,-0.107491405958,0.181843378784,34.1451844164,-107.491405958,181.843378784,-103.947187821,103.947187821,212.729378806
1145,0,0,negative,0.0341517097125,-0.107491405958,0.182514004467,34.1517097125,-107.491405958,182.514004467,-103.940662525,103.940662525,213.400004489
1145,1,0,negative,0.0341476504251,-0.107491405958,0.183086573307,34.1476504251,-107.491405958,183.086573307,-103.944721812,103.944721812,213.972573329
1146,0,0,negative,0.0341661784187,-0.107491405958,0.181977027987,34.1661784187,-107.491405958,181.977027987,-103.926193818,103.926193818,212.863028009
1146,1,0,negative,0.0341451844164,-0.107491405958,0.181843378784,34.1451844164,-107.491405958,181.843378784,-103.947187821,103.947187821,212.729378806
1147,0,0,negative,0.0341494994451,-0.107491405958,0.182141562871,34.1494994451,-107.491405958,182.141562871,-103.942872792,103.942872792,213.027562893
1147,1,0,negative,0.0341661784187,-0.107491405958,0.181977027987,34.1661784187,-107.491405958,181.977027987,-103.926193818,103.926193818,212.863028009
1148,0,0,negative,0.0341517097125,-0.107491405958,0.182514004467,34.1517097125,-107.491405958,182.514004467,-103.940662525,103.940662525,213.400004489
1148,1,0,negative,0.0341494994451,-0.107491405958,0.182141562871,34.1494994451,-107.491405958,182.141562871,-103.942872792,103.942872792,213.027562893
1149,0,0,negative,0.0341476504251,-0.107491405958,0.183086573307,34.1476504251,-107.491405958,183.086573307,-103.944721812,103.944721812,213.972573329
1149,1,0,negative,0.0341436921565,-0.107491405958,0.18333925663,34.1436921565,-107.491405958,183.33925663,-103.948680081,103.948680081,214.225256653
1150,0,0,negative,0.034118285965,-0.107491405958,0.183782385383,34.118285965,-107.491405958,183.782385383,-103.974086272,103.974086272,214.668385405
1150,1,0,negative,0.0341436921565,-0.107491405958,0.18333925663,34.1436921565,-107.491405958,183.33925663,-103.948680081,103.948680081,214.225256653
1151,0,0,negative,0.034118285965,-0.107491405958,0.183782385383,34.118285965,-107.491405958,183.782385383,-103.974086272,103.974086272,214.668385405
1151,1,0,negative,0.0341170503675,-0.107491405958,0.184675838193,34.1170503675,-107.491405958,184.675838193,-103.97532187,103.97532187,215.561838215
1152,0,0,negative,0.0341280644504,-0.107491405958,0.185258787762,34.1280644504,-107.491405958,185.258787762,-103.964307787,103.964307787,216.144787784
1152,1,0,negative,0.0341170503675,-0.107491405958,0.184675838193,34.1170503675,-107.491405958,184.675838193,-103.97532187,103.97532187,215.561838215
1153,0,0,negative,0.0341791852715,-0.107491405958,0.18616575293,34.1791852715,-107.491405958,186.16575293,-103.913186966,103.913186966,217.051752952
1153,1,0,negative,0.0341280644504,-0.107491405958,0.185258787762,34.1280644504,-107.491405958,185.258787762,-103.964307787,103.964307787,216.144787784
1154,0,0,negative,0.0341791852715,-0.107491405958,0.18616575293,34.1791852715,-107.491405958,186.16575293,-103.913186966,103.913186966,217.051752952
1154,1,0,negative,0.0341824251115,-0.107491405958,0.186237298724,34.1824251115,-107.491405958,186.237298724,-103.909947126,103.909947126,217.123298746
1155,0,0,negative,0.0341233537216,-0.107491405958,0.187254716217,34.1233537216,-107.491405958,187.254716217,-103.969018516,103.969018516,218.140716239
1155,1,0,negative,0.0341041241726,-0.107491405958,0.186906553895,34.1041241726,-107.491405958,186.906553895,-103.988248065,103.988248065,217.792553917
1156,0,0,negative,0.0341383982923,-0.107491405958,0.186718101522,34.1383982923,-107.491405958,186.718101522,-103.953973945,103.953973945,217.604101545
1156,1,0,negative,0.0341824251115,-0.107491405958,0.186237298724,34.1824251115,-107.491405958,186.237298724,-103.909947126,103.909947126,217.123298746
1157,0,0,negative,0.0341383982923,-0.107491405958,0.186718101522,34.1383982923,-107.491405958,186.718101522,-103.953973945,103.953973945,217.604101545
1157,1,0,negative,0.0341041241726,-0.107491405958,0.186906553895,34.1041241726,-107.491405958,186.906553895,-103.988248065,103.988248065,217.792553917
1158,0,0,negative,0.0341392183324,-0.107491405958,0.187949150928,34.1392183324,-107.491405958,187.949150928,-103.953153905,103.953153905,218.835150951
1158,1,0,negative,0.0341233537216,-0.107491405958,0.187254716217,34.1233537216,-107.491405958,187.254716217,-103.969018516,103.969018516,218.140716239
1159,0,0,negative,0.0341814270556,-0.107491405958,0.188483530772,34.1814270556,-107.491405958,188.483530772,-103.910945182,103.910945182,219.369530794
1159,1,0,negative,0.0341626109028,-0.107491405958,0.188913408446,34.1626109028,-107.491405958,188.913408446,-103.929761334,103.929761334,219.799408468
1160,0,0,negative,0.0341392183324,-0.107491405958,0.187949150928,34.1392183324,-107.491405958,187.949150928,-103.953153905,103.953153905,218.835150951
1160,1,0,negative,0.0341814270556,-0.107491405958,0.188483530772,34.1814270556,-107.491405958,188.483530772,-103.910945182,103.910945182,219.369530794
1161,0,0,negative,0.0341626109028,-0.107491405958,0.188913408446,34.1626109028,-107.491405958,188.913408446,-103.929761334,103.929761334,219.799408468
1161,1,0,negative,0.0341966219811,-0.107491405958,0.189220104896,34.1966219811,-107.491405958,189.220104896,-103.895750256,103.895750256,220.106104918
1162,0,0,negative,0.0341663953115,-0.107491405958,0.189505809062,34.1663953115,-107.491405958,189.505809062,-103.925976926,103.925976926,220.391809084
1162,1,0,negative,0.0341966219811,-0.107491405958,0.189220104896,34.1966219811,-107.491405958,189.220104896,-103.895750256,103.895750256,220.106104918
1163,0,0,negative,0.0342095220692,-0.107491405958,0.190459505836,34.2095220692,-107.491405958,190.459505836,-103.882850168,103.882850168,221.345505858
1163,1,0,negative,0.0341663953115,-0.107491405958,0.189505809062,34.1663953115,-107.491405958,189.505809062,-103.925976926,103.925976926,220.391809084
1164,0,0,negative,0.0342095220692,-0.107491405958,0.190459505836,34.2095220692,-107.491405958,190.459505836,-103.882850168,103.882850168,221.345505858
1164,1,0,negative,0.0341872943492,-0.107491405958,0.190888372672,34.1872943492,-107.491405958,190.888372672,-103.905077888,103.905077888,221.774372694
1165,0,0,negative,0.0306432133972,-0.107491405958,0.183039462446,30.6432133972,-107.491405958,183.039462446,-107.44915884,107.44915884,213.925462468
1165,1,0,negative,0.0306317945584,-0.107491405958,0.182569524905,30.6317945584,-107.491405958,182.569524905,-107.460577679,107.460577679,213.455524927
1166,0,0,negative,0.0306432133972,-0.107491405958,0.183039462446,30.6432133972,-107.491405958,183.039462446,-107.44915884,107.44915884,213.925462468
1166,1,0,negative,0.0306382085609,-0.107491405958,0.184468353205,30.6382085609,-107.491405958,184.468353205,-107.454163676,107.454163676,215.354353227
1167,0,0,negative,0.0306405249406,-0.107491405958,0.184591125086,30.6405249406,-107.491405958,184.591125086,-107.451847297,107.451847297,215.477125108
1167,1,0,negative,0.0306382085609,-0.107491405958,0.184468353205,30.6382085609,-107.491405958,184.468353205,-107.454163676,107.454163676,215.354353227
1168,0,0,negative,0.0306391282836,-0.107491405958,0.18472329271,30.6391282836,-107.491405958,184.72329271,-107.453243954,107.453243954,215.609292732
1168,1,0,negative,0.0306405249406,-0.107491405958,0.184591125086,30.6405249406,-107.491405958,184.591125086,-107.451847297,107.451847297,215.477125108
1169,0,0,negative,0.0306265055171,-0.107491405958,0.180589990444,30.6265055171,-107.491405958,180.589990444,-107.46586672,107.46586672,211.475990466
1169,1,0,negative,0.0306157624071,-0.107491405958,0.181061388825,30.6157624071,-107.491405958,181.061388825,-107.47660983,107.47660983,211.947388847
1170,0,0,negative,0.03063433916,-0.107491405958,0.1820517046,30.63433916,-107.491405958,182.0517046,-107.458033077,107.458033077,212.937704622
1170,1,0,negative,0.0306157624071,-0.107491405958,0.181061388825,30.6157624071,-107.491405958,181.061388825,-107.47660983,107.47660983,211.947388847
1171,0,0,negative,0.03063433916,-0.107491405958,0.1820517046,30.63433916,-107.491405958,182.0517046,-107.458033077,107.458033077,212.937704622
1171,1,0,negative,0.0306317945584,-0.107491405958,0.182569524905,30.6317945584,-107.491405958,182.569524905,-107.460577679,107.460577679,213.455524927
1172,0,0,negative,0.0306391282836,-0.107491405958,0.18472329271,30.6391282836,-107.491405958,184.72329271,-107.453243954,107.453243954,215.609292732
1172,1,0,negative,0.0306771809579,-0.107491405958,0.18543223992,30.6771809579,-107.491405958,185.43223992,-107.415191279,107.415191279,216.318239942
1173,0,0,negative,0.0306073798878,-0.107491405958,0.187927978873,30.6073798878,-107.491405958,187.927978873,-107.484992349,107.484992349,218.813978895
1173,1,0,negative,0.0306017010878,-0.107491405958,0.187714002799,30.6017010878,-107.491405958,187.714002799,-107.490671149,107.490671149,218.600002822
1174,0,0,negative,0.0308207398513,-0.107491405958,0.189919535794,30.8207398513,-107.491405958,189.919535794,-107.271632386,107.271632386,220.805535816
1174,1,0,negative,0.0307806975238,-0.107491405958,0.189657996704,30.7806975238,-107.491405958,189.657996704,-107.311674713,107.311674713,220.543996726
1175,0,0,negative,0.0307701108757,-0.107491405958,0.18953793614,30.7701108757,-107.491405958,189.53793614,-107.322261362,107.322261362,220.423936163
1175,1,0,negative,0.0307593420013,-0.107491405958,0.189443749833,30.7593420013,-107.491405958,189.443749833,-107.333030236,107.333030236,220.329749856
1176,0,0,negative,0.0307806975238,-0.107491405958,0.189657996704,30.7806975238,-107.491405958,189.657996704,-107.311674713,107.311674713,220.543996726
1176,1,0,negative,0.0307701108757,-0.107491405958,0.18953793614,30.7701108757,-107.491405958,189.53793614,-107.322261362,107.322261362,220.423936163
1177,0,0,negative,0.0306771809579,-0.107491405958,0.18543223992,30.6771809579,-107.491405958,185.43223992,-107.415191279,107.415191279,216.318239942
1177,1,0,negative,0.0306735187375,-0.107491405958,0.185993896193,30.6735187375,-107.491405958,185.993896193,-107.4188535,107.4188535,216.879896215
1178,0,0,negative,0.030654258646,-0.107491405958,0.186724003129,30.654258646,-107.491405958,186.724003129,-107.438113591,107.438113591,217.610003152
1178,1,0,negative,0.0306121584086,-0.107491405958,0.18732087521,30.6121584086,-107.491405958,187.32087521,-107.480213829,107.480213829,218.206875232
1179,0,0,negative,0.030654258646,-0.107491405958,0.186724003129,30.654258646,-107.491405958,186.724003129,-107.438113591,107.438113591,217.610003152
1179,1,0,negative,0.0306735187375,-0.107491405958,0.185993896193,30.6735187375,-107.491405958,185.993896193,-107.4188535,107.4188535,216.879896215
1180,0,0,negative,0.0306121584086,-0.107491405958,0.18732087521,30.6121584086,-107.491405958,187.32087521,-107.480213829,107.480213829,218.206875232
1180,1,0,negative,0.0306017010878,-0.107491405958,0.187714002799,30.6017010878,-107.491405958,187.714002799,-107.490671149,107.490671149,218.600002822
1181,0,0,negative,0.0306073798878,-0.107491405958,0.187927978873,30.6073798878,-107.491405958,187.927978873,-107.484992349,107.484992349,218.813978895
1181,1,0,negative,0.0306545185063,-0.107491405958,0.188798098693,30.6545185063,-107.491405958,188.798098693,-107.437853731,107.437853731,219.684098716
1182,0,0,negative,0.0306545185063,-0.107491405958,0.188798098693,30.6545185063,-107.491405958,188.798098693,-107.437853731,107.437853731,219.684098716
1182,1,0,negative,0.0307593420013,-0.107491405958,0.189443749833,30.7593420013,-107.491405958,189.443749833,-107.333030236,107.333030236,220.329749856
1183,0,0,negative,0.0341872943492,-0.107491405958,0.190888372672,34.1872943492,-107.491405958,190.888372672,-103.905077888,103.905077888,221.774372694
1183,1,0,negative,0.0341610396381,-0.107491405958,0.191361319384,34.1610396381,-107.491405958,191.361319384,-103.931332599,103.931332599,222.247319406
1184,0,0,negative,0.0341554297063,-0.107491405958,0.19182309532,34.1554297063,-107.491405958,191.82309532,-103.936942531,103.936942531,222.709095343
1184,1,0,negative,0.0341619679817,-0.107491405958,0.192142398288,34.1619679817,-107.491405958,192.142398288,-103.930404256,103.930404256,223.02839831
1185,0,0,negative,0.0341619679817,-0.107491405958,0.192142398288,34.1619679817,-107.491405958,192.142398288,-103.930404256,103.930404256,223.02839831
1185,1,0,negative,0.0341575910582,-0.107491405958,0.192165634836,34.1575910582,-107.491405958,192.165634836,-103.934781179,103.934781179,223.051634859
1186,0,0,negative,0.0344623438717,-0.107491405958,0.195450656622,34.4623438717,-107.491405958,195.450656622,-103.630028366,103.630028366,226.336656645
1186,1,0,negative,0.0344677305873,-0.107491405958,0.195485754221,34.4677305873,-107.491405958,195.485754221,-103.62464165,103.62464165,226.371754243
1187,0,0,negative,0.0353382628316,-0.107491405958,0.197616826005,35.3382628316,-107.491405958,197.616826005,-102.754109406,102.754109406,228.502826027
1187,1,0,negative,0.0353077191535,-0.107491405958,0.197549088389,35.3077191535,-107.491405958,197.549088389,-102.784653084,102.784653084,228.435088411
1188,0,0,negative,0.0344677305873,-0.107491405958,0.195485754221,34.4677305873,-107.491405958,195.485754221,-103.62464165,103.62464165,226.371754243
1188,1,0,negative,0.0344690765881,-0.107491405958,0.195489774613,34.4690765881,-107.491405958,195.489774613,-103.623295649,103.623295649,226.375774635
1189,0,0,negative,0.0346632397238,-0.107491405958,0.196038614756,34.6632397238,-107.491405958,196.038614756,-103.429132513,103.429132513,226.924614778
1189,1,0,negative,0.0344690765881,-0.107491405958,0.195489774613,34.4690765881,-107.491405958,195.489774613,-103.623295649,103.623295649,226.375774635
1190,0,0,negative,0.0346632397238,-0.107491405958,0.196038614756,34.6632397238,-107.491405958,196.038614756,-103.429132513,103.429132513,226.924614778
1190,1,0,negative,0.0353077191535,-0.107491405958,0.197549088389,35.3077191535,-107.491405958,197.549088389,-102.784653084,102.784653084,228.435088411
1191,0,0,negative,0.035784413423,-0.107491405958,0.199456251046,35.784413423,-107.491405958,199.456251046,-102.307958814,102.307958814,230.342251068
1191,1,0,negative,0.0357613345516,-0.107491405958,0.199382631475,35.7613345516,-107.491405958,199.382631475,-102.331037686,102.331037686,230.268631497
1192,0,0,negative,0.0353587956165,-0.107491405958,0.19770743219,35.3587956165,-107.491405958,197.70743219,-102.733576621,102.733576621,228.593432212
1192,1,0,negative,0.0356650830205,-0.107491405958,0.198802996596,35.6650830205,-107.491405958,198.802996596,-102.427289217,102.427289217,229.688996618
1193,0,0,negative,0.0356650830205,-0.107491405958,0.198802996596,35.6650830205,-107.491405958,198.802996596,-102.427289217,102.427289217,229.688996618
1193,1,0,negative,0.0357012583525,-0.107491405958,0.199090399689,35.7012583525,-107.491405958,199.090399689,-102.391113885,102.391113885,229.976399712
1194,0,0,negative,0.0357012583525,-0.107491405958,0.199090399689,35.7012583525,-107.491405958,199.090399689,-102.391113885,102.391113885,229.976399712
1194,1,0,negative,0.0357613345516,-0.107491405958,0.199382631475,35.7613345516,-107.491405958,199.382631475,-102.331037686,102.331037686,230.268631497
1195,0,0,negative,0.0353587956165,-0.107491405958,0.19770743219,35.3587956165,-107.491405958,197.70743219,-102.733576621,102.733576621,228.593432212
1195,1,0,negative,0.0353382628316,-0.107491405958,0.197616826005,35.3382628316,-107.491405958,197.616826005,-102.754109406,102.754109406,228.502826027
1196,0,0,negative,0.0341479207195,-0.107491405958,0.191447091417,34.1479207195,-107.491405958,191.447091417,-103.944451518,103.944451518,222.333091439
1196,1,0,negative,0.0341610396381,-0.107491405958,0.191361319384,34.1610396381,-107.491405958,191.361319384,-103.931332599,103.931332599,222.247319406
1197,0,0,negative,0.0341554297063,-0.107491405958,0.19182309532,34.1554297063,-107.491405958,191.82309532,-103.936942531,103.936942531,222.709095343
1197,1,0,negative,0.0341479207195,-0.107491405958,0.191447091417,34.1479207195,-107.491405958,191.447091417,-103.944451518,103.944451518,222.333091439
1198,0,0,negative,0.0342642406896,-0.107491405958,0.194123004628,34.2642406896,-107.491405958,194.123004628,-103.828131548,103.828131548,225.00900465
1198,1,0,negative,0.0342426056184,-0.107491405958,0.193988010554,34.2426056184,-107.491405958,193.988010554,-103.849766619,103.849766619,224.874010576
1199,0,0,negative,0.0341575910582,-0.107491405958,0.192165634836,34.1575910582,-107.491405958,192.165634836,-103.934781179,103.934781179,223.051634859
1199,1,0,negative,0.0341573759823,-0.107491405958,0.192333361005,34.1573759823,-107.491405958,192.333361005,-103.934996255,103.934996255,223.219361027
1200,0,0,negative,0.0341378761838,-0.107491405958,0.193113348326,34.1378761838,-107.491405958,193.113348326,-103.954496053,103.954496053,223.999348349
1200,1,0,negative,0.0341573759823,-0.107491405958,0.192333361005,34.1573759823,-107.491405958,192.333361005,-103.934996255,103.934996255,223.219361027
1201,0,0,negative,0.0342426056184,-0.107491405958,0.193988010554,34.2426056184,-107.491405958,193.988010554,-103.849766619,103.849766619,224.874010576
1201,1,0,negative,0.034225960002,-0.107491405958,0.193835264793,34.225960002,-107.491405958,193.835264793,-103.866412235,103.866412235,224.721264815
1202,0,0,negative,0.0341378761838,-0.107491405958,0.193113348326,34.1378761838,-107.491405958,193.113348326,-103.954496053,103.954496053,223.999348349
1202,1,0,negative,0.034225960002,-0.107491405958,0.193835264793,34.225960002,-107.491405958,193.835264793,-103.866412235,103.866412235,224.721264815
1203,0,0,negative,0.0344623438717,-0.107491405958,0.195450656622,34.4623438717,-107.491405958,195.450656622,-103.630028366,103.630028366,226.336656645
1203,1,0,negative,0.0342642406896,-0.107491405958,0.194123004628,34.2642406896,-107.491405958,194.123004628,-103.828131548,103.828131548,225.00900465
1204,0,0,negative,0.0314316575626,-0.107491405958,0.192893233676,31.4316575626,-107.491405958,192.893233676,-106.660714675,106.660714675,223.779233698
1204,1,0,negative,0.0311738874213,-0.107491405958,0.191660303578,31.1738874213,-107.491405958,191.660303578,-106.918484816,106.918484816,222.5463036
1205,0,0,negative,0.0309461569862,-0.107491405958,0.190540187506,30.9461569862,-107.491405958,190.540187506,-107.146215251,107.146215251,221.426187528
1205,1,0,negative,0.0308207398513,-0.107491405958,0.189919535794,30.8207398513,-107.491405958,189.919535794,-107.271632386,107.271632386,220.805535816
1206,0,0,negative,0.0314928682121,-0.107491405958,0.193094992044,31.4928682121,-107.491405958,193.094992044,-106.599504025,106.599504025,223.980992066
1206,1,0,negative,0.0314316575626,-0.107491405958,0.192893233676,31.4316575626,-107.491405958,192.893233676,-106.660714675,106.660714675,223.779233698
1207,0,0,negative,0.0315591386191,-0.107491405958,0.193389373155,31.5591386191,-107.491405958,193.389373155,-106.533233618,106.533233618,224.275373177
1207,1,0,negative,0.0317936255647,-0.107491405958,0.19432477851,31.7936255647,-107.491405958,194.32477851,-106.298746672,106.298746672,225.210778533
1208,0,0,negative,0.0320496441244,-0.107491405958,0.195278840239,32.0496441244,-107.491405958,195.278840239,-106.042728113,106.042728113,226.164840261
1208,1,0,negative,0.0318901871388,-0.107491405958,0.194657379284,31.8901871388,-107.491405958,194.657379284,-106.202185098,106.202185098,225.543379306
1209,0,0,negative,0.0315591386191,-0.107491405958,0.193389373155,31.5591386191,-107.491405958,193.389373155,-106.533233618,106.533233618,224.275373177
1209,1,0,negative,0.0314928682121,-0.107491405958,0.193094992044,31.4928682121,-107.491405958,193.094992044,-106.599504025,106.599504025,223.980992066
1210,0,0,negative,0.0317936255647,-0.107491405958,0.19432477851,31.7936255647,-107.491405958,194.32477851,-106.298746672,106.298746672,225.210778533
1210,1,0,negative,0.0318901871388,-0.107491405958,0.194657379284,31.8901871388,-107.491405958,194.657379284,-106.202185098,106.202185098,225.543379306
1211,0,0,negative,0.0309461569862,-0.107491405958,0.190540187506,30.9461569862,-107.491405958,190.540187506,-107.146215251,107.146215251,221.426187528
1211,1,0,negative,0.0310089762301,-0.107491405958,0.190876753348,31.0089762301,-107.491405958,190.876753348,-107.083396007,107.083396007,221.76275337
1212,0,0,negative,0.0310089762301,-0.107491405958,0.190876753348,31.0089762301,-107.491405958,190.876753348,-107.083396007,107.083396007,221.76275337
1212,1,0,negative,0.0311738874213,-0.107491405958,0.191660303578,31.1738874213,-107.491405958,191.660303578,-106.918484816,106.918484816,222.5463036
1213,0,0,negative,0.0320496441244,-0.107491405958,0.195278840239,32.0496441244,-107.491405958,195.278840239,-106.042728113,106.042728113,226.164840261
1213,1,0,negative,0.032150521838,-0.107491405958,0.195510316322,32.150521838,-107.491405958,195.510316322,-105.941850399,105.941850399,226.396316344
1214,0,0,negative,0.0328329669457,-0.107491405958,0.197123810666,32.8329669457,-107.491405958,197.123810666,-105.259405291,105.259405291,228.009810688
1214,1,0,negative,0.0328116517728,-0.107491405958,0.196960281037,32.8116517728,-107.491405958,196.960281037,-105.280720464,105.280720464,227.846281059
1215,0,0,negative,0.032706338664,-0.107491405958,0.196674209123,32.706338664,-107.491405958,196.674209123,-105.386033573,105.386033573,227.560209145
1215,1,0,negative,0.0326079773788,-0.107491405958,0.196443092991,32.6079773788,-107.491405958,196.443092991,-105.484394858,105.484394858,227.329093013
1216,0,0,negative,0.032706338664,-0.107491405958,0.196674209123,32.706338664,-107.491405958,196.674209123,-105.386033573,105.386033573,227.560209145
1216,1,0,negative,0.0328116517728,-0.107491405958,0.196960281037,32.8116517728,-107.491405958,196.960281037,-105.280720464,105.280720464,227.846281059
1217,0,0,negative,0.0328410838591,-0.107491405958,0.197399948166,32.8410838591,-107.491405958,197.399948166,-105.251288378,105.251288378,228.285948189
1217,1,0,negative,0.0328329669457,-0.107491405958,0.197123810666,32.8329669457,-107.491405958,197.123810666,-105.259405291,105.259405291,228.009810688
1218,0,0,negative,0.0328410838591,-0.107491405958,0.197399948166,32.8410838591,-107.491405958,197.399948166,-105.251288378,105.251288378,228.285948189
1218,1,0,negative,0.0328513994278,-0.107491405958,0.197468734508,32.8513994278,-107.491405958,197.468734508,-105.240972809,105.240972809,228.35473453
1219,0,0,negative,0.0328513994278,-0.107491405958,0.197468734508,32.8513994278,-107.491405958,197.468734508,-105.240972809,105.240972809,228.35473453
1219,1,0,negative,0.0328213310169,-0.107491405958,0.197621533404,32.8213310169,-107.491405958,197.621533404,-105.27104122,105.27104122,228.507533426
1220,0,0,negative,0.0326898784032,-0.107491405958,0.198052233613,32.6898784032,-107.491405958,198.052233613,-105.402493834,105.402493834,228.938233635
1220,1,0,negative,0.0328213310169,-0.107491405958,0.197621533404,32.8213310169,-107.491405958,197.621533404,-105.27104122,105.27104122,228.507533426
1221,0,0,negative,0.0325702206888,-0.107491405958,0.198922103284,32.5702206888,-107.491405958,198.922103284,-105.522151548,105.522151548,229.808103306
1221,1,0,negative,0.0325254633489,-0.107491405958,0.199360917408,32.5254633489,-107.491405958,199.360917408,-105.566908888,105.566908888,230.24691743
1222,0,0,negative,0.0322277924958,-0.107491405958,0.195701347774,32.2277924958,-107.491405958,195.701347774,-105.864579741,105.864579741,226.587347796
1222,1,0,negative,0.032150521838,-0.107491405958,0.195510316322,32.150521838,-107.491405958,195.510316322,-105.941850399,105.941850399,226.396316344
1223,0,0,negative,0.032534414809,-0.107491405958,0.19632218044,32.534414809,-107.491405958,196.32218044,-105.557957428,105.557957428,227.208180462
1223,1,0,negative,0.0322277924958,-0.107491405958,0.195701347774,32.2277924958,-107.491405958,195.701347774,-105.864579741,105.864579741,226.587347796
1224,0,0,negative,0.032534414809,-0.107491405958,0.19632218044,32.534414809,-107.491405958,196.32218044,-105.557957428,105.557957428,227.208180462
1224,1,0,negative,0.0326079773788,-0.107491405958,0.196443092991,32.6079773788,-107.491405958,196.443092991,-105.484394858,105.484394858,227.329093013
1225,0,0,negative,0.0325702206888,-0.107491405958,0.198922103284,32.5702206888,-107.491405958,198.922103284,-105.522151548,105.522151548,229.808103306
1225,1,0,negative,0.0326898784032,-0.107491405958,0.198052233613,32.6898784032,-107.491405958,198.052233613,-105.402493834,105.402493834,228.938233635
1226,0,0,negative,0.0359601656391,-0.107491405958,0.199977214305,35.9601656391,-107.491405958,199.977214305,-102.132206598,102.132206598,230.863214327
1226,1,0,negative,0.035784413423,-0.107491405958,0.199456251046,35.784413423,-107.491405958,199.456251046,-102.307958814,102.307958814,230.342251068
1227,0,0,negative,0.0361511636673,-0.107491405958,0.20078293464,36.1511636673,-107.491405958,200.78293464,-101.94120857,101.94120857,231.668934663
1227,1,0,negative,0.0360147279774,-0.107491405958,0.200147526405,36.0147279774,-107.491405958,200.147526405,-102.07764426,102.07764426,231.033526427
1228,0,0,negative,0.0359601656391,-0.107491405958,0.199977214305,35.9601656391,-107.491405958,199.977214305,-102.132206598,102.132206598,230.863214327
1228,1,0,negative,0.0360053322356,-0.107491405958,0.200107733077,36.0053322356,-107.491405958,200.107733077,-102.087040002,102.087040002,230.993733099
1229,0,0,negative,0.0360053322356,-0.107491405958,0.200107733077,36.0053322356,-107.491405958,200.107733077,-102.087040002,102.087040002,230.993733099
1229,1,0,negative,0.0360147279774,-0.107491405958,0.200147526405,36.0147279774,-107.491405958,200.147526405,-102.07764426,102.07764426,231.033526427
1230,0,0,negative,0.0361620407625,-0.107491405958,0.200877158363,36.1620407625,-107.491405958,200.877158363,-101.930331475,101.930331475,231.763158386
1230,1,0,negative,0.0361511636673,-0.107491405958,0.20078293464,36.1511636673,-107.491405958,200.78293464,-101.94120857,101.94120857,231.668934663
1231,0,0,negative,0.0361620407625,-0.107491405958,0.200877158363,36.1620407625,-107.491405958,200.877158363,-101.930331475,101.930331475,231.763158386
1231,1,0,negative,0.0362450157743,-0.107491405958,0.201394299694,36.2450157743,-107.491405958,201.394299694,-101.847356463,101.847356463,232.280299717
1232,0,0,negative,0.036288545436,-0.107491405958,0.201735320023,36.288545436,-107.491405958,201.735320023,-101.803826801,101.803826801,232.621320045
1232,1,0,negative,0.0362450157743,-0.107491405958,0.201394299694,36.2450157743,-107.491405958,201.394299694,-101.847356463,101.847356463,232.280299717
1233,0,0,negative,0.036288545436,-0.107491405958,0.201735320023,36.288545436,-107.491405958,201.735320023,-101.803826801,101.803826801,232.621320045
1233,1,0,negative,0.0363569971014,-0.107491405958,0.202004517268,36.3569971014,-107.491405958,202.004517268,-101.735375136,101.735375136,232.89051729
1234,0,0,negative,0.0363980707638,-0.107491405958,0.20234308828,36.3980707638,-107.491405958,202.34308828,-101.694301473,101.694301473,233.229088302
1234,1,0,negative,0.0363733198832,-0.107491405958,0.202765663195,36.3733198832,-107.491405958,202.765663195,-101.719052354,101.719052354,233.651663217
1235,0,0,negative,0.0363733198832,-0.107491405958,0.202765663195,36.3733198832,-107.491405958,202.765663195,-101.719052354,101.719052354,233.651663217
1235,1,0,negative,0.0363938525097,-0.107491405958,0.203146120681,36.3938525097,-107.491405958,203.146120681,-101.698519728,101.698519728,234.032120703
1236,0,0,negative,0.0364059078827,-0.107491405958,0.203576100995,36.4059078827,-107.491405958,203.576100995,-101.686464355,101.686464355,234.462101017
1236,1,0,negative,0.0363938525097,-0.107491405958,0.203146120681,36.3938525097,-107.491405958,203.146120681,-101.698519728,101.698519728,234.032120703
1237,0,0,negative,0.0364059078827,-0.107491405958,0.203576100995,36.4059078827,-107.491405958,203.576100995,-101.686464355,101.686464355,234.462101017
1237,1,0,negative,0.0364636766337,-0.107491405958,0.203914872237,36.4636766337,-107.491405958,203.914872237,-101.628695603,101.628695603,234.800872259
1238,0,0,negative,0.0364523307586,-0.107491405958,0.204202688633,36.4523307586,-107.491405958,204.202688633,-101.640041479,101.640041479,235.088688656
1238,1,0,negative,0.0364636766337,-0.107491405958,0.203914872237,36.4636766337,-107.491405958,203.914872237,-101.628695603,101.628695603,234.800872259
1239,0,0,negative,0.0363351527909,-0.107491405958,0.204569905011,36.3351527909,-107.491405958,204.569905011,-101.757219446,101.757219446,235.455905033
1239,1,0,negative,0.0363218248971,-0.107491405958,0.204646920045,36.3218248971,-107.491405958,204.646920045,-101.77054734,101.77054734,235.532920068
1240,0,0,negative,0.0363351527909,-0.107491405958,0.204569905011,36.3351527909,-107.491405958,204.569905011,-101.757219446,101.757219446,235.455905033
1240,1,0,negative,0.0364523307586,-0.107491405958,0.204202688633,36.4523307586,-107.491405958,204.202688633,-101.640041479,101.640041479,235.088688656
1241,0,0,negative,0.0362592864025,-0.107491405958,0.204782256473,36.2592864025,-107.491405958,204.782256473,-101.833085835,101.833085835,235.668256495
1241,1,0,negative,0.0363218248971,-0.107491405958,0.204646920045,36.3218248971,-107.491405958,204.646920045,-101.77054734,101.77054734,235.532920068
1242,0,0,negative,0.0362592864025,-0.107491405958,0.204782256473,36.2592864025,-107.491405958,204.782256473,-101.833085835,101.833085835,235.668256495
1242,1,0,negative,0.0362408172121,-0.107491405958,0.20480615024,36.2408172121,-107.491405958,204.80615024,-101.851555025,101.851555025,235.692150262
1243,0,0,negative,0.0362408172121,-0.107491405958,0.20480615024,36.2408172121,-107.491405958,204.80615024,-101.851555025,101.851555025,235.692150262
1243,1,0,negative,0.0362213216412,-0.107491405958,0.2048453648,36.2213216412,-107.491405958,204.8453648,-101.871050596,101.871050596,235.731364822
1244,0,0,negative,0.0361316765982,-0.107491405958,0.205229715715,36.1316765982,-107.491405958,205.229715715,-101.960695639,101.960695639,236.115715737
1244,1,0,negative,0.0362213216412,-0.107491405958,0.2048453648,36.2213216412,-107.491405958,204.8453648,-101.871050596,101.871050596,235.731364822
1245,0,0,negative,0.0361316765982,-0.107491405958,0.205229715715,36.1316765982,-107.491405958,205.229715715,-101.960695639,101.960695639,236.115715737
1245,1,0,negative,0.0361548202426,-0.107491405958,0.205423638375,36.1548202426,-107.491405958,205.423638375,-101.937551995,101.937551995,236.309638397
1246,0,0,negative,0.0361548202426,-0.107491405958,0.205423638375,36.1548202426,-107.491405958,205.423638375,-101.937551995,101.937551995,236.309638397
1246,1,0,negative,0.0363500884883,-0.107491405958,0.205816725574,36.3500884883,-107.491405958,205.816725574,-101.742283749,101.742283749,236.702725596
1247,0,0,negative,0.0325254633489,-0.107491405958,0.199360917408,32.5254633489,-107.491405958,199.360917408,-105.566908888,105.566908888,230.24691743
1247,1,0,negative,0.032482643082,-0.107491405958,0.199966321638,32.482643082,-107.491405958,199.966321638,-105.609729155,105.609729155,230.85232166
1248,0,0,negative,0.0326324847471,-0.107491405958,0.202248139582,32.6324847471,-107.491405958,202.248139582,-105.45988749,105.45988749,233.134139605
1248,1,0,negative,0.0326330919053,-0.107491405958,0.202252136069,32.6330919053,-107.491405958,202.252136069,-105.459280332,105.459280332,233.138136091
1249,0,0,negative,0.0326330919053,-0.107491405958,0.202252136069,32.6330919053,-107.491405958,202.252136069,-105.459280332,105.459280332,233.138136091
1249,1,0,negative,0.0326335823442,-0.107491405958,0.202257097181,32.6335823442,-107.491405958,202.257097181,-105.458789893,105.458789893,233.143097203
1250,0,0,negative,0.0328611105845,-0.107491405958,0.203985651141,32.8611105845,-107.491405958,203.985651141,-105.231261653,105.231261653,234.871651163
1250,1,0,negative,0.032906425266,-0.107491405958,0.204340189588,32.906425266,-107.491405958,204.340189588,-105.185946971,105.185946971,235.226189611
1251,0,0,negative,0.0324196260132,-0.107491405958,0.200991421746,32.4196260132,-107.491405958,200.991421746,-105.672746224,105.672746224,231.877421768
1251,1,0,negative,0.0324406962999,-0.107491405958,0.200637440128,32.4406962999,-107.491405958,200.637440128,-105.651675937,105.651675937,231.52344015
1252,0,0,negative,0.0324406962999,-0.107491405958,0.200637440128,32.4406962999,-107.491405958,200.637440128,-105.651675937,105.651675937,231.52344015
1252,1,0,negative,0.032482643082,-0.107491405958,0.199966321638,32.482643082,-107.491405958,199.966321638,-105.609729155,105.609729155,230.85232166
1253,0,0,negative,0.0324574056475,-0.107491405958,0.201277071799,32.4574056475,-107.491405958,201.277071799,-105.63496659,105.63496659,232.163071822
1253,1,0,negative,0.0324196260132,-0.107491405958,0.200991421746,32.4196260132,-107.491405958,200.991421746,-105.672746224,105.672746224,231.877421768
1254,0,0,negative,0.0326324847471,-0.107491405958,0.202248139582,32.6324847471,-107.491405958,202.248139582,-105.45988749,105.45988749,233.134139605
1254,1,0,negative,0.0324574056475,-0.107491405958,0.201277071799,32.4574056475,-107.491405958,201.277071799,-105.63496659,105.63496659,232.163071822
1255,0,0,negative,0.0326442369813,-0.107491405958,0.202714601932,32.6442369813,-107.491405958,202.714601932,-105.448135256,105.448135256,233.600601954
1255,1,0,negative,0.0326335823442,-0.107491405958,0.202257097181,32.6335823442,-107.491405958,202.257097181,-105.458789893,105.458789893,233.143097203
1256,0,0,negative,0.0327120660083,-0.107491405958,0.203076440139,32.7120660083,-107.491405958,203.076440139,-105.380306229,105.380306229,233.962440161
1256,1,0,negative,0.0326442369813,-0.107491405958,0.202714601932,32.6442369813,-107.491405958,202.714601932,-105.448135256,105.448135256,233.600601954
1257,0,0,negative,0.0327120660083,-0.107491405958,0.203076440139,32.7120660083,-107.491405958,203.076440139,-105.380306229,105.380306229,233.962440161
1257,1,0,negative,0.0328469667104,-0.107491405958,0.203908509141,32.8469667104,-107.491405958,203.908509141,-105.245405527,105.245405527,234.794509163
1258,0,0,negative,0.0328611105845,-0.107491405958,0.203985651141,32.8611105845,-107.491405958,203.985651141,-105.231261653,105.231261653,234.871651163
1258,1,0,negative,0.0328469667104,-0.107491405958,0.203908509141,32.8469667104,-107.491405958,203.908509141,-105.245405527,105.245405527,234.794509163
1259,0,0,negative,0.0335280725215,-0.107491405958,0.206325657105,33.5280725215,-107.491405958,206.325657105,-104.564299716,104.564299716,237.211657127
1259,1,0,negative,0.0332596717621,-0.107491405958,0.205519146195,33.2596717621,-107.491405958,205.519146195,-104.832700475,104.832700475,236.405146217
1260,0,0,negative,0.032906425266,-0.107491405958,0.204340189588,32.906425266,-107.491405958,204.340189588,-105.185946971,105.185946971,235.226189611
1260,1,0,negative,0.0329416470994,-0.107491405958,0.204486851596,32.9416470994,-107.491405958,204.486851596,-105.150725138,105.150725138,235.372851619
1261,0,0,negative,0.0332596717621,-0.107491405958,0.205519146195,33.2596717621,-107.491405958,205.519146195,-104.832700475,104.832700475,236.405146217
1261,1,0,negative,0.0329416470994,-0.107491405958,0.204486851596,32.9416470994,-107.491405958,204.486851596,-105.150725138,105.150725138,235.372851619
1262,0,0,negative,0.0335280725215,-0.107491405958,0.206325657105,33.5280725215,-107.491405958,206.325657105,-104.564299716,104.564299716,237.211657127
1262,1,0,negative,0.0337242986094,-0.107491405958,0.207012384446,33.7242986094,-107.491405958,207.012384446,-104.368073628,104.368073628,237.898384469
1263,0,0,negative,0.0341177882246,-0.107491405958,0.208034051042,34.1177882246,-107.491405958,208.034051042,-103.974584013,103.974584013,238.920051064
1263,1,0,negative,0.0337242986094,-0.107491405958,0.207012384446,33.7242986094,-107.491405958,207.012384446,-104.368073628,104.368073628,237.898384469
1264,0,0,negative,0.0341177882246,-0.107491405958,0.208034051042,34.1177882246,-107.491405958,208.034051042,-103.974584013,103.974584013,238.920051064
1264,1,0,negative,0.034192838059,-0.107491405958,0.208214171005,34.192838059,-107.491405958,208.214171005,-103.899534178,103.899534178,239.100171028
1265,0,0,negative,0.034192838059,-0.107491405958,0.208214171005,34.192838059,-107.491405958,208.214171005,-103.899534178,103.899534178,239.100171028
1265,1,0,negative,0.0342896691193,-0.107491405958,0.208419665267,34.2896691193,-107.491405958,208.419665267,-103.802703118,103.802703118,239.305665289
1266,0,0,negative,0.0367008296217,-0.107491405958,0.213296896741,36.7008296217,-107.491405958,213.296896741,-101.391542615,101.391542615,244.182896763
1266,1,0,negative,0.0365814207894,-0.107491405958,0.213032587369,36.5814207894,-107.491405958,213.032587369,-101.510951448,101.510951448,243.918587391
1267,0,0,negative,0.0363049111095,-0.107491405958,0.212502619489,36.3049111095,-107.491405958,212.502619489,-101.787461128,101.787461128,243.388619512
1267,1,0,negative,0.0365814207894,-0.107491405958,0.213032587369,36.5814207894,-107.491405958,213.032587369,-101.510951448,101.510951448,243.918587391
1268,0,0,negative,0.0367008296217,-0.107491405958,0.213296896741,36.7008296217,-107.491405958,213.296896741,-101.391542615,101.391542615,244.182896763
1268,1,0,negative,0.037129771625,-0.107491405958,0.214336582141,37.129771625,-107.491405958,214.336582141,-100.962600612,100.962600612,245.222582163
1269,0,0,negative,0.0350559735553,-0.107491405958,0.210012655912,35.0559735553,-107.491405958,210.012655912,-103.036398682,103.036398682,240.898655934
1269,1,0,negative,0.0352757723723,-0.107491405958,0.210499319374,35.2757723723,-107.491405958,210.499319374,-102.816599865,102.816599865,241.385319396
1270,0,0,negative,0.0360833998089,-0.107491405958,0.212107811416,36.0833998089,-107.491405958,212.107811416,-102.008972428,102.008972428,242.993811438
1270,1,0,negative,0.0352757723723,-0.107491405958,0.210499319374,35.2757723723,-107.491405958,210.499319374,-102.816599865,102.816599865,241.385319396
1271,0,0,negative,0.0347733286068,-0.107491405958,0.209464127925,34.7733286068,-107.491405958,209.464127925,-103.31904363,103.31904363,240.350127947
1271,1,0,negative,0.0342896691193,-0.107491405958,0.208419665267,34.2896691193,-107.491405958,208.419665267,-103.802703118,103.802703118,239.305665289
1272,0,0,negative,0.0350559735553,-0.107491405958,0.210012655912,35.0559735553,-107.491405958,210.012655912,-103.036398682,103.036398682,240.898655934
1272,1,0,negative,0.0347733286068,-0.107491405958,0.209464127925,34.7733286068,-107.491405958,209.464127925,-103.31904363,103.31904363,240.350127947
1273,0,0,negative,0.0519047619926,-0.107491405958,0.225337346077,51.9047619926,-107.491405958,225.337346077,-86.1876102446,86.1876102446,256.223346099
1273,1,0,negative,0.0518363494128,-0.107491405958,0.224986090101,51.8363494128,-107.491405958,224.986090101,-86.2560228244,86.2560228244,255.872090123
1274,0,0,negative,0.0520365930415,-0.107491405958,0.227937253472,52.0365930415,-107.491405958,227.937253472,-86.0557791957,86.0557791957,258.823253494
1274,1,0,negative,0.0520464484698,-0.107491405958,0.227868898699,52.0464484698,-107.491405958,227.868898699,-86.0459237674,86.0459237674,258.754898721
1275,0,0,negative,0.0520363265945,-0.107491405958,0.227962735805,52.0363265945,-107.491405958,227.962735805,-86.0560456427,86.0560456427,258.848735828
1275,1,0,negative,0.0520365930415,-0.107491405958,0.227937253472,52.0365930415,-107.491405958,227.937253472,-86.0557791957,86.0557791957,258.823253494
1276,0,0,negative,0.0520348289362,-0.107491405958,0.228010662657,52.0348289362,-107.491405958,228.010662657,-86.057543301,86.057543301,258.896662679
1276,1,0,negative,0.0520363265945,-0.107491405958,0.227962735805,52.0363265945,-107.491405958,227.962735805,-86.0560456427,86.0560456427,258.848735828
1277,0,0,negative,0.0521110849583,-0.107491405958,0.229611197391,52.1110849583,-107.491405958,229.611197391,-85.9812872789,85.9812872789,260.497197413
1277,1,0,negative,0.0520559762825,-0.107491405958,0.228896241122,52.0559762825,-107.491405958,228.896241122,-86.0363959547,86.0363959547,259.782241145
1278,0,0,negative,0.0519233377908,-0.107491405958,0.232575384268,51.9233377908,-107.491405958,232.575384268,-86.1690344464,86.1690344464,263.46138429
1278,1,0,negative,0.0519315594001,-0.107491405958,0.232509056942,51.9315594001,-107.491405958,232.509056942,-86.1608128371,86.1608128371,263.395056964
1279,0,0,negative,0.0517824712839,-0.107491405958,0.233350492388,51.7824712839,-107.491405958,233.350492388,-86.3099009533,86.3099009533,264.236492411
1279,1,0,negative,0.0517861137727,-0.107491405958,0.233286273271,51.7861137727,-107.491405958,233.286273271,-86.3062584645,86.3062584645,264.172273294
1280,0,0,negative,0.0515507128982,-0.107491405958,0.222757404656,51.5507128982,-107.491405958,222.757404656,-86.541659339,86.541659339,253.643404678
1280,1,0,negative,0.0516244364859,-0.107491405958,0.222966659995,51.6244364859,-107.491405958,222.966659995,-86.4679357513,86.4679357513,253.852660018
1281,0,0,negative,0.0499216377857,-0.107491405958,0.219871534756,49.9216377857,-107.491405958,219.871534756,-88.1707344515,88.1707344515,250.757534778
1281,1,0,negative,0.0498079375082,-0.107491405958,0.219710721437,49.8079375082,-107.491405958,219.710721437,-88.284434729,88.284434729,250.596721459
1282,0,0,negative,0.0494880586208,-0.107491405958,0.219119972743,49.4880586208,-107.491405958,219.119972743,-88.6043136164,88.6043136164,250.005972765
1282,1,0,negative,0.048693652252,-0.107491405958,0.218070823364,48.693652252,-107.491405958,218.070823364,-89.3987199852,89.3987199852,248.956823386
1283,0,0,negative,0.0494880586208,-0.107491405958,0.219119972743,49.4880586208,-107.491405958,219.119972743,-88.6043136164,88.6043136164,250.005972765
1283,1,0,negative,0.0498079375082,-0.107491405958,0.219710721437,49.8079375082,-107.491405958,219.710721437,-88.284434729,88.284434729,250.596721459
1284,0,0,negative,0.0508313230424,-0.107491405958,0.221092923162,50.8313230424,-107.491405958,221.092923162,-87.2610491948,87.2610491948,251.978923185
1284,1,0,negative,0.0511116042232,-0.107491405958,0.221805518536,51.1116042232,-107.491405958,221.805518536,-86.980768014,86.980768014,252.691518558
1285,0,0,negative,0.0508313230424,-0.107491405958,0.221092923162,50.8313230424,-107.491405958,221.092923162,-87.2610491948,87.2610491948,251.978923185
1285,1,0,negative,0.050733781196,-0.107491405958,0.220881372955,50.733781196,-107.491405958,220.881372955,-87.3585910412,87.3585910412,251.767372977
1286,0,0,negative,0.0515507128982,-0.107491405958,0.222757404656,51.5507128982,-107.491405958,222.757404656,-86.541659339,86.541659339,253.643404678
1286,1,0,negative,0.0511116042232,-0.107491405958,0.221805518536,51.1116042232,-107.491405958,221.805518536,-86.980768014,86.980768014,252.691518558
1287,0,0,negative,0.0499216377857,-0.107491405958,0.219871534756,49.9216377857,-107.491405958,219.871534756,-88.1707344515,88.1707344515,250.757534778
1287,1,0,negative,0.050733781196,-0.107491405958,0.220881372955,50.733781196,-107.491405958,220.881372955,-87.3585910412,87.3585910412,251.767372977
1288,0,0,negative,0.048418680266,-0.107491405958,0.217685904921,48.418680266,-107.491405958,217.685904921,-89.6736919712,89.6736919712,248.571904943
1288,1,0,negative,0.048693652252,-0.107491405958,0.218070823364,48.693652252,-107.491405958,218.070823364,-89.3987199852,89.3987199852,248.956823386
1289,0,0,negative,0.0517806023725,-0.107491405958,0.223774731692,51.7806023725,-107.491405958,223.774731692,-86.3117698647,86.3117698647,254.660731714
1289,1,0,negative,0.051727070861,-0.107491405958,0.223420829098,51.727070861,-107.491405958,223.420829098,-86.3653013762,86.3653013762,254.30682912
1290,0,0,negative,0.0517896144232,-0.107491405958,0.223998936369,51.7896144232,-107.491405958,223.998936369,-86.302757814,86.302757814,254.884936391
1290,1,0,negative,0.0517806023725,-0.107491405958,0.223774731692,51.7806023725,-107.491405958,223.774731692,-86.3117698647,86.3117698647,254.660731714
1291,0,0,negative,0.0516244364859,-0.107491405958,0.222966659995,51.6244364859,-107.491405958,222.966659995,-86.4679357513,86.4679357513,253.852660018
1291,1,0,negative,0.0516964207847,-0.107491405958,0.223216990969,51.6964207847,-107.491405958,223.216990969,-86.3959514525,86.3959514525,254.102990992
1292,0,0,negative,0.0516964207847,-0.107491405958,0.223216990969,51.6964207847,-107.491405958,223.216990969,-86.3959514525,86.3959514525,254.102990992
1292,1,0,negative,0.051727070861,-0.107491405958,0.223420829098,51.727070861,-107.491405958,223.420829098,-86.3653013762,86.3653013762,254.30682912
1293,0,0,negative,0.051791641832,-0.107491405958,0.224306145259,51.791641832,-107.491405958,224.306145259,-86.3007304052,86.3007304052,255.192145281
1293,1,0,negative,0.0517896144232,-0.107491405958,0.223998936369,51.7896144232,-107.491405958,223.998936369,-86.302757814,86.302757814,254.884936391
1294,0,0,negative,0.051791641832,-0.107491405958,0.224306145259,51.791641832,-107.491405958,224.306145259,-86.3007304052,86.3007304052,255.192145281
1294,1,0,negative,0.0517919594827,-0.107491405958,0.224525920895,51.7919594827,-107.491405958,224.525920895,-86.3004127545,86.3004127545,255.411920917
1295,0,0,negative,0.0517919594827,-0.107491405958,0.224525920895,51.7919594827,-107.491405958,224.525920895,-86.3004127545,86.3004127545,255.411920917
1295,1,0,negative,0.0518363494128,-0.107491405958,0.224986090101,51.8363494128,-107.491405958,224.986090101,-86.2560228244,86.2560228244,255.872090123
1296,0,0,negative,0.0519047619926,-0.107491405958,0.225337346077,51.9047619926,-107.491405958,225.337346077,-86.1876102446,86.1876102446,256.223346099
1296,1,0,negative,0.0520908946071,-0.107491405958,0.225913756933,52.0908946071,-107.491405958,225.913756933,-86.0014776301,86.0014776301,256.799756956
1297,0,0,negative,0.0520908946071,-0.107491405958,0.225913756933,52.0908946071,-107.491405958,225.913756933,-86.0014776301,86.0014776301,256.799756956
1297,1,0,negative,0.0521346324991,-0.107491405958,0.2261850003,52.1346324991,-107.491405958,226.1850003,-85.9577397381,85.9577397381,257.071000322
1298,0,0,negative,0.0521638692408,-0.107491405958,0.226507866024,52.1638692408,-107.491405958,226.507866024,-85.9285029964,85.9285029964,257.393866046
1298,1,0,negative,0.0521408742048,-0.107491405958,0.227151459525,52.1408742048,-107.491405958,227.151459525,-85.9514980324,85.9514980324,258.037459548
1299,0,0,negative,0.0521638692408,-0.107491405958,0.226507866024,52.1638692408,-107.491405958,226.507866024,-85.9285029964,85.9285029964,257.393866046
1299,1,0,negative,0.0521346324991,-0.107491405958,0.2261850003,52.1346324991,-107.491405958,226.1850003,-85.9577397381,85.9577397381,257.071000322
1300,0,0,negative,0.0521322806756,-0.107491405958,0.227358266666,52.1322806756,-107.491405958,227.358266666,-85.9600915616,85.9600915616,258.244266688
1300,1,0,negative,0.0521408742048,-0.107491405958,0.227151459525,52.1408742048,-107.491405958,227.151459525,-85.9514980324,85.9514980324,258.037459548
1301,0,0,negative,0.0462428433618,-0.107491405958,0.227859963346,46.2428433618,-107.491405958,227.859963346,-91.8495288754,91.8495288754,258.745963368
1301,1,0,negative,0.0457482031792,-0.107491405958,0.226756778943,45.7482031792,-107.491405958,226.756778943,-92.344169058,92.344169058,257.642778966
1302,0,0,negative,0.0457482031792,-0.107491405958,0.226756778943,45.7482031792,-107.491405958,226.756778943,-92.344169058,92.344169058,257.642778966
1302,1,0,negative,0.0454170659694,-0.107491405958,0.226093336714,45.4170659694,-107.491405958,226.093336714,-92.6753062678,92.6753062678,256.979336736
1303,0,0,negative,0.0450141519879,-0.107491405958,0.225452379604,45.0141519879,-107.491405958,225.452379604,-93.0782202493,93.0782202493,256.338379627
1303,1,0,negative,0.0447394944038,-0.107491405958,0.225064913815,44.7394944038,-107.491405958,225.064913815,-93.3528778334,93.3528778334,255.950913838
1304,0,0,negative,0.0447011207325,-0.107491405958,0.225015070984,44.7011207325,-107.491405958,225.015070984,-93.3912515047,93.3912515047,255.901071006
1304,1,0,negative,0.0447394944038,-0.107491405958,0.225064913815,44.7394944038,-107.491405958,225.064913815,-93.3528778334,93.3528778334,255.950913838
1305,0,0,negative,0.0446693177658,-0.107491405958,0.224977019632,44.6693177658,-107.491405958,224.977019632,-93.4230544714,93.4230544714,255.863019654
1305,1,0,negative,0.0447011207325,-0.107491405958,0.225015070984,44.7011207325,-107.491405958,225.015070984,-93.3912515047,93.3912515047,255.901071006
1306,0,0,negative,0.0446288181338,-0.107491405958,0.224936904262,44.6288181338,-107.491405958,224.936904262,-93.4635541034,93.4635541034,255.822904285
1306,1,0,negative,0.0446693177658,-0.107491405958,0.224977019632,44.6693177658,-107.491405958,224.977019632,-93.4230544714,93.4230544714,255.863019654
1307,0,0,negative,0.044541166707,-0.107491405958,0.224832267047,44.541166707,-107.491405958,224.832267047,-93.5512055302,93.5512055302,255.718267069
1307,1,0,negative,0.0446288181338,-0.107491405958,0.224936904262,44.6288181338,-107.491405958,224.936904262,-93.4635541034,93.4635541034,255.822904285
1308,0,0,negative,0.0462428433618,-0.107491405958,0.227859963346,46.2428433618,-107.491405958,227.859963346,-91.8495288754,91.8495288754,258.745963368
1308,1,0,negative,0.0463108519575,-0.107491405958,0.228013753859,46.3108519575,-107.491405958,228.013753859,-91.7815202797,91.7815202797,258.899753881
1309,0,0,negative,0.045347380543,-0.107491405958,0.225962562935,45.347380543,-107.491405958,225.962562935,-92.7449916942,92.7449916942,256.848562957
1309,1,0,negative,0.0454170659694,-0.107491405958,0.226093336714,45.4170659694,-107.491405958,226.093336714,-92.6753062678,92.6753062678,256.979336736
1310,0,0,negative,0.045347380543,-0.107491405958,0.225962562935,45.347380543,-107.491405958,225.962562935,-92.7449916942,92.7449916942,256.848562957
1310,1,0,negative,0.0450141519879,-0.107491405958,0.225452379604,45.0141519879,-107.491405958,225.452379604,-93.0782202493,93.0782202493,256.338379627
1311,0,0,negative,0.0426009964316,-0.107491405958,0.222642783725,42.6009964316,-107.491405958,222.642783725,-95.4913758056,95.4913758056,253.528783748
1311,1,0,negative,0.04315734714,-0.107491405958,0.223306546249,43.15734714,-107.491405958,223.306546249,-94.9350250972,94.9350250972,254.192546272
1312,0,0,negative,0.0426009964316,-0.107491405958,0.222642783725,42.6009964316,-107.491405958,222.642783725,-95.4913758056,95.4913758056,253.528783748
1312,1,0,negative,0.0423538292383,-0.107491405958,0.222387843157,42.3538292383,-107.491405958,222.387843157,-95.7385429989,95.7385429989,253.273843179
1313,0,0,negative,0.044541166707,-0.107491405958,0.224832267047,44.541166707,-107.491405958,224.832267047,-93.5512055302,93.5512055302,255.718267069
1313,1,0,negative,0.0442145625283,-0.107491405958,0.224486914593,44.2145625283,-107.491405958,224.486914593,-93.8778097089,93.8778097089,255.372914615
1314,0,0,negative,0.0442145625283,-0.107491405958,0.224486914593,44.2145625283,-107.491405958,224.486914593,-93.8778097089,93.8778097089,255.372914615
1314,1,0,negative,0.0439839045669,-0.107491405958,0.224120324992,43.9839045669,-107.491405958,224.120324992,-94.1084676704,94.1084676704,255.006325014
1315,0,0,negative,0.0438097390768,-0.107491405958,0.223912057014,43.8097390768,-107.491405958,223.912057014,-94.2826331604,94.2826331604,254.798057037
1315,1,0,negative,0.0438578511144,-0.107491405958,0.223950921879,43.8578511144,-107.491405958,223.950921879,-94.2345211228,94.2345211228,254.836921902
1316,0,0,negative,0.0438578511144,-0.107491405958,0.223950921879,43.8578511144,-107.491405958,223.950921879,-94.2345211228,94.2345211228,254.836921902
1316,1,0,negative,0.0438765409983,-0.107491405958,0.223971054011,43.8765409983,-107.491405958,223.971054011,-94.2158312389,94.2158312389,254.857054033
1317,0,0,negative,0.0438765409983,-0.107491405958,0.223971054011,43.8765409983,-107.491405958,223.971054011,-94.2158312389,94.2158312389,254.857054033
1317,1,0,negative,0.0439839045669,-0.107491405958,0.224120324992,43.9839045669,-107.491405958,224.120324992,-94.1084676704,94.1084676704,255.006325014
1318,0,0,negative,0.0438097390768,-0.107491405958,0.223912057014,43.8097390768,-107.491405958,223.912057014,-94.2826331604,94.2826331604,254.798057037
1318,1,0,negative,0.0434195601817,-0.107491405958,0.22357062188,43.4195601817,-107.491405958,223.57062188,-94.6728120556,94.6728120556,254.456621902
1319,0,0,negative,0.0434195601817,-0.107491405958,0.22357062188,43.4195601817,-107.491405958,223.57062188,-94.6728120556,94.6728120556,254.456621902
1319,1,0,negative,0.04315734714,-0.107491405958,0.223306546249,43.15734714,-107.491405958,223.306546249,-94.9350250972,94.9350250972,254.192546272
1320,0,0,negative,0.0521322806756,-0.107491405958,0.227358266666,52.1322806756,-107.491405958,227.358266666,-85.9600915616,85.9600915616,258.244266688
1320,1,0,negative,0.0520464484698,-0.107491405958,0.227868898699,52.0464484698,-107.491405958,227.868898699,-86.0459237674,86.0459237674,258.754898721
1321,0,0,negative,0.0520348289362,-0.107491405958,0.228010662657,52.0348289362,-107.491405958,228.010662657,-86.057543301,86.057543301,258.896662679
1321,1,0,negative,0.0520398539656,-0.107491405958,0.22866720308,52.0398539656,-107.491405958,228.66720308,-86.0525182716,86.0525182716,259.553203102
1322,0,0,negative,0.0520398539656,-0.107491405958,0.22866720308,52.0398539656,-107.491405958,228.66720308,-86.0525182716,86.0525182716,259.553203102
1322,1,0,negative,0.0520559762825,-0.107491405958,0.228896241122,52.0559762825,-107.491405958,228.896241122,-86.0363959547,86.0363959547,259.782241145
1323,0,0,negative,0.0521110849583,-0.107491405958,0.229611197391,52.1110849583,-107.491405958,229.611197391,-85.9812872789,85.9812872789,260.497197413
1323,1,0,negative,0.0520899439151,-0.107491405958,0.230447918712,52.0899439151,-107.491405958,230.447918712,-86.0024283221,86.0024283221,261.333918734
1324,0,0,negative,0.0520899439151,-0.107491405958,0.230447918712,52.0899439151,-107.491405958,230.447918712,-86.0024283221,86.0024283221,261.333918734
1324,1,0,negative,0.0520896542207,-0.107491405958,0.230851518648,52.0896542207,-107.491405958,230.851518648,-86.0027180166,86.0027180166,261.737518671
1325,0,0,negative,0.0519924009987,-0.107491405958,0.231352960379,51.9924009987,-107.491405958,231.352960379,-86.0999712385,86.0999712385,262.238960402
1325,1,0,negative,0.0520896542207,-0.107491405958,0.230851518648,52.0896542207,-107.491405958,230.851518648,-86.0027180166,86.0027180166,261.737518671
1326,0,0,negative,0.0519924009987,-0.107491405958,0.231352960379,51.9924009987,-107.491405958,231.352960379,-86.0999712385,86.0999712385,262.238960402
1326,1,0,negative,0.0519315594001,-0.107491405958,0.232509056942,51.9315594001,-107.491405958,232.509056942,-86.1608128371,86.1608128371,263.395056964
1327,0,0,negative,0.0519233377908,-0.107491405958,0.232575384268,51.9233377908,-107.491405958,232.575384268,-86.1690344464,86.1690344464,263.46138429
1327,1,0,negative,0.0517861137727,-0.107491405958,0.233286273271,51.7861137727,-107.491405958,233.286273271,-86.3062584645,86.3062584645,264.172273294
1328,0,0,negative,0.0517824712839,-0.107491405958,0.233350492388,51.7824712839,-107.491405958,233.350492388,-86.3099009533,86.3099009533,264.236492411
1328,1,0,negative,0.0516750403606,-0.107491405958,0.234254871725,51.6750403606,-107.491405958,234.254871725,-86.4173318766,86.4173318766,265.140871748
1329,0,0,negative,0.051652931473,-0.107491405958,0.234363278761,51.652931473,-107.491405958,234.363278761,-86.4394407642,86.4394407642,265.249278783
1329,1,0,negative,0.0516750403606,-0.107491405958,0.234254871725,51.6750403606,-107.491405958,234.254871725,-86.4173318766,86.4173318766,265.140871748
1330,0,0,negative,0.0516285949539,-0.107491405958,0.234566835243,51.6285949539,-107.491405958,234.566835243,-86.4637772833,86.4637772833,265.452835266
1330,1,0,negative,0.051652931473,-0.107491405958,0.234363278761,51.652931473,-107.491405958,234.363278761,-86.4394407642,86.4394407642,265.249278783
1331,0,0,negative,0.0516285949539,-0.107491405958,0.234566835243,51.6285949539,-107.491405958,234.566835243,-86.4637772833,86.4637772833,265.452835266
1331,1,0,negative,0.0514991402955,-0.107491405958,0.235359257575,51.4991402955,-107.491405958,235.359257575,-86.5932319417,86.5932319417,266.245257598
1332,0,0,negative,0.0514945480764,-0.107491405958,0.235384188241,51.4945480764,-107.491405958,235.384188241,-86.5978241608,86.5978241608,266.270188263
1332,1,0,negative,0.0514991402955,-0.107491405958,0.235359257575,51.4991402955,-107.491405958,235.359257575,-86.5932319417,86.5932319417,266.245257598
1333,0,0,negative,0.0514945480764,-0.107491405958,0.235384188241,51.4945480764,-107.491405958,235.384188241,-86.5978241608,86.5978241608,266.270188263
1333,1,0,negative,0.0513018255557,-0.107491405958,0.235995997391,51.3018255557,-107.491405958,235.995997391,-86.7905466816,86.7905466816,266.881997414
1334,0,0,negative,0.0513018255557,-0.107491405958,0.235995997391,51.3018255557,-107.491405958,235.995997391,-86.7905466816,86.7905466816,266.881997414
1334,1,0,negative,0.051005551867,-0.107491405958,0.236856334649,51.005551867,-107.491405958,236.856334649,-87.0868203702,87.0868203702,267.742334671
1335,0,0,negative,0.0508996774199,-0.107491405958,0.237158408315,50.8996774199,-107.491405958,237.158408315,-87.1926948173,87.1926948173,268.044408337
1335,1,0,negative,0.051005551867,-0.107491405958,0.236856334649,51.005551867,-107.491405958,236.856334649,-87.0868203702,87.0868203702,267.742334671
1336,0,0,negative,0.0463108519575,-0.107491405958,0.228013753859,46.3108519575,-107.491405958,228.013753859,-91.7815202797,91.7815202797,258.899753881
1336,1,0,negative,0.0463319959605,-0.107491405958,0.2280752631,46.3319959605,-107.491405958,228.0752631,-91.7603762767,91.7603762767,258.961263122
1337,0,0,negative,0.0463319959605,-0.107491405958,0.2280752631,46.3319959605,-107.491405958,228.0752631,-91.7603762767,91.7603762767,258.961263122
1337,1,0,negative,0.0463670334967,-0.107491405958,0.228196310148,46.3670334967,-107.491405958,228.196310148,-91.7253387405,91.7253387405,259.082310171
1338,0,0,negative,0.0466924535007,-0.107491405958,0.229526835447,46.6924535007,-107.491405958,229.526835447,-91.3999187365,91.3999187365,260.412835469
1338,1,0,negative,0.0467184653429,-0.107491405958,0.229742563415,46.7184653429,-107.491405958,229.742563415,-91.3739068943,91.3739068943,260.628563437
1339,0,0,negative,0.0467184653429,-0.107491405958,0.229742563415,46.7184653429,-107.491405958,229.742563415,-91.3739068943,91.3739068943,260.628563437
1339,1,0,negative,0.0467209735005,-0.107491405958,0.229776869911,46.7209735005,-107.491405958,229.776869911,-91.3713987367,91.3713987367,260.662869933
1340,0,0,negative,0.0467439363379,-0.107491405958,0.230428050819,46.7439363379,-107.491405958,230.428050819,-91.3484358993,91.3484358993,261.314050841
1340,1,0,negative,0.0467209735005,-0.107491405958,0.229776869911,46.7209735005,-107.491405958,229.776869911,-91.3713987367,91.3713987367,260.662869933
1341,0,0,negative,0.0465978218713,-0.107491405958,0.228958484362,46.5978218713,-107.491405958,228.958484362,-91.4945503659,91.4945503659,259.844484385
1341,1,0,negative,0.0463670334967,-0.107491405958,0.228196310148,46.3670334967,-107.491405958,228.196310148,-91.7253387405,91.7253387405,259.082310171
1342,0,0,negative,0.0466512046343,-0.107491405958,0.229224121226,46.6512046343,-107.491405958,229.224121226,-91.4411676029,91.4411676029,260.110121248
1342,1,0,negative,0.0465978218713,-0.107491405958,0.228958484362,46.5978218713,-107.491405958,228.958484362,-91.4945503659,91.4945503659,259.844484385
1343,0,0,negative,0.0466924535007,-0.107491405958,0.229526835447,46.6924535007,-107.491405958,229.526835447,-91.3999187365,91.3999187365,260.412835469
1343,1,0,negative,0.0466512046343,-0.107491405958,0.229224121226,46.6512046343,-107.491405958,229.224121226,-91.4411676029,91.4411676029,260.110121248
1344,0,0,negative,0.0467439363379,-0.107491405958,0.230428050819,46.7439363379,-107.491405958,230.428050819,-91.3484358993,91.3484358993,261.314050841
1344,1,0,negative,0.0467358383274,-0.107491405958,0.230820166218,46.7358383274,-107.491405958,230.820166218,-91.3565339098,91.3565339098,261.70616624
1345,0,0,negative,0.0467358383274,-0.107491405958,0.230820166218,46.7358383274,-107.491405958,230.820166218,-91.3565339098,91.3565339098,261.70616624
1345,1,0,negative,0.0467123810058,-0.107491405958,0.231067511206,46.7123810058,-107.491405958,231.067511206,-91.3799912314,91.3799912314,261.953511229
1346,0,0,negative,0.0467259790553,-0.107491405958,0.231585397147,46.7259790553,-107.491405958,231.585397147,-91.3663931819,91.3663931819,262.47139717
1346,1,0,negative,0.0468258003999,-0.107491405958,0.232635151686,46.8258003999,-107.491405958,232.635151686,-91.2665718373,91.2665718373,263.521151708
1347,0,0,negative,0.0467259790553,-0.107491405958,0.231585397147,46.7259790553,-107.491405958,231.585397147,-91.3663931819,91.3663931819,262.47139717
1347,1,0,negative,0.0467123810058,-0.107491405958,0.231067511206,46.7123810058,-107.491405958,231.067511206,-91.3799912314,91.3799912314,261.953511229
1348,0,0,negative,0.0468274686904,-0.107491405958,0.232816811999,46.8274686904,-107.491405958,232.816811999,-91.2649035468,91.2649035468,263.702812021
1348,1,0,negative,0.0467863974792,-0.107491405958,0.233229153389,46.7863974792,-107.491405958,233.229153389,-91.305974758,91.305974758,264.115153411
1349,0,0,negative,0.0467445965437,-0.107491405958,0.233872415242,46.7445965437,-107.491405958,233.872415242,-91.3477756935,91.3477756935,264.758415265
1349,1,0,negative,0.0467863974792,-0.107491405958,0.233229153389,46.7863974792,-107.491405958,233.229153389,-91.305974758,91.305974758,264.115153411
1350,0,0,negative,0.0467445965437,-0.107491405958,0.233872415242,46.7445965437,-107.491405958,233.872415242,-91.3477756935,91.3477756935,264.758415265
1350,1,0,negative,0.046727107721,-0.107491405958,0.234056752062,46.727107721,-107.491405958,234.056752062,-91.3652645162,91.3652645162,264.942752085
1351,0,0,negative,0.0468271877619,-0.107491405958,0.232733928108,46.8271877619,-107.491405958,232.733928108,-91.2651844753,91.2651844753,263.619928131
1351,1,0,negative,0.0468258003999,-0.107491405958,0.232635151686,46.8258003999,-107.491405958,232.635151686,-91.2665718373,91.2665718373,263.521151708
1352,0,0,negative,0.0468274686904,-0.107491405958,0.232816811999,46.8274686904,-107.491405958,232.816811999,-91.2649035468,91.2649035468,263.702812021
1352,1,0,negative,0.0468271877619,-0.107491405958,0.232733928108,46.8271877619,-107.491405958,232.733928108,-91.2651844753,91.2651844753,263.619928131
1353,0,0,negative,0.0466101012553,-0.107491405958,0.234802455142,46.6101012553,-107.491405958,234.802455142,-91.4822709819,91.4822709819,265.688455165
1353,1,0,negative,0.046727107721,-0.107491405958,0.234056752062,46.727107721,-107.491405958,234.056752062,-91.3652645162,91.3652645162,264.942752085
1354,0,0,negative,0.0463553171914,-0.107491405958,0.235406981716,46.3553171914,-107.491405958,235.406981716,-91.7370550458,91.7370550458,266.292981738
1354,1,0,negative,0.046564062535,-0.107491405958,0.234934293827,46.564062535,-107.491405958,234.934293827,-91.5283097022,91.5283097022,265.820293849
1355,0,0,negative,0.0461628982637,-0.107491405958,0.235803711698,46.1628982637,-107.491405958,235.803711698,-91.9294739735,91.9294739735,266.68971172
1355,1,0,negative,0.0459910303346,-0.107491405958,0.236109808397,45.9910303346,-107.491405958,236.109808397,-92.1013419026,92.1013419026,266.995808419
1356,0,0,negative,0.0459556990309,-0.107491405958,0.236146962909,45.9556990309,-107.491405958,236.146962909,-92.1366732063,92.1366732063,267.032962932
1356,1,0,negative,0.0459910303346,-0.107491405958,0.236109808397,45.9910303346,-107.491405958,236.109808397,-92.1013419026,92.1013419026,266.995808419
1357,0,0,negative,0.0466101012553,-0.107491405958,0.234802455142,46.6101012553,-107.491405958,234.802455142,-91.4822709819,91.4822709819,265.688455165
1357,1,0,negative,0.046585553059,-0.107491405958,0.234886870572,46.585553059,-107.491405958,234.886870572,-91.5068191782,91.5068191782,265.772870594
1358,0,0,negative,0.046585553059,-0.107491405958,0.234886870572,46.585553059,-107.491405958,234.886870572,-91.5068191782,91.5068191782,265.772870594
1358,1,0,negative,0.046564062535,-0.107491405958,0.234934293827,46.564062535,-107.491405958,234.934293827,-91.5283097022,91.5283097022,265.820293849
1359,0,0,negative,0.0459556990309,-0.107491405958,0.236146962909,45.9556990309,-107.491405958,236.146962909,-92.1366732063,92.1366732063,267.032962932
1359,1,0,negative,0.0457109120589,-0.107491405958,0.236393158129,45.7109120589,-107.491405958,236.393158129,-92.3814601783,92.3814601783,267.279158151
1360,0,0,negative,0.0457109120589,-0.107491405958,0.236393158129,45.7109120589,-107.491405958,236.393158129,-92.3814601783,92.3814601783,267.279158151
1360,1,0,negative,0.045639163295,-0.107491405958,0.236439545823,45.639163295,-107.491405958,236.439545823,-92.4532089422,92.4532089422,267.325545846
1361,0,0,negative,0.045234203376,-0.107491405958,0.236724528802,45.234203376,-107.491405958,236.724528802,-92.8581688612,92.8581688612,267.610528824
1361,1,0,negative,0.045639163295,-0.107491405958,0.236439545823,45.639163295,-107.491405958,236.439545823,-92.4532089422,92.4532089422,267.325545846
1362,0,0,negative,0.044944037268,-0.107491405958,0.236907883136,44.944037268,-107.491405958,236.907883136,-93.1483349693,93.1483349693,267.793883158
1362,1,0,negative,0.045234203376,-0.107491405958,0.236724528802,45.234203376,-107.491405958,236.724528802,-92.8581688612,92.8581688612,267.610528824
1363,0,0,negative,0.044944037268,-0.107491405958,0.236907883136,44.944037268,-107.491405958,236.907883136,-93.1483349693,93.1483349693,267.793883158
1363,1,0,negative,0.0448826130335,-0.107491405958,0.236939450191,44.8826130335,-107.491405958,236.939450191,-93.2097592037,93.2097592037,267.825450214
1364,0,0,negative,0.0448826130335,-0.107491405958,0.236939450191,44.8826130335,-107.491405958,236.939450191,-93.2097592037,93.2097592037,267.825450214
1364,1,0,negative,0.0446067010239,-0.107491405958,0.23704974156,44.6067010239,-107.491405958,237.04974156,-93.4856712133,93.4856712133,267.935741582
1365,0,0,negative,0.0462238140419,-0.107491405958,0.235687247079,46.2238140419,-107.491405958,235.687247079,-91.8685581953,91.8685581953,266.573247102
1365,1,0,negative,0.0463553171914,-0.107491405958,0.235406981716,46.3553171914,-107.491405958,235.406981716,-91.7370550458,91.7370550458,266.292981738
1366,0,0,negative,0.0461628982637,-0.107491405958,0.235803711698,46.1628982637,-107.491405958,235.803711698,-91.9294739735,91.9294739735,266.68971172
1366,1,0,negative,0.0462238140419,-0.107491405958,0.235687247079,46.2238140419,-107.491405958,235.687247079,-91.8685581953,91.8685581953,266.573247102
1367,0,0,negative,0.0438827381605,-0.107491405958,0.237314550146,43.8827381605,-107.491405958,237.314550146,-94.2096340768,94.2096340768,268.200550168
1367,1,0,negative,0.0446067010239,-0.107491405958,0.23704974156,44.6067010239,-107.491405958,237.04974156,-93.4856712133,93.4856712133,267.935741582
1368,0,0,negative,0.0412236578529,-0.107491405958,0.221093948113,41.2236578529,-107.491405958,221.093948113,-96.8687143843,96.8687143843,251.979948136
1368,1,0,negative,0.0418005353157,-0.107491405958,0.221797037485,41.8005353157,-107.491405958,221.797037485,-96.2918369215,96.2918369215,252.683037508
1369,0,0,negative,0.0418005353157,-0.107491405958,0.221797037485,41.8005353157,-107.491405958,221.797037485,-96.2918369215,96.2918369215,252.683037508
1369,1,0,negative,0.0423538292383,-0.107491405958,0.222387843157,42.3538292383,-107.491405958,222.387843157,-95.7385429989,95.7385429989,253.273843179
1370,0,0,negative,0.0406869010025,-0.107491405958,0.220430359677,40.6869010025,-107.491405958,220.430359677,-97.4054712347,97.4054712347,251.316359699
1370,1,0,negative,0.0402848855449,-0.107491405958,0.219876897368,40.2848855449,-107.491405958,219.876897368,-97.8074866923,97.8074866923,250.76289739
1371,0,0,negative,0.0396433977236,-0.107491405958,0.218948792951,39.6433977236,-107.491405958,218.948792951,-98.4489745136,98.4489745136,249.834792974
1371,1,0,negative,0.0393252685325,-0.107491405958,0.218321344561,39.3252685325,-107.491405958,218.321344561,-98.7671037047,98.7671037047,249.207344584
1372,0,0,negative,0.0397488936591,-0.107491405958,0.219122263193,39.7488936591,-107.491405958,219.122263193,-98.3434785781,98.3434785781,250.008263215
1372,1,0,negative,0.0402848855449,-0.107491405958,0.219876897368,40.2848855449,-107.491405958,219.876897368,-97.8074866923,97.8074866923,250.76289739
1373,0,0,negative,0.0397488936591,-0.107491405958,0.219122263193,39.7488936591,-107.491405958,219.122263193,-98.3434785781,98.3434785781,250.008263215
1373,1,0,negative,0.0396433977236,-0.107491405958,0.218948792951,39.6433977236,-107.491405958,218.948792951,-98.4489745136,98.4489745136,249.834792974
1374,0,0,negative,0.0412236578529,-0.107491405958,0.221093948113,41.2236578529,-107.491405958,221.093948113,-96.8687143843,96.8687143843,251.979948136
1374,1,0,negative,0.0406869010025,-0.107491405958,0.220430359677,40.6869010025,-107.491405958,220.430359677,-97.4054712347,97.4054712347,251.316359699
1375,0,0,negative,0.0508271756213,-0.107491405958,0.237280656562,50.8271756213,-107.491405958,237.280656562,-87.2651966159,87.2651966159,268.166656584
1375,1,0,negative,0.0508996774199,-0.107491405958,0.237158408315,50.8996774199,-107.491405958,237.158408315,-87.1926948173,87.1926948173,268.044408337
1376,0,0,negative,0.0508271756213,-0.107491405958,0.237280656562,50.8271756213,-107.491405958,237.280656562,-87.2651966159,87.2651966159,268.166656584
1376,1,0,negative,0.0502609400589,-0.107491405958,0.238314128325,50.2609400589,-107.491405958,238.314128325,-87.8314321783,87.8314321783,269.200128348
1377,0,0,negative,0.0500791420945,-0.107491405958,0.238571852239,50.0791420945,-107.491405958,238.571852239,-88.0132301427,88.0132301427,269.457852262
1377,1,0,negative,0.0502609400589,-0.107491405958,0.238314128325,50.2609400589,-107.491405958,238.314128325,-87.8314321783,87.8314321783,269.200128348
1378,0,0,negative,0.0500791420945,-0.107491405958,0.238571852239,50.0791420945,-107.491405958,238.571852239,-88.0132301427,88.0132301427,269.457852262
1378,1,0,negative,0.0496944451416,-0.107491405958,0.239064689289,49.6944451416,-107.491405958,239.064689289,-88.3979270956,88.3979270956,269.950689311
1379,0,0,negative,0.0493816686826,-0.107491405958,0.239404116183,49.3816686826,-107.491405958,239.404116183,-88.7107035546,88.7107035546,270.290116206
1379,1,0,negative,0.0496944451416,-0.107491405958,0.239064689289,49.6944451416,-107.491405958,239.064689289,-88.3979270956,88.3979270956,269.950689311
1380,0,0,negative,0.0493816686826,-0.107491405958,0.239404116183,49.3816686826,-107.491405958,239.404116183,-88.7107035546,88.7107035546,270.290116206
1380,1,0,negative,0.0490124323752,-0.107491405958,0.239816545645,49.0124323752,-107.491405958,239.816545645,-89.079939862,89.079939862,270.702545667
1381,0,0,negative,0.0490124323752,-0.107491405958,0.239816545645,49.0124323752,-107.491405958,239.816545645,-89.079939862,89.079939862,270.702545667
1381,1,0,negative,0.0485460538675,-0.107491405958,0.240295328652,48.5460538675,-107.491405958,240.295328652,-89.5463183697,89.5463183697,271.181328674
1382,0,0,negative,0.0482474498804,-0.107491405958,0.240545141327,48.2474498804,-107.491405958,240.545141327,-89.8449223568,89.8449223568,271.431141349
1382,1,0,negative,0.0485460538675,-0.107491405958,0.240295328652,48.5460538675,-107.491405958,240.295328652,-89.5463183697,89.5463183697,271.181328674
1383,0,0,negative,0.0482474498804,-0.107491405958,0.240545141327,48.2474498804,-107.491405958,240.545141327,-89.8449223568,89.8449223568,271.431141349
1383,1,0,negative,0.0479311983639,-0.107491405958,0.240756615234,47.9311983639,-107.491405958,240.756615234,-90.1611738733,90.1611738733,271.642615256
1384,0,0,negative,0.0479311983639,-0.107491405958,0.240756615234,47.9311983639,-107.491405958,240.756615234,-90.1611738733,90.1611738733,271.642615256
1384,1,0,negative,0.047638431414,-0.107491405958,0.240935293809,47.638431414,-107.491405958,240.935293809,-90.4539408232,90.4539408232,271.821293831
1385,0,0,negative,0.047242943489,-0.107491405958,0.241163509042,47.242943489,-107.491405958,241.163509042,-90.8494287482,90.8494287482,272.049509064
1385,1,0,negative,0.047638431414,-0.107491405958,0.240935293809,47.638431414,-107.491405958,240.935293809,-90.4539408232,90.4539408232,271.821293831
1386,0,0,negative,0.0463735439366,-0.107491405958,0.241589343003,46.3735439366,-107.491405958,241.589343003,-91.7188283006,91.7188283006,272.475343025
1386,1,0,negative,0.047242943489,-0.107491405958,0.241163509042,47.242943489,-107.491405958,241.163509042,-90.8494287482,90.8494287482,272.049509064
1387,0,0,negative,0.0463735439366,-0.107491405958,0.241589343003,46.3735439366,-107.491405958,241.589343003,-91.7188283006,91.7188283006,272.475343025
1387,1,0,negative,0.0463493820842,-0.107491405958,0.241600794027,46.3493820842,-107.491405958,241.600794027,-91.742990153,91.742990153,272.48679405
1388,0,0,negative,0.0463493820842,-0.107491405958,0.241600794027,46.3493820842,-107.491405958,241.600794027,-91.742990153,91.742990153,272.48679405
1388,1,0,negative,0.0463253044491,-0.107491405958,0.241609146711,46.3253044491,-107.491405958,241.609146711,-91.7670677881,91.7670677881,272.495146733
1389,0,0,negative,0.045423624349,-0.107491405958,0.24183048726,45.423624349,-107.491405958,241.83048726,-92.6687478882,92.6687478882,272.716487282
1389,1,0,negative,0.0463253044491,-0.107491405958,0.241609146711,46.3253044491,-107.491405958,241.609146711,-91.7670677881,91.7670677881,272.495146733
1390,0,0,negative,0.042595634687,-0.107491405958,0.237647523818,42.595634687,-107.491405958,237.647523818,-95.4967375502,95.4967375502,268.53352384
1390,1,0,negative,0.0426971033358,-0.107491405958,0.237626424324,42.6971033358,-107.491405958,237.626424324,-95.3952689014,95.3952689014,268.512424347
1391,0,0,negative,0.0425108698237,-0.107491405958,0.237662421248,42.5108698237,-107.491405958,237.662421248,-95.5815024135,95.5815024135,268.548421271
1391,1,0,negative,0.042595634687,-0.107491405958,0.237647523818,42.595634687,-107.491405958,237.647523818,-95.4967375502,95.4967375502,268.53352384
1392,0,0,negative,0.045423624349,-0.107491405958,0.24183048726,45.423624349,-107.491405958,241.83048726,-92.6687478882,92.6687478882,272.716487282
1392,1,0,negative,0.0450536295303,-0.107491405958,0.241905663294,45.0536295303,-107.491405958,241.905663294,-93.0387427069,93.0387427069,272.791663316
1393,0,0,negative,0.0446642211724,-0.107491405958,0.242006060651,44.6642211724,-107.491405958,242.006060651,-93.4281510648,93.4281510648,272.892060673
1393,1,0,negative,0.0450536295303,-0.107491405958,0.241905663294,45.0536295303,-107.491405958,241.905663294,-93.0387427069,93.0387427069,272.791663316
1394,0,0,negative,0.0446642211724,-0.107491405958,0.242006060651,44.6642211724,-107.491405958,242.006060651,-93.4281510648,93.4281510648,272.892060673
1394,1,0,negative,0.0443858122987,-0.107491405958,0.242095036876,44.3858122987,-107.491405958,242.095036876,-93.7065599385,93.7065599385,272.981036898
1395,0,0,negative,0.042689455642,-0.107491405958,0.242500151646,42.689455642,-107.491405958,242.500151646,-95.4029165952,95.4029165952,273.386151668
1395,1,0,negative,0.042365720398,-0.107491405958,0.242582892226,42.365720398,-107.491405958,242.582892226,-95.7266518392,95.7266518392,273.468892249
1396,0,0,negative,0.042365720398,-0.107491405958,0.242582892226,42.365720398,-107.491405958,242.582892226,-95.7266518392,95.7266518392,273.468892249
1396,1,0,negative,0.0422297587485,-0.107491405958,0.242614145602,42.2297587485,-107.491405958,242.614145602,-95.8626134887,95.8626134887,273.500145624
1397,0,0,negative,0.0438827381605,-0.107491405958,0.237314550146,43.8827381605,-107.491405958,237.314550146,-94.2096340768,94.2096340768,268.200550168
1397,1,0,negative,0.0426971033358,-0.107491405958,0.237626424324,42.6971033358,-107.491405958,237.626424324,-95.3952689014,95.3952689014,268.512424347
1398,0,0,negative,0.0420016858902,-0.107491405958,0.237803454851,42.0016858902,-107.491405958,237.803454851,-96.090686347,96.090686347,268.689454873
1398,1,0,negative,0.0425108698237,-0.107491405958,0.237662421248,42.5108698237,-107.491405958,237.662421248,-95.5815024135,95.5815024135,268.548421271
1399,0,0,negative,0.0420016858902,-0.107491405958,0.237803454851,42.0016858902,-107.491405958,237.803454851,-96.090686347,96.090686347,268.689454873
1399,1,0,negative,0.0410530949044,-0.107491405958,0.238045155037,41.0530949044,-107.491405958,238.045155037,-97.0392773328,97.0392773328,268.93115506
1400,0,0,negative,0.0410530949044,-0.107491405958,0.238045155037,41.0530949044,-107.491405958,238.045155037,-97.0392773328,97.0392773328,268.93115506
1400,1,0,negative,0.0407402420529,-0.107491405958,0.238152222081,40.7402420529,-107.491405958,238.152222081,-97.3521301843,97.3521301843,269.038222104
1401,0,0,negative,0.0407402420529,-0.107491405958,0.238152222081,40.7402420529,-107.491405958,238.152222081,-97.3521301843,97.3521301843,269.038222104
1401,1,0,negative,0.0404604677207,-0.107491405958,0.238215969581,40.4604677207,-107.491405958,238.215969581,-97.6319045165,97.6319045165,269.101969604
1402,0,0,negative,0.0394028317967,-0.107491405958,0.238506836862,39.4028317967,-107.491405958,238.506836862,-98.6895404405,98.6895404405,269.392836885
1402,1,0,negative,0.0404604677207,-0.107491405958,0.238215969581,40.4604677207,-107.491405958,238.215969581,-97.6319045165,97.6319045165,269.101969604
1403,0,0,negative,0.0378563118158,-0.107491405958,0.238974114148,37.8563118158,-107.491405958,238.974114148,-100.236060421,100.236060421,269.86011417
1403,1,0,negative,0.0378789232573,-0.107491405958,0.238967583683,37.8789232573,-107.491405958,238.967583683,-100.21344898,100.21344898,269.853583705
1404,0,0,negative,0.0394028317967,-0.107491405958,0.238506836862,39.4028317967,-107.491405958,238.506836862,-98.6895404405,98.6895404405,269.392836885
1404,1,0,negative,0.0378789232573,-0.107491405958,0.238967583683,37.8789232573,-107.491405958,238.967583683,-100.21344898,100.21344898,269.853583705
1405,0,0,negative,0.0378160872077,-0.107491405958,0.238984665013,37.8160872077,-107.491405958,238.984665013,-100.27628503,100.27628503,269.870665036
1405,1,0,negative,0.037844899553,-0.107491405958,0.238977813234,37.844899553,-107.491405958,238.977813234,-100.247472684,100.247472684,269.863813256
1406,0,0,negative,0.0435289254299,-0.107491405958,0.242279842713,43.5289254299,-107.491405958,242.279842713,-94.5634468073,94.5634468073,273.165842735
1406,1,0,negative,0.0443858122987,-0.107491405958,0.242095036876,44.3858122987,-107.491405958,242.095036876,-93.7065599385,93.7065599385,272.981036898
1407,0,0,negative,0.042689455642,-0.107491405958,0.242500151646,42.689455642,-107.491405958,242.500151646,-95.4029165952,95.4029165952,273.386151668
1407,1,0,negative,0.0435289254299,-0.107491405958,0.242279842713,43.5289254299,-107.491405958,242.279842713,-94.5634468073,94.5634468073,273.165842735
1408,0,0,negative,0.0411626577829,-0.107491405958,0.242818939103,41.1626577829,-107.491405958,242.818939103,-96.9297144543,96.9297144543,273.704939126
1408,1,0,negative,0.0416279611531,-0.107491405958,0.242731953015,41.6279611531,-107.491405958,242.731953015,-96.4644110841,96.4644110841,273.617953037
1409,0,0,negative,0.0422297587485,-0.107491405958,0.242614145602,42.2297587485,-107.491405958,242.614145602,-95.8626134887,95.8626134887,273.500145624
1409,1,0,negative,0.0416279611531,-0.107491405958,0.242731953015,41.6279611531,-107.491405958,242.731953015,-96.4644110841,96.4644110841,273.617953037
1410,0,0,negative,0.0409003045253,-0.107491405958,0.242854641463,40.9003045253,-107.491405958,242.854641463,-97.192067712,97.192067712,273.740641486
1410,1,0,negative,0.0403793433254,-0.107491405958,0.242962474691,40.3793433254,-107.491405958,242.962474691,-97.7130289118,97.7130289118,273.848474713
1411,0,0,negative,0.0403793433254,-0.107491405958,0.242962474691,40.3793433254,-107.491405958,242.962474691,-97.7130289118,97.7130289118,273.848474713
1411,1,0,negative,0.0402219876981,-0.107491405958,0.243014466169,40.2219876981,-107.491405958,243.014466169,-97.8703845391,97.8703845391,273.900466191
1412,0,0,negative,0.0409003045253,-0.107491405958,0.242854641463,40.9003045253,-107.491405958,242.854641463,-97.192067712,97.192067712,273.740641486
1412,1,0,negative,0.0411626577829,-0.107491405958,0.242818939103,41.1626577829,-107.491405958,242.818939103,-96.9297144543,96.9297144543,273.704939126
1413,0,0,negative,0.0400137645579,-0.107491405958,0.243089205424,40.0137645579,-107.491405958,243.089205424,-98.0786076793,98.0786076793,273.975205446
1413,1,0,negative,0.0402219876981,-0.107491405958,0.243014466169,40.2219876981,-107.491405958,243.014466169,-97.8703845391,97.8703845391,273.900466191
1414,0,0,negative,0.0396039349344,-0.107491405958,0.243202485041,39.6039349344,-107.491405958,243.202485041,-98.4884373028,98.4884373028,274.088485063
1414,1,0,negative,0.0400137645579,-0.107491405958,0.243089205424,40.0137645579,-107.491405958,243.089205424,-98.0786076793,98.0786076793,273.975205446
1415,0,0,negative,0.0396039349344,-0.107491405958,0.243202485041,39.6039349344,-107.491405958,243.202485041,-98.4884373028,98.4884373028,274.088485063
1415,1,0,negative,0.0389920621187,-0.107491405958,0.243356221514,38.9920621187,-107.491405958,243.356221514,-99.1003101185,99.1003101185,274.242221536
1416,0,0,negative,0.0382291580248,-0.107491405958,0.243623189414,38.2291580248,-107.491405958,243.623189414,-99.8632142124,99.8632142124,274.509189436
1416,1,0,negative,0.0389920621187,-0.107491405958,0.243356221514,38.9920621187,-107.491405958,243.356221514,-99.1003101185,99.1003101185,274.242221536
1417,0,0,negative,0.0382291580248,-0.107491405958,0.243623189414,38.2291580248,-107.491405958,243.623189414,-99.8632142124,99.8632142124,274.509189436
1417,1,0,negative,0.0380273871528,-0.107491405958,0.243690027445,38.0273871528,-107.491405958,243.690027445,-100.064985084,100.064985084,274.576027467
1418,0,0,negative,0.0380273871528,-0.107491405958,0.243690027445,38.0273871528,-107.491405958,243.690027445,-100.064985084,100.064985084,274.576027467
1418,1,0,negative,0.0378549167627,-0.107491405958,0.24375690262,37.8549167627,-107.491405958,243.75690262,-100.237455474,100.237455474,274.642902642
1419,0,0,negative,0.0378160872077,-0.107491405958,0.238984665013,37.8160872077,-107.491405958,238.984665013,-100.27628503,100.27628503,269.870665036
1419,1,0,negative,0.0370250622904,-0.107491405958,0.239176137396,37.0250622904,-107.491405958,239.176137396,-101.067309947,101.067309947,270.062137419
1420,0,0,negative,0.0370250622904,-0.107491405958,0.239176137396,37.0250622904,-107.491405958,239.176137396,-101.067309947,101.067309947,270.062137419
1420,1,0,negative,0.0365581933056,-0.107491405958,0.239328493138,36.5581933056,-107.491405958,239.328493138,-101.534178932,101.534178932,270.21449316
1421,0,0,negative,0.0368379595008,-0.107491405958,0.244143052585,36.8379595008,-107.491405958,244.143052585,-101.254412736,101.254412736,275.029052607
1421,1,0,negative,0.0378549167627,-0.107491405958,0.24375690262,37.8549167627,-107.491405958,243.75690262,-100.237455474,100.237455474,274.642902642
1422,0,0,negative,0.037844899553,-0.107491405958,0.238977813234,37.844899553,-107.491405958,238.977813234,-100.247472684,100.247472684,269.863813256
1422,1,0,negative,0.0378563118158,-0.107491405958,0.238974114148,37.8563118158,-107.491405958,238.974114148,-100.236060421,100.236060421,269.86011417
1423,0,0,negative,0.0355948459622,-0.107491405958,0.23960231181,35.5948459622,-107.491405958,239.60231181,-102.497526275,102.497526275,270.488311832
1423,1,0,negative,0.0365581933056,-0.107491405958,0.239328493138,36.5581933056,-107.491405958,239.328493138,-101.534178932,101.534178932,270.21449316
1424,0,0,negative,0.0349631096607,-0.107491405958,0.239821651694,34.9631096607,-107.491405958,239.821651694,-103.129262576,103.129262576,270.707651716
1424,1,0,negative,0.0355948459622,-0.107491405958,0.23960231181,35.5948459622,-107.491405958,239.60231181,-102.497526275,102.497526275,270.488311832
1425,0,0,negative,0.0349631096607,-0.107491405958,0.239821651694,34.9631096607,-107.491405958,239.821651694,-103.129262576,103.129262576,270.707651716
1425,1,0,negative,0.034699423563,-0.107491405958,0.239914167059,34.699423563,-107.491405958,239.914167059,-103.392948674,103.392948674,270.800167081
1426,0,0,negative,0.0338862431582,-0.107491405958,0.240267062216,33.8862431582,-107.491405958,240.267062216,-104.206129079,104.206129079,271.153062238
1426,1,0,negative,0.034699423563,-0.107491405958,0.239914167059,34.699423563,-107.491405958,239.914167059,-103.392948674,103.392948674,270.800167081
1427,0,0,negative,0.0318848628871,-0.107491405958,0.241181933914,31.8848628871,-107.491405958,241.181933914,-106.20750935,106.20750935,272.067933937
1427,1,0,negative,0.0337781549475,-0.107491405958,0.240316127496,33.7781549475,-107.491405958,240.316127496,-104.31421729,104.31421729,271.202127518
1428,0,0,negative,0.0338436217839,-0.107491405958,0.240287117269,33.8436217839,-107.491405958,240.287117269,-104.248750453,104.248750453,271.173117291
1428,1,0,negative,0.0337781549475,-0.107491405958,0.240316127496,33.7781549475,-107.491405958,240.316127496,-104.31421729,104.31421729,271.202127518
1429,0,0,negative,0.0368379595008,-0.107491405958,0.244143052585,36.8379595008,-107.491405958,244.143052585,-101.254412736,101.254412736,275.029052607
1429,1,0,negative,0.0364604418362,-0.107491405958,0.244313394132,36.4604418362,-107.491405958,244.313394132,-101.631930401,101.631930401,275.199394155
1430,0,0,negative,0.0355962699168,-0.107491405958,0.244677411556,35.5962699168,-107.491405958,244.677411556,-102.49610232,102.49610232,275.563411578
1430,1,0,negative,0.0364604418362,-0.107491405958,0.244313394132,36.4604418362,-107.491405958,244.313394132,-101.631930401,101.631930401,275.199394155
1431,0,0,negative,0.0355962699168,-0.107491405958,0.244677411556,35.5962699168,-107.491405958,244.677411556,-102.49610232,102.49610232,275.563411578
1431,1,0,negative,0.0353913873659,-0.107491405958,0.244788217412,35.3913873659,-107.491405958,244.788217412,-102.700984871,102.700984871,275.674217434
1432,0,0,negative,0.0353913873659,-0.107491405958,0.244788217412,35.3913873659,-107.491405958,244.788217412,-102.700984871,102.700984871,275.674217434
1432,1,0,negative,0.0350083898049,-0.107491405958,0.244976199081,35.0083898049,-107.491405958,244.976199081,-103.083982432,103.083982432,275.862199103
1433,0,0,negative,0.0346462147219,-0.107491405958,0.245170829834,34.6462147219,-107.491405958,245.170829834,-103.446157515,103.446157515,276.056829856
1433,1,0,negative,0.0350083898049,-0.107491405958,0.244976199081,35.0083898049,-107.491405958,244.976199081,-103.083982432,103.083982432,275.862199103
1434,0,0,negative,0.0345718795817,-0.107491405958,0.245200083968,34.5718795817,-107.491405958,245.200083968,-103.520492656,103.520492656,276.08608399
1434,1,0,negative,0.0346462147219,-0.107491405958,0.245170829834,34.6462147219,-107.491405958,245.170829834,-103.446157515,103.446157515,276.056829856
1435,0,0,negative,0.0345718795817,-0.107491405958,0.245200083968,34.5718795817,-107.491405958,245.200083968,-103.520492656,103.520492656,276.08608399
1435,1,0,negative,0.0331433043991,-0.107491405958,0.24584686587,33.1433043991,-107.491405958,245.84686587,-104.949067838,104.949067838,276.732865892
1436,0,0,negative,0.0329118232881,-0.107491405958,0.245951324846,32.9118232881,-107.491405958,245.951324846,-105.180548949,105.180548949,276.837324869
1436,1,0,negative,0.0331433043991,-0.107491405958,0.24584686587,33.1433043991,-107.491405958,245.84686587,-104.949067838,104.949067838,276.732865892
1437,0,0,negative,0.0329118232881,-0.107491405958,0.245951324846,32.9118232881,-107.491405958,245.951324846,-105.180548949,105.180548949,276.837324869
1437,1,0,negative,0.032354185395,-0.107491405958,0.246211478277,32.354185395,-107.491405958,246.211478277,-105.738186842,105.738186842,277.097478299
1438,0,0,negative,0.0314295558106,-0.107491405958,0.246624665562,31.4295558106,-107.491405958,246.624665562,-106.662816427,106.662816427,277.510665584
1438,1,0,negative,0.0310804247951,-0.107491405958,0.246778370332,31.0804247951,-107.491405958,246.778370332,-107.011947442,107.011947442,277.664370355
1439,0,0,negative,0.0338862431582,-0.107491405958,0.240267062216,33.8862431582,-107.491405958,240.267062216,-104.206129079,104.206129079,271.153062238
1439,1,0,negative,0.03388183791,-0.107491405958,0.240269851746,33.88183791,-107.491405958,240.269851746,-104.210534327,104.210534327,271.155851769
1440,0,0,negative,0.03388183791,-0.107491405958,0.240269851746,33.88183791,-107.491405958,240.269851746,-104.210534327,104.210534327,271.155851769
1440,1,0,negative,0.0338436217839,-0.107491405958,0.240287117269,33.8436217839,-107.491405958,240.287117269,-104.248750453,104.248750453,271.173117291
1441,0,0,negative,0.0318848628871,-0.107491405958,0.241181933914,31.8848628871,-107.491405958,241.181933914,-106.20750935,106.20750935,272.067933937
1441,1,0,negative,0.0314778387519,-0.107491405958,0.241390723868,31.4778387519,-107.491405958,241.390723868,-106.614533485,106.614533485,272.27672389
1442,0,0,negative,0.0302343178276,-0.107491405958,0.241969090971,30.2343178276,-107.491405958,241.969090971,-107.85805441,107.85805441,272.855090993
1442,1,0,negative,0.0314778387519,-0.107491405958,0.241390723868,31.4778387519,-107.491405958,241.390723868,-106.614533485,106.614533485,272.27672389
1443,0,0,negative,0.0302343178276,-0.107491405958,0.241969090971,30.2343178276,-107.491405958,241.969090971,-107.85805441,107.85805441,272.855090993
1443,1,0,negative,0.0301704199826,-0.107491405958,0.241994291116,30.1704199826,-107.491405958,241.994291116,-107.921952255,107.921952255,272.880291138
1444,0,0,negative,0.0299706274241,-0.107491405958,0.24211538352,29.9706274241,-107.491405958,242.11538352,-108.121744813,108.121744813,273.001383542
1444,1,0,negative,0.0293381280416,-0.107491405958,0.24244568161,29.3381280416,-107.491405958,242.44568161,-108.754244196,108.754244196,273.331681633
1445,0,0,negative,0.0301704199826,-0.107491405958,0.241994291116,30.1704199826,-107.491405958,241.994291116,-107.921952255,107.921952255,272.880291138
1445,1,0,negative,0.0299706274241,-0.107491405958,0.24211538352,29.9706274241,-107.491405958,242.11538352,-108.121744813,108.121744813,273.001383542
1446,0,0,negative,0.0320744976404,-0.107491405958,0.246364873966,32.0744976404,-107.491405958,246.364873966,-106.017874597,106.017874597,277.250873989
1446,1,0,negative,0.032354185395,-0.107491405958,0.246211478277,32.354185395,-107.491405958,246.211478277,-105.738186842,105.738186842,277.097478299
1447,0,0,negative,0.0314295558106,-0.107491405958,0.246624665562,31.4295558106,-107.491405958,246.624665562,-106.662816427,106.662816427,277.510665584
1447,1,0,negative,0.0320744976404,-0.107491405958,0.246364873966,32.0744976404,-107.491405958,246.364873966,-106.017874597,106.017874597,277.250873989
1448,0,0,negative,0.0310804247951,-0.107491405958,0.246778370332,31.0804247951,-107.491405958,246.778370332,-107.011947442,107.011947442,277.664370355
1448,1,0,negative,0.0308504683256,-0.107491405958,0.246877726936,30.8504683256,-107.491405958,246.877726936,-107.241903912,107.241903912,277.763726958
1449,0,0,negative,0.0305441056137,-0.107491405958,0.247023936969,30.5441056137,-107.491405958,247.023936969,-107.548266624,107.548266624,277.909936991
1449,1,0,negative,0.0308504683256,-0.107491405958,0.246877726936,30.8504683256,-107.491405958,246.877726936,-107.241903912,107.241903912,277.763726958
1450,0,0,negative,0.0305441056137,-0.107491405958,0.247023936969,30.5441056137,-107.491405958,247.023936969,-107.548266624,107.548266624,277.909936991
1450,1,0,negative,0.0298940801539,-0.107491405958,0.247254317623,29.8940801539,-107.491405958,247.254317623,-108.198292083,108.198292083,278.140317646
1451,0,0,negative,0.0295289326427,-0.107491405958,0.247373224491,29.5289326427,-107.491405958,247.373224491,-108.563439595,108.563439595,278.259224513
1451,1,0,negative,0.0298940801539,-0.107491405958,0.247254317623,29.8940801539,-107.491405958,247.254317623,-108.198292083,108.198292083,278.140317646
1452,0,0,negative,0.0290791775307,-0.107491405958,0.247535276073,29.0791775307,-107.491405958,247.535276073,-109.013194707,109.013194707,278.421276095
1452,1,0,negative,0.0295289326427,-0.107491405958,0.247373224491,29.5289326427,-107.491405958,247.373224491,-108.563439595,108.563439595,278.259224513
1453,0,0,negative,0.0287418064498,-0.107491405958,0.242764256397,28.7418064498,-107.491405958,242.764256397,-109.350565787,109.350565787,273.650256419
1453,1,0,negative,0.0293381280416,-0.107491405958,0.24244568161,29.3381280416,-107.491405958,242.44568161,-108.754244196,108.754244196,273.331681633
1454,0,0,negative,0.0285079150855,-0.107491405958,0.242902624935,28.5079150855,-107.491405958,242.902624935,-109.584457152,109.584457152,273.788624958
1454,1,0,negative,0.0287418064498,-0.107491405958,0.242764256397,28.7418064498,-107.491405958,242.764256397,-109.350565787,109.350565787,273.650256419
1455,0,0,negative,0.0280596235617,-0.107491405958,0.243130845084,28.0596235617,-107.491405958,243.130845084,-110.032748676,110.032748676,274.016845106
1455,1,0,negative,0.0285079150855,-0.107491405958,0.242902624935,28.5079150855,-107.491405958,242.902624935,-109.584457152,109.584457152,273.788624958
1456,0,0,negative,0.0280596235617,-0.107491405958,0.243130845084,28.0596235617,-107.491405958,243.130845084,-110.032748676,110.032748676,274.016845106
1456,1,0,negative,0.0265980897847,-0.107491405958,0.243918996171,26.5980897847,-107.491405958,243.918996171,-111.494282453,111.494282453,274.804996193
1457,0,0,negative,0.0258308383391,-0.107491405958,0.244442522861,25.8308383391,-107.491405958,244.442522861,-112.261533898,112.261533898,275.328522883
1457,1,0,negative,0.0265980897847,-0.107491405958,0.243918996171,26.5980897847,-107.491405958,243.918996171,-111.494282453,111.494282453,274.804996193
1458,0,0,negative,0.0290791775307,-0.107491405958,0.247535276073,29.0791775307,-107.491405958,247.535276073,-109.013194707,109.013194707,278.421276095
1458,1,0,negative,0.0283063945059,-0.107491405958,0.247768144723,28.3063945059,-107.491405958,247.768144723,-109.785977731,109.785977731,278.654144745
1459,0,0,negative,0.0258308383391,-0.107491405958,0.244442522861,25.8308383391,-107.491405958,244.442522861,-112.261533898,112.261533898,275.328522883
1459,1,0,negative,0.0253651335999,-0.107491405958,0.24477043065,25.3651335999,-107.491405958,244.77043065,-112.727238637,112.727238637,275.656430672
1460,0,0,negative,0.0253651335999,-0.107491405958,0.24477043065,25.3651335999,-107.491405958,244.77043065,-112.727238637,112.727238637,275.656430672
1460,1,0,negative,0.0252570021028,-0.107491405958,0.244862544714,25.2570021028,-107.491405958,244.862544714,-112.835370134,112.835370134,275.748544736
1461,0,0,negative,0.0249155616017,-0.107491405958,0.245130388707,24.9155616017,-107.491405958,245.130388707,-113.176810636,113.176810636,276.016388729
1461,1,0,negative,0.0252570021028,-0.107491405958,0.244862544714,25.2570021028,-107.491405958,244.862544714,-112.835370134,112.835370134,275.748544736
1462,0,0,negative,0.0249155616017,-0.107491405958,0.245130388707,24.9155616017,-107.491405958,245.130388707,-113.176810636,113.176810636,276.016388729
1462,1,0,negative,0.024744933361,-0.107491405958,0.245354006206,24.744933361,-107.491405958,245.354006206,-113.347438876,113.347438876,276.240006229
1463,0,0,negative,0.0249280581071,-0.107491405958,0.247602601812,24.9280581071,-107.491405958,247.602601812,-113.16431413,113.16431413,278.488601834
1463,1,0,negative,0.0249415756647,-0.107491405958,0.247615467101,24.9415756647,-107.491405958,247.615467101,-113.150796573,113.150796573,278.501467123
1464,0,0,negative,0.024422239596,-0.107491405958,0.246543375117,24.422239596,-107.491405958,246.543375117,-113.670132641,113.670132641,277.429375139
1464,1,0,negative,0.0244389850969,-0.107491405958,0.246693844783,24.4389850969,-107.491405958,246.693844783,-113.65338714,113.65338714,277.579844805
1465,0,0,negative,0.0244389850969,-0.107491405958,0.246693844783,24.4389850969,-107.491405958,246.693844783,-113.65338714,113.65338714,277.579844805
1465,1,0,negative,0.0245064809503,-0.107491405958,0.246876031468,24.5064809503,-107.491405958,246.876031468,-113.585891287,113.585891287,277.76203149
1466,0,0,negative,0.0249270074587,-0.107491405958,0.247600510388,24.9270074587,-107.491405958,247.600510388,-113.165364779,113.165364779,278.48651041
1466,1,0,negative,0.0249280581071,-0.107491405958,0.247602601812,24.9280581071,-107.491405958,247.602601812,-113.16431413,113.16431413,278.488601834
1467,0,0,negative,0.0246784043805,-0.107491405958,0.245438249858,24.6784043805,-107.491405958,245.438249858,-113.413967857,113.413967857,276.32424988
1467,1,0,negative,0.024744933361,-0.107491405958,0.245354006206,24.744933361,-107.491405958,245.354006206,-113.347438876,113.347438876,276.240006229
1468,0,0,negative,0.0246381341908,-0.107491405958,0.245496785619,24.6381341908,-107.491405958,245.496785619,-113.454238046,113.454238046,276.382785641
1468,1,0,negative,0.0246784043805,-0.107491405958,0.245438249858,24.6784043805,-107.491405958,245.438249858,-113.413967857,113.413967857,276.32424988
1469,0,0,negative,0.0246381341908,-0.107491405958,0.245496785619,24.6381341908,-107.491405958,245.496785619,-113.454238046,113.454238046,276.382785641
1469,1,0,negative,0.0245309547147,-0.107491405958,0.245725587979,24.5309547147,-107.491405958,245.725587979,-113.561417522,113.561417522,276.611588001
1470,0,0,negative,0.0245309547147,-0.107491405958,0.245725587979,24.5309547147,-107.491405958,245.725587979,-113.561417522,113.561417522,276.611588001
1470,1,0,negative,0.0244516551183,-0.107491405958,0.246013648593,24.4516551183,-107.491405958,246.013648593,-113.640717119,113.640717119,276.899648615
1471,0,0,negative,0.0251289317687,-0.107491405958,0.247830041846,25.1289317687,-107.491405958,247.830041846,-112.963440469,112.963440469,278.716041869
1471,1,0,negative,0.0249415756647,-0.107491405958,0.247615467101,24.9415756647,-107.491405958,247.615467101,-113.150796573,113.150796573,278.501467123
1472,0,0,negative,0.0244417815311,-0.107491405958,0.246073807533,24.4417815311,-107.491405958,246.073807533,-113.650590706,113.650590706,276.959807555
1472,1,0,negative,0.0244516551183,-0.107491405958,0.246013648593,24.4516551183,-107.491405958,246.013648593,-113.640717119,113.640717119,276.899648615
1473,0,0,negative,0.0244405611925,-0.107491405958,0.246099611515,24.4405611925,-107.491405958,246.099611515,-113.651811045,113.651811045,276.985611537
1473,1,0,negative,0.0244417815311,-0.107491405958,0.246073807533,24.4417815311,-107.491405958,246.073807533,-113.650590706,113.650590706,276.959807555
1474,0,0,negative,0.0244405611925,-0.107491405958,0.246099611515,24.4405611925,-107.491405958,246.099611515,-113.651811045,113.651811045,276.985611537
1474,1,0,negative,0.0243943670322,-0.107491405958,0.246275942469,24.3943670322,-107.491405958,246.275942469,-113.698005205,113.698005205,277.161942491
1475,0,0,negative,0.024422239596,-0.107491405958,0.246543375117,24.422239596,-107.491405958,246.543375117,-113.670132641,113.670132641,277.429375139
1475,1,0,negative,0.0243943670322,-0.107491405958,0.246275942469,24.3943670322,-107.491405958,246.275942469,-113.698005205,113.698005205,277.161942491
1476,0,0,negative,0.0245504454142,-0.107491405958,0.247044509472,24.5504454142,-107.491405958,247.044509472,-113.541926823,113.541926823,277.930509494
1476,1,0,negative,0.0245064809503,-0.107491405958,0.246876031468,24.5064809503,-107.491405958,246.876031468,-113.585891287,113.585891287,277.76203149
1477,0,0,negative,0.0249270074587,-0.107491405958,0.247600510388,24.9270074587,-107.491405958,247.600510388,-113.165364779,113.165364779,278.48651041
1477,1,0,negative,0.0245504454142,-0.107491405958,0.247044509472,24.5504454142,-107.491405958,247.044509472,-113.541926823,113.541926823,277.930509494
1478,0,0,negative,0.0281729220603,-0.107491405958,0.247794094082,28.1729220603,-107.491405958,247.794094082,-109.919450177,109.919450177,278.680094104
1478,1,0,negative,0.0283063945059,-0.107491405958,0.247768144723,28.3063945059,-107.491405958,247.768144723,-109.785977731,109.785977731,278.654144745
1479,0,0,negative,0.0281729220603,-0.107491405958,0.247794094082,28.1729220603,-107.491405958,247.794094082,-109.919450177,109.919450177,278.680094104
1479,1,0,negative,0.0278003796,-0.107491405958,0.247895038655,27.8003796,-107.491405958,247.895038655,-110.291992637,110.291992637,278.781038678
1480,0,0,negative,0.0278003796,-0.107491405958,0.247895038655,27.8003796,-107.491405958,247.895038655,-110.291992637,110.291992637,278.781038678
1480,1,0,negative,0.027443448867,-0.107491405958,0.247955914405,27.443448867,-107.491405958,247.955914405,-110.64892337,110.64892337,278.841914427
1481,0,0,negative,0.0267399468063,-0.107491405958,0.248048915441,26.7399468063,-107.491405958,248.048915441,-111.352425431,111.352425431,278.934915463
1481,1,0,negative,0.027443448867,-0.107491405958,0.247955914405,27.443448867,-107.491405958,247.955914405,-110.64892337,110.64892337,278.841914427
1482,0,0,negative,0.0267399468063,-0.107491405958,0.248048915441,26.7399468063,-107.491405958,248.048915441,-111.352425431,111.352425431,278.934915463
1482,1,0,negative,0.0263966098511,-0.107491405958,0.248061264221,26.3966098511,-107.491405958,248.061264221,-111.695762386,111.695762386,278.947264243
1483,0,0,negative,0.0263070362427,-0.107491405958,0.24805874477,26.3070362427,-107.491405958,248.05874477,-111.785335995,111.785335995,278.944744793
1483,1,0,negative,0.0263966098511,-0.107491405958,0.248061264221,26.3966098511,-107.491405958,248.061264221,-111.695762386,111.695762386,278.947264243
1484,0,0,negative,0.0263070362427,-0.107491405958,0.24805874477,26.3070362427,-107.491405958,248.05874477,-111.785335995,111.785335995,278.944744793
1484,1,0,negative,0.025727863833,-0.107491405958,0.247908568511,25.727863833,-107.491405958,247.908568511,-112.364508404,112.364508404,278.794568534
1485,0,0,negative,0.0257189139698,-0.107491405958,0.247906949558,25.7189139698,-107.491405958,247.906949558,-112.373458267,112.373458267,278.792949581
1485,1,0,negative,0.025727863833,-0.107491405958,0.247908568511,25.727863833,-107.491405958,247.908568511,-112.364508404,112.364508404,278.794568534
1486,0,0,negative,0.0257189139698,-0.107491405958,0.247906949558,25.7189139698,-107.491405958,247.906949558,-112.373458267,112.373458267,278.792949581
1486,1,0,negative,0.0251289317687,-0.107491405958,0.247830041846,25.1289317687,-107.491405958,247.830041846,-112.963440469,112.963440469,278.716041869
1487,0,0,positive,0.196761051321,-0.107491405958,0.014665464786,196.761051321,-107.491405958,14.665464786,58.668679084,58.668679084,45.5514648083
1487,1,0,positive,0.197139414635,-0.107491405958,0.0152848749285,197.139414635,-107.491405958,15.2848749285,59.0470423979,59.0470423979,46.1708749508
1488,0,0,positive,0.196374278983,-0.107491405958,0.0139876703658,196.374278983,-107.491405958,13.9876703658,58.2819067462,58.2819067462,44.8736703881
1488,1,0,positive,0.196761051321,-0.107491405958,0.014665464786,196.761051321,-107.491405958,14.665464786,58.668679084,58.668679084,45.5514648083
1489,0,0,positive,0.198875676273,-0.107491405958,0.0184543239253,198.875676273,-107.491405958,18.4543239253,60.7833040357,60.7833040357,49.3403239476
1489,1,0,positive,0.197704284273,-0.107491405958,0.0161651094775,197.704284273,-107.491405958,16.1651094775,59.6119120359,59.6119120359,47.0511094998
1490,0,0,positive,0.199310363609,-0.107491405958,0.0192909020677,199.310363609,-107.491405958,19.2909020677,61.2179913721,61.2179913721,50.17690209
1490,1,0,positive,0.198875676273,-0.107491405958,0.0184543239253,198.875676273,-107.491405958,18.4543239253,60.7833040357,60.7833040357,49.3403239476
1491,0,0,positive,0.197653764045,-0.107491405958,0.0160707095243,197.653764045,-107.491405958,16.0707095243,59.5613918074,59.5613918074,46.9567095466
1491,1,0,positive,0.197666478499,-0.107491405958,0.0160936592232,197.666478499,-107.491405958,16.0936592232,59.5741062618,59.5741062618,46.9796592455
1492,0,0,positive,0.197653764045,-0.107491405958,0.0160707095243,197.653764045,-107.491405958,16.0707095243,59.5613918074,59.5613918074,46.9567095466
1492,1,0,positive,0.197139414635,-0.107491405958,0.0152848749285,197.139414635,-107.491405958,15.2848749285,59.0470423979,59.0470423979,46.1708749508
1493,0,0,positive,0.197666478499,-0.107491405958,0.0160936592232,197.666478499,-107.491405958,16.0936592232,59.5741062618,59.5741062618,46.9796592455
1493,1,0,positive,0.197704284273,-0.107491405958,0.0161651094775,197.704284273,-107.491405958,16.1651094775,59.6119120359,59.6119120359,47.0511094998
1494,0,0,positive,0.194621809542,-0.107491405958,0.0112190286047,194.621809542,-107.491405958,11.2190286047,56.5294373052,56.5294373052,42.105028627
1494,1,0,positive,0.195955877588,-0.107491405958,0.0132964569153,195.955877588,-107.491405958,13.2964569153,57.8635053511,57.8635053511,44.1824569376
1495,0,0,positive,0.19445001839,-0.107491405958,0.0109607294161,194.45001839,-107.491405958,10.9607294161,56.3576461523,56.3576461523,41.8467294384
1495,1,0,positive,0.194300264842,-0.107491405958,0.0107274829023,194.300264842,-107.491405958,10.7274829023,56.2078926045,56.2078926045,41.6134829246
1496,0,0,positive,0.194621809542,-0.107491405958,0.0112190286047,194.621809542,-107.491405958,11.2190286047,56.5294373052,56.5294373052,42.105028627
1496,1,0,positive,0.19445001839,-0.107491405958,0.0109607294161,194.45001839,-107.491405958,10.9607294161,56.3576461523,56.3576461523,41.8467294384
1497,0,0,positive,0.196138601828,-0.107491405958,0.0135968750325,196.138601828,-107.491405958,13.5968750325,58.0462295906,58.0462295906,44.4828750548
1497,1,0,positive,0.195955877588,-0.107491405958,0.0132964569153,195.955877588,-107.491405958,13.2964569153,57.8635053511,57.8635053511,44.1824569376
1498,0,0,positive,0.196374278983,-0.107491405958,0.0139876703658,196.374278983,-107.491405958,13.9876703658,58.2819067462,58.2819067462,44.8736703881
1498,1,0,positive,0.196138601828,-0.107491405958,0.0135968750325,196.138601828,-107.491405958,13.5968750325,58.0462295906,58.0462295906,44.4828750548
1499,0,0,positive,0.183865191254,-0.107491405958,-0.00917237861584,183.865191254,-107.491405958,-9.17237861584,45.7728190168,45.7728190168,21.7136214065
1499,1,0,positive,0.184503698393,-0.107491405958,-0.00800973296304,184.503698393,-107.491405958,-8.00973296304,46.4113261553,46.4113261553,22.8762670593
1500,0,0,positive,0.183321089868,-0.107491405958,-0.0101180677811,183.321089868,-107.491405958,-10.1180677811,45.2287176306,45.2287176306,20.7679322412
1500,1,0,positive,0.183836662232,-0.107491405958,-0.00922315240051,183.836662232,-107.491405958,-9.22315240051,45.7442899952,45.7442899952,21.6628476218
1501,0,0,positive,0.183859922748,-0.107491405958,-0.00918112811149,183.859922748,-107.491405958,-9.18112811149,45.7675505103,45.7675505103,21.7048719108
1501,1,0,positive,0.183836662232,-0.107491405958,-0.00922315240051,183.836662232,-107.491405958,-9.22315240051,45.7442899952,45.7442899952,21.6628476218
1502,0,0,positive,0.183865191254,-0.107491405958,-0.00917237861584,183.865191254,-107.491405958,-9.17237861584,45.7728190168,45.7728190168,21.7136214065
1502,1,0,positive,0.183859922748,-0.107491405958,-0.00918112811149,183.859922748,-107.491405958,-9.18112811149,45.7675505103,45.7675505103,21.7048719108
1503,0,0,positive,0.182246362667,-0.107491405958,-0.0132870188802,182.246362667,-107.491405958,-13.2870188802,44.1539904294,44.1539904294,17.5989811421
1503,1,0,positive,0.182342941014,-0.107491405958,-0.0128721712991,182.342941014,-107.491405958,-12.8721712991,44.250568777,44.250568777,18.0138287232
1504,0,0,positive,0.182342941014,-0.107491405958,-0.0128721712991,182.342941014,-107.491405958,-12.8721712991,44.250568777,44.250568777,18.0138287232
1504,1,0,positive,0.182328000665,-0.107491405958,-0.0125453432504,182.328000665,-107.491405958,-12.5453432504,44.2356284275,44.2356284275,18.3406567719
1505,0,0,positive,0.18299286456,-0.107491405958,-0.0108462045664,182.99286456,-107.491405958,-10.8462045664,44.900492323,44.900492323,20.0397954559
1505,1,0,positive,0.183112574104,-0.107491405958,-0.0106445881236,183.112574104,-107.491405958,-10.6445881236,45.0202018666,45.0202018666,20.2414118987
1506,0,0,positive,0.182765183893,-0.107491405958,-0.0111975620138,182.765183893,-107.491405958,-11.1975620138,44.6728116555,44.6728116555,19.6884380085
1506,1,0,positive,0.182943684991,-0.107491405958,-0.0110259521441,182.943684991,-107.491405958,-11.0259521441,44.8513127536,44.8513127536,19.8600478782
1507,0,0,positive,0.18299286456,-0.107491405958,-0.0108462045664,182.99286456,-107.491405958,-10.8462045664,44.900492323,44.900492323,20.0397954559
1507,1,0,positive,0.182943684991,-0.107491405958,-0.0110259521441,182.943684991,-107.491405958,-11.0259521441,44.8513127536,44.8513127536,19.8600478782
1508,0,0,positive,0.182765183893,-0.107491405958,-0.0111975620138,182.765183893,-107.491405958,-11.1975620138,44.6728116555,44.6728116555,19.6884380085
1508,1,0,positive,0.182426154281,-0.107491405958,-0.0115572505467,182.426154281,-107.491405958,-11.5572505467,44.3337820443,44.3337820443,19.3287494756
1509,0,0,positive,0.182382288515,-0.107491405958,-0.0117782686453,182.382288515,-107.491405958,-11.7782686453,44.2899162776,44.2899162776,19.107731377
1509,1,0,positive,0.182426154281,-0.107491405958,-0.0115572505467,182.426154281,-107.491405958,-11.5572505467,44.3337820443,44.3337820443,19.3287494756
1510,0,0,positive,0.183260306523,-0.107491405958,-0.0102482170964,183.260306523,-107.491405958,-10.2482170964,45.1679342857,45.1679342857,20.6377829259
1510,1,0,positive,0.183321089868,-0.107491405958,-0.0101180677811,183.321089868,-107.491405958,-10.1180677811,45.2287176306,45.2287176306,20.7679322412
1511,0,0,positive,0.183223396688,-0.107491405958,-0.0103323080955,183.223396688,-107.491405958,-10.3323080955,45.1310244503,45.1310244503,20.5536919268
1511,1,0,positive,0.183260306523,-0.107491405958,-0.0102482170964,183.260306523,-107.491405958,-10.2482170964,45.1679342857,45.1679342857,20.6377829259
1512,0,0,positive,0.183223396688,-0.107491405958,-0.0103323080955,183.223396688,-107.491405958,-10.3323080955,45.1310244503,45.1310244503,20.5536919268
1512,1,0,positive,0.183112574104,-0.107491405958,-0.0106445881236,183.112574104,-107.491405958,-10.6445881236,45.0202018666,45.0202018666,20.2414118987
1513,0,0,positive,0.18762652166,-0.107491405958,-0.00172016045037,187.62652166,-107.491405958,-1.72016045037,49.5341494229,49.5341494229,29.1658395719
1513,1,0,positive,0.187079538872,-0.107491405958,-0.00279792787139,187.079538872,-107.491405958,-2.79792787139,48.9871666344,48.9871666344,28.0880721509
1514,0,0,positive,0.18762652166,-0.107491405958,-0.00172016045037,187.62652166,-107.491405958,-1.72016045037,49.5341494229,49.5341494229,29.1658395719
1514,1,0,positive,0.188318638971,-0.107491405958,-0.000481981158796,188.318638971,-107.491405958,-0.481981158796,50.2262667343,50.2262667343,30.4040188635
1515,0,0,positive,0.188631236722,-0.107491405958,0.000129675952401,188.631236722,-107.491405958,0.129675952401,50.5388644844,50.5388644844,31.0156759747
1515,1,0,positive,0.188473339382,-0.107491405958,-0.000145960598064,188.473339382,-107.491405958,-0.145960598064,50.3809671451,50.3809671451,30.7400394242
1516,0,0,positive,0.189093521566,-0.107491405958,0.00106254697146,189.093521566,-107.491405958,1.06254697146,51.0011493292,51.0011493292,31.9485469938
1516,1,0,positive,0.188631236722,-0.107491405958,0.000129675952401,188.631236722,-107.491405958,0.129675952401,50.5388644844,50.5388644844,31.0156759747
1517,0,0,positive,0.188473339382,-0.107491405958,-0.000145960598064,188.473339382,-107.491405958,-0.145960598064,50.3809671451,50.3809671451,30.7400394242
1517,1,0,positive,0.188318638971,-0.107491405958,-0.000481981158796,188.318638971,-107.491405958,-0.481981158796,50.2262667343,50.2262667343,30.4040188635
1518,0,0,positive,0.186172540453,-0.107491405958,-0.00458682971353,186.172540453,-107.491405958,-4.58682971353,48.0801682162,48.0801682162,26.2991703088
1518,1,0,positive,0.1857119572,-0.107491405958,-0.00556264008748,185.7119572,-107.491405958,-5.56264008748,47.6195849629,47.6195849629,25.3233599348
1519,0,0,positive,0.185575092867,-0.107491405958,-0.00581101315698,185.575092867,-107.491405958,-5.81101315698,47.4827206296,47.4827206296,25.0749868653
1519,1,0,positive,0.1857119572,-0.107491405958,-0.00556264008748,185.7119572,-107.491405958,-5.56264008748,47.6195849629,47.6195849629,25.3233599348
1520,0,0,positive,0.186172540453,-0.107491405958,-0.00458682971353,186.172540453,-107.491405958,-4.58682971353,48.0801682162,48.0801682162,26.2991703088
1520,1,0,positive,0.186225408057,-0.107491405958,-0.00448489661618,186.225408057,-107.491405958,-4.48489661618,48.1330358197,48.1330358197,26.4011034061
1521,0,0,positive,0.184625471236,-0.107491405958,-0.00773787136998,184.625471236,-107.491405958,-7.73787136998,46.5330989987,46.5330989987,23.1481286523
1521,1,0,positive,0.185148030964,-0.107491405958,-0.00659562397481,185.148030964,-107.491405958,-6.59562397481,47.0556587266,47.0556587266,24.2903760475
1522,0,0,positive,0.184625471236,-0.107491405958,-0.00773787136998,184.625471236,-107.491405958,-7.73787136998,46.5330989987,46.5330989987,23.1481286523
1522,1,0,positive,0.184503698393,-0.107491405958,-0.00800973296304,184.503698393,-107.491405958,-8.00973296304,46.4113261553,46.4113261553,22.8762670593
1523,0,0,positive,0.185260177228,-0.107491405958,-0.00639330377947,185.260177228,-107.491405958,-6.39330377947,47.1678049904,47.1678049904,24.4926962428
1523,1,0,positive,0.185575092867,-0.107491405958,-0.00581101315698,185.575092867,-107.491405958,-5.81101315698,47.4827206296,47.4827206296,25.0749868653
1524,0,0,positive,0.185260177228,-0.107491405958,-0.00639330377947,185.260177228,-107.491405958,-6.39330377947,47.1678049904,47.1678049904,24.4926962428
1524,1,0,positive,0.185148030964,-0.107491405958,-0.00659562397481,185.148030964,-107.491405958,-6.59562397481,47.0556587266,47.0556587266,24.2903760475
1525,0,0,positive,0.187055907362,-0.107491405958,-0.00284461558588,187.055907362,-107.491405958,-2.84461558588,48.9635351245,48.9635351245,28.0413844364
1525,1,0,positive,0.187059826131,-0.107491405958,-0.00283622195816,187.059826131,-107.491405958,-2.83622195816,48.9674538943,48.9674538943,28.0497780641
1526,0,0,positive,0.187059826131,-0.107491405958,-0.00283622195816,187.059826131,-107.491405958,-2.83622195816,48.9674538943,48.9674538943,28.0497780641
1526,1,0,positive,0.187069035713,-0.107491405958,-0.00282006565345,187.069035713,-107.491405958,-2.82006565345,48.9766634754,48.9766634754,28.0659343688
1527,0,0,positive,0.187069035713,-0.107491405958,-0.00282006565345,187.069035713,-107.491405958,-2.82006565345,48.9766634754,48.9766634754,28.0659343688
1527,1,0,positive,0.187079538872,-0.107491405958,-0.00279792787139,187.079538872,-107.491405958,-2.79792787139,48.9871666344,48.9871666344,28.0880721509
1528,0,0,positive,0.187055907362,-0.107491405958,-0.00284461558588,187.055907362,-107.491405958,-2.84461558588,48.9635351245,48.9635351245,28.0413844364
1528,1,0,positive,0.186225408057,-0.107491405958,-0.00448489661618,186.225408057,-107.491405958,-4.48489661618,48.1330358197,48.1330358197,26.4011034061
1529,0,0,positive,0.183301858965,-0.107491405958,-0.00054651693624,183.301858965,-107.491405958,-0.54651693624,45.2094867274,45.2094867274,30.3394830861
1529,1,0,positive,0.183659263669,-0.107491405958,0.000206907215224,183.659263669,-107.491405958,0.206907215224,45.5668914321,45.5668914321,31.0929072375
1530,0,0,positive,0.183906564808,-0.107491405958,0.0006846456735,183.906564808,-107.491405958,0.6846456735,45.8141925704,45.8141925704,31.5706456958
1530,1,0,positive,0.184076039436,-0.107491405958,0.00090588155637,184.076039436,-107.491405958,0.90588155637,45.9836671985,45.9836671985,31.7918815787
1531,0,0,positive,0.183906564808,-0.107491405958,0.0006846456735,183.906564808,-107.491405958,0.6846456735,45.8141925704,45.8141925704,31.5706456958
1531,1,0,positive,0.183659263669,-0.107491405958,0.000206907215224,183.659263669,-107.491405958,0.206907215224,45.5668914321,45.5668914321,31.0929072375
1532,0,0,positive,0.183301858965,-0.107491405958,-0.00054651693624,183.301858965,-107.491405958,-0.54651693624,45.2094867274,45.2094867274,30.3394830861
1532,1,0,positive,0.183291989734,-0.107491405958,-0.000565146971089,183.291989734,-107.491405958,-0.565146971089,45.1996174968,45.1996174968,30.3208530512
1533,0,0,positive,0.190745271635,-0.107491405958,0.00468162478311,190.745271635,-107.491405958,4.68162478311,52.6528993981,52.6528993981,35.5676248054
1533,1,0,positive,0.191357218898,-0.107491405958,0.00598366085628,191.357218898,-107.491405958,5.98366085628,53.2648466606,53.2648466606,36.8696608786
1534,0,0,positive,0.190745271635,-0.107491405958,0.00468162478311,190.745271635,-107.491405958,4.68162478311,52.6528993981,52.6528993981,35.5676248054
1534,1,0,positive,0.190679535577,-0.107491405958,0.00454516160365,190.679535577,-107.491405958,4.54516160365,52.58716334,52.58716334,35.4311616259
1535,0,0,positive,0.189262705291,-0.107491405958,0.00141518610109,189.262705291,-107.491405958,1.41518610109,51.1703330535,51.1703330535,32.3011861234
1535,1,0,positive,0.189585147686,-0.107491405958,0.00209377309705,189.585147686,-107.491405958,2.09377309705,51.4927754492,51.4927754492,32.9797731193
1536,0,0,positive,0.189887180918,-0.107491405958,0.00274448358093,189.887180918,-107.491405958,2.74448358093,51.794808681,51.794808681,33.6304836032
1536,1,0,positive,0.189585147686,-0.107491405958,0.00209377309705,189.585147686,-107.491405958,2.09377309705,51.4927754492,51.4927754492,32.9797731193
1537,0,0,positive,0.189093521566,-0.107491405958,0.00106254697146,189.093521566,-107.491405958,1.06254697146,51.0011493292,51.0011493292,31.9485469938
1537,1,0,positive,0.189262705291,-0.107491405958,0.00141518610109,189.262705291,-107.491405958,1.41518610109,51.1703330535,51.1703330535,32.3011861234
1538,0,0,positive,0.189887180918,-0.107491405958,0.00274448358093,189.887180918,-107.491405958,2.74448358093,51.794808681,51.794808681,33.6304836032
1538,1,0,positive,0.190679535577,-0.107491405958,0.00454516160365,190.679535577,-107.491405958,4.54516160365,52.58716334,52.58716334,35.4311616259
1539,0,0,positive,0.193592274259,-0.107491405958,0.00967206710364,193.592274259,-107.491405958,9.67206710364,55.4999020213,55.4999020213,40.5580671259
1539,1,0,positive,0.193444556313,-0.107491405958,0.00947470565877,193.444556313,-107.491405958,9.47470565877,55.3521840761,55.3521840761,40.3607056811
1540,0,0,positive,0.193592274259,-0.107491405958,0.00967206710364,193.592274259,-107.491405958,9.67206710364,55.4999020213,55.4999020213,40.5580671259
1540,1,0,positive,0.194300264842,-0.107491405958,0.0107274829023,194.300264842,-107.491405958,10.7274829023,56.2078926045,56.2078926045,41.6134829246
1541,0,0,positive,0.192211144686,-0.107491405958,0.00750996567525,192.211144686,-107.491405958,7.50996567525,54.1187724485,54.1187724485,38.3959656975
1541,1,0,positive,0.192094058802,-0.107491405958,0.0072977599962,192.094058802,-107.491405958,7.2977599962,54.001686565,54.001686565,38.1837600185
1542,0,0,positive,0.192330503307,-0.107491405958,0.00769906316258,192.330503307,-107.491405958,7.69906316258,54.2381310697,54.2381310697,38.5850631849
1542,1,0,positive,0.192211144686,-0.107491405958,0.00750996567525,192.211144686,-107.491405958,7.50996567525,54.1187724485,54.1187724485,38.3959656975
1543,0,0,positive,0.19251025255,-0.107491405958,0.00799284782926,192.51025255,-107.491405958,7.99284782926,54.417880313,54.417880313,38.8788478516
1543,1,0,positive,0.192330503307,-0.107491405958,0.00769906316258,192.330503307,-107.491405958,7.69906316258,54.2381310697,54.2381310697,38.5850631849
1544,0,0,positive,0.191357218898,-0.107491405958,0.00598366085628,191.357218898,-107.491405958,5.98366085628,53.2648466606,53.2648466606,36.8696608786
1544,1,0,positive,0.192094058802,-0.107491405958,0.0072977599962,192.094058802,-107.491405958,7.2977599962,54.001686565,54.001686565,38.1837600185
1545,0,0,positive,0.19251025255,-0.107491405958,0.00799284782926,192.51025255,-107.491405958,7.99284782926,54.417880313,54.417880313,38.8788478516
1545,1,0,positive,0.193180126065,-0.107491405958,0.00904554136072,193.180126065,-107.491405958,9.04554136072,55.0877538277,55.0877538277,39.931541383
1546,0,0,positive,0.193444556313,-0.107491405958,0.00947470565877,193.444556313,-107.491405958,9.47470565877,55.3521840761,55.3521840761,40.3607056811
1546,1,0,positive,0.193180126065,-0.107491405958,0.00904554136072,193.180126065,-107.491405958,9.04554136072,55.0877538277,55.0877538277,39.931541383
1547,0,0,positive,0.186589460673,-0.107491405958,0.00594620701467,186.589460673,-107.491405958,5.94620701467,48.4970884362,48.4970884362,36.832207037
1547,1,0,positive,0.186641980645,-0.107491405958,0.0060579732437,186.641980645,-107.491405958,6.0579732437,48.5496084078,48.5496084078,36.943973266
1548,0,0,positive,0.186965371285,-0.107491405958,0.00675168886344,186.965371285,-107.491405958,6.75168886344,48.8729990479,48.8729990479,37.6376888857
1548,1,0,positive,0.187418814545,-0.107491405958,0.00747422545713,187.418814545,-107.491405958,7.47422545713,49.3264423076,49.3264423076,38.3602254794
1549,0,0,positive,0.187850096967,-0.107491405958,0.00807691658289,187.850096967,-107.491405958,8.07691658289,49.7577247302,49.7577247302,38.9629166052
1549,1,0,positive,0.188097910678,-0.107491405958,0.00845696941711,188.097910678,-107.491405958,8.45696941711,50.0055384405,50.0055384405,39.3429694394
1550,0,0,positive,0.187533789782,-0.107491405958,0.00769466127678,187.533789782,-107.491405958,7.69466127678,49.4414175452,49.4414175452,38.5806612991
1550,1,0,positive,0.187850096967,-0.107491405958,0.00807691658289,187.850096967,-107.491405958,8.07691658289,49.7577247302,49.7577247302,38.9629166052
1551,0,0,positive,0.187533789782,-0.107491405958,0.00769466127678,187.533789782,-107.491405958,7.69466127678,49.4414175452,49.4414175452,38.5806612991
1551,1,0,positive,0.187418814545,-0.107491405958,0.00747422545713,187.418814545,-107.491405958,7.47422545713,49.3264423076,49.3264423076,38.3602254794
1552,0,0,positive,0.189098621092,-0.107491405958,0.0101867165292,189.098621092,-107.491405958,10.1867165292,51.0062488546,51.0062488546,41.0727165515
1552,1,0,positive,0.188788143462,-0.107491405958,0.00935320012366,188.788143462,-107.491405958,9.35320012366,50.6957712243,50.6957712243,40.239200146
1553,0,0,positive,0.188700906482,-0.107491405958,0.00921168443051,188.700906482,-107.491405958,9.21168443051,50.6085342445,50.6085342445,40.0976844528
1553,1,0,positive,0.188402733232,-0.107491405958,0.00876857309704,188.402733232,-107.491405958,8.76857309704,50.3103609946,50.3103609946,39.6545731193
1554,0,0,positive,0.188370707567,-0.107491405958,0.008730257456,188.370707567,-107.491405958,8.730257456,50.2783353298,50.2783353298,39.6162574783
1554,1,0,positive,0.188339870825,-0.107491405958,0.00868419873771,188.339870825,-107.491405958,8.68419873771,50.247498588,50.247498588,39.57019876
1555,0,0,positive,0.188402733232,-0.107491405958,0.00876857309704,188.402733232,-107.491405958,8.76857309704,50.3103609946,50.3103609946,39.6545731193
1555,1,0,positive,0.188370707567,-0.107491405958,0.008730257456,188.370707567,-107.491405958,8.730257456,50.2783353298,50.2783353298,39.6162574783
1556,0,0,positive,0.188768322007,-0.107491405958,0.00931768432111,188.768322007,-107.491405958,9.31768432111,50.6759497699,50.6759497699,40.2036843434
1556,1,0,positive,0.188779729383,-0.107491405958,0.00933511371591,188.779729383,-107.491405958,9.33511371591,50.6873571454,50.6873571454,40.2211137382
1557,0,0,positive,0.188779729383,-0.107491405958,0.00933511371591,188.779729383,-107.491405958,9.33511371591,50.6873571454,50.6873571454,40.2211137382
1557,1,0,positive,0.188788143462,-0.107491405958,0.00935320012366,188.788143462,-107.491405958,9.35320012366,50.6957712243,50.6957712243,40.239200146
1558,0,0,positive,0.188097910678,-0.107491405958,0.00845696941711,188.097910678,-107.491405958,8.45696941711,50.0055384405,50.0055384405,39.3429694394
1558,1,0,positive,0.188339870825,-0.107491405958,0.00868419873771,188.339870825,-107.491405958,8.68419873771,50.247498588,50.247498588,39.57019876
1559,0,0,positive,0.188700906482,-0.107491405958,0.00921168443051,188.700906482,-107.491405958,9.21168443051,50.6085342445,50.6085342445,40.0976844528
1559,1,0,positive,0.188768322007,-0.107491405958,0.00931768432111,188.768322007,-107.491405958,9.31768432111,50.6759497699,50.6759497699,40.2036843434
1560,0,0,positive,0.186641980645,-0.107491405958,0.0060579732437,186.641980645,-107.491405958,6.0579732437,48.5496084078,48.5496084078,36.943973266
1560,1,0,positive,0.186675571616,-0.107491405958,0.00620867789954,186.675571616,-107.491405958,6.20867789954,48.583199379,48.583199379,37.0946779218
1561,0,0,positive,0.185322746208,-0.107491405958,0.0027253120151,185.322746208,-107.491405958,2.7253120151,47.2303739709,47.2303739709,33.6113120374
1561,1,0,positive,0.184768866341,-0.107491405958,0.00196778445974,184.768866341,-107.491405958,1.96778445974,46.6764941039,46.6764941039,32.853784482
1562,0,0,positive,0.185876325398,-0.107491405958,0.00362328576458,185.876325398,-107.491405958,3.62328576458,47.7839531606,47.7839531606,34.5092857869
1562,1,0,positive,0.185675909735,-0.107491405958,0.00317081330302,185.675909735,-107.491405958,3.17081330302,47.5835374973,47.5835374973,34.0568133253
1563,0,0,positive,0.185563612697,-0.107491405958,0.00300329134272,185.563612697,-107.491405958,3.00329134272,47.4712404603,47.4712404603,33.889291365
1563,1,0,positive,0.185640965848,-0.107491405958,0.0030911770481,185.640965848,-107.491405958,3.0911770481,47.5485936105,47.5485936105,33.9771770704
1564,0,0,positive,0.185640965848,-0.107491405958,0.0030911770481,185.640965848,-107.491405958,3.0911770481,47.5485936105,47.5485936105,33.9771770704
1564,1,0,positive,0.185675909735,-0.107491405958,0.00317081330302,185.675909735,-107.491405958,3.17081330302,47.5835374973,47.5835374973,34.0568133253
1565,0,0,positive,0.185563612697,-0.107491405958,0.00300329134272,185.563612697,-107.491405958,3.00329134272,47.4712404603,47.4712404603,33.889291365
1565,1,0,positive,0.185322746208,-0.107491405958,0.0027253120151,185.322746208,-107.491405958,2.7253120151,47.2303739709,47.2303739709,33.6113120374
1566,0,0,positive,0.184600156473,-0.107491405958,0.00169501945737,184.600156473,-107.491405958,1.69501945737,46.507784236,46.507784236,32.5810194797
1566,1,0,positive,0.184667973619,-0.107491405958,0.00182790501757,184.667973619,-107.491405958,1.82790501757,46.5756013817,46.5756013817,32.7139050399
1567,0,0,positive,0.184667973619,-0.107491405958,0.00182790501757,184.667973619,-107.491405958,1.82790501757,46.5756013817,46.5756013817,32.7139050399
1567,1,0,positive,0.184768866341,-0.107491405958,0.00196778445974,184.768866341,-107.491405958,1.96778445974,46.6764941039,46.6764941039,32.853784482
1568,0,0,positive,0.184600156473,-0.107491405958,0.00169501945737,184.600156473,-107.491405958,1.69501945737,46.507784236,46.507784236,32.5810194797
1568,1,0,positive,0.184076039436,-0.107491405958,0.00090588155637,184.076039436,-107.491405958,0.90588155637,45.9836671985,45.9836671985,31.7918815787
1569,0,0,positive,0.185876325398,-0.107491405958,0.00362328576458,185.876325398,-107.491405958,3.62328576458,47.7839531606,47.7839531606,34.5092857869
1569,1,0,positive,0.185967158298,-0.107491405958,0.00384120493157,185.967158298,-107.491405958,3.84120493157,47.8747860609,47.8747860609,34.7272049539
1570,0,0,positive,0.186105120556,-0.107491405958,0.00437953558238,186.105120556,-107.491405958,4.37953558238,48.0127483184,48.0127483184,35.2655356047
1570,1,0,positive,0.18609114804,-0.107491405958,0.00460764212294,186.09114804,-107.491405958,4.60764212294,47.9987758023,47.9987758023,35.4936421452
1571,0,0,positive,0.186105120556,-0.107491405958,0.00437953558238,186.105120556,-107.491405958,4.37953558238,48.0127483184,48.0127483184,35.2655356047
1571,1,0,positive,0.185967158298,-0.107491405958,0.00384120493157,185.967158298,-107.491405958,3.84120493157,47.8747860609,47.8747860609,34.7272049539
1572,0,0,positive,0.186120344396,-0.107491405958,0.00480524528645,186.120344396,-107.491405958,4.80524528645,48.0279721587,48.0279721587,35.6912453087
1572,1,0,positive,0.18609114804,-0.107491405958,0.00460764212294,186.09114804,-107.491405958,4.60764212294,47.9987758023,47.9987758023,35.4936421452
1573,0,0,positive,0.186178298177,-0.107491405958,0.00503911982447,186.178298177,-107.491405958,5.03911982447,48.0859259394,48.0859259394,35.9251198468
1573,1,0,positive,0.18625669395,-0.107491405958,0.00529070683127,186.25669395,-107.491405958,5.29070683127,48.1643217126,48.1643217126,36.1767068536
1574,0,0,positive,0.186589460673,-0.107491405958,0.00594620701467,186.589460673,-107.491405958,5.94620701467,48.4970884362,48.4970884362,36.832207037
1574,1,0,positive,0.18625669395,-0.107491405958,0.00529070683127,186.25669395,-107.491405958,5.29070683127,48.1643217126,48.1643217126,36.1767068536
1575,0,0,positive,0.186178298177,-0.107491405958,0.00503911982447,186.178298177,-107.491405958,5.03911982447,48.0859259394,48.0859259394,35.9251198468
1575,1,0,positive,0.186120344396,-0.107491405958,0.00480524528645,186.120344396,-107.491405958,4.80524528645,48.0279721587,48.0279721587,35.6912453087
1576,0,0,positive,0.186762790657,-0.107491405958,0.00650216686049,186.762790657,-107.491405958,6.50216686049,48.6704184193,48.6704184193,37.3881668828
1576,1,0,positive,0.186675571616,-0.107491405958,0.00620867789954,186.675571616,-107.491405958,6.20867789954,48.583199379,48.583199379,37.0946779218
1577,0,0,positive,0.18689048571,-0.107491405958,0.00666789862137,186.89048571,-107.491405958,6.66789862137,48.7981134726,48.7981134726,37.5538986437
1577,1,0,positive,0.186762790657,-0.107491405958,0.00650216686049,186.762790657,-107.491405958,6.50216686049,48.6704184193,48.6704184193,37.3881668828
1578,0,0,positive,0.186965371285,-0.107491405958,0.00675168886344,186.965371285,-107.491405958,6.75168886344,48.8729990479,48.8729990479,37.6376888857
1578,1,0,positive,0.18689048571,-0.107491405958,0.00666789862137,186.89048571,-107.491405958,6.66789862137,48.7981134726,48.7981134726,37.5538986437
1579,0,0,positive,0.19082602543,-0.107491405958,0.0138271143988,190.82602543,-107.491405958,13.8271143988,52.733653193,52.733653193,44.7131144211
1579,1,0,positive,0.190874754598,-0.107491405958,0.0138954657194,190.874754598,-107.491405958,13.8954657194,52.782382361,52.782382361,44.7814657416
1580,0,0,positive,0.191334403092,-0.107491405958,0.0147138861409,191.334403092,-107.491405958,14.7138861409,53.2420308551,53.2420308551,45.5998861632
1580,1,0,positive,0.190939516514,-0.107491405958,0.0139937673347,190.939516514,-107.491405958,13.9937673347,52.847144277,52.847144277,44.879767357
1581,0,0,positive,0.191334403092,-0.107491405958,0.0147138861409,191.334403092,-107.491405958,14.7138861409,53.2420308551,53.2420308551,45.5998861632
1581,1,0,positive,0.191539230396,-0.107491405958,0.0150762398015,191.539230396,-107.491405958,15.0762398015,53.446858159,53.446858159,45.9622398238
1582,0,0,positive,0.190874754598,-0.107491405958,0.0138954657194,190.874754598,-107.491405958,13.8954657194,52.782382361,52.782382361,44.7814657416
1582,1,0,positive,0.190939516514,-0.107491405958,0.0139937673347,190.939516514,-107.491405958,13.9937673347,52.847144277,52.847144277,44.879767357
1583,0,0,positive,0.190220294296,-0.107491405958,0.0129158115306,190.220294296,-107.491405958,12.9158115306,52.1279220586,52.1279220586,43.8018115528
1583,1,0,positive,0.19015325756,-0.107491405958,0.0127374078447,190.15325756,-107.491405958,12.7374078447,52.0608853228,52.0608853228,43.623407867
1584,0,0,positive,0.190280265034,-0.107491405958,0.0130124943389,190.280265034,-107.491405958,13.0124943389,52.1878927964,52.1878927964,43.8984943612
1584,1,0,positive,0.190517976295,-0.107491405958,0.0134766386609,190.517976295,-107.491405958,13.4766386609,52.4256040578,52.4256040578,44.3626386832
1585,0,0,positive,0.19082602543,-0.107491405958,0.0138271143988,190.82602543,-107.491405958,13.8271143988,52.733653193,52.733653193,44.7131144211
1585,1,0,positive,0.190517976295,-0.107491405958,0.0134766386609,190.517976295,-107.491405958,13.4766386609,52.4256040578,52.4256040578,44.3626386832
1586,0,0,positive,0.190280265034,-0.107491405958,0.0130124943389,190.280265034,-107.491405958,13.0124943389,52.1878927964,52.1878927964,43.8984943612
1586,1,0,positive,0.190220294296,-0.107491405958,0.0129158115306,190.220294296,-107.491405958,12.9158115306,52.1279220586,52.1279220586,43.8018115528
1587,0,0,positive,0.193597248379,-0.107491405958,0.0186630563862,193.597248379,-107.491405958,18.6630563862,55.5048761416,55.5048761416,49.5490564085
1587,1,0,positive,0.193427287386,-0.107491405958,0.0184378936385,193.427287386,-107.491405958,18.4378936385,55.3349151488,55.3349151488,49.3238936608
1588,0,0,positive,0.193597248379,-0.107491405958,0.0186630563862,193.597248379,-107.491405958,18.6630563862,55.5048761416,55.5048761416,49.5490564085
1588,1,0,positive,0.193832633851,-0.107491405958,0.0191237622394,193.832633851,-107.491405958,19.1237622394,55.7402616141,55.7402616141,50.0097622617
1589,0,0,positive,0.194064959545,-0.107491405958,0.0194741768666,194.064959545,-107.491405958,19.4741768666,55.9725873077,55.9725873077,50.3601768889
1589,1,0,positive,0.194393358142,-0.107491405958,0.0198396532389,194.393358142,-107.491405958,19.8396532389,56.3009859051,56.3009859051,50.7256532612
1590,0,0,positive,0.193951081207,-0.107491405958,0.0192970000207,193.951081207,-107.491405958,19.2970000207,55.8587089701,55.8587089701,50.183000043
1590,1,0,positive,0.193832633851,-0.107491405958,0.0191237622394,193.832633851,-107.491405958,19.1237622394,55.7402616141,55.7402616141,50.0097622617
1591,0,0,positive,0.194064959545,-0.107491405958,0.0194741768666,194.064959545,-107.491405958,19.4741768666,55.9725873077,55.9725873077,50.3601768889
1591,1,0,positive,0.193951081207,-0.107491405958,0.0192970000207,193.951081207,-107.491405958,19.2970000207,55.8587089701,55.8587089701,50.183000043
1592,0,0,positive,0.19195342378,-0.107491405958,0.0158773406193,191.95342378,-107.491405958,15.8773406193,53.8610515433,53.8610515433,46.7633406416
1592,1,0,positive,0.192286129616,-0.107491405958,0.0166574459486,192.286129616,-107.491405958,16.6574459486,54.1937573792,54.1937573792,47.5434459709
1593,0,0,positive,0.191943855008,-0.107491405958,0.0158575877975,191.943855008,-107.491405958,15.8575877975,53.8514827713,53.8514827713,46.7435878198
1593,1,0,positive,0.191933551463,-0.107491405958,0.015836588786,191.933551463,-107.491405958,15.836588786,53.8411792258,53.8411792258,46.7225888083
1594,0,0,positive,0.19195342378,-0.107491405958,0.0158773406193,191.95342378,-107.491405958,15.8773406193,53.8610515433,53.8610515433,46.7633406416
1594,1,0,positive,0.191943855008,-0.107491405958,0.0158575877975,191.943855008,-107.491405958,15.8575877975,53.8514827713,53.8514827713,46.7435878198
1595,0,0,positive,0.192897088409,-0.107491405958,0.017548549283,192.897088409,-107.491405958,17.548549283,54.8047161715,54.8047161715,48.4345493053
1595,1,0,positive,0.192760115983,-0.107491405958,0.0173515483644,192.760115983,-107.491405958,17.3515483644,54.6677437454,54.6677437454,48.2375483866
1596,0,0,positive,0.192286129616,-0.107491405958,0.0166574459486,192.286129616,-107.491405958,16.6574459486,54.1937573792,54.1937573792,47.5434459709
1596,1,0,positive,0.192760115983,-0.107491405958,0.0173515483644,192.760115983,-107.491405958,17.3515483644,54.6677437454,54.6677437454,48.2375483866
1597,0,0,positive,0.191539230396,-0.107491405958,0.0150762398015,191.539230396,-107.491405958,15.0762398015,53.446858159,53.446858159,45.9622398238
1597,1,0,positive,0.191933551463,-0.107491405958,0.015836588786,191.933551463,-107.491405958,15.836588786,53.8411792258,53.8411792258,46.7225888083
1598,0,0,positive,0.19298811542,-0.107491405958,0.0177266936395,192.98811542,-107.491405958,17.7266936395,54.8957431824,54.8957431824,48.6126936618
1598,1,0,positive,0.193161785073,-0.107491405958,0.0180582937458,193.161785073,-107.491405958,18.0582937458,55.0694128356,55.0694128356,48.9442937681
1599,0,0,positive,0.193277463324,-0.107491405958,0.0182908148209,193.277463324,-107.491405958,18.2908148209,55.1850910869,55.1850910869,49.1768148432
1599,1,0,positive,0.193427287386,-0.107491405958,0.0184378936385,193.427287386,-107.491405958,18.4378936385,55.3349151488,55.3349151488,49.3238936608
1600,0,0,positive,0.193161785073,-0.107491405958,0.0180582937458,193.161785073,-107.491405958,18.0582937458,55.0694128356,55.0694128356,48.9442937681
1600,1,0,positive,0.193277463324,-0.107491405958,0.0182908148209,193.277463324,-107.491405958,18.2908148209,55.1850910869,55.1850910869,49.1768148432
1601,0,0,positive,0.19298811542,-0.107491405958,0.0177266936395,192.98811542,-107.491405958,17.7266936395,54.8957431824,54.8957431824,48.6126936618
1601,1,0,positive,0.192897088409,-0.107491405958,0.017548549283,192.897088409,-107.491405958,17.548549283,54.8047161715,54.8047161715,48.4345493053
1602,0,0,positive,0.189857392608,-0.107491405958,0.0118767799757,189.857392608,-107.491405958,11.8767799757,51.7650203711,51.7650203711,42.762779998
1602,1,0,positive,0.189961716651,-0.107491405958,0.0121858627471,189.961716651,-107.491405958,12.1858627471,51.8693444139,51.8693444139,43.0718627694
1603,0,0,positive,0.189560996352,-0.107491405958,0.0111278117948,189.560996352,-107.491405958,11.1278117948,51.4686241151,51.4686241151,42.0138118171
1603,1,0,positive,0.189231547568,-0.107491405958,0.0104261623539,189.231547568,-107.491405958,10.4261623539,51.1391753308,51.1391753308,41.3121623762
1604,0,0,positive,0.189857392608,-0.107491405958,0.0118767799757,189.857392608,-107.491405958,11.8767799757,51.7650203711,51.7650203711,42.762779998
1604,1,0,positive,0.189560996352,-0.107491405958,0.0111278117948,189.560996352,-107.491405958,11.1278117948,51.4686241151,51.4686241151,42.0138118171
1605,0,0,positive,0.189098621092,-0.107491405958,0.0101867165292,189.098621092,-107.491405958,10.1867165292,51.0062488546,51.0062488546,41.0727165515
1605,1,0,positive,0.189231547568,-0.107491405958,0.0104261623539,189.231547568,-107.491405958,10.4261623539,51.1391753308,51.1391753308,41.3121623762
1606,0,0,positive,0.189961716651,-0.107491405958,0.0121858627471,189.961716651,-107.491405958,12.1858627471,51.8693444139,51.8693444139,43.0718627694
1606,1,0,positive,0.19015325756,-0.107491405958,0.0127374078447,190.15325756,-107.491405958,12.7374078447,52.0608853228,52.0608853228,43.623407867
1607,0,0,positive,0.180877406134,-0.107491405958,-0.0158609043919,180.877406134,-107.491405958,-15.8609043919,42.7850338963,42.7850338963,15.0250956303
1607,1,0,positive,0.180505163841,-0.107491405958,-0.0166384182168,180.505163841,-107.491405958,-16.6384182168,42.4127916037,42.4127916037,14.2475818055
1608,0,0,positive,0.1804353669,-0.107491405958,-0.016784239942,180.4353669,-107.491405958,-16.784239942,42.3429946629,42.3429946629,14.1017600803
1608,1,0,positive,0.180505163841,-0.107491405958,-0.0166384182168,180.505163841,-107.491405958,-16.6384182168,42.4127916037,42.4127916037,14.2475818055
1609,0,0,positive,0.181239292316,-0.107491405958,-0.015233543647,181.239292316,-107.491405958,-15.233543647,43.146920079,43.146920079,15.6524563752
1609,1,0,positive,0.180877406134,-0.107491405958,-0.0158609043919,180.877406134,-107.491405958,-15.8609043919,42.7850338963,42.7850338963,15.0250956303
1610,0,0,positive,0.182246362667,-0.107491405958,-0.0132870188802,182.246362667,-107.491405958,-13.2870188802,44.1539904294,44.1539904294,17.5989811421
1610,1,0,positive,0.182222358409,-0.107491405958,-0.0133656084492,182.222358409,-107.491405958,-13.3656084492,44.1299861719,44.1299861719,17.5203915731
1611,0,0,positive,0.181681672986,-0.107491405958,-0.0142616788353,181.681672986,-107.491405958,-14.2616788353,43.5893007484,43.5893007484,16.624321187
1611,1,0,positive,0.181968544142,-0.107491405958,-0.0137898208428,181.968544142,-107.491405958,-13.7898208428,43.8761719052,43.8761719052,17.0961791795
1612,0,0,positive,0.182222358409,-0.107491405958,-0.0133656084492,182.222358409,-107.491405958,-13.3656084492,44.1299861719,44.1299861719,17.5203915731
1612,1,0,positive,0.182207180282,-0.107491405958,-0.0133932066715,182.207180282,-107.491405958,-13.3932066715,44.1148080443,44.1148080443,17.4927933508
1613,0,0,positive,0.182207180282,-0.107491405958,-0.0133932066715,182.207180282,-107.491405958,-13.3932066715,44.1148080443,44.1148080443,17.4927933508
1613,1,0,positive,0.181968544142,-0.107491405958,-0.0137898208428,181.968544142,-107.491405958,-13.7898208428,43.8761719052,43.8761719052,17.0961791795
1614,0,0,positive,0.181645293632,-0.107491405958,-0.0143328216166,181.645293632,-107.491405958,-14.3328216166,43.5529213947,43.5529213947,16.5531784057
1614,1,0,positive,0.181681672986,-0.107491405958,-0.0142616788353,181.681672986,-107.491405958,-14.2616788353,43.5893007484,43.5893007484,16.624321187
1615,0,0,positive,0.181645293632,-0.107491405958,-0.0143328216166,181.645293632,-107.491405958,-14.3328216166,43.5529213947,43.5529213947,16.5531784057
1615,1,0,positive,0.181239292316,-0.107491405958,-0.015233543647,181.239292316,-107.491405958,-15.233543647,43.146920079,43.146920079,15.6524563752
1616,0,0,positive,0.182309626854,-0.107491405958,-0.0119983785758,182.309626854,-107.491405958,-11.9983785758,44.2172546166,44.2172546166,18.8876214465
1616,1,0,positive,0.182328000665,-0.107491405958,-0.0125453432504,182.328000665,-107.491405958,-12.5453432504,44.2356284275,44.2356284275,18.3406567719
1617,0,0,positive,0.182382288515,-0.107491405958,-0.0117782686453,182.382288515,-107.491405958,-11.7782686453,44.2899162776,44.2899162776,19.107731377
1617,1,0,positive,0.182309626854,-0.107491405958,-0.0119983785758,182.309626854,-107.491405958,-11.9983785758,44.2172546166,44.2172546166,18.8876214465
1618,0,0,positive,0.180483479496,-0.107491405958,-0.00552041876089,180.483479496,-107.491405958,-5.52041876089,42.3911072587,42.3911072587,25.3655812614
1618,1,0,positive,0.180243815096,-0.107491405958,-0.00592525616417,180.243815096,-107.491405958,-5.92525616417,42.1514428591,42.1514428591,24.9607438581
1619,0,0,positive,0.180087061941,-0.107491405958,-0.00616299139499,180.087061941,-107.491405958,-6.16299139499,41.9946897038,41.9946897038,24.7230086273
1619,1,0,positive,0.18007782901,-0.107491405958,-0.00618079591857,180.07782901,-107.491405958,-6.18079591857,41.9854567728,41.9854567728,24.7052041037
1620,0,0,positive,0.180087061941,-0.107491405958,-0.00616299139499,180.087061941,-107.491405958,-6.16299139499,41.9946897038,41.9946897038,24.7230086273
1620,1,0,positive,0.180243815096,-0.107491405958,-0.00592525616417,180.243815096,-107.491405958,-5.92525616417,42.1514428591,42.1514428591,24.9607438581
1621,0,0,positive,0.181363941105,-0.107491405958,-0.00397003239275,181.363941105,-107.491405958,-3.97003239275,43.2715688674,43.2715688674,26.9159676295
1621,1,0,positive,0.181364222235,-0.107491405958,-0.00396953098957,181.364222235,-107.491405958,-3.96953098957,43.2718499982,43.2718499982,26.9164690327
1622,0,0,positive,0.181363941105,-0.107491405958,-0.00397003239275,181.363941105,-107.491405958,-3.97003239275,43.2715688674,43.2715688674,26.9159676295
1622,1,0,positive,0.180791840692,-0.107491405958,-0.00490910065334,180.791840692,-107.491405958,-4.90910065334,42.6994684549,42.6994684549,25.976899369
1623,0,0,positive,0.180694070639,-0.107491405958,-0.00507460600288,180.694070639,-107.491405958,-5.07460600288,42.6016984017,42.6016984017,25.8113940194
1623,1,0,positive,0.180791840692,-0.107491405958,-0.00490910065334,180.791840692,-107.491405958,-4.90910065334,42.6994684549,42.6994684549,25.976899369
1624,0,0,positive,0.180665187772,-0.107491405958,-0.00513084884075,180.665187772,-107.491405958,-5.13084884075,42.5728155347,42.5728155347,25.7551511815
1624,1,0,positive,0.180483479496,-0.107491405958,-0.00552041876089,180.483479496,-107.491405958,-5.52041876089,42.3911072587,42.3911072587,25.3655812614
1625,0,0,positive,0.179658151039,-0.107491405958,-0.0069632047953,179.658151039,-107.491405958,-6.9632047953,41.5657788017,41.5657788017,23.922795227
1625,1,0,positive,0.179695583024,-0.107491405958,-0.00691287853014,179.695583024,-107.491405958,-6.91287853014,41.6032107864,41.6032107864,23.9731214922
1626,0,0,positive,0.179658151039,-0.107491405958,-0.0069632047953,179.658151039,-107.491405958,-6.9632047953,41.5657788017,41.5657788017,23.922795227
1626,1,0,positive,0.179156701487,-0.107491405958,-0.00753132870682,179.156701487,-107.491405958,-7.53132870682,41.06432925,41.06432925,23.3546713155
1627,0,0,positive,0.179695583024,-0.107491405958,-0.00691287853014,179.695583024,-107.491405958,-6.91287853014,41.6032107864,41.6032107864,23.9731214922
1627,1,0,positive,0.17970669784,-0.107491405958,-0.00689281944799,179.70669784,-107.491405958,-6.89281944799,41.6143256031,41.6143256031,23.9931805743
1628,0,0,positive,0.17970669784,-0.107491405958,-0.00689281944799,179.70669784,-107.491405958,-6.89281944799,41.6143256031,41.6143256031,23.9931805743
1628,1,0,positive,0.18007782901,-0.107491405958,-0.00618079591857,180.07782901,-107.491405958,-6.18079591857,41.9854567728,41.9854567728,24.7052041037
1629,0,0,positive,0.180665187772,-0.107491405958,-0.00513084884075,180.665187772,-107.491405958,-5.13084884075,42.5728155347,42.5728155347,25.7551511815
1629,1,0,positive,0.180694070639,-0.107491405958,-0.00507460600288,180.694070639,-107.491405958,-5.07460600288,42.6016984017,42.6016984017,25.8113940194
1630,0,0,positive,0.182170049357,-0.107491405958,-0.00235012592264,182.170049357,-107.491405958,-2.35012592264,44.0776771198,44.0776771198,28.5358740996
1630,1,0,positive,0.182025490958,-0.107491405958,-0.00263215178875,182.025490958,-107.491405958,-2.63215178875,43.9331187212,43.9331187212,28.2538482335
1631,0,0,positive,0.181938863533,-0.107491405958,-0.00282590127713,181.938863533,-107.491405958,-2.82590127713,43.8464912954,43.8464912954,28.0600987452
1631,1,0,positive,0.181364222235,-0.107491405958,-0.00396953098957,181.364222235,-107.491405958,-3.96953098957,43.2718499982,43.2718499982,26.9164690327
1632,0,0,positive,0.181938863533,-0.107491405958,-0.00282590127713,181.938863533,-107.491405958,-2.82590127713,43.8464912954,43.8464912954,28.0600987452
1632,1,0,positive,0.182025490958,-0.107491405958,-0.00263215178875,182.025490958,-107.491405958,-2.63215178875,43.9331187212,43.9331187212,28.2538482335
1633,0,0,positive,0.182170049357,-0.107491405958,-0.00235012592264,182.170049357,-107.491405958,-2.35012592264,44.0776771198,44.0776771198,28.5358740996
1633,1,0,positive,0.182446808133,-0.107491405958,-0.00207448991186,182.446808133,-107.491405958,-2.07448991186,44.3544358954,44.3544358954,28.8115101104
1634,0,0,positive,0.182523220433,-0.107491405958,-0.00191635201269,182.523220433,-107.491405958,-1.91635201269,44.4308481955,44.4308481955,28.9696480096
1634,1,0,positive,0.182446808133,-0.107491405958,-0.00207448991186,182.446808133,-107.491405958,-2.07448991186,44.3544358954,44.3544358954,28.8115101104
1635,0,0,positive,0.182864607631,-0.107491405958,-0.0011009939952,182.864607631,-107.491405958,-1.1009939952,44.7722353939,44.7722353939,29.7850060271
1635,1,0,positive,0.182783139534,-0.107491405958,-0.00123730988062,182.783139534,-107.491405958,-1.23730988062,44.690767297,44.690767297,29.6486901417
1636,0,0,positive,0.182523220433,-0.107491405958,-0.00191635201269,182.523220433,-107.491405958,-1.91635201269,44.4308481955,44.4308481955,28.9696480096
1636,1,0,positive,0.182783139534,-0.107491405958,-0.00123730988062,182.783139534,-107.491405958,-1.23730988062,44.690767297,44.690767297,29.6486901417
1637,0,0,positive,0.182864607631,-0.107491405958,-0.0011009939952,182.864607631,-107.491405958,-1.1009939952,44.7722353939,44.7722353939,29.7850060271
1637,1,0,positive,0.183291989734,-0.107491405958,-0.000565146971089,183.291989734,-107.491405958,-0.565146971089,45.1996174968,45.1996174968,30.3208530512
1638,0,0,positive,0.180324561099,-0.107491405958,-0.0169945878034,180.324561099,-107.491405958,-16.9945878034,42.2321888622,42.2321888622,13.8914122189
1638,1,0,positive,0.180360858726,-0.107491405958,-0.0169239625324,180.360858726,-107.491405958,-16.9239625324,42.2684864884,42.2684864884,13.9620374899
1639,0,0,positive,0.180360858726,-0.107491405958,-0.0169239625324,180.360858726,-107.491405958,-16.9239625324,42.2684864884,42.2684864884,13.9620374899
1639,1,0,positive,0.1804353669,-0.107491405958,-0.016784239942,180.4353669,-107.491405958,-16.784239942,42.3429946629,42.3429946629,14.1017600803
1640,0,0,positive,0.176033439564,-0.107491405958,-0.0134122917526,176.033439564,-107.491405958,-13.4122917526,37.9410673264,37.9410673264,17.4737082696
1640,1,0,positive,0.176019237464,-0.107491405958,-0.013447607693,176.019237464,-107.491405958,-13.447607693,37.9268652264,37.9268652264,17.4383923293
1641,0,0,positive,0.176065319445,-0.107491405958,-0.0133499256033,176.065319445,-107.491405958,-13.3499256033,37.9729472074,37.9729472074,17.536074419
1641,1,0,positive,0.176033439564,-0.107491405958,-0.0134122917526,176.033439564,-107.491405958,-13.4122917526,37.9410673264,37.9410673264,17.4737082696
1642,0,0,positive,0.177600398847,-0.107491405958,-0.0108028695245,177.600398847,-107.491405958,-10.8028695245,39.5080266095,39.5080266095,20.0831304978
1642,1,0,positive,0.177563533939,-0.107491405958,-0.0108753135633,177.563533939,-107.491405958,-10.8753135633,39.4711617014,39.4711617014,20.010686459
1643,0,0,positive,0.177654640887,-0.107491405958,-0.0106858042785,177.654640887,-107.491405958,-10.6858042785,39.5622686495,39.5622686495,20.2001957438
1643,1,0,positive,0.177600398847,-0.107491405958,-0.0108028695245,177.600398847,-107.491405958,-10.8028695245,39.5080266095,39.5080266095,20.0831304978
1644,0,0,positive,0.177159037321,-0.107491405958,-0.0116783110517,177.159037321,-107.491405958,-11.6783110517,39.0666650842,39.0666650842,19.2076889706
1644,1,0,positive,0.177448777552,-0.107491405958,-0.0111821752216,177.448777552,-107.491405958,-11.1821752216,39.3564053146,39.3564053146,19.7038248007
1645,0,0,positive,0.177448777552,-0.107491405958,-0.0111821752216,177.448777552,-107.491405958,-11.1821752216,39.3564053146,39.3564053146,19.7038248007
1645,1,0,positive,0.177563533939,-0.107491405958,-0.0108753135633,177.563533939,-107.491405958,-10.8753135633,39.4711617014,39.4711617014,20.010686459
1646,0,0,positive,0.177103465108,-0.107491405958,-0.0117539026755,177.103465108,-107.491405958,-11.7539026755,39.0110928711,39.0110928711,19.1320973468
1646,1,0,positive,0.177022126885,-0.107491405958,-0.0119003596748,177.022126885,-107.491405958,-11.9003596748,38.9297546474,38.9297546474,18.9856403475
1647,0,0,positive,0.177022126885,-0.107491405958,-0.0119003596748,177.022126885,-107.491405958,-11.9003596748,38.9297546474,38.9297546474,18.9856403475
1647,1,0,positive,0.176817266835,-0.107491405958,-0.0121159324416,176.817266835,-107.491405958,-12.1159324416,38.7248945973,38.7248945973,18.7700675807
1648,0,0,positive,0.176065319445,-0.107491405958,-0.0133499256033,176.065319445,-107.491405958,-13.3499256033,37.9729472074,37.9729472074,17.536074419
1648,1,0,positive,0.176642224774,-0.107491405958,-0.0123549983812,176.642224774,-107.491405958,-12.3549983812,38.5498525371,38.5498525371,18.5310016411
1649,0,0,positive,0.176642224774,-0.107491405958,-0.0123549983812,176.642224774,-107.491405958,-12.3549983812,38.5498525371,38.5498525371,18.5310016411
1649,1,0,positive,0.176817266835,-0.107491405958,-0.0121159324416,176.817266835,-107.491405958,-12.1159324416,38.7248945973,38.7248945973,18.7700675807
1650,0,0,positive,0.177159037321,-0.107491405958,-0.0116783110517,177.159037321,-107.491405958,-11.6783110517,39.0666650842,39.0666650842,19.2076889706
1650,1,0,positive,0.177103465108,-0.107491405958,-0.0117539026755,177.103465108,-107.491405958,-11.7539026755,39.0110928711,39.0110928711,19.1320973468
1651,0,0,positive,0.178171153038,-0.107491405958,-0.00892275398461,178.171153038,-107.491405958,-8.92275398461,40.0787808012,40.0787808012,21.9632460377
1651,1,0,positive,0.178160339621,-0.107491405958,-0.00895274052645,178.160339621,-107.491405958,-8.95274052645,40.0679673839,40.0679673839,21.9332594958
1652,0,0,positive,0.177962348604,-0.107491405958,-0.0099364147957,177.962348604,-107.491405958,-9.9364147957,39.8699763667,39.8699763667,20.9495852266
1652,1,0,positive,0.178160339621,-0.107491405958,-0.00895274052645,178.160339621,-107.491405958,-8.95274052645,40.0679673839,40.0679673839,21.9332594958
1653,0,0,positive,0.178195508224,-0.107491405958,-0.00888533820544,178.195508224,-107.491405958,-8.88533820544,40.1031359867,40.1031359867,22.0006618169
1653,1,0,positive,0.178460761412,-0.107491405958,-0.00864126218081,178.460761412,-107.491405958,-8.64126218081,40.3683891749,40.3683891749,22.2447378415
1654,0,0,positive,0.178631711868,-0.107491405958,-0.00841597991326,178.631711868,-107.491405958,-8.41597991326,40.5393396309,40.5393396309,22.470020109
1654,1,0,positive,0.178460761412,-0.107491405958,-0.00864126218081,178.460761412,-107.491405958,-8.64126218081,40.3683891749,40.3683891749,22.2447378415
1655,0,0,positive,0.178195508224,-0.107491405958,-0.00888533820544,178.195508224,-107.491405958,-8.88533820544,40.1031359867,40.1031359867,22.0006618169
1655,1,0,positive,0.178188944382,-0.107491405958,-0.00888136306714,178.188944382,-107.491405958,-8.88136306714,40.0965721451,40.0965721451,22.0046369552
1656,0,0,positive,0.178188944382,-0.107491405958,-0.00888136306714,178.188944382,-107.491405958,-8.88136306714,40.0965721451,40.0965721451,22.0046369552
1656,1,0,positive,0.178171153038,-0.107491405958,-0.00892275398461,178.171153038,-107.491405958,-8.92275398461,40.0787808012,40.0787808012,21.9632460377
1657,0,0,positive,0.177654640887,-0.107491405958,-0.0106858042785,177.654640887,-107.491405958,-10.6858042785,39.5622686495,39.5622686495,20.2001957438
1657,1,0,positive,0.177962348604,-0.107491405958,-0.0099364147957,177.962348604,-107.491405958,-9.9364147957,39.8699763667,39.8699763667,20.9495852266
1658,0,0,positive,0.175727118473,-0.107491405958,-0.0140850179331,175.727118473,-107.491405958,-14.0850179331,37.6347462355,37.6347462355,16.8009820891
1658,1,0,positive,0.175454166203,-0.107491405958,-0.0145436715346,175.454166203,-107.491405958,-14.5436715346,37.3617939657,37.3617939657,16.3423284877
1659,0,0,positive,0.175263120365,-0.107491405958,-0.0148260714881,175.263120365,-107.491405958,-14.8260714881,37.1707481276,37.1707481276,16.0599285342
1659,1,0,positive,0.175454166203,-0.107491405958,-0.0145436715346,175.454166203,-107.491405958,-14.5436715346,37.3617939657,37.3617939657,16.3423284877
1660,0,0,positive,0.175727118473,-0.107491405958,-0.0140850179331,175.727118473,-107.491405958,-14.0850179331,37.6347462355,37.6347462355,16.8009820891
1660,1,0,positive,0.176019237464,-0.107491405958,-0.013447607693,176.019237464,-107.491405958,-13.447607693,37.9268652264,37.9268652264,17.4383923293
1661,0,0,positive,0.174836533846,-0.107491405958,-0.0152298282625,174.836533846,-107.491405958,-15.2298282625,36.7441616084,36.7441616084,15.6561717598
1661,1,0,positive,0.174608079552,-0.107491405958,-0.0155904474962,174.608079552,-107.491405958,-15.5904474962,36.5157073147,36.5157073147,15.2955525261
1662,0,0,positive,0.174836533846,-0.107491405958,-0.0152298282625,174.836533846,-107.491405958,-15.2298282625,36.7441616084,36.7441616084,15.6561717598
1662,1,0,positive,0.17497799911,-0.107491405958,-0.0150855366461,174.97799911,-107.491405958,-15.0855366461,36.8856268724,36.8856268724,15.8004633762
1663,0,0,positive,0.173794505546,-0.107491405958,-0.0174015974067,173.794505546,-107.491405958,-17.4015974067,35.7021333085,35.7021333085,13.4844026156
1663,1,0,positive,0.174061606365,-0.107491405958,-0.01682901104,174.061606365,-107.491405958,-16.82901104,35.9692341278,35.9692341278,14.0569889823
1664,0,0,positive,0.174339389541,-0.107491405958,-0.0161136227886,174.339389541,-107.491405958,-16.1136227886,36.2470173038,36.2470173038,14.7723772337
1664,1,0,positive,0.174061606365,-0.107491405958,-0.01682901104,174.061606365,-107.491405958,-16.82901104,35.9692341278,35.9692341278,14.0569889823
1665,0,0,positive,0.174339389541,-0.107491405958,-0.0161136227886,174.339389541,-107.491405958,-16.1136227886,36.2470173038,36.2470173038,14.7723772337
1665,1,0,positive,0.17451877373,-0.107491405958,-0.015743149621,174.51877373,-107.491405958,-15.743149621,36.4264014929,36.4264014929,15.1428504012
1666,0,0,positive,0.17451877373,-0.107491405958,-0.015743149621,174.51877373,-107.491405958,-15.743149621,36.4264014929,36.4264014929,15.1428504012
1666,1,0,positive,0.174608079552,-0.107491405958,-0.0155904474962,174.608079552,-107.491405958,-15.5904474962,36.5157073147,36.5157073147,15.2955525261
1667,0,0,positive,0.173794505546,-0.107491405958,-0.0174015974067,173.794505546,-107.491405958,-17.4015974067,35.7021333085,35.7021333085,13.4844026156
1667,1,0,positive,0.173781869275,-0.107491405958,-0.0174325455623,173.781869275,-107.491405958,-17.4325455623,35.6894970374,35.6894970374,13.45345446
1668,0,0,positive,0.175263120365,-0.107491405958,-0.0148260714881,175.263120365,-107.491405958,-14.8260714881,37.1707481276,37.1707481276,16.0599285342
1668,1,0,positive,0.17497799911,-0.107491405958,-0.0150855366461,174.97799911,-107.491405958,-15.0855366461,36.8856268724,36.8856268724,15.8004633762
1669,0,0,positive,0.179085785233,-0.107491405958,-0.00765442056798,179.085785233,-107.491405958,-7.65442056798,40.993412996,40.993412996,23.2315794543
1669,1,0,positive,0.178924892659,-0.107491405958,-0.0078778265296,178.924892659,-107.491405958,-7.8778265296,40.8325204217,40.8325204217,23.0081734927
1670,0,0,positive,0.179156701487,-0.107491405958,-0.00753132870682,179.156701487,-107.491405958,-7.53132870682,41.06432925,41.06432925,23.3546713155
1670,1,0,positive,0.179085785233,-0.107491405958,-0.00765442056798,179.085785233,-107.491405958,-7.65442056798,40.993412996,40.993412996,23.2315794543
1671,0,0,positive,0.178631711868,-0.107491405958,-0.00841597991326,178.631711868,-107.491405958,-8.41597991326,40.5393396309,40.5393396309,22.470020109
1671,1,0,positive,0.178924892659,-0.107491405958,-0.0078778265296,178.924892659,-107.491405958,-7.8778265296,40.8325204217,40.8325204217,23.0081734927
1672,0,0,positive,0.179768052398,-0.107491405958,-0.0180057190522,179.768052398,-107.491405958,-18.0057190522,41.6756801612,41.6756801612,12.8802809701
1672,1,0,positive,0.179561899494,-0.107491405958,-0.018289189012,179.561899494,-107.491405958,-18.289189012,41.4695272563,41.4695272563,12.5968110103
1673,0,0,positive,0.1788443411,-0.107491405958,-0.0195930347384,178.8443411,-107.491405958,-19.5930347384,40.7519688633,40.7519688633,11.2929652839
1673,1,0,positive,0.178695531315,-0.107491405958,-0.0198336611229,178.695531315,-107.491405958,-19.8336611229,40.6031590783,40.6031590783,11.0523388994
1674,0,0,positive,0.179019093052,-0.107491405958,-0.0192963723768,179.019093052,-107.491405958,-19.2963723768,40.9267208153,40.9267208153,11.5896276455
1674,1,0,positive,0.179561899494,-0.107491405958,-0.018289189012,179.561899494,-107.491405958,-18.289189012,41.4695272563,41.4695272563,12.5968110103
1675,0,0,positive,0.179019093052,-0.107491405958,-0.0192963723768,179.019093052,-107.491405958,-19.2963723768,40.9267208153,40.9267208153,11.5896276455
1675,1,0,positive,0.1788443411,-0.107491405958,-0.0195930347384,178.8443411,-107.491405958,-19.5930347384,40.7519688633,40.7519688633,11.2929652839
1676,0,0,positive,0.173566353898,-0.107491405958,-0.0275660255411,173.566353898,-107.491405958,-27.5660255411,35.4739816604,35.4739816604,3.31997448124
1676,1,0,positive,0.1738932787,-0.107491405958,-0.0272025144567,173.8932787,-107.491405958,-27.2025144567,35.8009064625,35.8009064625,3.68348556563
1677,0,0,positive,0.174213950558,-0.107491405958,-0.0268606855177,174.213950558,-107.491405958,-26.8606855177,36.1215783205,36.1215783205,4.02531450459
1677,1,0,positive,0.1738932787,-0.107491405958,-0.0272025144567,173.8932787,-107.491405958,-27.2025144567,35.8009064625,35.8009064625,3.68348556563
1678,0,0,positive,0.173339385594,-0.107491405958,-0.0277690265103,173.339385594,-107.491405958,-27.7690265103,35.247013357,35.247013357,3.11697351195
1678,1,0,positive,0.173566353898,-0.107491405958,-0.0275660255411,173.566353898,-107.491405958,-27.5660255411,35.4739816604,35.4739816604,3.31997448124
1679,0,0,positive,0.171916985086,-0.107491405958,-0.0289150552964,171.916985086,-107.491405958,-28.9150552964,33.8246128485,33.8246128485,1.97094472585
1679,1,0,positive,0.172882981048,-0.107491405958,-0.0281907981688,172.882981048,-107.491405958,-28.1907981688,34.7906088112,34.7906088112,2.6952018535
1680,0,0,positive,0.173339385594,-0.107491405958,-0.0277690265103,173.339385594,-107.491405958,-27.7690265103,35.247013357,35.247013357,3.11697351195
1680,1,0,positive,0.172882981048,-0.107491405958,-0.0281907981688,172.882981048,-107.491405958,-28.1907981688,34.7906088112,34.7906088112,2.6952018535
1681,0,0,positive,0.171887627671,-0.107491405958,-0.0289349988357,171.887627671,-107.491405958,-28.9349988357,33.7952554342,33.7952554342,1.95100118655
1681,1,0,positive,0.171821760487,-0.107491405958,-0.0289783118702,171.821760487,-107.491405958,-28.9783118702,33.7293882494,33.7293882494,1.90768815206
1682,0,0,positive,0.171916985086,-0.107491405958,-0.0289150552964,171.916985086,-107.491405958,-28.9150552964,33.8246128485,33.8246128485,1.97094472585
1682,1,0,positive,0.171887627671,-0.107491405958,-0.0289349988357,171.887627671,-107.491405958,-28.9349988357,33.7952554342,33.7952554342,1.95100118655
1683,0,0,positive,0.170033651755,-0.107491405958,-0.0299444342694,170.033651755,-107.491405958,-29.9444342694,31.9412795178,31.9412795178,0.941565752937
1683,1,0,positive,0.170306672813,-0.107491405958,-0.0297958785177,170.306672813,-107.491405958,-29.7958785177,32.2143005761,32.2143005761,1.09012150456
1684,0,0,positive,0.169857055902,-0.107491405958,-0.030008708852,169.857055902,-107.491405958,-30.008708852,31.7646836651,31.7646836651,0.877291170327
1684,1,0,positive,0.170033651755,-0.107491405958,-0.0299444342694,170.033651755,-107.491405958,-29.9444342694,31.9412795178,31.9412795178,0.941565752937
1685,0,0,positive,0.170964051397,-0.107491405958,-0.0295019029506,170.964051397,-107.491405958,-29.5019029506,32.8716791596,32.8716791596,1.38409707173
1685,1,0,positive,0.170306672813,-0.107491405958,-0.0297958785177,170.306672813,-107.491405958,-29.7958785177,32.2143005761,32.2143005761,1.09012150456
1686,0,0,positive,0.169301947532,-0.107491405958,-0.0301481973566,169.301947532,-107.491405958,-30.1481973566,31.2095752952,31.2095752952,0.737802665665
1686,1,0,positive,0.16908712113,-0.107491405958,-0.0302078329168,169.08712113,-107.491405958,-30.2078329168,30.9947488927,30.9947488927,0.678167105473
1687,0,0,positive,0.169301947532,-0.107491405958,-0.0301481973566,169.301947532,-107.491405958,-30.1481973566,31.2095752952,31.2095752952,0.737802665665
1687,1,0,positive,0.169857055902,-0.107491405958,-0.030008708852,169.857055902,-107.491405958,-30.008708852,31.7646836651,31.7646836651,0.877291170327
1688,0,0,positive,0.170964051397,-0.107491405958,-0.0295019029506,170.964051397,-107.491405958,-29.5019029506,32.8716791596,32.8716791596,1.38409707173
1688,1,0,positive,0.171821760487,-0.107491405958,-0.0289783118702,171.821760487,-107.491405958,-28.9783118702,33.7293882494,33.7293882494,1.90768815206
1689,0,0,positive,0.175937180383,-0.107491405958,-0.0242920161666,175.937180383,-107.491405958,-24.2920161666,37.8448081454,37.8448081454,6.59398385573
1689,1,0,positive,0.176384384274,-0.107491405958,-0.0236254214105,176.384384274,-107.491405958,-23.6254214105,38.2920120368,38.2920120368,7.26057861183
1690,0,0,positive,0.175937180383,-0.107491405958,-0.0242920161666,175.937180383,-107.491405958,-24.2920161666,37.8448081454,37.8448081454,6.59398385573
1690,1,0,positive,0.175309600755,-0.107491405958,-0.02524163598,175.309600755,-107.491405958,-25.24163598,37.2172285182,37.2172285182,5.64436404234
1691,0,0,positive,0.176384384274,-0.107491405958,-0.0236254214105,176.384384274,-107.491405958,-23.6254214105,38.2920120368,38.2920120368,7.26057861183
1691,1,0,positive,0.176609891288,-0.107491405958,-0.0232514400188,176.609891288,-107.491405958,-23.2514400188,38.5175190508,38.5175190508,7.63456000346
1692,0,0,positive,0.17494075389,-0.107491405958,-0.0258288710354,174.94075389,-107.491405958,-25.8288710354,36.8483816531,36.8483816531,5.05712898688
1692,1,0,positive,0.175129351689,-0.107491405958,-0.0255498322403,175.129351689,-107.491405958,-25.5498322403,37.0369794519,37.0369794519,5.336167782
1693,0,0,positive,0.175129351689,-0.107491405958,-0.0255498322403,175.129351689,-107.491405958,-25.5498322403,37.0369794519,37.0369794519,5.336167782
1693,1,0,positive,0.175309600755,-0.107491405958,-0.02524163598,175.309600755,-107.491405958,-25.24163598,37.2172285182,37.2172285182,5.64436404234
1694,0,0,positive,0.180186906908,-0.107491405958,-0.0172291226755,180.186906908,-107.491405958,-17.2291226755,42.0945346711,42.0945346711,13.6568773468
1694,1,0,positive,0.180324561099,-0.107491405958,-0.0169945878034,180.324561099,-107.491405958,-16.9945878034,42.2321888622,42.2321888622,13.8914122189
1695,0,0,positive,0.180186906908,-0.107491405958,-0.0172291226755,180.186906908,-107.491405958,-17.2291226755,42.0945346711,42.0945346711,13.6568773468
1695,1,0,positive,0.179768052398,-0.107491405958,-0.0180057190522,179.768052398,-107.491405958,-18.0057190522,41.6756801612,41.6756801612,12.8802809701
1696,0,0,positive,0.177598761671,-0.107491405958,-0.0215521454791,177.598761671,-107.491405958,-21.5521454791,39.5063894341,39.5063894341,9.33385454322
1696,1,0,positive,0.176609891288,-0.107491405958,-0.0232514400188,176.609891288,-107.491405958,-23.2514400188,38.5175190508,38.5175190508,7.63456000346
1697,0,0,positive,0.177598761671,-0.107491405958,-0.0215521454791,177.598761671,-107.491405958,-21.5521454791,39.5063894341,39.5063894341,9.33385454322
1697,1,0,positive,0.177741191905,-0.107491405958,-0.0212933839245,177.741191905,-107.491405958,-21.2933839245,39.6488196677,39.6488196677,9.59261609783
1698,0,0,positive,0.178211847011,-0.107491405958,-0.0205192879926,178.211847011,-107.491405958,-20.5192879926,40.1194747739,40.1194747739,10.3667120297
1698,1,0,positive,0.178520565411,-0.107491405958,-0.0200889241535,178.520565411,-107.491405958,-20.0889241535,40.4281931736,40.4281931736,10.7970758688
1699,0,0,positive,0.178211847011,-0.107491405958,-0.0205192879926,178.211847011,-107.491405958,-20.5192879926,40.1194747739,40.1194747739,10.3667120297
1699,1,0,positive,0.178207712558,-0.107491405958,-0.0205258260673,178.207712558,-107.491405958,-20.5258260673,40.1153403213,40.1153403213,10.360173955
1700,0,0,positive,0.177741191905,-0.107491405958,-0.0212933839245,177.741191905,-107.491405958,-21.2933839245,39.6488196677,39.6488196677,9.59261609783
1700,1,0,positive,0.178207712558,-0.107491405958,-0.0205258260673,178.207712558,-107.491405958,-20.5258260673,40.1153403213,40.1153403213,10.360173955
1701,0,0,positive,0.178520565411,-0.107491405958,-0.0200889241535,178.520565411,-107.491405958,-20.0889241535,40.4281931736,40.4281931736,10.7970758688
1701,1,0,positive,0.178695531315,-0.107491405958,-0.0198336611229,178.695531315,-107.491405958,-19.8336611229,40.6031590783,40.6031590783,11.0523388994
1702,0,0,positive,0.174450727793,-0.107491405958,-0.0265179604689,174.450727793,-107.491405958,-26.5179604689,36.3583555558,36.3583555558,4.36803955338
1702,1,0,positive,0.174291985802,-0.107491405958,-0.0267571632701,174.291985802,-107.491405958,-26.7571632701,36.1996135652,36.1996135652,4.12883675221
1703,0,0,positive,0.174450727793,-0.107491405958,-0.0265179604689,174.450727793,-107.491405958,-26.5179604689,36.3583555558,36.3583555558,4.36803955338
1703,1,0,positive,0.17494075389,-0.107491405958,-0.0258288710354,174.94075389,-107.491405958,-25.8288710354,36.8483816531,36.8483816531,5.05712898688
1704,0,0,positive,0.174291985802,-0.107491405958,-0.0267571632701,174.291985802,-107.491405958,-26.7571632701,36.1996135652,36.1996135652,4.12883675221
1704,1,0,positive,0.174213950558,-0.107491405958,-0.0268606855177,174.213950558,-107.491405958,-26.8606855177,36.1215783205,36.1215783205,4.02531450459
1705,0,0,positive,0.170788496091,-0.107491405958,-0.0227579403503,170.788496091,-107.491405958,-22.7579403503,32.6961238543,32.6961238543,8.12805967203
1705,1,0,positive,0.170971273196,-0.107491405958,-0.0225014882301,170.971273196,-107.491405958,-22.5014882301,32.878900959,32.878900959,8.38451179224
1706,0,0,positive,0.170707816309,-0.107491405958,-0.0228240235603,170.707816309,-107.491405958,-22.8240235603,32.6154440723,32.6154440723,8.06197646201
1706,1,0,positive,0.170788496091,-0.107491405958,-0.0227579403503,170.788496091,-107.491405958,-22.7579403503,32.6961238543,32.6961238543,8.12805967203
1707,0,0,positive,0.172605878217,-0.107491405958,-0.0198750536414,172.605878217,-107.491405958,-19.8750536414,34.5135059797,34.5135059797,11.0109463809
1707,1,0,positive,0.17249959425,-0.107491405958,-0.02000560402,172.49959425,-107.491405958,-20.00560402,34.4072220131,34.4072220131,10.8803960023
1708,0,0,positive,0.172675274583,-0.107491405958,-0.0197519807707,172.675274583,-107.491405958,-19.7519807707,34.5829023461,34.5829023461,11.1340192516
1708,1,0,positive,0.172885394138,-0.107491405958,-0.0192290054841,172.885394138,-107.491405958,-19.2290054841,34.7930219009,34.7930219009,11.6569945382
1709,0,0,positive,0.173382236425,-0.107491405958,-0.0182178282122,173.382236425,-107.491405958,-18.2178282122,35.289864188,35.289864188,12.6681718101
1709,1,0,positive,0.173265135965,-0.107491405958,-0.0184879247962,173.265135965,-107.491405958,-18.4879247962,35.1727637276,35.1727637276,12.3980752261
1710,0,0,positive,0.172885394138,-0.107491405958,-0.0192290054841,172.885394138,-107.491405958,-19.2290054841,34.7930219009,34.7930219009,11.6569945382
1710,1,0,positive,0.173265135965,-0.107491405958,-0.0184879247962,173.265135965,-107.491405958,-18.4879247962,35.1727637276,35.1727637276,12.3980752261
1711,0,0,positive,0.172675274583,-0.107491405958,-0.0197519807707,172.675274583,-107.491405958,-19.7519807707,34.5829023461,34.5829023461,11.1340192516
1711,1,0,positive,0.172605878217,-0.107491405958,-0.0198750536414,172.605878217,-107.491405958,-19.8750536414,34.5135059797,34.5135059797,11.0109463809
1712,0,0,positive,0.173778538621,-0.107491405958,-0.0174411907889,173.778538621,-107.491405958,-17.4411907889,35.6861663833,35.6861663833,13.4448092333
1712,1,0,positive,0.173767126312,-0.107491405958,-0.0174612939023,173.767126312,-107.491405958,-17.4612939023,35.6747540749,35.6747540749,13.42470612
1713,0,0,positive,0.173781869275,-0.107491405958,-0.0174325455623,173.781869275,-107.491405958,-17.4325455623,35.6894970374,35.6894970374,13.45345446
1713,1,0,positive,0.173778538621,-0.107491405958,-0.0174411907889,173.778538621,-107.491405958,-17.4411907889,35.6861663833,35.6861663833,13.4448092333
1714,0,0,positive,0.173382236425,-0.107491405958,-0.0182178282122,173.382236425,-107.491405958,-18.2178282122,35.289864188,35.289864188,12.6681718101
1714,1,0,positive,0.173767126312,-0.107491405958,-0.0174612939023,173.767126312,-107.491405958,-17.4612939023,35.6747540749,35.6747540749,13.42470612
1715,0,0,positive,0.171370173174,-0.107491405958,-0.0219027800584,171.370173174,-107.491405958,-21.9027800584,33.2778009365,33.2778009365,8.98321996394
1715,1,0,positive,0.171663923471,-0.107491405958,-0.0214311949713,171.663923471,-107.491405958,-21.4311949713,33.5715512336,33.5715512336,9.45480505099
1716,0,0,positive,0.171663923471,-0.107491405958,-0.0214311949713,171.663923471,-107.491405958,-21.4311949713,33.5715512336,33.5715512336,9.45480505099
1716,1,0,positive,0.171741191706,-0.107491405958,-0.0211104810888,171.741191706,-107.491405958,-21.1104810888,33.6488194692,33.6488194692,9.77551893347
1717,0,0,positive,0.171911638061,-0.107491405958,-0.0208161342444,171.911638061,-107.491405958,-20.8161342444,33.8192658242,33.8192658242,10.0698657779
1717,1,0,positive,0.171741191706,-0.107491405958,-0.0211104810888,171.741191706,-107.491405958,-21.1104810888,33.6488194692,33.6488194692,9.77551893347
1718,0,0,positive,0.172151270137,-0.107491405958,-0.0204643003379,172.151270137,-107.491405958,-20.4643003379,34.0588978996,34.0588978996,10.4216996844
1718,1,0,positive,0.17249959425,-0.107491405958,-0.02000560402,172.49959425,-107.491405958,-20.00560402,34.4072220131,34.4072220131,10.8803960023
1719,0,0,positive,0.171911638061,-0.107491405958,-0.0208161342444,171.911638061,-107.491405958,-20.8161342444,33.8192658242,33.8192658242,10.0698657779
1719,1,0,positive,0.172151270137,-0.107491405958,-0.0204643003379,172.151270137,-107.491405958,-20.4643003379,34.0588978996,34.0588978996,10.4216996844
1720,0,0,positive,0.171216206684,-0.107491405958,-0.0221886939034,171.216206684,-107.491405958,-22.1886939034,33.1238344466,33.1238344466,8.69730611886
1720,1,0,positive,0.170971273196,-0.107491405958,-0.0225014882301,170.971273196,-107.491405958,-22.5014882301,32.878900959,32.878900959,8.38451179224
1721,0,0,positive,0.169509134073,-0.107491405958,-0.0235933021732,169.509134073,-107.491405958,-23.5933021732,31.4167618359,31.4167618359,7.29269784908
1721,1,0,positive,0.169781855946,-0.107491405958,-0.0233411128819,169.781855946,-107.491405958,-23.3411128819,31.6894837083,31.6894837083,7.54488714043
1722,0,0,positive,0.169509134073,-0.107491405958,-0.0235933021732,169.509134073,-107.491405958,-23.5933021732,31.4167618359,31.4167618359,7.29269784908
1722,1,0,positive,0.169315897634,-0.107491405958,-0.023802393069,169.315897634,-107.491405958,-23.802393069,31.2235253964,31.2235253964,7.08360695326
1723,0,0,positive,0.170577056144,-0.107491405958,-0.0228895853602,170.577056144,-107.491405958,-22.8895853602,32.4846839069,32.4846839069,7.99641466208
1723,1,0,positive,0.17036348561,-0.107491405958,-0.0230586717377,170.36348561,-107.491405958,-23.0586717377,32.2711133733,32.2711133733,7.8273282846
1724,0,0,positive,0.17036348561,-0.107491405958,-0.0230586717377,170.36348561,-107.491405958,-23.0586717377,32.2711133733,32.2711133733,7.8273282846
1724,1,0,positive,0.170132761869,-0.107491405958,-0.0231626562013,170.132761869,-107.491405958,-23.1626562013,32.0403896318,32.0403896318,7.72334382103
1725,0,0,positive,0.170577056144,-0.107491405958,-0.0228895853602,170.577056144,-107.491405958,-22.8895853602,32.4846839069,32.4846839069,7.99641466208
1725,1,0,positive,0.170707816309,-0.107491405958,-0.0228240235603,170.707816309,-107.491405958,-22.8240235603,32.6154440723,32.6154440723,8.06197646201
1726,0,0,positive,0.169781855946,-0.107491405958,-0.0233411128819,169.781855946,-107.491405958,-23.3411128819,31.6894837083,31.6894837083,7.54488714043
1726,1,0,positive,0.170132761869,-0.107491405958,-0.0231626562013,170.132761869,-107.491405958,-23.1626562013,32.0403896318,32.0403896318,7.72334382103
1727,0,0,positive,0.171370173174,-0.107491405958,-0.0219027800584,171.370173174,-107.491405958,-21.9027800584,33.2778009365,33.2778009365,8.98321996394
1727,1,0,positive,0.171216206684,-0.107491405958,-0.0221886939034,171.216206684,-107.491405958,-22.1886939034,33.1238344466,33.1238344466,8.69730611886
1728,0,0,positive,0.16908712113,-0.107491405958,-0.0302078329168,169.08712113,-107.491405958,-30.2078329168,30.9947488927,30.9947488927,0.678167105473
1728,1,0,positive,0.168960253402,-0.107491405958,-0.0302280982265,168.960253402,-107.491405958,-30.2280982265,30.8678811652,30.8678811652,0.657901795819
1729,0,0,positive,0.168960253402,-0.107491405958,-0.0302280982265,168.960253402,-107.491405958,-30.2280982265,30.8678811652,30.8678811652,0.657901795819
1729,1,0,positive,0.167729710895,-0.107491405958,-0.0303564232311,167.729710895,-107.491405958,-30.3564232311,29.637338658,29.637338658,0.52957679115
1730,0,0,positive,0.167508406716,-0.107491405958,-0.0303795144128,167.508406716,-107.491405958,-30.3795144128,29.4160344789,29.4160344789,0.506485609528
1730,1,0,positive,0.167729710895,-0.107491405958,-0.0303564232311,167.729710895,-107.491405958,-30.3564232311,29.637338658,29.637338658,0.52957679115
1731,0,0,positive,0.167508406716,-0.107491405958,-0.0303795144128,167.508406716,-107.491405958,-30.3795144128,29.4160344789,29.4160344789,0.506485609528
1731,1,0,positive,0.166337878346,-0.107491405958,-0.0304288321547,166.337878346,-107.491405958,-30.4288321547,28.2455061085,28.2455061085,0.457167867615
1732,0,0,positive,0.166306897676,-0.107491405958,-0.0304310889231,166.306897676,-107.491405958,-30.4310889231,28.2145254392,28.2145254392,0.45491109922
1732,1,0,positive,0.166337878346,-0.107491405958,-0.0304288321547,166.337878346,-107.491405958,-30.4288321547,28.2455061085,28.2455061085,0.457167867615
1733,0,0,positive,0.166209015543,-0.107491405958,-0.0304430705106,166.209015543,-107.491405958,-30.4430705106,28.1166433058,28.1166433058,0.442929511645
1733,1,0,positive,0.166306897676,-0.107491405958,-0.0304310889231,166.306897676,-107.491405958,-30.4310889231,28.2145254392,28.2145254392,0.45491109922
1734,0,0,positive,0.165323128731,-0.107491405958,-0.0305545021584,165.323128731,-107.491405958,-30.5545021584,27.2307564936,27.2307564936,0.33149786391
1734,1,0,positive,0.165185526906,-0.107491405958,-0.0305691761967,165.185526906,-107.491405958,-30.5691761967,27.0931546683,27.0931546683,0.316823825597
1735,0,0,positive,0.166209015543,-0.107491405958,-0.0304430705106,166.209015543,-107.491405958,-30.4430705106,28.1166433058,28.1166433058,0.442929511645
1735,1,0,positive,0.165323128731,-0.107491405958,-0.0305545021584,165.323128731,-107.491405958,-30.5545021584,27.2307564936,27.2307564936,0.33149786391
1736,0,0,positive,0.163731169147,-0.107491405958,-0.0306588290942,163.731169147,-107.491405958,-30.6588290942,25.6387969096,25.6387969096,0.227170928126
1736,1,0,positive,0.165185526906,-0.107491405958,-0.0305691761967,165.185526906,-107.491405958,-30.5691761967,27.0931546683,27.0931546683,0.316823825597
1737,0,0,positive,0.163731169147,-0.107491405958,-0.0306588290942,163.731169147,-107.491405958,-30.6588290942,25.6387969096,25.6387969096,0.227170928126
1737,1,0,positive,0.163576890591,-0.107491405958,-0.0306691859671,163.576890591,-107.491405958,-30.6691859671,25.4845183534,25.4845183534,0.216814055214
1738,0,0,positive,0.163576890591,-0.107491405958,-0.0306691859671,163.576890591,-107.491405958,-30.6691859671,25.4845183534,25.4845183534,0.216814055214
1738,1,0,positive,0.163510630323,-0.107491405958,-0.0306715414396,163.510630323,-107.491405958,-30.6715414396,25.4182580858,25.4182580858,0.214458582663
1739,0,0,positive,0.163510630323,-0.107491405958,-0.0306715414396,163.510630323,-107.491405958,-30.6715414396,25.4182580858,25.4182580858,0.214458582663
1739,1,0,positive,0.163340721562,-0.107491405958,-0.0306814069637,163.340721562,-107.491405958,-30.6814069637,25.2483493246,25.2483493246,0.204593058567
1740,0,0,positive,0.167285699075,-0.107491405958,-0.0246568466761,167.285699075,-107.491405958,-24.6568466761,29.1933268374,29.1933268374,6.22915334619
1740,1,0,positive,0.168125955367,-0.107491405958,-0.0244563673172,168.125955367,-107.491405958,-24.4563673172,30.03358313,30.03358313,6.42963270508
1741,0,0,positive,0.168133648754,-0.107491405958,-0.024424212242,168.133648754,-107.491405958,-24.424212242,30.0412765171,30.0412765171,6.46178778026
1741,1,0,positive,0.168125955367,-0.107491405958,-0.0244563673172,168.125955367,-107.491405958,-24.4563673172,30.03358313,30.03358313,6.42963270508
1742,0,0,positive,0.168837528958,-0.107491405958,-0.0241625992067,168.837528958,-107.491405958,-24.1625992067,30.7451567212,30.7451567212,6.72340081556
1742,1,0,positive,0.169315897634,-0.107491405958,-0.023802393069,169.315897634,-107.491405958,-23.802393069,31.2235253964,31.2235253964,7.08360695326
1743,0,0,positive,0.168832324619,-0.107491405958,-0.0241654882952,168.832324619,-107.491405958,-24.1654882952,30.7399523821,30.7399523821,6.72051172711
1743,1,0,positive,0.168823554147,-0.107491405958,-0.0241680120962,168.823554147,-107.491405958,-24.1680120962,30.7311819095,30.7311819095,6.71798792606
1744,0,0,positive,0.168837528958,-0.107491405958,-0.0241625992067,168.837528958,-107.491405958,-24.1625992067,30.7451567212,30.7451567212,6.72340081556
1744,1,0,positive,0.168832324619,-0.107491405958,-0.0241654882952,168.832324619,-107.491405958,-24.1654882952,30.7399523821,30.7399523821,6.72051172711
1745,0,0,positive,0.168133648754,-0.107491405958,-0.024424212242,168.133648754,-107.491405958,-24.424212242,30.0412765171,30.0412765171,6.46178778026
1745,1,0,positive,0.168823554147,-0.107491405958,-0.0241680120962,168.823554147,-107.491405958,-24.1680120962,30.7311819095,30.7311819095,6.71798792606
1746,0,0,positive,0.167285699075,-0.107491405958,-0.0246568466761,167.285699075,-107.491405958,-24.6568466761,29.1933268374,29.1933268374,6.22915334619
1746,1,0,positive,0.16688522139,-0.107491405958,-0.0247182187428,166.88522139,-107.491405958,-24.7182187428,28.792849153,28.792849153,6.16778127952
1747,0,0,positive,0.16688522139,-0.107491405958,-0.0247182187428,166.88522139,-107.491405958,-24.7182187428,28.792849153,28.792849153,6.16778127952
1747,1,0,positive,0.166804108225,-0.107491405958,-0.0247240205974,166.804108225,-107.491405958,-24.7240205974,28.7117359878,28.7117359878,6.1619794249
1748,0,0,positive,0.166804108225,-0.107491405958,-0.0247240205974,166.804108225,-107.491405958,-24.7240205974,28.7117359878,28.7117359878,6.1619794249
1748,1,0,positive,0.166397419987,-0.107491405958,-0.0247103995719,166.397419987,-107.491405958,-24.7103995719,28.3050477501,28.3050477501,6.17560045035
1749,0,0,positive,0.166334283165,-0.107491405958,-0.0247089029499,166.334283165,-107.491405958,-24.7089029499,28.2419109283,28.2419109283,6.17709707242
1749,1,0,positive,0.166397419987,-0.107491405958,-0.0247103995719,166.397419987,-107.491405958,-24.7103995719,28.3050477501,28.3050477501,6.17560045035
1750,0,0,positive,0.166279220486,-0.107491405958,-0.0246903177461,166.279220486,-107.491405958,-24.6903177461,28.1868482492,28.1868482492,6.19568227618
1750,1,0,positive,0.166334283165,-0.107491405958,-0.0247089029499,166.334283165,-107.491405958,-24.7089029499,28.2419109283,28.2419109283,6.17709707242
1751,0,0,positive,0.16592437582,-0.107491405958,-0.0246863386465,165.92437582,-107.491405958,-24.6863386465,27.8320035828,27.8320035828,6.19966137576
1751,1,0,positive,0.165638014722,-0.107491405958,-0.0246692688081,165.638014722,-107.491405958,-24.6692688081,27.5456424846,27.5456424846,6.21673121415
1752,0,0,positive,0.165638014722,-0.107491405958,-0.0246692688081,165.638014722,-107.491405958,-24.6692688081,27.5456424846,27.5456424846,6.21673121415
1752,1,0,positive,0.165611423572,-0.107491405958,-0.0246594549629,165.611423572,-107.491405958,-24.6594549629,27.5190513343,27.5190513343,6.22654505935
1753,0,0,positive,0.166246888424,-0.107491405958,-0.0246872229438,166.246888424,-107.491405958,-24.6872229438,28.1545161872,28.1545161872,6.19877707853
1753,1,0,positive,0.166279220486,-0.107491405958,-0.0246903177461,166.279220486,-107.491405958,-24.6903177461,28.1868482492,28.1868482492,6.19568227618
1754,0,0,positive,0.16592437582,-0.107491405958,-0.0246863386465,165.92437582,-107.491405958,-24.6863386465,27.8320035828,27.8320035828,6.19966137576
1754,1,0,positive,0.166246888424,-0.107491405958,-0.0246872229438,166.246888424,-107.491405958,-24.6872229438,28.1545161872,28.1545161872,6.19877707853
1755,0,0,positive,0.165611423572,-0.107491405958,-0.0246594549629,165.611423572,-107.491405958,-24.6594549629,27.5190513343,27.5190513343,6.22654505935
1755,1,0,positive,0.165473947821,-0.107491405958,-0.024692266818,165.473947821,-107.491405958,-24.692266818,27.381575584,27.381575584,6.1937332043
1756,0,0,positive,0.164853802778,-0.107491405958,-0.0247777842648,164.853802778,-107.491405958,-24.7777842648,26.7614305409,26.7614305409,6.10821575751
1756,1,0,positive,0.165473947821,-0.107491405958,-0.024692266818,165.473947821,-107.491405958,-24.692266818,27.381575584,27.381575584,6.1937332043
1757,0,0,positive,0.164305542327,-0.107491405958,-0.0246998721765,164.305542327,-107.491405958,-24.6998721765,26.2131700901,26.2131700901,6.18612784578
1757,1,0,positive,0.164853802778,-0.107491405958,-0.0247777842648,164.853802778,-107.491405958,-24.7777842648,26.7614305409,26.7614305409,6.10821575751
1758,0,0,positive,0.164305542327,-0.107491405958,-0.0246998721765,164.305542327,-107.491405958,-24.6998721765,26.2131700901,26.2131700901,6.18612784578
1758,1,0,positive,0.164217934149,-0.107491405958,-0.0246890851091,164.217934149,-107.491405958,-24.6890851091,26.1255619118,26.1255619118,6.19691491322
1759,0,0,positive,0.163049055811,-0.107491405958,-0.0249465230944,163.049055811,-107.491405958,-24.9465230944,24.9566835743,24.9566835743,5.93947692787
1759,1,0,positive,0.163474997172,-0.107491405958,-0.0248311621328,163.474997172,-107.491405958,-24.8311621328,25.3826249347,25.3826249347,6.05483788953
1760,0,0,positive,0.164217934149,-0.107491405958,-0.0246890851091,164.217934149,-107.491405958,-24.6890851091,26.1255619118,26.1255619118,6.19691491322
1760,1,0,positive,0.164101325769,-0.107491405958,-0.0247153758598,164.101325769,-107.491405958,-24.7153758598,26.0089535318,26.0089535318,6.17062416253
1761,0,0,positive,0.163630609985,-0.107491405958,-0.0247862314853,163.630609985,-107.491405958,-24.7862314853,25.5382377478,25.5382377478,6.099768537
1761,1,0,positive,0.164101325769,-0.107491405958,-0.0247153758598,164.101325769,-107.491405958,-24.7153758598,26.0089535318,26.0089535318,6.17062416253
1762,0,0,positive,0.163474997172,-0.107491405958,-0.0248311621328,163.474997172,-107.491405958,-24.8311621328,25.3826249347,25.3826249347,6.05483788953
1762,1,0,positive,0.163630609985,-0.107491405958,-0.0247862314853,163.630609985,-107.491405958,-24.7862314853,25.5382377478,25.5382377478,6.099768537
1763,0,0,positive,0.162483152028,-0.107491405958,-0.0307051376893,162.483152028,-107.491405958,-30.7051376893,24.3907797907,24.3907797907,0.180862332943
1763,1,0,positive,0.163340721562,-0.107491405958,-0.0306814069637,163.340721562,-107.491405958,-30.6814069637,25.2483493246,25.2483493246,0.204593058567
1764,0,0,positive,0.161161314875,-0.107491405958,-0.0306523704778,161.161314875,-107.491405958,-30.6523704778,23.0689426376,23.0689426376,0.233629544507
1764,1,0,positive,0.161499077271,-0.107491405958,-0.0306537898604,161.499077271,-107.491405958,-30.6537898604,23.4067050341,23.4067050341,0.232210161917
1765,0,0,positive,0.162483152028,-0.107491405958,-0.0307051376893,162.483152028,-107.491405958,-30.7051376893,24.3907797907,24.3907797907,0.180862332943
1765,1,0,positive,0.161962659773,-0.107491405958,-0.0306735390919,161.962659773,-107.491405958,-30.6735390919,23.8702875354,23.8702875354,0.212460930367
1766,0,0,positive,0.161962659773,-0.107491405958,-0.0306735390919,161.962659773,-107.491405958,-30.6735390919,23.8702875354,23.8702875354,0.212460930367
1766,1,0,positive,0.161499077271,-0.107491405958,-0.0306537898604,161.499077271,-107.491405958,-30.6537898604,23.4067050341,23.4067050341,0.232210161917
1767,0,0,positive,0.161161314875,-0.107491405958,-0.0306523704778,161.161314875,-107.491405958,-30.6523704778,23.0689426376,23.0689426376,0.233629544507
1767,1,0,positive,0.160592043962,-0.107491405958,-0.0306647496878,160.592043962,-107.491405958,-30.6647496878,22.4996717253,22.4996717253,0.221250334482
1768,0,0,positive,0.16016284661,-0.107491405958,-0.0306630489053,160.16284661,-107.491405958,-30.6630489053,22.0704743731,22.0704743731,0.222951116952
1768,1,0,positive,0.160592043962,-0.107491405958,-0.0306647496878,160.592043962,-107.491405958,-30.6647496878,22.4996717253,22.4996717253,0.221250334482
1769,0,0,positive,0.159782648596,-0.107491405958,-0.0306725103438,159.782648596,-107.491405958,-30.6725103438,21.6902763588,21.6902763588,0.213489678533
1769,1,0,positive,0.16016284661,-0.107491405958,-0.0306630489053,160.16284661,-107.491405958,-30.6630489053,22.0704743731,22.0704743731,0.222951116952
1770,0,0,positive,0.159107323001,-0.107491405958,-0.0306696377006,159.107323001,-107.491405958,-30.6696377006,21.0149507638,21.0149507638,0.21636232173
1770,1,0,positive,0.158998679762,-0.107491405958,-0.0306714855928,158.998679762,-107.491405958,-30.6714855928,20.9063075248,20.9063075248,0.214514429449
1771,0,0,positive,0.158998679762,-0.107491405958,-0.0306714855928,158.998679762,-107.491405958,-30.6714855928,20.9063075248,20.9063075248,0.214514429449
1771,1,0,positive,0.158970116033,-0.107491405958,-0.0306708654678,158.970116033,-107.491405958,-30.6708654678,20.8777437961,20.8777437961,0.215134554514
1772,0,0,positive,0.157908071741,-0.107491405958,-0.0305981097694,157.908071741,-107.491405958,-30.5981097694,19.8156995035,19.8156995035,0.287890252843
1772,1,0,positive,0.158970116033,-0.107491405958,-0.0306708654678,158.970116033,-107.491405958,-30.6708654678,20.8777437961,20.8777437961,0.215134554514
1773,0,0,positive,0.159107323001,-0.107491405958,-0.0306696377006,159.107323001,-107.491405958,-30.6696377006,21.0149507638,21.0149507638,0.21636232173
1773,1,0,positive,0.159782648596,-0.107491405958,-0.0306725103438,159.782648596,-107.491405958,-30.6725103438,21.6902763588,21.6902763588,0.213489678533
1774,0,0,positive,0.157908071741,-0.107491405958,-0.0305981097694,157.908071741,-107.491405958,-30.5981097694,19.8156995035,19.8156995035,0.287890252843
1774,1,0,positive,0.157469527476,-0.107491405958,-0.0305800384474,157.469527476,-107.491405958,-30.5800384474,19.3771552384,19.3771552384,0.305961574937
1775,0,0,positive,0.163049055811,-0.107491405958,-0.0249465230944,163.049055811,-107.491405958,-24.9465230944,24.9566835743,24.9566835743,5.93947692787
1775,1,0,positive,0.162991297049,-0.107491405958,-0.024952095854,162.991297049,-107.491405958,-24.952095854,24.8989248118,24.8989248118,5.93390416826
1776,0,0,positive,0.162991297049,-0.107491405958,-0.024952095854,162.991297049,-107.491405958,-24.952095854,24.8989248118,24.8989248118,5.93390416826
1776,1,0,positive,0.16296424199,-0.107491405958,-0.0249640647857,162.96424199,-107.491405958,-24.9640647857,24.8718697529,24.8718697529,5.92193523657
1777,0,0,positive,0.16296424199,-0.107491405958,-0.0249640647857,162.96424199,-107.491405958,-24.9640647857,24.8718697529,24.8718697529,5.92193523657
1777,1,0,positive,0.16288024013,-0.107491405958,-0.0249891801855,162.88024013,-107.491405958,-24.9891801855,24.787867893,24.787867893,5.89681983677
1778,0,0,positive,0.162159524766,-0.107491405958,-0.0252402519573,162.159524766,-107.491405958,-25.2402519573,24.0671525292,24.0671525292,5.64574806501
1778,1,0,positive,0.162546745247,-0.107491405958,-0.0251082110781,162.546745247,-107.491405958,-25.1082110781,24.45437301,24.45437301,5.77778894415
1779,0,0,positive,0.162546745247,-0.107491405958,-0.0251082110781,162.546745247,-107.491405958,-25.1082110781,24.45437301,24.45437301,5.77778894415
1779,1,0,positive,0.16288024013,-0.107491405958,-0.0249891801855,162.88024013,-107.491405958,-24.9891801855,24.787867893,24.787867893,5.89681983677
1780,0,0,positive,0.162159524766,-0.107491405958,-0.0252402519573,162.159524766,-107.491405958,-25.2402519573,24.0671525292,24.0671525292,5.64574806501
1780,1,0,positive,0.162103058777,-0.107491405958,-0.0252473985914,162.103058777,-107.491405958,-25.2473985914,24.0106865393,24.0106865393,5.63860143085
1781,0,0,positive,0.161843760969,-0.107491405958,-0.0252735696202,161.843760969,-107.491405958,-25.2735696202,23.7513887321,23.7513887321,5.61243040208
1781,1,0,positive,0.162103058777,-0.107491405958,-0.0252473985914,162.103058777,-107.491405958,-25.2473985914,24.0106865393,24.0106865393,5.63860143085
1782,0,0,positive,0.161446607696,-0.107491405958,-0.0251089821577,161.446607696,-107.491405958,-25.1089821577,23.3542354585,23.3542354585,5.77701786464
1782,1,0,positive,0.161733272757,-0.107491405958,-0.0252412264275,161.733272757,-107.491405958,-25.2412264275,23.6409005201,23.6409005201,5.6447735948
1783,0,0,positive,0.161843760969,-0.107491405958,-0.0252735696202,161.843760969,-107.491405958,-25.2735696202,23.7513887321,23.7513887321,5.61243040208
1783,1,0,positive,0.161733272757,-0.107491405958,-0.0252412264275,161.733272757,-107.491405958,-25.2412264275,23.6409005201,23.6409005201,5.6447735948
1784,0,0,positive,0.161299684257,-0.107491405958,-0.0250441019681,161.299684257,-107.491405958,-25.0441019681,23.20731202,23.20731202,5.84189805416
1784,1,0,positive,0.161446607696,-0.107491405958,-0.0251089821577,161.446607696,-107.491405958,-25.1089821577,23.3542354585,23.3542354585,5.77701786464
1785,0,0,positive,0.161233746341,-0.107491405958,-0.024975857871,161.233746341,-107.491405958,-24.975857871,23.1413741036,23.1413741036,5.91014215128
1785,1,0,positive,0.161124020288,-0.107491405958,-0.0249999829009,161.124020288,-107.491405958,-24.9999829009,23.0316480511,23.0316480511,5.88601712138
1786,0,0,positive,0.161299684257,-0.107491405958,-0.0250441019681,161.299684257,-107.491405958,-25.0441019681,23.20731202,23.20731202,5.84189805416
1786,1,0,positive,0.161233746341,-0.107491405958,-0.024975857871,161.233746341,-107.491405958,-24.975857871,23.1413741036,23.1413741036,5.91014215128
1787,0,0,positive,0.16075765552,-0.107491405958,-0.0250020737831,160.75765552,-107.491405958,-25.0020737831,22.6652832828,22.6652832828,5.88392623919
1787,1,0,positive,0.161124020288,-0.107491405958,-0.0249999829009,161.124020288,-107.491405958,-24.9999829009,23.0316480511,23.0316480511,5.88601712138
1788,0,0,positive,0.160279728034,-0.107491405958,-0.0247515684416,160.279728034,-107.491405958,-24.7515684416,22.1873557966,22.1873557966,6.1344315807
1788,1,0,positive,0.16075765552,-0.107491405958,-0.0250020737831,160.75765552,-107.491405958,-25.0020737831,22.6652832828,22.6652832828,5.88392623919
1789,0,0,positive,0.160279728034,-0.107491405958,-0.0247515684416,160.279728034,-107.491405958,-24.7515684416,22.1873557966,22.1873557966,6.1344315807
1789,1,0,positive,0.160246429651,-0.107491405958,-0.0247422379103,160.246429651,-107.491405958,-24.7422379103,22.1540574133,22.1540574133,6.14376211196
1790,0,0,positive,0.160246429651,-0.107491405958,-0.0247422379103,160.246429651,-107.491405958,-24.7422379103,22.1540574133,22.1540574133,6.14376211196
1790,1,0,positive,0.160230939615,-0.107491405958,-0.0247401099834,160.230939615,-107.491405958,-24.7401099834,22.1385673773,22.1385673773,6.1458900389
1791,0,0,positive,0.160230939615,-0.107491405958,-0.0247401099834,160.230939615,-107.491405958,-24.7401099834,22.1385673773,22.1385673773,6.1458900389
1791,1,0,positive,0.160131617916,-0.107491405958,-0.0247159091373,160.131617916,-107.491405958,-24.7159091373,22.0392456792,22.0392456792,6.170090885
1792,0,0,positive,0.159579856169,-0.107491405958,-0.024607559123,159.579856169,-107.491405958,-24.607559123,21.487483932,21.487483932,6.27844089928
1792,1,0,positive,0.160131617916,-0.107491405958,-0.0247159091373,160.131617916,-107.491405958,-24.7159091373,22.0392456792,22.0392456792,6.170090885
1793,0,0,positive,0.159496828565,-0.107491405958,-0.0246442314831,159.496828565,-107.491405958,-24.6442314831,21.4044563274,21.4044563274,6.2417685392
1793,1,0,positive,0.159579856169,-0.107491405958,-0.024607559123,159.579856169,-107.491405958,-24.607559123,21.487483932,21.487483932,6.27844089928
1794,0,0,positive,0.159317860636,-0.107491405958,-0.0246456191251,159.317860636,-107.491405958,-24.6456191251,21.2254883985,21.2254883985,6.24038089721
1794,1,0,positive,0.159496828565,-0.107491405958,-0.0246442314831,159.496828565,-107.491405958,-24.6442314831,21.4044563274,21.4044563274,6.2417685392
1795,0,0,positive,0.159317860636,-0.107491405958,-0.0246456191251,159.317860636,-107.491405958,-24.6456191251,21.2254883985,21.2254883985,6.24038089721
1795,1,0,positive,0.158867098346,-0.107491405958,-0.0246698769251,158.867098346,-107.491405958,-24.6698769251,20.7747261089,20.7747261089,6.21612309722
1796,0,0,positive,0.158353961593,-0.107491405958,-0.0247327776521,158.353961593,-107.491405958,-24.7327776521,20.2615893559,20.2615893559,6.15322237024
1796,1,0,positive,0.158867098346,-0.107491405958,-0.0246698769251,158.867098346,-107.491405958,-24.6698769251,20.7747261089,20.7747261089,6.21612309722
1797,0,0,positive,0.158353961593,-0.107491405958,-0.0247327776521,158.353961593,-107.491405958,-24.7327776521,20.2615893559,20.2615893559,6.15322237024
1797,1,0,positive,0.157922085691,-0.107491405958,-0.0246888496503,157.922085691,-107.491405958,-24.6888496503,19.8297134535,19.8297134535,6.19715037196
1798,0,0,positive,0.156339491742,-0.107491405958,-0.0305361948967,156.339491742,-107.491405958,-30.5361948967,18.2471195049,18.2471195049,0.349805125588
1798,1,0,positive,0.157469527476,-0.107491405958,-0.0305800384474,157.469527476,-107.491405958,-30.5800384474,19.3771552384,19.3771552384,0.305961574937
1799,0,0,positive,0.156339491742,-0.107491405958,-0.0305361948967,156.339491742,-107.491405958,-30.5361948967,18.2471195049,18.2471195049,0.349805125588
1799,1,0,positive,0.156231674025,-0.107491405958,-0.0305398071466,156.231674025,-107.491405958,-30.5398071466,18.1393017882,18.1393017882,0.346192875679
1800,0,0,positive,0.156231674025,-0.107491405958,-0.0305398071466,156.231674025,-107.491405958,-30.5398071466,18.1393017882,18.1393017882,0.346192875679
1800,1,0,positive,0.156143516264,-0.107491405958,-0.0305355121135,156.143516264,-107.491405958,-30.5355121135,18.0511440271,18.0511440271,0.350487908787
1801,0,0,positive,0.154945506889,-0.107491405958,-0.0304766209931,154.945506889,-107.491405958,-30.4766209931,16.8531346522,16.8531346522,0.409379029239
1801,1,0,positive,0.156143516264,-0.107491405958,-0.0305355121135,156.143516264,-107.491405958,-30.5355121135,18.0511440271,18.0511440271,0.350487908787
1802,0,0,positive,0.15473737834,-0.107491405958,-0.0305064341089,154.73737834,-107.491405958,-30.5064341089,16.6450061027,16.6450061027,0.379565913397
1802,1,0,positive,0.154945506889,-0.107491405958,-0.0304766209931,154.945506889,-107.491405958,-30.4766209931,16.8531346522,16.8531346522,0.409379029239
1803,0,0,positive,0.154271782822,-0.107491405958,-0.0305622460187,154.271782822,-107.491405958,-30.5622460187,16.1794105849,16.1794105849,0.323754003607
1803,1,0,positive,0.15473737834,-0.107491405958,-0.0305064341089,154.73737834,-107.491405958,-30.5064341089,16.6450061027,16.6450061027,0.379565913397
1804,0,0,positive,0.154271782822,-0.107491405958,-0.0305622460187,154.271782822,-107.491405958,-30.5622460187,16.1794105849,16.1794105849,0.323754003607
1804,1,0,positive,0.154041290618,-0.107491405958,-0.030541488298,154.041290618,-107.491405958,-30.541488298,15.9489183805,15.9489183805,0.34451172431
1805,0,0,positive,0.153069577294,-0.107491405958,-0.0303445796127,153.069577294,-107.491405958,-30.3445796127,14.9772050566,14.9772050566,0.541420409593
1805,1,0,positive,0.154041290618,-0.107491405958,-0.030541488298,154.041290618,-107.491405958,-30.541488298,15.9489183805,15.9489183805,0.34451172431
1806,0,0,positive,0.153069577294,-0.107491405958,-0.0303445796127,153.069577294,-107.491405958,-30.3445796127,14.9772050566,14.9772050566,0.541420409593
1806,1,0,positive,0.152981746528,-0.107491405958,-0.0303321933794,152.981746528,-107.491405958,-30.3321933794,14.8893742907,14.8893742907,0.553806642843
1807,0,0,positive,0.152623444265,-0.107491405958,-0.0302018443469,152.623444265,-107.491405958,-30.2018443469,14.5310720278,14.5310720278,0.68415567542
1807,1,0,positive,0.152918009953,-0.107491405958,-0.0303047956303,152.918009953,-107.491405958,-30.3047956303,14.8256377153,14.8256377153,0.58120439196
1808,0,0,positive,0.152623444265,-0.107491405958,-0.0302018443469,152.623444265,-107.491405958,-30.2018443469,14.5310720278,14.5310720278,0.68415567542
1808,1,0,positive,0.152212227644,-0.107491405958,-0.0301169644778,152.212227644,-107.491405958,-30.1169644778,14.119855407,14.119855407,0.769035544519
1809,0,0,positive,0.152192822854,-0.107491405958,-0.0301145873029,152.192822854,-107.491405958,-30.1145873029,14.1004506164,14.1004506164,0.771412719421
1809,1,0,positive,0.152212227644,-0.107491405958,-0.0301169644778,152.212227644,-107.491405958,-30.1169644778,14.119855407,14.119855407,0.769035544519
1810,0,0,positive,0.152981746528,-0.107491405958,-0.0303321933794,152.981746528,-107.491405958,-30.3321933794,14.8893742907,14.8893742907,0.553806642843
1810,1,0,positive,0.152955678465,-0.107491405958,-0.0303244999593,152.955678465,-107.491405958,-30.3244999593,14.863306228,14.863306228,0.561500062957
1811,0,0,positive,0.152955678465,-0.107491405958,-0.0303244999593,152.955678465,-107.491405958,-30.3244999593,14.863306228,14.863306228,0.561500062957
1811,1,0,positive,0.152918009953,-0.107491405958,-0.0303047956303,152.918009953,-107.491405958,-30.3047956303,14.8256377153,14.8256377153,0.58120439196
1812,0,0,positive,0.152164856333,-0.107491405958,-0.0301209018137,152.164856333,-107.491405958,-30.1209018137,14.0724840953,14.0724840953,0.765098208636
1812,1,0,positive,0.152192822854,-0.107491405958,-0.0301145873029,152.192822854,-107.491405958,-30.1145873029,14.1004506164,14.1004506164,0.771412719421
1813,0,0,positive,0.152164856333,-0.107491405958,-0.0301209018137,152.164856333,-107.491405958,-30.1209018137,14.0724840953,14.0724840953,0.765098208636
1813,1,0,positive,0.151654152,-0.107491405958,-0.0302697454995,151.654152,-107.491405958,-30.2697454995,13.5617797625,13.5617797625,0.616254522743
1814,0,0,positive,0.151654152,-0.107491405958,-0.0302697454995,151.654152,-107.491405958,-30.2697454995,13.5617797625,13.5617797625,0.616254522743
1814,1,0,positive,0.151112785612,-0.107491405958,-0.0304496113154,151.112785612,-107.491405958,-30.4496113154,13.0204133751,13.0204133751,0.436388706916
1815,0,0,positive,0.151051246798,-0.107491405958,-0.0304601192814,151.051246798,-107.491405958,-30.4601192814,12.9588745609,12.9588745609,0.425880740909
1815,1,0,positive,0.151112785612,-0.107491405958,-0.0304496113154,151.112785612,-107.491405958,-30.4496113154,13.0204133751,13.0204133751,0.436388706916
1816,0,0,positive,0.151051246798,-0.107491405958,-0.0304601192814,151.051246798,-107.491405958,-30.4601192814,12.9588745609,12.9588745609,0.425880740909
1816,1,0,positive,0.150537542412,-0.107491405958,-0.0305514610159,150.537542412,-107.491405958,-30.5514610159,12.4451701743,12.4451701743,0.334539006398
1817,0,0,positive,0.15039625347,-0.107491405958,-0.0305560663336,150.39625347,-107.491405958,-30.5560663336,12.3038812328,12.3038812328,0.329933688647
1817,1,0,positive,0.150537542412,-0.107491405958,-0.0305514610159,150.537542412,-107.491405958,-30.5514610159,12.4451701743,12.4451701743,0.334539006398
1818,0,0,positive,0.150305316917,-0.107491405958,-0.0305440305931,150.305316917,-107.491405958,-30.5440305931,12.2129446793,12.2129446793,0.341969429223
1818,1,0,positive,0.15039625347,-0.107491405958,-0.0305560663336,150.39625347,-107.491405958,-30.5560663336,12.3038812328,12.3038812328,0.329933688647
1819,0,0,positive,0.150084122592,-0.107491405958,-0.0305356540352,150.084122592,-107.491405958,-30.5356540352,11.9917503551,11.9917503551,0.350345987112
1819,1,0,positive,0.150305316917,-0.107491405958,-0.0305440305931,150.305316917,-107.491405958,-30.5440305931,12.2129446793,12.2129446793,0.341969429223
1820,0,0,positive,0.148641069451,-0.107491405958,-0.0304430149861,148.641069451,-107.491405958,-30.4430149861,10.548697214,10.548697214,0.44298503622
1820,1,0,positive,0.148968950099,-0.107491405958,-0.0304531250871,148.968950099,-107.491405958,-30.4531250871,10.8765778618,10.8765778618,0.432874935224
1821,0,0,positive,0.150084122592,-0.107491405958,-0.0305356540352,150.084122592,-107.491405958,-30.5356540352,11.9917503551,11.9917503551,0.350345987112
1821,1,0,positive,0.148968950099,-0.107491405958,-0.0304531250871,148.968950099,-107.491405958,-30.4531250871,10.8765778618,10.8765778618,0.432874935224
1822,0,0,positive,0.157704079801,-0.107491405958,-0.0246849734425,157.704079801,-107.491405958,-24.6849734425,19.6117075638,19.6117075638,6.2010265798
1822,1,0,positive,0.157922085691,-0.107491405958,-0.0246888496503,157.922085691,-107.491405958,-24.6888496503,19.8297134535,19.8297134535,6.19715037196
1823,0,0,positive,0.157312843273,-0.107491405958,-0.0247102979195,157.312843273,-107.491405958,-24.7102979195,19.2204710355,19.2204710355,6.17570210281
1823,1,0,positive,0.157704079801,-0.107491405958,-0.0246849734425,157.704079801,-107.491405958,-24.6849734425,19.6117075638,19.6117075638,6.2010265798
1824,0,0,positive,0.157312843273,-0.107491405958,-0.0247102979195,157.312843273,-107.491405958,-24.7102979195,19.2204710355,19.2204710355,6.17570210281
1824,1,0,positive,0.156604011212,-0.107491405958,-0.0246962327113,156.604011212,-107.491405958,-24.6962327113,18.5116389746,18.5116389746,6.18976731098
1825,0,0,positive,0.156365624571,-0.107491405958,-0.0247295866399,156.365624571,-107.491405958,-24.7295866399,18.2732523334,18.2732523334,6.15641338239
1825,1,0,positive,0.156604011212,-0.107491405958,-0.0246962327113,156.604011212,-107.491405958,-24.6962327113,18.5116389746,18.5116389746,6.18976731098
1826,0,0,positive,0.156365624571,-0.107491405958,-0.0247295866399,156.365624571,-107.491405958,-24.7295866399,18.2732523334,18.2732523334,6.15641338239
1826,1,0,positive,0.15607612442,-0.107491405958,-0.0247066062169,156.07612442,-107.491405958,-24.7066062169,17.983752183,17.983752183,6.17939380534
1827,0,0,positive,0.15607612442,-0.107491405958,-0.0247066062169,156.07612442,-107.491405958,-24.7066062169,17.983752183,17.983752183,6.17939380534
1827,1,0,positive,0.155743556263,-0.107491405958,-0.0247404272327,155.743556263,-107.491405958,-24.7404272327,17.6511840254,17.6511840254,6.14557278955
1828,0,0,positive,0.155566394541,-0.107491405958,-0.0247178054397,155.566394541,-107.491405958,-24.7178054397,17.4740223036,17.4740223036,6.16819458264
1828,1,0,positive,0.155743556263,-0.107491405958,-0.0247404272327,155.743556263,-107.491405958,-24.7404272327,17.6511840254,17.6511840254,6.14557278955
1829,0,0,positive,0.155357621174,-0.107491405958,-0.0247367940366,155.357621174,-107.491405958,-24.7367940366,17.2652489364,17.2652489364,6.14920598572
1829,1,0,positive,0.155566394541,-0.107491405958,-0.0247178054397,155.566394541,-107.491405958,-24.7178054397,17.4740223036,17.4740223036,6.16819458264
1830,0,0,positive,0.155357621174,-0.107491405958,-0.0247367940366,155.357621174,-107.491405958,-24.7367940366,17.2652489364,17.2652489364,6.14920598572
1830,1,0,positive,0.154938535229,-0.107491405958,-0.0246877942419,154.938535229,-107.491405958,-24.6877942419,16.8461629921,16.8461629921,6.19820578036
1831,0,0,positive,0.154938535229,-0.107491405958,-0.0246877942419,154.938535229,-107.491405958,-24.6877942419,16.8461629921,16.8461629921,6.19820578036
1831,1,0,positive,0.154691525881,-0.107491405958,-0.0246869161059,154.691525881,-107.491405958,-24.6869161059,16.5991536437,16.5991536437,6.19908391642
1832,0,0,positive,0.154406995045,-0.107491405958,-0.0247330514758,154.406995045,-107.491405958,-24.7330514758,16.314622808,16.314622808,6.15294854652
1832,1,0,positive,0.154691525881,-0.107491405958,-0.0246869161059,154.691525881,-107.491405958,-24.6869161059,16.5991536437,16.5991536437,6.19908391642
1833,0,0,positive,0.153767530614,-0.107491405958,-0.0247644472968,153.767530614,-107.491405958,-24.7644472968,15.6751583766,15.6751583766,6.12155272551
1833,1,0,positive,0.154406995045,-0.107491405958,-0.0247330514758,154.406995045,-107.491405958,-24.7330514758,16.314622808,16.314622808,6.15294854652
1834,0,0,positive,0.153767530614,-0.107491405958,-0.0247644472968,153.767530614,-107.491405958,-24.7644472968,15.6751583766,15.6751583766,6.12155272551
1834,1,0,positive,0.153600405431,-0.107491405958,-0.0247804898969,153.600405431,-107.491405958,-24.7804898969,15.5080331938,15.5080331938,6.10551012539
1835,0,0,positive,0.153600405431,-0.107491405958,-0.0247804898969,153.600405431,-107.491405958,-24.7804898969,15.5080331938,15.5080331938,6.10551012539
1835,1,0,positive,0.153336663198,-0.107491405958,-0.0247725804021,153.336663198,-107.491405958,-24.7725804021,15.2442909608,15.2442909608,6.11341962018
1836,0,0,positive,0.152811664862,-0.107491405958,-0.0247191193135,152.811664862,-107.491405958,-24.7191193135,14.7192926249,14.7192926249,6.16688070884
1836,1,0,positive,0.153336663198,-0.107491405958,-0.0247725804021,153.336663198,-107.491405958,-24.7725804021,15.2442909608,15.2442909608,6.11341962018
1837,0,0,positive,0.152620139385,-0.107491405958,-0.0246552510472,152.620139385,-107.491405958,-24.6552510472,14.5277671474,14.5277671474,6.23074897508
1837,1,0,positive,0.152811664862,-0.107491405958,-0.0247191193135,152.811664862,-107.491405958,-24.7191193135,14.7192926249,14.7192926249,6.16688070884
1838,0,0,positive,0.152011860306,-0.107491405958,-0.0246463185212,152.011860306,-107.491405958,-24.6463185212,13.9194880689,13.9194880689,6.23968150111
1838,1,0,positive,0.152273828056,-0.107491405958,-0.0246401347208,152.273828056,-107.491405958,-24.6401347208,14.1814558191,14.1814558191,6.2458653015
1839,0,0,positive,0.152620139385,-0.107491405958,-0.0246552510472,152.620139385,-107.491405958,-24.6552510472,14.5277671474,14.5277671474,6.23074897508
1839,1,0,positive,0.152517331684,-0.107491405958,-0.0246428742499,152.517331684,-107.491405958,-24.6428742499,14.4249594469,14.4249594469,6.24312577243
1840,0,0,positive,0.152517331684,-0.107491405958,-0.0246428742499,152.517331684,-107.491405958,-24.6428742499,14.4249594469,14.4249594469,6.24312577243
1840,1,0,positive,0.152273828056,-0.107491405958,-0.0246401347208,152.273828056,-107.491405958,-24.6401347208,14.1814558191,14.1814558191,6.2458653015
1841,0,0,positive,0.151985427805,-0.107491405958,-0.024660322327,151.985427805,-107.491405958,-24.660322327,13.8930555682,13.8930555682,6.22567769526
1841,1,0,positive,0.152011860306,-0.107491405958,-0.0246463185212,152.011860306,-107.491405958,-24.6463185212,13.9194880689,13.9194880689,6.23968150111
1842,0,0,positive,0.151808966572,-0.107491405958,-0.0246587156394,151.808966572,-107.491405958,-24.6587156394,13.7165943344,13.7165943344,6.22728438289
1842,1,0,positive,0.151985427805,-0.107491405958,-0.024660322327,151.985427805,-107.491405958,-24.660322327,13.8930555682,13.8930555682,6.22567769526
1843,0,0,positive,0.151808966572,-0.107491405958,-0.0246587156394,151.808966572,-107.491405958,-24.6587156394,13.7165943344,13.7165943344,6.22728438289
1843,1,0,positive,0.151561837771,-0.107491405958,-0.0246819773152,151.561837771,-107.491405958,-24.6819773152,13.4694655339,13.4694655339,6.20402270705
1844,0,0,positive,0.151222168544,-0.107491405958,-0.0246409911862,151.222168544,-107.491405958,-24.6409911862,13.1297963071,13.1297963071,6.24500883609
1844,1,0,positive,0.151561837771,-0.107491405958,-0.0246819773152,151.561837771,-107.491405958,-24.6819773152,13.4694655339,13.4694655339,6.20402270705
1845,0,0,positive,0.150070879224,-0.107491405958,-0.0248805777712,150.070879224,-107.491405958,-24.8805777712,11.9785069866,11.9785069866,6.00542225105
1845,1,0,positive,0.150345073111,-0.107491405958,-0.0248793985217,150.345073111,-107.491405958,-24.8793985217,12.2527008733,12.2527008733,6.00660150061
1846,0,0,positive,0.150070879224,-0.107491405958,-0.0248805777712,150.070879224,-107.491405958,-24.8805777712,11.9785069866,11.9785069866,6.00542225105
1846,1,0,positive,0.149884933698,-0.107491405958,-0.0248258617662,149.884933698,-107.491405958,-24.8258617662,11.7925614604,11.7925614604,6.06013825613
1847,0,0,positive,0.151222168544,-0.107491405958,-0.0246409911862,151.222168544,-107.491405958,-24.6409911862,13.1297963071,13.1297963071,6.24500883609
1847,1,0,positive,0.150928856555,-0.107491405958,-0.0246806175277,150.928856555,-107.491405958,-24.6806175277,12.8364843182,12.8364843182,6.20538249461
1848,0,0,positive,0.15064480384,-0.107491405958,-0.0247607936964,150.64480384,-107.491405958,-24.7607936964,12.5524316026,12.5524316026,6.12520632587
1848,1,0,positive,0.150928856555,-0.107491405958,-0.0246806175277,150.928856555,-107.491405958,-24.6806175277,12.8364843182,12.8364843182,6.20538249461
1849,0,0,positive,0.15064480384,-0.107491405958,-0.0247607936964,150.64480384,-107.491405958,-24.7607936964,12.5524316026,12.5524316026,6.12520632587
1849,1,0,positive,0.150345073111,-0.107491405958,-0.0248793985217,150.345073111,-107.491405958,-24.8793985217,12.2527008733,12.2527008733,6.00660150061
1850,0,0,positive,0.149884933698,-0.107491405958,-0.0248258617662,149.884933698,-107.491405958,-24.8258617662,11.7925614604,11.7925614604,6.06013825613
1850,1,0,positive,0.149573794918,-0.107491405958,-0.0246962463199,149.573794918,-107.491405958,-24.6962463199,11.4814226805,11.4814226805,6.18975370237
1851,0,0,positive,0.14940665836,-0.107491405958,-0.0246403734991,149.40665836,-107.491405958,-24.6403734991,11.3142861233,11.3142861233,6.24562652323
1851,1,0,positive,0.149573794918,-0.107491405958,-0.0246962463199,149.573794918,-107.491405958,-24.6962463199,11.4814226805,11.4814226805,6.18975370237
1852,0,0,positive,0.149039448721,-0.107491405958,-0.0245705180622,149.039448721,-107.491405958,-24.5705180622,10.9470764843,10.9470764843,6.31548196008
1852,1,0,positive,0.14940665836,-0.107491405958,-0.0246403734991,149.40665836,-107.491405958,-24.6403734991,11.3142861233,11.3142861233,6.24562652323
1853,0,0,positive,0.149039448721,-0.107491405958,-0.0245705180622,149.039448721,-107.491405958,-24.5705180622,10.9470764843,10.9470764843,6.31548196008
1853,1,0,positive,0.148905092469,-0.107491405958,-0.0245692078367,148.905092469,-107.491405958,-24.5692078367,10.8127202314,10.8127202314,6.31679218557
1854,0,0,positive,0.148905092469,-0.107491405958,-0.0245692078367,148.905092469,-107.491405958,-24.5692078367,10.8127202314,10.8127202314,6.31679218557
1854,1,0,positive,0.148654993127,-0.107491405958,-0.0245917043087,148.654993127,-107.491405958,-24.5917043087,10.5626208895,10.5626208895,6.29429571363
1855,0,0,positive,0.147780726749,-0.107491405958,-0.0247593934507,147.780726749,-107.491405958,-24.7593934507,9.68835451201,9.68835451201,6.12660657156
1855,1,0,positive,0.148030361929,-0.107491405958,-0.0246638171783,148.030361929,-107.491405958,-24.6638171783,9.93798969218,9.93798969218,6.22218284397
1856,0,0,positive,0.147525903996,-0.107491405958,-0.0248526423028,147.525903996,-107.491405958,-24.8526423028,9.43353175882,9.43353175882,6.03335771949
1856,1,0,positive,0.147780726749,-0.107491405958,-0.0247593934507,147.780726749,-107.491405958,-24.7593934507,9.68835451201,9.68835451201,6.12660657156
1857,0,0,positive,0.148332282195,-0.107491405958,-0.0246503726579,148.332282195,-107.491405958,-24.6503726579,10.2399099575,10.2399099575,6.23562736441
1857,1,0,positive,0.148654993127,-0.107491405958,-0.0245917043087,148.654993127,-107.491405958,-24.5917043087,10.5626208895,10.5626208895,6.29429571363
1858,0,0,positive,0.148332282195,-0.107491405958,-0.0246503726579,148.332282195,-107.491405958,-24.6503726579,10.2399099575,10.2399099575,6.23562736441
1858,1,0,positive,0.148030361929,-0.107491405958,-0.0246638171783,148.030361929,-107.491405958,-24.6638171783,9.93798969218,9.93798969218,6.22218284397
1859,0,0,positive,0.147525903996,-0.107491405958,-0.0248526423028,147.525903996,-107.491405958,-24.8526423028,9.43353175882,9.43353175882,6.03335771949
1859,1,0,positive,0.147185550782,-0.107491405958,-0.0249056392774,147.185550782,-107.491405958,-24.9056392774,9.09317854433,9.09317854433,5.98036074491
1860,0,0,positive,0.147185550782,-0.107491405958,-0.0249056392774,147.185550782,-107.491405958,-24.9056392774,9.09317854433,9.09317854433,5.98036074491
1860,1,0,positive,0.146885149643,-0.107491405958,-0.0249168935852,146.885149643,-107.491405958,-24.9168935852,8.79277740542,8.79277740542,5.96910643712
1861,0,0,positive,0.146730488136,-0.107491405958,-0.0248773307986,146.730488136,-107.491405958,-24.8773307986,8.63811589907,8.63811589907,6.00866922369
1861,1,0,positive,0.146885149643,-0.107491405958,-0.0249168935852,146.885149643,-107.491405958,-24.9168935852,8.79277740542,8.79277740542,5.96910643712
1862,0,0,positive,0.146487951806,-0.107491405958,-0.0248960721198,146.487951806,-107.491405958,-24.8960721198,8.39557956857,8.39557956857,5.98992790246
1862,1,0,positive,0.146730488136,-0.107491405958,-0.0248773307986,146.730488136,-107.491405958,-24.8773307986,8.63811589907,8.63811589907,6.00866922369
1863,0,0,positive,0.146487951806,-0.107491405958,-0.0248960721198,146.487951806,-107.491405958,-24.8960721198,8.39557956857,8.39557956857,5.98992790246
1863,1,0,positive,0.146351406621,-0.107491405958,-0.0248753939965,146.351406621,-107.491405958,-24.8753939965,8.25903438367,8.25903438367,6.01060602583
1864,0,0,positive,0.146351406621,-0.107491405958,-0.0248753939965,146.351406621,-107.491405958,-24.8753939965,8.25903438367,8.25903438367,6.01060602583
1864,1,0,positive,0.146245694012,-0.107491405958,-0.0248995423055,146.245694012,-107.491405958,-24.8995423055,8.15332177451,8.15332177451,5.98645771682
1865,0,0,positive,0.146245694012,-0.107491405958,-0.0248995423055,146.245694012,-107.491405958,-24.8995423055,8.15332177451,8.15332177451,5.98645771682
1865,1,0,positive,0.146034946488,-0.107491405958,-0.0248381257257,146.034946488,-107.491405958,-24.8381257257,7.94257425125,7.94257425125,6.04787429662
1866,0,0,positive,0.145628482002,-0.107491405958,-0.0247164481778,145.628482002,-107.491405958,-24.7164481778,7.53610976511,7.53610976511,6.1695518445
1866,1,0,positive,0.146034946488,-0.107491405958,-0.0248381257257,146.034946488,-107.491405958,-24.8381257257,7.94257425125,7.94257425125,6.04787429662
1867,0,0,positive,0.208590141931,-0.107491405958,0.0363143155883,208.590141931,-107.491405958,36.3143155883,70.497769694,70.497769694,67.2003156106
1867,1,0,positive,0.208842211588,-0.107491405958,0.0368662984879,208.842211588,-107.491405958,36.8662984879,70.7498393507,70.7498393507,67.7522985102
1868,0,0,positive,0.208296618503,-0.107491405958,0.0356877445528,208.296618503,-107.491405958,35.6877445528,70.204246266,70.204246266,66.5737445751
1868,1,0,positive,0.208590141931,-0.107491405958,0.0363143155883,208.590141931,-107.491405958,36.3143155883,70.497769694,70.497769694,67.2003156106
1869,0,0,positive,0.21114374912,-0.107491405958,0.0423595055875,211.14374912,-107.491405958,42.3595055875,73.0513768826,73.0513768826,73.2455056098
1869,1,0,positive,0.211353351839,-0.107491405958,0.0431645811611,211.353351839,-107.491405958,43.1645811611,73.260979602,73.260979602,74.0505811834
1870,0,0,positive,0.21150402914,-0.107491405958,0.0435396370527,211.50402914,-107.491405958,43.5396370527,73.4116569032,73.4116569032,74.425637075
1870,1,0,positive,0.211920929811,-0.107491405958,0.04422586631,211.920929811,-107.491405958,44.22586631,73.8285575737,73.8285575737,75.1118663323
1871,0,0,positive,0.212145295263,-0.107491405958,0.0447333757943,212.145295263,-107.491405958,44.7333757943,74.0529230255,74.0529230255,75.6193758166
1871,1,0,positive,0.212183385875,-0.107491405958,0.0448701039101,212.183385875,-107.491405958,44.8701039101,74.0910136378,74.0910136378,75.7561039324
1872,0,0,positive,0.211920929811,-0.107491405958,0.04422586631,211.920929811,-107.491405958,44.22586631,73.8285575737,73.8285575737,75.1118663323
1872,1,0,positive,0.212061357779,-0.107491405958,0.0445053137744,212.061357779,-107.491405958,44.5053137744,73.968985542,73.968985542,75.3913137967
1873,0,0,positive,0.212183385875,-0.107491405958,0.0448701039101,212.183385875,-107.491405958,44.8701039101,74.0910136378,74.0910136378,75.7561039324
1873,1,0,positive,0.21218370847,-0.107491405958,0.0451526274883,212.18370847,-107.491405958,45.1526274883,74.0913362332,74.0913362332,76.0386275106
1874,0,0,positive,0.212172477389,-0.107491405958,0.0454521859707,212.172477389,-107.491405958,45.4521859707,74.0801051523,74.0801051523,76.338185993
1874,1,0,positive,0.21218370847,-0.107491405958,0.0451526274883,212.18370847,-107.491405958,45.1526274883,74.0913362332,74.0913362332,76.0386275106
1875,0,0,positive,0.21150402914,-0.107491405958,0.0435396370527,211.50402914,-107.491405958,43.5396370527,73.4116569032,73.4116569032,74.425637075
1875,1,0,positive,0.211432008436,-0.107491405958,0.0434050516888,211.432008436,-107.491405958,43.4050516888,73.3396361989,73.3396361989,74.2910517111
1876,0,0,positive,0.211432008436,-0.107491405958,0.0434050516888,211.432008436,-107.491405958,43.4050516888,73.3396361989,73.3396361989,74.2910517111
1876,1,0,positive,0.211353351839,-0.107491405958,0.0431645811611,211.353351839,-107.491405958,43.1645811611,73.260979602,73.260979602,74.0505811834
1877,0,0,positive,0.212145295263,-0.107491405958,0.0447333757943,212.145295263,-107.491405958,44.7333757943,74.0529230255,74.0529230255,75.6193758166
1877,1,0,positive,0.212061357779,-0.107491405958,0.0445053137744,212.061357779,-107.491405958,44.5053137744,73.968985542,73.968985542,75.3913137967
1878,0,0,positive,0.213001660387,-0.107491405958,0.0464306218243,213.001660387,-107.491405958,46.4306218243,74.9092881501,74.9092881501,77.3166218466
1878,1,0,positive,0.213166347975,-0.107491405958,0.0466385018267,213.166347975,-107.491405958,46.6385018267,75.0739757383,75.0739757383,77.5245018489
1879,0,0,positive,0.213001660387,-0.107491405958,0.0464306218243,213.001660387,-107.491405958,46.4306218243,74.9092881501,74.9092881501,77.3166218466
1879,1,0,positive,0.212932873002,-0.107491405958,0.0463249777379,212.932873002,-107.491405958,46.3249777379,74.840500765,74.840500765,77.2109777602
1880,0,0,positive,0.212932873002,-0.107491405958,0.0463249777379,212.932873002,-107.491405958,46.3249777379,74.840500765,74.840500765,77.2109777602
1880,1,0,positive,0.212771261324,-0.107491405958,0.0462097428274,212.771261324,-107.491405958,46.2097428274,74.6788890869,74.6788890869,77.0957428497
1881,0,0,positive,0.213647430167,-0.107491405958,0.0476584669382,213.647430167,-107.491405958,47.6584669382,75.5550579293,75.5550579293,78.5444669605
1881,1,0,positive,0.213463522466,-0.107491405958,0.047276821218,213.463522466,-107.491405958,47.276821218,75.3711502284,75.3711502284,78.1628212403
1882,0,0,positive,0.213166347975,-0.107491405958,0.0466385018267,213.166347975,-107.491405958,46.6385018267,75.0739757383,75.0739757383,77.5245018489
1882,1,0,positive,0.213463522466,-0.107491405958,0.047276821218,213.463522466,-107.491405958,47.276821218,75.3711502284,75.3711502284,78.1628212403
1883,0,0,positive,0.212487753806,-0.107491405958,0.0460143467875,212.487753806,-107.491405958,46.0143467875,74.395381569,74.395381569,76.9003468098
1883,1,0,positive,0.212310694746,-0.107491405958,0.0458590622103,212.310694746,-107.491405958,45.8590622103,74.2183225084,74.2183225084,76.7450622326
1884,0,0,positive,0.21222509483,-0.107491405958,0.0457541196135,212.22509483,-107.491405958,45.7541196135,74.1327225932,74.1327225932,76.6401196358
1884,1,0,positive,0.212310694746,-0.107491405958,0.0458590622103,212.310694746,-107.491405958,45.8590622103,74.2183225084,74.2183225084,76.7450622326
1885,0,0,positive,0.212204546549,-0.107491405958,0.0456294136147,212.204546549,-107.491405958,45.6294136147,74.112174312,74.112174312,76.515413637
1885,1,0,positive,0.212172477389,-0.107491405958,0.0454521859707,212.172477389,-107.491405958,45.4521859707,74.0801051523,74.0801051523,76.338185993
1886,0,0,positive,0.212204546549,-0.107491405958,0.0456294136147,212.204546549,-107.491405958,45.6294136147,74.112174312,74.112174312,76.515413637
1886,1,0,positive,0.21222509483,-0.107491405958,0.0457541196135,212.22509483,-107.491405958,45.7541196135,74.1327225932,74.1327225932,76.6401196358
1887,0,0,positive,0.212487753806,-0.107491405958,0.0460143467875,212.487753806,-107.491405958,46.0143467875,74.395381569,74.395381569,76.9003468098
1887,1,0,positive,0.212771261324,-0.107491405958,0.0462097428274,212.771261324,-107.491405958,46.2097428274,74.6788890869,74.6788890869,77.0957428497
1888,0,0,positive,0.210026043342,-0.107491405958,0.0396970865293,210.026043342,-107.491405958,39.6970865293,71.933671105,71.933671105,70.5830865516
1888,1,0,positive,0.210320173646,-0.107491405958,0.0403985790981,210.320173646,-107.491405958,40.3985790981,72.2278014084,72.2278014084,71.2845791204
1889,0,0,positive,0.211068013539,-0.107491405958,0.0421797911624,211.068013539,-107.491405958,42.1797911624,72.9756413013,72.9756413013,73.0657911847
1889,1,0,positive,0.21114374912,-0.107491405958,0.0423595055875,211.14374912,-107.491405958,42.3595055875,73.0513768826,73.0513768826,73.2455056098
1890,0,0,positive,0.210320173646,-0.107491405958,0.0403985790981,210.320173646,-107.491405958,40.3985790981,72.2278014084,72.2278014084,71.2845791204
1890,1,0,positive,0.210414866559,-0.107491405958,0.0406612846654,210.414866559,-107.491405958,40.6612846654,72.3224943214,72.3224943214,71.5472846877
1891,0,0,positive,0.211068013539,-0.107491405958,0.0421797911624,211.068013539,-107.491405958,42.1797911624,72.9756413013,72.9756413013,73.0657911847
1891,1,0,positive,0.210414866559,-0.107491405958,0.0406612846654,210.414866559,-107.491405958,40.6612846654,72.3224943214,72.3224943214,71.5472846877
1892,0,0,positive,0.202798461468,-0.107491405958,0.0254760535482,202.798461468,-107.491405958,25.4760535482,64.7060892309,64.7060892309,56.3620535705
1892,1,0,positive,0.203209258465,-0.107491405958,0.0261891888058,203.209258465,-107.491405958,26.1891888058,65.1168862273,65.1168862273,57.0751888281
1893,0,0,positive,0.204470438755,-0.107491405958,0.0282890942711,204.470438755,-107.491405958,28.2890942711,66.3780665175,66.3780665175,59.1750942934
1893,1,0,positive,0.204375232729,-0.107491405958,0.0281304355939,204.375232729,-107.491405958,28.1304355939,66.282860492,66.282860492,59.0164356162
1894,0,0,positive,0.204550450032,-0.107491405958,0.0284278615615,204.550450032,-107.491405958,28.4278615615,66.4580777951,66.4580777951,59.3138615838
1894,1,0,positive,0.20448847623,-0.107491405958,0.0283206941059,204.48847623,-107.491405958,28.3206941059,66.3961039926,66.3961039926,59.2066941282
1895,0,0,positive,0.20448847623,-0.107491405958,0.0283206941059,204.48847623,-107.491405958,28.3206941059,66.3961039926,66.3961039926,59.2066941282
1895,1,0,positive,0.204470438755,-0.107491405958,0.0282890942711,204.470438755,-107.491405958,28.2890942711,66.3780665175,66.3780665175,59.1750942934
1896,0,0,positive,0.203209258465,-0.107491405958,0.0261891888058,203.209258465,-107.491405958,26.1891888058,65.1168862273,65.1168862273,57.0751888281
1896,1,0,positive,0.204375232729,-0.107491405958,0.0281304355939,204.375232729,-107.491405958,28.1304355939,66.282860492,66.282860492,59.0164356162
1897,0,0,positive,0.199310363609,-0.107491405958,0.0192909020677,199.310363609,-107.491405958,19.2909020677,61.2179913721,61.2179913721,50.17690209
1897,1,0,positive,0.199443742189,-0.107491405958,0.0195320760576,199.443742189,-107.491405958,19.5320760576,61.3513699518,61.3513699518,50.4180760799
1898,0,0,positive,0.200376039654,-0.107491405958,0.0211636304294,200.376039654,-107.491405958,21.1636304294,62.2836674169,62.2836674169,52.0496304517
1898,1,0,positive,0.200443954381,-0.107491405958,0.0212912405102,200.443954381,-107.491405958,21.2912405102,62.3515821441,62.3515821441,52.1772405324
1899,0,0,positive,0.200356734868,-0.107491405958,0.0211385559339,200.356734868,-107.491405958,21.1385559339,62.264362631,62.264362631,52.0245559562
1899,1,0,positive,0.200376039654,-0.107491405958,0.0211636304294,200.376039654,-107.491405958,21.1636304294,62.2836674169,62.2836674169,52.0496304517
1900,0,0,positive,0.200345491312,-0.107491405958,0.0211110807872,200.345491312,-107.491405958,21.1110807872,62.2531190746,62.2531190746,51.9970808095
1900,1,0,positive,0.200356734868,-0.107491405958,0.0211385559339,200.356734868,-107.491405958,21.1385559339,62.264362631,62.264362631,52.0245559562
1901,0,0,positive,0.201453424079,-0.107491405958,0.0232066751766,201.453424079,-107.491405958,23.2066751766,63.3610518423,63.3610518423,54.0926751989
1901,1,0,positive,0.201792898102,-0.107491405958,0.023794772415,201.792898102,-107.491405958,23.794772415,63.7005258644,63.7005258644,54.6807724373
1902,0,0,positive,0.201453424079,-0.107491405958,0.0232066751766,201.453424079,-107.491405958,23.2066751766,63.3610518423,63.3610518423,54.0926751989
1902,1,0,positive,0.201023448188,-0.107491405958,0.0224349502465,201.023448188,-107.491405958,22.4349502465,62.9310759504,62.9310759504,53.3209502687
1903,0,0,positive,0.201023448188,-0.107491405958,0.0224349502465,201.023448188,-107.491405958,22.4349502465,62.9310759504,62.9310759504,53.3209502687
1903,1,0,positive,0.200443954381,-0.107491405958,0.0212912405102,200.443954381,-107.491405958,21.2912405102,62.3515821441,62.3515821441,52.1772405324
1904,0,0,positive,0.200345491312,-0.107491405958,0.0211110807872,200.345491312,-107.491405958,21.1110807872,62.2531190746,62.2531190746,51.9970808095
1904,1,0,positive,0.199443742189,-0.107491405958,0.0195320760576,199.443742189,-107.491405958,19.5320760576,61.3513699518,61.3513699518,50.4180760799
1905,0,0,positive,0.197130190186,-0.107491405958,0.0245867311086,197.130190186,-107.491405958,24.5867311086,59.0378179486,59.0378179486,55.4727311309
1905,1,0,positive,0.196955203574,-0.107491405958,0.0243403517085,196.955203574,-107.491405958,24.3403517085,58.8628313367,58.8628313367,55.2263517308
1906,0,0,positive,0.201792898102,-0.107491405958,0.023794772415,201.792898102,-107.491405958,23.794772415,63.7005258644,63.7005258644,54.6807724373
1906,1,0,positive,0.202268849589,-0.107491405958,0.0246081763306,202.268849589,-107.491405958,24.6081763306,64.1764773523,64.1764773523,55.4941763529
1907,0,0,positive,0.202798461468,-0.107491405958,0.0254760535482,202.798461468,-107.491405958,25.4760535482,64.7060892309,64.7060892309,56.3620535705
1907,1,0,positive,0.202268849589,-0.107491405958,0.0246081763306,202.268849589,-107.491405958,24.6081763306,64.1764773523,64.1764773523,55.4941763529
1908,0,0,positive,0.198762956131,-0.107491405958,0.0273596495141,198.762956131,-107.491405958,27.3596495141,60.6705838936,60.6705838936,58.2456495364
1908,1,0,positive,0.198951899555,-0.107491405958,0.0275884405205,198.951899555,-107.491405958,27.5884405205,60.8595273179,60.8595273179,58.4744405428
1909,0,0,positive,0.199337005274,-0.107491405958,0.0283591764826,199.337005274,-107.491405958,28.3591764826,61.2446330364,61.2446330364,59.2451765049
1909,1,0,positive,0.199078263849,-0.107491405958,0.0277943931987,199.078263849,-107.491405958,27.7943931987,60.9858916118,60.9858916118,58.680393221
1910,0,0,positive,0.198951899555,-0.107491405958,0.0275884405205,198.951899555,-107.491405958,27.5884405205,60.8595273179,60.8595273179,58.4744405428
1910,1,0,positive,0.199078263849,-0.107491405958,0.0277943931987,199.078263849,-107.491405958,27.7943931987,60.9858916118,60.9858916118,58.680393221
1911,0,0,positive,0.199855243422,-0.107491405958,0.0291141542619,199.855243422,-107.491405958,29.1141542619,61.7628711846,61.7628711846,60.0001542842
1911,1,0,positive,0.199337005274,-0.107491405958,0.0283591764826,199.337005274,-107.491405958,28.3591764826,61.2446330364,61.2446330364,59.2451765049
1912,0,0,positive,0.199855243422,-0.107491405958,0.0291141542619,199.855243422,-107.491405958,29.1141542619,61.7628711846,61.7628711846,60.0001542842
1912,1,0,positive,0.199921047865,-0.107491405958,0.0292333139636,199.921047865,-107.491405958,29.2333139636,61.8286756278,61.8286756278,60.1193139859
1913,0,0,positive,0.197682581201,-0.107491405958,0.025538898194,197.682581201,-107.491405958,25.538898194,59.5902089637,59.5902089637,56.4248982163
1913,1,0,positive,0.197663408765,-0.107491405958,0.0255462205823,197.663408765,-107.491405958,25.5462205823,59.5710365277,59.5710365277,56.4322206046
1914,0,0,positive,0.197263722424,-0.107491405958,0.024820520093,197.263722424,-107.491405958,24.820520093,59.1713501872,59.1713501872,55.7065201153
1914,1,0,positive,0.19739624752,-0.107491405958,0.0250172049009,197.39624752,-107.491405958,25.0172049009,59.3038752827,59.3038752827,55.9032049231
1915,0,0,positive,0.19739624752,-0.107491405958,0.0250172049009,197.39624752,-107.491405958,25.0172049009,59.3038752827,59.3038752827,55.9032049231
1915,1,0,positive,0.197631625391,-0.107491405958,0.025457549807,197.631625391,-107.491405958,25.457549807,59.539253154,59.539253154,56.3435498292
1916,0,0,positive,0.197663408765,-0.107491405958,0.0255462205823,197.663408765,-107.491405958,25.5462205823,59.5710365277,59.5710365277,56.4322206046
1916,1,0,positive,0.197631625391,-0.107491405958,0.025457549807,197.631625391,-107.491405958,25.457549807,59.539253154,59.539253154,56.3435498292
1917,0,0,positive,0.198051790558,-0.107491405958,0.0261391915203,198.051790558,-107.491405958,26.1391915203,59.9594183203,59.9594183203,57.0251915426
1917,1,0,positive,0.198190658935,-0.107491405958,0.0263116272059,198.190658935,-107.491405958,26.3116272059,60.0982866973,60.0982866973,57.1976272282
1918,0,0,positive,0.197783370961,-0.107491405958,0.0256869868978,197.783370961,-107.491405958,25.6869868978,59.6909987241,59.6909987241,56.5729869201
1918,1,0,positive,0.198051790558,-0.107491405958,0.0261391915203,198.051790558,-107.491405958,26.1391915203,59.9594183203,59.9594183203,57.0251915426
1919,0,0,positive,0.198416883506,-0.107491405958,0.026706543702,198.416883506,-107.491405958,26.706543702,60.3245112688,60.3245112688,57.5925437243
1919,1,0,positive,0.198190658935,-0.107491405958,0.0263116272059,198.190658935,-107.491405958,26.3116272059,60.0982866973,60.0982866973,57.1976272282
1920,0,0,positive,0.198416883506,-0.107491405958,0.026706543702,198.416883506,-107.491405958,26.706543702,60.3245112688,60.3245112688,57.5925437243
1920,1,0,positive,0.198523999722,-0.107491405958,0.0270419065367,198.523999722,-107.491405958,27.0419065367,60.4316274851,60.4316274851,57.927906559
1921,0,0,positive,0.197783370961,-0.107491405958,0.0256869868978,197.783370961,-107.491405958,25.6869868978,59.6909987241,59.6909987241,56.5729869201
1921,1,0,positive,0.197682581201,-0.107491405958,0.025538898194,197.682581201,-107.491405958,25.538898194,59.5902089637,59.5902089637,56.4248982163
1922,0,0,positive,0.197263722424,-0.107491405958,0.024820520093,197.263722424,-107.491405958,24.820520093,59.1713501872,59.1713501872,55.7065201153
1922,1,0,positive,0.197130190186,-0.107491405958,0.0245867311086,197.130190186,-107.491405958,24.5867311086,59.0378179486,59.0378179486,55.4727311309
1923,0,0,positive,0.198762956131,-0.107491405958,0.0273596495141,198.762956131,-107.491405958,27.3596495141,60.6705838936,60.6705838936,58.2456495364
1923,1,0,positive,0.198523999722,-0.107491405958,0.0270419065367,198.523999722,-107.491405958,27.0419065367,60.4316274851,60.4316274851,57.927906559
1924,0,0,positive,0.20760875008,-0.107491405958,0.0342731744854,207.60875008,-107.491405958,34.2731744854,69.5163778428,69.5163778428,65.1591745076
1924,1,0,positive,0.206707401517,-0.107491405958,0.0324728864064,206.707401517,-107.491405958,32.4728864064,68.6150292797,68.6150292797,63.3588864287
1925,0,0,positive,0.206682957022,-0.107491405958,0.032421187289,206.682957022,-107.491405958,32.421187289,68.5905847848,68.5905847848,63.3071873113
1925,1,0,positive,0.206707401517,-0.107491405958,0.0324728864064,206.707401517,-107.491405958,32.4728864064,68.6150292797,68.6150292797,63.3588864287
1926,0,0,positive,0.204550450032,-0.107491405958,0.0284278615615,204.550450032,-107.491405958,28.4278615615,66.4580777951,66.4580777951,59.3138615838
1926,1,0,positive,0.205411595301,-0.107491405958,0.0299382002374,205.411595301,-107.491405958,29.9382002374,67.3192230636,67.3192230636,60.8242002597
1927,0,0,positive,0.205719932541,-0.107491405958,0.0305602604451,205.719932541,-107.491405958,30.5602604451,67.6275603038,67.6275603038,61.4462604674
1927,1,0,positive,0.205411595301,-0.107491405958,0.0299382002374,205.411595301,-107.491405958,29.9382002374,67.3192230636,67.3192230636,60.8242002597
1928,0,0,positive,0.205719932541,-0.107491405958,0.0305602604451,205.719932541,-107.491405958,30.5602604451,67.6275603038,67.6275603038,61.4462604674
1928,1,0,positive,0.205735876736,-0.107491405958,0.0305906888353,205.735876736,-107.491405958,30.5906888353,67.6435044987,67.6435044987,61.4766888576
1929,0,0,positive,0.205735876736,-0.107491405958,0.0305906888353,205.735876736,-107.491405958,30.5906888353,67.6435044987,67.6435044987,61.4766888576
1929,1,0,positive,0.20574623942,-0.107491405958,0.0306077905496,205.74623942,-107.491405958,30.6077905496,67.653867183,67.653867183,61.4937905719
1930,0,0,positive,0.206682957022,-0.107491405958,0.032421187289,206.682957022,-107.491405958,32.421187289,68.5905847848,68.5905847848,63.3071873113
1930,1,0,positive,0.20574623942,-0.107491405958,0.0306077905496,205.74623942,-107.491405958,30.6077905496,67.653867183,67.653867183,61.4937905719
1931,0,0,positive,0.20760875008,-0.107491405958,0.0342731744854,207.60875008,-107.491405958,34.2731744854,69.5163778428,69.5163778428,65.1591745076
1931,1,0,positive,0.207733847807,-0.107491405958,0.0345099944521,207.733847807,-107.491405958,34.5099944521,69.6414755702,69.6414755702,65.3959944744
1932,0,0,positive,0.208296618503,-0.107491405958,0.0356877445528,208.296618503,-107.491405958,35.6877445528,70.204246266,70.204246266,66.5737445751
1932,1,0,positive,0.207733847807,-0.107491405958,0.0345099944521,207.733847807,-107.491405958,34.5099944521,69.6414755702,69.6414755702,65.3959944744
1933,0,0,positive,0.209221849091,-0.107491405958,0.0377340185358,209.221849091,-107.491405958,37.7340185358,71.1294768539,71.1294768539,68.6200185581
1933,1,0,positive,0.208842211588,-0.107491405958,0.0368662984879,208.842211588,-107.491405958,36.8662984879,70.7498393507,70.7498393507,67.7522985102
1934,0,0,positive,0.20416595881,-0.107491405958,0.0381034948479,204.16595881,-107.491405958,38.1034948479,66.0735865729,66.0735865729,68.9894948702
1934,1,0,positive,0.203899342193,-0.107491405958,0.0372438250289,203.899342193,-107.491405958,37.2438250289,65.8069699558,65.8069699558,68.1298250512
1935,0,0,positive,0.204304307526,-0.107491405958,0.0383592906366,204.304307526,-107.491405958,38.3592906366,66.2119352884,66.2119352884,69.2452906589
1935,1,0,positive,0.20416595881,-0.107491405958,0.0381034948479,204.16595881,-107.491405958,38.1034948479,66.0735865729,66.0735865729,68.9894948702
1936,0,0,positive,0.204386797109,-0.107491405958,0.0386042503603,204.386797109,-107.491405958,38.6042503603,66.2944248715,66.2944248715,69.4902503826
1936,1,0,positive,0.204304307526,-0.107491405958,0.0383592906366,204.304307526,-107.491405958,38.3592906366,66.2119352884,66.2119352884,69.2452906589
1937,0,0,positive,0.202636502573,-0.107491405958,0.0342611219271,202.636502573,-107.491405958,34.2611219271,64.5441303355,64.5441303355,65.1471219494
1937,1,0,positive,0.202677908576,-0.107491405958,0.0343546784715,202.677908576,-107.491405958,34.3546784715,64.5855363386,64.5855363386,65.2406784937
1938,0,0,positive,0.202921852496,-0.107491405958,0.0348376785026,202.921852496,-107.491405958,34.8376785026,64.8294802584,64.8294802584,65.7236785249
1938,1,0,positive,0.202746384908,-0.107491405958,0.0345026683783,202.746384908,-107.491405958,34.5026683783,64.6540126711,64.6540126711,65.3886684006
1939,0,0,positive,0.202921852496,-0.107491405958,0.0348376785026,202.921852496,-107.491405958,34.8376785026,64.8294802584,64.8294802584,65.7236785249
1939,1,0,positive,0.20308166556,-0.107491405958,0.0351363784431,203.08166556,-107.491405958,35.1363784431,64.9892933233,64.9892933233,66.0223784654
1940,0,0,positive,0.203267102663,-0.107491405958,0.0358191243606,203.267102663,-107.491405958,35.8191243606,65.174730426,65.174730426,66.7051243829
1940,1,0,positive,0.20308166556,-0.107491405958,0.0351363784431,203.08166556,-107.491405958,35.1363784431,64.9892933233,64.9892933233,66.0223784654
1941,0,0,positive,0.203267102663,-0.107491405958,0.0358191243606,203.267102663,-107.491405958,35.8191243606,65.174730426,65.174730426,66.7051243829
1941,1,0,positive,0.203390340246,-0.107491405958,0.0360356658508,203.390340246,-107.491405958,36.0356658508,65.2979680084,65.2979680084,66.9216658731
1942,0,0,positive,0.202677908576,-0.107491405958,0.0343546784715,202.677908576,-107.491405958,34.3546784715,64.5855363386,64.5855363386,65.2406784937
1942,1,0,positive,0.202746384908,-0.107491405958,0.0345026683783,202.746384908,-107.491405958,34.5026683783,64.6540126711,64.6540126711,65.3886684006
1943,0,0,positive,0.203815894941,-0.107491405958,0.0370287368791,203.815894941,-107.491405958,37.0287368791,65.7235227042,65.7235227042,67.9147369014
1943,1,0,positive,0.203390340246,-0.107491405958,0.0360356658508,203.390340246,-107.491405958,36.0356658508,65.2979680084,65.2979680084,66.9216658731
1944,0,0,positive,0.203815894941,-0.107491405958,0.0370287368791,203.815894941,-107.491405958,37.0287368791,65.7235227042,65.7235227042,67.9147369014
1944,1,0,positive,0.203857928358,-0.107491405958,0.0371297585984,203.857928358,-107.491405958,37.1297585984,65.7655561204,65.7655561204,68.0157586207
1945,0,0,positive,0.203857928358,-0.107491405958,0.0371297585984,203.857928358,-107.491405958,37.1297585984,65.7655561204,65.7655561204,68.0157586207
1945,1,0,positive,0.203899342193,-0.107491405958,0.0372438250289,203.899342193,-107.491405958,37.2438250289,65.8069699558,65.8069699558,68.1298250512
1946,0,0,positive,0.200804963112,-0.107491405958,0.0312826366625,200.804963112,-107.491405958,31.2826366625,62.7125908752,62.7125908752,62.1686366847
1946,1,0,positive,0.201032945184,-0.107491405958,0.031564004256,201.032945184,-107.491405958,31.564004256,62.940572947,62.940572947,62.4500042783
1947,0,0,positive,0.200622522825,-0.107491405958,0.031047577808,200.622522825,-107.491405958,31.047577808,62.5301505881,62.5301505881,61.9335778303
1947,1,0,positive,0.200443508524,-0.107491405958,0.0307055867543,200.443508524,-107.491405958,30.7055867543,62.3511362871,62.3511362871,61.5915867766
1948,0,0,positive,0.200804963112,-0.107491405958,0.0312826366625,200.804963112,-107.491405958,31.2826366625,62.7125908752,62.7125908752,62.1686366847
1948,1,0,positive,0.200622522825,-0.107491405958,0.031047577808,200.622522825,-107.491405958,31.047577808,62.5301505881,62.5301505881,61.9335778303
1949,0,0,positive,0.201649359014,-0.107491405958,0.0325436565371,201.649359014,-107.491405958,32.5436565371,63.556986777,63.556986777,63.4296565594
1949,1,0,positive,0.201687727657,-0.107491405958,0.0325912168553,201.687727657,-107.491405958,32.5912168553,63.5953554195,63.5953554195,63.4772168776
1950,0,0,positive,0.201649359014,-0.107491405958,0.0325436565371,201.649359014,-107.491405958,32.5436565371,63.556986777,63.556986777,63.4296565594
1950,1,0,positive,0.201450350505,-0.107491405958,0.0322609969216,201.450350505,-107.491405958,32.2609969216,63.357978268,63.357978268,63.1469969439
1951,0,0,positive,0.201372184901,-0.107491405958,0.0321418376422,201.372184901,-107.491405958,32.1418376422,63.2798126636,63.2798126636,63.0278376645
1951,1,0,positive,0.201256799865,-0.107491405958,0.0319871107994,201.256799865,-107.491405958,31.9871107994,63.164427628,63.164427628,62.8731108217
1952,0,0,positive,0.201450350505,-0.107491405958,0.0322609969216,201.450350505,-107.491405958,32.2609969216,63.357978268,63.357978268,63.1469969439
1952,1,0,positive,0.201372184901,-0.107491405958,0.0321418376422,201.372184901,-107.491405958,32.1418376422,63.2798126636,63.2798126636,63.0278376645
1953,0,0,positive,0.201032945184,-0.107491405958,0.031564004256,201.032945184,-107.491405958,31.564004256,62.940572947,62.940572947,62.4500042783
1953,1,0,positive,0.201256799865,-0.107491405958,0.0319871107994,201.256799865,-107.491405958,31.9871107994,63.164427628,63.164427628,62.8731108217
1954,0,0,positive,0.201929505408,-0.107491405958,0.0331885457585,201.929505408,-107.491405958,33.1885457585,63.8371331705,63.8371331705,64.0745457808
1954,1,0,positive,0.201687727657,-0.107491405958,0.0325912168553,201.687727657,-107.491405958,32.5912168553,63.5953554195,63.5953554195,63.4772168776
1955,0,0,positive,0.201929505408,-0.107491405958,0.0331885457585,201.929505408,-107.491405958,33.1885457585,63.8371331705,63.8371331705,64.0745457808
1955,1,0,positive,0.201971314915,-0.107491405958,0.0332592790817,201.971314915,-107.491405958,33.2592790817,63.8789426779,63.8789426779,64.145279104
1956,0,0,positive,0.202636502573,-0.107491405958,0.0342611219271,202.636502573,-107.491405958,34.2611219271,64.5441303355,64.5441303355,65.1471219494
1956,1,0,positive,0.201971314915,-0.107491405958,0.0332592790817,201.971314915,-107.491405958,33.2592790817,63.8789426779,63.8789426779,64.145279104
1957,0,0,positive,0.200017689295,-0.107491405958,0.0296102324433,200.017689295,-107.491405958,29.6102324433,61.9253170577,61.9253170577,60.4962324656
1957,1,0,positive,0.200138621009,-0.107491405958,0.0298225467946,200.138621009,-107.491405958,29.8225467946,62.0462487714,62.0462487714,60.7085468169
1958,0,0,positive,0.200017689295,-0.107491405958,0.0296102324433,200.017689295,-107.491405958,29.6102324433,61.9253170577,61.9253170577,60.4962324656
1958,1,0,positive,0.199921047865,-0.107491405958,0.0292333139636,199.921047865,-107.491405958,29.2333139636,61.8286756278,61.8286756278,60.1193139859
1959,0,0,positive,0.200285219861,-0.107491405958,0.0302820563952,200.285219861,-107.491405958,30.2820563952,62.1928476236,62.1928476236,61.1680564175
1959,1,0,positive,0.200138621009,-0.107491405958,0.0298225467946,200.138621009,-107.491405958,29.8225467946,62.0462487714,62.0462487714,60.7085468169
1960,0,0,positive,0.200285219861,-0.107491405958,0.0302820563952,200.285219861,-107.491405958,30.2820563952,62.1928476236,62.1928476236,61.1680564175
1960,1,0,positive,0.200326331818,-0.107491405958,0.0304105515482,200.326331818,-107.491405958,30.4105515482,62.2339595806,62.2339595806,61.2965515705
1961,0,0,positive,0.200326331818,-0.107491405958,0.0304105515482,200.326331818,-107.491405958,30.4105515482,62.2339595806,62.2339595806,61.2965515705
1961,1,0,positive,0.200443508524,-0.107491405958,0.0307055867543,200.443508524,-107.491405958,30.7055867543,62.3511362871,62.3511362871,61.5915867766
1962,0,0,positive,0.195441494811,-0.107491405958,0.0218636960912,195.441494811,-107.491405958,21.8636960912,57.3491225736,57.3491225736,52.7496961135
1962,1,0,positive,0.195702130274,-0.107491405958,0.0222140331082,195.702130274,-107.491405958,22.2140331082,57.6097580365,57.6097580365,53.1000331305
1963,0,0,positive,0.195354274756,-0.107491405958,0.021625351624,195.354274756,-107.491405958,21.625351624,57.2619025191,57.2619025191,52.5113516463
1963,1,0,positive,0.195234815363,-0.107491405958,0.0213396282374,195.234815363,-107.491405958,21.3396282374,57.1424431255,57.1424431255,52.2256282597
1964,0,0,positive,0.195441494811,-0.107491405958,0.0218636960912,195.441494811,-107.491405958,21.8636960912,57.3491225736,57.3491225736,52.7496961135
1964,1,0,positive,0.195354274756,-0.107491405958,0.021625351624,195.354274756,-107.491405958,21.625351624,57.2619025191,57.2619025191,52.5113516463
1965,0,0,positive,0.194865682896,-0.107491405958,0.0205773600152,194.865682896,-107.491405958,20.5773600152,56.7733106583,56.7733106583,51.4633600375
1965,1,0,positive,0.195234815363,-0.107491405958,0.0213396282374,195.234815363,-107.491405958,21.3396282374,57.1424431255,57.1424431255,52.2256282597
1966,0,0,positive,0.196373149415,-0.107491405958,0.0235449667046,196.373149415,-107.491405958,23.5449667046,58.2807771782,58.2807771782,54.4309667269
1966,1,0,positive,0.196139123262,-0.107491405958,0.0230905354501,196.139123262,-107.491405958,23.0905354501,58.0467510252,58.0467510252,53.9765354724
1967,0,0,positive,0.195972135278,-0.107491405958,0.0227496650067,195.972135278,-107.491405958,22.7496650067,57.8797630412,57.8797630412,53.635665029
1967,1,0,positive,0.195702130274,-0.107491405958,0.0222140331082,195.702130274,-107.491405958,22.2140331082,57.6097580365,57.6097580365,53.1000331305
1968,0,0,positive,0.195972135278,-0.107491405958,0.0227496650067,195.972135278,-107.491405958,22.7496650067,57.8797630412,57.8797630412,53.635665029
1968,1,0,positive,0.196004782444,-0.107491405958,0.022814502011,196.004782444,-107.491405958,22.814502011,57.912410207,57.912410207,53.7005020332
1969,0,0,positive,0.196004782444,-0.107491405958,0.022814502011,196.004782444,-107.491405958,22.814502011,57.912410207,57.912410207,53.7005020332
1969,1,0,positive,0.196139123262,-0.107491405958,0.0230905354501,196.139123262,-107.491405958,23.0905354501,58.0467510252,58.0467510252,53.9765354724
1970,0,0,positive,0.196474734038,-0.107491405958,0.0237285361648,196.474734038,-107.491405958,23.7285361648,58.382361801,58.382361801,54.6145361871
1970,1,0,positive,0.196710416611,-0.107491405958,0.0240321919939,196.710416611,-107.491405958,24.0321919939,58.6180443741,58.6180443741,54.9181920162
1971,0,0,positive,0.196710416611,-0.107491405958,0.0240321919939,196.710416611,-107.491405958,24.0321919939,58.6180443741,58.6180443741,54.9181920162
1971,1,0,positive,0.196955203574,-0.107491405958,0.0243403517085,196.955203574,-107.491405958,24.3403517085,58.8628313367,58.8628313367,55.2263517308
1972,0,0,positive,0.196474734038,-0.107491405958,0.0237285361648,196.474734038,-107.491405958,23.7285361648,58.382361801,58.382361801,54.6145361871
1972,1,0,positive,0.196373149415,-0.107491405958,0.0235449667046,196.373149415,-107.491405958,23.5449667046,58.2807771782,58.2807771782,54.4309667269
1973,0,0,positive,0.209894992211,-0.107491405958,0.0393522451378,209.894992211,-107.491405958,39.3522451378,71.8026199738,71.8026199738,70.2382451601
1973,1,0,positive,0.209652286338,-0.107491405958,0.038793007559,209.652286338,-107.491405958,38.793007559,71.5599141003,71.5599141003,69.6790075813
1974,0,0,positive,0.210026043342,-0.107491405958,0.0396970865293,210.026043342,-107.491405958,39.6970865293,71.933671105,71.933671105,70.5830865516
1974,1,0,positive,0.209894992211,-0.107491405958,0.0393522451378,209.894992211,-107.491405958,39.3522451378,71.8026199738,71.8026199738,70.2382451601
1975,0,0,positive,0.209221849091,-0.107491405958,0.0377340185358,209.221849091,-107.491405958,37.7340185358,71.1294768539,71.1294768539,68.6200185581
1975,1,0,positive,0.209652286338,-0.107491405958,0.038793007559,209.652286338,-107.491405958,38.793007559,71.5599141003,71.5599141003,69.6790075813
1976,0,0,positive,0.205718672914,-0.107491405958,0.0404249158065,205.718672914,-107.491405958,40.4249158065,67.626300677,67.626300677,71.3109158288
1976,1,0,positive,0.205942686818,-0.107491405958,0.0410121276733,205.942686818,-107.491405958,41.0121276733,67.8503145808,67.8503145808,71.8981276956
1977,0,0,positive,0.205355553713,-0.107491405958,0.0398111927277,205.355553713,-107.491405958,39.8111927277,67.2631814761,67.2631814761,70.69719275
1977,1,0,positive,0.205679797293,-0.107491405958,0.0403278714885,205.679797293,-107.491405958,40.3278714885,67.5874250559,67.5874250559,71.2138715108
1978,0,0,positive,0.205718672914,-0.107491405958,0.0404249158065,205.718672914,-107.491405958,40.4249158065,67.626300677,67.626300677,71.3109158288
1978,1,0,positive,0.205679797293,-0.107491405958,0.0403278714885,205.679797293,-107.491405958,40.3278714885,67.5874250559,67.5874250559,71.2138715108
1979,0,0,positive,0.205316696548,-0.107491405958,0.0397680776409,205.316696548,-107.491405958,39.7680776409,67.2243243104,67.2243243104,70.6540776632
1979,1,0,positive,0.205238558991,-0.107491405958,0.0396850249947,205.238558991,-107.491405958,39.6850249947,67.1461867542,67.1461867542,70.571025017
1980,0,0,positive,0.205355553713,-0.107491405958,0.0398111927277,205.355553713,-107.491405958,39.8111927277,67.2631814761,67.2631814761,70.69719275
1980,1,0,positive,0.205316696548,-0.107491405958,0.0397680776409,205.316696548,-107.491405958,39.7680776409,67.2243243104,67.2243243104,70.6540776632
1981,0,0,positive,0.204760898841,-0.107491405958,0.0392173814607,204.760898841,-107.491405958,39.2173814607,66.6685266041,66.6685266041,70.103381483
1981,1,0,positive,0.205238558991,-0.107491405958,0.0396850249947,205.238558991,-107.491405958,39.6850249947,67.1461867542,67.1461867542,70.571025017
1982,0,0,positive,0.204760898841,-0.107491405958,0.0392173814607,204.760898841,-107.491405958,39.2173814607,66.6685266041,66.6685266041,70.103381483
1982,1,0,positive,0.204733576979,-0.107491405958,0.03918735575,204.733576979,-107.491405958,39.18735575,66.6412047418,66.6412047418,70.0733557723
1983,0,0,positive,0.204386797109,-0.107491405958,0.0386042503603,204.386797109,-107.491405958,38.6042503603,66.2944248715,66.2944248715,69.4902503826
1983,1,0,positive,0.204733576979,-0.107491405958,0.03918735575,204.733576979,-107.491405958,39.18735575,66.6412047418,66.6412047418,70.0733557723
1984,0,0,positive,0.205942686818,-0.107491405958,0.0410121276733,205.942686818,-107.491405958,41.0121276733,67.8503145808,67.8503145808,71.8981276956
1984,1,0,positive,0.206129022877,-0.107491405958,0.0417886104358,206.129022877,-107.491405958,41.7886104358,68.0366506396,68.0366506396,72.6746104581
1985,0,0,positive,0.206271389257,-0.107491405958,0.0423953391262,206.271389257,-107.491405958,42.3953391262,68.1790170201,68.1790170201,73.2813391484
1985,1,0,positive,0.206129022877,-0.107491405958,0.0417886104358,206.129022877,-107.491405958,41.7886104358,68.0366506396,68.0366506396,72.6746104581
1986,0,0,positive,0.206271389257,-0.107491405958,0.0423953391262,206.271389257,-107.491405958,42.3953391262,68.1790170201,68.1790170201,73.2813391484
1986,1,0,positive,0.206515638586,-0.107491405958,0.0432816261554,206.515638586,-107.491405958,43.2816261554,68.4232663485,68.4232663485,74.1676261777
1987,0,0,positive,0.207739294261,-0.107491405958,0.0457059752834,207.739294261,-107.491405958,45.7059752834,69.6469220234,69.6469220234,76.5919753057
1987,1,0,positive,0.20764307074,-0.107491405958,0.0455391180365,207.64307074,-107.491405958,45.5391180365,69.550698503,69.550698503,76.4251180588
1988,0,0,positive,0.209454612553,-0.107491405958,0.0479499133379,209.454612553,-107.491405958,47.9499133379,71.3622403159,71.3622403159,78.8359133602
1988,1,0,positive,0.209528907934,-0.107491405958,0.0481262651157,209.528907934,-107.491405958,48.1262651157,71.4365356969,71.4365356969,79.012265138
1989,0,0,positive,0.209454612553,-0.107491405958,0.0479499133379,209.454612553,-107.491405958,47.9499133379,71.3622403159,71.3622403159,78.8359133602
1989,1,0,positive,0.209371577574,-0.107491405958,0.0478002023457,209.371577574,-107.491405958,47.8002023457,71.2792053372,71.2792053372,78.686202368
1990,0,0,positive,0.209371577574,-0.107491405958,0.0478002023457,209.371577574,-107.491405958,47.8002023457,71.2792053372,71.2792053372,78.686202368
1990,1,0,positive,0.209129849577,-0.107491405958,0.0474883230694,209.129849577,-107.491405958,47.4883230694,71.0374773394,71.0374773394,78.3743230917
1991,0,0,positive,0.208881304098,-0.107491405958,0.0472545815559,208.881304098,-107.491405958,47.2545815559,70.7889318611,70.7889318611,78.1405815782
1991,1,0,positive,0.209129849577,-0.107491405958,0.0474883230694,209.129849577,-107.491405958,47.4883230694,71.0374773394,71.0374773394,78.3743230917
1992,0,0,positive,0.208810988446,-0.107491405958,0.0471117320864,208.810988446,-107.491405958,47.1117320864,70.7186162088,70.7186162088,77.9977321087
1992,1,0,positive,0.208583958026,-0.107491405958,0.0468377936108,208.583958026,-107.491405958,46.8377936108,70.4915857884,70.4915857884,77.7237936331
1993,0,0,positive,0.207834346165,-0.107491405958,0.0458523236057,207.834346165,-107.491405958,45.8523236057,69.7419739278,69.7419739278,76.738323628
1993,1,0,positive,0.20803722427,-0.107491405958,0.0461113635644,208.03722427,-107.491405958,46.1113635644,69.9448520332,69.9448520332,76.9973635867
1994,0,0,positive,0.20803722427,-0.107491405958,0.0461113635644,208.03722427,-107.491405958,46.1113635644,69.9448520332,69.9448520332,76.9973635867
1994,1,0,positive,0.208078221051,-0.107491405958,0.0462102208389,208.078221051,-107.491405958,46.2102208389,69.9858488139,69.9858488139,77.0962208612
1995,0,0,positive,0.208078221051,-0.107491405958,0.0462102208389,208.078221051,-107.491405958,46.2102208389,69.9858488139,69.9858488139,77.0962208612
1995,1,0,positive,0.208583958026,-0.107491405958,0.0468377936108,208.583958026,-107.491405958,46.8377936108,70.4915857884,70.4915857884,77.7237936331
1996,0,0,positive,0.207834346165,-0.107491405958,0.0458523236057,207.834346165,-107.491405958,45.8523236057,69.7419739278,69.7419739278,76.738323628
1996,1,0,positive,0.207739294261,-0.107491405958,0.0457059752834,207.739294261,-107.491405958,45.7059752834,69.6469220234,69.6469220234,76.5919753057
1997,0,0,positive,0.208881304098,-0.107491405958,0.0472545815559,208.881304098,-107.491405958,47.2545815559,70.7889318611,70.7889318611,78.1405815782
1997,1,0,positive,0.208810988446,-0.107491405958,0.0471117320864,208.810988446,-107.491405958,47.1117320864,70.7186162088,70.7186162088,77.9977321087
1998,0,0,positive,0.206836387301,-0.107491405958,0.0440118032597,206.836387301,-107.491405958,44.0118032597,68.7440150642,68.7440150642,74.897803282
1998,1,0,positive,0.207188011309,-0.107491405958,0.0446963825553,207.188011309,-107.491405958,44.6963825553,69.0956390716,69.0956390716,75.5823825776
1999,0,0,positive,0.207188011309,-0.107491405958,0.0446963825553,207.188011309,-107.491405958,44.6963825553,69.0956390716,69.0956390716,75.5823825776
1999,1,0,positive,0.20764307074,-0.107491405958,0.0455391180365,207.64307074,-107.491405958,45.5391180365,69.550698503,69.550698503,76.4251180588
2000,0,0,positive,0.206836387301,-0.107491405958,0.0440118032597,206.836387301,-107.491405958,44.0118032597,68.7440150642,68.7440150642,74.897803282
2000,1,0,positive,0.206515638586,-0.107491405958,0.0432816261554,206.515638586,-107.491405958,43.2816261554,68.4232663485,68.4232663485,74.1676261777
2001,0,0,positive,0.209528907934,-0.107491405958,0.0481262651157,209.528907934,-107.491405958,48.1262651157,71.4365356969,71.4365356969,79.012265138
2001,1,0,positive,0.209549534433,-0.107491405958,0.0483042274722,209.549534433,-107.491405958,48.3042274722,71.4571621961,71.4571621961,79.1902274945
2002,0,0,positive,0.209793388016,-0.107491405958,0.0490085456262,209.793388016,-107.491405958,49.0085456262,71.7010157789,71.7010157789,79.8945456485
2002,1,0,positive,0.209549534433,-0.107491405958,0.0483042274722,209.549534433,-107.491405958,48.3042274722,71.4571621961,71.4571621961,79.1902274945
2003,0,0,positive,0.209793388016,-0.107491405958,0.0490085456262,209.793388016,-107.491405958,49.0085456262,71.7010157789,71.7010157789,79.8945456485
2003,1,0,positive,0.209870002616,-0.107491405958,0.0491648875186,209.870002616,-107.491405958,49.1648875186,71.7776303792,71.7776303792,80.0508875409
2004,0,0,positive,0.19447131055,-0.107491405958,0.0199478813795,194.47131055,-107.491405958,19.9478813795,56.3789383132,56.3789383132,50.8338814018
2004,1,0,positive,0.194735515252,-0.107491405958,0.0204045251439,194.735515252,-107.491405958,20.4045251439,56.6431430152,56.6431430152,51.2905251662
2005,0,0,positive,0.19447131055,-0.107491405958,0.0199478813795,194.47131055,-107.491405958,19.9478813795,56.3789383132,56.3789383132,50.8338814018
2005,1,0,positive,0.194393358142,-0.107491405958,0.0198396532389,194.393358142,-107.491405958,19.8396532389,56.3009859051,56.3009859051,50.7256532612
2006,0,0,positive,0.194865682896,-0.107491405958,0.0205773600152,194.865682896,-107.491405958,20.5773600152,56.7733106583,56.7733106583,51.4633600375
2006,1,0,positive,0.194735515252,-0.107491405958,0.0204045251439,194.735515252,-107.491405958,20.4045251439,56.6431430152,56.6431430152,51.2905251662
2007,0,0,positive,0.232407431908,-0.107491405958,0.0981658997238,232.407431908,-107.491405958,98.1658997238,94.3150596711,94.3150596711,129.051899746
2007,1,0,positive,0.232396580085,-0.107491405958,0.0981193590721,232.396580085,-107.491405958,98.1193590721,94.3042078478,94.3042078478,129.005359094
2008,0,0,positive,0.232407431908,-0.107491405958,0.0981658997238,232.407431908,-107.491405958,98.1658997238,94.3150596711,94.3150596711,129.051899746
2008,1,0,positive,0.233004537693,-0.107491405958,0.100591657005,233.004537693,-107.491405958,100.591657005,94.9121654563,94.9121654563,131.477657028
2009,0,0,positive,0.233004537693,-0.107491405958,0.100591657005,233.004537693,-107.491405958,100.591657005,94.9121654563,94.9121654563,131.477657028
2009,1,0,positive,0.233166127712,-0.107491405958,0.101276166085,233.166127712,-107.491405958,101.276166085,95.0737554745,95.0737554745,132.162166107
2010,0,0,positive,0.233166127712,-0.107491405958,0.101276166085,233.166127712,-107.491405958,101.276166085,95.0737554745,95.0737554745,132.162166107
2010,1,0,positive,0.233382217269,-0.107491405958,0.101984155435,233.382217269,-107.491405958,101.984155435,95.2898450319,95.2898450319,132.870155458
2011,0,0,positive,0.233752900275,-0.107491405958,0.103648731662,233.752900275,-107.491405958,103.648731662,95.6605280381,95.6605280381,134.534731684
2011,1,0,positive,0.233830947282,-0.107491405958,0.104077126535,233.830947282,-107.491405958,104.077126535,95.7385750444,95.7385750444,134.963126557
2012,0,0,positive,0.233545072951,-0.107491405958,0.102687162206,233.545072951,-107.491405958,102.687162206,95.4527007141,95.4527007141,133.573162228
2012,1,0,positive,0.233752900275,-0.107491405958,0.103648731662,233.752900275,-107.491405958,103.648731662,95.6605280381,95.6605280381,134.534731684
2013,0,0,positive,0.233437033876,-0.107491405958,0.102191542457,233.437033876,-107.491405958,102.191542457,95.344661639,95.344661639,133.077542479
2013,1,0,positive,0.233382217269,-0.107491405958,0.101984155435,233.382217269,-107.491405958,101.984155435,95.2898450319,95.2898450319,132.870155458
2014,0,0,positive,0.233545072951,-0.107491405958,0.102687162206,233.545072951,-107.491405958,102.687162206,95.4527007141,95.4527007141,133.573162228
2014,1,0,positive,0.233437033876,-0.107491405958,0.102191542457,233.437033876,-107.491405958,102.191542457,95.344661639,95.344661639,133.077542479
2015,0,0,positive,0.231720861635,-0.107491405958,0.0954486370288,231.720861635,-107.491405958,95.4486370288,93.6284893982,93.6284893982,126.334637051
2015,1,0,positive,0.232157156082,-0.107491405958,0.0972736580147,232.157156082,-107.491405958,97.2736580147,94.0647838447,94.0647838447,128.159658037
2016,0,0,positive,0.232162941638,-0.107491405958,0.097298059222,232.162941638,-107.491405958,97.298059222,94.0705694005,94.0705694005,128.184059244
2016,1,0,positive,0.232157156082,-0.107491405958,0.0972736580147,232.157156082,-107.491405958,97.2736580147,94.0647838447,94.0647838447,128.159658037
2017,0,0,positive,0.231513076019,-0.107491405958,0.0947758027393,231.513076019,-107.491405958,94.7758027393,93.4207037816,93.4207037816,125.661802762
2017,1,0,positive,0.231720861635,-0.107491405958,0.0954486370288,231.720861635,-107.491405958,95.4486370288,93.6284893982,93.6284893982,126.334637051
2018,0,0,positive,0.231513076019,-0.107491405958,0.0947758027393,231.513076019,-107.491405958,94.7758027393,93.4207037816,93.4207037816,125.661802762
2018,1,0,positive,0.231474736386,-0.107491405958,0.0946259900099,231.474736386,-107.491405958,94.6259900099,93.3823641488,93.3823641488,125.511990032
2019,0,0,positive,0.232394315545,-0.107491405958,0.0981081519672,232.394315545,-107.491405958,98.1081519672,94.3019433079,94.3019433079,128.994151989
2019,1,0,positive,0.232389821073,-0.107491405958,0.0980909755502,232.389821073,-107.491405958,98.0909755502,94.2974488355,94.2974488355,128.976975572
2020,0,0,positive,0.232162941638,-0.107491405958,0.097298059222,232.162941638,-107.491405958,97.298059222,94.0705694005,94.0705694005,128.184059244
2020,1,0,positive,0.232389821073,-0.107491405958,0.0980909755502,232.389821073,-107.491405958,98.0909755502,94.2974488355,94.2974488355,128.976975572
2021,0,0,positive,0.232396580085,-0.107491405958,0.0981193590721,232.396580085,-107.491405958,98.1193590721,94.3042078478,94.3042078478,129.005359094
2021,1,0,positive,0.232394315545,-0.107491405958,0.0981081519672,232.394315545,-107.491405958,98.1081519672,94.3019433079,94.3019433079,128.994151989
2022,0,0,positive,0.227479816663,-0.107491405958,0.0953944282891,227.479816663,-107.491405958,95.3944282891,89.3874444257,89.3874444257,126.280428311
2022,1,0,positive,0.227460972576,-0.107491405958,0.095051782121,227.460972576,-107.491405958,95.051782121,89.3686003385,89.3686003385,125.937782143
2023,0,0,positive,0.227639250519,-0.107491405958,0.096173337577,227.639250519,-107.491405958,96.173337577,89.546878282,89.546878282,127.059337599
2023,1,0,positive,0.227479816663,-0.107491405958,0.0953944282891,227.479816663,-107.491405958,95.3944282891,89.3874444257,89.3874444257,126.280428311
2024,0,0,positive,0.227828375017,-0.107491405958,0.0974307218836,227.828375017,-107.491405958,97.4307218836,89.7360027799,89.7360027799,128.316721906
2024,1,0,positive,0.227808826559,-0.107491405958,0.0969757714535,227.808826559,-107.491405958,96.9757714535,89.7164543221,89.7164543221,127.861771476
2025,0,0,positive,0.227639250519,-0.107491405958,0.096173337577,227.639250519,-107.491405958,96.173337577,89.546878282,89.546878282,127.059337599
2025,1,0,positive,0.227662689708,-0.107491405958,0.0963352650438,227.662689708,-107.491405958,96.3352650438,89.5703174704,89.5703174704,127.221265066
2026,0,0,positive,0.227662689708,-0.107491405958,0.0963352650438,227.662689708,-107.491405958,96.3352650438,89.5703174704,89.5703174704,127.221265066
2026,1,0,positive,0.227675306199,-0.107491405958,0.0963831671969,227.675306199,-107.491405958,96.3831671969,89.5829339619,89.5829339619,127.269167219
2027,0,0,positive,0.227808826559,-0.107491405958,0.0969757714535,227.808826559,-107.491405958,96.9757714535,89.7164543221,89.7164543221,127.861771476
2027,1,0,positive,0.227675306199,-0.107491405958,0.0963831671969,227.675306199,-107.491405958,96.3831671969,89.5829339619,89.5829339619,127.269167219
2028,0,0,positive,0.227907626262,-0.107491405958,0.0978119267813,227.907626262,-107.491405958,97.8119267813,89.8152540252,89.8152540252,128.697926804
2028,1,0,positive,0.228065264847,-0.107491405958,0.0980469176917,228.065264847,-107.491405958,98.0469176917,89.9728926096,89.9728926096,128.932917714
2029,0,0,positive,0.228398854436,-0.107491405958,0.0995015712309,228.398854436,-107.491405958,99.5015712309,90.3064821984,90.3064821984,130.387571253
2029,1,0,positive,0.228509480526,-0.107491405958,0.0998336846325,228.509480526,-107.491405958,99.8336846325,90.4171082886,90.4171082886,130.719684655
2030,0,0,positive,0.228225176113,-0.107491405958,0.0983439766856,228.225176113,-107.491405958,98.3439766856,90.1328038763,90.1328038763,129.229976708
2030,1,0,positive,0.228065264847,-0.107491405958,0.0980469176917,228.065264847,-107.491405958,98.0469176917,89.9728926096,89.9728926096,128.932917714
2031,0,0,positive,0.228225176113,-0.107491405958,0.0983439766856,228.225176113,-107.491405958,98.3439766856,90.1328038763,90.1328038763,129.229976708
2031,1,0,positive,0.228330731776,-0.107491405958,0.0991893063977,228.330731776,-107.491405958,99.1893063977,90.2383595385,90.2383595385,130.07530642
2032,0,0,positive,0.228398854436,-0.107491405958,0.0995015712309,228.398854436,-107.491405958,99.5015712309,90.3064821984,90.3064821984,130.387571253
2032,1,0,positive,0.228330731776,-0.107491405958,0.0991893063977,228.330731776,-107.491405958,99.1893063977,90.2383595385,90.2383595385,130.07530642
2033,0,0,positive,0.227828375017,-0.107491405958,0.0974307218836,227.828375017,-107.491405958,97.4307218836,89.7360027799,89.7360027799,128.316721906
2033,1,0,positive,0.227836707847,-0.107491405958,0.0974539187534,227.836707847,-107.491405958,97.4539187534,89.7443356093,89.7443356093,128.339918776
2034,0,0,positive,0.227907626262,-0.107491405958,0.0978119267813,227.907626262,-107.491405958,97.8119267813,89.8152540252,89.8152540252,128.697926804
2034,1,0,positive,0.227836707847,-0.107491405958,0.0974539187534,227.836707847,-107.491405958,97.4539187534,89.7443356093,89.7443356093,128.339918776
2035,0,0,positive,0.229379463661,-0.107491405958,0.103279811026,229.379463661,-107.491405958,103.279811026,91.2870914238,91.2870914238,134.165811048
2035,1,0,positive,0.229331695966,-0.107491405958,0.103143975228,229.331695966,-107.491405958,103.143975228,91.2393237291,91.2393237291,134.02997525
2036,0,0,positive,0.229379463661,-0.107491405958,0.103279811026,229.379463661,-107.491405958,103.279811026,91.2870914238,91.2870914238,134.165811048
2036,1,0,positive,0.229581063571,-0.107491405958,0.103748328465,229.581063571,-107.491405958,103.748328465,91.4886913336,91.4886913336,134.634328487
2037,0,0,positive,0.229581063571,-0.107491405958,0.103748328465,229.581063571,-107.491405958,103.748328465,91.4886913336,91.4886913336,134.634328487
2037,1,0,positive,0.229741396529,-0.107491405958,0.104404583422,229.741396529,-107.491405958,104.404583422,91.6490242919,91.6490242919,135.290583444
2038,0,0,positive,0.229764835261,-0.107491405958,0.104550367442,229.764835261,-107.491405958,104.550367442,91.6724630237,91.6724630237,135.436367464
2038,1,0,positive,0.229741396529,-0.107491405958,0.104404583422,229.741396529,-107.491405958,104.404583422,91.6490242919,91.6490242919,135.290583444
2039,0,0,positive,0.228617665174,-0.107491405958,0.100034483652,228.617665174,-107.491405958,100.034483652,90.5252929365,90.5252929365,130.920483675
2039,1,0,positive,0.228509480526,-0.107491405958,0.0998336846325,228.509480526,-107.491405958,99.8336846325,90.4171082886,90.4171082886,130.719684655
2040,0,0,positive,0.228617665174,-0.107491405958,0.100034483652,228.617665174,-107.491405958,100.034483652,90.5252929365,90.5252929365,130.920483675
2040,1,0,positive,0.228761734627,-0.107491405958,0.100394610439,228.761734627,-107.491405958,100.394610439,90.6693623903,90.6693623903,131.280610461
2041,0,0,positive,0.228818725298,-0.107491405958,0.100637030312,228.818725298,-107.491405958,100.637030312,90.7263530612,90.7263530612,131.523030334
2041,1,0,positive,0.229033863329,-0.107491405958,0.100953953596,229.033863329,-107.491405958,100.953953596,90.941491092,90.941491092,131.839953618
2042,0,0,positive,0.228818725298,-0.107491405958,0.100637030312,228.818725298,-107.491405958,100.637030312,90.7263530612,90.7263530612,131.523030334
2042,1,0,positive,0.228761734627,-0.107491405958,0.100394610439,228.761734627,-107.491405958,100.394610439,90.6693623903,90.6693623903,131.280610461
2043,0,0,positive,0.229033863329,-0.107491405958,0.100953953596,229.033863329,-107.491405958,100.953953596,90.941491092,90.941491092,131.839953618
2043,1,0,positive,0.229082338025,-0.107491405958,0.101222504889,229.082338025,-107.491405958,101.222504889,90.9899657882,90.9899657882,132.108504911
2044,0,0,positive,0.229124213816,-0.107491405958,0.101331961104,229.124213816,-107.491405958,101.331961104,91.0318415792,91.0318415792,132.217961126
2044,1,0,positive,0.229082338025,-0.107491405958,0.101222504889,229.082338025,-107.491405958,101.222504889,90.9899657882,90.9899657882,132.108504911
2045,0,0,positive,0.229124213816,-0.107491405958,0.101331961104,229.124213816,-107.491405958,101.331961104,91.0318415792,91.0318415792,132.217961126
2045,1,0,positive,0.229102636777,-0.107491405958,0.101739512033,229.102636777,-107.491405958,101.739512033,91.0102645401,91.0102645401,132.625512055
2046,0,0,positive,0.229159520242,-0.107491405958,0.102318248749,229.159520242,-107.491405958,102.318248749,91.0671480051,91.0671480051,133.204248772
2046,1,0,positive,0.229102636777,-0.107491405958,0.101739512033,229.102636777,-107.491405958,101.739512033,91.0102645401,91.0102645401,132.625512055
2047,0,0,positive,0.229159520242,-0.107491405958,0.102318248749,229.159520242,-107.491405958,102.318248749,91.0671480051,91.0671480051,133.204248772
2047,1,0,positive,0.229178977153,-0.107491405958,0.102500039852,229.178977153,-107.491405958,102.500039852,91.0866049158,91.0866049158,133.386039874
2048,0,0,positive,0.229178977153,-0.107491405958,0.102500039852,229.178977153,-107.491405958,102.500039852,91.0866049158,91.0866049158,133.386039874
2048,1,0,positive,0.229279779668,-0.107491405958,0.102946237183,229.279779668,-107.491405958,102.946237183,91.1874074303,91.1874074303,133.832237205
2049,0,0,positive,0.229331695966,-0.107491405958,0.103143975228,229.331695966,-107.491405958,103.143975228,91.2393237291,91.2393237291,134.02997525
2049,1,0,positive,0.229279779668,-0.107491405958,0.102946237183,229.279779668,-107.491405958,102.946237183,91.1874074303,91.1874074303,133.832237205
2050,0,0,positive,0.234140702526,-0.107491405958,0.105881735454,234.140702526,-107.491405958,105.881735454,96.0483302885,96.0483302885,136.767735476
2050,1,0,positive,0.23403361237,-0.107491405958,0.10524122615,234.03361237,-107.491405958,105.24122615,95.9412401332,95.9412401332,136.127226172
2051,0,0,positive,0.234178067467,-0.107491405958,0.10603925713,234.178067467,-107.491405958,106.03925713,96.0856952296,96.0856952296,136.925257152
2051,1,0,positive,0.234140702526,-0.107491405958,0.105881735454,234.140702526,-107.491405958,105.881735454,96.0483302885,96.0483302885,136.767735476
2052,0,0,positive,0.234314105012,-0.107491405958,0.10663684381,234.314105012,-107.491405958,106.63684381,96.2217327748,96.2217327748,137.522843832
2052,1,0,positive,0.234178067467,-0.107491405958,0.10603925713,234.178067467,-107.491405958,106.03925713,96.0856952296,96.0856952296,136.925257152
2053,0,0,positive,0.235175445921,-0.107491405958,0.110304097622,235.175445921,-107.491405958,110.304097622,97.0830736834,97.0830736834,141.190097645
2053,1,0,positive,0.234955131526,-0.107491405958,0.109427246764,234.955131526,-107.491405958,109.427246764,96.8627592892,96.8627592892,140.313246787
2054,0,0,positive,0.234845671577,-0.107491405958,0.109069782739,234.845671577,-107.491405958,109.069782739,96.7532993394,96.7532993394,139.955782761
2054,1,0,positive,0.234955131526,-0.107491405958,0.109427246764,234.955131526,-107.491405958,109.427246764,96.8627592892,96.8627592892,140.313246787
2055,0,0,positive,0.235455689478,-0.107491405958,0.111148664907,235.455689478,-107.491405958,111.148664907,97.3633172411,97.3633172411,142.034664929
2055,1,0,positive,0.235547839043,-0.107491405958,0.111415350952,235.547839043,-107.491405958,111.415350952,97.4554668063,97.4554668063,142.301350974
2056,0,0,positive,0.235455689478,-0.107491405958,0.111148664907,235.455689478,-107.491405958,111.148664907,97.3633172411,97.3633172411,142.034664929
2056,1,0,positive,0.235175445921,-0.107491405958,0.110304097622,235.175445921,-107.491405958,110.304097622,97.0830736834,97.0830736834,141.190097645
2057,0,0,positive,0.235682820865,-0.107491405958,0.112455089854,235.682820865,-107.491405958,112.455089854,97.5904486277,97.5904486277,143.341089876
2057,1,0,positive,0.236135792192,-0.107491405958,0.113525122079,236.135792192,-107.491405958,113.525122079,98.043419955,98.043419955,144.411122101
2058,0,0,positive,0.235682820865,-0.107491405958,0.112455089854,235.682820865,-107.491405958,112.455089854,97.5904486277,97.5904486277,143.341089876
2058,1,0,positive,0.235637199544,-0.107491405958,0.112362067592,235.637199544,-107.491405958,112.362067592,97.5448273067,97.5448273067,143.248067614
2059,0,0,positive,0.23561937895,-0.107491405958,0.111804984442,235.61937895,-107.491405958,111.804984442,97.5270067127,97.5270067127,142.690984465
2059,1,0,positive,0.235624825078,-0.107491405958,0.112282942634,235.624825078,-107.491405958,112.282942634,97.5324528405,97.5324528405,143.168942656
2060,0,0,positive,0.23561937895,-0.107491405958,0.111804984442,235.61937895,-107.491405958,111.804984442,97.5270067127,97.5270067127,142.690984465
2060,1,0,positive,0.235547839043,-0.107491405958,0.111415350952,235.547839043,-107.491405958,111.415350952,97.4554668063,97.4554668063,142.301350974
2061,0,0,positive,0.235637199544,-0.107491405958,0.112362067592,235.637199544,-107.491405958,112.362067592,97.5448273067,97.5448273067,143.248067614
2061,1,0,positive,0.235624825078,-0.107491405958,0.112282942634,235.624825078,-107.491405958,112.282942634,97.5324528405,97.5324528405,143.168942656
2062,0,0,positive,0.233830947282,-0.107491405958,0.104077126535,233.830947282,-107.491405958,104.077126535,95.7385750444,95.7385750444,134.963126557
2062,1,0,positive,0.23403361237,-0.107491405958,0.10524122615,234.03361237,-107.491405958,105.24122615,95.9412401332,95.9412401332,136.127226172
2063,0,0,positive,0.234314105012,-0.107491405958,0.10663684381,234.314105012,-107.491405958,106.63684381,96.2217327748,96.2217327748,137.522843832
2063,1,0,positive,0.234759972251,-0.107491405958,0.108673651566,234.759972251,-107.491405958,108.673651566,96.667600014,96.667600014,139.559651588
2064,0,0,positive,0.234759972251,-0.107491405958,0.108673651566,234.759972251,-107.491405958,108.673651566,96.667600014,96.667600014,139.559651588
2064,1,0,positive,0.234845671577,-0.107491405958,0.109069782739,234.845671577,-107.491405958,109.069782739,96.7532993394,96.7532993394,139.955782761
2065,0,0,positive,0.230255001896,-0.107491405958,0.106577081477,230.255001896,-107.491405958,106.577081477,92.1626296592,92.1626296592,137.463081499
2065,1,0,positive,0.230437664312,-0.107491405958,0.107098723062,230.437664312,-107.491405958,107.098723062,92.3452920745,92.3452920745,137.984723084
2066,0,0,positive,0.230437664312,-0.107491405958,0.107098723062,230.437664312,-107.491405958,107.098723062,92.3452920745,92.3452920745,137.984723084
2066,1,0,positive,0.230563059585,-0.107491405958,0.107683881334,230.563059585,-107.491405958,107.683881334,92.4706873477,92.4706873477,138.569881356
2067,0,0,positive,0.230701778755,-0.107491405958,0.108035121824,230.701778755,-107.491405958,108.035121824,92.6094065176,92.6094065176,138.921121846
2067,1,0,positive,0.230563059585,-0.107491405958,0.107683881334,230.563059585,-107.491405958,107.683881334,92.4706873477,92.4706873477,138.569881356
2068,0,0,positive,0.230701778755,-0.107491405958,0.108035121824,230.701778755,-107.491405958,108.035121824,92.6094065176,92.6094065176,138.921121846
2068,1,0,positive,0.23084641257,-0.107491405958,0.10827231588,230.84641257,-107.491405958,108.27231588,92.7540403326,92.7540403326,139.158315902
2069,0,0,positive,0.23087112806,-0.107491405958,0.10834197027,230.87112806,-107.491405958,108.34197027,92.7787558228,92.7787558228,139.227970292
2069,1,0,positive,0.23084641257,-0.107491405958,0.10827231588,230.84641257,-107.491405958,108.27231588,92.7540403326,92.7540403326,139.158315902
2070,0,0,positive,0.23087112806,-0.107491405958,0.10834197027,230.87112806,-107.491405958,108.34197027,92.7787558228,92.7787558228,139.227970292
2070,1,0,positive,0.231026769747,-0.107491405958,0.108844616752,231.026769747,-107.491405958,108.844616752,92.9343975093,92.9343975093,139.730616774
2071,0,0,positive,0.231107516156,-0.107491405958,0.109433626276,231.107516156,-107.491405958,109.433626276,93.0151439186,93.0151439186,140.319626299
2071,1,0,positive,0.231026769747,-0.107491405958,0.108844616752,231.026769747,-107.491405958,108.844616752,92.9343975093,92.9343975093,139.730616774
2072,0,0,positive,0.231107516156,-0.107491405958,0.109433626276,231.107516156,-107.491405958,109.433626276,93.0151439186,93.0151439186,140.319626299
2072,1,0,positive,0.23118486027,-0.107491405958,0.109787936355,231.18486027,-107.491405958,109.787936355,93.0924880325,93.0924880325,140.673936377
2073,0,0,positive,0.229840006412,-0.107491405958,0.104845181644,229.840006412,-107.491405958,104.845181644,91.7476341752,91.7476341752,135.731181666
2073,1,0,positive,0.230032327185,-0.107491405958,0.105240644496,230.032327185,-107.491405958,105.240644496,91.939954948,91.939954948,136.126644518
2074,0,0,positive,0.229840006412,-0.107491405958,0.104845181644,229.840006412,-107.491405958,104.845181644,91.7476341752,91.7476341752,135.731181666
2074,1,0,positive,0.229764835261,-0.107491405958,0.104550367442,229.764835261,-107.491405958,104.550367442,91.6724630237,91.6724630237,135.436367464
2075,0,0,positive,0.230084109013,-0.107491405958,0.105580498739,230.084109013,-107.491405958,105.580498739,91.9917367755,91.9917367755,136.466498762
2075,1,0,positive,0.230032327185,-0.107491405958,0.105240644496,230.032327185,-107.491405958,105.240644496,91.939954948,91.939954948,136.126644518
2076,0,0,positive,0.230084109013,-0.107491405958,0.105580498739,230.084109013,-107.491405958,105.580498739,91.9917367755,91.9917367755,136.466498762
2076,1,0,positive,0.230130449806,-0.107491405958,0.105947821835,230.130449806,-107.491405958,105.947821835,92.038077569,92.038077569,136.833821857
2077,0,0,positive,0.230255001896,-0.107491405958,0.106577081477,230.255001896,-107.491405958,106.577081477,92.1626296592,92.1626296592,137.463081499
2077,1,0,positive,0.230112650855,-0.107491405958,0.106091681555,230.112650855,-107.491405958,106.091681555,92.0202786177,92.0202786177,136.977681578
2078,0,0,positive,0.230130449806,-0.107491405958,0.105947821835,230.130449806,-107.491405958,105.947821835,92.038077569,92.038077569,136.833821857
2078,1,0,positive,0.230112650855,-0.107491405958,0.106091681555,230.112650855,-107.491405958,106.091681555,92.0202786177,92.0202786177,136.977681578
2079,0,0,positive,0.231352671786,-0.107491405958,0.110507532906,231.352671786,-107.491405958,110.507532906,93.260299549,93.260299549,141.393532928
2079,1,0,positive,0.231199253584,-0.107491405958,0.109895261113,231.199253584,-107.491405958,109.895261113,93.1068813468,93.1068813468,140.781261135
2080,0,0,positive,0.23118486027,-0.107491405958,0.109787936355,231.18486027,-107.491405958,109.787936355,93.0924880325,93.0924880325,140.673936377
2080,1,0,positive,0.231199253584,-0.107491405958,0.109895261113,231.199253584,-107.491405958,109.895261113,93.1068813468,93.1068813468,140.781261135
2081,0,0,positive,0.231637290767,-0.107491405958,0.111760532712,231.637290767,-107.491405958,111.760532712,93.5449185293,93.5449185293,142.646532734
2081,1,0,positive,0.231388292974,-0.107491405958,0.11067082123,231.388292974,-107.491405958,110.67082123,93.2959207367,93.2959207367,141.556821252
2082,0,0,positive,0.231352671786,-0.107491405958,0.110507532906,231.352671786,-107.491405958,110.507532906,93.260299549,93.260299549,141.393532928
2082,1,0,positive,0.231388292974,-0.107491405958,0.11067082123,231.388292974,-107.491405958,110.67082123,93.2959207367,93.2959207367,141.556821252
2083,0,0,positive,0.23182632333,-0.107491405958,0.112342846177,231.82632333,-107.491405958,112.342846177,93.7339510929,93.7339510929,143.228846199
2083,1,0,positive,0.231813451347,-0.107491405958,0.112208269694,231.813451347,-107.491405958,112.208269694,93.7210791098,93.7210791098,143.094269717
2084,0,0,positive,0.231808969832,-0.107491405958,0.112181117325,231.808969832,-107.491405958,112.181117325,93.7165975944,93.7165975944,143.067117347
2084,1,0,positive,0.231784204997,-0.107491405958,0.112119244979,231.784204997,-107.491405958,112.119244979,93.6918327597,93.6918327597,143.005245002
2085,0,0,positive,0.231813451347,-0.107491405958,0.112208269694,231.813451347,-107.491405958,112.208269694,93.7210791098,93.7210791098,143.094269717
2085,1,0,positive,0.231808969832,-0.107491405958,0.112181117325,231.808969832,-107.491405958,112.181117325,93.7165975944,93.7165975944,143.067117347
2086,0,0,positive,0.23172626879,-0.107491405958,0.113789982762,231.72626879,-107.491405958,113.789982762,93.6338965532,93.6338965532,144.675982784
2086,1,0,positive,0.231723826376,-0.107491405958,0.113890971117,231.723826376,-107.491405958,113.890971117,93.6314541393,93.6314541393,144.776971139
2087,0,0,positive,0.231727213583,-0.107491405958,0.113696638186,231.727213583,-107.491405958,113.696638186,93.634841346,93.634841346,144.582638208
2087,1,0,positive,0.23172626879,-0.107491405958,0.113789982762,231.72626879,-107.491405958,113.789982762,93.6338965532,93.6338965532,144.675982784
2088,0,0,positive,0.231723826376,-0.107491405958,0.113890971117,231.723826376,-107.491405958,113.890971117,93.6314541393,93.6314541393,144.776971139
2088,1,0,positive,0.231733349139,-0.107491405958,0.113951917762,231.733349139,-107.491405958,113.951917762,93.6409769021,93.6409769021,144.837917784
2089,0,0,positive,0.231733349139,-0.107491405958,0.113951917762,231.733349139,-107.491405958,113.951917762,93.6409769021,93.6409769021,144.837917784
2089,1,0,positive,0.231739013877,-0.107491405958,0.114098379189,231.739013877,-107.491405958,114.098379189,93.6466416393,93.6466416393,144.984379212
2090,0,0,positive,0.231637290767,-0.107491405958,0.111760532712,231.637290767,-107.491405958,111.760532712,93.5449185293,93.5449185293,142.646532734
2090,1,0,positive,0.231784204997,-0.107491405958,0.112119244979,231.784204997,-107.491405958,112.119244979,93.6918327597,93.6918327597,143.005245002
2091,0,0,positive,0.23182632333,-0.107491405958,0.112342846177,231.82632333,-107.491405958,112.342846177,93.7339510929,93.7339510929,143.228846199
2091,1,0,positive,0.231871074148,-0.107491405958,0.112908176071,231.871074148,-107.491405958,112.908176071,93.778701911,93.778701911,143.794176094
2092,0,0,positive,0.231727213583,-0.107491405958,0.113696638186,231.727213583,-107.491405958,113.696638186,93.634841346,93.634841346,144.582638208
2092,1,0,positive,0.231871074148,-0.107491405958,0.112908176071,231.871074148,-107.491405958,112.908176071,93.778701911,93.778701911,143.794176094
2093,0,0,positive,0.237591941997,-0.107491405958,0.117079872272,237.591941997,-107.491405958,117.079872272,99.4995697602,99.4995697602,147.965872294
2093,1,0,positive,0.237363313621,-0.107491405958,0.116513552808,237.363313621,-107.491405958,116.513552808,99.2709413833,99.2709413833,147.399552831
2094,0,0,positive,0.236874273434,-0.107491405958,0.115435177997,236.874273434,-107.491405958,115.435177997,98.7819011967,98.7819011967,146.32117802
2094,1,0,positive,0.237363313621,-0.107491405958,0.116513552808,237.363313621,-107.491405958,116.513552808,99.2709413833,99.2709413833,147.399552831
2095,0,0,positive,0.237591941997,-0.107491405958,0.117079872272,237.591941997,-107.491405958,117.079872272,99.4995697602,99.4995697602,147.965872294
2095,1,0,positive,0.237800719477,-0.107491405958,0.117665135375,237.800719477,-107.491405958,117.665135375,99.7083472398,99.7083472398,148.551135397
2096,0,0,positive,0.237991356873,-0.107491405958,0.118097248404,237.991356873,-107.491405958,118.097248404,99.8989846355,99.8989846355,148.983248426
2096,1,0,positive,0.237800719477,-0.107491405958,0.117665135375,237.800719477,-107.491405958,117.665135375,99.7083472398,99.7083472398,148.551135397
2097,0,0,positive,0.237991356873,-0.107491405958,0.118097248404,237.991356873,-107.491405958,118.097248404,99.8989846355,99.8989846355,148.983248426
2097,1,0,positive,0.238285243566,-0.107491405958,0.118710244348,238.285243566,-107.491405958,118.710244348,100.192871329,100.192871329,149.59624437
2098,0,0,positive,0.236206071896,-0.107491405958,0.113739108633,236.206071896,-107.491405958,113.739108633,98.1136996587,98.1136996587,144.625108655
2098,1,0,positive,0.236135792192,-0.107491405958,0.113525122079,236.135792192,-107.491405958,113.525122079,98.043419955,98.043419955,144.411122101
2099,0,0,positive,0.236206071896,-0.107491405958,0.113739108633,236.206071896,-107.491405958,113.739108633,98.1136996587,98.1136996587,144.625108655
2099,1,0,positive,0.236853518794,-0.107491405958,0.115389926678,236.853518794,-107.491405958,115.389926678,98.7611465571,98.7611465571,146.2759267
2100,0,0,positive,0.236874273434,-0.107491405958,0.115435177997,236.874273434,-107.491405958,115.435177997,98.7819011967,98.7819011967,146.32117802
2100,1,0,positive,0.236853518794,-0.107491405958,0.115389926678,236.853518794,-107.491405958,115.389926678,98.7611465571,98.7611465571,146.2759267
2101,0,0,positive,0.234094410237,-0.107491405958,0.121523243548,234.094410237,-107.491405958,121.523243548,96.0020379997,96.0020379997,152.409243571
2101,1,0,positive,0.233860297762,-0.107491405958,0.120968484269,233.860297762,-107.491405958,120.968484269,95.7679255252,95.7679255252,151.854484292
2102,0,0,positive,0.232307001696,-0.107491405958,0.116086898698,232.307001696,-107.491405958,116.086898698,94.214629459,94.214629459,146.972898721
2102,1,0,positive,0.232432399032,-0.107491405958,0.116475101702,232.432399032,-107.491405958,116.475101702,94.340026795,94.340026795,147.361101725
2103,0,0,positive,0.23205382947,-0.107491405958,0.11540450945,232.05382947,-107.491405958,115.40450945,93.9614572324,93.9614572324,146.290509472
2103,1,0,positive,0.23182007518,-0.107491405958,0.114758323779,231.82007518,-107.491405958,114.758323779,93.7277029432,93.7277029432,145.644323801
2104,0,0,positive,0.232307001696,-0.107491405958,0.116086898698,232.307001696,-107.491405958,116.086898698,94.214629459,94.214629459,146.972898721
2104,1,0,positive,0.23205382947,-0.107491405958,0.11540450945,232.05382947,-107.491405958,115.40450945,93.9614572324,93.9614572324,146.290509472
2105,0,0,positive,0.231794071203,-0.107491405958,0.114613835101,231.794071203,-107.491405958,114.613835101,93.7016989656,93.7016989656,145.499835123
2105,1,0,positive,0.231739013877,-0.107491405958,0.114098379189,231.739013877,-107.491405958,114.098379189,93.6466416393,93.6466416393,144.984379212
2106,0,0,positive,0.231794071203,-0.107491405958,0.114613835101,231.794071203,-107.491405958,114.613835101,93.7016989656,93.7016989656,145.499835123
2106,1,0,positive,0.23182007518,-0.107491405958,0.114758323779,231.82007518,-107.491405958,114.758323779,93.7277029432,93.7277029432,145.644323801
2107,0,0,positive,0.232671241409,-0.107491405958,0.117254455113,232.671241409,-107.491405958,117.254455113,94.5788691723,94.5788691723,148.140455136
2107,1,0,positive,0.232732407939,-0.107491405958,0.117426270887,232.732407939,-107.491405958,117.426270887,94.640035702,94.640035702,148.312270909
2108,0,0,positive,0.233097551729,-0.107491405958,0.118635445574,233.097551729,-107.491405958,118.635445574,95.0051794916,95.0051794916,149.521445596
2108,1,0,positive,0.232926717118,-0.107491405958,0.118165708126,232.926717118,-107.491405958,118.165708126,94.8343448804,94.8343448804,149.051708148
2109,0,0,positive,0.232874992274,-0.107491405958,0.118030060007,232.874992274,-107.491405958,118.030060007,94.7826200372,94.7826200372,148.91606003
2109,1,0,positive,0.232732407939,-0.107491405958,0.117426270887,232.732407939,-107.491405958,117.426270887,94.640035702,94.640035702,148.312270909
2110,0,0,positive,0.232874992274,-0.107491405958,0.118030060007,232.874992274,-107.491405958,118.030060007,94.7826200372,94.7826200372,148.91606003
2110,1,0,positive,0.232926717118,-0.107491405958,0.118165708126,232.926717118,-107.491405958,118.165708126,94.8343448804,94.8343448804,149.051708148
2111,0,0,positive,0.232671241409,-0.107491405958,0.117254455113,232.671241409,-107.491405958,117.254455113,94.5788691723,94.5788691723,148.140455136
2111,1,0,positive,0.232432399032,-0.107491405958,0.116475101702,232.432399032,-107.491405958,116.475101702,94.340026795,94.340026795,147.361101725
2112,0,0,positive,0.233142218364,-0.107491405958,0.118745588045,233.142218364,-107.491405958,118.745588045,95.0498461271,95.0498461271,149.631588067
2112,1,0,positive,0.233097551729,-0.107491405958,0.118635445574,233.097551729,-107.491405958,118.635445574,95.0051794916,95.0051794916,149.521445596
2113,0,0,positive,0.233207962803,-0.107491405958,0.118868071305,233.207962803,-107.491405958,118.868071305,95.1155905658,95.1155905658,149.754071327
2113,1,0,positive,0.233371832394,-0.107491405958,0.119322569313,233.371832394,-107.491405958,119.322569313,95.2794601572,95.2794601572,150.208569335
2114,0,0,positive,0.233485669242,-0.107491405958,0.119898702359,233.485669242,-107.491405958,119.898702359,95.3932970043,95.3932970043,150.784702382
2114,1,0,positive,0.233371832394,-0.107491405958,0.119322569313,233.371832394,-107.491405958,119.322569313,95.2794601572,95.2794601572,150.208569335
2115,0,0,positive,0.23372913037,-0.107491405958,0.12054791607,233.72913037,-107.491405958,120.54791607,95.6367581328,95.6367581328,151.433916092
2115,1,0,positive,0.233538600423,-0.107491405958,0.120092817932,233.538600423,-107.491405958,120.092817932,95.4462281862,95.4462281862,150.978817954
2116,0,0,positive,0.233485669242,-0.107491405958,0.119898702359,233.485669242,-107.491405958,119.898702359,95.3932970043,95.3932970043,150.784702382
2116,1,0,positive,0.233538600423,-0.107491405958,0.120092817932,233.538600423,-107.491405958,120.092817932,95.4462281862,95.4462281862,150.978817954
2117,0,0,positive,0.23372913037,-0.107491405958,0.12054791607,233.72913037,-107.491405958,120.54791607,95.6367581328,95.6367581328,151.433916092
2117,1,0,positive,0.233748735222,-0.107491405958,0.12066290923,233.748735222,-107.491405958,120.66290923,95.6563629845,95.6563629845,151.548909253
2118,0,0,positive,0.233207962803,-0.107491405958,0.118868071305,233.207962803,-107.491405958,118.868071305,95.1155905658,95.1155905658,149.754071327
2118,1,0,positive,0.233142218364,-0.107491405958,0.118745588045,233.142218364,-107.491405958,118.745588045,95.0498461271,95.0498461271,149.631588067
2119,0,0,positive,0.233748735222,-0.107491405958,0.12066290923,233.748735222,-107.491405958,120.66290923,95.6563629845,95.6563629845,151.548909253
2119,1,0,positive,0.233860297762,-0.107491405958,0.120968484269,233.860297762,-107.491405958,120.968484269,95.7679255252,95.7679255252,151.854484292
2120,0,0,positive,0.212542171704,-0.107491405958,0.0548853558931,212.542171704,-107.491405958,54.8853558931,74.4497994671,74.4497994671,85.7713559154
2120,1,0,positive,0.212503180204,-0.107491405958,0.0548094928576,212.503180204,-107.491405958,54.8094928576,74.4108079672,74.4108079672,85.6954928799
2121,0,0,positive,0.211965992024,-0.107491405958,0.0539997507541,211.965992024,-107.491405958,53.9997507541,73.8736197866,73.8736197866,84.8857507764
2121,1,0,positive,0.21221711963,-0.107491405958,0.0544076691583,212.21711963,-107.491405958,54.4076691583,74.1247473925,74.1247473925,85.2936691806
2122,0,0,positive,0.21233727099,-0.107491405958,0.054610357708,212.33727099,-107.491405958,54.610357708,74.2448987524,74.2448987524,85.4963577303
2122,1,0,positive,0.212503180204,-0.107491405958,0.0548094928576,212.503180204,-107.491405958,54.8094928576,74.4108079672,74.4108079672,85.6954928799
2123,0,0,positive,0.21233727099,-0.107491405958,0.054610357708,212.33727099,-107.491405958,54.610357708,74.2448987524,74.2448987524,85.4963577303
2123,1,0,positive,0.21221711963,-0.107491405958,0.0544076691583,212.21711963,-107.491405958,54.4076691583,74.1247473925,74.1247473925,85.2936691806
2124,0,0,positive,0.213463095679,-0.107491405958,0.0564195416133,213.463095679,-107.491405958,56.4195416133,75.3707234416,75.3707234416,87.3055416356
2124,1,0,positive,0.213498397931,-0.107491405958,0.0564748669859,213.498397931,-107.491405958,56.4748669859,75.4060256943,75.4060256943,87.3608670082
2125,0,0,positive,0.213463095679,-0.107491405958,0.0564195416133,213.463095679,-107.491405958,56.4195416133,75.3707234416,75.3707234416,87.3055416356
2125,1,0,positive,0.213148654999,-0.107491405958,0.0559934340064,213.148654999,-107.491405958,55.9934340064,75.056282762,75.056282762,86.8794340287
2126,0,0,positive,0.213071432932,-0.107491405958,0.0558372394279,213.071432932,-107.491405958,55.8372394279,74.9790606945,74.9790606945,86.7232394501
2126,1,0,positive,0.212938451727,-0.107491405958,0.0556511619597,212.938451727,-107.491405958,55.6511619597,74.8460794901,74.8460794901,86.537161982
2127,0,0,positive,0.213148654999,-0.107491405958,0.0559934340064,213.148654999,-107.491405958,55.9934340064,75.056282762,75.056282762,86.8794340287
2127,1,0,positive,0.213071432932,-0.107491405958,0.0558372394279,213.071432932,-107.491405958,55.8372394279,74.9790606945,74.9790606945,86.7232394501
2128,0,0,positive,0.212746926701,-0.107491405958,0.0552952943457,212.746926701,-107.491405958,55.2952943457,74.6545544638,74.6545544638,86.181294368
2128,1,0,positive,0.212938451727,-0.107491405958,0.0556511619597,212.938451727,-107.491405958,55.6511619597,74.8460794901,74.8460794901,86.537161982
2129,0,0,positive,0.213707362497,-0.107491405958,0.0573165102026,213.707362497,-107.491405958,57.3165102026,75.6149902597,75.6149902597,88.2025102249
2129,1,0,positive,0.213518923417,-0.107491405958,0.0565400858306,213.518923417,-107.491405958,56.5400858306,75.4265511797,75.4265511797,87.4260858529
2130,0,0,positive,0.213498397931,-0.107491405958,0.0564748669859,213.498397931,-107.491405958,56.4748669859,75.4060256943,75.4060256943,87.3608670082
2130,1,0,positive,0.21350335853,-0.107491405958,0.0564890438632,213.50335853,-107.491405958,56.4890438632,75.4109862932,75.4109862932,87.3750438855
2131,0,0,positive,0.21350335853,-0.107491405958,0.0564890438632,213.50335853,-107.491405958,56.4890438632,75.4109862932,75.4109862932,87.3750438855
2131,1,0,positive,0.213518923417,-0.107491405958,0.0565400858306,213.518923417,-107.491405958,56.5400858306,75.4265511797,75.4265511797,87.4260858529
2132,0,0,positive,0.212542171704,-0.107491405958,0.0548853558931,212.542171704,-107.491405958,54.8853558931,74.4497994671,74.4497994671,85.7713559154
2132,1,0,positive,0.212746926701,-0.107491405958,0.0552952943457,212.746926701,-107.491405958,55.2952943457,74.6545544638,74.6545544638,86.181294368
2133,0,0,positive,0.225488737354,-0.107491405958,0.0761004012682,225.488737354,-107.491405958,76.1004012682,87.3963651167,87.3963651167,106.98640129
2133,1,0,positive,0.225413932773,-0.107491405958,0.07590349803,225.413932773,-107.491405958,75.90349803,87.3215605361,87.3215605361,106.789498052
2134,0,0,positive,0.225626594429,-0.107491405958,0.0764754202115,225.626594429,-107.491405958,76.4754202115,87.5342221916,87.5342221916,107.361420234
2134,1,0,positive,0.225488737354,-0.107491405958,0.0761004012682,225.488737354,-107.491405958,76.1004012682,87.3963651167,87.3963651167,106.98640129
2135,0,0,positive,0.22680034339,-0.107491405958,0.0798954818394,226.80034339,-107.491405958,79.8954818394,88.7079711531,88.7079711531,110.781481862
2135,1,0,positive,0.2267363593,-0.107491405958,0.0796803594987,226.7363593,-107.491405958,79.6803594987,88.6439870632,88.6439870632,110.566359521
2136,0,0,positive,0.227053183503,-0.107491405958,0.0805705927283,227.053183503,-107.491405958,80.5705927283,88.9608112656,88.9608112656,111.456592751
2136,1,0,positive,0.226869544826,-0.107491405958,0.0801006676824,226.869544826,-107.491405958,80.1006676824,88.777172589,88.777172589,110.986667705
2137,0,0,positive,0.226869544826,-0.107491405958,0.0801006676824,226.869544826,-107.491405958,80.1006676824,88.777172589,88.777172589,110.986667705
2137,1,0,positive,0.22680034339,-0.107491405958,0.0798954818394,226.80034339,-107.491405958,79.8954818394,88.7079711531,88.7079711531,110.781481862
2138,0,0,positive,0.228052886687,-0.107491405958,0.0836719433799,228.052886687,-107.491405958,83.6719433799,89.96051445,89.96051445,114.557943402
2138,1,0,positive,0.227896160606,-0.107491405958,0.083133257767,227.896160606,-107.491405958,83.133257767,89.8037883684,89.8037883684,114.019257789
2139,0,0,positive,0.228068558368,-0.107491405958,0.0837338803822,228.068558368,-107.491405958,83.7338803822,89.9761861311,89.9761861311,114.619880405
2139,1,0,positive,0.228052886687,-0.107491405958,0.0836719433799,228.052886687,-107.491405958,83.6719433799,89.96051445,89.96051445,114.557943402
2140,0,0,positive,0.227053183503,-0.107491405958,0.0805705927283,227.053183503,-107.491405958,80.5705927283,88.9608112656,88.9608112656,111.456592751
2140,1,0,positive,0.22743037329,-0.107491405958,0.081586941538,227.43037329,-107.491405958,81.586941538,89.3380010533,89.3380010533,112.47294156
2141,0,0,positive,0.22743037329,-0.107491405958,0.081586941538,227.43037329,-107.491405958,81.586941538,89.3380010533,89.3380010533,112.47294156
2141,1,0,positive,0.227896160606,-0.107491405958,0.083133257767,227.896160606,-107.491405958,83.133257767,89.8037883684,89.8037883684,114.019257789
2142,0,0,positive,0.228082610517,-0.107491405958,0.0837835428333,228.082610517,-107.491405958,83.7835428333,89.9902382793,89.9902382793,114.669542856
2142,1,0,positive,0.228068558368,-0.107491405958,0.0837338803822,228.068558368,-107.491405958,83.7338803822,89.9761861311,89.9761861311,114.619880405
2143,0,0,positive,0.228428154139,-0.107491405958,0.0853585409855,228.428154139,-107.491405958,85.3585409855,90.3357819015,90.3357819015,116.244541008
2143,1,0,positive,0.2284062194,-0.107491405958,0.0852542578984,228.4062194,-107.491405958,85.2542578984,90.3138471627,90.3138471627,116.140257921
2144,0,0,positive,0.2284062194,-0.107491405958,0.0852542578984,228.4062194,-107.491405958,85.2542578984,90.3138471627,90.3138471627,116.140257921
2144,1,0,positive,0.22836814939,-0.107491405958,0.0851093347832,228.36814939,-107.491405958,85.1093347832,90.2757771524,90.2757771524,115.995334805
2145,0,0,positive,0.228082610517,-0.107491405958,0.0837835428333,228.082610517,-107.491405958,83.7835428333,89.9902382793,89.9902382793,114.669542856
2145,1,0,positive,0.22836814939,-0.107491405958,0.0851093347832,228.36814939,-107.491405958,85.1093347832,90.2757771524,90.2757771524,115.995334805
2146,0,0,positive,0.228453098901,-0.107491405958,0.0854371987922,228.453098901,-107.491405958,85.4371987922,90.3607266638,90.3607266638,116.323198815
2146,1,0,positive,0.228986991842,-0.107491405958,0.0872509325537,228.986991842,-107.491405958,87.2509325537,90.8946196052,90.8946196052,118.136932576
2147,0,0,positive,0.229155245344,-0.107491405958,0.0877721748236,229.155245344,-107.491405958,87.7721748236,91.0628731066,91.0628731066,118.658174846
2147,1,0,positive,0.228986991842,-0.107491405958,0.0872509325537,228.986991842,-107.491405958,87.2509325537,90.8946196052,90.8946196052,118.136932576
2148,0,0,positive,0.22944463031,-0.107491405958,0.088623766592,229.44463031,-107.491405958,88.623766592,91.3522580733,91.3522580733,119.509766614
2148,1,0,positive,0.229600419641,-0.107491405958,0.0892558123919,229.600419641,-107.491405958,89.2558123919,91.5080474036,91.5080474036,120.141812414
2149,0,0,positive,0.22944463031,-0.107491405958,0.088623766592,229.44463031,-107.491405958,88.623766592,91.3522580733,91.3522580733,119.509766614
2149,1,0,positive,0.229360433015,-0.107491405958,0.0883269034915,229.360433015,-107.491405958,88.3269034915,91.2680607777,91.2680607777,119.212903514
2150,0,0,positive,0.229155245344,-0.107491405958,0.0877721748236,229.155245344,-107.491405958,87.7721748236,91.0628731066,91.0628731066,118.658174846
2150,1,0,positive,0.229360433015,-0.107491405958,0.0883269034915,229.360433015,-107.491405958,88.3269034915,91.2680607777,91.2680607777,119.212903514
2151,0,0,positive,0.229817894572,-0.107491405958,0.0897527552383,229.817894572,-107.491405958,89.7527552383,91.7255223345,91.7255223345,120.638755261
2151,1,0,positive,0.229947115437,-0.107491405958,0.0900559451687,229.947115437,-107.491405958,90.0559451687,91.8547431993,91.8547431993,120.941945191
2152,0,0,positive,0.229817894572,-0.107491405958,0.0897527552383,229.817894572,-107.491405958,89.7527552383,91.7255223345,91.7255223345,120.638755261
2152,1,0,positive,0.229600419641,-0.107491405958,0.0892558123919,229.600419641,-107.491405958,89.2558123919,91.5080474036,91.5080474036,120.141812414
2153,0,0,positive,0.228453098901,-0.107491405958,0.0854371987922,228.453098901,-107.491405958,85.4371987922,90.3607266638,90.3607266638,116.323198815
2153,1,0,positive,0.228428154139,-0.107491405958,0.0853585409855,228.428154139,-107.491405958,85.3585409855,90.3357819015,90.3357819015,116.244541008
2154,0,0,positive,0.230864118896,-0.107491405958,0.0926837035151,230.864118896,-107.491405958,92.6837035151,92.7717466588,92.7717466588,123.569703537
2154,1,0,positive,0.230519023517,-0.107491405958,0.0916644137512,230.519023517,-107.491405958,91.6644137512,92.4266512801,92.4266512801,122.550413774
2155,0,0,positive,0.230931640627,-0.107491405958,0.092883039076,230.931640627,-107.491405958,92.883039076,92.8392683895,92.8392683895,123.769039098
2155,1,0,positive,0.231112416235,-0.107491405958,0.0934948187576,231.112416235,-107.491405958,93.4948187576,93.020043998,93.020043998,124.38081878
2156,0,0,positive,0.230864118896,-0.107491405958,0.0926837035151,230.864118896,-107.491405958,92.6837035151,92.7717466588,92.7717466588,123.569703537
2156,1,0,positive,0.230931640627,-0.107491405958,0.092883039076,230.931640627,-107.491405958,92.883039076,92.8392683895,92.8392683895,123.769039098
2157,0,0,positive,0.231474736386,-0.107491405958,0.0946259900099,231.474736386,-107.491405958,94.6259900099,93.3823641488,93.3823641488,125.511990032
2157,1,0,positive,0.231112416235,-0.107491405958,0.0934948187576,231.112416235,-107.491405958,93.4948187576,93.020043998,93.020043998,124.38081878
2158,0,0,positive,0.230311218687,-0.107491405958,0.0910712053881,230.311218687,-107.491405958,91.0712053881,92.2188464497,92.2188464497,121.95720541
2158,1,0,positive,0.23044644847,-0.107491405958,0.0914262133458,230.44644847,-107.491405958,91.4262133458,92.3540762326,92.3540762326,122.312213368
2159,0,0,positive,0.23044644847,-0.107491405958,0.0914262133458,230.44644847,-107.491405958,91.4262133458,92.3540762326,92.3540762326,122.312213368
2159,1,0,positive,0.230519023517,-0.107491405958,0.0916644137512,230.519023517,-107.491405958,91.6644137512,92.4266512801,92.4266512801,122.550413774
2160,0,0,positive,0.230311218687,-0.107491405958,0.0910712053881,230.311218687,-107.491405958,91.0712053881,92.2188464497,92.2188464497,121.95720541
2160,1,0,positive,0.229947115437,-0.107491405958,0.0900559451687,229.947115437,-107.491405958,90.0559451687,91.8547431993,91.8547431993,120.941945191
2161,0,0,positive,0.227460972576,-0.107491405958,0.095051782121,227.460972576,-107.491405958,95.051782121,89.3686003385,89.3686003385,125.937782143
2161,1,0,positive,0.22737940813,-0.107491405958,0.0948347992089,227.37940813,-107.491405958,94.8347992089,89.2870358929,89.2870358929,125.720799231
2162,0,0,positive,0.226879962427,-0.107491405958,0.0936196237089,226.879962427,-107.491405958,93.6196237089,88.7875901894,88.7875901894,124.505623731
2162,1,0,positive,0.226806562578,-0.107491405958,0.0935785845402,226.806562578,-107.491405958,93.5785845402,88.7141903409,88.7141903409,124.464584563
2163,0,0,positive,0.226014401187,-0.107491405958,0.0928873583454,226.014401187,-107.491405958,92.8873583454,87.9220289496,87.9220289496,123.773358368
2163,1,0,positive,0.226050242731,-0.107491405958,0.0929315558983,226.050242731,-107.491405958,92.9315558983,87.9578704936,87.9578704936,123.817555921
2164,0,0,positive,0.226383648765,-0.107491405958,0.0933050500895,226.383648765,-107.491405958,93.3050500895,88.2912765282,88.2912765282,124.191050112
2164,1,0,positive,0.226050242731,-0.107491405958,0.0929315558983,226.050242731,-107.491405958,92.9315558983,87.9578704936,87.9578704936,123.817555921
2165,0,0,positive,0.226383648765,-0.107491405958,0.0933050500895,226.383648765,-107.491405958,93.3050500895,88.2912765282,88.2912765282,124.191050112
2165,1,0,positive,0.226806562578,-0.107491405958,0.0935785845402,226.806562578,-107.491405958,93.5785845402,88.7141903409,88.7141903409,124.464584563
2166,0,0,positive,0.227194268265,-0.107491405958,0.0943355955627,227.194268265,-107.491405958,94.3355955627,89.1018960276,89.1018960276,125.221595585
2166,1,0,positive,0.22737940813,-0.107491405958,0.0948347992089,227.37940813,-107.491405958,94.8347992089,89.2870358929,89.2870358929,125.720799231
2167,0,0,positive,0.226919664514,-0.107491405958,0.0936910359251,226.919664514,-107.491405958,93.6910359251,88.8272922763,88.8272922763,124.577035947
2167,1,0,positive,0.227194268265,-0.107491405958,0.0943355955627,227.194268265,-107.491405958,94.3355955627,89.1018960276,89.1018960276,125.221595585
2168,0,0,positive,0.226919664514,-0.107491405958,0.0936910359251,226.919664514,-107.491405958,93.6910359251,88.8272922763,88.8272922763,124.577035947
2168,1,0,positive,0.226879962427,-0.107491405958,0.0936196237089,226.879962427,-107.491405958,93.6196237089,88.7875901894,88.7875901894,124.505623731
2169,0,0,positive,0.224145984594,-0.107491405958,0.0725944444609,224.145984594,-107.491405958,72.5944444609,86.0536123572,86.0536123572,103.480444483
2169,1,0,positive,0.224317397835,-0.107491405958,0.0730571661658,224.317397835,-107.491405958,73.0571661658,86.2250255977,86.2250255977,103.943166188
2170,0,0,positive,0.22500352521,-0.107491405958,0.0747880318022,225.00352521,-107.491405958,74.7880318022,86.9111529728,86.9111529728,105.674031825
2170,1,0,positive,0.224317397835,-0.107491405958,0.0730571661658,224.317397835,-107.491405958,73.0571661658,86.2250255977,86.2250255977,103.943166188
2171,0,0,positive,0.22500352521,-0.107491405958,0.0747880318022,225.00352521,-107.491405958,74.7880318022,86.9111529728,86.9111529728,105.674031825
2171,1,0,positive,0.225413932773,-0.107491405958,0.07590349803,225.413932773,-107.491405958,75.90349803,87.3215605361,87.3215605361,106.789498052
2172,0,0,positive,0.218503151494,-0.107491405958,0.0591979561647,218.503151494,-107.491405958,59.1979561647,80.410779257,80.410779257,90.083956187
2172,1,0,positive,0.218705216551,-0.107491405958,0.0598251610152,218.705216551,-107.491405958,59.8251610152,80.6128443135,80.6128443135,90.7111610375
2173,0,0,positive,0.218930089988,-0.107491405958,0.0604497459069,218.930089988,-107.491405958,60.4497459069,80.837717751,80.837717751,91.3357459292
2173,1,0,positive,0.219332872007,-0.107491405958,0.0615863977945,219.332872007,-107.491405958,61.5863977945,81.2404997698,81.2404997698,92.4723978167
2174,0,0,positive,0.219332872007,-0.107491405958,0.0615863977945,219.332872007,-107.491405958,61.5863977945,81.2404997698,81.2404997698,92.4723978167
2174,1,0,positive,0.219516520551,-0.107491405958,0.0619969556019,219.516520551,-107.491405958,61.9969556019,81.4241483137,81.4241483137,92.8829556242
2175,0,0,positive,0.218846307745,-0.107491405958,0.060173528959,218.846307745,-107.491405958,60.173528959,80.7539355074,80.7539355074,91.0595289813
2175,1,0,positive,0.218705216551,-0.107491405958,0.0598251610152,218.705216551,-107.491405958,59.8251610152,80.6128443135,80.6128443135,90.7111610375
2176,0,0,positive,0.218930089988,-0.107491405958,0.0604497459069,218.930089988,-107.491405958,60.4497459069,80.837717751,80.837717751,91.3357459292
2176,1,0,positive,0.218846307745,-0.107491405958,0.060173528959,218.846307745,-107.491405958,60.173528959,80.7539355074,80.7539355074,91.0595289813
2177,0,0,positive,0.220253561163,-0.107491405958,0.0638280569597,220.253561163,-107.491405958,63.8280569597,82.1611889263,82.1611889263,94.714056982
2177,1,0,positive,0.220889479403,-0.107491405958,0.0653680120305,220.889479403,-107.491405958,65.3680120305,82.7971071657,82.7971071657,96.2540120528
2178,0,0,positive,0.219516520551,-0.107491405958,0.0619969556019,219.516520551,-107.491405958,61.9969556019,81.4241483137,81.4241483137,92.8829556242
2178,1,0,positive,0.220083087069,-0.107491405958,0.0634091028408,220.083087069,-107.491405958,63.4091028408,81.9907148316,81.9907148316,94.2951028631
2179,0,0,positive,0.220197189614,-0.107491405958,0.0636909746233,220.197189614,-107.491405958,63.6909746233,82.104817377,82.104817377,94.5769746456
2179,1,0,positive,0.220083087069,-0.107491405958,0.0634091028408,220.083087069,-107.491405958,63.4091028408,81.9907148316,81.9907148316,94.2951028631
2180,0,0,positive,0.220253561163,-0.107491405958,0.0638280569597,220.253561163,-107.491405958,63.8280569597,82.1611889263,82.1611889263,94.714056982
2180,1,0,positive,0.220197189614,-0.107491405958,0.0636909746233,220.197189614,-107.491405958,63.6909746233,82.104817377,82.104817377,94.5769746456
2181,0,0,positive,0.220894032215,-0.107491405958,0.0653787572359,220.894032215,-107.491405958,65.3787572359,82.801659978,82.801659978,96.2647572582
2181,1,0,positive,0.220889479403,-0.107491405958,0.0653680120305,220.889479403,-107.491405958,65.3680120305,82.7971071657,82.7971071657,96.2540120528
2182,0,0,positive,0.220939643851,-0.107491405958,0.0654834233881,220.939643851,-107.491405958,65.4834233881,82.8472716142,82.8472716142,96.3694234104
2182,1,0,positive,0.220894032215,-0.107491405958,0.0653787572359,220.894032215,-107.491405958,65.3787572359,82.801659978,82.801659978,96.2647572582
2183,0,0,positive,0.218230275831,-0.107491405958,0.0584263340007,218.230275831,-107.491405958,58.4263340007,80.1379035942,80.1379035942,89.312334023
2183,1,0,positive,0.218503151494,-0.107491405958,0.0591979561647,218.503151494,-107.491405958,59.1979561647,80.410779257,80.410779257,90.083956187
2184,0,0,positive,0.217541860339,-0.107491405958,0.0567921809264,217.541860339,-107.491405958,56.7921809264,79.449488102,79.449488102,87.6781809487
2184,1,0,positive,0.217501056063,-0.107491405958,0.0567048582151,217.501056063,-107.491405958,56.7048582151,79.4086838257,79.4086838257,87.5908582374
2185,0,0,positive,0.217541860339,-0.107491405958,0.0567921809264,217.541860339,-107.491405958,56.7921809264,79.449488102,79.449488102,87.6781809487
2185,1,0,positive,0.217950143826,-0.107491405958,0.0577055656688,217.950143826,-107.491405958,57.7055656688,79.8577715885,79.8577715885,88.5915656911
2186,0,0,positive,0.218230275831,-0.107491405958,0.0584263340007,218.230275831,-107.491405958,58.4263340007,80.1379035942,80.1379035942,89.312334023
2186,1,0,positive,0.217950143826,-0.107491405958,0.0577055656688,217.950143826,-107.491405958,57.7055656688,79.8577715885,79.8577715885,88.5915656911
2187,0,0,positive,0.215059267559,-0.107491405958,0.0603425980072,215.059267559,-107.491405958,60.3425980072,76.966895322,76.966895322,91.2285980295
2187,1,0,positive,0.214769991425,-0.107491405958,0.0593996007377,214.769991425,-107.491405958,59.3996007377,76.6776191879,76.6776191879,90.28560076
2188,0,0,positive,0.215059267559,-0.107491405958,0.0603425980072,215.059267559,-107.491405958,60.3425980072,76.966895322,76.966895322,91.2285980295
2188,1,0,positive,0.215215910515,-0.107491405958,0.0606381068151,215.215910515,-107.491405958,60.6381068151,77.1235382776,77.1235382776,91.5241068374
2189,0,0,positive,0.215215910515,-0.107491405958,0.0606381068151,215.215910515,-107.491405958,60.6381068151,77.1235382776,77.1235382776,91.5241068374
2189,1,0,positive,0.215410391276,-0.107491405958,0.0612080831021,215.410391276,-107.491405958,61.2080831021,77.318019039,77.318019039,92.0940831244
2190,0,0,positive,0.215658643587,-0.107491405958,0.0619066910118,215.658643587,-107.491405958,61.9066910118,77.5662713497,77.5662713497,92.7926910341
2190,1,0,positive,0.215410391276,-0.107491405958,0.0612080831021,215.410391276,-107.491405958,61.2080831021,77.318019039,77.318019039,92.0940831244
2191,0,0,positive,0.214699396043,-0.107491405958,0.059257192348,214.699396043,-107.491405958,59.257192348,76.607023806,76.607023806,90.1431923703
2191,1,0,positive,0.214735011976,-0.107491405958,0.0593321656811,214.735011976,-107.491405958,59.3321656811,76.6426397389,76.6426397389,90.2181657034
2192,0,0,positive,0.214735011976,-0.107491405958,0.0593321656811,214.735011976,-107.491405958,59.3321656811,76.6426397389,76.6426397389,90.2181657034
2192,1,0,positive,0.214753142128,-0.107491405958,0.0593634675933,214.753142128,-107.491405958,59.3634675933,76.6607698905,76.6607698905,90.2494676156
2193,0,0,positive,0.214753142128,-0.107491405958,0.0593634675933,214.753142128,-107.491405958,59.3634675933,76.6607698905,76.6607698905,90.2494676156
2193,1,0,positive,0.214769991425,-0.107491405958,0.0593996007377,214.769991425,-107.491405958,59.3996007377,76.6776191879,76.6776191879,90.28560076
2194,0,0,positive,0.214146638689,-0.107491405958,0.0579071686913,214.146638689,-107.491405958,57.9071686913,76.0542664513,76.0542664513,88.7931687136
2194,1,0,positive,0.214131161364,-0.107491405958,0.0578822624799,214.131161364,-107.491405958,57.8822624799,76.038789127,76.038789127,88.7682625022
2195,0,0,positive,0.213707362497,-0.107491405958,0.0573165102026,213.707362497,-107.491405958,57.3165102026,75.6149902597,75.6149902597,88.2025102249
2195,1,0,positive,0.214131161364,-0.107491405958,0.0578822624799,214.131161364,-107.491405958,57.8822624799,76.038789127,76.038789127,88.7682625022
2196,0,0,positive,0.214154415268,-0.107491405958,0.057925176679,214.154415268,-107.491405958,57.925176679,76.0620430307,76.0620430307,88.8111767013
2196,1,0,positive,0.21426292809,-0.107491405958,0.0584579750713,214.26292809,-107.491405958,58.4579750713,76.1705558528,76.1705558528,89.3439750936
2197,0,0,positive,0.214154415268,-0.107491405958,0.057925176679,214.154415268,-107.491405958,57.925176679,76.0620430307,76.0620430307,88.8111767013
2197,1,0,positive,0.214146638689,-0.107491405958,0.0579071686913,214.146638689,-107.491405958,57.9071686913,76.0542664513,76.0542664513,88.7931687136
2198,0,0,positive,0.214699396043,-0.107491405958,0.059257192348,214.699396043,-107.491405958,59.257192348,76.607023806,76.607023806,90.1431923703
2198,1,0,positive,0.21426292809,-0.107491405958,0.0584579750713,214.26292809,-107.491405958,58.4579750713,76.1705558528,76.1705558528,89.3439750936
2199,0,0,positive,0.216621118575,-0.107491405958,0.0637052145613,216.621118575,-107.491405958,63.7052145613,78.5287463375,78.5287463375,94.5912145836
2199,1,0,positive,0.216456432667,-0.107491405958,0.063285968801,216.456432667,-107.491405958,63.285968801,78.3640604302,78.3640604302,94.1719688233
2200,0,0,positive,0.216621118575,-0.107491405958,0.0637052145613,216.621118575,-107.491405958,63.7052145613,78.5287463375,78.5287463375,94.5912145836
2200,1,0,positive,0.216896898472,-0.107491405958,0.0643917769603,216.896898472,-107.491405958,64.3917769603,78.8045262349,78.8045262349,95.2777769826
2201,0,0,positive,0.216039084409,-0.107491405958,0.0628417248714,216.039084409,-107.491405958,62.8417248714,77.9467121714,77.9467121714,93.7277248937
2201,1,0,positive,0.2159809432,-0.107491405958,0.0627717837102,215.9809432,-107.491405958,62.7717837102,77.8885709626,77.8885709626,93.6577837324
2202,0,0,positive,0.216926972004,-0.107491405958,0.0644749845165,216.926972004,-107.491405958,64.4749845165,78.8345997665,78.8345997665,95.3609845388
2202,1,0,positive,0.216924808429,-0.107491405958,0.064469776672,216.924808429,-107.491405958,64.469776672,78.832436192,78.832436192,95.3557766943
2203,0,0,positive,0.216924808429,-0.107491405958,0.064469776672,216.924808429,-107.491405958,64.469776672,78.832436192,78.832436192,95.3557766943
2203,1,0,positive,0.216896898472,-0.107491405958,0.0643917769603,216.896898472,-107.491405958,64.3917769603,78.8045262349,78.8045262349,95.2777769826
2204,0,0,positive,0.216427000451,-0.107491405958,0.0632411286098,216.427000451,-107.491405958,63.2411286098,78.334628214,78.334628214,94.1271286321
2204,1,0,positive,0.216456432667,-0.107491405958,0.063285968801,216.456432667,-107.491405958,63.285968801,78.3640604302,78.3640604302,94.1719688233
2205,0,0,positive,0.215658643587,-0.107491405958,0.0619066910118,215.658643587,-107.491405958,61.9066910118,77.5662713497,77.5662713497,92.7926910341
2205,1,0,positive,0.215698347332,-0.107491405958,0.0621558395139,215.698347332,-107.491405958,62.1558395139,77.6059750952,77.6059750952,93.0418395362
2206,0,0,positive,0.215698347332,-0.107491405958,0.0621558395139,215.698347332,-107.491405958,62.1558395139,77.6059750952,77.6059750952,93.0418395362
2206,1,0,positive,0.215904985978,-0.107491405958,0.0626165681355,215.904985978,-107.491405958,62.6165681355,77.8126137404,77.8126137404,93.5025681578
2207,0,0,positive,0.216427000451,-0.107491405958,0.0632411286098,216.427000451,-107.491405958,63.2411286098,78.334628214,78.334628214,94.1271286321
2207,1,0,positive,0.216247772997,-0.107491405958,0.0630973809705,216.247772997,-107.491405958,63.0973809705,78.1554007601,78.1554007601,93.9833809928
2208,0,0,positive,0.216039084409,-0.107491405958,0.0628417248714,216.039084409,-107.491405958,62.8417248714,77.9467121714,77.9467121714,93.7277248937
2208,1,0,positive,0.216247772997,-0.107491405958,0.0630973809705,216.247772997,-107.491405958,63.0973809705,78.1554007601,78.1554007601,93.9833809928
2209,0,0,positive,0.2159809432,-0.107491405958,0.0627717837102,215.9809432,-107.491405958,62.7717837102,77.8885709626,77.8885709626,93.6577837324
2209,1,0,positive,0.215904985978,-0.107491405958,0.0626165681355,215.904985978,-107.491405958,62.6165681355,77.8126137404,77.8126137404,93.5025681578
2210,0,0,positive,0.21695299193,-0.107491405958,0.0645234744202,216.95299193,-107.491405958,64.5234744202,78.8606196923,78.8606196923,95.4094744425
2210,1,0,positive,0.216933251471,-0.107491405958,0.0644852397329,216.933251471,-107.491405958,64.4852397329,78.8408792338,78.8408792338,95.3712397552
2211,0,0,positive,0.217400602861,-0.107491405958,0.0655498082179,217.400602861,-107.491405958,65.5498082179,79.3082306241,79.3082306241,96.4358082402
2211,1,0,positive,0.217314126291,-0.107491405958,0.0653018047534,217.314126291,-107.491405958,65.3018047534,79.2217540538,79.2217540538,96.1878047757
2212,0,0,positive,0.21695299193,-0.107491405958,0.0645234744202,216.95299193,-107.491405958,64.5234744202,78.8606196923,78.8606196923,95.4094744425
2212,1,0,positive,0.217314126291,-0.107491405958,0.0653018047534,217.314126291,-107.491405958,65.3018047534,79.2217540538,79.2217540538,96.1878047757
2213,0,0,positive,0.217585502888,-0.107491405958,0.0660747696001,217.585502888,-107.491405958,66.0747696001,79.4931306505,79.4931306505,96.9607696224
2213,1,0,positive,0.217493749627,-0.107491405958,0.0659550255962,217.493749627,-107.491405958,65.9550255962,79.4013773898,79.4013773898,96.8410256185
2214,0,0,positive,0.217794166472,-0.107491405958,0.0663253920829,217.794166472,-107.491405958,66.3253920829,79.7017942343,79.7017942343,97.2113921052
2214,1,0,positive,0.217861817304,-0.107491405958,0.0664640571454,217.861817304,-107.491405958,66.4640571454,79.769445067,79.769445067,97.3500571677
2215,0,0,positive,0.217585502888,-0.107491405958,0.0660747696001,217.585502888,-107.491405958,66.0747696001,79.4931306505,79.4931306505,96.9607696224
2215,1,0,positive,0.217794166472,-0.107491405958,0.0663253920829,217.794166472,-107.491405958,66.3253920829,79.7017942343,79.7017942343,97.2113921052
2216,0,0,positive,0.217400602861,-0.107491405958,0.0655498082179,217.400602861,-107.491405958,65.5498082179,79.3082306241,79.3082306241,96.4358082402
2216,1,0,positive,0.217493749627,-0.107491405958,0.0659550255962,217.493749627,-107.491405958,65.9550255962,79.4013773898,79.4013773898,96.8410256185
2217,0,0,positive,0.216933251471,-0.107491405958,0.0644852397329,216.933251471,-107.491405958,64.4852397329,78.8408792338,78.8408792338,95.3712397552
2217,1,0,positive,0.216926972004,-0.107491405958,0.0644749845165,216.926972004,-107.491405958,64.4749845165,78.8345997665,78.8345997665,95.3609845388
2218,0,0,positive,0.223078509949,-0.107491405958,0.0700972379587,223.078509949,-107.491405958,70.0972379587,84.986137712,84.986137712,100.983237981
2218,1,0,positive,0.223234295244,-0.107491405958,0.0702898298272,223.234295244,-107.491405958,70.2898298272,85.1419230064,85.1419230064,101.175829849
2219,0,0,positive,0.223078509949,-0.107491405958,0.0700972379587,223.078509949,-107.491405958,70.0972379587,84.986137712,84.986137712,100.983237981
2219,1,0,positive,0.222846902743,-0.107491405958,0.0697205668561,222.846902743,-107.491405958,69.7205668561,84.7545305059,84.7545305059,100.606566878
2220,0,0,positive,0.223252789657,-0.107491405958,0.0703270033178,223.252789657,-107.491405958,70.3270033178,85.1604174197,85.1604174197,101.21300334
2220,1,0,positive,0.223594774418,-0.107491405958,0.0709764267281,223.594774418,-107.491405958,70.9764267281,85.5024021805,85.5024021805,101.86242675
2221,0,0,positive,0.223252789657,-0.107491405958,0.0703270033178,223.252789657,-107.491405958,70.3270033178,85.1604174197,85.1604174197,101.21300334
2221,1,0,positive,0.223234295244,-0.107491405958,0.0702898298272,223.234295244,-107.491405958,70.2898298272,85.1419230064,85.1419230064,101.175829849
2222,0,0,positive,0.220939643851,-0.107491405958,0.0654834233881,220.939643851,-107.491405958,65.4834233881,82.8472716142,82.8472716142,96.3694234104
2222,1,0,positive,0.221749154656,-0.107491405958,0.0673342417186,221.749154656,-107.491405958,67.3342417186,83.6567824187,83.6567824187,98.2202417408
2223,0,0,positive,0.221749154656,-0.107491405958,0.0673342417186,221.749154656,-107.491405958,67.3342417186,83.6567824187,83.6567824187,98.2202417408
2223,1,0,positive,0.221901750432,-0.107491405958,0.0676500307582,221.901750432,-107.491405958,67.6500307582,83.8093781948,83.8093781948,98.5360307805
2224,0,0,positive,0.222578112482,-0.107491405958,0.0691609091952,222.578112482,-107.491405958,69.1609091952,84.485740245,84.485740245,100.046909217
2224,1,0,positive,0.221901750432,-0.107491405958,0.0676500307582,221.901750432,-107.491405958,67.6500307582,83.8093781948,83.8093781948,98.5360307805
2225,0,0,positive,0.222578112482,-0.107491405958,0.0691609091952,222.578112482,-107.491405958,69.1609091952,84.485740245,84.485740245,100.046909217
2225,1,0,positive,0.222846902743,-0.107491405958,0.0697205668561,222.846902743,-107.491405958,69.7205668561,84.7545305059,84.7545305059,100.606566878
2226,0,0,positive,0.218315503263,-0.107491405958,0.0675243886695,218.315503263,-107.491405958,67.5243886695,80.2231310259,80.2231310259,98.4103886918
2226,1,0,positive,0.218412144848,-0.107491405958,0.0676860697429,218.412144848,-107.491405958,67.6860697429,80.3197726108,80.3197726108,98.5720697652
2227,0,0,positive,0.218412144848,-0.107491405958,0.0676860697429,218.412144848,-107.491405958,67.6860697429,80.3197726108,80.3197726108,98.5720697652
2227,1,0,positive,0.218422477065,-0.107491405958,0.0677177377844,218.422477065,-107.491405958,67.7177377844,80.330104828,80.330104828,98.6037378067
2228,0,0,positive,0.218986151011,-0.107491405958,0.0689954239237,218.986151011,-107.491405958,68.9954239237,80.8937787734,80.8937787734,99.881423946
2228,1,0,positive,0.219030296861,-0.107491405958,0.0690704916063,219.030296861,-107.491405958,69.0704916063,80.9379246235,80.9379246235,99.9564916286
2229,0,0,positive,0.218947944035,-0.107491405958,0.0689440479298,218.947944035,-107.491405958,68.9440479298,80.8555717974,80.8555717974,99.8300479521
2229,1,0,positive,0.218986151011,-0.107491405958,0.0689954239237,218.986151011,-107.491405958,68.9954239237,80.8937787734,80.8937787734,99.881423946
2230,0,0,positive,0.219662115106,-0.107491405958,0.0711169087298,219.662115106,-107.491405958,71.1169087298,81.5697428687,81.5697428687,102.002908752
2230,1,0,positive,0.219575147,-0.107491405958,0.0708894510855,219.575147,-107.491405958,70.8894510855,81.482774763,81.482774763,101.775451108
2231,0,0,positive,0.219195023376,-0.107491405958,0.0697007753681,219.195023376,-107.491405958,69.7007753681,81.1026511389,81.1026511389,100.58677539
2231,1,0,positive,0.21909335737,-0.107491405958,0.0693457321869,219.09335737,-107.491405958,69.3457321869,81.0009851332,81.0009851332,100.231732209
2232,0,0,positive,0.219030296861,-0.107491405958,0.0690704916063,219.030296861,-107.491405958,69.0704916063,80.9379246235,80.9379246235,99.9564916286
2232,1,0,positive,0.21909335737,-0.107491405958,0.0693457321869,219.09335737,-107.491405958,69.3457321869,81.0009851332,81.0009851332,100.231732209
2233,0,0,positive,0.219195023376,-0.107491405958,0.0697007753681,219.195023376,-107.491405958,69.7007753681,81.1026511389,81.1026511389,100.58677539
2233,1,0,positive,0.21936904535,-0.107491405958,0.0702299597763,219.36904535,-107.491405958,70.2299597763,81.2766731125,81.2766731125,101.115959799
2234,0,0,positive,0.219662115106,-0.107491405958,0.0711169087298,219.662115106,-107.491405958,71.1169087298,81.5697428687,81.5697428687,102.002908752
2234,1,0,positive,0.219739995804,-0.107491405958,0.0715220305957,219.739995804,-107.491405958,71.5220305957,81.6476235669,81.6476235669,102.408030618
2235,0,0,positive,0.219413117074,-0.107491405958,0.0703279111837,219.413117074,-107.491405958,70.3279111837,81.3207448365,81.3207448365,101.213911206
2235,1,0,positive,0.21936904535,-0.107491405958,0.0702299597763,219.36904535,-107.491405958,70.2299597763,81.2766731125,81.2766731125,101.115959799
2236,0,0,positive,0.219413117074,-0.107491405958,0.0703279111837,219.413117074,-107.491405958,70.3279111837,81.3207448365,81.3207448365,101.213911206
2236,1,0,positive,0.219575147,-0.107491405958,0.0708894510855,219.575147,-107.491405958,70.8894510855,81.482774763,81.482774763,101.775451108
2237,0,0,positive,0.223594774418,-0.107491405958,0.0709764267281,223.594774418,-107.491405958,70.9764267281,85.5024021805,85.5024021805,101.86242675
2237,1,0,positive,0.223802527922,-0.107491405958,0.0715748287774,223.802527922,-107.491405958,71.5748287774,85.7101556846,85.7101556846,102.4608288
2238,0,0,positive,0.224145984594,-0.107491405958,0.0725944444609,224.145984594,-107.491405958,72.5944444609,86.0536123572,86.0536123572,103.480444483
2238,1,0,positive,0.223802527922,-0.107491405958,0.0715748287774,223.802527922,-107.491405958,71.5748287774,85.7101556846,85.7101556846,102.4608288
2239,0,0,positive,0.219962462381,-0.107491405958,0.0725499555092,219.962462381,-107.491405958,72.5499555092,81.8700901436,81.8700901436,103.435955531
2239,1,0,positive,0.219885249368,-0.107491405958,0.0721926023242,219.885249368,-107.491405958,72.1926023242,81.7928771303,81.7928771303,103.078602346
2240,0,0,positive,0.21999169647,-0.107491405958,0.0726931843067,219.99169647,-107.491405958,72.6931843067,81.8993242323,81.8993242323,103.579184329
2240,1,0,positive,0.219962462381,-0.107491405958,0.0725499555092,219.962462381,-107.491405958,72.5499555092,81.8700901436,81.8700901436,103.435955531
2241,0,0,positive,0.220012209422,-0.107491405958,0.0728387687946,220.012209422,-107.491405958,72.8387687946,81.9198371852,81.9198371852,103.724768817
2241,1,0,positive,0.220069970958,-0.107491405958,0.0732307125848,220.069970958,-107.491405958,73.2307125848,81.9775987212,81.9775987212,104.116712607
2242,0,0,positive,0.220069970958,-0.107491405958,0.0732307125848,220.069970958,-107.491405958,73.2307125848,81.9775987212,81.9775987212,104.116712607
2242,1,0,positive,0.220125134447,-0.107491405958,0.0739755399217,220.125134447,-107.491405958,73.9755399217,82.0327622102,82.0327622102,104.861539944
2243,0,0,positive,0.220129917067,-0.107491405958,0.0740503743266,220.129917067,-107.491405958,74.0503743266,82.03754483,82.03754483,104.936374349
2243,1,0,positive,0.220125134447,-0.107491405958,0.0739755399217,220.125134447,-107.491405958,73.9755399217,82.0327622102,82.0327622102,104.861539944
2244,0,0,positive,0.220012209422,-0.107491405958,0.0728387687946,220.012209422,-107.491405958,72.8387687946,81.9198371852,81.9198371852,103.724768817
2244,1,0,positive,0.21999169647,-0.107491405958,0.0726931843067,219.99169647,-107.491405958,72.6931843067,81.8993242323,81.8993242323,103.579184329
2245,0,0,positive,0.219778134011,-0.107491405958,0.0718258616144,219.778134011,-107.491405958,71.8258616144,81.6857617737,81.6857617737,102.711861637
2245,1,0,positive,0.219739995804,-0.107491405958,0.0715220305957,219.739995804,-107.491405958,71.5220305957,81.6476235669,81.6476235669,102.408030618
2246,0,0,positive,0.219778134011,-0.107491405958,0.0718258616144,219.778134011,-107.491405958,71.8258616144,81.6857617737,81.6857617737,102.711861637
2246,1,0,positive,0.219885249368,-0.107491405958,0.0721926023242,219.885249368,-107.491405958,72.1926023242,81.7928771303,81.7928771303,103.078602346
2247,0,0,positive,0.220920000747,-0.107491405958,0.0753870596985,220.920000747,-107.491405958,75.3870596985,82.8276285102,82.8276285102,106.273059721
2247,1,0,positive,0.220902906925,-0.107491405958,0.0753277923046,220.902906925,-107.491405958,75.3277923046,82.810534688,82.810534688,106.213792327
2248,0,0,positive,0.220983854676,-0.107491405958,0.0757016718982,220.983854676,-107.491405958,75.7016718982,82.8914824386,82.8914824386,106.58767192
2248,1,0,positive,0.221188314935,-0.107491405958,0.0764806300972,221.188314935,-107.491405958,76.4806300972,83.0959426979,83.0959426979,107.366630119
2249,0,0,positive,0.220983854676,-0.107491405958,0.0757016718982,220.983854676,-107.491405958,75.7016718982,82.8914824386,82.8914824386,106.58767192
2249,1,0,positive,0.220920000747,-0.107491405958,0.0753870596985,220.920000747,-107.491405958,75.3870596985,82.8276285102,82.8276285102,106.273059721
2250,0,0,positive,0.220883830252,-0.107491405958,0.0752980209766,220.883830252,-107.491405958,75.2980209766,82.7914580146,82.7914580146,106.184020999
2250,1,0,positive,0.220859580767,-0.107491405958,0.0752443643952,220.859580767,-107.491405958,75.2443643952,82.7672085295,82.7672085295,106.130364417
2251,0,0,positive,0.220153297671,-0.107491405958,0.0741295582892,220.153297671,-107.491405958,74.1295582892,82.0609254334,82.0609254334,105.015558312
2251,1,0,positive,0.220273496026,-0.107491405958,0.0744459913935,220.273496026,-107.491405958,74.4459913935,82.1811237889,82.1811237889,105.331991416
2252,0,0,positive,0.220153297671,-0.107491405958,0.0741295582892,220.153297671,-107.491405958,74.1295582892,82.0609254334,82.0609254334,105.015558312
2252,1,0,positive,0.220129917067,-0.107491405958,0.0740503743266,220.129917067,-107.491405958,74.0503743266,82.03754483,82.03754483,104.936374349
2253,0,0,positive,0.220403318642,-0.107491405958,0.0745779341313,220.403318642,-107.491405958,74.5779341313,82.3109464051,82.3109464051,105.463934154
2253,1,0,positive,0.220273496026,-0.107491405958,0.0744459913935,220.273496026,-107.491405958,74.4459913935,82.1811237889,82.1811237889,105.331991416
2254,0,0,positive,0.220403318642,-0.107491405958,0.0745779341313,220.403318642,-107.491405958,74.5779341313,82.3109464051,82.3109464051,105.463934154
2254,1,0,positive,0.220859580767,-0.107491405958,0.0752443643952,220.859580767,-107.491405958,75.2443643952,82.7672085295,82.7672085295,106.130364417
2255,0,0,positive,0.220902906925,-0.107491405958,0.0753277923046,220.902906925,-107.491405958,75.3277923046,82.810534688,82.810534688,106.213792327
2255,1,0,positive,0.220883830252,-0.107491405958,0.0752980209766,220.883830252,-107.491405958,75.2980209766,82.7914580146,82.7914580146,106.184020999
2256,0,0,positive,0.218099166148,-0.107491405958,0.0671200259417,218.099166148,-107.491405958,67.1200259417,80.0067939107,80.0067939107,98.006025964
2256,1,0,positive,0.218011872813,-0.107491405958,0.0668575508992,218.011872813,-107.491405958,66.8575508992,79.9195005759,79.9195005759,97.7435509215
2257,0,0,positive,0.21816171638,-0.107491405958,0.0672197801164,218.16171638,-107.491405958,67.2197801164,80.0693441428,80.0693441428,98.1057801387
2257,1,0,positive,0.218099166148,-0.107491405958,0.0671200259417,218.099166148,-107.491405958,67.1200259417,80.0067939107,80.0067939107,98.006025964
2258,0,0,positive,0.218315503263,-0.107491405958,0.0675243886695,218.315503263,-107.491405958,67.5243886695,80.2231310259,80.2231310259,98.4103886918
2258,1,0,positive,0.21816171638,-0.107491405958,0.0672197801164,218.16171638,-107.491405958,67.2197801164,80.0693441428,80.0693441428,98.1057801387
2259,0,0,positive,0.218947944035,-0.107491405958,0.0689440479298,218.947944035,-107.491405958,68.9440479298,80.8555717974,80.8555717974,99.8300479521
2259,1,0,positive,0.218663769741,-0.107491405958,0.068431900863,218.663769741,-107.491405958,68.431900863,80.5713975034,80.5713975034,99.3179008853
2260,0,0,positive,0.218663769741,-0.107491405958,0.068431900863,218.663769741,-107.491405958,68.431900863,80.5713975034,80.5713975034,99.3179008853
2260,1,0,positive,0.218422477065,-0.107491405958,0.0677177377844,218.422477065,-107.491405958,67.7177377844,80.330104828,80.330104828,98.6037378067
2261,0,0,positive,0.217908305902,-0.107491405958,0.0666094507081,217.908305902,-107.491405958,66.6094507081,79.8159336644,79.8159336644,97.4954507303
2261,1,0,positive,0.218011872813,-0.107491405958,0.0668575508992,218.011872813,-107.491405958,66.8575508992,79.9195005759,79.9195005759,97.7435509215
2262,0,0,positive,0.217861817304,-0.107491405958,0.0664640571454,217.861817304,-107.491405958,66.4640571454,79.769445067,79.769445067,97.3500571677
2262,1,0,positive,0.217908305902,-0.107491405958,0.0666094507081,217.908305902,-107.491405958,66.6094507081,79.8159336644,79.8159336644,97.4954507303
2263,0,0,positive,0.226145489777,-0.107491405958,0.0778373065741,226.145489777,-107.491405958,77.8373065741,88.0531175393,88.0531175393,108.723306596
2263,1,0,positive,0.226238295729,-0.107491405958,0.0781037533306,226.238295729,-107.491405958,78.1037533306,88.1459234913,88.1459234913,108.989753353
2264,0,0,positive,0.225626594429,-0.107491405958,0.0764754202115,225.626594429,-107.491405958,76.4754202115,87.5342221916,87.5342221916,107.361420234
2264,1,0,positive,0.226145489777,-0.107491405958,0.0778373065741,226.145489777,-107.491405958,77.8373065741,88.0531175393,88.0531175393,108.723306596
2265,0,0,positive,0.226238295729,-0.107491405958,0.0781037533306,226.238295729,-107.491405958,78.1037533306,88.1459234913,88.1459234913,108.989753353
2265,1,0,positive,0.2267363593,-0.107491405958,0.0796803594987,226.7363593,-107.491405958,79.6803594987,88.6439870632,88.6439870632,110.566359521
2266,0,0,positive,0.226014401187,-0.107491405958,0.0928873583454,226.014401187,-107.491405958,92.8873583454,87.9220289496,87.9220289496,123.773358368
2266,1,0,positive,0.225941334494,-0.107491405958,0.0924684054234,225.941334494,-107.491405958,92.4684054234,87.848962257,87.848962257,123.354405446
2267,0,0,positive,0.223616957916,-0.107491405958,0.0808720037224,223.616957916,-107.491405958,80.8720037224,85.5245856784,85.5245856784,111.758003745
2267,1,0,positive,0.223528312799,-0.107491405958,0.0806933344081,223.528312799,-107.491405958,80.6933344081,85.4359405615,85.4359405615,111.57933443
2268,0,0,positive,0.222163524725,-0.107491405958,0.079180549576,222.163524725,-107.491405958,79.180549576,84.0711524877,84.0711524877,110.066549598
2268,1,0,positive,0.222169275128,-0.107491405958,0.0792149633673,222.169275128,-107.491405958,79.2149633673,84.0769028911,84.0769028911,110.10096339
2269,0,0,positive,0.222169275128,-0.107491405958,0.0792149633673,222.169275128,-107.491405958,79.2149633673,84.0769028911,84.0769028911,110.10096339
2269,1,0,positive,0.222185649498,-0.107491405958,0.0792607578991,222.185649498,-107.491405958,79.2607578991,84.093277261,84.093277261,110.146757921
2270,0,0,positive,0.223459857423,-0.107491405958,0.0805672409747,223.459857423,-107.491405958,80.5672409747,85.3674851861,85.3674851861,111.453240997
2270,1,0,positive,0.223474106099,-0.107491405958,0.0805795599734,223.474106099,-107.491405958,80.5795599734,85.3817338614,85.3817338614,111.465559996
2271,0,0,positive,0.223474106099,-0.107491405958,0.0805795599734,223.474106099,-107.491405958,80.5795599734,85.3817338614,85.3817338614,111.465559996
2271,1,0,positive,0.223528312799,-0.107491405958,0.0806933344081,223.528312799,-107.491405958,80.6933344081,85.4359405615,85.4359405615,111.57933443
2272,0,0,positive,0.223459857423,-0.107491405958,0.0805672409747,223.459857423,-107.491405958,80.5672409747,85.3674851861,85.3674851861,111.453240997
2272,1,0,positive,0.222780814018,-0.107491405958,0.0801847952646,222.780814018,-107.491405958,80.1847952646,84.6884417804,84.6884417804,111.070795287
2273,0,0,positive,0.222729332994,-0.107491405958,0.080135768743,222.729332994,-107.491405958,80.135768743,84.6369607567,84.6369607567,111.021768765
2273,1,0,positive,0.222757347434,-0.107491405958,0.0801668461756,222.757347434,-107.491405958,80.1668461756,84.6649751965,84.6649751965,111.052846198
2274,0,0,positive,0.222757347434,-0.107491405958,0.0801668461756,222.757347434,-107.491405958,80.1668461756,84.6649751965,84.6649751965,111.052846198
2274,1,0,positive,0.222780814018,-0.107491405958,0.0801847952646,222.780814018,-107.491405958,80.1847952646,84.6884417804,84.6884417804,111.070795287
2275,0,0,positive,0.222098688514,-0.107491405958,0.0785601865707,222.098688514,-107.491405958,78.5601865707,84.0063162769,84.0063162769,109.446186593
2275,1,0,positive,0.221975501677,-0.107491405958,0.0783973897712,221.975501677,-107.491405958,78.3973897712,83.8831294401,83.8831294401,109.283389793
2276,0,0,positive,0.222163524725,-0.107491405958,0.079180549576,222.163524725,-107.491405958,79.180549576,84.0711524877,84.0711524877,110.066549598
2276,1,0,positive,0.222098688514,-0.107491405958,0.0785601865707,222.098688514,-107.491405958,78.5601865707,84.0063162769,84.0063162769,109.446186593
2277,0,0,positive,0.222326115225,-0.107491405958,0.079620110894,222.326115225,-107.491405958,79.620110894,84.2337429877,84.2337429877,110.506110916
2277,1,0,positive,0.222185649498,-0.107491405958,0.0792607578991,222.185649498,-107.491405958,79.2607578991,84.093277261,84.093277261,110.146757921
2278,0,0,positive,0.222729332994,-0.107491405958,0.080135768743,222.729332994,-107.491405958,80.135768743,84.6369607567,84.6369607567,111.021768765
2278,1,0,positive,0.222434202751,-0.107491405958,0.079758996429,222.434202751,-107.491405958,79.758996429,84.3418305136,84.3418305136,110.644996451
2279,0,0,positive,0.222434202751,-0.107491405958,0.079758996429,222.434202751,-107.491405958,79.758996429,84.3418305136,84.3418305136,110.644996451
2279,1,0,positive,0.222326115225,-0.107491405958,0.079620110894,222.326115225,-107.491405958,79.620110894,84.2337429877,84.2337429877,110.506110916
2280,0,0,positive,0.221321916894,-0.107491405958,0.0768401819054,221.321916894,-107.491405958,76.8401819054,83.2295446568,83.2295446568,107.726181928
2280,1,0,positive,0.221188314935,-0.107491405958,0.0764806300972,221.188314935,-107.491405958,76.4806300972,83.0959426979,83.0959426979,107.366630119
2281,0,0,positive,0.221321916894,-0.107491405958,0.0768401819054,221.321916894,-107.491405958,76.8401819054,83.2295446568,83.2295446568,107.726181928
2281,1,0,positive,0.221455885754,-0.107491405958,0.0772534458704,221.455885754,-107.491405958,77.2534458704,83.3635135164,83.3635135164,108.139445893
2282,0,0,positive,0.221706558254,-0.107491405958,0.0777116677536,221.706558254,-107.491405958,77.7116677536,83.614186017,83.614186017,108.597667776
2282,1,0,positive,0.221975501677,-0.107491405958,0.0783973897712,221.975501677,-107.491405958,78.3973897712,83.8831294401,83.8831294401,109.283389793
2283,0,0,positive,0.221706558254,-0.107491405958,0.0777116677536,221.706558254,-107.491405958,77.7116677536,83.614186017,83.614186017,108.597667776
2283,1,0,positive,0.221455885754,-0.107491405958,0.0772534458704,221.455885754,-107.491405958,77.2534458704,83.3635135164,83.3635135164,108.139445893
2284,0,0,positive,0.223615963653,-0.107491405958,0.0808910576416,223.615963653,-107.491405958,80.8910576416,85.5235914163,85.5235914163,111.777057664
2284,1,0,positive,0.223661557861,-0.107491405958,0.0809669011247,223.661557861,-107.491405958,80.9669011247,85.5691856233,85.5691856233,111.852901147
2285,0,0,positive,0.223615963653,-0.107491405958,0.0808910576416,223.615963653,-107.491405958,80.8910576416,85.5235914163,85.5235914163,111.777057664
2285,1,0,positive,0.223616957916,-0.107491405958,0.0808720037224,223.616957916,-107.491405958,80.8720037224,85.5245856784,85.5245856784,111.758003745
2286,0,0,positive,0.223661557861,-0.107491405958,0.0809669011247,223.661557861,-107.491405958,80.9669011247,85.5691856233,85.5691856233,111.852901147
2286,1,0,positive,0.22357469639,-0.107491405958,0.0822354538538,223.57469639,-107.491405958,82.2354538538,85.4823241529,85.4823241529,113.121453876
2287,0,0,positive,0.223571014526,-0.107491405958,0.0822706258491,223.571014526,-107.491405958,82.2706258491,85.4786422891,85.4786422891,113.156625871
2287,1,0,positive,0.22357469639,-0.107491405958,0.0822354538538,223.57469639,-107.491405958,82.2354538538,85.4823241529,85.4823241529,113.121453876
2288,0,0,positive,0.223573677544,-0.107491405958,0.082316803491,223.573677544,-107.491405958,82.316803491,85.4813053071,85.4813053071,113.202803513
2288,1,0,positive,0.223571014526,-0.107491405958,0.0822706258491,223.571014526,-107.491405958,82.2706258491,85.4786422891,85.4786422891,113.156625871
2289,0,0,positive,0.223573677544,-0.107491405958,0.082316803491,223.573677544,-107.491405958,82.316803491,85.4813053071,85.4813053071,113.202803513
2289,1,0,positive,0.223600469417,-0.107491405958,0.0829226964599,223.600469417,-107.491405958,82.9226964599,85.5080971802,85.5080971802,113.808696482
2290,0,0,positive,0.223600469417,-0.107491405958,0.0829226964599,223.600469417,-107.491405958,82.9226964599,85.5080971802,85.5080971802,113.808696482
2290,1,0,positive,0.223667547683,-0.107491405958,0.0832839943964,223.667547683,-107.491405958,83.2839943964,85.5751754459,85.5751754459,114.169994419
2291,0,0,positive,0.224303428618,-0.107491405958,0.0855743970128,224.303428618,-107.491405958,85.5743970128,86.2110563807,86.2110563807,116.460397035
2291,1,0,positive,0.224143296671,-0.107491405958,0.0851209485736,224.143296671,-107.491405958,85.1209485736,86.0509244339,86.0509244339,116.006948596
2292,0,0,positive,0.224303428618,-0.107491405958,0.0855743970128,224.303428618,-107.491405958,85.5743970128,86.2110563807,86.2110563807,116.460397035
2292,1,0,positive,0.224328901333,-0.107491405958,0.0856569491409,224.328901333,-107.491405958,85.6569491409,86.2365290955,86.2365290955,116.542949163
2293,0,0,positive,0.223934901984,-0.107491405958,0.08415488497,223.934901984,-107.491405958,84.15488497,85.8425297471,85.8425297471,115.040884992
2293,1,0,positive,0.223928398698,-0.107491405958,0.0841310116921,223.928398698,-107.491405958,84.1310116921,85.836026461,85.836026461,115.017011714
2294,0,0,positive,0.223667547683,-0.107491405958,0.0832839943964,223.667547683,-107.491405958,83.2839943964,85.5751754459,85.5751754459,114.169994419
2294,1,0,positive,0.223922697889,-0.107491405958,0.0841098541321,223.922697889,-107.491405958,84.1098541321,85.8303256513,85.8303256513,114.995854154
2295,0,0,positive,0.223928398698,-0.107491405958,0.0841310116921,223.928398698,-107.491405958,84.1310116921,85.836026461,85.836026461,115.017011714
2295,1,0,positive,0.223922697889,-0.107491405958,0.0841098541321,223.922697889,-107.491405958,84.1098541321,85.8303256513,85.8303256513,114.995854154
2296,0,0,positive,0.223934901984,-0.107491405958,0.08415488497,223.934901984,-107.491405958,84.15488497,85.8425297471,85.8425297471,115.040884992
2296,1,0,positive,0.224107995749,-0.107491405958,0.0849090963594,224.107995749,-107.491405958,84.9090963594,86.015623512,86.015623512,115.795096382
2297,0,0,positive,0.224107995749,-0.107491405958,0.0849090963594,224.107995749,-107.491405958,84.9090963594,86.015623512,86.015623512,115.795096382
2297,1,0,positive,0.224143296671,-0.107491405958,0.0851209485736,224.143296671,-107.491405958,85.1209485736,86.0509244339,86.0509244339,116.006948596
2298,0,0,positive,0.224361193326,-0.107491405958,0.086001543885,224.361193326,-107.491405958,86.001543885,86.268821089,86.268821089,116.887543907
2298,1,0,positive,0.224328901333,-0.107491405958,0.0856569491409,224.328901333,-107.491405958,85.6569491409,86.2365290955,86.2365290955,116.542949163
2299,0,0,positive,0.224361193326,-0.107491405958,0.086001543885,224.361193326,-107.491405958,86.001543885,86.268821089,86.268821089,116.887543907
2299,1,0,positive,0.224383994937,-0.107491405958,0.0861775790119,224.383994937,-107.491405958,86.1775790119,86.2916226997,86.2916226997,117.063579034
2300,0,0,positive,0.224513885676,-0.107491405958,0.0870628104472,224.513885676,-107.491405958,87.0628104472,86.421513439,86.421513439,117.948810469
2300,1,0,positive,0.224517587574,-0.107491405958,0.0870756395181,224.517587574,-107.491405958,87.0756395181,86.425215337,86.425215337,117.96163954
2301,0,0,positive,0.224513885676,-0.107491405958,0.0870628104472,224.513885676,-107.491405958,87.0628104472,86.421513439,86.421513439,117.948810469
2301,1,0,positive,0.224385317517,-0.107491405958,0.0864782482198,224.385317517,-107.491405958,86.4782482198,86.2929452794,86.2929452794,117.364248242
2302,0,0,positive,0.224385317517,-0.107491405958,0.0864782482198,224.385317517,-107.491405958,86.4782482198,86.2929452794,86.2929452794,117.364248242
2302,1,0,positive,0.224383994937,-0.107491405958,0.0861775790119,224.383994937,-107.491405958,86.1775790119,86.2916226997,86.2916226997,117.063579034
2303,0,0,positive,0.224517587574,-0.107491405958,0.0870756395181,224.517587574,-107.491405958,87.0756395181,86.425215337,86.425215337,117.96163954
2303,1,0,positive,0.224518078624,-0.107491405958,0.0870838426318,224.518078624,-107.491405958,87.0838426318,86.4257063872,86.4257063872,117.969842654
2304,0,0,positive,0.224557368643,-0.107491405958,0.0877286288364,224.557368643,-107.491405958,87.7286288364,86.4649964062,86.4649964062,118.614628859
2304,1,0,positive,0.224517014002,-0.107491405958,0.0870947630179,224.517014002,-107.491405958,87.0947630179,86.4246417648,86.4246417648,117.98076304
2305,0,0,positive,0.224557368643,-0.107491405958,0.0877286288364,224.557368643,-107.491405958,87.7286288364,86.4649964062,86.4649964062,118.614628859
2305,1,0,positive,0.224623062514,-0.107491405958,0.0879211877717,224.623062514,-107.491405958,87.9211877717,86.5306902771,86.5306902771,118.807187794
2306,0,0,positive,0.224518078624,-0.107491405958,0.0870838426318,224.518078624,-107.491405958,87.0838426318,86.4257063872,86.4257063872,117.969842654
2306,1,0,positive,0.224517014002,-0.107491405958,0.0870947630179,224.517014002,-107.491405958,87.0947630179,86.4246417648,86.4246417648,117.98076304
2307,0,0,positive,0.224683292313,-0.107491405958,0.088109927635,224.683292313,-107.491405958,88.109927635,86.5909200756,86.5909200756,118.995927657
2307,1,0,positive,0.224623062514,-0.107491405958,0.0879211877717,224.623062514,-107.491405958,87.9211877717,86.5306902771,86.5306902771,118.807187794
2308,0,0,positive,0.224683292313,-0.107491405958,0.088109927635,224.683292313,-107.491405958,88.109927635,86.5909200756,86.5909200756,118.995927657
2308,1,0,positive,0.224855437847,-0.107491405958,0.0886215117925,224.855437847,-107.491405958,88.6215117925,86.7630656099,86.7630656099,119.507511815
2309,0,0,positive,0.224862760495,-0.107491405958,0.0886669614694,224.862760495,-107.491405958,88.6669614694,86.770388258,86.770388258,119.552961492
2309,1,0,positive,0.224855437847,-0.107491405958,0.0886215117925,224.855437847,-107.491405958,88.6215117925,86.7630656099,86.7630656099,119.507511815
2310,0,0,positive,0.224864918565,-0.107491405958,0.0887476789802,224.864918565,-107.491405958,88.7476789802,86.7725463279,86.7725463279,119.633679002
2310,1,0,positive,0.224862760495,-0.107491405958,0.0886669614694,224.862760495,-107.491405958,88.6669614694,86.770388258,86.770388258,119.552961492
2311,0,0,positive,0.224868482091,-0.107491405958,0.088889928202,224.868482091,-107.491405958,88.889928202,86.7761098535,86.7761098535,119.775928224
2311,1,0,positive,0.224864918565,-0.107491405958,0.0887476789802,224.864918565,-107.491405958,88.7476789802,86.7725463279,86.7725463279,119.633679002
2312,0,0,positive,0.224927031185,-0.107491405958,0.0907055623613,224.927031185,-107.491405958,90.7055623613,86.8346589474,86.8346589474,121.591562384
2312,1,0,positive,0.224930087449,-0.107491405958,0.0907167425287,224.930087449,-107.491405958,90.7167425287,86.8377152114,86.8377152114,121.602742551
2313,0,0,positive,0.224920484078,-0.107491405958,0.0906363096293,224.920484078,-107.491405958,90.6363096293,86.8281118409,86.8281118409,121.522309652
2313,1,0,positive,0.224925290055,-0.107491405958,0.0906725367653,224.925290055,-107.491405958,90.6725367653,86.8329178176,86.8329178176,121.558536788
2314,0,0,positive,0.224925290055,-0.107491405958,0.0906725367653,224.925290055,-107.491405958,90.6725367653,86.8329178176,86.8329178176,121.558536788
2314,1,0,positive,0.224927031185,-0.107491405958,0.0907055623613,224.927031185,-107.491405958,90.7055623613,86.8346589474,86.8346589474,121.591562384
2315,0,0,positive,0.224868482091,-0.107491405958,0.088889928202,224.868482091,-107.491405958,88.889928202,86.7761098535,86.7761098535,119.775928224
2315,1,0,positive,0.224861627803,-0.107491405958,0.0897488295134,224.861627803,-107.491405958,89.7488295134,86.7692555656,86.7692555656,120.634829536
2316,0,0,positive,0.224841996487,-0.107491405958,0.090185442735,224.841996487,-107.491405958,90.185442735,86.74962425,86.74962425,121.071442757
2316,1,0,positive,0.224861627803,-0.107491405958,0.0897488295134,224.861627803,-107.491405958,89.7488295134,86.7692555656,86.7692555656,120.634829536
2317,0,0,positive,0.224920484078,-0.107491405958,0.0906363096293,224.920484078,-107.491405958,90.6363096293,86.8281118409,86.8281118409,121.522309652
2317,1,0,positive,0.224841996487,-0.107491405958,0.090185442735,224.841996487,-107.491405958,90.185442735,86.74962425,86.74962425,121.071442757
2318,0,0,positive,0.225211785321,-0.107491405958,0.0910714208038,225.211785321,-107.491405958,91.0714208038,87.1194130837,87.1194130837,121.957420826
2318,1,0,positive,0.224998664071,-0.107491405958,0.0906953594666,224.998664071,-107.491405958,90.6953594666,86.9062918335,86.9062918335,121.581359489
2319,0,0,positive,0.224998664071,-0.107491405958,0.0906953594666,224.998664071,-107.491405958,90.6953594666,86.9062918335,86.9062918335,121.581359489
2319,1,0,positive,0.224977232122,-0.107491405958,0.0907895141815,224.977232122,-107.491405958,90.7895141815,86.8848598849,86.8848598849,121.675514204
2320,0,0,positive,0.224930087449,-0.107491405958,0.0907167425287,224.930087449,-107.491405958,90.7167425287,86.8377152114,86.8377152114,121.602742551
2320,1,0,positive,0.224977232122,-0.107491405958,0.0907895141815,224.977232122,-107.491405958,90.7895141815,86.8848598849,86.8848598849,121.675514204
2321,0,0,positive,0.225394345653,-0.107491405958,0.0913957456375,225.394345653,-107.491405958,91.3957456375,87.3019734162,87.3019734162,122.28174566
2321,1,0,positive,0.225789497952,-0.107491405958,0.0920601647615,225.789497952,-107.491405958,92.0601647615,87.6971257144,87.6971257144,122.946164784
2322,0,0,positive,0.225789497952,-0.107491405958,0.0920601647615,225.789497952,-107.491405958,92.0601647615,87.6971257144,87.6971257144,122.946164784
2322,1,0,positive,0.225941334494,-0.107491405958,0.0924684054234,225.941334494,-107.491405958,92.4684054234,87.848962257,87.848962257,123.354405446
2323,0,0,positive,0.225394345653,-0.107491405958,0.0913957456375,225.394345653,-107.491405958,91.3957456375,87.3019734162,87.3019734162,122.28174566
2323,1,0,positive,0.225211785321,-0.107491405958,0.0910714208038,225.211785321,-107.491405958,91.0714208038,87.1194130837,87.1194130837,121.957420826
2324,0,0,positive,0.239380834436,-0.107491405958,0.133225200112,239.380834436,-107.491405958,133.225200112,101.288462199,101.288462199,164.111200135
2324,1,0,positive,0.239444007542,-0.107491405958,0.133480011857,239.444007542,-107.491405958,133.480011857,101.351635305,101.351635305,164.36601188
2325,0,0,positive,0.239585941449,-0.107491405958,0.133982023288,239.585941449,-107.491405958,133.982023288,101.493569212,101.493569212,164.86802331
2325,1,0,positive,0.239587884561,-0.107491405958,0.133988863972,239.587884561,-107.491405958,133.988863972,101.495512324,101.495512324,164.874863994
2326,0,0,positive,0.239585941449,-0.107491405958,0.133982023288,239.585941449,-107.491405958,133.982023288,101.493569212,101.493569212,164.86802331
2326,1,0,positive,0.239444007542,-0.107491405958,0.133480011857,239.444007542,-107.491405958,133.480011857,101.351635305,101.351635305,164.36601188
2327,0,0,positive,0.239380834436,-0.107491405958,0.133225200112,239.380834436,-107.491405958,133.225200112,101.288462199,101.288462199,164.111200135
2327,1,0,positive,0.239271796514,-0.107491405958,0.132874416862,239.271796514,-107.491405958,132.874416862,101.179424276,101.179424276,163.760416884
2328,0,0,positive,0.239587884561,-0.107491405958,0.133988863972,239.587884561,-107.491405958,133.988863972,101.495512324,101.495512324,164.874863994
2328,1,0,positive,0.239588559124,-0.107491405958,0.133992701603,239.588559124,-107.491405958,133.992701603,101.496186887,101.496186887,164.878701625
2329,0,0,positive,0.239591923143,-0.107491405958,0.13441977764,239.591923143,-107.491405958,134.41977764,101.499550905,101.499550905,165.305777662
2329,1,0,positive,0.239588559124,-0.107491405958,0.133992701603,239.588559124,-107.491405958,133.992701603,101.496186887,101.496186887,164.878701625
2330,0,0,positive,0.239591923143,-0.107491405958,0.13441977764,239.591923143,-107.491405958,134.41977764,101.499550905,101.499550905,165.305777662
2330,1,0,positive,0.239576529824,-0.107491405958,0.134573564096,239.576529824,-107.491405958,134.573564096,101.484157587,101.484157587,165.459564118
2331,0,0,positive,0.239576529824,-0.107491405958,0.134573564096,239.576529824,-107.491405958,134.573564096,101.484157587,101.484157587,165.459564118
2331,1,0,positive,0.239591499284,-0.107491405958,0.134663398489,239.591499284,-107.491405958,134.663398489,101.499127047,101.499127047,165.549398511
2332,0,0,positive,0.23964433012,-0.107491405958,0.135265655955,239.64433012,-107.491405958,135.265655955,101.551957883,101.551957883,166.151655978
2332,1,0,positive,0.239591499284,-0.107491405958,0.134663398489,239.591499284,-107.491405958,134.663398489,101.499127047,101.499127047,165.549398511
2333,0,0,positive,0.240230728745,-0.107491405958,0.13620969593,240.230728745,-107.491405958,136.20969593,102.138356508,102.138356508,167.095695952
2333,1,0,positive,0.240453777536,-0.107491405958,0.136814479768,240.453777536,-107.491405958,136.814479768,102.361405299,102.361405299,167.70047979
2334,0,0,positive,0.240553283052,-0.107491405958,0.137128008671,240.553283052,-107.491405958,137.128008671,102.460910814,102.460910814,168.014008693
2334,1,0,positive,0.240726153083,-0.107491405958,0.137595100865,240.726153083,-107.491405958,137.595100865,102.633780846,102.633780846,168.481100888
2335,0,0,positive,0.239995498819,-0.107491405958,0.135776113989,239.995498819,-107.491405958,135.776113989,101.903126582,101.903126582,166.662114011
2335,1,0,positive,0.239933630916,-0.107491405958,0.135659989299,239.933630916,-107.491405958,135.659989299,101.841258679,101.841258679,166.545989321
2336,0,0,positive,0.239995498819,-0.107491405958,0.135776113989,239.995498819,-107.491405958,135.776113989,101.903126582,101.903126582,166.662114011
2336,1,0,positive,0.240222785744,-0.107491405958,0.136180905968,240.222785744,-107.491405958,136.180905968,102.130413507,102.130413507,167.06690599
2337,0,0,positive,0.239933630916,-0.107491405958,0.135659989299,239.933630916,-107.491405958,135.659989299,101.841258679,101.841258679,166.545989321
2337,1,0,positive,0.239801824379,-0.107491405958,0.135531065537,239.801824379,-107.491405958,135.531065537,101.709452141,101.709452141,166.417065559
2338,0,0,positive,0.23964433012,-0.107491405958,0.135265655955,239.64433012,-107.491405958,135.265655955,101.551957883,101.551957883,166.151655978
2338,1,0,positive,0.239801824379,-0.107491405958,0.135531065537,239.801824379,-107.491405958,135.531065537,101.709452141,101.709452141,166.417065559
2339,0,0,positive,0.240462956932,-0.107491405958,0.136835479322,240.462956932,-107.491405958,136.835479322,102.370584694,102.370584694,167.721479344
2339,1,0,positive,0.240453777536,-0.107491405958,0.136814479768,240.453777536,-107.491405958,136.814479768,102.361405299,102.361405299,167.70047979
2340,0,0,positive,0.240500254813,-0.107491405958,0.136986918966,240.500254813,-107.491405958,136.986918966,102.407882575,102.407882575,167.872918988
2340,1,0,positive,0.240462956932,-0.107491405958,0.136835479322,240.462956932,-107.491405958,136.835479322,102.370584694,102.370584694,167.721479344
2341,0,0,positive,0.240230728745,-0.107491405958,0.13620969593,240.230728745,-107.491405958,136.20969593,102.138356508,102.138356508,167.095695952
2341,1,0,positive,0.240222785744,-0.107491405958,0.136180905968,240.222785744,-107.491405958,136.180905968,102.130413507,102.130413507,167.06690599
2342,0,0,positive,0.240553283052,-0.107491405958,0.137128008671,240.553283052,-107.491405958,137.128008671,102.460910814,102.460910814,168.014008693
2342,1,0,positive,0.240500254813,-0.107491405958,0.136986918966,240.500254813,-107.491405958,136.986918966,102.407882575,102.407882575,167.872918988
2343,0,0,positive,0.240726153083,-0.107491405958,0.137595100865,240.726153083,-107.491405958,137.595100865,102.633780846,102.633780846,168.481100888
2343,1,0,positive,0.240824491022,-0.107491405958,0.138112425812,240.824491022,-107.491405958,138.112425812,102.732118785,102.732118785,168.998425834
2344,0,0,positive,0.241075489856,-0.107491405958,0.138772241382,241.075489856,-107.491405958,138.772241382,102.983117619,102.983117619,169.658241404
2344,1,0,positive,0.240824491022,-0.107491405958,0.138112425812,240.824491022,-107.491405958,138.112425812,102.732118785,102.732118785,168.998425834
2345,0,0,positive,0.241075489856,-0.107491405958,0.138772241382,241.075489856,-107.491405958,138.772241382,102.983117619,102.983117619,169.658241404
2345,1,0,positive,0.241151379235,-0.107491405958,0.139107044733,241.151379235,-107.491405958,139.107044733,103.059006998,103.059006998,169.993044755
2346,0,0,positive,0.235080811219,-0.107491405958,0.123542354044,235.080811219,-107.491405958,123.542354044,96.9884389818,96.9884389818,154.428354066
2346,1,0,positive,0.235094897165,-0.107491405958,0.123569858085,235.094897165,-107.491405958,123.569858085,97.002524928,97.002524928,154.455858107
2347,0,0,positive,0.235712092897,-0.107491405958,0.125098785902,235.712092897,-107.491405958,125.098785902,97.6197206594,97.6197206594,155.984785924
2347,1,0,positive,0.236013465573,-0.107491405958,0.125830421828,236.013465573,-107.491405958,125.830421828,97.9210933362,97.9210933362,156.71642185
2348,0,0,positive,0.236013465573,-0.107491405958,0.125830421828,236.013465573,-107.491405958,125.830421828,97.9210933362,97.9210933362,156.71642185
2348,1,0,positive,0.236121166411,-0.107491405958,0.126018214445,236.121166411,-107.491405958,126.018214445,98.028794174,98.028794174,156.904214467
2349,0,0,positive,0.235712092897,-0.107491405958,0.125098785902,235.712092897,-107.491405958,125.098785902,97.6197206594,97.6197206594,155.984785924
2349,1,0,positive,0.235583178167,-0.107491405958,0.12480187235,235.583178167,-107.491405958,124.80187235,97.4908059302,97.4908059302,155.687872372
2350,0,0,positive,0.235558652379,-0.107491405958,0.12472487931,235.558652379,-107.491405958,124.72487931,97.4662801417,97.4662801417,155.610879332
2350,1,0,positive,0.235536190218,-0.107491405958,0.124640080959,235.536190218,-107.491405958,124.640080959,97.4438179807,97.4438179807,155.526080981
2351,0,0,positive,0.235583178167,-0.107491405958,0.12480187235,235.583178167,-107.491405958,124.80187235,97.4908059302,97.4908059302,155.687872372
2351,1,0,positive,0.235558652379,-0.107491405958,0.12472487931,235.558652379,-107.491405958,124.72487931,97.4662801417,97.4662801417,155.610879332
2352,0,0,positive,0.235313338926,-0.107491405958,0.123984018505,235.313338926,-107.491405958,123.984018505,97.2209666891,97.2209666891,154.870018527
2352,1,0,positive,0.235536190218,-0.107491405958,0.124640080959,235.536190218,-107.491405958,124.640080959,97.4438179807,97.4438179807,155.526080981
2353,0,0,positive,0.235313338926,-0.107491405958,0.123984018505,235.313338926,-107.491405958,123.984018505,97.2209666891,97.2209666891,154.870018527
2353,1,0,positive,0.235110581641,-0.107491405958,0.123585049776,235.110581641,-107.491405958,123.585049776,97.018209404,97.018209404,154.471049798
2354,0,0,positive,0.235094897165,-0.107491405958,0.123569858085,235.094897165,-107.491405958,123.569858085,97.002524928,97.002524928,154.455858107
2354,1,0,positive,0.235110581641,-0.107491405958,0.123585049776,235.110581641,-107.491405958,123.585049776,97.018209404,97.018209404,154.471049798
2355,0,0,positive,0.236476509752,-0.107491405958,0.126831098969,236.476509752,-107.491405958,126.831098969,98.3841375147,98.3841375147,157.717098991
2355,1,0,positive,0.236560614289,-0.107491405958,0.127116362883,236.560614289,-107.491405958,127.116362883,98.4682420514,98.4682420514,158.002362905
2356,0,0,positive,0.236121166411,-0.107491405958,0.126018214445,236.121166411,-107.491405958,126.018214445,98.028794174,98.028794174,156.904214467
2356,1,0,positive,0.23626500909,-0.107491405958,0.126177760845,236.26500909,-107.491405958,126.177760845,98.1726368532,98.1726368532,157.063760867
2357,0,0,positive,0.23626500909,-0.107491405958,0.126177760845,236.26500909,-107.491405958,126.177760845,98.1726368532,98.1726368532,157.063760867
2357,1,0,positive,0.236360482271,-0.107491405958,0.126530103001,236.360482271,-107.491405958,126.530103001,98.2681100341,98.2681100341,157.416103024
2358,0,0,positive,0.237305596374,-0.107491405958,0.128417526545,237.305596374,-107.491405958,128.417526545,99.2132241367,99.2132241367,159.303526568
2358,1,0,positive,0.237301164113,-0.107491405958,0.128411508059,237.301164113,-107.491405958,128.411508059,99.2087918758,99.2087918758,159.297508082
2359,0,0,positive,0.236959844271,-0.107491405958,0.1278533989,236.959844271,-107.491405958,127.8533989,98.8674720333,98.8674720333,158.739398922
2359,1,0,positive,0.236686199591,-0.107491405958,0.127334475069,236.686199591,-107.491405958,127.334475069,98.5938273538,98.5938273538,158.220475092
2360,0,0,positive,0.236959844271,-0.107491405958,0.1278533989,236.959844271,-107.491405958,127.8533989,98.8674720333,98.8674720333,158.739398922
2360,1,0,positive,0.237301164113,-0.107491405958,0.128411508059,237.301164113,-107.491405958,128.411508059,99.2087918758,99.2087918758,159.297508082
2361,0,0,positive,0.236560614289,-0.107491405958,0.127116362883,236.560614289,-107.491405958,127.116362883,98.4682420514,98.4682420514,158.002362905
2361,1,0,positive,0.2365810185,-0.107491405958,0.12717368093,236.5810185,-107.491405958,127.17368093,98.4886462626,98.4886462626,158.059680952
2362,0,0,positive,0.2365810185,-0.107491405958,0.12717368093,236.5810185,-107.491405958,127.17368093,98.4886462626,98.4886462626,158.059680952
2362,1,0,positive,0.236686199591,-0.107491405958,0.127334475069,236.686199591,-107.491405958,127.334475069,98.5938273538,98.5938273538,158.220475092
2363,0,0,positive,0.236432999372,-0.107491405958,0.126675219966,236.432999372,-107.491405958,126.675219966,98.3406271353,98.3406271353,157.561219989
2363,1,0,positive,0.236360482271,-0.107491405958,0.126530103001,236.360482271,-107.491405958,126.530103001,98.2681100341,98.2681100341,157.416103024
2364,0,0,positive,0.236476509752,-0.107491405958,0.126831098969,236.476509752,-107.491405958,126.831098969,98.3841375147,98.3841375147,157.717098991
2364,1,0,positive,0.236432999372,-0.107491405958,0.126675219966,236.432999372,-107.491405958,126.675219966,98.3406271353,98.3406271353,157.561219989
2365,0,0,positive,0.237924978479,-0.107491405958,0.12978706291,237.924978479,-107.491405958,129.78706291,99.8326062422,99.8326062422,160.673062933
2365,1,0,positive,0.238017014347,-0.107491405958,0.130006508089,238.017014347,-107.491405958,130.006508089,99.92464211,99.92464211,160.892508111
2366,0,0,positive,0.238284475177,-0.107491405958,0.130635766573,238.284475177,-107.491405958,130.635766573,100.19210294,100.19210294,161.521766595
2366,1,0,positive,0.238017014347,-0.107491405958,0.130006508089,238.017014347,-107.491405958,130.006508089,99.92464211,99.92464211,160.892508111
2367,0,0,positive,0.239271796514,-0.107491405958,0.132874416862,239.271796514,-107.491405958,132.874416862,101.179424276,101.179424276,163.760416884
2367,1,0,positive,0.239220273913,-0.107491405958,0.132582183562,239.220273913,-107.491405958,132.582183562,101.127901676,101.127901676,163.468183584
2368,0,0,positive,0.238625167255,-0.107491405958,0.131385045024,238.625167255,-107.491405958,131.385045024,100.532795018,100.532795018,162.271045046
2368,1,0,positive,0.238287875913,-0.107491405958,0.130641583457,238.287875913,-107.491405958,130.641583457,100.195503676,100.195503676,161.527583479
2369,0,0,positive,0.238905317298,-0.107491405958,0.131788814849,238.905317298,-107.491405958,131.788814849,100.812945061,100.812945061,162.674814871
2369,1,0,positive,0.238730957546,-0.107491405958,0.131573622626,238.730957546,-107.491405958,131.573622626,100.638585309,100.638585309,162.459622648
2370,0,0,positive,0.238625167255,-0.107491405958,0.131385045024,238.625167255,-107.491405958,131.385045024,100.532795018,100.532795018,162.271045046
2370,1,0,positive,0.238730957546,-0.107491405958,0.131573622626,238.730957546,-107.491405958,131.573622626,100.638585309,100.638585309,162.459622648
2371,0,0,positive,0.238284475177,-0.107491405958,0.130635766573,238.284475177,-107.491405958,130.635766573,100.19210294,100.19210294,161.521766595
2371,1,0,positive,0.238287875913,-0.107491405958,0.130641583457,238.287875913,-107.491405958,130.641583457,100.195503676,100.195503676,161.527583479
2372,0,0,positive,0.239135017947,-0.107491405958,0.132355688791,239.135017947,-107.491405958,132.355688791,101.04264571,101.04264571,163.241688814
2372,1,0,positive,0.239210518104,-0.107491405958,0.132517021353,239.210518104,-107.491405958,132.517021353,101.118145867,101.118145867,163.403021375
2373,0,0,positive,0.239210518104,-0.107491405958,0.132517021353,239.210518104,-107.491405958,132.517021353,101.118145867,101.118145867,163.403021375
2373,1,0,positive,0.239220273913,-0.107491405958,0.132582183562,239.220273913,-107.491405958,132.582183562,101.127901676,101.127901676,163.468183584
2374,0,0,positive,0.239135017947,-0.107491405958,0.132355688791,239.135017947,-107.491405958,132.355688791,101.04264571,101.04264571,163.241688814
2374,1,0,positive,0.238905317298,-0.107491405958,0.131788814849,238.905317298,-107.491405958,131.788814849,100.812945061,100.812945061,162.674814871
2375,0,0,positive,0.237329201471,-0.107491405958,0.128470225811,237.329201471,-107.491405958,128.470225811,99.2368292343,99.2368292343,159.356225833
2375,1,0,positive,0.237814714916,-0.107491405958,0.129574134603,237.814714916,-107.491405958,129.574134603,99.7223426788,99.7223426788,160.460134625
2376,0,0,positive,0.237310252296,-0.107491405958,0.128427754093,237.310252296,-107.491405958,128.427754093,99.2178800587,99.2178800587,159.313754115
2376,1,0,positive,0.237305596374,-0.107491405958,0.128417526545,237.305596374,-107.491405958,128.417526545,99.2132241367,99.2132241367,159.303526568
2377,0,0,positive,0.237814714916,-0.107491405958,0.129574134603,237.814714916,-107.491405958,129.574134603,99.7223426788,99.7223426788,160.460134625
2377,1,0,positive,0.237924978479,-0.107491405958,0.12978706291,237.924978479,-107.491405958,129.78706291,99.8326062422,99.8326062422,160.673062933
2378,0,0,positive,0.237329201471,-0.107491405958,0.128470225811,237.329201471,-107.491405958,128.470225811,99.2368292343,99.2368292343,159.356225833
2378,1,0,positive,0.237310252296,-0.107491405958,0.128427754093,237.310252296,-107.491405958,128.427754093,99.2178800587,99.2178800587,159.313754115
2379,0,0,positive,0.244590047427,-0.107491405958,0.13716017417,244.590047427,-107.491405958,137.16017417,106.49767519,106.49767519,168.046174192
2379,1,0,positive,0.244302781708,-0.107491405958,0.13631535258,244.302781708,-107.491405958,136.31535258,106.210409471,106.210409471,167.201352602
2380,0,0,positive,0.244629721324,-0.107491405958,0.137276759082,244.629721324,-107.491405958,137.276759082,106.537349087,106.537349087,168.162759105
2380,1,0,positive,0.244590047427,-0.107491405958,0.13716017417,244.590047427,-107.491405958,137.16017417,106.49767519,106.49767519,168.046174192
2381,0,0,positive,0.243887779446,-0.107491405958,0.135078935114,243.887779446,-107.491405958,135.078935114,105.795407208,105.795407208,165.964935137
2381,1,0,positive,0.243967038648,-0.107491405958,0.135346422519,243.967038648,-107.491405958,135.346422519,105.874666411,105.874666411,166.232422541
2382,0,0,positive,0.243967038648,-0.107491405958,0.135346422519,243.967038648,-107.491405958,135.346422519,105.874666411,105.874666411,166.232422541
2382,1,0,positive,0.244302781708,-0.107491405958,0.13631535258,244.302781708,-107.491405958,136.31535258,106.210409471,106.210409471,167.201352602
2383,0,0,positive,0.243414878535,-0.107491405958,0.133755223413,243.414878535,-107.491405958,133.755223413,105.322506297,105.322506297,164.641223435
2383,1,0,positive,0.243110685494,-0.107491405958,0.133323175335,243.110685494,-107.491405958,133.323175335,105.018313257,105.018313257,164.209175358
2384,0,0,positive,0.243033583162,-0.107491405958,0.132883623355,243.033583162,-107.491405958,132.883623355,104.941210925,104.941210925,163.769623377
2384,1,0,positive,0.243026422343,-0.107491405958,0.133036962368,243.026422343,-107.491405958,133.036962368,104.934050106,104.934050106,163.92296239
2385,0,0,positive,0.243089012348,-0.107491405958,0.133277197004,243.089012348,-107.491405958,133.277197004,104.996640111,104.996640111,164.163197027
2385,1,0,positive,0.243026422343,-0.107491405958,0.133036962368,243.026422343,-107.491405958,133.036962368,104.934050106,104.934050106,163.92296239
2386,0,0,positive,0.243033583162,-0.107491405958,0.132883623355,243.033583162,-107.491405958,132.883623355,104.941210925,104.941210925,163.769623377
2386,1,0,positive,0.243084053803,-0.107491405958,0.132515895819,243.084053803,-107.491405958,132.515895819,104.991681566,104.991681566,163.401895841
2387,0,0,positive,0.243089012348,-0.107491405958,0.133277197004,243.089012348,-107.491405958,133.277197004,104.996640111,104.996640111,164.163197027
2387,1,0,positive,0.243110685494,-0.107491405958,0.133323175335,243.110685494,-107.491405958,133.323175335,105.018313257,105.018313257,164.209175358
2388,0,0,positive,0.243511615571,-0.107491405958,0.133943392483,243.511615571,-107.491405958,133.943392483,105.419243334,105.419243334,164.829392505
2388,1,0,positive,0.243637171852,-0.107491405958,0.134248345556,243.637171852,-107.491405958,134.248345556,105.544799615,105.544799615,165.134345578
2389,0,0,positive,0.243511615571,-0.107491405958,0.133943392483,243.511615571,-107.491405958,133.943392483,105.419243334,105.419243334,164.829392505
2389,1,0,positive,0.243414878535,-0.107491405958,0.133755223413,243.414878535,-107.491405958,133.755223413,105.322506297,105.322506297,164.641223435
2390,0,0,positive,0.243887779446,-0.107491405958,0.135078935114,243.887779446,-107.491405958,135.078935114,105.795407208,105.795407208,165.964935137
2390,1,0,positive,0.243637171852,-0.107491405958,0.134248345556,243.637171852,-107.491405958,134.248345556,105.544799615,105.544799615,165.134345578
2391,0,0,positive,0.24648451466,-0.107491405958,0.142674751245,246.48451466,-107.491405958,142.674751245,108.392142423,108.392142423,173.560751267
2391,1,0,positive,0.245501844874,-0.107491405958,0.139802422842,245.501844874,-107.491405958,139.802422842,107.409472636,107.409472636,170.688422864
2392,0,0,positive,0.245344926353,-0.107491405958,0.139369950604,245.344926353,-107.491405958,139.369950604,107.252554116,107.252554116,170.255950626
2392,1,0,positive,0.245461880704,-0.107491405958,0.139678883624,245.461880704,-107.491405958,139.678883624,107.369508466,107.369508466,170.564883646
2393,0,0,positive,0.245344926353,-0.107491405958,0.139369950604,245.344926353,-107.491405958,139.369950604,107.252554116,107.252554116,170.255950626
2393,1,0,positive,0.244921861102,-0.107491405958,0.138235859167,244.921861102,-107.491405958,138.235859167,106.829488865,106.829488865,169.121859189
2394,0,0,positive,0.244629721324,-0.107491405958,0.137276759082,244.629721324,-107.491405958,137.276759082,106.537349087,106.537349087,168.162759105
2394,1,0,positive,0.244734070423,-0.107491405958,0.13763044047,244.734070423,-107.491405958,137.63044047,106.641698186,106.641698186,168.516440492
2395,0,0,positive,0.244921861102,-0.107491405958,0.138235859167,244.921861102,-107.491405958,138.235859167,106.829488865,106.829488865,169.121859189
2395,1,0,positive,0.244734070423,-0.107491405958,0.13763044047,244.734070423,-107.491405958,137.63044047,106.641698186,106.641698186,168.516440492
2396,0,0,positive,0.245461880704,-0.107491405958,0.139678883624,245.461880704,-107.491405958,139.678883624,107.369508466,107.369508466,170.564883646
2396,1,0,positive,0.245501844874,-0.107491405958,0.139802422842,245.501844874,-107.491405958,139.802422842,107.409472636,107.409472636,170.688422864
2397,0,0,positive,0.24648451466,-0.107491405958,0.142674751245,246.48451466,-107.491405958,142.674751245,108.392142423,108.392142423,173.560751267
2397,1,0,positive,0.246512490797,-0.107491405958,0.14274890706,246.512490797,-107.491405958,142.74890706,108.42011856,108.42011856,173.634907082
2398,0,0,positive,0.247007965338,-0.107491405958,0.144482871944,247.007965338,-107.491405958,144.482871944,108.915593101,108.915593101,175.368871966
2398,1,0,positive,0.246621777889,-0.107491405958,0.143109543531,246.621777889,-107.491405958,143.109543531,108.529405651,108.529405651,173.995543553
2399,0,0,positive,0.247345910516,-0.107491405958,0.14611190987,247.345910516,-107.491405958,146.11190987,109.253538279,109.253538279,176.997909892
2399,1,0,positive,0.247218595851,-0.107491405958,0.145490816728,247.218595851,-107.491405958,145.490816728,109.126223614,109.126223614,176.37681675
2400,0,0,positive,0.247007965338,-0.107491405958,0.144482871944,247.007965338,-107.491405958,144.482871944,108.915593101,108.915593101,175.368871966
2400,1,0,positive,0.247218595851,-0.107491405958,0.145490816728,247.218595851,-107.491405958,145.490816728,109.126223614,109.126223614,176.37681675
2401,0,0,positive,0.247373966158,-0.107491405958,0.146224662292,247.373966158,-107.491405958,146.224662292,109.28159392,109.28159392,177.110662315
2401,1,0,positive,0.247345910516,-0.107491405958,0.14611190987,247.345910516,-107.491405958,146.11190987,109.253538279,109.253538279,176.997909892
2402,0,0,positive,0.247373966158,-0.107491405958,0.146224662292,247.373966158,-107.491405958,146.224662292,109.28159392,109.28159392,177.110662315
2402,1,0,positive,0.247625288517,-0.107491405958,0.14757036451,247.625288517,-107.491405958,147.57036451,109.53291628,109.53291628,178.456364532
2403,0,0,positive,0.246576674466,-0.107491405958,0.142949343932,246.576674466,-107.491405958,142.949343932,108.484302228,108.484302228,173.835343954
2403,1,0,positive,0.246621777889,-0.107491405958,0.143109543531,246.621777889,-107.491405958,143.109543531,108.529405651,108.529405651,173.995543553
2404,0,0,positive,0.246512490797,-0.107491405958,0.14274890706,246.512490797,-107.491405958,142.74890706,108.42011856,108.42011856,173.634907082
2404,1,0,positive,0.246576674466,-0.107491405958,0.142949343932,246.576674466,-107.491405958,142.949343932,108.484302228,108.484302228,173.835343954
2405,0,0,positive,0.242024626844,-0.107491405958,0.143266757545,242.024626844,-107.491405958,143.266757545,103.932254607,103.932254607,174.152757568
2405,1,0,positive,0.242048422352,-0.107491405958,0.143530282483,242.048422352,-107.491405958,143.530282483,103.956050115,103.956050115,174.416282506
2406,0,0,positive,0.242264428163,-0.107491405958,0.144402583514,242.264428163,-107.491405958,144.402583514,104.172055926,104.172055926,175.288583536
2406,1,0,positive,0.242275112479,-0.107491405958,0.144444808942,242.275112479,-107.491405958,144.444808942,104.182740242,104.182740242,175.330808964
2407,0,0,positive,0.242406572574,-0.107491405958,0.145623452446,242.406572574,-107.491405958,145.623452446,104.314200337,104.314200337,176.509452468
2407,1,0,positive,0.242304304285,-0.107491405958,0.144743778875,242.304304285,-107.491405958,144.743778875,104.211932048,104.211932048,175.629778897
2408,0,0,positive,0.242275112479,-0.107491405958,0.144444808942,242.275112479,-107.491405958,144.444808942,104.182740242,104.182740242,175.330808964
2408,1,0,positive,0.242304304285,-0.107491405958,0.144743778875,242.304304285,-107.491405958,144.743778875,104.211932048,104.211932048,175.629778897
2409,0,0,positive,0.242437702162,-0.107491405958,0.145871329845,242.437702162,-107.491405958,145.871329845,104.345329925,104.345329925,176.757329867
2409,1,0,positive,0.242668875226,-0.107491405958,0.146873859299,242.668875226,-107.491405958,146.873859299,104.576502989,104.576502989,177.759859321
2410,0,0,positive,0.247643106806,-0.107491405958,0.147713659264,247.643106806,-107.491405958,147.713659264,109.550734569,109.550734569,178.599659287
2410,1,0,positive,0.247625288517,-0.107491405958,0.14757036451,247.625288517,-107.491405958,147.57036451,109.53291628,109.53291628,178.456364532
2411,0,0,positive,0.247873700983,-0.107491405958,0.14912833746,247.873700983,-107.491405958,149.12833746,109.781328745,109.781328745,180.014337483
2411,1,0,positive,0.247844456931,-0.107491405958,0.148963861935,247.844456931,-107.491405958,148.963861935,109.752084694,109.752084694,179.849861957
2412,0,0,positive,0.247643106806,-0.107491405958,0.147713659264,247.643106806,-107.491405958,147.713659264,109.550734569,109.550734569,178.599659287
2412,1,0,positive,0.247844456931,-0.107491405958,0.148963861935,247.844456931,-107.491405958,148.963861935,109.752084694,109.752084694,179.849861957
2413,0,0,positive,0.247873700983,-0.107491405958,0.14912833746,247.873700983,-107.491405958,149.12833746,109.781328745,109.781328745,180.014337483
2413,1,0,positive,0.247989089775,-0.107491405958,0.150179367884,247.989089775,-107.491405958,150.179367884,109.896717538,109.896717538,181.065367907
2414,0,0,positive,0.24806190908,-0.107491405958,0.150828928641,248.06190908,-107.491405958,150.828928641,109.969536843,109.969536843,181.714928664
2414,1,0,positive,0.247989089775,-0.107491405958,0.150179367884,247.989089775,-107.491405958,150.179367884,109.896717538,109.896717538,181.065367907
2415,0,0,positive,0.242745075271,-0.107491405958,0.147208358152,242.745075271,-107.491405958,147.208358152,104.652703033,104.652703033,178.094358174
2415,1,0,positive,0.242895166601,-0.107491405958,0.147962309031,242.895166601,-107.491405958,147.962309031,104.802794364,104.802794364,178.848309054
2416,0,0,positive,0.242911700745,-0.107491405958,0.148099783691,242.911700745,-107.491405958,148.099783691,104.819328508,104.819328508,178.985783714
2416,1,0,positive,0.242895166601,-0.107491405958,0.147962309031,242.895166601,-107.491405958,147.962309031,104.802794364,104.802794364,178.848309054
2417,0,0,positive,0.243211080413,-0.107491405958,0.149367769143,243.211080413,-107.491405958,149.367769143,105.118708176,105.118708176,180.253769165
2417,1,0,positive,0.243237698153,-0.107491405958,0.149514304598,243.237698153,-107.491405958,149.514304598,105.145325916,105.145325916,180.400304621
2418,0,0,positive,0.243193747371,-0.107491405958,0.149315931267,243.193747371,-107.491405958,149.315931267,105.101375134,105.101375134,180.201931289
2418,1,0,positive,0.243211080413,-0.107491405958,0.149367769143,243.211080413,-107.491405958,149.367769143,105.118708176,105.118708176,180.253769165
2419,0,0,positive,0.242949116272,-0.107491405958,0.148253161765,242.949116272,-107.491405958,148.253161765,104.856744035,104.856744035,179.139161787
2419,1,0,positive,0.242911700745,-0.107491405958,0.148099783691,242.911700745,-107.491405958,148.099783691,104.819328508,104.819328508,178.985783714
2420,0,0,positive,0.242949116272,-0.107491405958,0.148253161765,242.949116272,-107.491405958,148.253161765,104.856744035,104.856744035,179.139161787
2420,1,0,positive,0.243021627019,-0.107491405958,0.148726250468,243.021627019,-107.491405958,148.726250468,104.929254782,104.929254782,179.612250491
2421,0,0,positive,0.243193747371,-0.107491405958,0.149315931267,243.193747371,-107.491405958,149.315931267,105.101375134,105.101375134,180.201931289
2421,1,0,positive,0.243021627019,-0.107491405958,0.148726250468,243.021627019,-107.491405958,148.726250468,104.929254782,104.929254782,179.612250491
2422,0,0,positive,0.243320288711,-0.107491405958,0.1499153647,243.320288711,-107.491405958,149.9153647,105.227916474,105.227916474,180.801364722
2422,1,0,positive,0.243237698153,-0.107491405958,0.149514304598,243.237698153,-107.491405958,149.514304598,105.145325916,105.145325916,180.400304621
2423,0,0,positive,0.243340885336,-0.107491405958,0.150097378148,243.340885336,-107.491405958,150.097378148,105.248513099,105.248513099,180.983378171
2423,1,0,positive,0.243321499071,-0.107491405958,0.150009153519,243.321499071,-107.491405958,150.009153519,105.229126834,105.229126834,180.895153542
2424,0,0,positive,0.243321499071,-0.107491405958,0.150009153519,243.321499071,-107.491405958,150.009153519,105.229126834,105.229126834,180.895153542
2424,1,0,positive,0.243320288711,-0.107491405958,0.1499153647,243.320288711,-107.491405958,149.9153647,105.227916474,105.227916474,180.801364722
2425,0,0,positive,0.243611749105,-0.107491405958,0.152352630756,243.611749105,-107.491405958,152.352630756,105.519376867,105.519376867,183.238630778
2425,1,0,positive,0.243609547055,-0.107491405958,0.152331371645,243.609547055,-107.491405958,152.331371645,105.517174818,105.517174818,183.217371667
2426,0,0,positive,0.243340885336,-0.107491405958,0.150097378148,243.340885336,-107.491405958,150.097378148,105.248513099,105.248513099,180.983378171
2426,1,0,positive,0.243392784379,-0.107491405958,0.150311425781,243.392784379,-107.491405958,150.311425781,105.300412142,105.300412142,181.197425803
2427,0,0,positive,0.243392784379,-0.107491405958,0.150311425781,243.392784379,-107.491405958,150.311425781,105.300412142,105.300412142,181.197425803
2427,1,0,positive,0.243504548749,-0.107491405958,0.151124218211,243.504548749,-107.491405958,151.124218211,105.412176512,105.412176512,182.010218234
2428,0,0,positive,0.243504548749,-0.107491405958,0.151124218211,243.504548749,-107.491405958,151.124218211,105.412176512,105.412176512,182.010218234
2428,1,0,positive,0.243609547055,-0.107491405958,0.152331371645,243.609547055,-107.491405958,152.331371645,105.517174818,105.517174818,183.217371667
2429,0,0,positive,0.241169675698,-0.107491405958,0.139238403889,241.169675698,-107.491405958,139.238403889,103.077303461,103.077303461,170.124403911
2429,1,0,positive,0.241151379235,-0.107491405958,0.139107044733,241.151379235,-107.491405958,139.107044733,103.059006998,103.059006998,169.993044755
2430,0,0,positive,0.241184963943,-0.107491405958,0.139281469414,241.184963943,-107.491405958,139.281469414,103.092591706,103.092591706,170.167469437
2430,1,0,positive,0.241319328629,-0.107491405958,0.139978214252,241.319328629,-107.491405958,139.978214252,103.226956391,103.226956391,170.864214274
2431,0,0,positive,0.241184963943,-0.107491405958,0.139281469414,241.184963943,-107.491405958,139.281469414,103.092591706,103.092591706,170.167469437
2431,1,0,positive,0.241169675698,-0.107491405958,0.139238403889,241.169675698,-107.491405958,139.238403889,103.077303461,103.077303461,170.124403911
2432,0,0,positive,0.24138024128,-0.107491405958,0.140346275949,241.38024128,-107.491405958,140.346275949,103.287869043,103.287869043,171.232275972
2432,1,0,positive,0.241462960276,-0.107491405958,0.140662447973,241.462960276,-107.491405958,140.662447973,103.370588038,103.370588038,171.548447995
2433,0,0,positive,0.241462960276,-0.107491405958,0.140662447973,241.462960276,-107.491405958,140.662447973,103.370588038,103.370588038,171.548447995
2433,1,0,positive,0.241509692635,-0.107491405958,0.140920025816,241.509692635,-107.491405958,140.920025816,103.417320397,103.417320397,171.806025838
2434,0,0,positive,0.241541506195,-0.107491405958,0.141236139449,241.541506195,-107.491405958,141.236139449,103.449133957,103.449133957,172.122139471
2434,1,0,positive,0.241509692635,-0.107491405958,0.140920025816,241.509692635,-107.491405958,140.920025816,103.417320397,103.417320397,171.806025838
2435,0,0,positive,0.24138024128,-0.107491405958,0.140346275949,241.38024128,-107.491405958,140.346275949,103.287869043,103.287869043,171.232275972
2435,1,0,positive,0.241319328629,-0.107491405958,0.139978214252,241.319328629,-107.491405958,139.978214252,103.226956391,103.226956391,170.864214274
2436,0,0,positive,0.241843668297,-0.107491405958,0.141912985051,241.843668297,-107.491405958,141.912985051,103.75129606,103.75129606,172.798985074
2436,1,0,positive,0.241680885475,-0.107491405958,0.141523504373,241.680885475,-107.491405958,141.523504373,103.588513237,103.588513237,172.409504395
2437,0,0,positive,0.241541506195,-0.107491405958,0.141236139449,241.541506195,-107.491405958,141.236139449,103.449133957,103.449133957,172.122139471
2437,1,0,positive,0.241680885475,-0.107491405958,0.141523504373,241.680885475,-107.491405958,141.523504373,103.588513237,103.588513237,172.409504395
2438,0,0,positive,0.241843668297,-0.107491405958,0.141912985051,241.843668297,-107.491405958,141.912985051,103.75129606,103.75129606,172.798985074
2438,1,0,positive,0.241902095725,-0.107491405958,0.142289156372,241.902095725,-107.491405958,142.289156372,103.809723488,103.809723488,173.175156394
2439,0,0,positive,0.241980021097,-0.107491405958,0.142711272837,241.980021097,-107.491405958,142.711272837,103.887648859,103.887648859,173.597272859
2439,1,0,positive,0.241902095725,-0.107491405958,0.142289156372,241.902095725,-107.491405958,142.289156372,103.809723488,103.809723488,173.175156394
2440,0,0,positive,0.242024626844,-0.107491405958,0.143266757545,242.024626844,-107.491405958,143.266757545,103.932254607,103.932254607,174.152757568
2440,1,0,positive,0.241980021097,-0.107491405958,0.142711272837,241.980021097,-107.491405958,142.711272837,103.887648859,103.887648859,173.597272859
2441,0,0,positive,0.242264428163,-0.107491405958,0.144402583514,242.264428163,-107.491405958,144.402583514,104.172055926,104.172055926,175.288583536
2441,1,0,positive,0.242048422352,-0.107491405958,0.143530282483,242.048422352,-107.491405958,143.530282483,103.956050115,103.956050115,174.416282506
2442,0,0,positive,0.242408088879,-0.107491405958,0.145772049623,242.408088879,-107.491405958,145.772049623,104.315716642,104.315716642,176.658049645
2442,1,0,positive,0.242406572574,-0.107491405958,0.145623452446,242.406572574,-107.491405958,145.623452446,104.314200337,104.314200337,176.509452468
2443,0,0,positive,0.242437702162,-0.107491405958,0.145871329845,242.437702162,-107.491405958,145.871329845,104.345329925,104.345329925,176.757329867
2443,1,0,positive,0.242408088879,-0.107491405958,0.145772049623,242.408088879,-107.491405958,145.772049623,104.315716642,104.315716642,176.658049645
2444,0,0,positive,0.242710498597,-0.107491405958,0.147094033707,242.710498597,-107.491405958,147.094033707,104.61812636,104.61812636,177.98003373
2444,1,0,positive,0.242668875226,-0.107491405958,0.146873859299,242.668875226,-107.491405958,146.873859299,104.576502989,104.576502989,177.759859321
2445,0,0,positive,0.242745075271,-0.107491405958,0.147208358152,242.745075271,-107.491405958,147.208358152,104.652703033,104.652703033,178.094358174
2445,1,0,positive,0.242710498597,-0.107491405958,0.147094033707,242.710498597,-107.491405958,147.094033707,104.61812636,104.61812636,177.98003373
2446,0,0,positive,0.248123359537,-0.107491405958,0.15121557042,248.123359537,-107.491405958,151.21557042,110.0309873,110.0309873,182.101570442
2446,1,0,positive,0.248333587913,-0.107491405958,0.152771120778,248.333587913,-107.491405958,152.771120778,110.241215676,110.241215676,183.657120801
2447,0,0,positive,0.248333587913,-0.107491405958,0.152771120778,248.333587913,-107.491405958,152.771120778,110.241215676,110.241215676,183.657120801
2447,1,0,positive,0.248491015873,-0.107491405958,0.153628394778,248.491015873,-107.491405958,153.628394778,110.398643636,110.398643636,184.5143948
2448,0,0,positive,0.248738141212,-0.107491405958,0.154742968486,248.738141212,-107.491405958,154.742968486,110.645768975,110.645768975,185.628968509
2448,1,0,positive,0.248491015873,-0.107491405958,0.153628394778,248.491015873,-107.491405958,153.628394778,110.398643636,110.398643636,184.5143948
2449,0,0,positive,0.249096087515,-0.107491405958,0.156133739711,249.096087515,-107.491405958,156.133739711,111.003715278,111.003715278,187.019739733
2449,1,0,positive,0.249269978967,-0.107491405958,0.157035702752,249.269978967,-107.491405958,157.035702752,111.17760673,111.17760673,187.921702774
2450,0,0,positive,0.249096087515,-0.107491405958,0.156133739711,249.096087515,-107.491405958,156.133739711,111.003715278,111.003715278,187.019739733
2450,1,0,positive,0.249035294981,-0.107491405958,0.15587599066,249.035294981,-107.491405958,155.87599066,110.942922744,110.942922744,186.761990682
2451,0,0,positive,0.248738141212,-0.107491405958,0.154742968486,248.738141212,-107.491405958,154.742968486,110.645768975,110.645768975,185.628968509
2451,1,0,positive,0.249035294981,-0.107491405958,0.15587599066,249.035294981,-107.491405958,155.87599066,110.942922744,110.942922744,186.761990682
2452,0,0,positive,0.249652230808,-0.107491405958,0.159058928484,249.652230808,-107.491405958,159.058928484,111.559858571,111.559858571,189.944928506
2452,1,0,positive,0.249529349832,-0.107491405958,0.158401084566,249.529349832,-107.491405958,158.401084566,111.436977595,111.436977595,189.287084588
2453,0,0,positive,0.249393440102,-0.107491405958,0.157574556457,249.393440102,-107.491405958,157.574556457,111.301067865,111.301067865,188.46055648
2453,1,0,positive,0.249529349832,-0.107491405958,0.158401084566,249.529349832,-107.491405958,158.401084566,111.436977595,111.436977595,189.287084588
2454,0,0,positive,0.249269978967,-0.107491405958,0.157035702752,249.269978967,-107.491405958,157.035702752,111.17760673,111.17760673,187.921702774
2454,1,0,positive,0.249393440102,-0.107491405958,0.157574556457,249.393440102,-107.491405958,157.574556457,111.301067865,111.301067865,188.46055648
2455,0,0,positive,0.249735986864,-0.107491405958,0.159726980747,249.735986864,-107.491405958,159.726980747,111.643614627,111.643614627,190.612980769
2455,1,0,positive,0.249827467419,-0.107491405958,0.160419199936,249.827467419,-107.491405958,160.419199936,111.735095182,111.735095182,191.305199958
2456,0,0,positive,0.249735986864,-0.107491405958,0.159726980747,249.735986864,-107.491405958,159.726980747,111.643614627,111.643614627,190.612980769
2456,1,0,positive,0.249652230808,-0.107491405958,0.159058928484,249.652230808,-107.491405958,159.058928484,111.559858571,111.559858571,189.944928506
2457,0,0,positive,0.249827467419,-0.107491405958,0.160419199936,249.827467419,-107.491405958,160.419199936,111.735095182,111.735095182,191.305199958
2457,1,0,positive,0.249840693756,-0.107491405958,0.160640870425,249.840693756,-107.491405958,160.640870425,111.748321518,111.748321518,191.526870448
2458,0,0,positive,0.248123359537,-0.107491405958,0.15121557042,248.123359537,-107.491405958,151.21557042,110.0309873,110.0309873,182.101570442
2458,1,0,positive,0.24806190908,-0.107491405958,0.150828928641,248.06190908,-107.491405958,150.828928641,109.969536843,109.969536843,181.714928664
2459,0,0,positive,0.243638659996,-0.107491405958,0.152444410972,243.638659996,-107.491405958,152.444410972,105.546287759,105.546287759,183.330410994
2459,1,0,positive,0.243611749105,-0.107491405958,0.152352630756,243.611749105,-107.491405958,152.352630756,105.519376867,105.519376867,183.238630778
2460,0,0,positive,0.243780145285,-0.107491405958,0.152793986946,243.780145285,-107.491405958,152.793986946,105.687773048,105.687773048,183.679986968
2460,1,0,positive,0.243838134044,-0.107491405958,0.153006062726,243.838134044,-107.491405958,153.006062726,105.745761807,105.745761807,183.892062748
2461,0,0,positive,0.243892700272,-0.107491405958,0.153641103001,243.892700272,-107.491405958,153.641103001,105.800328035,105.800328035,184.527103023
2461,1,0,positive,0.243838134044,-0.107491405958,0.153006062726,243.838134044,-107.491405958,153.006062726,105.745761807,105.745761807,183.892062748
2462,0,0,positive,0.243892700272,-0.107491405958,0.153641103001,243.892700272,-107.491405958,153.641103001,105.800328035,105.800328035,184.527103023
2462,1,0,positive,0.243893841924,-0.107491405958,0.153647054035,243.893841924,-107.491405958,153.647054035,105.801469687,105.801469687,184.533054057
2463,0,0,positive,0.243638659996,-0.107491405958,0.152444410972,243.638659996,-107.491405958,152.444410972,105.546287759,105.546287759,183.330410994
2463,1,0,positive,0.243780145285,-0.107491405958,0.152793986946,243.780145285,-107.491405958,152.793986946,105.687773048,105.687773048,183.679986968
2464,0,0,positive,0.244085295242,-0.107491405958,0.154844227049,244.085295242,-107.491405958,154.844227049,105.992923005,105.992923005,185.730227071
2464,1,0,positive,0.244119717386,-0.107491405958,0.155424853686,244.119717386,-107.491405958,155.424853686,106.027345149,106.027345149,186.310853708
2465,0,0,positive,0.244119717386,-0.107491405958,0.155424853686,244.119717386,-107.491405958,155.424853686,106.027345149,106.027345149,186.310853708
2465,1,0,positive,0.244147321894,-0.107491405958,0.155569467653,244.147321894,-107.491405958,155.569467653,106.054949657,106.054949657,186.455467676
2466,0,0,positive,0.244085295242,-0.107491405958,0.154844227049,244.085295242,-107.491405958,154.844227049,105.992923005,105.992923005,185.730227071
2466,1,0,positive,0.243893841924,-0.107491405958,0.153647054035,243.893841924,-107.491405958,153.647054035,105.801469687,105.801469687,184.533054057
2467,0,0,positive,0.244147321894,-0.107491405958,0.155569467653,244.147321894,-107.491405958,155.569467653,106.054949657,106.054949657,186.455467676
2467,1,0,positive,0.24431169561,-0.107491405958,0.156361568215,244.31169561,-107.491405958,156.361568215,106.219323373,106.219323373,187.247568237
2468,0,0,positive,0.244328815878,-0.107491405958,0.1564450415,244.328815878,-107.491405958,156.4450415,106.236443641,106.236443641,187.331041522
2468,1,0,positive,0.24431169561,-0.107491405958,0.156361568215,244.31169561,-107.491405958,156.361568215,106.219323373,106.219323373,187.247568237
2469,0,0,positive,0.244360264296,-0.107491405958,0.156553343529,244.360264296,-107.491405958,156.553343529,106.267892058,106.267892058,187.439343551
2469,1,0,positive,0.244328815878,-0.107491405958,0.1564450415,244.328815878,-107.491405958,156.4450415,106.236443641,106.236443641,187.331041522
2470,0,0,positive,0.244502155724,-0.107491405958,0.157569217115,244.502155724,-107.491405958,157.569217115,106.409783486,106.409783486,188.455217137
2470,1,0,positive,0.244515793229,-0.107491405958,0.157651739044,244.515793229,-107.491405958,157.651739044,106.423420992,106.423420992,188.537739066
2471,0,0,positive,0.244442715844,-0.107491405958,0.157185168934,244.442715844,-107.491405958,157.185168934,106.350343607,106.350343607,188.071168956
2471,1,0,positive,0.244502155724,-0.107491405958,0.157569217115,244.502155724,-107.491405958,157.569217115,106.409783486,106.409783486,188.455217137
2472,0,0,positive,0.244515793229,-0.107491405958,0.157651739044,244.515793229,-107.491405958,157.651739044,106.423420992,106.423420992,188.537739066
2472,1,0,positive,0.244519543165,-0.107491405958,0.157710180562,244.519543165,-107.491405958,157.710180562,106.427170928,106.427170928,188.596180585
2473,0,0,positive,0.244519543165,-0.107491405958,0.157710180562,244.519543165,-107.491405958,157.710180562,106.427170928,106.427170928,188.596180585
2473,1,0,positive,0.244602936427,-0.107491405958,0.158263023395,244.602936427,-107.491405958,158.263023395,106.51056419,106.51056419,189.149023417
2474,0,0,positive,0.244442715844,-0.107491405958,0.157185168934,244.442715844,-107.491405958,157.185168934,106.350343607,106.350343607,188.071168956
2474,1,0,positive,0.244360264296,-0.107491405958,0.156553343529,244.360264296,-107.491405958,156.553343529,106.267892058,106.267892058,187.439343551
2475,0,0,positive,0.24472645377,-0.107491405958,0.159116911646,244.72645377,-107.491405958,159.116911646,106.634081532,106.634081532,190.002911668
2475,1,0,positive,0.244602936427,-0.107491405958,0.158263023395,244.602936427,-107.491405958,158.263023395,106.51056419,106.51056419,189.149023417
2476,0,0,positive,0.244761988114,-0.107491405958,0.159348245786,244.761988114,-107.491405958,159.348245786,106.669615877,106.669615877,190.234245808
2476,1,0,positive,0.244885501015,-0.107491405958,0.16036819677,244.885501015,-107.491405958,160.36819677,106.793128777,106.793128777,191.254196793
2477,0,0,positive,0.244864340995,-0.107491405958,0.160476255818,244.864340995,-107.491405958,160.476255818,106.771968758,106.771968758,191.362255841
2477,1,0,positive,0.244885501015,-0.107491405958,0.16036819677,244.885501015,-107.491405958,160.36819677,106.793128777,106.793128777,191.254196793
2478,0,0,positive,0.244895038694,-0.107491405958,0.160556321197,244.895038694,-107.491405958,160.556321197,106.802666457,106.802666457,191.442321219
2478,1,0,positive,0.244864340995,-0.107491405958,0.160476255818,244.864340995,-107.491405958,160.476255818,106.771968758,106.771968758,191.362255841
2479,0,0,positive,0.24510864408,-0.107491405958,0.161359177597,245.10864408,-107.491405958,161.359177597,107.016271843,107.016271843,192.245177619
2479,1,0,positive,0.244990744692,-0.107491405958,0.161026282648,244.990744692,-107.491405958,161.026282648,106.898372454,106.898372454,191.91228267
2480,0,0,positive,0.244895038694,-0.107491405958,0.160556321197,244.895038694,-107.491405958,160.556321197,106.802666457,106.802666457,191.442321219
2480,1,0,positive,0.244990744692,-0.107491405958,0.161026282648,244.990744692,-107.491405958,161.026282648,106.898372454,106.898372454,191.91228267
2481,0,0,positive,0.244761988114,-0.107491405958,0.159348245786,244.761988114,-107.491405958,159.348245786,106.669615877,106.669615877,190.234245808
2481,1,0,positive,0.24472645377,-0.107491405958,0.159116911646,244.72645377,-107.491405958,159.116911646,106.634081532,106.634081532,190.002911668
2482,0,0,positive,0.250016346639,-0.107491405958,0.16316105643,250.016346639,-107.491405958,163.16105643,111.923974402,111.923974402,194.047056453
2482,1,0,positive,0.250003712304,-0.107491405958,0.16260136819,250.003712304,-107.491405958,162.60136819,111.911340067,111.911340067,193.487368212
2483,0,0,positive,0.250073006255,-0.107491405958,0.164034043249,250.073006255,-107.491405958,164.034043249,111.980634018,111.980634018,194.920043271
2483,1,0,positive,0.250016346639,-0.107491405958,0.16316105643,250.016346639,-107.491405958,163.16105643,111.923974402,111.923974402,194.047056453
2484,0,0,positive,0.250073006255,-0.107491405958,0.164034043249,250.073006255,-107.491405958,164.034043249,111.980634018,111.980634018,194.920043271
2484,1,0,positive,0.25013997015,-0.107491405958,0.165419300789,250.13997015,-107.491405958,165.419300789,112.047597913,112.047597913,196.305300811
2485,0,0,positive,0.250236721194,-0.107491405958,0.167080665386,250.236721194,-107.491405958,167.080665386,112.144348957,112.144348957,197.966665408
2485,1,0,positive,0.250183942999,-0.107491405958,0.165985087078,250.183942999,-107.491405958,165.985087078,112.091570761,112.091570761,196.871087101
2486,0,0,positive,0.25023952948,-0.107491405958,0.168097334853,250.23952948,-107.491405958,168.097334853,112.147157243,112.147157243,198.983334875
2486,1,0,positive,0.25026874196,-0.107491405958,0.167736988559,250.26874196,-107.491405958,167.736988559,112.176369723,112.176369723,198.622988581
2487,0,0,positive,0.25023952948,-0.107491405958,0.168097334853,250.23952948,-107.491405958,168.097334853,112.147157243,112.147157243,198.983334875
2487,1,0,positive,0.250208071602,-0.107491405958,0.16834292312,250.208071602,-107.491405958,168.34292312,112.115699365,112.115699365,199.228923142
2488,0,0,positive,0.250116842735,-0.107491405958,0.16863218916,250.116842735,-107.491405958,168.63218916,112.024470498,112.024470498,199.518189182
2488,1,0,positive,0.250208071602,-0.107491405958,0.16834292312,250.208071602,-107.491405958,168.34292312,112.115699365,112.115699365,199.228923142
2489,0,0,positive,0.250116842735,-0.107491405958,0.16863218916,250.116842735,-107.491405958,168.63218916,112.024470498,112.024470498,199.518189182
2489,1,0,positive,0.249989586535,-0.107491405958,0.169216279381,249.989586535,-107.491405958,169.216279381,111.897214298,111.897214298,200.102279404
2490,0,0,positive,0.249992021187,-0.107491405958,0.169268560812,249.992021187,-107.491405958,169.268560812,111.89964895,111.89964895,200.154560834
2490,1,0,positive,0.249989586535,-0.107491405958,0.169216279381,249.989586535,-107.491405958,169.216279381,111.897214298,111.897214298,200.102279404
2491,0,0,positive,0.250141260207,-0.107491405958,0.169788910569,250.141260207,-107.491405958,169.788910569,112.04888797,112.04888797,200.674910592
2491,1,0,positive,0.250076766142,-0.107491405958,0.169629539358,250.076766142,-107.491405958,169.629539358,111.984393905,111.984393905,200.515539381
2492,0,0,positive,0.250169859653,-0.107491405958,0.170025784026,250.169859653,-107.491405958,170.025784026,112.077487416,112.077487416,200.911784048
2492,1,0,positive,0.250141260207,-0.107491405958,0.169788910569,250.141260207,-107.491405958,169.788910569,112.04888797,112.04888797,200.674910592
2493,0,0,positive,0.249966032906,-0.107491405958,0.162357246379,249.966032906,-107.491405958,162.357246379,111.873660669,111.873660669,193.243246402
2493,1,0,positive,0.249840693756,-0.107491405958,0.160640870425,249.840693756,-107.491405958,160.640870425,111.748321518,111.748321518,191.526870448
2494,0,0,positive,0.249966032906,-0.107491405958,0.162357246379,249.966032906,-107.491405958,162.357246379,111.873660669,111.873660669,193.243246402
2494,1,0,positive,0.250003712304,-0.107491405958,0.16260136819,250.003712304,-107.491405958,162.60136819,111.911340067,111.911340067,193.487368212
2495,0,0,positive,0.25013997015,-0.107491405958,0.165419300789,250.13997015,-107.491405958,165.419300789,112.047597913,112.047597913,196.305300811
2495,1,0,positive,0.250183942999,-0.107491405958,0.165985087078,250.183942999,-107.491405958,165.985087078,112.091570761,112.091570761,196.871087101
2496,0,0,positive,0.250236721194,-0.107491405958,0.167080665386,250.236721194,-107.491405958,167.080665386,112.144348957,112.144348957,197.966665408
2496,1,0,positive,0.25026874196,-0.107491405958,0.167736988559,250.26874196,-107.491405958,167.736988559,112.176369723,112.176369723,198.622988581
2497,0,0,positive,0.249992021187,-0.107491405958,0.169268560812,249.992021187,-107.491405958,169.268560812,111.89964895,111.89964895,200.154560834
2497,1,0,positive,0.250028690078,-0.107491405958,0.16945552671,250.028690078,-107.491405958,169.45552671,111.93631784,111.93631784,200.341526732
2498,0,0,positive,0.250028690078,-0.107491405958,0.16945552671,250.028690078,-107.491405958,169.45552671,111.93631784,111.93631784,200.341526732
2498,1,0,positive,0.250076766142,-0.107491405958,0.169629539358,250.076766142,-107.491405958,169.629539358,111.984393905,111.984393905,200.515539381
2499,0,0,positive,0.250169859653,-0.107491405958,0.170025784026,250.169859653,-107.491405958,170.025784026,112.077487416,112.077487416,200.911784048
2499,1,0,positive,0.25018033303,-0.107491405958,0.170219546344,250.18033303,-107.491405958,170.219546344,112.087960793,112.087960793,201.105546367
2500,0,0,positive,0.25018033303,-0.107491405958,0.170219546344,250.18033303,-107.491405958,170.219546344,112.087960793,112.087960793,201.105546367
2500,1,0,positive,0.250134173701,-0.107491405958,0.170590863906,250.134173701,-107.491405958,170.590863906,112.041801463,112.041801463,201.476863928
2501,0,0,positive,0.245427023158,-0.107491405958,0.163924763852,245.427023158,-107.491405958,163.924763852,107.334650921,107.334650921,194.810763874
2501,1,0,positive,0.245462672905,-0.107491405958,0.164184487158,245.462672905,-107.491405958,164.184487158,107.370300668,107.370300668,195.07048718
2502,0,0,positive,0.245462672905,-0.107491405958,0.164184487158,245.462672905,-107.491405958,164.184487158,107.370300668,107.370300668,195.07048718
2502,1,0,positive,0.24552337843,-0.107491405958,0.164469554898,245.52337843,-107.491405958,164.469554898,107.431006193,107.431006193,195.35555492
2503,0,0,positive,0.245206460951,-0.107491405958,0.161954879337,245.206460951,-107.491405958,161.954879337,107.114088714,107.114088714,192.84087936
2503,1,0,positive,0.245254437468,-0.107491405958,0.162134069908,245.254437468,-107.491405958,162.134069908,107.162065231,107.162065231,193.02006993
2504,0,0,positive,0.245254437468,-0.107491405958,0.162134069908,245.254437468,-107.491405958,162.134069908,107.162065231,107.162065231,193.02006993
2504,1,0,positive,0.245247829325,-0.107491405958,0.162229692227,245.247829325,-107.491405958,162.229692227,107.155457088,107.155457088,193.115692249
2505,0,0,positive,0.245128120503,-0.107491405958,0.161455037283,245.128120503,-107.491405958,161.455037283,107.035748266,107.035748266,192.341037305
2505,1,0,positive,0.24510864408,-0.107491405958,0.161359177597,245.10864408,-107.491405958,161.359177597,107.016271843,107.016271843,192.245177619
2506,0,0,positive,0.245206460951,-0.107491405958,0.161954879337,245.206460951,-107.491405958,161.954879337,107.114088714,107.114088714,192.84087936
2506,1,0,positive,0.245128120503,-0.107491405958,0.161455037283,245.128120503,-107.491405958,161.455037283,107.035748266,107.035748266,192.341037305
2507,0,0,positive,0.245251539575,-0.107491405958,0.162677887686,245.251539575,-107.491405958,162.677887686,107.159167338,107.159167338,193.563887708
2507,1,0,positive,0.245247829325,-0.107491405958,0.162229692227,245.247829325,-107.491405958,162.229692227,107.155457088,107.155457088,193.115692249
2508,0,0,positive,0.245251539575,-0.107491405958,0.162677887686,245.251539575,-107.491405958,162.677887686,107.159167338,107.159167338,193.563887708
2508,1,0,positive,0.245333674978,-0.107491405958,0.163263650149,245.333674978,-107.491405958,163.263650149,107.241302741,107.241302741,194.149650172
2509,0,0,positive,0.245388296892,-0.107491405958,0.163562374941,245.388296892,-107.491405958,163.562374941,107.295924655,107.295924655,194.448374964
2509,1,0,positive,0.245333674978,-0.107491405958,0.163263650149,245.333674978,-107.491405958,163.263650149,107.241302741,107.241302741,194.149650172
2510,0,0,positive,0.245427023158,-0.107491405958,0.163924763852,245.427023158,-107.491405958,163.924763852,107.334650921,107.334650921,194.810763874
2510,1,0,positive,0.245388296892,-0.107491405958,0.163562374941,245.388296892,-107.491405958,163.562374941,107.295924655,107.295924655,194.448374964
2511,0,0,positive,0.245581384241,-0.107491405958,0.164707866073,245.581384241,-107.491405958,164.707866073,107.489012004,107.489012004,195.593866095
2511,1,0,positive,0.24552337843,-0.107491405958,0.164469554898,245.52337843,-107.491405958,164.469554898,107.431006193,107.431006193,195.35555492
2512,0,0,positive,0.245607629486,-0.107491405958,0.164881917907,245.607629486,-107.491405958,164.881917907,107.515257249,107.515257249,195.76791793
2512,1,0,positive,0.245665442119,-0.107491405958,0.165597293088,245.665442119,-107.491405958,165.597293088,107.573069881,107.573069881,196.48329311
2513,0,0,positive,0.245607629486,-0.107491405958,0.164881917907,245.607629486,-107.491405958,164.881917907,107.515257249,107.515257249,195.76791793
2513,1,0,positive,0.245581384241,-0.107491405958,0.164707866073,245.581384241,-107.491405958,164.707866073,107.489012004,107.489012004,195.593866095
2514,0,0,positive,0.245688680623,-0.107491405958,0.165698456566,245.688680623,-107.491405958,165.698456566,107.596308386,107.596308386,196.584456588
2514,1,0,positive,0.245883133129,-0.107491405958,0.166521195511,245.883133129,-107.491405958,166.521195511,107.790760891,107.790760891,197.407195534
2515,0,0,positive,0.245688680623,-0.107491405958,0.165698456566,245.688680623,-107.491405958,165.698456566,107.596308386,107.596308386,196.584456588
2515,1,0,positive,0.245665442119,-0.107491405958,0.165597293088,245.665442119,-107.491405958,165.597293088,107.573069881,107.573069881,196.48329311
2516,0,0,positive,0.246070555479,-0.107491405958,0.169089387406,246.070555479,-107.491405958,169.089387406,107.978183242,107.978183242,199.975387428
2516,1,0,positive,0.246070182106,-0.107491405958,0.169040583946,246.070182106,-107.491405958,169.040583946,107.977809869,107.977809869,199.926583968
2517,0,0,positive,0.246069037891,-0.107491405958,0.167601131479,246.069037891,-107.491405958,167.601131479,107.976665654,107.976665654,198.487131501
2517,1,0,positive,0.246125400567,-0.107491405958,0.16793837453,246.125400567,-107.491405958,167.93837453,108.03302833,108.03302833,198.824374553
2518,0,0,positive,0.246125400567,-0.107491405958,0.16793837453,246.125400567,-107.491405958,167.93837453,108.03302833,108.03302833,198.824374553
2518,1,0,positive,0.24609410754,-0.107491405958,0.168589172476,246.09410754,-107.491405958,168.589172476,108.001735303,108.001735303,199.475172498
2519,0,0,positive,0.245921435669,-0.107491405958,0.166679345991,245.921435669,-107.491405958,166.679345991,107.829063432,107.829063432,197.565346013
2519,1,0,positive,0.245883133129,-0.107491405958,0.166521195511,245.883133129,-107.491405958,166.521195511,107.790760891,107.790760891,197.407195534
2520,0,0,positive,0.246069037891,-0.107491405958,0.167601131479,246.069037891,-107.491405958,167.601131479,107.976665654,107.976665654,198.487131501
2520,1,0,positive,0.245921435669,-0.107491405958,0.166679345991,245.921435669,-107.491405958,166.679345991,107.829063432,107.829063432,197.565346013
2521,0,0,positive,0.246070182106,-0.107491405958,0.169040583946,246.070182106,-107.491405958,169.040583946,107.977809869,107.977809869,199.926583968
2521,1,0,positive,0.24609410754,-0.107491405958,0.168589172476,246.09410754,-107.491405958,168.589172476,108.001735303,108.001735303,199.475172498
2522,0,0,positive,0.246070555479,-0.107491405958,0.169089387406,246.070555479,-107.491405958,169.089387406,107.978183242,107.978183242,199.975387428
2522,1,0,positive,0.245956133076,-0.107491405958,0.169638059035,245.956133076,-107.491405958,169.638059035,107.863760839,107.863760839,200.524059057
2523,0,0,positive,0.245933074693,-0.107491405958,0.169778058421,245.933074693,-107.491405958,169.778058421,107.840702456,107.840702456,200.664058443
2523,1,0,positive,0.245956133076,-0.107491405958,0.169638059035,245.956133076,-107.491405958,169.638059035,107.863760839,107.863760839,200.524059057
2524,0,0,positive,0.245933074693,-0.107491405958,0.169778058421,245.933074693,-107.491405958,169.778058421,107.840702456,107.840702456,200.664058443
2524,1,0,positive,0.2457580511,-0.107491405958,0.170334779811,245.7580511,-107.491405958,170.334779811,107.665678863,107.665678863,201.220779834
2525,0,0,positive,0.245624336136,-0.107491405958,0.170961631559,245.624336136,-107.491405958,170.961631559,107.531963899,107.531963899,201.847631581
2525,1,0,positive,0.2457580511,-0.107491405958,0.170334779811,245.7580511,-107.491405958,170.334779811,107.665678863,107.665678863,201.220779834
2526,0,0,positive,0.24261761592,-0.107491405958,0.130122350483,242.61761592,-107.491405958,130.122350483,104.525243682,104.525243682,161.008350506
2526,1,0,positive,0.242433782567,-0.107491405958,0.1296184524,242.433782567,-107.491405958,129.6184524,104.341410329,104.341410329,160.504452422
2527,0,0,positive,0.242102939709,-0.107491405958,0.128624604187,242.102939709,-107.491405958,128.624604187,104.010567472,104.010567472,159.510604209
2527,1,0,positive,0.241975397034,-0.107491405958,0.128211847047,241.975397034,-107.491405958,128.211847047,103.883024797,103.883024797,159.097847069
2528,0,0,positive,0.24303173881,-0.107491405958,0.131472698133,243.03173881,-107.491405958,131.472698133,104.939366572,104.939366572,162.358698155
2528,1,0,positive,0.242720099348,-0.107491405958,0.130451770808,242.720099348,-107.491405958,130.451770808,104.62772711,104.62772711,161.33777083
2529,0,0,positive,0.24303173881,-0.107491405958,0.131472698133,243.03173881,-107.491405958,131.472698133,104.939366572,104.939366572,162.358698155
2529,1,0,positive,0.243075324074,-0.107491405958,0.131694875024,243.075324074,-107.491405958,131.694875024,104.982951837,104.982951837,162.580875046
2530,0,0,positive,0.243109611263,-0.107491405958,0.132153651529,243.109611263,-107.491405958,132.153651529,105.017239026,105.017239026,163.039651552
2530,1,0,positive,0.243084053803,-0.107491405958,0.132515895819,243.084053803,-107.491405958,132.515895819,104.991681566,104.991681566,163.401895841
2531,0,0,positive,0.243134464475,-0.107491405958,0.132029851579,243.134464475,-107.491405958,132.029851579,105.042092237,105.042092237,162.915851602
2531,1,0,positive,0.243124440153,-0.107491405958,0.131954778393,243.124440153,-107.491405958,131.954778393,105.032067916,105.032067916,162.840778415
2532,0,0,positive,0.243124440153,-0.107491405958,0.131954778393,243.124440153,-107.491405958,131.954778393,105.032067916,105.032067916,162.840778415
2532,1,0,positive,0.243075324074,-0.107491405958,0.131694875024,243.075324074,-107.491405958,131.694875024,104.982951837,104.982951837,162.580875046
2533,0,0,positive,0.243109611263,-0.107491405958,0.132153651529,243.109611263,-107.491405958,132.153651529,105.017239026,105.017239026,163.039651552
2533,1,0,positive,0.243134464475,-0.107491405958,0.132029851579,243.134464475,-107.491405958,132.029851579,105.042092237,105.042092237,162.915851602
2534,0,0,positive,0.241280645387,-0.107491405958,0.126257707262,241.280645387,-107.491405958,126.257707262,103.188273149,103.188273149,157.143707284
2534,1,0,positive,0.240936459251,-0.107491405958,0.125453659971,240.936459251,-107.491405958,125.453659971,102.844087014,102.844087014,156.339659993
2535,0,0,positive,0.241436150612,-0.107491405958,0.126716692973,241.436150612,-107.491405958,126.716692973,103.343778374,103.343778374,157.602692995
2535,1,0,positive,0.241280645387,-0.107491405958,0.126257707262,241.280645387,-107.491405958,126.257707262,103.188273149,103.188273149,157.143707284
2536,0,0,positive,0.241830494907,-0.107491405958,0.127627669179,241.830494907,-107.491405958,127.627669179,103.73812267,103.73812267,158.513669202
2536,1,0,positive,0.241754772314,-0.107491405958,0.127426154243,241.754772314,-107.491405958,127.426154243,103.662400077,103.662400077,158.312154265
2537,0,0,positive,0.241436150612,-0.107491405958,0.126716692973,241.436150612,-107.491405958,126.716692973,103.343778374,103.343778374,157.602692995
2537,1,0,positive,0.241754772314,-0.107491405958,0.127426154243,241.754772314,-107.491405958,127.426154243,103.662400077,103.662400077,158.312154265
2538,0,0,positive,0.242102939709,-0.107491405958,0.128624604187,242.102939709,-107.491405958,128.624604187,104.010567472,104.010567472,159.510604209
2538,1,0,positive,0.242433782567,-0.107491405958,0.1296184524,242.433782567,-107.491405958,129.6184524,104.341410329,104.341410329,160.504452422
2539,0,0,positive,0.24261761592,-0.107491405958,0.130122350483,242.61761592,-107.491405958,130.122350483,104.525243682,104.525243682,161.008350506
2539,1,0,positive,0.24267424443,-0.107491405958,0.130290564294,242.67424443,-107.491405958,130.290564294,104.581872193,104.581872193,161.176564317
2540,0,0,positive,0.241830494907,-0.107491405958,0.127627669179,241.830494907,-107.491405958,127.627669179,103.73812267,103.73812267,158.513669202
2540,1,0,positive,0.241975397034,-0.107491405958,0.128211847047,241.975397034,-107.491405958,128.211847047,103.883024797,103.883024797,159.097847069
2541,0,0,positive,0.24267424443,-0.107491405958,0.130290564294,242.67424443,-107.491405958,130.290564294,104.581872193,104.581872193,161.176564317
2541,1,0,positive,0.242720099348,-0.107491405958,0.130451770808,242.720099348,-107.491405958,130.451770808,104.62772711,104.62772711,161.33777083
2542,0,0,positive,0.244656082069,-0.107491405958,0.18707284498,244.656082069,-107.491405958,187.07284498,106.563709832,106.563709832,217.958845003
2542,1,0,positive,0.244608740811,-0.107491405958,0.187410333509,244.608740811,-107.491405958,187.410333509,106.516368574,106.516368574,218.296333531
2543,0,0,positive,0.244608740811,-0.107491405958,0.187410333509,244.608740811,-107.491405958,187.410333509,106.516368574,106.516368574,218.296333531
2543,1,0,positive,0.244604368348,-0.107491405958,0.187509880862,244.604368348,-107.491405958,187.509880862,106.511996111,106.511996111,218.395880885
2544,0,0,positive,0.244604368348,-0.107491405958,0.187509880862,244.604368348,-107.491405958,187.509880862,106.511996111,106.511996111,218.395880885
2544,1,0,positive,0.244581528648,-0.107491405958,0.188173651908,244.581528648,-107.491405958,188.173651908,106.489156411,106.489156411,219.05965193
2545,0,0,positive,0.244399975651,-0.107491405958,0.189909289397,244.399975651,-107.491405958,189.909289397,106.307603414,106.307603414,220.79528942
2545,1,0,positive,0.244320258533,-0.107491405958,0.190316866849,244.320258533,-107.491405958,190.316866849,106.227886295,106.227886295,221.202866871
2546,0,0,positive,0.244320258533,-0.107491405958,0.190316866849,244.320258533,-107.491405958,190.316866849,106.227886295,106.227886295,221.202866871
2546,1,0,positive,0.244178259631,-0.107491405958,0.191623810286,244.178259631,-107.491405958,191.623810286,106.085887394,106.085887394,222.509810308
2547,0,0,positive,0.24416206536,-0.107491405958,0.191727040357,244.16206536,-107.491405958,191.727040357,106.069693123,106.069693123,222.613040379
2547,1,0,positive,0.244178259631,-0.107491405958,0.191623810286,244.178259631,-107.491405958,191.623810286,106.085887394,106.085887394,222.509810308
2548,0,0,positive,0.24416206536,-0.107491405958,0.191727040357,244.16206536,-107.491405958,191.727040357,106.069693123,106.069693123,222.613040379
2548,1,0,positive,0.244084318943,-0.107491405958,0.192635946314,244.084318943,-107.491405958,192.635946314,105.991946706,105.991946706,223.521946337
2549,0,0,positive,0.244083577777,-0.107491405958,0.192700182326,244.083577777,-107.491405958,192.700182326,105.99120554,105.99120554,223.586182348
2549,1,0,positive,0.244084318943,-0.107491405958,0.192635946314,244.084318943,-107.491405958,192.635946314,105.991946706,105.991946706,223.521946337
2550,0,0,positive,0.244071655356,-0.107491405958,0.192817613293,244.071655356,-107.491405958,192.817613293,105.979283119,105.979283119,223.703613315
2550,1,0,positive,0.243949641294,-0.107491405958,0.193622868892,243.949641294,-107.491405958,193.622868892,105.857269057,105.857269057,224.508868915
2551,0,0,positive,0.243949641294,-0.107491405958,0.193622868892,243.949641294,-107.491405958,193.622868892,105.857269057,105.857269057,224.508868915
2551,1,0,positive,0.243879558095,-0.107491405958,0.19387849032,243.879558095,-107.491405958,193.87849032,105.787185857,105.787185857,224.764490342
2552,0,0,positive,0.244071655356,-0.107491405958,0.192817613293,244.071655356,-107.491405958,192.817613293,105.979283119,105.979283119,223.703613315
2552,1,0,positive,0.24407869753,-0.107491405958,0.192742531882,244.07869753,-107.491405958,192.742531882,105.986325293,105.986325293,223.628531905
2553,0,0,positive,0.24407869753,-0.107491405958,0.192742531882,244.07869753,-107.491405958,192.742531882,105.986325293,105.986325293,223.628531905
2553,1,0,positive,0.244083577777,-0.107491405958,0.192700182326,244.083577777,-107.491405958,192.700182326,105.99120554,105.99120554,223.586182348
2554,0,0,positive,0.243795745643,-0.107491405958,0.194189107244,243.795745643,-107.491405958,194.189107244,105.703373405,105.703373405,225.075107267
2554,1,0,positive,0.243879558095,-0.107491405958,0.19387849032,243.879558095,-107.491405958,193.87849032,105.787185857,105.787185857,224.764490342
2555,0,0,positive,0.243723067132,-0.107491405958,0.194570968621,243.723067132,-107.491405958,194.570968621,105.630694895,105.630694895,225.456968643
2555,1,0,positive,0.243795745643,-0.107491405958,0.194189107244,243.795745643,-107.491405958,194.189107244,105.703373405,105.703373405,225.075107267
2556,0,0,positive,0.243557512952,-0.107491405958,0.196155038917,243.557512952,-107.491405958,196.155038917,105.465140715,105.465140715,227.041038939
2556,1,0,positive,0.243559815125,-0.107491405958,0.196066543235,243.559815125,-107.491405958,196.066543235,105.467442887,105.467442887,226.952543257
2557,0,0,positive,0.243510016564,-0.107491405958,0.196387286538,243.510016564,-107.491405958,196.387286538,105.417644327,105.417644327,227.27328656
2557,1,0,positive,0.243557512952,-0.107491405958,0.196155038917,243.557512952,-107.491405958,196.155038917,105.465140715,105.465140715,227.041038939
2558,0,0,positive,0.243723067132,-0.107491405958,0.194570968621,243.723067132,-107.491405958,194.570968621,105.630694895,105.630694895,225.456968643
2558,1,0,positive,0.243583485674,-0.107491405958,0.195590894326,243.583485674,-107.491405958,195.590894326,105.491113437,105.491113437,226.476894348
2559,0,0,positive,0.243583485674,-0.107491405958,0.195590894326,243.583485674,-107.491405958,195.590894326,105.491113437,105.491113437,226.476894348
2559,1,0,positive,0.243559815125,-0.107491405958,0.196066543235,243.559815125,-107.491405958,196.066543235,105.467442887,105.467442887,226.952543257
2560,0,0,positive,0.243510016564,-0.107491405958,0.196387286538,243.510016564,-107.491405958,196.387286538,105.417644327,105.417644327,227.27328656
2560,1,0,positive,0.243392511897,-0.107491405958,0.197024160428,243.392511897,-107.491405958,197.024160428,105.30013966,105.30013966,227.910160451
2561,0,0,positive,0.243392511897,-0.107491405958,0.197024160428,243.392511897,-107.491405958,197.024160428,105.30013966,105.30013966,227.910160451
2561,1,0,positive,0.243292667146,-0.107491405958,0.197332736299,243.292667146,-107.491405958,197.332736299,105.200294909,105.200294909,228.218736321
2562,0,0,positive,0.243216787304,-0.107491405958,0.197733564537,243.216787304,-107.491405958,197.733564537,105.124415067,105.124415067,228.61956456
2562,1,0,positive,0.243292667146,-0.107491405958,0.197332736299,243.292667146,-107.491405958,197.332736299,105.200294909,105.200294909,228.218736321
2563,0,0,positive,0.24299957022,-0.107491405958,0.198422485814,242.99957022,-107.491405958,198.422485814,104.907197983,104.907197983,229.308485837
2563,1,0,positive,0.243216787304,-0.107491405958,0.197733564537,243.216787304,-107.491405958,197.733564537,105.124415067,105.124415067,228.61956456
2564,0,0,positive,0.24299957022,-0.107491405958,0.198422485814,242.99957022,-107.491405958,198.422485814,104.907197983,104.907197983,229.308485837
2564,1,0,positive,0.242744986136,-0.107491405958,0.199230353761,242.744986136,-107.491405958,199.230353761,104.652613899,104.652613899,230.116353783
2565,0,0,positive,0.242682993412,-0.107491405958,0.19956310668,242.682993412,-107.491405958,199.56310668,104.590621175,104.590621175,230.449106703
2565,1,0,positive,0.242744986136,-0.107491405958,0.199230353761,242.744986136,-107.491405958,199.230353761,104.652613899,104.652613899,230.116353783
2566,0,0,positive,0.242682993412,-0.107491405958,0.19956310668,242.682993412,-107.491405958,199.56310668,104.590621175,104.590621175,230.449106703
2566,1,0,positive,0.242608414703,-0.107491405958,0.200045282839,242.608414703,-107.491405958,200.045282839,104.516042466,104.516042466,230.931282861
2567,0,0,positive,0.2425639191,-0.107491405958,0.200338298636,242.5639191,-107.491405958,200.338298636,104.471546863,104.471546863,231.224298658
2567,1,0,positive,0.242608414703,-0.107491405958,0.200045282839,242.608414703,-107.491405958,200.045282839,104.516042466,104.516042466,230.931282861
2568,0,0,positive,0.242404975964,-0.107491405958,0.20079611215,242.404975964,-107.491405958,200.79611215,104.312603727,104.312603727,231.682112172
2568,1,0,positive,0.2425639191,-0.107491405958,0.200338298636,242.5639191,-107.491405958,200.338298636,104.471546863,104.471546863,231.224298658
2569,0,0,positive,0.242404975964,-0.107491405958,0.20079611215,242.404975964,-107.491405958,200.79611215,104.312603727,104.312603727,231.682112172
2569,1,0,positive,0.242336901615,-0.107491405958,0.200977943281,242.336901615,-107.491405958,200.977943281,104.244529377,104.244529377,231.863943304
2570,0,0,positive,0.242157814638,-0.107491405958,0.201344033806,242.157814638,-107.491405958,201.344033806,104.0654424,104.0654424,232.230033829
2570,1,0,positive,0.242336901615,-0.107491405958,0.200977943281,242.336901615,-107.491405958,200.977943281,104.244529377,104.244529377,231.863943304
2571,0,0,positive,0.242157814638,-0.107491405958,0.201344033806,242.157814638,-107.491405958,201.344033806,104.0654424,104.0654424,232.230033829
2571,1,0,positive,0.242032944884,-0.107491405958,0.201614007961,242.032944884,-107.491405958,201.614007961,103.940572647,103.940572647,232.500007983
2572,0,0,positive,0.242032944884,-0.107491405958,0.201614007961,242.032944884,-107.491405958,201.614007961,103.940572647,103.940572647,232.500007983
2572,1,0,positive,0.24170813401,-0.107491405958,0.202014270946,241.70813401,-107.491405958,202.014270946,103.615761773,103.615761773,232.900270969
2573,0,0,positive,0.245168508222,-0.107491405958,0.205445262398,245.168508222,-107.491405958,205.445262398,107.076135985,107.076135985,236.33126242
2573,1,0,positive,0.245245863005,-0.107491405958,0.205233727183,245.245863005,-107.491405958,205.233727183,107.153490767,107.153490767,236.119727205
2574,0,0,positive,0.245071856043,-0.107491405958,0.205725200795,245.071856043,-107.491405958,205.725200795,106.979483806,106.979483806,236.611200817
2574,1,0,positive,0.245168508222,-0.107491405958,0.205445262398,245.168508222,-107.491405958,205.445262398,107.076135985,107.076135985,236.33126242
2575,0,0,positive,0.245071856043,-0.107491405958,0.205725200795,245.071856043,-107.491405958,205.725200795,106.979483806,106.979483806,236.611200817
2575,1,0,positive,0.244724445254,-0.107491405958,0.206660754572,244.724445254,-107.491405958,206.660754572,106.632073017,106.632073017,237.546754594
2576,0,0,positive,0.244724445254,-0.107491405958,0.206660754572,244.724445254,-107.491405958,206.660754572,106.632073017,106.632073017,237.546754594
2576,1,0,positive,0.244573295078,-0.107491405958,0.207078509981,244.573295078,-107.491405958,207.078509981,106.48092284,106.48092284,237.964510003
2577,0,0,positive,0.244573295078,-0.107491405958,0.207078509981,244.573295078,-107.491405958,207.078509981,106.48092284,106.48092284,237.964510003
2577,1,0,positive,0.244477691396,-0.107491405958,0.207329934561,244.477691396,-107.491405958,207.329934561,106.385319159,106.385319159,238.215934583
2578,0,0,positive,0.244332137928,-0.107491405958,0.207648047405,244.332137928,-107.491405958,207.648047405,106.239765691,106.239765691,238.534047428
2578,1,0,positive,0.244477691396,-0.107491405958,0.207329934561,244.477691396,-107.491405958,207.329934561,106.385319159,106.385319159,238.215934583
2579,0,0,positive,0.244148443787,-0.107491405958,0.208073653042,244.148443787,-107.491405958,208.073653042,106.05607155,106.05607155,238.959653065
2579,1,0,positive,0.244332137928,-0.107491405958,0.207648047405,244.332137928,-107.491405958,207.648047405,106.239765691,106.239765691,238.534047428
2580,0,0,positive,0.244148443787,-0.107491405958,0.208073653042,244.148443787,-107.491405958,208.073653042,106.05607155,106.05607155,238.959653065
2580,1,0,positive,0.244003238364,-0.107491405958,0.208361152963,244.003238364,-107.491405958,208.361152963,105.910866127,105.910866127,239.247152986
2581,0,0,positive,0.244003238364,-0.107491405958,0.208361152963,244.003238364,-107.491405958,208.361152963,105.910866127,105.910866127,239.247152986
2581,1,0,positive,0.243928796453,-0.107491405958,0.208556021868,243.928796453,-107.491405958,208.556021868,105.836424216,105.836424216,239.44202189
2582,0,0,positive,0.243928796453,-0.107491405958,0.208556021868,243.928796453,-107.491405958,208.556021868,105.836424216,105.836424216,239.44202189
2582,1,0,positive,0.243743594817,-0.107491405958,0.208902758426,243.743594817,-107.491405958,208.902758426,105.65122258,105.65122258,239.788758448
2583,0,0,positive,0.243117398021,-0.107491405958,0.210070242326,243.117398021,-107.491405958,210.070242326,105.025025784,105.025025784,240.956242349
2583,1,0,positive,0.243743594817,-0.107491405958,0.208902758426,243.743594817,-107.491405958,208.902758426,105.65122258,105.65122258,239.788758448
2584,0,0,positive,0.240723318836,-0.107491405958,0.203080470735,240.723318836,-107.491405958,203.080470735,102.630946599,102.630946599,233.966470758
2584,1,0,positive,0.24170813401,-0.107491405958,0.202014270946,241.70813401,-107.491405958,202.014270946,103.615761773,103.615761773,232.900270969
2585,0,0,positive,0.240723318836,-0.107491405958,0.203080470735,240.723318836,-107.491405958,203.080470735,102.630946599,102.630946599,233.966470758
2585,1,0,positive,0.240291985008,-0.107491405958,0.203590197082,240.291985008,-107.491405958,203.590197082,102.199612771,102.199612771,234.476197104
2586,0,0,positive,0.239637029404,-0.107491405958,0.204370673509,239.637029404,-107.491405958,204.370673509,101.544657167,101.544657167,235.256673531
2586,1,0,positive,0.240291985008,-0.107491405958,0.203590197082,240.291985008,-107.491405958,203.590197082,102.199612771,102.199612771,234.476197104
2587,0,0,positive,0.237011532728,-0.107491405958,0.207005902117,237.011532728,-107.491405958,207.005902117,98.919160491,98.919160491,237.891902139
2587,1,0,positive,0.237370455432,-0.107491405958,0.206737345165,237.370455432,-107.491405958,206.737345165,99.2780831943,99.2780831943,237.623345188
2588,0,0,positive,0.239637029404,-0.107491405958,0.204370673509,239.637029404,-107.491405958,204.370673509,101.544657167,101.544657167,235.256673531
2588,1,0,positive,0.239428110149,-0.107491405958,0.204674857413,239.428110149,-107.491405958,204.674857413,101.335737911,101.335737911,235.560857436
2589,0,0,positive,0.239428110149,-0.107491405958,0.204674857413,239.428110149,-107.491405958,204.674857413,101.335737911,101.335737911,235.560857436
2589,1,0,positive,0.238175725991,-0.107491405958,0.205858793002,238.175725991,-107.491405958,205.858793002,100.083353754,100.083353754,236.744793025
2590,0,0,positive,0.237370455432,-0.107491405958,0.206737345165,237.370455432,-107.491405958,206.737345165,99.2780831943,99.2780831943,237.623345188
2590,1,0,positive,0.238175725991,-0.107491405958,0.205858793002,238.175725991,-107.491405958,205.858793002,100.083353754,100.083353754,236.744793025
2591,0,0,positive,0.234548648951,-0.107491405958,0.210017658931,234.548648951,-107.491405958,210.017658931,96.4562767135,96.4562767135,240.903658953
2591,1,0,positive,0.234253968958,-0.107491405958,0.210393971686,234.253968958,-107.491405958,210.393971686,96.161596721,96.161596721,241.279971708
2592,0,0,positive,0.2367458974,-0.107491405958,0.207315998363,236.7458974,-107.491405958,207.315998363,98.6535251624,98.6535251624,238.201998385
2592,1,0,positive,0.237011532728,-0.107491405958,0.207005902117,237.011532728,-107.491405958,207.005902117,98.919160491,98.919160491,237.891902139
2593,0,0,positive,0.234548648951,-0.107491405958,0.210017658931,234.548648951,-107.491405958,210.017658931,96.4562767135,96.4562767135,240.903658953
2593,1,0,positive,0.2367458974,-0.107491405958,0.207315998363,236.7458974,-107.491405958,207.315998363,98.6535251624,98.6535251624,238.201998385
2594,0,0,positive,0.234253968958,-0.107491405958,0.210393971686,234.253968958,-107.491405958,210.393971686,96.161596721,96.161596721,241.279971708
2594,1,0,positive,0.2341755044,-0.107491405958,0.21048189593,234.1755044,-107.491405958,210.48189593,96.0831321632,96.0831321632,241.367895953
2595,0,0,positive,0.249962792182,-0.107491405958,0.171649482444,249.962792182,-107.491405958,171.649482444,111.870419945,111.870419945,202.535482466
2595,1,0,positive,0.250134173701,-0.107491405958,0.170590863906,250.134173701,-107.491405958,170.590863906,112.041801463,112.041801463,201.476863928
2596,0,0,positive,0.249932091297,-0.107491405958,0.171912282959,249.932091297,-107.491405958,171.912282959,111.83971906,111.83971906,202.798282981
2596,1,0,positive,0.249962792182,-0.107491405958,0.171649482444,249.962792182,-107.491405958,171.649482444,111.870419945,111.870419945,202.535482466
2597,0,0,positive,0.249932091297,-0.107491405958,0.171912282959,249.932091297,-107.491405958,171.912282959,111.83971906,111.83971906,202.798282981
2597,1,0,positive,0.249819929002,-0.107491405958,0.172400203904,249.819929002,-107.491405958,172.400203904,111.727556764,111.727556764,203.286203926
2598,0,0,positive,0.249819929002,-0.107491405958,0.172400203904,249.819929002,-107.491405958,172.400203904,111.727556764,111.727556764,203.286203926
2598,1,0,positive,0.249820380413,-0.107491405958,0.172605591913,249.820380413,-107.491405958,172.605591913,111.728008175,111.728008175,203.491591936
2599,0,0,positive,0.249821922068,-0.107491405958,0.172661704841,249.821922068,-107.491405958,172.661704841,111.729549831,111.729549831,203.547704863
2599,1,0,positive,0.249798979173,-0.107491405958,0.174060030665,249.798979173,-107.491405958,174.060030665,111.706606935,111.706606935,204.946030688
2600,0,0,positive,0.249705774826,-0.107491405958,0.176163919978,249.705774826,-107.491405958,176.163919978,111.613402588,111.613402588,207.049920001
2600,1,0,positive,0.249765550109,-0.107491405958,0.175084971087,249.765550109,-107.491405958,175.084971087,111.673177872,111.673177872,205.970971109
2601,0,0,positive,0.249535416332,-0.107491405958,0.178088817568,249.535416332,-107.491405958,178.088817568,111.443044095,111.443044095,208.97481759
2601,1,0,positive,0.249515995383,-0.107491405958,0.178310474195,249.515995383,-107.491405958,178.310474195,111.423623146,111.423623146,209.196474217
2602,0,0,positive,0.249705774826,-0.107491405958,0.176163919978,249.705774826,-107.491405958,176.163919978,111.613402588,111.613402588,207.049920001
2602,1,0,positive,0.249668082763,-0.107491405958,0.176863864034,249.668082763,-107.491405958,176.863864034,111.575710526,111.575710526,207.749864056
2603,0,0,positive,0.249668082763,-0.107491405958,0.176863864034,249.668082763,-107.491405958,176.863864034,111.575710526,111.575710526,207.749864056
2603,1,0,positive,0.249658064423,-0.107491405958,0.17702264234,249.658064423,-107.491405958,177.02264234,111.565692185,111.565692185,207.908642363
2604,0,0,positive,0.249515995383,-0.107491405958,0.178310474195,249.515995383,-107.491405958,178.310474195,111.423623146,111.423623146,209.196474217
2604,1,0,positive,0.249515787321,-0.107491405958,0.178435446863,249.515787321,-107.491405958,178.435446863,111.423415083,111.423415083,209.321446886
2605,0,0,positive,0.249821922068,-0.107491405958,0.172661704841,249.821922068,-107.491405958,172.661704841,111.729549831,111.729549831,203.547704863
2605,1,0,positive,0.249820380413,-0.107491405958,0.172605591913,249.820380413,-107.491405958,172.605591913,111.728008175,111.728008175,203.491591936
2606,0,0,positive,0.249781486929,-0.107491405958,0.174390968585,249.781486929,-107.491405958,174.390968585,111.689114692,111.689114692,205.276968608
2606,1,0,positive,0.249798979173,-0.107491405958,0.174060030665,249.798979173,-107.491405958,174.060030665,111.706606935,111.706606935,204.946030688
2607,0,0,positive,0.249765550109,-0.107491405958,0.175084971087,249.765550109,-107.491405958,175.084971087,111.673177872,111.673177872,205.970971109
2607,1,0,positive,0.249760906705,-0.107491405958,0.174836253002,249.760906705,-107.491405958,174.836253002,111.668534468,111.668534468,205.722253024
2608,0,0,positive,0.249760906705,-0.107491405958,0.174836253002,249.760906705,-107.491405958,174.836253002,111.668534468,111.668534468,205.722253024
2608,1,0,positive,0.249781486929,-0.107491405958,0.174390968585,249.781486929,-107.491405958,174.390968585,111.689114692,111.689114692,205.276968608
2609,0,0,positive,0.249445879045,-0.107491405958,0.179665955024,249.445879045,-107.491405958,179.665955024,111.353506808,111.353506808,210.551955046
2609,1,0,positive,0.249466258778,-0.107491405958,0.179273610714,249.466258778,-107.491405958,179.273610714,111.373886541,111.373886541,210.159610737
2610,0,0,positive,0.245486248915,-0.107491405958,0.173941925689,245.486248915,-107.491405958,173.941925689,107.393876678,107.393876678,204.827925711
2610,1,0,positive,0.245456642094,-0.107491405958,0.174293262891,245.456642094,-107.491405958,174.293262891,107.364269857,107.364269857,205.179262913
2611,0,0,positive,0.245493431453,-0.107491405958,0.171523943295,245.493431453,-107.491405958,171.523943295,107.401059216,107.401059216,202.409943317
2611,1,0,positive,0.24551275773,-0.107491405958,0.171420643823,245.51275773,-107.491405958,171.420643823,107.420385493,107.420385493,202.306643845
2612,0,0,positive,0.245483646717,-0.107491405958,0.171655225146,245.483646717,-107.491405958,171.655225146,107.39127448,107.39127448,202.541225168
2612,1,0,positive,0.245493431453,-0.107491405958,0.171523943295,245.493431453,-107.491405958,171.523943295,107.401059216,107.401059216,202.409943317
2613,0,0,positive,0.245487272473,-0.107491405958,0.171699905889,245.487272473,-107.491405958,171.699905889,107.394900236,107.394900236,202.585905911
2613,1,0,positive,0.245483646717,-0.107491405958,0.171655225146,245.483646717,-107.491405958,171.655225146,107.39127448,107.39127448,202.541225168
2614,0,0,positive,0.245624336136,-0.107491405958,0.170961631559,245.624336136,-107.491405958,170.961631559,107.531963899,107.531963899,201.847631581
2614,1,0,positive,0.245580228447,-0.107491405958,0.171249486131,245.580228447,-107.491405958,171.249486131,107.48785621,107.48785621,202.135486153
2615,0,0,positive,0.245580228447,-0.107491405958,0.171249486131,245.580228447,-107.491405958,171.249486131,107.48785621,107.48785621,202.135486153
2615,1,0,positive,0.24551275773,-0.107491405958,0.171420643823,245.51275773,-107.491405958,171.420643823,107.420385493,107.420385493,202.306643845
2616,0,0,positive,0.245487272473,-0.107491405958,0.171699905889,245.487272473,-107.491405958,171.699905889,107.394900236,107.394900236,202.585905911
2616,1,0,positive,0.245450309274,-0.107491405958,0.172242950031,245.450309274,-107.491405958,172.242950031,107.357937037,107.357937037,203.128950053
2617,0,0,positive,0.245481191935,-0.107491405958,0.17250563815,245.481191935,-107.491405958,172.50563815,107.388819698,107.388819698,203.391638173
2617,1,0,positive,0.245450309274,-0.107491405958,0.172242950031,245.450309274,-107.491405958,172.242950031,107.357937037,107.357937037,203.128950053
2618,0,0,positive,0.245481191935,-0.107491405958,0.17250563815,245.481191935,-107.491405958,172.50563815,107.388819698,107.388819698,203.391638173
2618,1,0,positive,0.24555882234,-0.107491405958,0.173022166859,245.55882234,-107.491405958,173.022166859,107.466450103,107.466450103,203.908166881
2619,0,0,positive,0.245486248915,-0.107491405958,0.173941925689,245.486248915,-107.491405958,173.941925689,107.393876678,107.393876678,204.827925711
2619,1,0,positive,0.24555882234,-0.107491405958,0.173022166859,245.55882234,-107.491405958,173.022166859,107.466450103,107.466450103,203.908166881
2620,0,0,positive,0.245456642094,-0.107491405958,0.174293262891,245.456642094,-107.491405958,174.293262891,107.364269857,107.364269857,205.179262913
2620,1,0,positive,0.245476611944,-0.107491405958,0.174619832483,245.476611944,-107.491405958,174.619832483,107.384239707,107.384239707,205.505832505
2621,0,0,positive,0.24546988412,-0.107491405958,0.17488936631,245.46988412,-107.491405958,174.88936631,107.377511883,107.377511883,205.775366332
2621,1,0,positive,0.245476611944,-0.107491405958,0.174619832483,245.476611944,-107.491405958,174.619832483,107.384239707,107.384239707,205.505832505
2622,0,0,positive,0.245442236728,-0.107491405958,0.17513208661,245.442236728,-107.491405958,175.13208661,107.349864491,107.349864491,206.018086633
2622,1,0,positive,0.24546988412,-0.107491405958,0.17488936631,245.46988412,-107.491405958,174.88936631,107.377511883,107.377511883,205.775366332
2623,0,0,positive,0.245442236728,-0.107491405958,0.17513208661,245.442236728,-107.491405958,175.13208661,107.349864491,107.349864491,206.018086633
2623,1,0,positive,0.245385481218,-0.107491405958,0.175827497521,245.385481218,-107.491405958,175.827497521,107.293108981,107.293108981,206.713497543
2624,0,0,positive,0.249535416332,-0.107491405958,0.178088817568,249.535416332,-107.491405958,178.088817568,111.443044095,111.443044095,208.97481759
2624,1,0,positive,0.249658064423,-0.107491405958,0.17702264234,249.658064423,-107.491405958,177.02264234,111.565692185,111.565692185,207.908642363
2625,0,0,positive,0.249515787321,-0.107491405958,0.178435446863,249.515787321,-107.491405958,178.435446863,111.423415083,111.423415083,209.321446886
2625,1,0,positive,0.249466258778,-0.107491405958,0.179273610714,249.466258778,-107.491405958,179.273610714,111.373886541,111.373886541,210.159610737
2626,0,0,positive,0.245368134039,-0.107491405958,0.176809153316,245.368134039,-107.491405958,176.809153316,107.275761802,107.275761802,207.695153338
2626,1,0,positive,0.245385481218,-0.107491405958,0.175827497521,245.385481218,-107.491405958,175.827497521,107.293108981,107.293108981,206.713497543
2627,0,0,positive,0.245368134039,-0.107491405958,0.176809153316,245.368134039,-107.491405958,176.809153316,107.275761802,107.275761802,207.695153338
2627,1,0,positive,0.245361102431,-0.107491405958,0.177135374225,245.361102431,-107.491405958,177.135374225,107.268730194,107.268730194,208.021374248
2628,0,0,positive,0.245361102431,-0.107491405958,0.177135374225,245.361102431,-107.491405958,177.135374225,107.268730194,107.268730194,208.021374248
2628,1,0,positive,0.245362174614,-0.107491405958,0.177144814287,245.362174614,-107.491405958,177.144814287,107.269802377,107.269802377,208.03081431
2629,0,0,positive,0.245362174614,-0.107491405958,0.177144814287,245.362174614,-107.491405958,177.144814287,107.269802377,107.269802377,208.03081431
2629,1,0,positive,0.245361736601,-0.107491405958,0.177154712214,245.361736601,-107.491405958,177.154712214,107.269364363,107.269364363,208.040712236
2630,0,0,positive,0.245479634456,-0.107491405958,0.177772035861,245.479634456,-107.491405958,177.772035861,107.387262219,107.387262219,208.658035883
2630,1,0,positive,0.245361736601,-0.107491405958,0.177154712214,245.361736601,-107.491405958,177.154712214,107.269364363,107.269364363,208.040712236
2631,0,0,positive,0.245479634456,-0.107491405958,0.177772035861,245.479634456,-107.491405958,177.772035861,107.387262219,107.387262219,208.658035883
2631,1,0,positive,0.245474071459,-0.107491405958,0.177978450519,245.474071459,-107.491405958,177.978450519,107.381699221,107.381699221,208.864450541
2632,0,0,positive,0.245357109897,-0.107491405958,0.17883842232,245.357109897,-107.491405958,178.83842232,107.26473766,107.26473766,209.724422342
2632,1,0,positive,0.245474071459,-0.107491405958,0.177978450519,245.474071459,-107.491405958,177.978450519,107.381699221,107.381699221,208.864450541
2633,0,0,positive,0.245357109897,-0.107491405958,0.17883842232,245.357109897,-107.491405958,178.83842232,107.26473766,107.26473766,209.724422342
2633,1,0,positive,0.245365110679,-0.107491405958,0.178942213535,245.365110679,-107.491405958,178.942213535,107.272738442,107.272738442,209.828213557
2634,0,0,positive,0.245384363501,-0.107491405958,0.179663599871,245.384363501,-107.491405958,179.663599871,107.291991264,107.291991264,210.549599893
2634,1,0,positive,0.245347827102,-0.107491405958,0.180252327995,245.347827102,-107.491405958,180.252327995,107.255454865,107.255454865,211.138328017
2635,0,0,positive,0.245384363501,-0.107491405958,0.179663599871,245.384363501,-107.491405958,179.663599871,107.291991264,107.291991264,210.549599893
2635,1,0,positive,0.245365110679,-0.107491405958,0.178942213535,245.365110679,-107.491405958,178.942213535,107.272738442,107.272738442,209.828213557
2636,0,0,positive,0.249435579029,-0.107491405958,0.179857742864,249.435579029,-107.491405958,179.857742864,111.343206792,111.343206792,210.743742887
2636,1,0,positive,0.249445879045,-0.107491405958,0.179665955024,249.445879045,-107.491405958,179.665955024,111.353506808,111.353506808,210.551955046
2637,0,0,positive,0.249435579029,-0.107491405958,0.179857742864,249.435579029,-107.491405958,179.857742864,111.343206792,111.343206792,210.743742887
2637,1,0,positive,0.249361259214,-0.107491405958,0.180899089556,249.361259214,-107.491405958,180.899089556,111.268886976,111.268886976,211.785089578
2638,0,0,positive,0.249264229674,-0.107491405958,0.181964327044,249.264229674,-107.491405958,181.964327044,111.171857437,111.171857437,212.850327066
2638,1,0,positive,0.249212586732,-0.107491405958,0.182936197931,249.212586732,-107.491405958,182.936197931,111.120214495,111.120214495,213.822197954
2639,0,0,positive,0.249264229674,-0.107491405958,0.181964327044,249.264229674,-107.491405958,181.964327044,111.171857437,111.171857437,212.850327066
2639,1,0,positive,0.249361259214,-0.107491405958,0.180899089556,249.361259214,-107.491405958,180.899089556,111.268886976,111.268886976,211.785089578
2640,0,0,positive,0.249136937252,-0.107491405958,0.184003222912,249.136937252,-107.491405958,184.003222912,111.044565015,111.044565015,214.889222934
2640,1,0,positive,0.249212586732,-0.107491405958,0.182936197931,249.212586732,-107.491405958,182.936197931,111.120214495,111.120214495,213.822197954
2641,0,0,positive,0.249068955504,-0.107491405958,0.18458378193,249.068955504,-107.491405958,184.58378193,110.976583267,110.976583267,215.469781952
2641,1,0,positive,0.249136937252,-0.107491405958,0.184003222912,249.136937252,-107.491405958,184.003222912,111.044565015,111.044565015,214.889222934
2642,0,0,positive,0.24893772155,-0.107491405958,0.185884414031,248.93772155,-107.491405958,185.884414031,110.845349313,110.845349313,216.770414053
2642,1,0,positive,0.249068955504,-0.107491405958,0.18458378193,249.068955504,-107.491405958,184.58378193,110.976583267,110.976583267,215.469781952
2643,0,0,positive,0.245347827102,-0.107491405958,0.180252327995,245.347827102,-107.491405958,180.252327995,107.255454865,107.255454865,211.138328017
2643,1,0,positive,0.2452842173,-0.107491405958,0.180918518402,245.2842173,-107.491405958,180.918518402,107.191845063,107.191845063,211.804518424
2644,0,0,positive,0.245229582848,-0.107491405958,0.181346180845,245.229582848,-107.491405958,181.346180845,107.137210611,107.137210611,212.232180867
2644,1,0,positive,0.2452842173,-0.107491405958,0.180918518402,245.2842173,-107.491405958,180.918518402,107.191845063,107.191845063,211.804518424
2645,0,0,positive,0.245191398323,-0.107491405958,0.181896678661,245.191398323,-107.491405958,181.896678661,107.099026085,107.099026085,212.782678683
2645,1,0,positive,0.245229582848,-0.107491405958,0.181346180845,245.229582848,-107.491405958,181.346180845,107.137210611,107.137210611,212.232180867
2646,0,0,positive,0.245106114922,-0.107491405958,0.183218310484,245.106114922,-107.491405958,183.218310484,107.013742685,107.013742685,214.104310506
2646,1,0,positive,0.245118495058,-0.107491405958,0.183059541148,245.118495058,-107.491405958,183.059541148,107.026122821,107.026122821,213.94554117
2647,0,0,positive,0.245191398323,-0.107491405958,0.181896678661,245.191398323,-107.491405958,181.896678661,107.099026085,107.099026085,212.782678683
2647,1,0,positive,0.245155458876,-0.107491405958,0.182179520482,245.155458876,-107.491405958,182.179520482,107.063086639,107.063086639,213.065520505
2648,0,0,positive,0.245155458876,-0.107491405958,0.182179520482,245.155458876,-107.491405958,182.179520482,107.063086639,107.063086639,213.065520505
2648,1,0,positive,0.245133034589,-0.107491405958,0.182437927809,245.133034589,-107.491405958,182.437927809,107.040662352,107.040662352,213.323927831
2649,0,0,positive,0.245133034589,-0.107491405958,0.182437927809,245.133034589,-107.491405958,182.437927809,107.040662352,107.040662352,213.323927831
2649,1,0,positive,0.245118495058,-0.107491405958,0.183059541148,245.118495058,-107.491405958,183.059541148,107.026122821,107.026122821,213.94554117
2650,0,0,positive,0.245082976678,-0.107491405958,0.183303084963,245.082976678,-107.491405958,183.303084963,106.990604441,106.990604441,214.189084986
2650,1,0,positive,0.245106114922,-0.107491405958,0.183218310484,245.106114922,-107.491405958,183.218310484,107.013742685,107.013742685,214.104310506
2651,0,0,positive,0.245082976678,-0.107491405958,0.183303084963,245.082976678,-107.491405958,183.303084963,106.990604441,106.990604441,214.189084986
2651,1,0,positive,0.244943176772,-0.107491405958,0.183724980169,244.943176772,-107.491405958,183.724980169,106.850804534,106.850804534,214.610980191
2652,0,0,positive,0.244943176772,-0.107491405958,0.183724980169,244.943176772,-107.491405958,183.724980169,106.850804534,106.850804534,214.610980191
2652,1,0,positive,0.244913216594,-0.107491405958,0.183991987209,244.913216594,-107.491405958,183.991987209,106.820844357,106.820844357,214.877987231
2653,0,0,positive,0.244920837881,-0.107491405958,0.1842882356,244.920837881,-107.491405958,184.2882356,106.828465644,106.828465644,215.174235622
2653,1,0,positive,0.244913216594,-0.107491405958,0.183991987209,244.913216594,-107.491405958,183.991987209,106.820844357,106.820844357,214.877987231
2654,0,0,positive,0.244920837881,-0.107491405958,0.1842882356,244.920837881,-107.491405958,184.2882356,106.828465644,106.828465644,215.174235622
2654,1,0,positive,0.244897134545,-0.107491405958,0.184699023947,244.897134545,-107.491405958,184.699023947,106.804762308,106.804762308,215.585023969
2655,0,0,positive,0.244897134545,-0.107491405958,0.184699023947,244.897134545,-107.491405958,184.699023947,106.804762308,106.804762308,215.585023969
2655,1,0,positive,0.244841021047,-0.107491405958,0.185608522565,244.841021047,-107.491405958,185.608522565,106.74864881,106.74864881,216.494522587
2656,0,0,positive,0.24893772155,-0.107491405958,0.185884414031,248.93772155,-107.491405958,185.884414031,110.845349313,110.845349313,216.770414053
2656,1,0,positive,0.248895566735,-0.107491405958,0.186283218953,248.895566735,-107.491405958,186.283218953,110.803194497,110.803194497,217.169218976
2657,0,0,positive,0.248895566735,-0.107491405958,0.186283218953,248.895566735,-107.491405958,186.283218953,110.803194497,110.803194497,217.169218976
2657,1,0,positive,0.248763030072,-0.107491405958,0.187238103927,248.763030072,-107.491405958,187.238103927,110.670657835,110.670657835,218.12410395
2658,0,0,positive,0.24868250913,-0.107491405958,0.187812552661,248.68250913,-107.491405958,187.812552661,110.590136893,110.590136893,218.698552683
2658,1,0,positive,0.248763030072,-0.107491405958,0.187238103927,248.763030072,-107.491405958,187.238103927,110.670657835,110.670657835,218.12410395
2659,0,0,positive,0.248649541291,-0.107491405958,0.188124249246,248.649541291,-107.491405958,188.124249246,110.557169054,110.557169054,219.010249268
2659,1,0,positive,0.24868250913,-0.107491405958,0.187812552661,248.68250913,-107.491405958,187.812552661,110.590136893,110.590136893,218.698552683
2660,0,0,positive,0.248649541291,-0.107491405958,0.188124249246,248.649541291,-107.491405958,188.124249246,110.557169054,110.557169054,219.010249268
2660,1,0,positive,0.248550374859,-0.107491405958,0.189207869469,248.550374859,-107.491405958,189.207869469,110.458002622,110.458002622,220.093869492
2661,0,0,positive,0.244771938654,-0.107491405958,0.185979644054,244.771938654,-107.491405958,185.979644054,106.679566417,106.679566417,216.865644076
2661,1,0,positive,0.244841021047,-0.107491405958,0.185608522565,244.841021047,-107.491405958,185.608522565,106.74864881,106.74864881,216.494522587
2662,0,0,positive,0.244656082069,-0.107491405958,0.18707284498,244.656082069,-107.491405958,187.07284498,106.563709832,106.563709832,217.958845003
2662,1,0,positive,0.244771938654,-0.107491405958,0.185979644054,244.771938654,-107.491405958,185.979644054,106.679566417,106.679566417,216.865644076
2663,0,0,positive,0.244572997097,-0.107491405958,0.188379630017,244.572997097,-107.491405958,188.379630017,106.480624859,106.480624859,219.26563004
2663,1,0,positive,0.244581528648,-0.107491405958,0.188173651908,244.581528648,-107.491405958,188.173651908,106.489156411,106.489156411,219.05965193
2664,0,0,positive,0.24446161577,-0.107491405958,0.189415269814,244.46161577,-107.491405958,189.415269814,106.369243533,106.369243533,220.301269837
2664,1,0,positive,0.244512851211,-0.107491405958,0.188869218631,244.512851211,-107.491405958,188.869218631,106.420478974,106.420478974,219.755218653
2665,0,0,positive,0.244572997097,-0.107491405958,0.188379630017,244.572997097,-107.491405958,188.379630017,106.480624859,106.480624859,219.26563004
2665,1,0,positive,0.244512851211,-0.107491405958,0.188869218631,244.512851211,-107.491405958,188.869218631,106.420478974,106.420478974,219.755218653
2666,0,0,positive,0.244399975651,-0.107491405958,0.189909289397,244.399975651,-107.491405958,189.909289397,106.307603414,106.307603414,220.79528942
2666,1,0,positive,0.24446161577,-0.107491405958,0.189415269814,244.46161577,-107.491405958,189.415269814,106.369243533,106.369243533,220.301269837
2667,0,0,positive,0.248550374859,-0.107491405958,0.189207869469,248.550374859,-107.491405958,189.207869469,110.458002622,110.458002622,220.093869492
2667,1,0,positive,0.248391967028,-0.107491405958,0.190340287133,248.391967028,-107.491405958,190.340287133,110.299594791,110.299594791,221.226287155
2668,0,0,positive,0.248328998685,-0.107491405958,0.190939943765,248.328998685,-107.491405958,190.939943765,110.236626448,110.236626448,221.825943788
2668,1,0,positive,0.248391967028,-0.107491405958,0.190340287133,248.391967028,-107.491405958,190.340287133,110.299594791,110.299594791,221.226287155
2669,0,0,positive,0.248328998685,-0.107491405958,0.190939943765,248.328998685,-107.491405958,190.939943765,110.236626448,110.236626448,221.825943788
2669,1,0,positive,0.248179440588,-0.107491405958,0.192498581401,248.179440588,-107.491405958,192.498581401,110.087068351,110.087068351,223.384581423
2670,0,0,positive,0.248147154593,-0.107491405958,0.192692907629,248.147154593,-107.491405958,192.692907629,110.054782356,110.054782356,223.578907652
2670,1,0,positive,0.247998151182,-0.107491405958,0.193443989316,247.998151182,-107.491405958,193.443989316,109.905778945,109.905778945,224.329989338
2671,0,0,positive,0.247998151182,-0.107491405958,0.193443989316,247.998151182,-107.491405958,193.443989316,109.905778945,109.905778945,224.329989338
2671,1,0,positive,0.247961085752,-0.107491405958,0.193682224578,247.961085752,-107.491405958,193.682224578,109.868713515,109.868713515,224.5682246
2672,0,0,positive,0.247961085752,-0.107491405958,0.193682224578,247.961085752,-107.491405958,193.682224578,109.868713515,109.868713515,224.5682246
2672,1,0,positive,0.247917464851,-0.107491405958,0.193837077235,247.917464851,-107.491405958,193.837077235,109.825092613,109.825092613,224.723077257
2673,0,0,positive,0.248173773289,-0.107491405958,0.192543543552,248.173773289,-107.491405958,192.543543552,110.081401052,110.081401052,223.429543574
2673,1,0,positive,0.248179440588,-0.107491405958,0.192498581401,248.179440588,-107.491405958,192.498581401,110.087068351,110.087068351,223.384581423
2674,0,0,positive,0.248147154593,-0.107491405958,0.192692907629,248.147154593,-107.491405958,192.692907629,110.054782356,110.054782356,223.578907652
2674,1,0,positive,0.248173773289,-0.107491405958,0.192543543552,248.173773289,-107.491405958,192.543543552,110.081401052,110.081401052,223.429543574
2675,0,0,positive,0.247753159662,-0.107491405958,0.194585411182,247.753159662,-107.491405958,194.585411182,109.660787425,109.660787425,225.471411204
2675,1,0,positive,0.247917464851,-0.107491405958,0.193837077235,247.917464851,-107.491405958,193.837077235,109.825092613,109.825092613,224.723077257
2676,0,0,positive,0.247594030245,-0.107491405958,0.195397584767,247.594030245,-107.491405958,195.397584767,109.501658008,109.501658008,226.283584789
2676,1,0,positive,0.247753159662,-0.107491405958,0.194585411182,247.753159662,-107.491405958,194.585411182,109.660787425,109.660787425,225.471411204
2677,0,0,positive,0.247594030245,-0.107491405958,0.195397584767,247.594030245,-107.491405958,195.397584767,109.501658008,109.501658008,226.283584789
2677,1,0,positive,0.247557788163,-0.107491405958,0.195632067544,247.557788163,-107.491405958,195.632067544,109.465415926,109.465415926,226.518067566
2678,0,0,positive,0.247557788163,-0.107491405958,0.195632067544,247.557788163,-107.491405958,195.632067544,109.465415926,109.465415926,226.518067566
2678,1,0,positive,0.247444195678,-0.107491405958,0.196137526871,247.444195678,-107.491405958,196.137526871,109.351823441,109.351823441,227.023526894
2679,0,0,positive,0.247304549911,-0.107491405958,0.196773931247,247.304549911,-107.491405958,196.773931247,109.212177674,109.212177674,227.65993127
2679,1,0,positive,0.247444195678,-0.107491405958,0.196137526871,247.444195678,-107.491405958,196.137526871,109.351823441,109.351823441,227.023526894
2680,0,0,positive,0.247248007741,-0.107491405958,0.196991475208,247.248007741,-107.491405958,196.991475208,109.155635504,109.155635504,227.87747523
2680,1,0,positive,0.247304549911,-0.107491405958,0.196773931247,247.304549911,-107.491405958,196.773931247,109.212177674,109.212177674,227.65993127
2681,0,0,positive,0.247181406571,-0.107491405958,0.197356188799,247.181406571,-107.491405958,197.356188799,109.089034334,109.089034334,228.242188821
2681,1,0,positive,0.247248007741,-0.107491405958,0.196991475208,247.248007741,-107.491405958,196.991475208,109.155635504,109.155635504,227.87747523
2682,0,0,positive,0.247083594717,-0.107491405958,0.197790030422,247.083594717,-107.491405958,197.790030422,108.99122248,108.99122248,228.676030444
2682,1,0,positive,0.246903878742,-0.107491405958,0.198593128456,246.903878742,-107.491405958,198.593128456,108.811506505,108.811506505,229.479128478
2683,0,0,positive,0.247083594717,-0.107491405958,0.197790030422,247.083594717,-107.491405958,197.790030422,108.99122248,108.99122248,228.676030444
2683,1,0,positive,0.247181406571,-0.107491405958,0.197356188799,247.181406571,-107.491405958,197.356188799,109.089034334,109.089034334,228.242188821
2684,0,0,positive,0.246903878742,-0.107491405958,0.198593128456,246.903878742,-107.491405958,198.593128456,108.811506505,108.811506505,229.479128478
2684,1,0,positive,0.246797654124,-0.107491405958,0.199194819752,246.797654124,-107.491405958,199.194819752,108.705281887,108.705281887,230.080819775
2685,0,0,positive,0.246622979601,-0.107491405958,0.200268978934,246.622979601,-107.491405958,200.268978934,108.530607364,108.530607364,231.154978956
2685,1,0,positive,0.246797654124,-0.107491405958,0.199194819752,246.797654124,-107.491405958,199.194819752,108.705281887,108.705281887,230.080819775
2686,0,0,positive,0.246622979601,-0.107491405958,0.200268978934,246.622979601,-107.491405958,200.268978934,108.530607364,108.530607364,231.154978956
2686,1,0,positive,0.246529557545,-0.107491405958,0.200898767273,246.529557545,-107.491405958,200.898767273,108.437185308,108.437185308,231.784767295
2687,0,0,positive,0.246411292042,-0.107491405958,0.201691849381,246.411292042,-107.491405958,201.691849381,108.318919805,108.318919805,232.577849403
2687,1,0,positive,0.246529557545,-0.107491405958,0.200898767273,246.529557545,-107.491405958,200.898767273,108.437185308,108.437185308,231.784767295
2688,0,0,positive,0.246411292042,-0.107491405958,0.201691849381,246.411292042,-107.491405958,201.691849381,108.318919805,108.318919805,232.577849403
2688,1,0,positive,0.246410857434,-0.107491405958,0.201694031163,246.410857434,-107.491405958,201.694031163,108.318485197,108.318485197,232.580031185
2689,0,0,positive,0.246410857434,-0.107491405958,0.201694031163,246.410857434,-107.491405958,201.694031163,108.318485197,108.318485197,232.580031185
2689,1,0,positive,0.246410393779,-0.107491405958,0.201695961596,246.410393779,-107.491405958,201.695961596,108.318021542,108.318021542,232.581961619
2690,0,0,positive,0.246103512066,-0.107491405958,0.202746050426,246.103512066,-107.491405958,202.746050426,108.011139829,108.011139829,233.632050448
2690,1,0,positive,0.246410393779,-0.107491405958,0.201695961596,246.410393779,-107.491405958,201.695961596,108.318021542,108.318021542,232.581961619
2691,0,0,positive,0.246103512066,-0.107491405958,0.202746050426,246.103512066,-107.491405958,202.746050426,108.011139829,108.011139829,233.632050448
2691,1,0,positive,0.246002629211,-0.107491405958,0.203103002762,246.002629211,-107.491405958,203.103002762,107.910256974,107.910256974,233.989002784
2692,0,0,positive,0.245743979183,-0.107491405958,0.203860744909,245.743979183,-107.491405958,203.860744909,107.651606946,107.651606946,234.746744931
2692,1,0,positive,0.246002629211,-0.107491405958,0.203103002762,246.002629211,-107.491405958,203.103002762,107.910256974,107.910256974,233.989002784
2693,0,0,positive,0.245743979183,-0.107491405958,0.203860744909,245.743979183,-107.491405958,203.860744909,107.651606946,107.651606946,234.746744931
2693,1,0,positive,0.245245863005,-0.107491405958,0.205233727183,245.245863005,-107.491405958,205.233727183,107.153490767,107.153490767,236.119727205
2694,0,0,positive,0.254701774262,-0.107491405958,0.242311771653,254.701774262,-107.491405958,242.311771653,116.609402025,116.609402025,273.197771676
2694,1,0,positive,0.254722164924,-0.107491405958,0.242349470688,254.722164924,-107.491405958,242.349470688,116.629792687,116.629792687,273.23547071
2695,0,0,positive,0.254321313398,-0.107491405958,0.241694317631,254.321313398,-107.491405958,241.694317631,116.228941161,116.228941161,272.580317653
2695,1,0,positive,0.254353661734,-0.107491405958,0.241723334316,254.353661734,-107.491405958,241.723334316,116.261289497,116.261289497,272.609334339
2696,0,0,positive,0.254563006125,-0.107491405958,0.242027582673,254.563006125,-107.491405958,242.027582673,116.470633887,116.470633887,272.913582695
2696,1,0,positive,0.254585916044,-0.107491405958,0.242061144377,254.585916044,-107.491405958,242.061144377,116.493543806,116.493543806,272.9471444
2697,0,0,positive,0.254701774262,-0.107491405958,0.242311771653,254.701774262,-107.491405958,242.311771653,116.609402025,116.609402025,273.197771676
2697,1,0,positive,0.254585916044,-0.107491405958,0.242061144377,254.585916044,-107.491405958,242.061144377,116.493543806,116.493543806,272.9471444
2698,0,0,positive,0.254563006125,-0.107491405958,0.242027582673,254.563006125,-107.491405958,242.027582673,116.470633887,116.470633887,272.913582695
2698,1,0,positive,0.254353661734,-0.107491405958,0.241723334316,254.353661734,-107.491405958,241.723334316,116.261289497,116.261289497,272.609334339
2699,0,0,positive,0.254815307959,-0.107491405958,0.242664487759,254.815307959,-107.491405958,242.664487759,116.722935722,116.722935722,273.550487781
2699,1,0,positive,0.254733695619,-0.107491405958,0.24237992044,254.733695619,-107.491405958,242.37992044,116.641323381,116.641323381,273.265920463
2700,0,0,positive,0.254815307959,-0.107491405958,0.242664487759,254.815307959,-107.491405958,242.664487759,116.722935722,116.722935722,273.550487781
2700,1,0,positive,0.254815678138,-0.107491405958,0.242669433632,254.815678138,-107.491405958,242.669433632,116.723305901,116.723305901,273.555433654
2701,0,0,positive,0.25481994025,-0.107491405958,0.242956787862,254.81994025,-107.491405958,242.956787862,116.727568013,116.727568013,273.842787885
2701,1,0,positive,0.254815678138,-0.107491405958,0.242669433632,254.815678138,-107.491405958,242.669433632,116.723305901,116.723305901,273.555433654
2702,0,0,positive,0.254730709405,-0.107491405958,0.243277404156,254.730709405,-107.491405958,243.277404156,116.638337168,116.638337168,274.163404178
2702,1,0,positive,0.254694251245,-0.107491405958,0.243453296767,254.694251245,-107.491405958,243.453296767,116.601879008,116.601879008,274.339296789
2703,0,0,positive,0.254730709405,-0.107491405958,0.243277404156,254.730709405,-107.491405958,243.277404156,116.638337168,116.638337168,274.163404178
2703,1,0,positive,0.25481994025,-0.107491405958,0.242956787862,254.81994025,-107.491405958,242.956787862,116.727568013,116.727568013,273.842787885
2704,0,0,positive,0.254722164924,-0.107491405958,0.242349470688,254.722164924,-107.491405958,242.349470688,116.629792687,116.629792687,273.23547071
2704,1,0,positive,0.254733695619,-0.107491405958,0.24237992044,254.733695619,-107.491405958,242.37992044,116.641323381,116.641323381,273.265920463
2705,0,0,positive,0.254694251245,-0.107491405958,0.243453296767,254.694251245,-107.491405958,243.453296767,116.601879008,116.601879008,274.339296789
2705,1,0,positive,0.254480524164,-0.107491405958,0.243830656906,254.480524164,-107.491405958,243.830656906,116.388151927,116.388151927,274.716656928
2706,0,0,positive,0.253240595724,-0.107491405958,0.240816147916,253.240595724,-107.491405958,240.816147916,115.148223487,115.148223487,271.702147938
2706,1,0,positive,0.253609361971,-0.107491405958,0.241093348855,253.609361971,-107.491405958,241.093348855,115.516989734,115.516989734,271.979348878
2707,0,0,positive,0.253240595724,-0.107491405958,0.240816147916,253.240595724,-107.491405958,240.816147916,115.148223487,115.148223487,271.702147938
2707,1,0,positive,0.252852232754,-0.107491405958,0.240555917836,252.852232754,-107.491405958,240.555917836,114.759860517,114.759860517,271.441917858
2708,0,0,positive,0.252451147572,-0.107491405958,0.240266946296,252.451147572,-107.491405958,240.266946296,114.358775335,114.358775335,271.152946318
2708,1,0,positive,0.252852232754,-0.107491405958,0.240555917836,252.852232754,-107.491405958,240.555917836,114.759860517,114.759860517,271.441917858
2709,0,0,positive,0.254321313398,-0.107491405958,0.241694317631,254.321313398,-107.491405958,241.694317631,116.228941161,116.228941161,272.580317653
2709,1,0,positive,0.253609361971,-0.107491405958,0.241093348855,253.609361971,-107.491405958,241.093348855,115.516989734,115.516989734,271.979348878
2710,0,0,positive,0.252189164099,-0.107491405958,0.240116618843,252.189164099,-107.491405958,240.116618843,114.096791861,114.096791861,271.002618865
2710,1,0,positive,0.252451147572,-0.107491405958,0.240266946296,252.451147572,-107.491405958,240.266946296,114.358775335,114.358775335,271.152946318
2711,0,0,positive,0.250174282344,-0.107491405958,0.239033173451,250.174282344,-107.491405958,239.033173451,112.081910106,112.081910106,269.919173473
2711,1,0,positive,0.250389354645,-0.107491405958,0.23914990494,250.389354645,-107.491405958,239.14990494,112.296982407,112.296982407,270.035904963
2712,0,0,positive,0.252189164099,-0.107491405958,0.240116618843,252.189164099,-107.491405958,240.116618843,114.096791861,114.096791861,271.002618865
2712,1,0,positive,0.250685589214,-0.107491405958,0.239307128184,250.685589214,-107.491405958,239.307128184,112.593216977,112.593216977,270.193128206
2713,0,0,positive,0.250174282344,-0.107491405958,0.239033173451,250.174282344,-107.491405958,239.033173451,112.081910106,112.081910106,269.919173473
2713,1,0,positive,0.248592828488,-0.107491405958,0.238166204482,248.592828488,-107.491405958,238.166204482,110.500456251,110.500456251,269.052204505
2714,0,0,positive,0.254448170064,-0.107491405958,0.243899960966,254.448170064,-107.491405958,243.899960966,116.355797827,116.355797827,274.785960988
2714,1,0,positive,0.254480524164,-0.107491405958,0.243830656906,254.480524164,-107.491405958,243.830656906,116.388151927,116.388151927,274.716656928
2715,0,0,positive,0.254413524786,-0.107491405958,0.243940734883,254.413524786,-107.491405958,243.940734883,116.321152549,116.321152549,274.826734905
2715,1,0,positive,0.254448170064,-0.107491405958,0.243899960966,254.448170064,-107.491405958,243.899960966,116.355797827,116.355797827,274.785960988
2716,0,0,positive,0.253407224385,-0.107491405958,0.244796926986,253.407224385,-107.491405958,244.796926986,115.314852148,115.314852148,275.682927008
2716,1,0,positive,0.253594228019,-0.107491405958,0.244675132468,253.594228019,-107.491405958,244.675132468,115.501855782,115.501855782,275.561132491
2717,0,0,positive,0.253402843946,-0.107491405958,0.244799137452,253.402843946,-107.491405958,244.799137452,115.310471709,115.310471709,275.685137475
2717,1,0,positive,0.253407224385,-0.107491405958,0.244796926986,253.407224385,-107.491405958,244.796926986,115.314852148,115.314852148,275.682927008
2718,0,0,positive,0.254413524786,-0.107491405958,0.243940734883,254.413524786,-107.491405958,243.940734883,116.321152549,116.321152549,274.826734905
2718,1,0,positive,0.254210294056,-0.107491405958,0.244226132734,254.210294056,-107.491405958,244.226132734,116.117921819,116.117921819,275.112132757
2719,0,0,positive,0.253860048317,-0.107491405958,0.244501067405,253.860048317,-107.491405958,244.501067405,115.76767608,115.76767608,275.387067427
2719,1,0,positive,0.254210294056,-0.107491405958,0.244226132734,254.210294056,-107.491405958,244.226132734,116.117921819,116.117921819,275.112132757
2720,0,0,positive,0.253860048317,-0.107491405958,0.244501067405,253.860048317,-107.491405958,244.501067405,115.76767608,115.76767608,275.387067427
2720,1,0,positive,0.25385300741,-0.107491405958,0.244507131728,253.85300741,-107.491405958,244.507131728,115.760635173,115.760635173,275.39313175
2721,0,0,positive,0.25385300741,-0.107491405958,0.244507131728,253.85300741,-107.491405958,244.507131728,115.760635173,115.760635173,275.39313175
2721,1,0,positive,0.253594228019,-0.107491405958,0.244675132468,253.594228019,-107.491405958,244.675132468,115.501855782,115.501855782,275.561132491
2722,0,0,positive,0.251852335798,-0.107491405958,0.244909734663,251.852335798,-107.491405958,244.909734663,113.759963561,113.759963561,275.795734686
2722,1,0,positive,0.25136542495,-0.107491405958,0.244797208591,251.36542495,-107.491405958,244.797208591,113.273052713,113.273052713,275.683208613
2723,0,0,positive,0.253402843946,-0.107491405958,0.244799137452,253.402843946,-107.491405958,244.799137452,115.310471709,115.310471709,275.685137475
2723,1,0,positive,0.252985127312,-0.107491405958,0.244956201224,252.985127312,-107.491405958,244.956201224,114.892755075,114.892755075,275.842201246
2724,0,0,positive,0.252937258957,-0.107491405958,0.244965871048,252.937258957,-107.491405958,244.965871048,114.84488672,114.84488672,275.85187107
2724,1,0,positive,0.252985127312,-0.107491405958,0.244956201224,252.985127312,-107.491405958,244.956201224,114.892755075,114.892755075,275.842201246
2725,0,0,positive,0.252937258957,-0.107491405958,0.244965871048,252.937258957,-107.491405958,244.965871048,114.84488672,114.84488672,275.85187107
2725,1,0,positive,0.252360148945,-0.107491405958,0.244988158471,252.360148945,-107.491405958,244.988158471,114.267776708,114.267776708,275.874158493
2726,0,0,positive,0.25221832191,-0.107491405958,0.244976598381,252.21832191,-107.491405958,244.976598381,114.125949672,114.125949672,275.862598404
2726,1,0,positive,0.252360148945,-0.107491405958,0.244988158471,252.360148945,-107.491405958,244.988158471,114.267776708,114.267776708,275.874158493
2727,0,0,positive,0.251852335798,-0.107491405958,0.244909734663,251.852335798,-107.491405958,244.909734663,113.759963561,113.759963561,275.795734686
2727,1,0,positive,0.25221832191,-0.107491405958,0.244976598381,252.21832191,-107.491405958,244.976598381,114.125949672,114.125949672,275.862598404
2728,0,0,positive,0.250669071452,-0.107491405958,0.244620135328,250.669071452,-107.491405958,244.620135328,112.576699214,112.576699214,275.50613535
2728,1,0,positive,0.25136542495,-0.107491405958,0.244797208591,251.36542495,-107.491405958,244.797208591,113.273052713,113.273052713,275.683208613
2729,0,0,positive,0.250389354645,-0.107491405958,0.23914990494,250.389354645,-107.491405958,239.14990494,112.296982407,112.296982407,270.035904963
2729,1,0,positive,0.250685589214,-0.107491405958,0.239307128184,250.685589214,-107.491405958,239.307128184,112.593216977,112.593216977,270.193128206
2730,0,0,positive,0.24792906913,-0.107491405958,0.237836480868,247.92906913,-107.491405958,237.836480868,109.836696892,109.836696892,268.72248089
2730,1,0,positive,0.248592828488,-0.107491405958,0.238166204482,248.592828488,-107.491405958,238.166204482,110.500456251,110.500456251,269.052204505
2731,0,0,positive,0.250669071452,-0.107491405958,0.244620135328,250.669071452,-107.491405958,244.620135328,112.576699214,112.576699214,275.50613535
2731,1,0,positive,0.250393568713,-0.107491405958,0.244557129149,250.393568713,-107.491405958,244.557129149,112.301196476,112.301196476,275.443129172
2732,0,0,positive,0.250393568713,-0.107491405958,0.244557129149,250.393568713,-107.491405958,244.557129149,112.301196476,112.301196476,275.443129172
2732,1,0,positive,0.250044756327,-0.107491405958,0.244450943534,250.044756327,-107.491405958,244.450943534,111.95238409,111.95238409,275.336943556
2733,0,0,positive,0.249528554573,-0.107491405958,0.244268380112,249.528554573,-107.491405958,244.268380112,111.436182335,111.436182335,275.154380134
2733,1,0,positive,0.250044756327,-0.107491405958,0.244450943534,250.044756327,-107.491405958,244.450943534,111.95238409,111.95238409,275.336943556
2734,0,0,positive,0.248989093677,-0.107491405958,0.244112352785,248.989093677,-107.491405958,244.112352785,110.896721439,110.896721439,274.998352807
2734,1,0,positive,0.248627493164,-0.107491405958,0.244007575372,248.627493164,-107.491405958,244.007575372,110.535120927,110.535120927,274.893575394
2735,0,0,positive,0.248989093677,-0.107491405958,0.244112352785,248.989093677,-107.491405958,244.112352785,110.896721439,110.896721439,274.998352807
2735,1,0,positive,0.249528554573,-0.107491405958,0.244268380112,249.528554573,-107.491405958,244.268380112,111.436182335,111.436182335,275.154380134
2736,0,0,positive,0.248627493164,-0.107491405958,0.244007575372,248.627493164,-107.491405958,244.007575372,110.535120927,110.535120927,274.893575394
2736,1,0,positive,0.247902171045,-0.107491405958,0.243734484635,247.902171045,-107.491405958,243.734484635,109.809798808,109.809798808,274.620484657
2737,0,0,positive,0.243117398021,-0.107491405958,0.210070242326,243.117398021,-107.491405958,210.070242326,105.025025784,105.025025784,240.956242349
2737,1,0,positive,0.242814064697,-0.107491405958,0.210576057589,242.814064697,-107.491405958,210.576057589,104.72169246,104.72169246,241.462057612
2738,0,0,positive,0.242553910721,-0.107491405958,0.211018965792,242.553910721,-107.491405958,211.018965792,104.461538484,104.461538484,241.904965814
2738,1,0,positive,0.242814064697,-0.107491405958,0.210576057589,242.814064697,-107.491405958,210.576057589,104.72169246,104.72169246,241.462057612
2739,0,0,positive,0.242475098583,-0.107491405958,0.21117803377,242.475098583,-107.491405958,211.17803377,104.382726345,104.382726345,242.064033792
2739,1,0,positive,0.242553910721,-0.107491405958,0.211018965792,242.553910721,-107.491405958,211.018965792,104.461538484,104.461538484,241.904965814
2740,0,0,positive,0.242475098583,-0.107491405958,0.21117803377,242.475098583,-107.491405958,211.17803377,104.382726345,104.382726345,242.064033792
2740,1,0,positive,0.242230385802,-0.107491405958,0.21169667864,242.230385802,-107.491405958,211.69667864,104.138013565,104.138013565,242.582678663
2741,0,0,positive,0.241681841241,-0.107491405958,0.21285644097,241.681841241,-107.491405958,212.85644097,103.589469004,103.589469004,243.742440992
2741,1,0,positive,0.241720352323,-0.107491405958,0.212771545533,241.720352323,-107.491405958,212.771545533,103.627980086,103.627980086,243.657545555
2742,0,0,positive,0.2416506347,-0.107491405958,0.212907553599,241.6506347,-107.491405958,212.907553599,103.558262463,103.558262463,243.793553621
2742,1,0,positive,0.241681841241,-0.107491405958,0.21285644097,241.681841241,-107.491405958,212.85644097,103.589469004,103.589469004,243.742440992
2743,0,0,positive,0.242230385802,-0.107491405958,0.21169667864,242.230385802,-107.491405958,211.69667864,104.138013565,104.138013565,242.582678663
2743,1,0,positive,0.241720352323,-0.107491405958,0.212771545533,241.720352323,-107.491405958,212.771545533,103.627980086,103.627980086,243.657545555
2744,0,0,positive,0.241624982106,-0.107491405958,0.212950644275,241.624982106,-107.491405958,212.950644275,103.532609869,103.532609869,243.836644297
2744,1,0,positive,0.2416506347,-0.107491405958,0.212907553599,241.6506347,-107.491405958,212.907553599,103.558262463,103.558262463,243.793553621
2745,0,0,positive,0.241624982106,-0.107491405958,0.212950644275,241.624982106,-107.491405958,212.950644275,103.532609869,103.532609869,243.836644297
2745,1,0,positive,0.24103117896,-0.107491405958,0.214046564699,241.03117896,-107.491405958,214.046564699,102.938806723,102.938806723,244.932564722
2746,0,0,positive,0.24080819704,-0.107491405958,0.214449327372,240.80819704,-107.491405958,214.449327372,102.715824803,102.715824803,245.335327394
2746,1,0,positive,0.24103117896,-0.107491405958,0.214046564699,241.03117896,-107.491405958,214.046564699,102.938806723,102.938806723,244.932564722
2747,0,0,positive,0.24080819704,-0.107491405958,0.214449327372,240.80819704,-107.491405958,214.449327372,102.715824803,102.715824803,245.335327394
2747,1,0,positive,0.240570671006,-0.107491405958,0.214856075747,240.570671006,-107.491405958,214.856075747,102.478298769,102.478298769,245.74207577
2748,0,0,positive,0.240570671006,-0.107491405958,0.214856075747,240.570671006,-107.491405958,214.856075747,102.478298769,102.478298769,245.74207577
2748,1,0,positive,0.240201469479,-0.107491405958,0.215377625974,240.201469479,-107.491405958,215.377625974,102.109097242,102.109097242,246.263625996
2749,0,0,positive,0.240099320374,-0.107491405958,0.21554445139,240.099320374,-107.491405958,215.54445139,102.006948137,102.006948137,246.430451412
2749,1,0,positive,0.240201469479,-0.107491405958,0.215377625974,240.201469479,-107.491405958,215.377625974,102.109097242,102.109097242,246.263625996
2750,0,0,positive,0.239880239376,-0.107491405958,0.215864589684,239.880239376,-107.491405958,215.864589684,101.787867139,101.787867139,246.750589706
2750,1,0,positive,0.240099320374,-0.107491405958,0.21554445139,240.099320374,-107.491405958,215.54445139,102.006948137,102.006948137,246.430451412
2751,0,0,positive,0.239880239376,-0.107491405958,0.215864589684,239.880239376,-107.491405958,215.864589684,101.787867139,101.787867139,246.750589706
2751,1,0,positive,0.239438245201,-0.107491405958,0.216524609282,239.438245201,-107.491405958,216.524609282,101.345872964,101.345872964,247.410609304
2752,0,0,positive,0.239438245201,-0.107491405958,0.216524609282,239.438245201,-107.491405958,216.524609282,101.345872964,101.345872964,247.410609304
2752,1,0,positive,0.238807790096,-0.107491405958,0.217385270325,238.807790096,-107.491405958,217.385270325,100.715417858,100.715417858,248.271270348
2753,0,0,positive,0.238651431332,-0.107491405958,0.217605726225,238.651431332,-107.491405958,217.605726225,100.559059095,100.559059095,248.491726247
2753,1,0,positive,0.238807790096,-0.107491405958,0.217385270325,238.807790096,-107.491405958,217.385270325,100.715417858,100.715417858,248.271270348
2754,0,0,positive,0.238651431332,-0.107491405958,0.217605726225,238.651431332,-107.491405958,217.605726225,100.559059095,100.559059095,248.491726247
2754,1,0,positive,0.238315291249,-0.107491405958,0.218132353349,238.315291249,-107.491405958,218.132353349,100.222919012,100.222919012,249.018353371
2755,0,0,positive,0.238246220245,-0.107491405958,0.218234692011,238.246220245,-107.491405958,218.234692011,100.153848008,100.153848008,249.120692033
2755,1,0,positive,0.238315291249,-0.107491405958,0.218132353349,238.315291249,-107.491405958,218.132353349,100.222919012,100.222919012,249.018353371
2756,0,0,positive,0.23801448482,-0.107491405958,0.218523305532,238.01448482,-107.491405958,218.523305532,99.9221125829,99.9221125829,249.409305555
2756,1,0,positive,0.238246220245,-0.107491405958,0.218234692011,238.246220245,-107.491405958,218.234692011,100.153848008,100.153848008,249.120692033
2757,0,0,positive,0.23801448482,-0.107491405958,0.218523305532,238.01448482,-107.491405958,218.523305532,99.9221125829,99.9221125829,249.409305555
2757,1,0,positive,0.237812069383,-0.107491405958,0.218772877824,237.812069383,-107.491405958,218.772877824,99.7196971455,99.7196971455,249.658877846
2758,0,0,positive,0.237812069383,-0.107491405958,0.218772877824,237.812069383,-107.491405958,218.772877824,99.7196971455,99.7196971455,249.658877846
2758,1,0,positive,0.237559565027,-0.107491405958,0.219153654308,237.559565027,-107.491405958,219.153654308,99.4671927893,99.4671927893,250.03965433
2759,0,0,positive,0.237020154424,-0.107491405958,0.219989810687,237.020154424,-107.491405958,219.989810687,98.9277821869,98.9277821869,250.875810709
2759,1,0,positive,0.237559565027,-0.107491405958,0.219153654308,237.559565027,-107.491405958,219.153654308,99.4671927893,99.4671927893,250.03965433
2760,0,0,positive,0.237020154424,-0.107491405958,0.219989810687,237.020154424,-107.491405958,219.989810687,98.9277821869,98.9277821869,250.875810709
2760,1,0,positive,0.236867100481,-0.107491405958,0.220244753615,236.867100481,-107.491405958,220.244753615,98.774728244,98.774728244,251.130753638
2761,0,0,positive,0.236772874938,-0.107491405958,0.220427014885,236.772874938,-107.491405958,220.427014885,98.6805027011,98.6805027011,251.313014908
2761,1,0,positive,0.236867100481,-0.107491405958,0.220244753615,236.867100481,-107.491405958,220.244753615,98.774728244,98.774728244,251.130753638
2762,0,0,positive,0.236462543491,-0.107491405958,0.220857713586,236.462543491,-107.491405958,220.857713586,98.3701712543,98.3701712543,251.743713609
2762,1,0,positive,0.236772874938,-0.107491405958,0.220427014885,236.772874938,-107.491405958,220.427014885,98.6805027011,98.6805027011,251.313014908
2763,0,0,positive,0.236462543491,-0.107491405958,0.220857713586,236.462543491,-107.491405958,220.857713586,98.3701712543,98.3701712543,251.743713609
2763,1,0,positive,0.236174511599,-0.107491405958,0.221249362789,236.174511599,-107.491405958,221.249362789,98.0821393614,98.0821393614,252.135362811
2764,0,0,positive,0.235779455119,-0.107491405958,0.221928193137,235.779455119,-107.491405958,221.928193137,97.6870828818,97.6870828818,252.814193159
2764,1,0,positive,0.236174511599,-0.107491405958,0.221249362789,236.174511599,-107.491405958,221.249362789,98.0821393614,98.0821393614,252.135362811
2765,0,0,positive,0.235779455119,-0.107491405958,0.221928193137,235.779455119,-107.491405958,221.928193137,97.6870828818,97.6870828818,252.814193159
2765,1,0,positive,0.235724991702,-0.107491405958,0.222018806807,235.724991702,-107.491405958,222.018806807,97.6326194645,97.6326194645,252.904806829
2766,0,0,positive,0.235551876219,-0.107491405958,0.222249760047,235.551876219,-107.491405958,222.249760047,97.4595039814,97.4595039814,253.135760069
2766,1,0,positive,0.235724991702,-0.107491405958,0.222018806807,235.724991702,-107.491405958,222.018806807,97.6326194645,97.6326194645,252.904806829
2767,0,0,positive,0.235072204811,-0.107491405958,0.223025383618,235.072204811,-107.491405958,223.025383618,96.9798325735,96.9798325735,253.911383641
2767,1,0,positive,0.235551876219,-0.107491405958,0.222249760047,235.551876219,-107.491405958,222.249760047,97.4595039814,97.4595039814,253.135760069
2768,0,0,positive,0.235072204811,-0.107491405958,0.223025383618,235.072204811,-107.491405958,223.025383618,96.9798325735,96.9798325735,253.911383641
2768,1,0,positive,0.234596220605,-0.107491405958,0.223857521101,234.596220605,-107.491405958,223.857521101,96.5038483675,96.5038483675,254.743521123
2769,0,0,positive,0.231543456816,-0.107491405958,0.214497833717,231.543456816,-107.491405958,214.497833717,93.4510845789,93.4510845789,245.383833739
2769,1,0,positive,0.2341755044,-0.107491405958,0.21048189593,234.1755044,-107.491405958,210.48189593,96.0831321632,96.0831321632,241.367895953
2770,0,0,positive,0.231543456816,-0.107491405958,0.214497833717,231.543456816,-107.491405958,214.497833717,93.4510845789,93.4510845789,245.383833739
2770,1,0,positive,0.231072845483,-0.107491405958,0.215259517723,231.072845483,-107.491405958,215.259517723,92.9804732463,92.9804732463,246.145517745
2771,0,0,positive,0.231072845483,-0.107491405958,0.215259517723,231.072845483,-107.491405958,215.259517723,92.9804732463,92.9804732463,246.145517745
2771,1,0,positive,0.230256004086,-0.107491405958,0.216762513752,230.256004086,-107.491405958,216.762513752,92.163631849,92.163631849,247.648513774
2772,0,0,positive,0.230149345193,-0.107491405958,0.216938726,230.149345193,-107.491405958,216.938726,92.0569729555,92.0569729555,247.824726022
2772,1,0,positive,0.230256004086,-0.107491405958,0.216762513752,230.256004086,-107.491405958,216.762513752,92.163631849,92.163631849,247.648513774
2773,0,0,positive,0.230113782323,-0.107491405958,0.216996198096,230.113782323,-107.491405958,216.996198096,92.0214100854,92.0214100854,247.882198118
2773,1,0,positive,0.230149345193,-0.107491405958,0.216938726,230.149345193,-107.491405958,216.938726,92.0569729555,92.0569729555,247.824726022
2774,0,0,positive,0.229987991364,-0.107491405958,0.217204068186,229.987991364,-107.491405958,217.204068186,91.8956191269,91.8956191269,248.090068208
2774,1,0,positive,0.230113782323,-0.107491405958,0.216996198096,230.113782323,-107.491405958,216.996198096,92.0214100854,92.0214100854,247.882198118
2775,0,0,positive,0.229987991364,-0.107491405958,0.217204068186,229.987991364,-107.491405958,217.204068186,91.8956191269,91.8956191269,248.090068208
2775,1,0,positive,0.22895752167,-0.107491405958,0.218939873552,228.95752167,-107.491405958,218.939873552,90.8651494329,90.8651494329,249.825873575
2776,0,0,positive,0.22860861989,-0.107491405958,0.219685760361,228.60861989,-107.491405958,219.685760361,90.5162476532,90.5162476532,250.571760384
2776,1,0,positive,0.22895752167,-0.107491405958,0.218939873552,228.95752167,-107.491405958,218.939873552,90.8651494329,90.8651494329,249.825873575
2777,0,0,positive,0.22860861989,-0.107491405958,0.219685760361,228.60861989,-107.491405958,219.685760361,90.5162476532,90.5162476532,250.571760384
2777,1,0,positive,0.228397411636,-0.107491405958,0.220145966073,228.397411636,-107.491405958,220.145966073,90.305039399,90.305039399,251.031966095
2778,0,0,positive,0.234440049101,-0.107491405958,0.224207843639,234.440049101,-107.491405958,224.207843639,96.3476768639,96.3476768639,255.093843661
2778,1,0,positive,0.234596220605,-0.107491405958,0.223857521101,234.596220605,-107.491405958,223.857521101,96.5038483675,96.5038483675,254.743521123
2779,0,0,positive,0.234211968875,-0.107491405958,0.224601820097,234.211968875,-107.491405958,224.601820097,96.1195966378,96.1195966378,255.48782012
2779,1,0,positive,0.234440049101,-0.107491405958,0.224207843639,234.440049101,-107.491405958,224.207843639,96.3476768639,96.3476768639,255.093843661
2780,0,0,positive,0.233102201747,-0.107491405958,0.227390320409,233.102201747,-107.491405958,227.390320409,95.0098295102,95.0098295102,258.276320432
2780,1,0,positive,0.233131170683,-0.107491405958,0.227299883118,233.131170683,-107.491405958,227.299883118,95.0387984462,95.0387984462,258.185883141
2781,0,0,positive,0.233071778099,-0.107491405958,0.227497121271,233.071778099,-107.491405958,227.497121271,94.9794058617,94.9794058617,258.383121293
2781,1,0,positive,0.233102201747,-0.107491405958,0.227390320409,233.102201747,-107.491405958,227.390320409,95.0098295102,95.0098295102,258.276320432
2782,0,0,positive,0.234211968875,-0.107491405958,0.224601820097,234.211968875,-107.491405958,224.601820097,96.1195966378,96.1195966378,255.48782012
2782,1,0,positive,0.233624538197,-0.107491405958,0.225872983444,233.624538197,-107.491405958,225.872983444,95.5321659599,95.5321659599,256.758983466
2783,0,0,positive,0.233571923762,-0.107491405958,0.225996382358,233.571923762,-107.491405958,225.996382358,95.4795515243,95.4795515243,256.882382381
2783,1,0,positive,0.233624538197,-0.107491405958,0.225872983444,233.624538197,-107.491405958,225.872983444,95.5321659599,95.5321659599,256.758983466
2784,0,0,positive,0.233571923762,-0.107491405958,0.225996382358,233.571923762,-107.491405958,225.996382358,95.4795515243,95.4795515243,256.882382381
2784,1,0,positive,0.233131170683,-0.107491405958,0.227299883118,233.131170683,-107.491405958,227.299883118,95.0387984462,95.0387984462,258.185883141
2785,0,0,positive,0.233071778099,-0.107491405958,0.227497121271,233.071778099,-107.491405958,227.497121271,94.9794058617,94.9794058617,258.383121293
2785,1,0,positive,0.232840296199,-0.107491405958,0.22828658427,232.840296199,-107.491405958,228.28658427,94.7479239617,94.7479239617,259.172584292
2786,0,0,positive,0.232840296199,-0.107491405958,0.22828658427,232.840296199,-107.491405958,228.28658427,94.7479239617,94.7479239617,259.172584292
2786,1,0,positive,0.232771111229,-0.107491405958,0.228651999653,232.771111229,-107.491405958,228.651999653,94.6787389913,94.6787389913,259.537999675
2787,0,0,positive,0.228286705872,-0.107491405958,0.220505359167,228.286705872,-107.491405958,220.505359167,90.1943336346,90.1943336346,251.391359189
2787,1,0,positive,0.228397411636,-0.107491405958,0.220145966073,228.397411636,-107.491405958,220.145966073,90.305039399,90.305039399,251.031966095
2788,0,0,positive,0.22821372179,-0.107491405958,0.220678709688,228.21372179,-107.491405958,220.678709688,90.1213495525,90.1213495525,251.56470971
2788,1,0,positive,0.228286705872,-0.107491405958,0.220505359167,228.286705872,-107.491405958,220.505359167,90.1943336346,90.1943336346,251.391359189
2789,0,0,positive,0.22821372179,-0.107491405958,0.220678709688,228.21372179,-107.491405958,220.678709688,90.1213495525,90.1213495525,251.56470971
2789,1,0,positive,0.227971099774,-0.107491405958,0.221353835474,227.971099774,-107.491405958,221.353835474,89.8787275372,89.8787275372,252.239835496
2790,0,0,positive,0.227640774972,-0.107491405958,0.222352416244,227.640774972,-107.491405958,222.352416244,89.5484027344,89.5484027344,253.238416267
2790,1,0,positive,0.227971099774,-0.107491405958,0.221353835474,227.971099774,-107.491405958,221.353835474,89.8787275372,89.8787275372,252.239835496
2791,0,0,positive,0.227640774972,-0.107491405958,0.222352416244,227.640774972,-107.491405958,222.352416244,89.5484027344,89.5484027344,253.238416267
2791,1,0,positive,0.227483815318,-0.107491405958,0.222758686419,227.483815318,-107.491405958,222.758686419,89.3914430812,89.3914430812,253.644686441
2792,0,0,positive,0.227133470443,-0.107491405958,0.223637760069,227.133470443,-107.491405958,223.637760069,89.0410982062,89.0410982062,254.523760091
2792,1,0,positive,0.227483815318,-0.107491405958,0.222758686419,227.483815318,-107.491405958,222.758686419,89.3914430812,89.3914430812,253.644686441
2793,0,0,positive,0.227133470443,-0.107491405958,0.223637760069,227.133470443,-107.491405958,223.637760069,89.0410982062,89.0410982062,254.523760091
2793,1,0,positive,0.226980479553,-0.107491405958,0.22396581421,226.980479553,-107.491405958,223.96581421,88.8881073153,88.8881073153,254.851814232
2794,0,0,positive,0.226796862963,-0.107491405958,0.224721025116,226.796862963,-107.491405958,224.721025116,88.704490726,88.704490726,255.607025138
2794,1,0,positive,0.226725132524,-0.107491405958,0.225021573073,226.725132524,-107.491405958,225.021573073,88.6327602864,88.6327602864,255.907573095
2795,0,0,positive,0.226725132524,-0.107491405958,0.225021573073,226.725132524,-107.491405958,225.021573073,88.6327602864,88.6327602864,255.907573095
2795,1,0,positive,0.226713659334,-0.107491405958,0.225164459207,226.713659334,-107.491405958,225.164459207,88.6212870969,88.6212870969,256.050459229
2796,0,0,positive,0.226690938522,-0.107491405958,0.225908613361,226.690938522,-107.491405958,225.908613361,88.5985662845,88.5985662845,256.794613384
2796,1,0,positive,0.226716416469,-0.107491405958,0.225418398925,226.716416469,-107.491405958,225.418398925,88.6240442322,88.6240442322,256.304398947
2797,0,0,positive,0.226713659334,-0.107491405958,0.225164459207,226.713659334,-107.491405958,225.164459207,88.6212870969,88.6212870969,256.050459229
2797,1,0,positive,0.226716416469,-0.107491405958,0.225418398925,226.716416469,-107.491405958,225.418398925,88.6240442322,88.6240442322,256.304398947
2798,0,0,positive,0.226690938522,-0.107491405958,0.225908613361,226.690938522,-107.491405958,225.908613361,88.5985662845,88.5985662845,256.794613384
2798,1,0,positive,0.226655009123,-0.107491405958,0.226119038828,226.655009123,-107.491405958,226.119038828,88.5626368862,88.5626368862,257.00503885
2799,0,0,positive,0.226676583582,-0.107491405958,0.226891861929,226.676583582,-107.491405958,226.891861929,88.5842113446,88.5842113446,257.777861952
2799,1,0,positive,0.226677411981,-0.107491405958,0.226901189748,226.677411981,-107.491405958,226.901189748,88.5850397443,88.5850397443,257.78718977
2800,0,0,positive,0.226642365991,-0.107491405958,0.227631407871,226.642365991,-107.491405958,227.631407871,88.5499937537,88.5499937537,258.517407893
2800,1,0,positive,0.226677411981,-0.107491405958,0.226901189748,226.677411981,-107.491405958,226.901189748,88.5850397443,88.5850397443,257.78718977
2801,0,0,positive,0.226642365991,-0.107491405958,0.227631407871,226.642365991,-107.491405958,227.631407871,88.5499937537,88.5499937537,258.517407893
2801,1,0,positive,0.226629401217,-0.107491405958,0.227750304644,226.629401217,-107.491405958,227.750304644,88.5370289799,88.5370289799,258.636304667
2802,0,0,positive,0.246253961367,-0.107491405958,0.23707252682,246.253961367,-107.491405958,237.07252682,108.16158913,108.16158913,267.958526842
2802,1,0,positive,0.246007694271,-0.107491405958,0.236963238698,246.007694271,-107.491405958,236.963238698,107.915322034,107.915322034,267.849238721
2803,0,0,positive,0.246253961367,-0.107491405958,0.23707252682,246.253961367,-107.491405958,237.07252682,108.16158913,108.16158913,267.958526842
2803,1,0,positive,0.247563013673,-0.107491405958,0.237669078983,247.563013673,-107.491405958,237.669078983,109.470641435,109.470641435,268.555079005
2804,0,0,positive,0.24792906913,-0.107491405958,0.237836480868,247.92906913,-107.491405958,237.836480868,109.836696892,109.836696892,268.72248089
2804,1,0,positive,0.247563013673,-0.107491405958,0.237669078983,247.563013673,-107.491405958,237.669078983,109.470641435,109.470641435,268.555079005
2805,0,0,positive,0.246007694271,-0.107491405958,0.236963238698,246.007694271,-107.491405958,236.963238698,107.915322034,107.915322034,267.849238721
2805,1,0,positive,0.245743652905,-0.107491405958,0.236844382338,245.743652905,-107.491405958,236.844382338,107.651280668,107.651280668,267.73038236
2806,0,0,positive,0.245743652905,-0.107491405958,0.236844382338,245.743652905,-107.491405958,236.844382338,107.651280668,107.651280668,267.73038236
2806,1,0,positive,0.244793272462,-0.107491405958,0.236502797278,244.793272462,-107.491405958,236.502797278,106.700900225,106.700900225,267.3887973
2807,0,0,positive,0.243983964436,-0.107491405958,0.236201183318,243.983964436,-107.491405958,236.201183318,105.891592199,105.891592199,267.087183341
2807,1,0,positive,0.244793272462,-0.107491405958,0.236502797278,244.793272462,-107.491405958,236.502797278,106.700900225,106.700900225,267.3887973
2808,0,0,positive,0.243500901204,-0.107491405958,0.236082793734,243.500901204,-107.491405958,236.082793734,105.408528967,105.408528967,266.968793756
2808,1,0,positive,0.243983964436,-0.107491405958,0.236201183318,243.983964436,-107.491405958,236.201183318,105.891592199,105.891592199,267.087183341
2809,0,0,positive,0.243500901204,-0.107491405958,0.236082793734,243.500901204,-107.491405958,236.082793734,105.408528967,105.408528967,266.968793756
2809,1,0,positive,0.242910545092,-0.107491405958,0.235947894922,242.910545092,-107.491405958,235.947894922,104.818172855,104.818172855,266.833894944
2810,0,0,positive,0.242910545092,-0.107491405958,0.235947894922,242.910545092,-107.491405958,235.947894922,104.818172855,104.818172855,266.833894944
2810,1,0,positive,0.242266409712,-0.107491405958,0.235829641099,242.266409712,-107.491405958,235.829641099,104.174037475,104.174037475,266.715641121
2811,0,0,positive,0.24505067322,-0.107491405958,0.242716555925,245.05067322,-107.491405958,242.716555925,106.958300983,106.958300983,273.602555948
2811,1,0,positive,0.245653572872,-0.107491405958,0.242931686779,245.653572872,-107.491405958,242.931686779,107.561200635,107.561200635,273.817686802
2812,0,0,positive,0.24505067322,-0.107491405958,0.242716555925,245.05067322,-107.491405958,242.716555925,106.958300983,106.958300983,273.602555948
2812,1,0,positive,0.244601001782,-0.107491405958,0.24254491513,244.601001782,-107.491405958,242.54491513,106.508629545,106.508629545,273.430915152
2813,0,0,positive,0.244601001782,-0.107491405958,0.24254491513,244.601001782,-107.491405958,242.54491513,106.508629545,106.508629545,273.430915152
2813,1,0,positive,0.2444338256,-0.107491405958,0.242473058039,244.4338256,-107.491405958,242.473058039,106.341453363,106.341453363,273.359058061
2814,0,0,positive,0.242646836273,-0.107491405958,0.241781095386,242.646836273,-107.491405958,241.781095386,104.554464035,104.554464035,272.667095408
2814,1,0,positive,0.24257231471,-0.107491405958,0.241746605812,242.57231471,-107.491405958,241.746605812,104.479942473,104.479942473,272.632605834
2815,0,0,positive,0.243664833204,-0.107491405958,0.242156577302,243.664833204,-107.491405958,242.156577302,105.572460966,105.572460966,273.042577324
2815,1,0,positive,0.2444338256,-0.107491405958,0.242473058039,244.4338256,-107.491405958,242.473058039,106.341453363,106.341453363,273.359058061
2816,0,0,positive,0.243664833204,-0.107491405958,0.242156577302,243.664833204,-107.491405958,242.156577302,105.572460966,105.572460966,273.042577324
2816,1,0,positive,0.243333851871,-0.107491405958,0.242023641081,243.333851871,-107.491405958,242.023641081,105.241479634,105.241479634,272.909641104
2817,0,0,positive,0.243179034715,-0.107491405958,0.242006495603,243.179034715,-107.491405958,242.006495603,105.086662478,105.086662478,272.892495626
2817,1,0,positive,0.243333851871,-0.107491405958,0.242023641081,243.333851871,-107.491405958,242.023641081,105.241479634,105.241479634,272.909641104
2818,0,0,positive,0.242646836273,-0.107491405958,0.241781095386,242.646836273,-107.491405958,241.781095386,104.554464035,104.554464035,272.667095408
2818,1,0,positive,0.243179034715,-0.107491405958,0.242006495603,243.179034715,-107.491405958,242.006495603,105.086662478,105.086662478,272.892495626
2819,0,0,positive,0.247745048219,-0.107491405958,0.243679387263,247.745048219,-107.491405958,243.679387263,109.652675982,109.652675982,274.565387285
2819,1,0,positive,0.247902171045,-0.107491405958,0.243734484635,247.902171045,-107.491405958,243.734484635,109.809798808,109.809798808,274.620484657
2820,0,0,positive,0.24771321873,-0.107491405958,0.243666852995,247.71321873,-107.491405958,243.666852995,109.620846493,109.620846493,274.552853018
2820,1,0,positive,0.247745048219,-0.107491405958,0.243679387263,247.745048219,-107.491405958,243.679387263,109.652675982,109.652675982,274.565387285
2821,0,0,positive,0.24771321873,-0.107491405958,0.243666852995,247.71321873,-107.491405958,243.666852995,109.620846493,109.620846493,274.552853018
2821,1,0,positive,0.246979161833,-0.107491405958,0.243431855383,246.979161833,-107.491405958,243.431855383,108.886789596,108.886789596,274.317855405
2822,0,0,positive,0.246340005366,-0.107491405958,0.243182121175,246.340005366,-107.491405958,243.182121175,108.247633128,108.247633128,274.068121198
2822,1,0,positive,0.246979161833,-0.107491405958,0.243431855383,246.979161833,-107.491405958,243.431855383,108.886789596,108.886789596,274.317855405
2823,0,0,positive,0.246340005366,-0.107491405958,0.243182121175,246.340005366,-107.491405958,243.182121175,108.247633128,108.247633128,274.068121198
2823,1,0,positive,0.245653572872,-0.107491405958,0.242931686779,245.653572872,-107.491405958,242.931686779,107.561200635,107.561200635,273.817686802
2824,0,0,positive,0.242338295963,-0.107491405958,0.241614750766,242.338295963,-107.491405958,241.614750766,104.245923726,104.245923726,272.500750788
2824,1,0,positive,0.24257231471,-0.107491405958,0.241746605812,242.57231471,-107.491405958,241.746605812,104.479942473,104.479942473,272.632605834
2825,0,0,positive,0.242234924423,-0.107491405958,0.241563923092,242.234924423,-107.491405958,241.563923092,104.142552186,104.142552186,272.449923115
2825,1,0,positive,0.242338295963,-0.107491405958,0.241614750766,242.338295963,-107.491405958,241.614750766,104.245923726,104.245923726,272.500750788
2826,0,0,positive,0.241008681102,-0.107491405958,0.235594014054,241.008681102,-107.491405958,235.594014054,102.916308865,102.916308865,266.480014076
2826,1,0,positive,0.242266409712,-0.107491405958,0.235829641099,242.266409712,-107.491405958,235.829641099,104.174037475,104.174037475,266.715641121
2827,0,0,positive,0.240193875601,-0.107491405958,0.235456410862,240.193875601,-107.491405958,235.456410862,102.101503364,102.101503364,266.342410885
2827,1,0,positive,0.241008681102,-0.107491405958,0.235594014054,241.008681102,-107.491405958,235.594014054,102.916308865,102.916308865,266.480014076
2828,0,0,positive,0.240193875601,-0.107491405958,0.235456410862,240.193875601,-107.491405958,235.456410862,102.101503364,102.101503364,266.342410885
2828,1,0,positive,0.239864361907,-0.107491405958,0.235379402499,239.864361907,-107.491405958,235.379402499,101.77198967,101.77198967,266.265402521
2829,0,0,positive,0.23829494771,-0.107491405958,0.235130510126,238.29494771,-107.491405958,235.130510126,100.202575473,100.202575473,266.016510148
2829,1,0,positive,0.238283939755,-0.107491405958,0.235129279578,238.283939755,-107.491405958,235.129279578,100.191567517,100.191567517,266.0152796
2830,0,0,positive,0.238283939755,-0.107491405958,0.235129279578,238.283939755,-107.491405958,235.129279578,100.191567517,100.191567517,266.0152796
2830,1,0,positive,0.238279508485,-0.107491405958,0.23512872799,238.279508485,-107.491405958,235.12872799,100.187136248,100.187136248,266.014728012
2831,0,0,positive,0.23829494771,-0.107491405958,0.235130510126,238.29494771,-107.491405958,235.130510126,100.202575473,100.202575473,266.016510148
2831,1,0,positive,0.239864361907,-0.107491405958,0.235379402499,239.864361907,-107.491405958,235.379402499,101.77198967,101.77198967,266.265402521
2832,0,0,positive,0.238279508485,-0.107491405958,0.23512872799,238.279508485,-107.491405958,235.12872799,100.187136248,100.187136248,266.014728012
2832,1,0,positive,0.238253708713,-0.107491405958,0.235123940453,238.253708713,-107.491405958,235.123940453,100.161336476,100.161336476,266.009940475
2833,0,0,positive,0.237298691935,-0.107491405958,0.234926653604,237.298691935,-107.491405958,234.926653604,99.2063196973,99.2063196973,265.812653627
2833,1,0,positive,0.238253708713,-0.107491405958,0.235123940453,238.253708713,-107.491405958,235.123940453,100.161336476,100.161336476,266.009940475
2834,0,0,positive,0.236947090398,-0.107491405958,0.234863229194,236.947090398,-107.491405958,234.863229194,98.8547181604,98.8547181604,265.749229216
2834,1,0,positive,0.237298691935,-0.107491405958,0.234926653604,237.298691935,-107.491405958,234.926653604,99.2063196973,99.2063196973,265.812653627
2835,0,0,positive,0.236566443744,-0.107491405958,0.234765055411,236.566443744,-107.491405958,234.765055411,98.4740715069,98.4740715069,265.651055434
2835,1,0,positive,0.236947090398,-0.107491405958,0.234863229194,236.947090398,-107.491405958,234.863229194,98.8547181604,98.8547181604,265.749229216
2836,0,0,positive,0.236566443744,-0.107491405958,0.234765055411,236.566443744,-107.491405958,234.765055411,98.4740715069,98.4740715069,265.651055434
2836,1,0,positive,0.235793957744,-0.107491405958,0.234549697775,235.793957744,-107.491405958,234.549697775,97.7015855065,97.7015855065,265.435697797
2837,0,0,positive,0.235357503645,-0.107491405958,0.234482729646,235.357503645,-107.491405958,234.482729646,97.2651314081,97.2651314081,265.368729668
2837,1,0,positive,0.235793957744,-0.107491405958,0.234549697775,235.793957744,-107.491405958,234.549697775,97.7015855065,97.7015855065,265.435697797
2838,0,0,positive,0.241134902885,-0.107491405958,0.241174708778,241.134902885,-107.491405958,241.174708778,103.042530648,103.042530648,272.0607088
2838,1,0,positive,0.242234924423,-0.107491405958,0.241563923092,242.234924423,-107.491405958,241.563923092,104.142552186,104.142552186,272.449923115
2839,0,0,positive,0.241134902885,-0.107491405958,0.241174708778,241.134902885,-107.491405958,241.174708778,103.042530648,103.042530648,272.0607088
2839,1,0,positive,0.240266910803,-0.107491405958,0.240876512479,240.266910803,-107.491405958,240.876512479,102.174538566,102.174538566,271.762512501
2840,0,0,positive,0.23967860643,-0.107491405958,0.240738706441,239.67860643,-107.491405958,240.738706441,101.586234193,101.586234193,271.624706463
2840,1,0,positive,0.240266910803,-0.107491405958,0.240876512479,240.266910803,-107.491405958,240.876512479,102.174538566,102.174538566,271.762512501
2841,0,0,positive,0.23967860643,-0.107491405958,0.240738706441,239.67860643,-107.491405958,240.738706441,101.586234193,101.586234193,271.624706463
2841,1,0,positive,0.239439962252,-0.107491405958,0.240688364018,239.439962252,-107.491405958,240.688364018,101.347590015,101.347590015,271.57436404
2842,0,0,positive,0.239439962252,-0.107491405958,0.240688364018,239.439962252,-107.491405958,240.688364018,101.347590015,101.347590015,271.57436404
2842,1,0,positive,0.23924902848,-0.107491405958,0.240647718739,239.24902848,-107.491405958,240.647718739,101.156656243,101.156656243,271.533718761
2843,0,0,positive,0.237497557542,-0.107491405958,0.240344959692,237.497557542,-107.491405958,240.344959692,99.4051853043,99.4051853043,271.230959714
2843,1,0,positive,0.238451442231,-0.107491405958,0.240508605872,238.451442231,-107.491405958,240.508605872,100.359069994,100.359069994,271.394605895
2844,0,0,positive,0.23924902848,-0.107491405958,0.240647718739,239.24902848,-107.491405958,240.647718739,101.156656243,101.156656243,271.533718761
2844,1,0,positive,0.238451442231,-0.107491405958,0.240508605872,238.451442231,-107.491405958,240.508605872,100.359069994,100.359069994,271.394605895
2845,0,0,positive,0.237497557542,-0.107491405958,0.240344959692,237.497557542,-107.491405958,240.344959692,99.4051853043,99.4051853043,271.230959714
2845,1,0,positive,0.236716757946,-0.107491405958,0.240211001337,236.716757946,-107.491405958,240.211001337,98.6243857092,98.6243857092,271.097001359
2846,0,0,positive,0.232670768082,-0.107491405958,0.232192876924,232.670768082,-107.491405958,232.192876924,94.5783958445,94.5783958445,263.078876946
2846,1,0,positive,0.232661074151,-0.107491405958,0.232158368274,232.661074151,-107.491405958,232.158368274,94.5687019142,94.5687019142,263.044368296
2847,0,0,positive,0.232661074151,-0.107491405958,0.232158368274,232.661074151,-107.491405958,232.158368274,94.5687019142,94.5687019142,263.044368296
2847,1,0,positive,0.232611082112,-0.107491405958,0.231868105389,232.611082112,-107.491405958,231.868105389,94.5187098748,94.5187098748,262.754105411
2848,0,0,positive,0.232698439222,-0.107491405958,0.232261570987,232.698439222,-107.491405958,232.261570987,94.6060669851,94.6060669851,263.14757101
2848,1,0,positive,0.232670768082,-0.107491405958,0.232192876924,232.670768082,-107.491405958,232.192876924,94.5783958445,94.5783958445,263.078876946
2849,0,0,positive,0.235357503645,-0.107491405958,0.234482729646,235.357503645,-107.491405958,234.482729646,97.2651314081,97.2651314081,265.368729668
2849,1,0,positive,0.234752079733,-0.107491405958,0.234390996732,234.752079733,-107.491405958,234.390996732,96.6597074959,96.6597074959,265.276996755
2850,0,0,positive,0.23451144162,-0.107491405958,0.23432936364,234.51144162,-107.491405958,234.32936364,96.4190693827,96.4190693827,265.215363662
2850,1,0,positive,0.234752079733,-0.107491405958,0.234390996732,234.752079733,-107.491405958,234.390996732,96.6597074959,96.6597074959,265.276996755
2851,0,0,positive,0.23451144162,-0.107491405958,0.23432936364,234.51144162,-107.491405958,234.32936364,96.4190693827,96.4190693827,265.215363662
2851,1,0,positive,0.234224747518,-0.107491405958,0.234194535679,234.224747518,-107.491405958,234.194535679,96.1323752812,96.1323752812,265.080535701
2852,0,0,positive,0.2327076886,-0.107491405958,0.229162974866,232.7076886,-107.491405958,229.162974866,94.6153163629,94.6153163629,260.048974889
2852,1,0,positive,0.232771111229,-0.107491405958,0.228651999653,232.771111229,-107.491405958,228.651999653,94.6787389913,94.6787389913,259.537999675
2853,0,0,positive,0.2327076886,-0.107491405958,0.229162974866,232.7076886,-107.491405958,229.162974866,94.6153163629,94.6153163629,260.048974889
2853,1,0,positive,0.232652505013,-0.107491405958,0.229408536098,232.652505013,-107.491405958,229.408536098,94.5601327761,94.5601327761,260.294536121
2854,0,0,positive,0.232542375099,-0.107491405958,0.230024547352,232.542375099,-107.491405958,230.024547352,94.4500028615,94.4500028615,260.910547374
2854,1,0,positive,0.232652505013,-0.107491405958,0.229408536098,232.652505013,-107.491405958,229.408536098,94.5601327761,94.5601327761,260.294536121
2855,0,0,positive,0.232542375099,-0.107491405958,0.230024547352,232.542375099,-107.491405958,230.024547352,94.4500028615,94.4500028615,260.910547374
2855,1,0,positive,0.232518147195,-0.107491405958,0.230261324201,232.518147195,-107.491405958,230.261324201,94.4257749578,94.4257749578,261.147324223
2856,0,0,positive,0.232532278498,-0.107491405958,0.231282802813,232.532278498,-107.491405958,231.282802813,94.4399062606,94.4399062606,262.168802835
2856,1,0,positive,0.232544078522,-0.107491405958,0.23151281125,232.544078522,-107.491405958,231.51281125,94.4517062847,94.4517062847,262.398811273
2857,0,0,positive,0.233399372303,-0.107491405958,0.233528954773,233.399372303,-107.491405958,233.528954773,95.3070000655,95.3070000655,264.414954796
2857,1,0,positive,0.233339438771,-0.107491405958,0.233475919001,233.339438771,-107.491405958,233.475919001,95.2470665338,95.2470665338,264.361919023
2858,0,0,positive,0.233339438771,-0.107491405958,0.233475919001,233.339438771,-107.491405958,233.475919001,95.2470665338,95.2470665338,264.361919023
2858,1,0,positive,0.233188866907,-0.107491405958,0.233262508207,233.188866907,-107.491405958,233.262508207,95.0964946694,95.0964946694,264.148508229
2859,0,0,positive,0.233031476853,-0.107491405958,0.233048029984,233.031476853,-107.491405958,233.048029984,94.9391046161,94.9391046161,263.934030007
2859,1,0,positive,0.233188866907,-0.107491405958,0.233262508207,233.188866907,-107.491405958,233.262508207,95.0964946694,95.0964946694,264.148508229
2860,0,0,positive,0.232558030985,-0.107491405958,0.231590273384,232.558030985,-107.491405958,231.590273384,94.4656587476,94.4656587476,262.476273406
2860,1,0,positive,0.232611082112,-0.107491405958,0.231868105389,232.611082112,-107.491405958,231.868105389,94.5187098748,94.5187098748,262.754105411
2861,0,0,positive,0.232698439222,-0.107491405958,0.232261570987,232.698439222,-107.491405958,232.261570987,94.6060669851,94.6060669851,263.14757101
2861,1,0,positive,0.232774478066,-0.107491405958,0.23251359682,232.774478066,-107.491405958,232.51359682,94.6821058292,94.6821058292,263.399596842
2862,0,0,positive,0.232544078522,-0.107491405958,0.23151281125,232.544078522,-107.491405958,231.51281125,94.4517062847,94.4517062847,262.398811273
2862,1,0,positive,0.232558030985,-0.107491405958,0.231590273384,232.558030985,-107.491405958,231.590273384,94.4656587476,94.4656587476,262.476273406
2863,0,0,positive,0.232979164736,-0.107491405958,0.232936025519,232.979164736,-107.491405958,232.936025519,94.886792499,94.886792499,263.822025541
2863,1,0,positive,0.233008172597,-0.107491405958,0.233007983476,233.008172597,-107.491405958,233.007983476,94.9158003599,94.9158003599,263.893983498
2864,0,0,positive,0.233008172597,-0.107491405958,0.233007983476,233.008172597,-107.491405958,233.007983476,94.9158003599,94.9158003599,263.893983498
2864,1,0,positive,0.233031476853,-0.107491405958,0.233048029984,233.031476853,-107.491405958,233.048029984,94.9391046161,94.9391046161,263.934030007
2865,0,0,positive,0.232979164736,-0.107491405958,0.232936025519,232.979164736,-107.491405958,232.936025519,94.886792499,94.886792499,263.822025541
2865,1,0,positive,0.232774478066,-0.107491405958,0.23251359682,232.774478066,-107.491405958,232.51359682,94.6821058292,94.6821058292,263.399596842
2866,0,0,positive,0.232532278498,-0.107491405958,0.231282802813,232.532278498,-107.491405958,231.282802813,94.4399062606,94.4399062606,262.168802835
2866,1,0,positive,0.232518147195,-0.107491405958,0.230261324201,232.518147195,-107.491405958,230.261324201,94.4257749578,94.4257749578,261.147324223
2867,0,0,positive,0.234087069788,-0.107491405958,0.234108802273,234.087069788,-107.491405958,234.108802273,95.9946975512,95.9946975512,264.994802295
2867,1,0,positive,0.234224747518,-0.107491405958,0.234194535679,234.224747518,-107.491405958,234.194535679,96.1323752812,96.1323752812,265.080535701
2868,0,0,positive,0.234087069788,-0.107491405958,0.234108802273,234.087069788,-107.491405958,234.108802273,95.9946975512,95.9946975512,264.994802295
2868,1,0,positive,0.233749054692,-0.107491405958,0.233871115673,233.749054692,-107.491405958,233.871115673,95.6566824549,95.6566824549,264.757115696
2869,0,0,positive,0.233399372303,-0.107491405958,0.233528954773,233.399372303,-107.491405958,233.528954773,95.3070000655,95.3070000655,264.414954796
2869,1,0,positive,0.233749054692,-0.107491405958,0.233871115673,233.749054692,-107.491405958,233.871115673,95.6566824549,95.6566824549,264.757115696
2870,0,0,positive,0.230870827933,-0.107491405958,0.238802986119,230.870827933,-107.491405958,238.802986119,92.7784556954,92.7784556954,269.688986141
2870,1,0,positive,0.230616409823,-0.107491405958,0.238630002599,230.616409823,-107.491405958,238.630002599,92.5240375857,92.5240375857,269.516002621
2871,0,0,positive,0.230088621732,-0.107491405958,0.238317254761,230.088621732,-107.491405958,238.317254761,91.9962494944,91.9962494944,269.203254783
2871,1,0,positive,0.230616409823,-0.107491405958,0.238630002599,230.616409823,-107.491405958,238.630002599,92.5240375857,92.5240375857,269.516002621
2872,0,0,positive,0.226629401217,-0.107491405958,0.227750304644,226.629401217,-107.491405958,227.750304644,88.5370289799,88.5370289799,258.636304667
2872,1,0,positive,0.226604291406,-0.107491405958,0.227970682688,226.604291406,-107.491405958,227.970682688,88.5119191684,88.5119191684,258.85668271
2873,0,0,positive,0.226413458769,-0.107491405958,0.229684631368,226.413458769,-107.491405958,229.684631368,88.3210865322,88.3210865322,260.57063139
2873,1,0,positive,0.226413540905,-0.107491405958,0.230412623355,226.413540905,-107.491405958,230.412623355,88.3211686677,88.3211686677,261.298623377
2874,0,0,positive,0.226641343828,-0.107491405958,0.23268024105,226.641343828,-107.491405958,232.68024105,88.548971591,88.548971591,263.566241073
2874,1,0,positive,0.22697027754,-0.107491405958,0.234163168672,226.97027754,-107.491405958,234.163168672,88.8779053031,88.8779053031,265.049168694
2875,0,0,positive,0.22709680828,-0.107491405958,0.23449657519,227.09680828,-107.491405958,234.49657519,89.0044360424,89.0044360424,265.382575213
2875,1,0,positive,0.227536173531,-0.107491405958,0.235437763747,227.536173531,-107.491405958,235.437763747,89.4438012935,89.4438012935,266.32376377
2876,0,0,positive,0.228249352373,-0.107491405958,0.236476134298,228.249352373,-107.491405958,236.476134298,90.1569801353,90.1569801353,267.36213432
2876,1,0,positive,0.228005764721,-0.107491405958,0.236107330185,228.005764721,-107.491405958,236.107330185,89.9133924841,89.9133924841,266.993330208
2877,0,0,positive,0.227536173531,-0.107491405958,0.235437763747,227.536173531,-107.491405958,235.437763747,89.4438012935,89.4438012935,266.32376377
2877,1,0,positive,0.228005764721,-0.107491405958,0.236107330185,228.005764721,-107.491405958,236.107330185,89.9133924841,89.9133924841,266.993330208
2878,0,0,positive,0.22861625827,-0.107491405958,0.236900196874,228.61625827,-107.491405958,236.900196874,90.5238860325,90.5238860325,267.786196897
2878,1,0,positive,0.229003193767,-0.107491405958,0.237400198515,229.003193767,-107.491405958,237.400198515,90.9108215296,90.9108215296,268.286198537
2879,0,0,positive,0.229248024117,-0.107491405958,0.23763721738,229.248024117,-107.491405958,237.63721738,91.15565188,91.15565188,268.523217402
2879,1,0,positive,0.230088621732,-0.107491405958,0.238317254761,230.088621732,-107.491405958,238.317254761,91.9962494944,91.9962494944,269.203254783
2880,0,0,positive,0.229248024117,-0.107491405958,0.23763721738,229.248024117,-107.491405958,237.63721738,91.15565188,91.15565188,268.523217402
2880,1,0,positive,0.229003193767,-0.107491405958,0.237400198515,229.003193767,-107.491405958,237.400198515,90.9108215296,90.9108215296,268.286198537
2881,0,0,positive,0.228394205534,-0.107491405958,0.236649108234,228.394205534,-107.491405958,236.649108234,90.3018332969,90.3018332969,267.535108257
2881,1,0,positive,0.228249352373,-0.107491405958,0.236476134298,228.249352373,-107.491405958,236.476134298,90.1569801353,90.1569801353,267.36213432
2882,0,0,positive,0.22861625827,-0.107491405958,0.236900196874,228.61625827,-107.491405958,236.900196874,90.5238860325,90.5238860325,267.786196897
2882,1,0,positive,0.228394205534,-0.107491405958,0.236649108234,228.394205534,-107.491405958,236.649108234,90.3018332969,90.3018332969,267.535108257
2883,0,0,positive,0.236376199876,-0.107491405958,0.240148986406,236.376199876,-107.491405958,240.148986406,98.2838276388,98.2838276388,271.034986428
2883,1,0,positive,0.236716757946,-0.107491405958,0.240211001337,236.716757946,-107.491405958,240.211001337,98.6243857092,98.6243857092,271.097001359
2884,0,0,positive,0.236376199876,-0.107491405958,0.240148986406,236.376199876,-107.491405958,240.148986406,98.2838276388,98.2838276388,271.034986428
2884,1,0,positive,0.235612191783,-0.107491405958,0.239980451674,235.612191783,-107.491405958,239.980451674,97.5198195454,97.5198195454,270.866451696
2885,0,0,positive,0.235538036871,-0.107491405958,0.239963932358,235.538036871,-107.491405958,239.963932358,97.4456646339,97.4456646339,270.84993238
2885,1,0,positive,0.235612191783,-0.107491405958,0.239980451674,235.612191783,-107.491405958,239.980451674,97.5198195454,97.5198195454,270.866451696
2886,0,0,positive,0.235480931481,-0.107491405958,0.239947103453,235.480931481,-107.491405958,239.947103453,97.388559244,97.388559244,270.833103475
2886,1,0,positive,0.235538036871,-0.107491405958,0.239963932358,235.538036871,-107.491405958,239.963932358,97.4456646339,97.4456646339,270.84993238
2887,0,0,positive,0.23512774763,-0.107491405958,0.239789660475,235.12774763,-107.491405958,239.789660475,97.0353753925,97.0353753925,270.675660497
2887,1,0,positive,0.235480931481,-0.107491405958,0.239947103453,235.480931481,-107.491405958,239.947103453,97.388559244,97.388559244,270.833103475
2888,0,0,positive,0.23512774763,-0.107491405958,0.239789660475,235.12774763,-107.491405958,239.789660475,97.0353753925,97.0353753925,270.675660497
2888,1,0,positive,0.234906071508,-0.107491405958,0.239707461657,234.906071508,-107.491405958,239.707461657,96.8136992711,96.8136992711,270.59346168
2889,0,0,positive,0.234573146547,-0.107491405958,0.239718013955,234.573146547,-107.491405958,239.718013955,96.4807743101,96.4807743101,270.604013977
2889,1,0,positive,0.234906071508,-0.107491405958,0.239707461657,234.906071508,-107.491405958,239.707461657,96.8136992711,96.8136992711,270.59346168
2890,0,0,positive,0.234573146547,-0.107491405958,0.239718013955,234.573146547,-107.491405958,239.718013955,96.4807743101,96.4807743101,270.604013977
2890,1,0,positive,0.234544778979,-0.107491405958,0.239715842179,234.544778979,-107.491405958,239.715842179,96.4524067416,96.4524067416,270.601842202
2891,0,0,positive,0.233990764059,-0.107491405958,0.239706044518,233.990764059,-107.491405958,239.706044518,95.898391822,95.898391822,270.59204454
2891,1,0,positive,0.233987666234,-0.107491405958,0.239705957156,233.987666234,-107.491405958,239.705957156,95.8952939964,95.8952939964,270.591957179
2892,0,0,positive,0.233538888746,-0.107491405958,0.239675066463,233.538888746,-107.491405958,239.675066463,95.4465165087,95.4465165087,270.561066486
2892,1,0,positive,0.233971520311,-0.107491405958,0.239705344591,233.971520311,-107.491405958,239.705344591,95.8791480743,95.8791480743,270.591344613
2893,0,0,positive,0.233487585202,-0.107491405958,0.239664055201,233.487585202,-107.491405958,239.664055201,95.395212965,95.395212965,270.550055224
2893,1,0,positive,0.233538888746,-0.107491405958,0.239675066463,233.538888746,-107.491405958,239.675066463,95.4465165087,95.4465165087,270.561066486
2894,0,0,positive,0.233987666234,-0.107491405958,0.239705957156,233.987666234,-107.491405958,239.705957156,95.8952939964,95.8952939964,270.591957179
2894,1,0,positive,0.233971520311,-0.107491405958,0.239705344591,233.971520311,-107.491405958,239.705344591,95.8791480743,95.8791480743,270.591344613
2895,0,0,positive,0.233992765714,-0.107491405958,0.239706276832,233.992765714,-107.491405958,239.706276832,95.9003934766,95.9003934766,270.592276854
2895,1,0,positive,0.234544778979,-0.107491405958,0.239715842179,234.544778979,-107.491405958,239.715842179,96.4524067416,96.4524067416,270.601842202
2896,0,0,positive,0.233992765714,-0.107491405958,0.239706276832,233.992765714,-107.491405958,239.706276832,95.9003934766,95.9003934766,270.592276854
2896,1,0,positive,0.233990764059,-0.107491405958,0.239706044518,233.990764059,-107.491405958,239.706044518,95.898391822,95.898391822,270.59204454
2897,0,0,positive,0.232695454035,-0.107491405958,0.239537741572,232.695454035,-107.491405958,239.537741572,94.6030817976,94.6030817976,270.423741594
2897,1,0,positive,0.232485254014,-0.107491405958,0.239491504019,232.485254014,-107.491405958,239.491504019,94.3928817768,94.3928817768,270.377504041
2898,0,0,positive,0.233411042266,-0.107491405958,0.239666721251,233.411042266,-107.491405958,239.666721251,95.3186700291,95.3186700291,270.552721274
2898,1,0,positive,0.233487585202,-0.107491405958,0.239664055201,233.487585202,-107.491405958,239.664055201,95.395212965,95.395212965,270.550055224
2899,0,0,positive,0.233411042266,-0.107491405958,0.239666721251,233.411042266,-107.491405958,239.666721251,95.3186700291,95.3186700291,270.552721274
2899,1,0,positive,0.232982008832,-0.107491405958,0.239598939374,232.982008832,-107.491405958,239.598939374,94.8896365945,94.8896365945,270.484939396
2900,0,0,positive,0.232695454035,-0.107491405958,0.239537741572,232.695454035,-107.491405958,239.537741572,94.6030817976,94.6030817976,270.423741594
2900,1,0,positive,0.232982008832,-0.107491405958,0.239598939374,232.982008832,-107.491405958,239.598939374,94.8896365945,94.8896365945,270.484939396
2901,0,0,positive,0.232485254014,-0.107491405958,0.239491504019,232.485254014,-107.491405958,239.491504019,94.3928817768,94.3928817768,270.377504041
2901,1,0,positive,0.231902362148,-0.107491405958,0.239299859854,231.902362148,-107.491405958,239.299859854,93.8099899107,93.8099899107,270.185859877
2902,0,0,positive,0.231779184984,-0.107491405958,0.239253719272,231.779184984,-107.491405958,239.253719272,93.6868127469,93.6868127469,270.139719294
2902,1,0,positive,0.231902362148,-0.107491405958,0.239299859854,231.902362148,-107.491405958,239.299859854,93.8099899107,93.8099899107,270.185859877
2903,0,0,positive,0.231473411163,-0.107491405958,0.23910184369,231.473411163,-107.491405958,239.10184369,93.3810389261,93.3810389261,269.987843712
2903,1,0,positive,0.231779184984,-0.107491405958,0.239253719272,231.779184984,-107.491405958,239.253719272,93.6868127469,93.6868127469,270.139719294
2904,0,0,positive,0.231473411163,-0.107491405958,0.23910184369,231.473411163,-107.491405958,239.10184369,93.3810389261,93.3810389261,269.987843712
2904,1,0,positive,0.230943166489,-0.107491405958,0.238841520062,230.943166489,-107.491405958,238.841520062,92.8507942517,92.8507942517,269.727520084
2905,0,0,positive,0.230943166489,-0.107491405958,0.238841520062,230.943166489,-107.491405958,238.841520062,92.8507942517,92.8507942517,269.727520084
2905,1,0,positive,0.230870827933,-0.107491405958,0.238802986119,230.870827933,-107.491405958,238.802986119,92.7784556954,92.7784556954,269.688986141
2906,0,0,positive,0.226854771601,-0.107491405958,0.224392786792,226.854771601,-107.491405958,224.392786792,88.7623993637,88.7623993637,255.278786814
2906,1,0,positive,0.226980479553,-0.107491405958,0.22396581421,226.980479553,-107.491405958,223.96581421,88.8881073153,88.8881073153,254.851814232
2907,0,0,positive,0.226796862963,-0.107491405958,0.224721025116,226.796862963,-107.491405958,224.721025116,88.704490726,88.704490726,255.607025138
2907,1,0,positive,0.226854771601,-0.107491405958,0.224392786792,226.854771601,-107.491405958,224.392786792,88.7623993637,88.7623993637,255.278786814
2908,0,0,positive,0.226676583582,-0.107491405958,0.226891861929,226.676583582,-107.491405958,226.891861929,88.5842113446,88.5842113446,257.777861952
2908,1,0,positive,0.226655009123,-0.107491405958,0.226119038828,226.655009123,-107.491405958,226.119038828,88.5626368862,88.5626368862,257.00503885
2909,0,0,positive,0.226413458769,-0.107491405958,0.229684631368,226.413458769,-107.491405958,229.684631368,88.3210865322,88.3210865322,260.57063139
2909,1,0,positive,0.226604291406,-0.107491405958,0.227970682688,226.604291406,-107.491405958,227.970682688,88.5119191684,88.5119191684,258.85668271
2910,0,0,positive,0.226397320685,-0.107491405958,0.230741833554,226.397320685,-107.491405958,230.741833554,88.3049484474,88.3049484474,261.627833577
2910,1,0,positive,0.226413540905,-0.107491405958,0.230412623355,226.413540905,-107.491405958,230.412623355,88.3211686677,88.3211686677,261.298623377
2911,0,0,positive,0.226401926168,-0.107491405958,0.230859464501,226.401926168,-107.491405958,230.859464501,88.3095539305,88.3095539305,261.745464523
2911,1,0,positive,0.226397320685,-0.107491405958,0.230741833554,226.397320685,-107.491405958,230.741833554,88.3049484474,88.3049484474,261.627833577
2912,0,0,positive,0.226401926168,-0.107491405958,0.230859464501,226.401926168,-107.491405958,230.859464501,88.3095539305,88.3095539305,261.745464523
2912,1,0,positive,0.226450388637,-0.107491405958,0.231682889828,226.450388637,-107.491405958,231.682889828,88.3580163999,88.3580163999,262.56888985
2913,0,0,positive,0.226450388637,-0.107491405958,0.231682889828,226.450388637,-107.491405958,231.682889828,88.3580163999,88.3580163999,262.56888985
2913,1,0,positive,0.226560634811,-0.107491405958,0.232312522036,226.560634811,-107.491405958,232.312522036,88.4682625739,88.4682625739,263.198522058
2914,0,0,positive,0.226579059106,-0.107491405958,0.232441811773,226.579059106,-107.491405958,232.441811773,88.4866868686,88.4866868686,263.327811795
2914,1,0,positive,0.226560634811,-0.107491405958,0.232312522036,226.560634811,-107.491405958,232.312522036,88.4682625739,88.4682625739,263.198522058
2915,0,0,positive,0.226985586365,-0.107491405958,0.234243046901,226.985586365,-107.491405958,234.243046901,88.8932141275,88.8932141275,265.129046924
2915,1,0,positive,0.22697027754,-0.107491405958,0.234163168672,226.97027754,-107.491405958,234.163168672,88.8779053031,88.8779053031,265.049168694
2916,0,0,positive,0.226641343828,-0.107491405958,0.23268024105,226.641343828,-107.491405958,232.68024105,88.548971591,88.548971591,263.566241073
2916,1,0,positive,0.226579059106,-0.107491405958,0.232441811773,226.579059106,-107.491405958,232.441811773,88.4866868686,88.4866868686,263.327811795
2917,0,0,positive,0.22709680828,-0.107491405958,0.23449657519,227.09680828,-107.491405958,234.49657519,89.0044360424,89.0044360424,265.382575213
2917,1,0,positive,0.226993656441,-0.107491405958,0.234269068147,226.993656441,-107.491405958,234.269068147,88.9012842042,88.9012842042,265.155068169
2918,0,0,positive,0.226993656441,-0.107491405958,0.234269068147,226.993656441,-107.491405958,234.269068147,88.9012842042,88.9012842042,265.155068169
2918,1,0,positive,0.226985586365,-0.107491405958,0.234243046901,226.985586365,-107.491405958,234.243046901,88.8932141275,88.8932141275,265.129046924
2919,0,0,positive,0.14457208373,-0.107491405958,-0.0304427952717,144.57208373,-107.491405958,-30.4427952717,6.47971149322,6.47971149322,0.443204750618
2919,1,0,positive,0.14531831774,-0.107491405958,-0.0304876506931,145.31831774,-107.491405958,-30.4876506931,7.22594550262,7.22594550262,0.39834932919
2920,0,0,positive,0.144019480387,-0.107491405958,-0.030411170723,144.019480387,-107.491405958,-30.411170723,5.92710814942,5.92710814942,0.474829299282
2920,1,0,positive,0.14457208373,-0.107491405958,-0.0304427952717,144.57208373,-107.491405958,-30.4427952717,6.47971149322,6.47971149322,0.443204750618
2921,0,0,positive,0.145329208169,-0.107491405958,-0.03048808027,145.329208169,-107.491405958,-30.48808027,7.23683593162,7.23683593162,0.397919752274
2921,1,0,positive,0.14531831774,-0.107491405958,-0.0304876506931,145.31831774,-107.491405958,-30.4876506931,7.22594550262,7.22594550262,0.39834932919
2922,0,0,positive,0.142987544472,-0.107491405958,-0.0304218753859,142.987544472,-107.491405958,-30.4218753859,4.89517223525,4.89517223525,0.464124636395
2922,1,0,positive,0.142587068178,-0.107491405958,-0.030413575463,142.587068178,-107.491405958,-30.413575463,4.49469594114,4.49469594114,0.472424559333
2923,0,0,positive,0.142987544472,-0.107491405958,-0.0304218753859,142.987544472,-107.491405958,-30.4218753859,4.89517223525,4.89517223525,0.464124636395
2923,1,0,positive,0.144019480387,-0.107491405958,-0.030411170723,144.019480387,-107.491405958,-30.411170723,5.92710814942,5.92710814942,0.474829299282
2924,0,0,positive,0.144769123961,-0.107491405958,-0.0247105940538,144.769123961,-107.491405958,-24.7105940538,6.67675172347,6.67675172347,6.17540596853
2924,1,0,positive,0.144835073568,-0.107491405958,-0.0247144284923,144.835073568,-107.491405958,-24.7144284923,6.74270133113,6.74270133113,6.17157152997
2925,0,0,positive,0.144769123961,-0.107491405958,-0.0247105940538,144.769123961,-107.491405958,-24.7105940538,6.67675172347,6.67675172347,6.17540596853
2925,1,0,positive,0.144321128177,-0.107491405958,-0.0246396902047,144.321128177,-107.491405958,-24.6396902047,6.22875593951,6.22875593951,6.24630981763
2926,0,0,positive,0.144321128177,-0.107491405958,-0.0246396902047,144.321128177,-107.491405958,-24.6396902047,6.22875593951,6.22875593951,6.24630981763
2926,1,0,positive,0.144119669756,-0.107491405958,-0.0245874624996,144.119669756,-107.491405958,-24.5874624996,6.02729751866,6.02729751866,6.29853752267
2927,0,0,positive,0.144119669756,-0.107491405958,-0.0245874624996,144.119669756,-107.491405958,-24.5874624996,6.02729751866,6.02729751866,6.29853752267
2927,1,0,positive,0.143771430072,-0.107491405958,-0.0245828183907,143.771430072,-107.491405958,-24.5828183907,5.67905783475,5.67905783475,6.3031816316
2928,0,0,positive,0.143675508176,-0.107491405958,-0.0245879932531,143.675508176,-107.491405958,-24.5879932531,5.58313593858,5.58313593858,6.29800676917
2928,1,0,positive,0.143771430072,-0.107491405958,-0.0245828183907,143.771430072,-107.491405958,-24.5828183907,5.67905783475,5.67905783475,6.3031816316
2929,0,0,negative,0.0656393288491,-0.107491405958,0.0498031028619,65.6393288491,-107.491405958,49.8031028619,-72.4530433881,72.4530433881,80.6891028842
2929,1,0,negative,0.0658377824208,-0.107491405958,0.0485910359091,65.8377824208,-107.491405958,48.5910359091,-72.2545898164,72.2545898164,79.4770359314
2930,0,0,negative,0.0656393288491,-0.107491405958,0.0498031028619,65.6393288491,-107.491405958,49.8031028619,-72.4530433881,72.4530433881,80.6891028842
2930,1,0,negative,0.0656034043781,-0.107491405958,0.0500199997557,65.6034043781,-107.491405958,50.0199997557,-72.4889678591,72.4889678591,80.905999778
2931,0,0,negative,0.0624413739246,-0.107491405958,0.0486344729549,62.4413739246,-107.491405958,48.6344729549,-75.6509983126,75.6509983126,79.5204729772
2931,1,0,negative,0.062247370367,-0.107491405958,0.0490811959007,62.247370367,-107.491405958,49.0811959007,-75.8450018702,75.8450018702,79.967195923
2932,0,0,negative,0.062247370367,-0.107491405958,0.0490811959007,62.247370367,-107.491405958,49.0811959007,-75.8450018702,75.8450018702,79.967195923
2932,1,0,negative,0.0617586357686,-0.107491405958,0.0500588941517,61.7586357686,-107.491405958,50.0588941517,-76.3337364686,76.3337364686,80.944894174
2933,0,0,negative,0.0656034043781,-0.107491405958,0.0500199997557,65.6034043781,-107.491405958,50.0199997557,-72.4889678591,72.4889678591,80.905999778
2933,1,0,negative,0.0655025307115,-0.107491405958,0.0501330536424,65.5025307115,-107.491405958,50.1330536424,-72.5898415258,72.5898415258,81.0190536647
2934,0,0,negative,0.0655025307115,-0.107491405958,0.0501330536424,65.5025307115,-107.491405958,50.1330536424,-72.5898415258,72.5898415258,81.0190536647
2934,1,0,negative,0.0648847264654,-0.107491405958,0.05163277103,64.8847264654,-107.491405958,51.63277103,-73.2076457719,73.2076457719,82.5187710523
2935,0,0,negative,0.0647956999279,-0.107491405958,0.0518686445527,64.7956999279,-107.491405958,51.8686445527,-73.2966723094,73.2966723094,82.754644575
2935,1,0,negative,0.0648847264654,-0.107491405958,0.05163277103,64.8847264654,-107.491405958,51.63277103,-73.2076457719,73.2076457719,82.5187710523
2936,0,0,negative,0.0616959205441,-0.107491405958,0.0501945430331,61.6959205441,-107.491405958,50.1945430331,-76.3964516931,76.3964516931,81.0805430554
2936,1,0,negative,0.0617586357686,-0.107491405958,0.0500588941517,61.7586357686,-107.491405958,50.0588941517,-76.3337364686,76.3337364686,80.944894174
2937,0,0,negative,0.0616859426985,-0.107491405958,0.0502194861009,61.6859426985,-107.491405958,50.2194861009,-76.4064295387,76.4064295387,81.1054861232
2937,1,0,negative,0.0616959205441,-0.107491405958,0.0501945430331,61.6959205441,-107.491405958,50.1945430331,-76.3964516931,76.3964516931,81.0805430554
2938,0,0,negative,0.0615310044858,-0.107491405958,0.0505819770521,61.5310044858,-107.491405958,50.5819770521,-76.5613677514,76.5613677514,81.4679770744
2938,1,0,negative,0.0616859426985,-0.107491405958,0.0502194861009,61.6859426985,-107.491405958,50.2194861009,-76.4064295387,76.4064295387,81.1054861232
2939,0,0,negative,0.0615310044858,-0.107491405958,0.0505819770521,61.5310044858,-107.491405958,50.5819770521,-76.5613677514,76.5613677514,81.4679770744
2939,1,0,negative,0.0613466416739,-0.107491405958,0.0510256162966,61.3466416739,-107.491405958,51.0256162966,-76.7457305633,76.7457305633,81.9116163189
2940,0,0,negative,0.0646208274325,-0.107491405958,0.0521967961023,64.6208274325,-107.491405958,52.1967961023,-73.4715448047,73.4715448047,83.0827961246
2940,1,0,negative,0.0647956999279,-0.107491405958,0.0518686445527,64.7956999279,-107.491405958,51.8686445527,-73.2966723094,73.2966723094,82.754644575
2941,0,0,negative,0.0646208274325,-0.107491405958,0.0521967961023,64.6208274325,-107.491405958,52.1967961023,-73.4715448047,73.4715448047,83.0827961246
2941,1,0,negative,0.0643942547111,-0.107491405958,0.0526042124601,64.3942547111,-107.491405958,52.6042124601,-73.6981175261,73.6981175261,83.4902124824
2942,0,0,negative,0.0643942547111,-0.107491405958,0.0526042124601,64.3942547111,-107.491405958,52.6042124601,-73.6981175261,73.6981175261,83.4902124824
2942,1,0,negative,0.0643298367258,-0.107491405958,0.0527266421359,64.3298367258,-107.491405958,52.7266421359,-73.7625355115,73.7625355115,83.6126421581
2943,0,0,negative,0.0643298367258,-0.107491405958,0.0527266421359,64.3298367258,-107.491405958,52.7266421359,-73.7625355115,73.7625355115,83.6126421581
2943,1,0,negative,0.0642861468204,-0.107491405958,0.0528212285455,64.2861468204,-107.491405958,52.8212285455,-73.8062254168,73.8062254168,83.7072285678
2944,0,0,negative,0.0640232696906,-0.107491405958,0.0537719747837,64.0232696906,-107.491405958,53.7719747837,-74.0691025466,74.0691025466,84.657974806
2944,1,0,negative,0.0642861468204,-0.107491405958,0.0528212285455,64.2861468204,-107.491405958,52.8212285455,-73.8062254168,73.8062254168,83.7072285678
2945,0,0,negative,0.0638074944255,-0.107491405958,0.0541987245217,63.8074944255,-107.491405958,54.1987245217,-74.2848778118,74.2848778118,85.084724544
2945,1,0,negative,0.0640232696906,-0.107491405958,0.0537719747837,64.0232696906,-107.491405958,53.7719747837,-74.0691025466,74.0691025466,84.657974806
2946,0,0,negative,0.0638074944255,-0.107491405958,0.0541987245217,63.8074944255,-107.491405958,54.1987245217,-74.2848778118,74.2848778118,85.084724544
2946,1,0,negative,0.0636583433749,-0.107491405958,0.0545778395393,63.6583433749,-107.491405958,54.5778395393,-74.4340288623,74.4340288623,85.4638395616
2947,0,0,negative,0.0608245221819,-0.107491405958,0.0521586488765,60.8245221819,-107.491405958,52.1586488765,-77.2678500553,77.2678500553,83.0446488988
2947,1,0,negative,0.0612723723304,-0.107491405958,0.0511872989889,61.2723723304,-107.491405958,51.1872989889,-76.8199999068,76.8199999068,82.0732990111
2948,0,0,negative,0.0613466416739,-0.107491405958,0.0510256162966,61.3466416739,-107.491405958,51.0256162966,-76.7457305633,76.7457305633,81.9116163189
2948,1,0,negative,0.0613288732782,-0.107491405958,0.0510658142687,61.3288732782,-107.491405958,51.0658142687,-76.763498959,76.763498959,81.951814291
2949,0,0,negative,0.0613288732782,-0.107491405958,0.0510658142687,61.3288732782,-107.491405958,51.0658142687,-76.763498959,76.763498959,81.951814291
2949,1,0,negative,0.0612723723304,-0.107491405958,0.0511872989889,61.2723723304,-107.491405958,51.1872989889,-76.8199999068,76.8199999068,82.0732990111
2950,0,0,negative,0.0605501461845,-0.107491405958,0.0528295112893,60.5501461845,-107.491405958,52.8295112893,-77.5422260527,77.5422260527,83.7155113116
2950,1,0,negative,0.0608245221819,-0.107491405958,0.0521586488765,60.8245221819,-107.491405958,52.1586488765,-77.2678500553,77.2678500553,83.0446488988
2951,0,0,negative,0.0605501461845,-0.107491405958,0.0528295112893,60.5501461845,-107.491405958,52.8295112893,-77.5422260527,77.5422260527,83.7155113116
2951,1,0,negative,0.0602859548843,-0.107491405958,0.0534965401579,60.2859548843,-107.491405958,53.4965401579,-77.8064173529,77.8064173529,84.3825401802
2952,0,0,negative,0.0633613199743,-0.107491405958,0.0550478887017,63.3613199743,-107.491405958,55.0478887017,-74.7310522629,74.7310522629,85.933888724
2952,1,0,negative,0.0636583433749,-0.107491405958,0.0545778395393,63.6583433749,-107.491405958,54.5778395393,-74.4340288623,74.4340288623,85.4638395616
2953,0,0,negative,0.0410923861662,-0.107491405958,0.125249640636,41.0923861662,-107.491405958,125.249640636,-96.999986071,96.999986071,156.135640658
2953,1,0,negative,0.0410127768313,-0.107491405958,0.125447386174,41.0127768313,-107.491405958,125.447386174,-97.0795954059,97.0795954059,156.333386197
2954,0,0,negative,0.040905903623,-0.107491405958,0.125807022346,40.905903623,-107.491405958,125.807022346,-97.1864686142,97.1864686142,156.693022368
2954,1,0,negative,0.0406928166519,-0.107491405958,0.126354316059,40.6928166519,-107.491405958,126.354316059,-97.3995555853,97.3995555853,157.240316081
2955,0,0,negative,0.040905903623,-0.107491405958,0.125807022346,40.905903623,-107.491405958,125.807022346,-97.1864686142,97.1864686142,156.693022368
2955,1,0,negative,0.0410127768313,-0.107491405958,0.125447386174,41.0127768313,-107.491405958,125.447386174,-97.0795954059,97.0795954059,156.333386197
2956,0,0,negative,0.0402974167246,-0.107491405958,0.127245918163,40.2974167246,-107.491405958,127.245918163,-97.7949555126,97.7949555126,158.131918185
2956,1,0,negative,0.0406928166519,-0.107491405958,0.126354316059,40.6928166519,-107.491405958,126.354316059,-97.3995555853,97.3995555853,157.240316081
2957,0,0,negative,0.0363268117713,-0.107491405958,0.124019809048,36.3268117713,-107.491405958,124.019809048,-101.765560466,101.765560466,154.90580907
2957,1,0,negative,0.0362548649288,-0.107491405958,0.124282664818,36.2548649288,-107.491405958,124.282664818,-101.837507308,101.837507308,155.168664841
2958,0,0,negative,0.0360089200927,-0.107491405958,0.125233806347,36.0089200927,-107.491405958,125.233806347,-102.083452145,102.083452145,156.119806369
2958,1,0,negative,0.0362548649288,-0.107491405958,0.124282664818,36.2548649288,-107.491405958,124.282664818,-101.837507308,101.837507308,155.168664841
2959,0,0,negative,0.0358981629565,-0.107491405958,0.125704919143,35.8981629565,-107.491405958,125.704919143,-102.194209281,102.194209281,156.590919165
2959,1,0,negative,0.0360089200927,-0.107491405958,0.125233806347,36.0089200927,-107.491405958,125.233806347,-102.083452145,102.083452145,156.119806369
2960,0,0,negative,0.0358981629565,-0.107491405958,0.125704919143,35.8981629565,-107.491405958,125.704919143,-102.194209281,102.194209281,156.590919165
2960,1,0,negative,0.035679912197,-0.107491405958,0.126685184918,35.679912197,-107.491405958,126.685184918,-102.41246004,102.41246004,157.571184941
2961,0,0,negative,0.0402974167246,-0.107491405958,0.127245918163,40.2974167246,-107.491405958,127.245918163,-97.7949555126,97.7949555126,158.131918185
2961,1,0,negative,0.0401389477538,-0.107491405958,0.127637349994,40.1389477538,-107.491405958,127.637349994,-97.9534244835,97.9534244835,158.523350017
2962,0,0,negative,0.0401389477538,-0.107491405958,0.127637349994,40.1389477538,-107.491405958,127.637349994,-97.9534244835,97.9534244835,158.523350017
2962,1,0,negative,0.0401040402236,-0.107491405958,0.127739367077,40.1040402236,-107.491405958,127.739367077,-97.9883320136,97.9883320136,158.625367099
2963,0,0,negative,0.0401040402236,-0.107491405958,0.127739367077,40.1040402236,-107.491405958,127.739367077,-97.9883320136,97.9883320136,158.625367099
2963,1,0,negative,0.0398642012612,-0.107491405958,0.128173292169,39.8642012612,-107.491405958,128.173292169,-98.228170976,98.228170976,159.059292191
2964,0,0,negative,0.0398642012612,-0.107491405958,0.128173292169,39.8642012612,-107.491405958,128.173292169,-98.228170976,98.228170976,159.059292191
2964,1,0,negative,0.0395816692893,-0.107491405958,0.128592141782,39.5816692893,-107.491405958,128.592141782,-98.5107029479,98.5107029479,159.478141805
2965,0,0,negative,0.0395079496086,-0.107491405958,0.12870567418,39.5079496086,-107.491405958,128.70567418,-98.5844226286,98.5844226286,159.591674202
2965,1,0,negative,0.0395816692893,-0.107491405958,0.128592141782,39.5816692893,-107.491405958,128.592141782,-98.5107029479,98.5107029479,159.478141805
2966,0,0,negative,0.0394896680329,-0.107491405958,0.128730147656,39.4896680329,-107.491405958,128.730147656,-98.6027042043,98.6027042043,159.616147679
2966,1,0,negative,0.0395079496086,-0.107491405958,0.12870567418,39.5079496086,-107.491405958,128.70567418,-98.5844226286,98.5844226286,159.591674202
2967,0,0,negative,0.0393622341128,-0.107491405958,0.128829933863,39.3622341128,-107.491405958,128.829933863,-98.7301381244,98.7301381244,159.715933885
2967,1,0,negative,0.0389733334392,-0.107491405958,0.12916610142,38.9733334392,-107.491405958,129.16610142,-99.119038798,99.119038798,160.052101442
2968,0,0,negative,0.0394684836236,-0.107491405958,0.128744352787,39.4684836236,-107.491405958,128.744352787,-98.6238886136,98.6238886136,159.630352809
2968,1,0,negative,0.0394896680329,-0.107491405958,0.128730147656,39.4896680329,-107.491405958,128.730147656,-98.6027042043,98.6027042043,159.616147679
2969,0,0,negative,0.0393622341128,-0.107491405958,0.128829933863,39.3622341128,-107.491405958,128.829933863,-98.7301381244,98.7301381244,159.715933885
2969,1,0,negative,0.0394684836236,-0.107491405958,0.128744352787,39.4684836236,-107.491405958,128.744352787,-98.6238886136,98.6238886136,159.630352809
2970,0,0,negative,0.0355270213129,-0.107491405958,0.127362578967,35.5270213129,-107.491405958,127.362578967,-102.565350924,102.565350924,158.24857899
2970,1,0,negative,0.035679912197,-0.107491405958,0.126685184918,35.679912197,-107.491405958,126.685184918,-102.41246004,102.41246004,157.571184941
2971,0,0,negative,0.0355270213129,-0.107491405958,0.127362578967,35.5270213129,-107.491405958,127.362578967,-102.565350924,102.565350924,158.24857899
2971,1,0,negative,0.0354478466046,-0.107491405958,0.12785673349,35.4478466046,-107.491405958,127.85673349,-102.644525633,102.644525633,158.742733512
2972,0,0,negative,0.0352773143509,-0.107491405958,0.128647731458,35.2773143509,-107.491405958,128.647731458,-102.815057886,102.815057886,159.53373148
2972,1,0,negative,0.0354478466046,-0.107491405958,0.12785673349,35.4478466046,-107.491405958,127.85673349,-102.644525633,102.644525633,158.742733512
2973,0,0,negative,0.0352773143509,-0.107491405958,0.128647731458,35.2773143509,-107.491405958,128.647731458,-102.815057886,102.815057886,159.53373148
2973,1,0,negative,0.0352231760734,-0.107491405958,0.128931906492,35.2231760734,-107.491405958,128.931906492,-102.869196164,102.869196164,159.817906514
2974,0,0,positive,0.147442383013,-0.107491405958,-0.0304689333852,147.442383013,-107.491405958,-30.4689333852,9.350010776,9.350010776,0.417066637099
2974,1,0,positive,0.146966084304,-0.107491405958,-0.030482128318,146.966084304,-107.491405958,-30.482128318,8.8737120664,8.8737120664,0.403871704279
2975,0,0,positive,0.147442383013,-0.107491405958,-0.0304689333852,147.442383013,-107.491405958,-30.4689333852,9.350010776,9.350010776,0.417066637099
2975,1,0,positive,0.148641069451,-0.107491405958,-0.0304430149861,148.641069451,-107.491405958,-30.4430149861,10.548697214,10.548697214,0.44298503622
2976,0,0,positive,0.146966084304,-0.107491405958,-0.030482128318,146.966084304,-107.491405958,-30.482128318,8.8737120664,8.8737120664,0.403871704279
2976,1,0,positive,0.146866680204,-0.107491405958,-0.0304849319218,146.866680204,-107.491405958,-30.4849319218,8.77430796685,8.77430796685,0.401068100486
2977,0,0,positive,0.146866680204,-0.107491405958,-0.0304849319218,146.866680204,-107.491405958,-30.4849319218,8.77430796685,8.77430796685,0.401068100486
2977,1,0,positive,0.146733948182,-0.107491405958,-0.0304827345244,146.733948182,-107.491405958,-30.4827345244,8.6415759451,8.6415759451,0.40326549791
2978,0,0,positive,0.145329208169,-0.107491405958,-0.03048808027,145.329208169,-107.491405958,-30.48808027,7.23683593162,7.23683593162,0.397919752274
2978,1,0,positive,0.146733948182,-0.107491405958,-0.0304827345244,146.733948182,-107.491405958,-30.4827345244,8.6415759451,8.6415759451,0.40326549791
2979,0,0,positive,0.145628482002,-0.107491405958,-0.0247164481778,145.628482002,-107.491405958,-24.7164481778,7.53610976511,7.53610976511,6.1695518445
2979,1,0,positive,0.145336467199,-0.107491405958,-0.0247790916182,145.336467199,-107.491405958,-24.7790916182,7.24409496143,7.24409496143,6.10690840412
2980,0,0,positive,0.145218679088,-0.107491405958,-0.0247476149734,145.218679088,-107.491405958,-24.7476149734,7.1263068508,7.1263068508,6.13838504886
2980,1,0,positive,0.145336467199,-0.107491405958,-0.0247790916182,145.336467199,-107.491405958,-24.7790916182,7.24409496143,7.24409496143,6.10690840412
2981,0,0,positive,0.145218679088,-0.107491405958,-0.0247476149734,145.218679088,-107.491405958,-24.7476149734,7.1263068508,7.1263068508,6.13838504886
2981,1,0,positive,0.144885173561,-0.107491405958,-0.0247258354626,144.885173561,-107.491405958,-24.7258354626,6.79280132338,6.79280132338,6.16016455965
2982,0,0,positive,0.144835073568,-0.107491405958,-0.0247144284923,144.835073568,-107.491405958,-24.7144284923,6.74270133113,6.74270133113,6.17157152997
2982,1,0,positive,0.144885173561,-0.107491405958,-0.0247258354626,144.885173561,-107.491405958,-24.7258354626,6.79280132338,6.79280132338,6.16016455965
2983,0,0,positive,0.215037912378,-0.107491405958,0.0509470564266,215.037912378,-107.491405958,50.9470564266,76.9455401411,76.9455401411,81.8330564489
2983,1,0,positive,0.214734403064,-0.107491405958,0.0502438936967,214.734403064,-107.491405958,50.2438936967,76.6420308263,76.6420308263,81.129893719
2984,0,0,positive,0.21407943337,-0.107491405958,0.0486670138242,214.07943337,-107.491405958,48.6670138242,75.9870611328,75.9870611328,79.5530138465
2984,1,0,positive,0.213647430167,-0.107491405958,0.0476584669382,213.647430167,-107.491405958,47.6584669382,75.5550579293,75.5550579293,78.5444669605
2985,0,0,positive,0.214416736105,-0.107491405958,0.049452180098,214.416736105,-107.491405958,49.452180098,76.3243638681,76.3243638681,80.3381801203
2985,1,0,positive,0.214734403064,-0.107491405958,0.0502438936967,214.734403064,-107.491405958,50.2438936967,76.6420308263,76.6420308263,81.129893719
2986,0,0,positive,0.21407943337,-0.107491405958,0.0486670138242,214.07943337,-107.491405958,48.6670138242,75.9870611328,75.9870611328,79.5530138465
2986,1,0,positive,0.214416736105,-0.107491405958,0.049452180098,214.416736105,-107.491405958,49.452180098,76.3243638681,76.3243638681,80.3381801203
2987,0,0,positive,0.210772349485,-0.107491405958,0.0511923587901,210.772349485,-107.491405958,51.1923587901,72.679977248,72.679977248,82.0783588124
2987,1,0,positive,0.21094045164,-0.107491405958,0.0516023821742,210.94045164,-107.491405958,51.6023821742,72.8480794029,72.8480794029,82.4883821965
2988,0,0,positive,0.210039072862,-0.107491405958,0.0495495954952,210.039072862,-107.491405958,49.5495954952,71.9467006252,71.9467006252,80.4355955175
2988,1,0,positive,0.209870002616,-0.107491405958,0.0491648875186,209.870002616,-107.491405958,49.1648875186,71.7776303792,71.7776303792,80.0508875409
2989,0,0,positive,0.210179200709,-0.107491405958,0.0498412600046,210.179200709,-107.491405958,49.8412600046,72.0868284717,72.0868284717,80.7272600269
2989,1,0,positive,0.210314688848,-0.107491405958,0.0502252751541,210.314688848,-107.491405958,50.2252751541,72.2223166108,72.2223166108,81.1112751764
2990,0,0,positive,0.210179200709,-0.107491405958,0.0498412600046,210.179200709,-107.491405958,49.8412600046,72.0868284717,72.0868284717,80.7272600269
2990,1,0,positive,0.210039072862,-0.107491405958,0.0495495954952,210.039072862,-107.491405958,49.5495954952,71.9467006252,71.9467006252,80.4355955175
2991,0,0,positive,0.210772349485,-0.107491405958,0.0511923587901,210.772349485,-107.491405958,51.1923587901,72.679977248,72.679977248,82.0783588124
2991,1,0,positive,0.210314688848,-0.107491405958,0.0502252751541,210.314688848,-107.491405958,50.2252751541,72.2223166108,72.2223166108,81.1112751764
2992,0,0,positive,0.238285243566,-0.107491405958,0.118710244348,238.285243566,-107.491405958,118.710244348,100.192871329,100.192871329,149.59624437
2992,1,0,positive,0.23861779409,-0.107491405958,0.119549742872,238.61779409,-107.491405958,119.549742872,100.525421852,100.525421852,150.435742894
2993,0,0,positive,0.239142166457,-0.107491405958,0.120912791309,239.142166457,-107.491405958,120.912791309,101.04979422,101.04979422,151.798791331
2993,1,0,positive,0.23861779409,-0.107491405958,0.119549742872,238.61779409,-107.491405958,119.549742872,100.525421852,100.525421852,150.435742894
2994,0,0,positive,0.239142166457,-0.107491405958,0.120912791309,239.142166457,-107.491405958,120.912791309,101.04979422,101.04979422,151.798791331
2994,1,0,positive,0.239611547392,-0.107491405958,0.122111947929,239.611547392,-107.491405958,122.111947929,101.519175155,101.519175155,152.997947951
2995,0,0,positive,0.239872068102,-0.107491405958,0.122826096881,239.872068102,-107.491405958,122.826096881,101.779695865,101.779695865,153.712096904
2995,1,0,positive,0.239611547392,-0.107491405958,0.122111947929,239.611547392,-107.491405958,122.111947929,101.519175155,101.519175155,152.997947951
2996,0,0,positive,0.234133385792,-0.107491405958,0.121676915202,234.133385792,-107.491405958,121.676915202,96.0410135549,96.0410135549,152.562915225
2996,1,0,positive,0.23421698045,-0.107491405958,0.121785072931,234.21698045,-107.491405958,121.785072931,96.1246082124,96.1246082124,152.671072954
2997,0,0,positive,0.23421698045,-0.107491405958,0.121785072931,234.21698045,-107.491405958,121.785072931,96.1246082124,96.1246082124,152.671072954
2997,1,0,positive,0.234469460036,-0.107491405958,0.122165721566,234.469460036,-107.491405958,122.165721566,96.3770877984,96.3770877984,153.051721589
2998,0,0,positive,0.234133385792,-0.107491405958,0.121676915202,234.133385792,-107.491405958,121.676915202,96.0410135549,96.0410135549,152.562915225
2998,1,0,positive,0.234094410237,-0.107491405958,0.121523243548,234.094410237,-107.491405958,121.523243548,96.0020379997,96.0020379997,152.409243571
2999,0,0,positive,0.234594930361,-0.107491405958,0.122425151221,234.594930361,-107.491405958,122.425151221,96.5025581237,96.5025581237,153.311151244
2999,1,0,positive,0.234469460036,-0.107491405958,0.122165721566,234.469460036,-107.491405958,122.165721566,96.3770877984,96.3770877984,153.051721589
3000,0,0,positive,0.215141635481,-0.107491405958,0.0512125394086,215.141635481,-107.491405958,51.2125394086,77.0492632442,77.0492632442,82.0985394309
3000,1,0,positive,0.215882098338,-0.107491405958,0.0528136975144,215.882098338,-107.491405958,52.8136975144,77.7897261006,77.7897261006,83.6996975367
3001,0,0,positive,0.215141635481,-0.107491405958,0.0512125394086,215.141635481,-107.491405958,51.2125394086,77.0492632442,77.0492632442,82.0985394309
3001,1,0,positive,0.215037912378,-0.107491405958,0.0509470564266,215.037912378,-107.491405958,50.9470564266,76.9455401411,76.9455401411,81.8330564489
3002,0,0,positive,0.21608981911,-0.107491405958,0.0533182867492,216.08981911,-107.491405958,53.3182867492,77.9974468723,77.9974468723,84.2042867715
3002,1,0,positive,0.215882098338,-0.107491405958,0.0528136975144,215.882098338,-107.491405958,52.8136975144,77.7897261006,77.7897261006,83.6996975367
3003,0,0,positive,0.21608981911,-0.107491405958,0.0533182867492,216.08981911,-107.491405958,53.3182867492,77.9974468723,77.9974468723,84.2042867715
3003,1,0,positive,0.216323981558,-0.107491405958,0.0539479833245,216.323981558,-107.491405958,53.9479833245,78.2316093207,78.2316093207,84.8339833468
3004,0,0,positive,0.216529319194,-0.107491405958,0.0544569348507,216.529319194,-107.491405958,54.4569348507,78.4369469564,78.4369469564,85.342934873
3004,1,0,positive,0.216720121324,-0.107491405958,0.0549104461455,216.720121324,-107.491405958,54.9104461455,78.6277490868,78.6277490868,85.7964461678
3005,0,0,positive,0.216720121324,-0.107491405958,0.0549104461455,216.720121324,-107.491405958,54.9104461455,78.6277490868,78.6277490868,85.7964461678
3005,1,0,positive,0.217222661514,-0.107491405958,0.0560316697841,217.222661514,-107.491405958,56.0316697841,79.1302892768,79.1302892768,86.9176698063
3006,0,0,positive,0.217501056063,-0.107491405958,0.0567048582151,217.501056063,-107.491405958,56.7048582151,79.4086838257,79.4086838257,87.5908582374
3006,1,0,positive,0.217222661514,-0.107491405958,0.0560316697841,217.222661514,-107.491405958,56.0316697841,79.1302892768,79.1302892768,86.9176698063
3007,0,0,positive,0.216323981558,-0.107491405958,0.0539479833245,216.323981558,-107.491405958,53.9479833245,78.2316093207,78.2316093207,84.8339833468
3007,1,0,positive,0.216529319194,-0.107491405958,0.0544569348507,216.529319194,-107.491405958,54.4569348507,78.4369469564,78.4369469564,85.342934873
3008,0,0,positive,0.21157850457,-0.107491405958,0.0529640941199,211.57850457,-107.491405958,52.9640941199,73.4861323332,73.4861323332,83.8500941422
3008,1,0,positive,0.211091367776,-0.107491405958,0.0518920631474,211.091367776,-107.491405958,51.8920631474,72.9989955392,72.9989955392,82.7780631697
3009,0,0,positive,0.21157850457,-0.107491405958,0.0529640941199,211.57850457,-107.491405958,52.9640941199,73.4861323332,73.4861323332,83.8500941422
3009,1,0,positive,0.211851668578,-0.107491405958,0.0537721572054,211.851668578,-107.491405958,53.7721572054,73.7592963406,73.7592963406,84.6581572277
3010,0,0,positive,0.211965992024,-0.107491405958,0.0539997507541,211.965992024,-107.491405958,53.9997507541,73.8736197866,73.8736197866,84.8857507764
3010,1,0,positive,0.211851668578,-0.107491405958,0.0537721572054,211.851668578,-107.491405958,53.7721572054,73.7592963406,73.7592963406,84.6581572277
3011,0,0,positive,0.21094045164,-0.107491405958,0.0516023821742,210.94045164,-107.491405958,51.6023821742,72.8480794029,72.8480794029,82.4883821965
3011,1,0,positive,0.211091367776,-0.107491405958,0.0518920631474,211.091367776,-107.491405958,51.8920631474,72.9989955392,72.9989955392,82.7780631697
3012,0,0,positive,0.235080811219,-0.107491405958,0.123542354044,235.080811219,-107.491405958,123.542354044,96.9884389818,96.9884389818,154.428354066
3012,1,0,positive,0.234905319498,-0.107491405958,0.123093391037,234.905319498,-107.491405958,123.093391037,96.812947261,96.812947261,153.97939106
3013,0,0,positive,0.23473026428,-0.107491405958,0.122665358179,234.73026428,-107.491405958,122.665358179,96.6378920432,96.6378920432,153.551358201
3013,1,0,positive,0.234844855494,-0.107491405958,0.122898167731,234.844855494,-107.491405958,122.898167731,96.7524832566,96.7524832566,153.784167753
3014,0,0,positive,0.234844855494,-0.107491405958,0.122898167731,234.844855494,-107.491405958,122.898167731,96.7524832566,96.7524832566,153.784167753
3014,1,0,positive,0.234905319498,-0.107491405958,0.123093391037,234.905319498,-107.491405958,123.093391037,96.812947261,96.812947261,153.97939106
3015,0,0,positive,0.23473026428,-0.107491405958,0.122665358179,234.73026428,-107.491405958,122.665358179,96.6378920432,96.6378920432,153.551358201
3015,1,0,positive,0.234594930361,-0.107491405958,0.122425151221,234.594930361,-107.491405958,122.425151221,96.5025581237,96.5025581237,153.311151244
3016,0,0,positive,0.240781850532,-0.107491405958,0.125061107704,240.781850532,-107.491405958,125.061107704,102.689478294,102.689478294,155.947107726
3016,1,0,positive,0.240419946365,-0.107491405958,0.124279102198,240.419946365,-107.491405958,124.279102198,102.327574128,102.327574128,155.16510222
3017,0,0,positive,0.240781850532,-0.107491405958,0.125061107704,240.781850532,-107.491405958,125.061107704,102.689478294,102.689478294,155.947107726
3017,1,0,positive,0.240936459251,-0.107491405958,0.125453659971,240.936459251,-107.491405958,125.453659971,102.844087014,102.844087014,156.339659993
3018,0,0,positive,0.240381660173,-0.107491405958,0.124194959729,240.381660173,-107.491405958,124.194959729,102.289287936,102.289287936,155.080959752
3018,1,0,positive,0.240388397993,-0.107491405958,0.124211607401,240.388397993,-107.491405958,124.211607401,102.296025756,102.296025756,155.097607423
3019,0,0,positive,0.240388397993,-0.107491405958,0.124211607401,240.388397993,-107.491405958,124.211607401,102.296025756,102.296025756,155.097607423
3019,1,0,positive,0.240419946365,-0.107491405958,0.124279102198,240.419946365,-107.491405958,124.279102198,102.327574128,102.327574128,155.16510222
3020,0,0,positive,0.239872068102,-0.107491405958,0.122826096881,239.872068102,-107.491405958,122.826096881,101.779695865,101.779695865,153.712096904
3020,1,0,positive,0.239911887121,-0.107491405958,0.122957479316,239.911887121,-107.491405958,122.957479316,101.819514884,101.819514884,153.843479339
3021,0,0,positive,0.240381660173,-0.107491405958,0.124194959729,240.381660173,-107.491405958,124.194959729,102.289287936,102.289287936,155.080959752
3021,1,0,positive,0.239911887121,-0.107491405958,0.122957479316,239.911887121,-107.491405958,122.957479316,101.819514884,101.819514884,153.843479339
