segment_id,endpoint,angle_deg,side,x_input,y_input,z_input,x_mm,y_mm,z_mm,signed_r_mm,radial_r_mm,z_from_bottom_mm
0,0,300,positive,0.141572620232,-0.113519372309,-0.0302847181059,141.572620232,-113.519372309,-30.2847181059,6.96049599053,6.96049599053,0.601281916431
0,1,300,positive,0.141221196196,-0.112910688023,-0.0303329025902,141.221196196,-112.910688023,-30.3329025902,6.25764791762,6.25764791762,0.553097432107
1,0,300,positive,0.141019564046,-0.112561450894,-0.0303301690056,141.019564046,-112.561450894,-30.3301690056,5.85438361709,5.85438361709,0.555831016699
1,1,300,positive,0.141221196196,-0.112910688023,-0.0303329025902,141.221196196,-112.910688023,-30.3329025902,6.25764791762,6.25764791762,0.553097432107
2,0,300,positive,0.143100465191,-0.116165677403,-0.0252762968366,143.100465191,-116.165677403,-25.2762968366,10.0161859079,10.0161859079,5.60970318568
2,1,300,positive,0.143063056335,-0.116100883364,-0.0252607280191,143.063056335,-116.100883364,-25.2607280191,9.94136819635,9.94136819635,5.62527200317
3,0,300,positive,0.142584173723,-0.11527143435,-0.0251520350792,142.584173723,-115.27143435,-25.1520350792,8.98360297243,8.98360297243,5.73396494307
3,1,300,positive,0.143063056335,-0.116100883364,-0.0252607280191,143.063056335,-116.100883364,-25.2607280191,9.94136819635,9.94136819635,5.62527200317
4,0,300,positive,0.142467726691,-0.115069742173,-0.025149934833,142.467726691,-115.069742173,-25.149934833,8.75070890705,8.75070890705,5.73606518933
4,1,300,positive,0.142164975182,-0.114545361178,-0.0252730861292,142.164975182,-114.545361178,-25.2730861292,8.14520589027,8.14520589027,5.61291389306
5,0,300,positive,0.142467726691,-0.115069742173,-0.025149934833,142.467726691,-115.069742173,-25.149934833,8.75070890705,8.75070890705,5.73606518933
5,1,300,positive,0.142584173723,-0.11527143435,-0.0251520350792,142.584173723,-115.27143435,-25.1520350792,8.98360297243,8.98360297243,5.73396494307
6,0,300,positive,0.142164975182,-0.114545361178,-0.0252730861292,142.164975182,-114.545361178,-25.2730861292,8.14520589027,8.14520589027,5.61291389306
6,1,300,positive,0.141973701859,-0.114214066063,-0.0252839517319,141.973701859,-114.214066063,-25.2839517319,7.76265924277,7.76265924277,5.60204829044
7,0,300,positive,0.141860084687,-0.114017275349,-0.0252182631793,141.860084687,-114.017275349,-25.2182631793,7.53542489863,7.53542489863,5.66773684299
7,1,300,positive,0.141973701859,-0.114214066063,-0.0252839517319,141.973701859,-114.214066063,-25.2839517319,7.76265924277,7.76265924277,5.60204829044
8,0,300,positive,0.141860084687,-0.114017275349,-0.0252182631793,141.860084687,-114.017275349,-25.2182631793,7.53542489863,7.53542489863,5.66773684299
8,1,300,positive,0.141624785001,-0.113609724338,-0.0251234958767,141.624785001,-113.609724338,-25.1234958767,7.06482552786,7.06482552786,5.76250414555
9,0,300,positive,0.14157470802,-0.113522988462,-0.0250871423632,141.57470802,-113.522988462,-25.0871423632,6.96467156497,6.96467156497,5.79885765909
9,1,300,positive,0.141624785001,-0.113609724338,-0.0251234958767,141.624785001,-113.609724338,-25.1234958767,7.06482552786,7.06482552786,5.76250414555
10,0,300,positive,0.140843021498,-0.112255670232,-0.0252771540241,140.843021498,-112.255670232,-25.2771540241,5.50129852231,5.50129852231,5.60884599815
10,1,300,positive,0.14104666857,-0.112608397306,-0.0251671120774,141.04666857,-112.608397306,-25.1671120774,5.90859266494,5.90859266494,5.71888794492
11,0,300,positive,0.141171148151,-0.112824002266,-0.0251136325351,141.171148151,-112.824002266,-25.1136325351,6.15755182804,6.15755182804,5.77236748722
11,1,300,positive,0.14104666857,-0.112608397306,-0.0251671120774,141.04666857,-112.608397306,-25.1671120774,5.90859266494,5.90859266494,5.71888794492
12,0,300,positive,0.14157470802,-0.113522988462,-0.0250871423632,141.57470802,-113.522988462,-25.0871423632,6.96467156497,6.96467156497,5.79885765909
12,1,300,positive,0.141458592819,-0.113321871035,-0.0250839347343,141.458592819,-113.321871035,-25.0839347343,6.73244116338,6.73244116338,5.80206528799
13,0,300,positive,0.141171148151,-0.112824002266,-0.0251136325351,141.171148151,-112.824002266,-25.1136325351,6.15755182804,6.15755182804,5.77236748722
13,1,300,positive,0.141458592819,-0.113321871035,-0.0250839347343,141.458592819,-113.321871035,-25.0839347343,6.73244116338,6.73244116338,5.80206528799
14,0,300,positive,0.140424962411,-0.111531570652,-0.0304567859551,140.424962411,-111.531570652,-30.4567859551,4.66518034778,4.66518034778,0.429214067204
14,1,300,positive,0.140689029419,-0.111988948127,-0.030390634478,140.689029419,-111.988948127,-30.390634478,5.19331436403,5.19331436403,0.495365544292
15,0,300,positive,0.140424962411,-0.111531570652,-0.0304567859551,140.424962411,-111.531570652,-30.4567859551,4.66518034778,4.66518034778,0.429214067204
15,1,300,positive,0.140086655197,-0.110945605369,-0.0304613212697,140.086655197,-110.945605369,-30.4613212697,3.98856592014,3.98856592014,0.424678752574
16,0,300,positive,0.139848605127,-0.110533290554,-0.0304560035115,139.848605127,-110.533290554,-30.4560035115,3.51246578016,3.51246578016,0.429996510761
16,1,300,positive,0.140086655197,-0.110945605369,-0.0304613212697,140.086655197,-110.945605369,-30.4613212697,3.98856592014,3.98856592014,0.424678752574
17,0,300,positive,0.139848605127,-0.110533290554,-0.0304560035115,139.848605127,-110.533290554,-30.4560035115,3.51246578016,3.51246578016,0.429996510761
17,1,300,positive,0.13936286763,-0.109691968529,-0.0304296041044,139.36286763,-109.691968529,-30.4296041044,2.54099078598,2.54099078598,0.456395917872
18,0,300,positive,0.141019564046,-0.112561450894,-0.0303301690056,141.019564046,-112.561450894,-30.3301690056,5.85438361709,5.85438361709,0.555831016699
18,1,300,positive,0.140689029419,-0.111988948127,-0.030390634478,140.689029419,-111.988948127,-30.390634478,5.19331436403,5.19331436403,0.495365544292
19,0,300,positive,0.139214712695,-0.109435356654,-0.0304116160402,139.214712695,-109.435356654,-30.4116160402,2.24468091584,2.24468091584,0.474383982142
19,1,300,positive,0.13936286763,-0.109691968529,-0.0304296041044,139.36286763,-109.691968529,-30.4296041044,2.54099078598,2.54099078598,0.456395917872
20,0,300,positive,0.139134773799,-0.109296898425,-0.030413311755,139.134773799,-109.296898425,-30.413311755,2.08480312356,2.08480312356,0.472688267311
20,1,300,positive,0.139214712695,-0.109435356654,-0.0304116160402,139.214712695,-109.435356654,-30.4116160402,2.24468091584,2.24468091584,0.474383982142
21,0,300,positive,0.138913827147,-0.108914207598,-0.0304218882818,138.913827147,-108.914207598,-30.4218882818,1.64290981971,1.64290981971,0.464111740536
21,1,300,positive,0.139134773799,-0.109296898425,-0.030413311755,139.134773799,-109.296898425,-30.413311755,2.08480312356,2.08480312356,0.472688267311
22,0,300,positive,0.138913827147,-0.108914207598,-0.0304218882818,138.913827147,-108.914207598,-30.4218882818,1.64290981971,1.64290981971,0.464111740536
22,1,300,positive,0.138549437681,-0.10828306653,-0.0304112183504,138.549437681,-108.28306653,-30.4112183504,0.914130888402,0.914130888402,0.474781671926
23,0,300,positive,0.138092372237,-0.107491405958,-0.0303865153224,138.092372237,-107.491405958,-30.3865153224,0,0,0.499484699907
23,1,300,positive,0.138230432534,-0.107730533406,-0.0303967972097,138.230432534,-107.730533406,-30.3967972097,0.27612059311,0.27612059311,0.489202812581
24,0,300,positive,0.138549437681,-0.10828306653,-0.0304112183504,138.549437681,-108.28306653,-30.4112183504,0.914130888402,0.914130888402,0.474781671926
24,1,300,positive,0.138230432534,-0.107730533406,-0.0303967972097,138.230432534,-107.730533406,-30.3967972097,0.27612059311,0.27612059311,0.489202812581
25,0,300,positive,0.140843021498,-0.112255670232,-0.0252771540241,140.843021498,-112.255670232,-25.2771540241,5.50129852231,5.50129852231,5.60884599815
25,1,300,positive,0.140758242742,-0.112108829119,-0.0252513085725,140.758242742,-112.108829119,-25.2513085725,5.33174100974,5.33174100974,5.63469144975
26,0,300,positive,0.140653325981,-0.111927107959,-0.0251925653509,140.653325981,-111.927107959,-25.1925653509,5.12190748809,5.12190748809,5.69343467135
26,1,300,positive,0.140758242742,-0.112108829119,-0.0252513085725,140.758242742,-112.108829119,-25.2513085725,5.33174100974,5.33174100974,5.63469144975
27,0,300,positive,0.140653325981,-0.111927107959,-0.0251925653509,140.653325981,-111.927107959,-25.1925653509,5.12190748809,5.12190748809,5.69343467135
27,1,300,positive,0.140539742117,-0.111730374934,-0.0250170999888,140.539742117,-111.730374934,-25.0170999888,4.8947397589,4.8947397589,5.86890003348
28,0,300,positive,0.140399876711,-0.111488120946,-0.0248799988765,140.399876711,-111.488120946,-24.8799988765,4.61500894822,4.61500894822,6.00600114583
28,1,300,positive,0.140539742117,-0.111730374934,-0.0250170999888,140.539742117,-111.730374934,-25.0170999888,4.8947397589,4.8947397589,5.86890003348
29,0,300,positive,0.140251598388,-0.111231295356,-0.024797877687,140.251598388,-111.231295356,-24.797877687,4.31845230096,4.31845230096,6.08812233527
29,1,300,positive,0.140166497415,-0.111083896147,-0.0247570969489,140.166497415,-111.083896147,-24.7570969489,4.14825035538,4.14825035538,6.12890307341
30,0,300,positive,0.139962595986,-0.110730728512,-0.0247762299235,139.962595986,-110.730728512,-24.7762299235,3.74044749752,3.74044749752,6.10977009879
30,1,300,positive,0.140166497415,-0.111083896147,-0.0247570969489,140.166497415,-111.083896147,-24.7570969489,4.14825035538,4.14825035538,6.12890307341
31,0,300,positive,0.139962595986,-0.110730728512,-0.0247762299235,139.962595986,-110.730728512,-24.7762299235,3.74044749752,3.74044749752,6.10977009879
31,1,300,positive,0.139955991046,-0.110719288421,-0.024775933427,139.955991046,-110.719288421,-24.775933427,3.72723761778,3.72723761778,6.11006659533
32,0,300,positive,0.140251598388,-0.111231295356,-0.024797877687,140.251598388,-111.231295356,-24.797877687,4.31845230096,4.31845230096,6.08812233527
32,1,300,positive,0.140399876711,-0.111488120946,-0.0248799988765,140.399876711,-111.488120946,-24.8799988765,4.61500894822,4.61500894822,6.00600114583
33,0,300,positive,0.139681501508,-0.110243858595,-0.0248051491855,139.681501508,-110.243858595,-24.8051491855,3.17825854156,3.17825854156,6.08085083675
33,1,300,positive,0.139646876899,-0.110183887013,-0.024844728608,139.646876899,-110.183887013,-24.844728608,3.10900932365,3.10900932365,6.04127141433
34,0,300,positive,0.139646876899,-0.110183887013,-0.024844728608,139.646876899,-110.183887013,-24.844728608,3.10900932365,3.10900932365,6.04127141433
34,1,300,positive,0.139550073719,-0.110016218987,-0.02482486102,139.550073719,-110.016218987,-24.82486102,2.91540296375,2.91540296375,6.06113900229
35,0,300,positive,0.139317256023,-0.109612966908,-0.0248290582946,139.317256023,-109.612966908,-24.8290582946,2.44976757096,2.44976757096,6.05694172765
35,1,300,positive,0.139165892444,-0.109350797499,-0.024780560623,139.165892444,-109.350797499,-24.780560623,2.1470404132,2.1470404132,6.10543939932
36,0,300,positive,0.139165892444,-0.109350797499,-0.024780560623,139.165892444,-109.350797499,-24.780560623,2.1470404132,2.1470404132,6.10543939932
36,1,300,positive,0.13893771284,-0.108955578831,-0.0248508122441,138.93771284,-108.955578831,-24.8508122441,1.69068120499,1.69068120499,6.0351877782
37,0,300,positive,0.138883150635,-0.10886107432,-0.0248702066071,138.883150635,-108.86107432,-24.8702066071,1.58155679527,1.58155679527,6.01579341521
37,1,300,positive,0.138661867794,-0.108477801198,-0.0249231683231,138.661867794,-108.477801198,-24.9231683231,1.13899111435,1.13899111435,5.96283169918
38,0,300,positive,0.13855018872,-0.108284367367,-0.0248865259212,138.55018872,-108.284367367,-24.8865259212,0.915632965872,0.915632965872,5.99947410111
38,1,300,positive,0.138661867794,-0.108477801198,-0.0249231683231,138.661867794,-108.477801198,-24.9231683231,1.13899111435,1.13899111435,5.96283169918
39,0,300,positive,0.139681501508,-0.110243858595,-0.0248051491855,139.681501508,-110.243858595,-24.8051491855,3.17825854156,3.17825854156,6.08085083675
39,1,300,positive,0.139955991046,-0.110719288421,-0.024775933427,139.955991046,-110.719288421,-24.775933427,3.72723761778,3.72723761778,6.11006659533
40,0,300,positive,0.139404816975,-0.109764626926,-0.0248674153665,139.404816975,-109.764626926,-24.8674153665,2.62488947547,2.62488947547,6.01858465582
40,1,300,positive,0.139550073719,-0.110016218987,-0.02482486102,139.550073719,-110.016218987,-24.82486102,2.91540296375,2.91540296375,6.06113900229
41,0,300,positive,0.139317256023,-0.109612966908,-0.0248290582946,139.317256023,-109.612966908,-24.8290582946,2.44976757096,2.44976757096,6.05694172765
41,1,300,positive,0.139404816975,-0.109764626926,-0.0248674153665,139.404816975,-109.764626926,-24.8674153665,2.62488947547,2.62488947547,6.01858465582
42,0,300,positive,0.13890013029,-0.108890483946,-0.0248664007938,138.90013029,-108.890483946,-24.8664007938,1.61551610588,1.61551610588,6.01959922854
42,1,300,positive,0.138904437736,-0.108897944661,-0.0248545266112,138.904437736,-108.897944661,-24.8545266112,1.62413099755,1.62413099755,6.0314734111
43,0,300,positive,0.138904437736,-0.108897944661,-0.0248545266112,138.904437736,-108.897944661,-24.8545266112,1.62413099755,1.62413099755,6.0314734111
43,1,300,positive,0.13893771284,-0.108955578831,-0.0248508122441,138.93771284,-108.955578831,-24.8508122441,1.69068120499,1.69068120499,6.0351877782
44,0,300,positive,0.138883150635,-0.10886107432,-0.0248702066071,138.883150635,-108.86107432,-24.8702066071,1.58155679527,1.58155679527,6.01579341521
44,1,300,positive,0.13890013029,-0.108890483946,-0.0248664007938,138.90013029,-108.890483946,-24.8664007938,1.61551610588,1.61551610588,6.01959922854
45,0,300,positive,0.138153584102,-0.107597428019,-0.0247178242308,138.153584102,-107.597428019,-24.7178242308,0.122423730373,0.122423730373,6.1681757915
45,1,300,positive,0.138112211417,-0.107525768426,-0.0246987021802,138.112211417,-107.525768426,-24.6987021802,0.0396783600316,0.0396783600316,6.18729784207
46,0,300,positive,0.138260892341,-0.10778329134,-0.0247570984137,138.260892341,-107.78329134,-24.7570984137,0.337040207903,0.337040207903,6.12890160858
46,1,300,positive,0.138153584102,-0.107597428019,-0.0247178242308,138.153584102,-107.597428019,-24.7178242308,0.122423730373,0.122423730373,6.1681757915
47,0,300,positive,0.138112211417,-0.107525768426,-0.0246987021802,138.112211417,-107.525768426,-24.6987021802,0.0396783600316,0.0396783600316,6.18729784207
47,1,300,positive,0.138092372237,-0.107491405958,-0.0246964624861,138.092372237,-107.491405958,-24.6964624861,0,0,6.18953753617
48,0,300,positive,0.138260892341,-0.10778329134,-0.0247570984137,138.260892341,-107.78329134,-24.7570984137,0.337040207903,0.337040207903,6.12890160858
48,1,300,positive,0.13855018872,-0.108284367367,-0.0248865259212,138.55018872,-108.284367367,-24.8865259212,0.915632965872,0.915632965872,5.99947410111
49,0,300,positive,0.174848169653,-0.171154314555,0.0421882587833,174.848169653,-171.154314555,42.1882587833,73.5115948314,73.5115948314,73.0742588056
49,1,300,positive,0.174972087616,-0.171368946762,0.0426663736477,174.972087616,-171.368946762,42.6663736477,73.759430757,73.759430757,73.55237367
50,0,300,positive,0.175276327621,-0.171895905909,0.0438916896014,175.276327621,-171.895905909,43.8916896014,74.3679107671,74.3679107671,74.7776896237
50,1,300,positive,0.175439219215,-0.172178042426,0.0445073760949,175.439219215,-172.178042426,44.5073760949,74.6936939556,74.6936939556,75.3933761172
51,0,300,positive,0.175276327621,-0.171895905909,0.0438916896014,175.276327621,-171.895905909,43.8916896014,74.3679107671,74.3679107671,74.7776896237
51,1,300,positive,0.174972087616,-0.171368946762,0.0426663736477,174.972087616,-171.368946762,42.6663736477,73.759430757,73.759430757,73.55237367
52,0,300,positive,0.175579744848,-0.172421439962,0.0451868083774,175.579744848,-172.421439962,45.1868083774,74.9747452217,74.9747452217,76.0728083997
52,1,300,positive,0.175634699313,-0.172516623888,0.0454346016046,175.634699313,-172.516623888,45.4346016046,75.0846541516,75.0846541516,76.3206016269
53,0,300,positive,0.175579744848,-0.172421439962,0.0451868083774,175.579744848,-172.421439962,45.1868083774,74.9747452217,74.9747452217,76.0728083997
53,1,300,positive,0.175439219215,-0.172178042426,0.0445073760949,175.439219215,-172.178042426,44.5073760949,74.6936939556,74.6936939556,75.3933761172
54,0,300,positive,0.174881733902,-0.171212449539,0.0491891546181,174.881733902,-171.212449539,49.1891546181,73.5787233293,73.5787233293,80.0751546404
54,1,300,positive,0.174798865481,-0.171068917225,0.0490169401482,174.798865481,-171.068917225,49.0169401482,73.4129864883,73.4129864883,79.9029401705
55,0,300,positive,0.174748026271,-0.170980861129,0.0488997242364,174.748026271,-170.980861129,48.8997242364,73.3113080671,73.3113080671,79.7857242587
55,1,300,positive,0.174625538691,-0.170768706418,0.0486669141389,174.625538691,-170.768706418,48.6669141389,73.0663329082,73.0663329082,79.5529141612
56,0,300,positive,0.174868221011,-0.171189044526,0.0492747187597,174.868221011,-171.189044526,49.2747187597,73.5516975484,73.5516975484,80.160718782
56,1,300,positive,0.174881733902,-0.171212449539,0.0491891546181,174.881733902,-171.212449539,49.1891546181,73.5787233293,73.5787233293,80.0751546404
57,0,300,positive,0.175634699313,-0.172516623888,0.0454346016046,175.634699313,-172.516623888,45.4346016046,75.0846541516,75.0846541516,76.3206016269
57,1,300,positive,0.175859570603,-0.172906112387,0.0464145625539,175.859570603,-172.906112387,46.4145625539,75.5343967317,75.5343967317,77.3005625761
58,0,300,positive,0.175961122538,-0.173082005498,0.0468615075745,175.961122538,-173.082005498,46.8615075745,75.7375006009,75.7375006009,77.7475075968
58,1,300,positive,0.175859570603,-0.172906112387,0.0464145625539,175.859570603,-172.906112387,46.4145625539,75.5343967317,75.5343967317,77.3005625761
59,0,300,positive,0.175961122538,-0.173082005498,0.0468615075745,175.961122538,-173.082005498,46.8615075745,75.7375006009,75.7375006009,77.7475075968
59,1,300,positive,0.176217826824,-0.173526630364,0.0480205420047,176.217826824,-173.526630364,48.0205420047,76.2509091738,76.2509091738,78.906542027
60,0,300,positive,0.176217826824,-0.173526630364,0.0480205420047,176.217826824,-173.526630364,48.0205420047,76.2509091738,76.2509091738,78.906542027
60,1,300,positive,0.17630750819,-0.173681963047,0.0484666670548,176.30750819,-173.681963047,48.4666670548,76.4302719059,76.4302719059,79.3526670771
61,0,300,positive,0.176387013908,-0.173819670989,0.0488325373724,176.387013908,-173.819670989,48.8325373724,76.5892833415,76.5892833415,79.7185373947
61,1,300,positive,0.17630750819,-0.173681963047,0.0484666670548,176.30750819,-173.681963047,48.4666670548,76.4302719059,76.4302719059,79.3526670771
62,0,300,positive,0.174748026271,-0.170980861129,0.0488997242364,174.748026271,-170.980861129,48.8997242364,73.3113080671,73.3113080671,79.7857242587
62,1,300,positive,0.174777909474,-0.171032620355,0.0489460739996,174.777909474,-171.032620355,48.9460739996,73.3710744732,73.3710744732,79.8320740219
63,0,300,positive,0.174777909474,-0.171032620355,0.0489460739996,174.777909474,-171.032620355,48.9460739996,73.3710744732,73.3710744732,79.8320740219
63,1,300,positive,0.174798865481,-0.171068917225,0.0490169401482,174.798865481,-171.068917225,49.0169401482,73.4129864883,73.4129864883,79.9029401705
64,0,300,positive,0.157792714516,-0.141613399711,-0.0160490341158,157.792714516,-141.613399711,-16.0490341158,39.4006845567,39.4006845567,14.8369659065
64,1,300,positive,0.157997648286,-0.141968355413,-0.015569444503,157.997648286,-141.968355413,-15.569444503,39.8105520974,39.8105520974,15.3165555193
65,0,300,positive,0.155331493187,-0.137350439321,-0.0239529521535,155.331493187,-137.350439321,-23.9529521535,34.4782419,34.4782419,6.93304786881
65,1,300,positive,0.155623704327,-0.137856563862,-0.0230355710208,155.623704327,-137.856563862,-23.0355710208,35.0626641797,35.0626641797,7.85042900149
66,0,300,positive,0.15612225543,-0.138720079703,-0.0214939833474,156.12225543,-138.720079703,-21.4939833474,36.0597663864,36.0597663864,9.39201667486
66,1,300,positive,0.156169854646,-0.138802523964,-0.021303547613,156.169854646,-138.802523964,-21.303547613,36.1549648185,36.1549648185,9.58245240925
67,0,300,positive,0.15612225543,-0.138720079703,-0.0214939833474,156.12225543,-138.720079703,-21.4939833474,36.0597663864,36.0597663864,9.39201667486
67,1,300,positive,0.155927626035,-0.138382971701,-0.0221699039292,155.927626035,-138.382971701,-22.1699039292,35.6705075952,35.6705075952,8.7160960931
68,0,300,positive,0.155797823587,-0.138158147267,-0.0225553226768,155.797823587,-138.158147267,-22.5553226768,35.4109026998,35.4109026998,8.33067734549
68,1,300,positive,0.155927626035,-0.138382971701,-0.0221699039292,155.927626035,-138.382971701,-22.1699039292,35.6705075952,35.6705075952,8.7160960931
69,0,300,positive,0.155797823587,-0.138158147267,-0.0225553226768,155.797823587,-138.158147267,-22.5553226768,35.4109026998,35.4109026998,8.33067734549
69,1,300,positive,0.155623704327,-0.137856563862,-0.0230355710208,155.623704327,-137.856563862,-23.0355710208,35.0626641797,35.0626641797,7.85042900149
70,0,300,positive,0.15676929699,-0.139840788559,-0.0194208369014,156.76929699,-139.840788559,-19.4208369014,37.3538495055,37.3538495055,11.4651631208
70,1,300,positive,0.156939152886,-0.140134987601,-0.0188381232062,156.939152886,-140.134987601,-18.8381232062,37.6935612973,37.6935612973,12.0478768161
71,0,300,positive,0.15676929699,-0.139840788559,-0.0194208369014,156.76929699,-139.840788559,-19.4208369014,37.3538495055,37.3538495055,11.4651631208
71,1,300,positive,0.156416534072,-0.139229785262,-0.0205748866068,156.416534072,-139.229785262,-20.5748866068,36.6483236694,36.6483236694,10.3111134155
72,0,300,positive,0.157017217425,-0.140270199349,-0.0185905773993,157.017217425,-140.270199349,-18.5905773993,37.8496903761,37.8496903761,12.2954226229
72,1,300,positive,0.156939152886,-0.140134987601,-0.0188381232062,156.939152886,-140.134987601,-18.8381232062,37.6935612973,37.6935612973,12.0478768161
73,0,300,positive,0.157157474417,-0.140513131585,-0.0180455538122,157.157474417,-140.513131585,-18.0455538122,38.1302043599,38.1302043599,12.8404462101
73,1,300,positive,0.157017217425,-0.140270199349,-0.0185905773993,157.017217425,-140.270199349,-18.5905773993,37.8496903761,37.8496903761,12.2954226229
74,0,300,positive,0.157157474417,-0.140513131585,-0.0180455538122,157.157474417,-140.513131585,-18.0455538122,38.1302043599,38.1302043599,12.8404462101
74,1,300,positive,0.15717642609,-0.140545956845,-0.017945469502,157.17642609,-140.545956845,-17.945469502,38.168107705,38.168107705,12.9405305203
75,0,300,positive,0.157382360777,-0.140902646187,-0.0169509099598,157.382360777,-140.902646187,-16.9509099598,38.5799770801,38.5799770801,13.9350900625
75,1,300,positive,0.157433577867,-0.140991356789,-0.016827420792,157.433577867,-140.991356789,-16.827420792,38.6824112598,38.6824112598,14.0585792303
76,0,300,positive,0.157327946548,-0.140808397978,-0.0171346164994,157.327946548,-140.808397978,-17.1346164994,38.4711486221,38.4711486221,13.7513835229
76,1,300,positive,0.15717642609,-0.140545956845,-0.017945469502,157.17642609,-140.545956845,-17.945469502,38.168107705,38.168107705,12.9405305203
77,0,300,positive,0.157433577867,-0.140991356789,-0.016827420792,157.433577867,-140.991356789,-16.827420792,38.6824112598,38.6824112598,14.0585792303
77,1,300,positive,0.157562473908,-0.14121461128,-0.0165886978742,157.562473908,-141.21461128,-16.5886978742,38.9402033409,38.9402033409,14.2973021481
78,0,300,positive,0.157382360777,-0.140902646187,-0.0169509099598,157.382360777,-140.902646187,-16.9509099598,38.5799770801,38.5799770801,13.9350900625
78,1,300,positive,0.157327946548,-0.140808397978,-0.0171346164994,157.327946548,-140.808397978,-17.1346164994,38.4711486221,38.4711486221,13.7513835229
79,0,300,positive,0.157792714516,-0.141613399711,-0.0160490341158,157.792714516,-141.613399711,-16.0490341158,39.4006845567,39.4006845567,14.8369659065
79,1,300,positive,0.157562473908,-0.14121461128,-0.0165886978742,157.562473908,-141.21461128,-16.5886978742,38.9402033409,38.9402033409,14.2973021481
80,0,300,positive,0.156254549639,-0.138949219994,-0.0210645771555,156.254549639,-138.949219994,-21.0645771555,36.3243548031,36.3243548031,9.82142286679
80,1,300,positive,0.156416534072,-0.139229785262,-0.0205748866068,156.416534072,-139.229785262,-20.5748866068,36.6483236694,36.6483236694,10.3111134155
81,0,300,positive,0.156191777482,-0.138840495428,-0.0212531955484,156.191777482,-138.840495428,-21.2531955484,36.1988104892,36.1988104892,9.6328044739
81,1,300,positive,0.156254549639,-0.138949219994,-0.0210645771555,156.254549639,-138.949219994,-21.0645771555,36.3243548031,36.3243548031,9.82142286679
82,0,300,positive,0.156169854646,-0.138802523964,-0.021303547613,156.169854646,-138.802523964,-21.303547613,36.1549648185,36.1549648185,9.58245240925
82,1,300,positive,0.156191777482,-0.138840495428,-0.0212531955484,156.191777482,-138.840495428,-21.2531955484,36.1988104892,36.1988104892,9.6328044739
83,0,300,positive,0.155168643394,-0.137068375206,-0.0152085194873,155.168643394,-137.068375206,-15.2085194873,34.1525423144,34.1525423144,15.6774805349
83,1,300,positive,0.155060404126,-0.136880899294,-0.0154191912469,155.060404126,-136.880899294,-15.4191912469,33.9360637779,33.9360637779,15.4668087754
84,0,300,positive,0.155168643394,-0.137068375206,-0.0152085194873,155.168643394,-137.068375206,-15.2085194873,34.1525423144,34.1525423144,15.6774805349
84,1,300,positive,0.15526098961,-0.137228323544,-0.0149826621946,155.26098961,-137.228323544,-14.9826621946,34.3372347461,34.3372347461,15.9033378276
85,0,300,positive,0.155308172957,-0.137310047498,-0.0147729979773,155.308172957,-137.310047498,-14.7729979773,34.4316014403,34.4316014403,16.113002045
85,1,300,positive,0.15526098961,-0.137228323544,-0.0149826621946,155.26098961,-137.228323544,-14.9826621946,34.3372347461,34.3372347461,15.9033378276
86,0,300,positive,0.155001534684,-0.13677893443,-0.0154811523222,155.001534684,-136.77893443,-15.4811523222,33.818324894,33.818324894,15.4048477001
86,1,300,positive,0.15492149073,-0.136640294234,-0.0155447788634,154.92149073,-136.640294234,-15.5447788634,33.6582369853,33.6582369853,15.3412211589
87,0,300,positive,0.155001534684,-0.13677893443,-0.0154811523222,155.001534684,-136.77893443,-15.4811523222,33.818324894,33.818324894,15.4048477001
87,1,300,positive,0.155060404126,-0.136880899294,-0.0154191912469,155.060404126,-136.880899294,-15.4191912469,33.9360637779,33.9360637779,15.4668087754
88,0,300,positive,0.155308172957,-0.137310047498,-0.0147729979773,155.308172957,-137.310047498,-14.7729979773,34.4316014403,34.4316014403,16.113002045
88,1,300,positive,0.155487694489,-0.137620987911,-0.0141256989358,155.487694489,-137.620987911,-14.1256989358,34.7906445026,34.7906445026,16.7603010865
89,0,300,positive,0.154383127776,-0.135707822245,-0.0268584200727,154.383127776,-135.707822245,-26.8584200727,32.5815110774,32.5815110774,4.02757994955
89,1,300,positive,0.154342005126,-0.135636595726,-0.0269730191339,154.342005126,-135.636595726,-26.9730191339,32.4992657783,32.4992657783,3.91298088838
90,0,300,positive,0.154478310379,-0.135872683349,-0.0265256209102,154.478310379,-135.872683349,-26.5256209102,32.7718762828,32.7718762828,4.36037911205
90,1,300,positive,0.154771869916,-0.136381143383,-0.0257097369598,154.771869916,-136.381143383,-25.7097369598,33.3589953585,33.3589953585,5.17626306253
91,0,300,positive,0.154383127776,-0.135707822245,-0.0268584200727,154.383127776,-135.707822245,-26.8584200727,32.5815110774,32.5815110774,4.02757994955
91,1,300,positive,0.154478310379,-0.135872683349,-0.0265256209102,154.478310379,-135.872683349,-26.5256209102,32.7718762828,32.7718762828,4.36037911205
92,0,300,positive,0.154881130766,-0.136570388726,-0.0254141183967,154.881130766,-136.570388726,-25.4141183967,33.5775170578,33.5775170578,5.47188162555
92,1,300,positive,0.154771869916,-0.136381143383,-0.0257097369598,154.771869916,-136.381143383,-25.7097369598,33.3589953585,33.3589953585,5.17626306253
93,0,300,positive,0.155012363677,-0.136797690796,-0.024989039814,155.012363677,-136.797690796,-24.989039814,33.8399828802,33.8399828802,5.89696020827
93,1,300,positive,0.154881130766,-0.136570388726,-0.0254141183967,154.881130766,-136.570388726,-25.4141183967,33.5775170578,33.5775170578,5.47188162555
94,0,300,positive,0.154036551026,-0.135107533705,-0.0276230686706,154.036551026,-135.107533705,-27.6230686706,31.8883575779,31.8883575779,3.26293135171
94,1,300,positive,0.15384802002,-0.134780988424,-0.0281108706714,153.84802002,-134.780988424,-28.1108706714,31.5112955659,31.5112955659,2.77512935088
95,0,300,positive,0.153845872224,-0.134777268333,-0.028117445976,153.845872224,-134.777268333,-28.117445976,31.5069999742,31.5069999742,2.76855404628
95,1,300,positive,0.153720355529,-0.13455986704,-0.0284890263303,153.720355529,-134.55986704,-28.4890263303,31.2559665844,31.2559665844,2.39697369199
96,0,300,positive,0.153437624727,-0.134070162925,-0.0291237616943,153.437624727,-134.070162925,-29.1237616943,30.690504979,30.690504979,1.76223832802
96,1,300,positive,0.153720355529,-0.13455986704,-0.0284890263303,153.720355529,-134.55986704,-28.4890263303,31.2559665844,31.2559665844,2.39697369199
97,0,300,positive,0.153437624727,-0.134070162925,-0.0291237616943,153.437624727,-134.070162925,-29.1237616943,30.690504979,30.690504979,1.76223832802
97,1,300,positive,0.153356774504,-0.133930126231,-0.0293002909357,153.356774504,-133.930126231,-29.3002909357,30.5288045337,30.5288045337,1.58570908657
98,0,300,positive,0.154036551026,-0.135107533705,-0.0276230686706,154.036551026,-135.107533705,-27.6230686706,31.8883575779,31.8883575779,3.26293135171
98,1,300,positive,0.154342005126,-0.135636595726,-0.0269730191339,154.342005126,-135.636595726,-26.9730191339,32.4992657783,32.4992657783,3.91298088838
99,0,300,positive,0.151898900077,-0.131405013652,-0.0301431828524,151.898900077,-131.405013652,-30.1431828524,27.6130556794,27.6130556794,0.74281716988
99,1,300,positive,0.151471782456,-0.130665224232,-0.0302074285809,151.471782456,-130.665224232,-30.2074285809,26.7588204372,26.7588204372,0.678571441409
100,0,300,positive,0.155012363677,-0.136797690796,-0.024989039814,155.012363677,-136.797690796,-24.989039814,33.8399828802,33.8399828802,5.89696020827
100,1,300,positive,0.155221444514,-0.137159829428,-0.0242818650683,155.221444514,-137.159829428,-24.2818650683,34.2581445539,34.2581445539,6.60413495396
101,0,300,positive,0.155331493187,-0.137350439321,-0.0239529521535,155.331493187,-137.350439321,-23.9529521535,34.4782419,34.4782419,6.93304786881
101,1,300,positive,0.155221444514,-0.137159829428,-0.0242818650683,155.221444514,-137.159829428,-24.2818650683,34.2581445539,34.2581445539,6.60413495396
102,0,300,positive,0.154832094961,-0.136485456221,-0.0157005687857,154.832094961,-136.485456221,-15.7005687857,33.4794454485,33.4794454485,15.1854312366
102,1,300,positive,0.15492149073,-0.136640294234,-0.0155447788634,154.92149073,-136.640294234,-15.5447788634,33.6582369853,33.6582369853,15.3412211589
103,0,300,positive,0.154545090763,-0.135988350368,-0.0162000609443,154.545090763,-135.988350368,-16.2000609443,32.905437052,32.905437052,14.685939078
103,1,300,positive,0.154503475963,-0.135916271419,-0.0162665509889,154.503475963,-135.916271419,-16.2665509889,32.822207451,32.822207451,14.6194490333
104,0,300,positive,0.154676038472,-0.136215158453,-0.0159522079054,154.676038472,-136.215158453,-15.9522079054,33.1673324704,33.1673324704,14.9337921169
104,1,300,positive,0.154545090763,-0.135988350368,-0.0162000609443,154.545090763,-135.988350368,-16.2000609443,32.905437052,32.905437052,14.685939078
105,0,300,positive,0.154363485504,-0.135673800832,-0.0166040871657,154.363485504,-135.673800832,-16.6040871657,32.5422265335,32.5422265335,14.2819128565
105,1,300,positive,0.154503475963,-0.135916271419,-0.0162665509889,154.503475963,-135.916271419,-16.2665509889,32.822207451,32.822207451,14.6194490333
106,0,300,positive,0.154676038472,-0.136215158453,-0.0159522079054,154.676038472,-136.215158453,-15.9522079054,33.1673324704,33.1673324704,14.9337921169
106,1,300,positive,0.154832094961,-0.136485456221,-0.0157005687857,154.832094961,-136.485456221,-15.7005687857,33.4794454485,33.4794454485,15.1854312366
107,0,300,positive,0.153039725951,-0.133380982029,-0.0206138097013,153.039725951,-133.380982029,-20.6138097013,29.8947074278,29.8947074278,10.272190321
107,1,300,positive,0.153174196959,-0.133613892648,-0.0202471205353,153.174196959,-133.613892648,-20.2471205353,30.1636494446,30.1636494446,10.638879487
108,0,300,positive,0.151846999454,-0.131315119136,-0.0241588822454,151.846999454,-131.315119136,-24.1588822454,27.5092544328,27.5092544328,6.72711777694
108,1,300,positive,0.151879910642,-0.131372122986,-0.0240856537988,151.879910642,-131.372122986,-24.0856537988,27.5750768091,27.5750768091,6.80034622345
109,0,300,positive,0.152402303863,-0.132276934586,-0.0228320908899,152.402303863,-132.276934586,-22.8320908899,28.6198632509,28.6198632509,8.05390913235
109,1,300,positive,0.152761021379,-0.132898251551,-0.0216582810261,152.761021379,-132.898251551,-21.6582810261,29.3372982843,29.3372982843,9.22771899619
110,0,300,positive,0.153039725951,-0.133380982029,-0.0206138097013,153.039725951,-133.380982029,-20.6138097013,29.8947074278,29.8947074278,10.272190321
110,1,300,positive,0.152923037629,-0.133178871926,-0.0210618869384,152.923037629,-133.178871926,-21.0618869384,29.6613307826,29.6613307826,9.82411308386
111,0,300,positive,0.152761021379,-0.132898251551,-0.0216582810261,152.761021379,-132.898251551,-21.6582810261,29.3372982843,29.3372982843,9.22771899619
111,1,300,positive,0.152923037629,-0.133178871926,-0.0210618869384,152.923037629,-133.178871926,-21.0618869384,29.6613307826,29.6613307826,9.82411308386
112,0,300,positive,0.151777163533,-0.131194159774,-0.0242784220153,151.777163533,-131.194159774,-24.2784220153,27.3695825925,27.3695825925,6.60757800699
112,1,300,positive,0.151846999454,-0.131315119136,-0.0241588822454,151.846999454,-131.315119136,-24.1588822454,27.5092544328,27.5092544328,6.72711777694
113,0,300,positive,0.165691390396,-0.155294307648,0.0105219351764,165.691390396,-155.294307648,10.5219351764,55.1980363175,55.1980363175,41.4079351987
113,1,300,positive,0.165726681151,-0.155355433028,0.0106216708768,165.726681151,-155.355433028,10.6216708768,55.268617827,55.268617827,41.5076708991
114,0,300,positive,0.165726681151,-0.155355433028,0.0106216708768,165.726681151,-155.355433028,10.6216708768,55.268617827,55.268617827,41.5076708991
114,1,300,positive,0.165773267881,-0.155436123613,0.0107955212011,165.773267881,-155.436123613,10.7955212011,55.3617912882,55.3617912882,41.6815212233
115,0,300,positive,0.165773267881,-0.155436123613,0.0107955212011,165.773267881,-155.436123613,10.7955212011,55.3617912882,55.3617912882,41.6815212233
115,1,300,positive,0.165864910197,-0.15559485276,0.0110952136255,165.864910197,-155.59485276,11.0952136255,55.54507592,55.54507592,41.9812136478
116,0,300,positive,0.166389956935,-0.156504260386,0.0129451041222,166.389956935,-156.504260386,12.9451041222,56.5951693955,56.5951693955,43.8311041445
116,1,300,positive,0.166363856897,-0.156459053794,0.0128654762291,166.363856897,-156.459053794,12.8654762291,56.5429693199,56.5429693199,43.7514762514
117,0,300,positive,0.165283107837,-0.154587141513,0.0090058351277,165.283107837,-154.587141513,9.0058351277,54.3814712002,54.3814712002,39.89183515
117,1,300,positive,0.165215857527,-0.154470660558,0.00877293219166,165.215857527,-154.470660558,8.77293219166,54.246970579,54.246970579,39.658932214
118,0,300,positive,0.165307620159,-0.1546295981,0.00908634325177,165.307620159,-154.6295981,9.08634325177,54.4304958442,54.4304958442,39.9723432741
118,1,300,positive,0.165583917157,-0.155108158537,0.0101451768983,165.583917157,-155.108158537,10.1451768983,54.9830898388,54.9830898388,41.0311769206
119,0,300,positive,0.165691390396,-0.155294307648,0.0105219351764,165.691390396,-155.294307648,10.5219351764,55.1980363175,55.1980363175,41.4079351987
119,1,300,positive,0.165583917157,-0.155108158537,0.0101451768983,165.583917157,-155.108158537,10.1451768983,54.9830898388,54.9830898388,41.0311769206
120,0,300,positive,0.165307620159,-0.1546295981,0.00908634325177,165.307620159,-154.6295981,9.08634325177,54.4304958442,54.4304958442,39.9723432741
120,1,300,positive,0.165283107837,-0.154587141513,0.0090058351277,165.283107837,-154.587141513,9.0058351277,54.3814712002,54.3814712002,39.89183515
121,0,300,positive,0.165990263064,-0.155811970294,0.0115435707598,165.990263064,-155.811970294,11.5435707598,55.7957816533,55.7957816533,42.4295707821
121,1,300,positive,0.165864910197,-0.15559485276,0.0110952136255,165.864910197,-155.59485276,11.0952136255,55.54507592,55.54507592,41.9812136478
122,0,300,positive,0.165990263064,-0.155811970294,0.0115435707598,165.990263064,-155.811970294,11.5435707598,55.7957816533,55.7957816533,42.4295707821
122,1,300,positive,0.166341883482,-0.156420994722,0.0127893321957,166.341883482,-156.420994722,12.7893321957,56.4990224888,56.4990224888,43.675332218
123,0,300,positive,0.16635715286,-0.156447442062,0.0128377029612,166.35715286,-156.447442062,12.8377029612,56.5295612462,56.5295612462,43.7237029835
123,1,300,positive,0.166341883482,-0.156420994722,0.0127893321957,166.341883482,-156.420994722,12.7893321957,56.4990224888,56.4990224888,43.675332218
124,0,300,positive,0.166363856897,-0.156459053794,0.0128654762291,166.363856897,-156.459053794,12.8654762291,56.5429693199,56.5429693199,43.7514762514
124,1,300,positive,0.16635715286,-0.156447442062,0.0128377029612,166.35715286,-156.447442062,12.8377029612,56.5295612462,56.5295612462,43.7237029835
125,0,300,positive,0.165325282866,-0.154660190806,0.0167925422752,165.325282866,-154.660190806,16.7925422752,54.4658212585,54.4658212585,47.6785422975
125,1,300,positive,0.165129739689,-0.154321500087,0.0160736295285,165.129739689,-154.321500087,16.0736295285,54.0747349035,54.0747349035,46.9596295508
126,0,300,positive,0.165460575501,-0.154894524523,0.0174791813835,165.460575501,-154.894524523,17.4791813835,54.7364065281,54.7364065281,48.3651814058
126,1,300,positive,0.165325282866,-0.154660190806,0.0167925422752,165.325282866,-154.660190806,16.7925422752,54.4658212585,54.4658212585,47.6785422975
127,0,300,positive,0.168813455248,-0.160701882596,0.0220408439271,168.813455248,-160.701882596,22.0408439271,61.4421660209,61.4421660209,52.9268439494
127,1,300,positive,0.169121299539,-0.161235084549,0.0228960934569,169.121299539,-161.235084549,22.8960934569,62.0578546037,62.0578546037,53.7820934792
128,0,300,positive,0.168813455248,-0.160701882596,0.0220408439271,168.813455248,-160.701882596,22.0408439271,61.4421660209,61.4421660209,52.9268439494
128,1,300,positive,0.168610687483,-0.160350678524,0.0214950696787,168.610687483,-160.350678524,21.4950696787,61.0366304906,61.0366304906,52.381069701
129,0,300,positive,0.168131853863,-0.159521314367,0.0198604221471,168.131853863,-159.521314367,19.8604221471,60.0789632515,60.0789632515,50.7464221694
129,1,300,positive,0.168270438978,-0.159761350827,0.0203601826728,168.270438978,-159.761350827,20.3601826728,60.3561334812,60.3561334812,51.246182695
130,0,300,positive,0.167745488699,-0.158852110273,0.0183627766131,167.745488699,-158.852110273,18.3627766131,59.3062329241,59.3062329241,49.2487766354
130,1,300,positive,0.167878779941,-0.159082977476,0.018933930061,167.878779941,-159.082977476,18.933930061,59.5728154076,59.5728154076,49.8199300833
131,0,300,positive,0.167745488699,-0.158852110273,0.0183627766131,167.745488699,-158.852110273,18.3627766131,59.3062329241,59.3062329241,49.2487766354
131,1,300,positive,0.16754540445,-0.158505554188,0.0175614567911,167.54540445,-158.505554188,17.5614567911,58.9060644265,58.9060644265,48.4474568133
132,0,300,positive,0.168131853863,-0.159521314367,0.0198604221471,168.131853863,-159.521314367,19.8604221471,60.0789632515,60.0789632515,50.7464221694
132,1,300,positive,0.167878779941,-0.159082977476,0.018933930061,167.878779941,-159.082977476,18.933930061,59.5728154076,59.5728154076,49.8199300833
133,0,300,positive,0.168270438978,-0.159761350827,0.0203601826728,168.270438978,-159.761350827,20.3601826728,60.3561334812,60.3561334812,51.246182695
133,1,300,positive,0.168370320888,-0.159934351371,0.0206849678161,168.370320888,-159.934351371,20.6849678161,60.5558973025,60.5558973025,51.5709678384
134,0,300,positive,0.168610687483,-0.160350678524,0.0214950696787,168.610687483,-160.350678524,21.4950696787,61.0366304906,61.0366304906,52.381069701
134,1,300,positive,0.168370320888,-0.159934351371,0.0206849678161,168.370320888,-159.934351371,20.6849678161,60.5558973025,60.5558973025,51.5709678384
135,0,300,positive,0.166849570969,-0.157300335244,0.0147143271435,166.849570969,-157.300335244,14.7143271435,57.5143974631,57.5143974631,45.6003271658
135,1,300,positive,0.166884697603,-0.157361176359,0.0148471315439,166.884697603,-157.361176359,14.8471315439,57.5846507313,57.5846507313,45.7331315662
136,0,300,positive,0.166884697603,-0.157361176359,0.0148471315439,166.884697603,-157.361176359,14.8471315439,57.5846507313,57.5846507313,45.7331315662
136,1,300,positive,0.166957974584,-0.157488095813,0.0151449315239,166.957974584,-157.488095813,15.1449315239,57.731204693,57.731204693,46.0309315462
137,0,300,positive,0.166833610556,-0.157272690999,0.0146468964312,166.833610556,-157.272690999,14.6468964312,57.482476638,57.482476638,45.5328964534
137,1,300,positive,0.166589342355,-0.156849606063,0.0135976585525,166.589342355,-156.849606063,13.5976585525,56.9939402352,56.9939402352,44.4836585748
138,0,300,positive,0.166833610556,-0.157272690999,0.0146468964312,166.833610556,-157.272690999,14.6468964312,57.482476638,57.482476638,45.5328964534
138,1,300,positive,0.166849570969,-0.157300335244,0.0147143271435,166.849570969,-157.300335244,14.7143271435,57.5143974631,57.5143974631,45.6003271658
139,0,300,positive,0.166389956935,-0.156504260386,0.0129451041222,166.389956935,-156.504260386,12.9451041222,56.5951693955,56.5951693955,43.8311041445
139,1,300,positive,0.166589342355,-0.156849606063,0.0135976585525,166.589342355,-156.849606063,13.5976585525,56.9939402352,56.9939402352,44.4836585748
140,0,300,positive,0.167243837965,-0.157983225714,0.0162918634128,167.243837965,-157.983225714,16.2918634128,58.3029314555,58.3029314555,47.1778634351
140,1,300,positive,0.166957974584,-0.157488095813,0.0151449315239,166.957974584,-157.488095813,15.1449315239,57.731204693,57.731204693,46.0309315462
141,0,300,positive,0.167243837965,-0.157983225714,0.0162918634128,167.243837965,-157.983225714,16.2918634128,58.3029314555,58.3029314555,47.1778634351
141,1,300,positive,0.167531902236,-0.158482167666,0.0174919973716,167.531902236,-158.482167666,17.4919973716,58.8790599971,58.8790599971,48.3779973939
142,0,300,positive,0.16754540445,-0.158505554188,0.0175614567911,167.54540445,-158.505554188,17.5614567911,58.9060644265,58.9060644265,48.4474568133
142,1,300,positive,0.167531902236,-0.158482167666,0.0174919973716,167.531902236,-158.482167666,17.4919973716,58.8790599971,58.8790599971,48.3779973939
143,0,300,positive,0.164918207255,-0.153955115164,0.0153250627458,164.918207255,-153.955115164,15.3250627458,53.6516700353,53.6516700353,46.2110627681
143,1,300,positive,0.165129739689,-0.154321500087,0.0160736295285,165.129739689,-154.321500087,16.0736295285,54.0747349035,54.0747349035,46.9596295508
144,0,300,positive,0.165460575501,-0.154894524523,0.0174791813835,165.460575501,-154.894524523,17.4791813835,54.7364065281,54.7364065281,48.3651814058
144,1,300,positive,0.165588444715,-0.155116000498,0.0180289019824,165.588444715,-155.116000498,18.0289019824,54.9921449554,54.9921449554,48.9149020047
145,0,300,positive,0.166435173647,-0.156582578028,0.020077233199,166.435173647,-156.582578028,20.077233199,56.6856028192,56.6856028192,50.9632332213
145,1,300,positive,0.166447966012,-0.156604735055,0.0203063671183,166.447966012,-156.604735055,20.3063671183,56.7111875501,56.7111875501,51.1923671405
146,0,300,positive,0.166435173647,-0.156582578028,0.020077233199,166.435173647,-156.582578028,20.077233199,56.6856028192,56.6856028192,50.9632332213
146,1,300,positive,0.166382768688,-0.156491809977,0.0200008268847,166.382768688,-156.491809977,20.0008268847,56.5807929016,56.5807929016,50.886826907
147,0,300,positive,0.166255623641,-0.156271588295,0.0199062339426,166.255623641,-156.271588295,19.9062339426,56.3265028073,56.3265028073,50.7922339649
147,1,300,positive,0.166382768688,-0.156491809977,0.0200008268847,166.382768688,-156.491809977,20.0008268847,56.5807929016,56.5807929016,50.886826907
148,0,300,positive,0.166775784989,-0.157172534179,0.0222825401507,166.775784989,-157.172534179,22.2825401507,57.3668255036,57.3668255036,53.168540173
148,1,300,positive,0.166775129049,-0.157171398056,0.0222804189648,166.775129049,-157.171398056,22.2804189648,57.3655136228,57.3655136228,53.1664189871
149,0,300,positive,0.166777723888,-0.15717589245,0.0222875231746,166.777723888,-157.17589245,22.2875231746,57.370703302,57.370703302,53.1735231969
149,1,300,positive,0.166775784989,-0.157172534179,0.0222825401507,166.775784989,-157.172534179,22.2825401507,57.3668255036,57.3668255036,53.168540173
150,0,300,positive,0.166458102978,-0.156622292795,0.0205207659045,166.458102978,-156.622292795,20.5207659045,56.7314614813,56.7314614813,51.4067659268
150,1,300,positive,0.166447966012,-0.156604735055,0.0203063671183,166.447966012,-156.604735055,20.3063671183,56.7111875501,56.7111875501,51.1923671405
151,0,300,positive,0.166458102978,-0.156622292795,0.0205207659045,166.458102978,-156.622292795,20.5207659045,56.7314614813,56.7314614813,51.4067659268
151,1,300,positive,0.16645806067,-0.156622219515,0.0210262734757,166.45806067,-156.622219515,21.0262734757,56.7313768655,56.7313768655,51.912273498
152,0,300,positive,0.166470849452,-0.156644370335,0.0210780937635,166.470849452,-156.644370335,21.0780937635,56.7569544295,56.7569544295,51.9640937858
152,1,300,positive,0.16645806067,-0.156622219515,0.0210262734757,166.45806067,-156.622219515,21.0262734757,56.7313768655,56.7313768655,51.912273498
153,0,300,positive,0.166596545924,-0.156862083012,0.0216026070929,166.596545924,-156.862083012,21.6026070929,57.0083473739,57.0083473739,52.4886071152
153,1,300,positive,0.166470849452,-0.156644370335,0.0210780937635,166.470849452,-156.644370335,21.0780937635,56.7569544295,56.7569544295,51.9640937858
154,0,300,positive,0.166775129049,-0.157171398056,0.0222804189648,166.775129049,-157.171398056,22.2804189648,57.3655136228,57.3655136228,53.1664189871
154,1,300,positive,0.166774872378,-0.15717095349,0.0222797546942,166.774872378,-157.17095349,22.2797546942,57.3650002822,57.3650002822,53.1657547165
155,0,300,positive,0.166774872378,-0.15717095349,0.0222797546942,166.774872378,-157.17095349,22.2797546942,57.3650002822,57.3650002822,53.1657547165
155,1,300,positive,0.166714406567,-0.157066223634,0.0220510724119,166.714406567,-157.066223634,22.0510724119,57.2440686604,57.2440686604,52.9370724342
156,0,300,positive,0.166777723888,-0.15717589245,0.0222875231746,166.777723888,-157.17589245,22.2875231746,57.370703302,57.370703302,53.1735231969
156,1,300,positive,0.166962048968,-0.157495152853,0.0227533669362,166.962048968,-157.495152853,22.7533669362,57.7393534612,57.7393534612,53.6393669585
157,0,300,positive,0.166603441806,-0.15687402703,0.0216279610585,166.603441806,-156.87402703,21.6279610585,57.0221391386,57.0221391386,52.5139610808
157,1,300,positive,0.166603760924,-0.156874579758,0.0216311632821,166.603760924,-156.874579758,21.6311632821,57.0227773734,57.0227773734,52.5171633044
158,0,300,positive,0.166596545924,-0.156862083012,0.0216026070929,166.596545924,-156.862083012,21.6026070929,57.0083473739,57.0083473739,52.4886071152
158,1,300,positive,0.166603441806,-0.15687402703,0.0216279610585,166.603441806,-156.87402703,21.6279610585,57.0221391386,57.0221391386,52.5139610808
159,0,300,positive,0.166603760924,-0.156874579758,0.0216311632821,166.603760924,-156.874579758,21.6311632821,57.0227773734,57.0227773734,52.5171633044
159,1,300,positive,0.166714406567,-0.157066223634,0.0220510724119,166.714406567,-157.066223634,22.0510724119,57.2440686604,57.2440686604,52.9370724342
160,0,300,positive,0.165823598181,-0.155523298249,0.0188642577025,165.823598181,-155.523298249,18.8642577025,55.4624518882,55.4624518882,49.7502577248
160,1,300,positive,0.165588444715,-0.155116000498,0.0180289019824,165.588444715,-155.116000498,18.0289019824,54.9921449554,54.9921449554,48.9149020047
161,0,300,positive,0.166255623641,-0.156271588295,0.0199062339426,166.255623641,-156.271588295,19.9062339426,56.3265028073,56.3265028073,50.7922339649
161,1,300,positive,0.166142542105,-0.156075725331,0.0196901144787,166.142542105,-156.075725331,19.6901144787,56.1003397366,56.1003397366,50.576114501
162,0,300,positive,0.165823598181,-0.155523298249,0.0188642577025,165.823598181,-155.523298249,18.8642577025,55.4624518882,55.4624518882,49.7502577248
162,1,300,positive,0.165899943851,-0.155655532828,0.0191819603592,165.899943851,-155.655532828,19.1819603592,55.615143227,55.615143227,50.0679603815
163,0,300,positive,0.165946695703,-0.155736509411,0.0193708347379,165.946695703,-155.736509411,19.3708347379,55.7086469315,55.7086469315,50.2568347602
163,1,300,positive,0.166142542105,-0.156075725331,0.0196901144787,166.142542105,-156.075725331,19.6901144787,56.1003397366,56.1003397366,50.576114501
164,0,300,positive,0.165899943851,-0.155655532828,0.0191819603592,165.899943851,-155.655532828,19.1819603592,55.615143227,55.615143227,50.0679603815
164,1,300,positive,0.165946695703,-0.155736509411,0.0193708347379,165.946695703,-155.736509411,19.3708347379,55.7086469315,55.7086469315,50.2568347602
165,0,300,positive,0.160613979593,-0.146499974166,-0.00676072959459,160.613979593,-146.499974166,-6.76072959459,45.0432147109,45.0432147109,24.1252704277
165,1,300,positive,0.160389925994,-0.146111901949,-0.00752570374882,160.389925994,-146.111901949,-7.52570374882,44.5951075136,44.5951075136,23.3602962735
166,0,300,positive,0.16030462932,-0.145964163777,-0.00778537821673,160.30462932,-145.964163777,-7.78537821673,44.4245141664,44.4245141664,23.1006218056
166,1,300,positive,0.160389925994,-0.146111901949,-0.00752570374882,160.389925994,-146.111901949,-7.52570374882,44.5951075136,44.5951075136,23.3602962735
167,0,300,positive,0.160613979593,-0.146499974166,-0.00676072959459,160.613979593,-146.499974166,-6.76072959459,45.0432147109,45.0432147109,24.1252704277
167,1,300,positive,0.16077784354,-0.146783794848,-0.0062489670294,160.77784354,-146.783794848,-6.2489670294,45.3709426052,45.3709426052,24.6370329929
168,0,300,positive,0.16030462932,-0.145964163777,-0.00778537821673,160.30462932,-145.964163777,-7.78537821673,44.4245141664,44.4245141664,23.1006218056
168,1,300,positive,0.160022791728,-0.145476006748,-0.00867093971036,160.022791728,-145.476006748,-8.67093971036,43.8608389824,43.8608389824,22.2150603119
169,0,300,positive,0.162561944192,-0.149873947824,-0.000144053003671,162.561944192,-149.873947824,-0.144053003671,48.9391439104,48.9391439104,30.7419470186
169,1,300,positive,0.162832110539,-0.150341889662,0.000654741409762,162.832110539,-150.341889662,0.654741409762,49.4794766029,49.4794766029,31.5407414321
170,0,300,positive,0.162923238406,-0.150499727759,0.000937755409315,162.923238406,-150.499727759,0.937755409315,49.6617323384,49.6617323384,31.8237554316
170,1,300,positive,0.162832110539,-0.150341889662,0.000654741409762,162.832110539,-150.341889662,0.654741409762,49.4794766029,49.4794766029,31.5407414321
171,0,300,positive,0.163535084123,-0.151559475626,0.00278595210999,163.535084123,-151.559475626,2.78595210999,50.8854237712,50.8854237712,33.6719521323
171,1,300,positive,0.163794590222,-0.152008953375,0.00370752689722,163.794590222,-152.008953375,3.70752689722,51.4044359692,51.4044359692,34.5935269195
172,0,300,positive,0.163280967176,-0.151119332162,0.00203298475307,163.280967176,-151.119332162,2.03298475307,50.3771898766,50.3771898766,32.9189847754
172,1,300,positive,0.163535084123,-0.151559475626,0.00278595210999,163.535084123,-151.559475626,2.78595210999,50.8854237712,50.8854237712,33.6719521323
173,0,300,positive,0.163840805818,-0.152089001135,0.0038678816879,163.840805818,-152.089001135,3.8678816879,51.4968671609,51.4968671609,34.7538817102
173,1,300,positive,0.163794590222,-0.152008953375,0.00370752689722,163.794590222,-152.008953375,3.70752689722,51.4044359692,51.4044359692,34.5935269195
174,0,300,positive,0.163135007024,-0.150866521764,0.00157336142193,163.135007024,-150.866521764,1.57336142193,50.0852695732,50.0852695732,32.4593614442
174,1,300,positive,0.163280967176,-0.151119332162,0.00203298475307,163.280967176,-151.119332162,2.03298475307,50.3771898766,50.3771898766,32.9189847754
175,0,300,positive,0.163135007024,-0.150866521764,0.00157336142193,163.135007024,-150.866521764,1.57336142193,50.0852695732,50.0852695732,32.4593614442
175,1,300,positive,0.162923238406,-0.150499727759,0.000937755409315,162.923238406,-150.499727759,0.937755409315,49.6617323384,49.6617323384,31.8237554316
176,0,300,positive,0.161101208184,-0.147343878841,-0.00511555379098,161.101208184,-147.343878841,-5.11555379098,46.0176718934,46.0176718934,25.7704462313
176,1,300,positive,0.161425828828,-0.147906138289,-0.00396426351467,161.425828828,-147.906138289,-3.96426351467,46.6669131807,46.6669131807,26.9217365076
177,0,300,positive,0.161718345047,-0.148412791243,-0.00293951276938,161.718345047,-148.412791243,-2.93951276938,47.2519456199,47.2519456199,27.9464872529
177,1,300,positive,0.161809324788,-0.148570372777,-0.00267811645875,161.809324788,-148.570372777,-2.67811645875,47.4339051024,47.4339051024,28.2078835635
178,0,300,positive,0.161425828828,-0.147906138289,-0.00396426351467,161.425828828,-147.906138289,-3.96426351467,46.6669131807,46.6669131807,26.9217365076
178,1,300,positive,0.161538956929,-0.148102081908,-0.00353361991537,161.538956929,-148.102081908,-3.53361991537,46.8931693833,46.8931693833,27.3523801069
179,0,300,positive,0.161809324788,-0.148570372777,-0.00267811645875,161.809324788,-148.570372777,-2.67811645875,47.4339051024,47.4339051024,28.2078835635
179,1,300,positive,0.161902660518,-0.148732035003,-0.00237115282785,161.902660518,-148.732035003,-2.37115282785,47.6205765619,47.6205765619,28.5148471944
180,0,300,positive,0.162138649702,-0.149140780259,-0.0015272969064,162.138649702,-149.140780259,-1.5272969064,48.0925549286,48.0925549286,29.3587031159
180,1,300,positive,0.161902660518,-0.148732035003,-0.00237115282785,161.902660518,-148.732035003,-2.37115282785,47.6205765619,47.6205765619,28.5148471944
181,0,300,positive,0.161718345047,-0.148412791243,-0.00293951276938,161.718345047,-148.412791243,-2.93951276938,47.2519456199,47.2519456199,27.9464872529
181,1,300,positive,0.161680774478,-0.148347717109,-0.00306406987995,161.680774478,-148.347717109,-3.06406987995,47.1768044818,47.1768044818,27.8219301423
182,0,300,positive,0.161680774478,-0.148347717109,-0.00306406987995,161.680774478,-148.347717109,-3.06406987995,47.1768044818,47.1768044818,27.8219301423
182,1,300,positive,0.161538956929,-0.148102081908,-0.00353361991537,161.538956929,-148.102081908,-3.53361991537,46.8931693833,46.8931693833,27.3523801069
183,0,300,positive,0.161101208184,-0.147343878841,-0.00511555379098,161.101208184,-147.343878841,-5.11555379098,46.0176718934,46.0176718934,25.7704462313
183,1,300,positive,0.16077784354,-0.146783794848,-0.0062489670294,160.77784354,-146.783794848,-6.2489670294,45.3709426052,45.3709426052,24.6370329929
184,0,300,positive,0.162138649702,-0.149140780259,-0.0015272969064,162.138649702,-149.140780259,-1.5272969064,48.0925549286,48.0925549286,29.3587031159
184,1,300,positive,0.162320179361,-0.149455198853,-0.000929861271093,162.320179361,-149.455198853,-0.929861271093,48.4556142485,48.4556142485,29.9561387512
185,0,300,positive,0.162561944192,-0.149873947824,-0.000144053003671,162.561944192,-149.873947824,-0.144053003671,48.9391439104,48.9391439104,30.7419470186
185,1,300,positive,0.162320179361,-0.149455198853,-0.000929861271093,162.320179361,-149.455198853,-0.929861271093,48.4556142485,48.4556142485,29.9561387512
186,0,300,positive,0.161531510625,-0.148089184531,0.00348355572067,161.531510625,-148.089184531,3.48355572067,46.8782767757,46.8782767757,34.369555743
186,1,300,positive,0.161518523826,-0.148066690736,0.00334686760266,161.518523826,-148.066690736,3.34686760266,46.8523031777,46.8523031777,34.2328676249
187,0,300,positive,0.161531510625,-0.148089184531,0.00348355572067,161.531510625,-148.089184531,3.48355572067,46.8782767757,46.8782767757,34.369555743
187,1,300,positive,0.161581198766,-0.148175246916,0.00365625530243,161.581198766,-148.175246916,3.65625530243,46.9776530572,46.9776530572,34.5422553247
188,0,300,positive,0.160336084295,-0.146018645391,-0.000690179153462,160.336084295,-146.018645391,-0.690179153462,44.4874241161,44.4874241161,30.1958208688
188,1,300,positive,0.160204851208,-0.145791343017,-0.00112767771452,160.204851208,-145.791343017,-1.12767771452,44.2249579416,44.2249579416,29.7583223078
189,0,300,positive,0.160552420123,-0.146393350037,-4.62280556161e-05,160.552420123,-146.393350037,-0.0462280556161,44.9200957719,44.9200957719,30.8397719667
189,1,300,positive,0.160407148679,-0.146141732515,-0.00053151436184,160.407148679,-146.141732515,-0.53151436184,44.6295528844,44.6295528844,30.3544856605
190,0,300,positive,0.160336084295,-0.146018645391,-0.000690179153462,160.336084295,-146.018645391,-0.690179153462,44.4874241161,44.4874241161,30.1958208688
190,1,300,positive,0.160407148679,-0.146141732515,-0.00053151436184,160.407148679,-146.141732515,-0.53151436184,44.6295528844,44.6295528844,30.3544856605
191,0,300,positive,0.160662200299,-0.146583494879,0.000267289715916,160.662200299,-146.583494879,0.267289715916,45.1396561236,45.1396561236,31.1532897382
191,1,300,positive,0.160552420123,-0.146393350037,-4.62280556161e-05,160.552420123,-146.393350037,-0.0462280556161,44.9200957719,44.9200957719,30.8397719667
192,0,300,positive,0.160923944261,-0.147036848719,0.00113119590928,160.923944261,-147.036848719,1.13119590928,45.6631440467,45.6631440467,32.0171959316
192,1,300,positive,0.160791042754,-0.146806656557,0.00076460694082,160.791042754,-146.806656557,0.76460694082,45.3973410337,45.3973410337,31.6506069631
193,0,300,positive,0.160662200299,-0.146583494879,0.000267289715916,160.662200299,-146.583494879,0.267289715916,45.1396561236,45.1396561236,31.1532897382
193,1,300,positive,0.160736043443,-0.146711394956,0.000551745732088,160.736043443,-146.711394956,0.551745732088,45.2873424116,45.2873424116,31.4377457544
194,0,300,positive,0.160736043443,-0.146711394956,0.000551745732088,160.736043443,-146.711394956,0.551745732088,45.2873424116,45.2873424116,31.4377457544
194,1,300,positive,0.160791042754,-0.146806656557,0.00076460694082,160.791042754,-146.806656557,0.76460694082,45.3973410337,45.3973410337,31.6506069631
195,0,300,positive,0.161128060263,-0.147390388006,0.00185579779922,161.128060263,-147.390388006,1.85579779922,46.0713760516,46.0713760516,32.7417978215
195,1,300,positive,0.161093991638,-0.147331379417,0.00168143992534,161.093991638,-147.331379417,1.68143992534,46.0032388022,46.0032388022,32.5674399476
196,0,300,positive,0.161208761494,-0.147530166639,0.00219298346641,161.208761494,-147.530166639,2.19298346641,46.2327785144,46.2327785144,33.0789834887
196,1,300,positive,0.161128060263,-0.147390388006,0.00185579779922,161.128060263,-147.390388006,1.85579779922,46.0713760516,46.0713760516,32.7417978215
197,0,300,positive,0.160923944261,-0.147036848719,0.00113119590928,160.923944261,-147.036848719,1.13119590928,45.6631440467,45.6631440467,32.0171959316
197,1,300,positive,0.161012829895,-0.147190803154,0.00140703911921,161.012829895,-147.190803154,1.40703911921,45.8409153155,45.8409153155,32.2930391415
198,0,300,positive,0.161093991638,-0.147331379417,0.00168143992534,161.093991638,-147.331379417,1.68143992534,46.0032388022,46.0032388022,32.5674399476
198,1,300,positive,0.161012829895,-0.147190803154,0.00140703911921,161.012829895,-147.190803154,1.40703911921,45.8409153155,45.8409153155,32.2930391415
199,0,300,positive,0.161208761494,-0.147530166639,0.00219298346641,161.208761494,-147.530166639,2.19298346641,46.2327785144,46.2327785144,33.0789834887
199,1,300,positive,0.161401124425,-0.147863349009,0.00299159213895,161.401124425,-147.863349009,2.99159213895,46.6175043765,46.6175043765,33.8775921612
200,0,300,positive,0.161401124425,-0.147863349009,0.00299159213895,161.401124425,-147.863349009,2.99159213895,46.6175043765,46.6175043765,33.8775921612
200,1,300,positive,0.161518523826,-0.148066690736,0.00334686760266,161.518523826,-148.066690736,3.34686760266,46.8523031777,46.8523031777,34.2328676249
201,0,300,positive,0.1586622372,-0.143119457179,-0.0134361674287,158.6622372,-143.119457179,-13.4361674287,41.1397299259,41.1397299259,17.4498325936
201,1,300,positive,0.158771019345,-0.14330787338,-0.013027243019,158.771019345,-143.30787338,-13.027243019,41.3572942153,41.3572942153,17.8587570033
202,0,300,positive,0.158293162219,-0.14248020056,-0.0146626025478,158.293162219,-142.48020056,-14.6626025478,40.4015799643,40.4015799643,16.2233974745
202,1,300,positive,0.158520001817,-0.142873098269,-0.0139102453115,158.520001817,-142.873098269,-13.9102453115,40.8552591597,40.8552591597,16.9757547108
203,0,300,positive,0.1586622372,-0.143119457179,-0.0134361674287,158.6622372,-143.119457179,-13.4361674287,41.1397299259,41.1397299259,17.4498325936
203,1,300,positive,0.158520001817,-0.142873098269,-0.0139102453115,158.520001817,-142.873098269,-13.9102453115,40.8552591597,40.8552591597,16.9757547108
204,0,300,positive,0.158031027939,-0.142026170669,-0.0154671616265,158.031027939,-142.026170669,-15.4671616265,39.8773114045,39.8773114045,15.4188383958
204,1,300,positive,0.158293162219,-0.14248020056,-0.0146626025478,158.293162219,-142.48020056,-14.6626025478,40.4015799643,40.4015799643,16.2233974745
205,0,300,positive,0.158031027939,-0.142026170669,-0.0154671616265,158.031027939,-142.026170669,-15.4671616265,39.8773114045,39.8773114045,15.4188383958
205,1,300,positive,0.157997648286,-0.141968355413,-0.015569444503,157.997648286,-141.968355413,-15.569444503,39.8105520974,39.8105520974,15.3165555193
206,0,300,positive,0.158771019345,-0.14330787338,-0.013027243019,158.771019345,-143.30787338,-13.027243019,41.3572942153,41.3572942153,17.8587570033
206,1,300,positive,0.159014406638,-0.143729432538,-0.0121752957008,159.014406638,-143.729432538,-12.1752957008,41.8440688019,41.8440688019,18.7107043215
207,0,300,positive,0.159128530747,-0.143927101293,-0.0117530196167,159.128530747,-143.927101293,-11.7530196167,42.07231702,42.07231702,19.1329804056
207,1,300,positive,0.159014406638,-0.143729432538,-0.0121752957008,159.014406638,-143.729432538,-12.1752957008,41.8440688019,41.8440688019,18.7107043215
208,0,300,positive,0.159217137888,-0.144080573363,-0.0114509133509,159.217137888,-144.080573363,-11.4509133509,42.2495313009,42.2495313009,19.4350866714
208,1,300,positive,0.159128530747,-0.143927101293,-0.0117530196167,159.128530747,-143.927101293,-11.7530196167,42.07231702,42.07231702,19.1329804056
209,0,300,positive,0.158001946818,-0.141975800689,-0.00718131677731,158.001946818,-141.975800689,-7.18131677731,39.8191491615,39.8191491615,23.704683245
209,1,300,positive,0.157938050542,-0.141865129092,-0.00731869144784,157.938050542,-141.865129092,-7.31869144784,39.6913566087,39.6913566087,23.5673085745
210,0,300,positive,0.157827899529,-0.141674341941,-0.00748136911903,157.827899529,-141.674341941,-7.48136911903,39.4710545827,39.4710545827,23.4046309033
210,1,300,positive,0.157938050542,-0.141865129092,-0.00731869144784,157.938050542,-141.865129092,-7.31869144784,39.6913566087,39.6913566087,23.5673085745
211,0,300,positive,0.158054315602,-0.142066506084,-0.00704087650601,158.054315602,-142.066506084,-7.04087650601,39.9238867295,39.9238867295,23.8451235163
211,1,300,positive,0.158001946818,-0.141975800689,-0.00718131677731,158.001946818,-141.975800689,-7.18131677731,39.8191491615,39.8191491615,23.704683245
212,0,300,positive,0.158332610027,-0.142548526168,-0.00638045774825,158.332610027,-142.548526168,-6.38045774825,40.4804755806,40.4804755806,24.505542274
212,1,300,positive,0.158306355503,-0.142503051997,-0.00644454024132,158.306355503,-142.503051997,-6.44454024132,40.4279665312,40.4279665312,24.441459781
213,0,300,positive,0.158054315602,-0.142066506084,-0.00704087650601,158.054315602,-142.066506084,-7.04087650601,39.9238867295,39.9238867295,23.8451235163
213,1,300,positive,0.158306355503,-0.142503051997,-0.00644454024132,158.306355503,-142.503051997,-6.44454024132,40.4279665312,40.4279665312,24.441459781
214,0,300,positive,0.159558730471,-0.144672229073,-0.0102864602076,159.558730471,-144.672229073,-10.2864602076,42.9327164679,42.9327164679,20.5995398147
214,1,300,positive,0.159768263396,-0.145035150744,-0.0096429317325,159.768263396,-145.035150744,-9.6429317325,43.3517823176,43.3517823176,21.2430682898
215,0,300,positive,0.159790923315,-0.145074398876,-0.00956553823967,159.790923315,-145.074398876,-9.56553823967,43.3971021563,43.3971021563,21.3204617826
215,1,300,positive,0.159768263396,-0.145035150744,-0.0096429317325,159.768263396,-145.035150744,-9.6429317325,43.3517823176,43.3517823176,21.2430682898
216,0,300,positive,0.159870576021,-0.145212361409,-0.00927078047504,159.870576021,-145.212361409,-9.27078047504,43.556407568,43.556407568,21.6152195473
216,1,300,positive,0.160022791728,-0.145476006748,-0.00867093971036,160.022791728,-145.476006748,-8.67093971036,43.8608389824,43.8608389824,22.2150603119
217,0,300,positive,0.159870576021,-0.145212361409,-0.00927078047504,159.870576021,-145.212361409,-9.27078047504,43.556407568,43.556407568,21.6152195473
217,1,300,positive,0.159790923315,-0.145074398876,-0.00956553823967,159.790923315,-145.074398876,-9.56553823967,43.3971021563,43.3971021563,21.3204617826
218,0,300,positive,0.15928067223,-0.144190618071,-0.011250197761,159.28067223,-144.190618071,-11.250197761,42.3765999854,42.3765999854,19.6358022612
218,1,300,positive,0.159558730471,-0.144672229073,-0.0102864602076,159.558730471,-144.672229073,-10.2864602076,42.9327164679,42.9327164679,20.5995398147
219,0,300,positive,0.15928067223,-0.144190618071,-0.011250197761,159.28067223,-144.190618071,-11.250197761,42.3765999854,42.3765999854,19.6358022612
219,1,300,positive,0.159217137888,-0.144080573363,-0.0114509133509,159.217137888,-144.080573363,-11.4509133509,42.2495313009,42.2495313009,19.4350866714
220,0,300,positive,0.155548107363,-0.137725626079,-0.0139332709841,155.548107363,-137.725626079,-13.9332709841,34.9114702513,34.9114702513,16.9527290382
220,1,300,positive,0.155487694489,-0.137620987911,-0.0141256989358,155.487694489,-137.620987911,-14.1256989358,34.7906445026,34.7906445026,16.7603010865
221,0,300,positive,0.15562947488,-0.137866558753,-0.0136572200646,155.62947488,-137.866558753,-13.6572200646,35.0742052853,35.0742052853,17.2287799577
221,1,300,positive,0.155548107363,-0.137725626079,-0.0139332709841,155.548107363,-137.725626079,-13.9332709841,34.9114702513,34.9114702513,16.9527290382
222,0,300,positive,0.15562947488,-0.137866558753,-0.0136572200646,155.62947488,-137.866558753,-13.6572200646,35.0742052853,35.0742052853,17.2287799577
222,1,300,positive,0.155733174542,-0.138046171836,-0.01341731317,155.733174542,-138.046171836,-13.41731317,35.2816046094,35.2816046094,17.4686868523
223,0,300,positive,0.155733174542,-0.138046171836,-0.01341731317,155.733174542,-138.046171836,-13.41731317,35.2816046094,35.2816046094,17.4686868523
223,1,300,positive,0.15579960434,-0.138161231621,-0.0131711042029,155.79960434,-138.161231621,-13.1711042029,35.4144642057,35.4144642057,17.7148958194
224,0,300,positive,0.156137981115,-0.138747317388,-0.012184078807,156.137981115,-138.747317388,-12.184078807,36.0912177563,36.0912177563,18.7019212153
224,1,300,positive,0.156187431686,-0.138832968289,-0.012059545967,156.187431686,-138.832968289,-12.059545967,36.1901188976,36.1901188976,18.8264540553
225,0,300,positive,0.156437598364,-0.139266269686,-0.0112015521233,156.437598364,-139.266269686,-11.2015521233,36.6904522538,36.6904522538,19.684447899
225,1,300,positive,0.156642825352,-0.139621733256,-0.0106337601303,156.642825352,-139.621733256,-10.6337601303,37.1009062296,37.1009062296,20.252239892
226,0,300,positive,0.15665736136,-0.13964691036,-0.0105916731215,156.65736136,-139.64691036,-10.5916731215,37.1299782448,37.1299782448,20.2943269008
226,1,300,positive,0.156642825352,-0.139621733256,-0.0106337601303,156.642825352,-139.621733256,-10.6337601303,37.1009062296,37.1009062296,20.252239892
227,0,300,positive,0.156312714492,-0.139049964474,-0.0117578987117,156.312714492,-139.049964474,-11.7578987117,36.4406845089,36.4406845089,19.1281013106
227,1,300,positive,0.156187431686,-0.138832968289,-0.012059545967,156.187431686,-138.832968289,-12.059545967,36.1901188976,36.1901188976,18.8264540553
228,0,300,positive,0.156312714492,-0.139049964474,-0.0117578987117,156.312714492,-139.049964474,-11.7578987117,36.4406845089,36.4406845089,19.1281013106
228,1,300,positive,0.156437598364,-0.139266269686,-0.0112015521233,156.437598364,-139.266269686,-11.2015521233,36.6904522538,36.6904522538,19.684447899
229,0,300,positive,0.156137981115,-0.138747317388,-0.012184078807,156.137981115,-138.747317388,-12.184078807,36.0912177563,36.0912177563,18.7019212153
229,1,300,positive,0.155910236692,-0.138352852476,-0.0128929996784,155.910236692,-138.352852476,-12.8929996784,35.6357289092,35.6357289092,17.9930003439
230,0,300,positive,0.15579960434,-0.138161231621,-0.0131711042029,155.79960434,-138.161231621,-13.1711042029,35.4144642057,35.4144642057,17.7148958194
230,1,300,positive,0.155910236692,-0.138352852476,-0.0128929996784,155.910236692,-138.352852476,-12.8929996784,35.6357289092,35.6357289092,17.9930003439
231,0,300,positive,0.157421320987,-0.14097012725,-0.00844221236444,157.421320987,-140.97012725,-8.44221236444,38.6578975001,38.6578975001,22.4437876579
231,1,300,positive,0.157315425421,-0.140786710748,-0.00879906825754,157.315425421,-140.786710748,-8.79906825754,38.4461063669,38.4461063669,22.0869317648
232,0,300,positive,0.157198219994,-0.140583704994,-0.00922107908131,157.198219994,-140.583704994,-9.22107908131,38.2116955134,38.2116955134,21.664920941
232,1,300,positive,0.157315425421,-0.140786710748,-0.00879906825754,157.315425421,-140.786710748,-8.79906825754,38.4461063669,38.4461063669,22.0869317648
233,0,300,positive,0.156670251464,-0.139669236676,-0.0105403810711,156.670251464,-139.669236676,-10.5403810711,37.1557584535,37.1557584535,20.3456189512
233,1,300,positive,0.15665736136,-0.13964691036,-0.0105916731215,156.65736136,-139.64691036,-10.5916731215,37.1299782448,37.1299782448,20.2943269008
234,0,300,positive,0.15693747367,-0.140132079114,-0.00984977750688,156.93747367,-140.132079114,-9.84977750688,37.6902028665,37.6902028665,21.0362225154
234,1,300,positive,0.156670251464,-0.139669236676,-0.0105403810711,156.670251464,-139.669236676,-10.5403810711,37.1557584535,37.1557584535,20.3456189512
235,0,300,positive,0.15693747367,-0.140132079114,-0.00984977750688,156.93747367,-140.132079114,-9.84977750688,37.6902028665,37.6902028665,21.0362225154
235,1,300,positive,0.157018877294,-0.140273074326,-0.00963570834703,157.018877294,-140.273074326,-9.63570834703,37.8530101141,37.8530101141,21.2502916753
236,0,300,positive,0.157198219994,-0.140583704994,-0.00922107908131,157.198219994,-140.583704994,-9.22107908131,38.2116955134,38.2116955134,21.664920941
236,1,300,positive,0.157026227024,-0.140285804433,-0.0096172674236,157.026227024,-140.285804433,-9.6172674236,37.8677095745,37.8677095745,21.2687325987
237,0,300,positive,0.157591496471,-0.141264879835,-0.00795968712057,157.591496471,-141.264879835,-7.95968712057,38.9982484685,38.9982484685,22.9263129017
237,1,300,positive,0.157565535825,-0.141219914677,-0.00802651649949,157.565535825,-141.219914677,-8.02651649949,38.9463271764,38.9463271764,22.8594835228
238,0,300,positive,0.157421320987,-0.14097012725,-0.00844221236444,157.421320987,-140.97012725,-8.44221236444,38.6578975001,38.6578975001,22.4437876579
238,1,300,positive,0.157565535825,-0.141219914677,-0.00802651649949,157.565535825,-141.219914677,-8.02651649949,38.9463271764,38.9463271764,22.8594835228
239,0,300,positive,0.157591496471,-0.141264879835,-0.00795968712057,157.591496471,-141.264879835,-7.95968712057,38.9982484685,38.9982484685,22.9263129017
239,1,300,positive,0.157827899529,-0.141674341941,-0.00748136911903,157.827899529,-141.674341941,-7.48136911903,39.4710545827,39.4710545827,23.4046309033
240,0,300,positive,0.157018877294,-0.140273074326,-0.00963570834703,157.018877294,-140.273074326,-9.63570834703,37.8530101141,37.8530101141,21.2502916753
240,1,300,positive,0.157022500884,-0.140279350567,-0.0096278090445,157.022500884,-140.279350567,-9.6278090445,37.8602572927,37.8602572927,21.2581909778
241,0,300,positive,0.157022500884,-0.140279350567,-0.0096278090445,157.022500884,-140.279350567,-9.6278090445,37.8602572927,37.8602572927,21.2581909778
241,1,300,positive,0.157026227024,-0.140285804433,-0.0096172674236,157.026227024,-140.285804433,-9.6172674236,37.8677095745,37.8677095745,21.2687325987
242,0,300,positive,0.15911110402,-0.143896917316,-0.00376873197526,159.11110402,-143.896917316,-3.76873197526,42.0374635648,42.0374635648,27.117268047
242,1,300,positive,0.159023254001,-0.143744756621,-0.00399277166042,159.023254001,-143.744756621,-3.99277166042,41.8617635285,41.8617635285,26.8932283619
243,0,300,positive,0.158491327009,-0.142823432044,-0.00585576123228,158.491327009,-142.823432044,-5.85576123228,40.7979095435,40.7979095435,25.03023879
243,1,300,positive,0.158332610027,-0.142548526168,-0.00638045774825,158.332610027,-142.548526168,-6.38045774825,40.4804755806,40.4804755806,24.505542274
244,0,300,positive,0.159023254001,-0.143744756621,-0.00399277166042,159.023254001,-143.744756621,-3.99277166042,41.8617635285,41.8617635285,26.8932283619
244,1,300,positive,0.158726029427,-0.143229948557,-0.00506829335022,158.726029427,-143.229948557,-5.06829335022,41.2673143796,41.2673143796,25.8177066721
245,0,300,positive,0.159737114753,-0.144981199712,-0.00241780191317,159.737114753,-144.981199712,-2.41780191317,43.2894850311,43.2894850311,28.4681981091
245,1,300,positive,0.159618867436,-0.144776389352,-0.00268846048088,159.618867436,-144.776389352,-2.68846048088,43.0529903982,43.0529903982,28.1975395414
246,0,300,positive,0.160152692083,-0.145701000762,-0.00127278739011,160.152692083,-145.701000762,-1.27278739011,44.1206396912,44.1206396912,29.6132126322
246,1,300,positive,0.160016921219,-0.145465838728,-0.00157028402393,160.016921219,-145.465838728,-1.57028402393,43.8490979643,43.8490979643,29.3157159984
247,0,300,positive,0.159737114753,-0.144981199712,-0.00241780191317,159.737114753,-144.981199712,-2.41780191317,43.2894850311,43.2894850311,28.4681981091
247,1,300,positive,0.159898788771,-0.145261227326,-0.00197462922979,159.898788771,-145.261227326,-1.97462922979,43.612833068,43.612833068,28.9113707925
248,0,300,positive,0.160016921219,-0.145465838728,-0.00157028402393,160.016921219,-145.465838728,-1.57028402393,43.8490979643,43.8490979643,29.3157159984
248,1,300,positive,0.159898788771,-0.145261227326,-0.00197462922979,159.898788771,-145.261227326,-1.97462922979,43.612833068,43.612833068,28.9113707925
249,0,300,positive,0.160152692083,-0.145701000762,-0.00127278739011,160.152692083,-145.701000762,-1.27278739011,44.1206396912,44.1206396912,29.6132126322
249,1,300,positive,0.160204851208,-0.145791343017,-0.00112767771452,160.204851208,-145.791343017,-1.12767771452,44.2249579416,44.2249579416,29.7583223078
250,0,300,positive,0.159497612741,-0.144566370058,-0.00295889057268,159.497612741,-144.566370058,-2.95889057268,42.8104810072,42.8104810072,27.9271094496
250,1,300,positive,0.159432352145,-0.144453335391,-0.00310050269792,159.432352145,-144.453335391,-3.10050269792,42.6799598158,42.6799598158,27.7854973244
251,0,300,positive,0.159497612741,-0.144566370058,-0.00295889057268,159.497612741,-144.566370058,-2.95889057268,42.8104810072,42.8104810072,27.9271094496
251,1,300,positive,0.159618867436,-0.144776389352,-0.00268846048088,159.618867436,-144.776389352,-2.68846048088,43.0529903982,43.0529903982,28.1975395414
252,0,300,positive,0.15911110402,-0.143896917316,-0.00376873197526,159.11110402,-143.896917316,-3.76873197526,42.0374635648,42.0374635648,27.117268047
252,1,300,positive,0.159432352145,-0.144453335391,-0.00310050269792,159.432352145,-144.453335391,-3.10050269792,42.6799598158,42.6799598158,27.7854973244
253,0,300,positive,0.158491327009,-0.142823432044,-0.00585576123228,158.491327009,-142.823432044,-5.85576123228,40.7979095435,40.7979095435,25.03023879
253,1,300,positive,0.15865809674,-0.143112285691,-0.00531064644724,158.65809674,-143.112285691,-5.31064644724,41.1314490057,41.1314490057,25.5753535751
254,0,300,positive,0.15865809674,-0.143112285691,-0.00531064644724,158.65809674,-143.112285691,-5.31064644724,41.1314490057,41.1314490057,25.5753535751
254,1,300,positive,0.158671441728,-0.143135399888,-0.00528087975245,158.671441728,-143.135399888,-5.28087975245,41.1581389811,41.1581389811,25.6051202698
255,0,300,positive,0.158671441728,-0.143135399888,-0.00528087975245,158.671441728,-143.135399888,-5.28087975245,41.1581389811,41.1581389811,25.6051202698
255,1,300,positive,0.158726029427,-0.143229948557,-0.00506829335022,158.726029427,-143.229948557,-5.06829335022,41.2673143796,41.2673143796,25.8177066721
256,0,300,positive,0.163864007602,-0.152129187804,0.00394177618978,163.864007602,-152.129187804,3.94177618978,51.5432707298,51.5432707298,34.8277762121
256,1,300,positive,0.164133202048,-0.152595446261,0.00488576644995,164.133202048,-152.595446261,4.88576644995,52.0816596215,52.0816596215,35.7717664722
257,0,300,positive,0.164133202048,-0.152595446261,0.00488576644995,164.133202048,-152.595446261,4.88576644995,52.0816596215,52.0816596215,35.7717664722
257,1,300,positive,0.164351749252,-0.152973981123,0.00561600348975,164.351749252,-152.973981123,5.61600348975,52.5187540305,52.5187540305,36.502003512
258,0,300,positive,0.164533596058,-0.15328894903,0.00629114006953,164.533596058,-153.28894903,6.29114006953,52.882447642,52.882447642,37.1771400918
258,1,300,positive,0.164422897252,-0.153097213074,0.00588553831467,164.422897252,-153.097213074,5.88553831467,52.6610500305,52.6610500305,36.771538337
259,0,300,positive,0.164533596058,-0.15328894903,0.00629114006953,164.533596058,-153.28894903,6.29114006953,52.882447642,52.882447642,37.1771400918
259,1,300,positive,0.164775621736,-0.153708149801,0.0072483113226,164.775621736,-153.708149801,7.2483113226,53.366498998,53.366498998,38.1343113449
260,0,300,positive,0.162920242132,-0.15049453806,0.00836044032092,162.920242132,-150.49453806,8.36044032092,49.6557397903,49.6557397903,39.2464403432
260,1,300,positive,0.162851667183,-0.150375762763,0.00812652239143,162.851667183,-150.375762763,8.12652239143,49.5185898911,49.5185898911,39.0125224137
261,0,300,positive,0.162673013413,-0.150066325357,0.00749351532174,162.673013413,-150.066325357,7.49351532174,49.1612823514,49.1612823514,38.379515344
261,1,300,positive,0.162851667183,-0.150375762763,0.00812652239143,162.851667183,-150.375762763,8.12652239143,49.5185898911,49.5185898911,39.0125224137
262,0,300,positive,0.163407782214,-0.151338982253,0.00943123579896,163.407782214,-151.338982253,9.43123579896,50.6308199539,50.6308199539,40.3172358212
262,1,300,positive,0.163497260624,-0.151493963404,0.00960994287524,163.497260624,-151.493963404,9.60994287524,50.8097767734,50.8097767734,40.4959428975
263,0,300,positive,0.163407782214,-0.151338982253,0.00943123579896,163.407782214,-151.338982253,9.43123579896,50.6308199539,50.6308199539,40.3172358212
263,1,300,positive,0.163243102531,-0.151053748675,0.00910389247317,163.243102531,-151.053748675,9.10389247317,50.3014605886,50.3014605886,39.9898924955
264,0,300,positive,0.163613659349,-0.15169557191,0.00996266177673,163.613659349,-151.69557191,9.96266177673,51.0425742237,51.0425742237,40.848661799
264,1,300,positive,0.163497260624,-0.151493963404,0.00960994287524,163.497260624,-151.493963404,9.60994287524,50.8097767734,50.8097767734,40.4959428975
265,0,300,positive,0.163025323511,-0.150676544346,0.00861446149358,163.025323511,-150.676544346,8.61446149358,49.8659025469,49.8659025469,39.5004615159
265,1,300,positive,0.162920242132,-0.15049453806,0.00836044032092,162.920242132,-150.49453806,8.36044032092,49.6557397903,49.6557397903,39.2464403432
266,0,300,positive,0.163191311895,-0.150964044662,0.0089736167973,163.191311895,-150.964044662,8.9736167973,50.1978793163,50.1978793163,39.8596168196
266,1,300,positive,0.163025323511,-0.150676544346,0.00861446149358,163.025323511,-150.676544346,8.61446149358,49.8659025469,49.8659025469,39.5004615159
267,0,300,positive,0.162191798425,-0.149232836549,0.00570331562709,162.191798425,-149.232836549,5.70331562709,48.1988523764,48.1988523764,36.5893156494
267,1,300,positive,0.162023095666,-0.148940634799,0.00503769182088,162.023095666,-148.940634799,5.03769182088,47.8614468579,47.8614468579,35.9236918432
268,0,300,positive,0.162191798425,-0.149232836549,0.00570331562709,162.191798425,-149.232836549,5.70331562709,48.1988523764,48.1988523764,36.5893156494
268,1,300,positive,0.162329326642,-0.149471042408,0.0061041661115,162.329326642,-149.471042408,6.1041661115,48.4739088094,48.4739088094,36.9901661338
269,0,300,positive,0.161747878582,-0.148463944825,0.00404373765572,161.747878582,-148.463944825,4.04373765572,47.311012689,47.311012689,34.929737678
269,1,300,positive,0.161701261459,-0.1483832016,0.00394659261504,161.701261459,-148.3832016,3.94659261504,47.2177784434,47.2177784434,34.8325926373
270,0,300,positive,0.161747878582,-0.148463944825,0.00404373765572,161.747878582,-148.463944825,4.04373765572,47.311012689,47.311012689,34.929737678
270,1,300,positive,0.162023095666,-0.148940634799,0.00503769182088,162.023095666,-148.940634799,5.03769182088,47.8614468579,47.8614468579,35.9236918432
271,0,300,positive,0.161701261459,-0.1483832016,0.00394659261504,161.701261459,-148.3832016,3.94659261504,47.2177784434,47.2177784434,34.8325926373
271,1,300,positive,0.161581198766,-0.148175246916,0.00365625530243,161.581198766,-148.175246916,3.65625530243,46.9776530572,46.9776530572,34.5422553247
272,0,300,positive,0.162587014686,-0.149917371192,0.00698229500367,162.587014686,-149.917371192,6.98229500367,48.9892848973,48.9892848973,37.868295026
272,1,300,positive,0.162329326642,-0.149471042408,0.0061041661115,162.329326642,-149.471042408,6.1041661115,48.4739088094,48.4739088094,36.9901661338
273,0,300,positive,0.162587014686,-0.149917371192,0.00698229500367,162.587014686,-149.917371192,6.98229500367,48.9892848973,48.9892848973,37.868295026
273,1,300,positive,0.162673013413,-0.150066325357,0.00749351532174,162.673013413,-150.066325357,7.49351532174,49.1612823514,49.1612823514,38.379515344
274,0,300,positive,0.164422897252,-0.153097213074,0.00588553831467,164.422897252,-153.097213074,5.88553831467,52.6610500305,52.6610500305,36.771538337
274,1,300,positive,0.164351749252,-0.152973981123,0.00561600348975,164.351749252,-152.973981123,5.61600348975,52.5187540305,52.5187540305,36.502003512
275,0,300,positive,0.164895368288,-0.153915556912,0.00771443597543,164.895368288,-153.915556912,7.71443597543,53.6059921007,53.6059921007,38.6004359977
275,1,300,positive,0.164775621736,-0.153708149801,0.0072483113226,164.775621736,-153.708149801,7.2483113226,53.366498998,53.366498998,38.1343113449
276,0,300,positive,0.164895368288,-0.153915556912,0.00771443597543,164.895368288,-153.915556912,7.71443597543,53.6059921007,53.6059921007,38.6004359977
276,1,300,positive,0.165215857527,-0.154470660558,0.00877293219166,165.215857527,-154.470660558,8.77293219166,54.246970579,54.246970579,39.658932214
277,0,300,positive,0.163864007602,-0.152129187804,0.00394177618978,163.864007602,-152.129187804,3.94177618978,51.5432707298,51.5432707298,34.8277762121
277,1,300,positive,0.163840805818,-0.152089001135,0.0038678816879,163.840805818,-152.089001135,3.8678816879,51.4968671609,51.4968671609,34.7538817102
278,0,300,positive,0.163987251906,-0.1523426532,0.0115637002787,163.987251906,-152.3426532,11.5637002787,51.7897593372,51.7897593372,42.449700301
278,1,300,positive,0.163829670956,-0.152069714989,0.0108550935303,163.829670956,-152.069714989,10.8550935303,51.4745974377,51.4745974377,41.7410935526
279,0,300,positive,0.163987251906,-0.1523426532,0.0115637002787,163.987251906,-152.3426532,11.5637002787,51.7897593372,51.7897593372,42.449700301
279,1,300,positive,0.164119091676,-0.152571006381,0.0121007567441,164.119091676,-152.571006381,12.1007567441,52.053438878,52.053438878,42.9867567664
280,0,300,positive,0.164354560275,-0.152978849957,0.0131842764579,164.354560275,-152.978849957,13.1842764579,52.5243760747,52.5243760747,44.0702764802
280,1,300,positive,0.164119091676,-0.152571006381,0.0121007567441,164.119091676,-152.571006381,12.1007567441,52.053438878,52.053438878,42.9867567664
281,0,300,positive,0.164354560275,-0.152978849957,0.0131842764579,164.354560275,-152.978849957,13.1842764579,52.5243760747,52.5243760747,44.0702764802
281,1,300,positive,0.164366407192,-0.15299936942,0.0132286305622,164.366407192,-152.99936942,13.2286305622,52.5480699106,52.5480699106,44.1146305844
282,0,300,positive,0.163613659349,-0.15169557191,0.00996266177673,163.613659349,-151.69557191,9.96266177673,51.0425742237,51.0425742237,40.848661799
282,1,300,positive,0.163671736937,-0.151796165244,0.0101948541289,163.671736937,-151.796165244,10.1948541289,51.1587293998,51.1587293998,41.0808541512
283,0,300,positive,0.163804947451,-0.152026892621,0.0107463934661,163.804947451,-152.026892621,10.7463934661,51.4251504271,51.4251504271,41.6323934884
283,1,300,positive,0.163671736937,-0.151796165244,0.0101948541289,163.671736937,-151.796165244,10.1948541289,51.1587293998,51.1587293998,41.0808541512
284,0,300,positive,0.163804947451,-0.152026892621,0.0107463934661,163.804947451,-152.026892621,10.7463934661,51.4251504271,51.4251504271,41.6323934884
284,1,300,positive,0.163829670956,-0.152069714989,0.0108550935303,163.829670956,-152.069714989,10.8550935303,51.4745974377,51.4745974377,41.7410935526
285,0,300,positive,0.163191311895,-0.150964044662,0.0089736167973,163.191311895,-150.964044662,8.9736167973,50.1978793163,50.1978793163,39.8596168196
285,1,300,positive,0.163216157826,-0.151007079076,0.00903573783069,163.216157826,-151.007079076,9.03573783069,50.2475711769,50.2475711769,39.921737853
286,0,300,positive,0.163216157826,-0.151007079076,0.00903573783069,163.216157826,-151.007079076,9.03573783069,50.2475711769,50.2475711769,39.921737853
286,1,300,positive,0.163231034623,-0.151032846444,0.00906819426114,163.231034623,-151.032846444,9.06819426114,50.2773247714,50.2773247714,39.9541942834
287,0,300,positive,0.163231034623,-0.151032846444,0.00906819426114,163.231034623,-151.032846444,9.06819426114,50.2773247714,50.2773247714,39.9541942834
287,1,300,positive,0.163243102531,-0.151053748675,0.00910389247317,163.243102531,-151.053748675,9.10389247317,50.3014605886,50.3014605886,39.9898924955
288,0,300,positive,0.164918207255,-0.153955115164,0.0153250627458,164.918207255,-153.955115164,15.3250627458,53.6516700353,53.6516700353,46.2110627681
288,1,300,positive,0.164366407192,-0.15299936942,0.0132286305622,164.366407192,-152.99936942,13.2286305622,52.5480699106,52.5480699106,44.1146305844
289,0,300,positive,0.152892096483,-0.133125280291,-0.0298769704867,152.892096483,-133.125280291,-29.8769704867,29.5994484925,29.5994484925,1.00902953557
289,1,300,positive,0.152935652696,-0.133200721864,-0.0298189068372,152.935652696,-133.200721864,-29.8189068372,29.686560918,29.686560918,1.06709318509
290,0,300,positive,0.153845872224,-0.134777268333,-0.028117445976,153.845872224,-134.777268333,-28.117445976,31.5069999742,31.5069999742,2.76855404628
290,1,300,positive,0.15384802002,-0.134780988424,-0.0281108706714,153.84802002,-134.780988424,-28.1108706714,31.5112955659,31.5112955659,2.77512935088
291,0,300,positive,0.153092275827,-0.133472001085,-0.0296729727354,153.092275827,-133.472001085,-29.6729727354,29.9998071805,29.9998071805,1.21302728684
291,1,300,positive,0.153233005555,-0.133715752124,-0.0294813818503,153.233005555,-133.715752124,-29.4813818503,30.2812666362,30.2812666362,1.404618172
292,0,300,positive,0.153092275827,-0.133472001085,-0.0296729727354,153.092275827,-133.472001085,-29.6729727354,29.9998071805,29.9998071805,1.21302728684
292,1,300,positive,0.152935652696,-0.133200721864,-0.0298189068372,152.935652696,-133.200721864,-29.8189068372,29.686560918,29.686560918,1.06709318509
293,0,300,positive,0.153356774504,-0.133930126231,-0.0293002909357,153.356774504,-133.930126231,-29.3002909357,30.5288045337,30.5288045337,1.58570908657
293,1,300,positive,0.153233005555,-0.133715752124,-0.0294813818503,153.233005555,-133.715752124,-29.4813818503,30.2812666362,30.2812666362,1.404618172
294,0,300,positive,0.151898900077,-0.131405013652,-0.0301431828524,151.898900077,-131.405013652,-30.1431828524,27.6130556794,27.6130556794,0.74281716988
294,1,300,positive,0.152351933585,-0.132189690705,-0.0300839621388,152.351933585,-132.189690705,-30.0839621388,28.5191226946,28.5191226946,0.802037883522
295,0,300,positive,0.151471782456,-0.130665224232,-0.0302074285809,151.471782456,-130.665224232,-30.2074285809,26.7588204372,26.7588204372,0.678571441409
295,1,300,positive,0.151411806519,-0.130561342863,-0.0302108203145,151.411806519,-130.561342863,-30.2108203145,26.6388685645,26.6388685645,0.675179707747
296,0,300,positive,0.150576835844,-0.12911513123,-0.0303189454493,150.576835844,-129.11513123,-30.3189454493,24.9689272129,24.9689272129,0.567054572986
296,1,300,positive,0.151411806519,-0.130561342863,-0.0302108203145,151.411806519,-130.561342863,-30.2108203145,26.6388685645,26.6388685645,0.675179707747
297,0,300,positive,0.152840665672,-0.133036199512,-0.0299041046207,152.840665672,-133.036199512,-29.9041046207,29.4965868701,29.4965868701,0.981895401625
297,1,300,positive,0.152892096483,-0.133125280291,-0.0298769704867,152.892096483,-133.125280291,-29.8769704867,29.5994484925,29.5994484925,1.00902953557
298,0,300,positive,0.152351933585,-0.132189690705,-0.0300839621388,152.351933585,-132.189690705,-30.0839621388,28.5191226946,28.5191226946,0.802037883522
298,1,300,positive,0.152387308588,-0.132250962008,-0.0300814695294,152.387308588,-132.250962008,-30.0814695294,28.5898727016,28.5898727016,0.804530492843
299,0,300,positive,0.152840665672,-0.133036199512,-0.0299041046207,152.840665672,-133.036199512,-29.9041046207,29.4965868701,29.4965868701,0.981895401625
299,1,300,positive,0.152623153429,-0.132659457256,-0.0300240383793,152.623153429,-132.659457256,-30.0240383793,29.0615623841,29.0615623841,0.861961642946
300,0,300,positive,0.152623153429,-0.132659457256,-0.0300240383793,152.623153429,-132.659457256,-30.0240383793,29.0615623841,29.0615623841,0.861961642946
300,1,300,positive,0.152387308588,-0.132250962008,-0.0300814695294,152.387308588,-132.250962008,-30.0814695294,28.5898727016,28.5898727016,0.804530492843
301,0,300,positive,0.154286470976,-0.135540407756,-0.0168299194621,154.286470976,-135.540407756,-16.8299194621,32.3881974769,32.3881974769,14.0560805602
301,1,300,positive,0.154241992185,-0.13546336823,-0.016981904704,154.241992185,-135.46336823,-16.981904704,32.2992398948,32.2992398948,13.9040953183
302,0,300,positive,0.154363485504,-0.135673800832,-0.0166040871657,154.363485504,-135.673800832,-16.6040871657,32.5422265335,32.5422265335,14.2819128565
302,1,300,positive,0.154286470976,-0.135540407756,-0.0168299194621,154.286470976,-135.540407756,-16.8299194621,32.3881974769,32.3881974769,14.0560805602
303,0,300,positive,0.153604196934,-0.134358674451,-0.0189889905449,153.604196934,-134.358674451,-18.9889905449,31.0236493938,31.0236493938,11.8970094774
303,1,300,positive,0.153426975718,-0.134051718301,-0.0194595885579,153.426975718,-134.051718301,-19.4595885579,30.6692069624,30.6692069624,11.4264114644
304,0,300,positive,0.153604196934,-0.134358674451,-0.0189889905449,153.604196934,-134.358674451,-18.9889905449,31.0236493938,31.0236493938,11.8970094774
304,1,300,positive,0.153935531135,-0.134932562122,-0.0180919446429,153.935531135,-134.932562122,-18.0919446429,31.6863177963,31.6863177963,12.7940553793
305,0,300,positive,0.153426975718,-0.134051718301,-0.0194595885579,153.426975718,-134.051718301,-19.4595885579,30.6692069624,30.6692069624,11.4264114644
305,1,300,positive,0.153174196959,-0.133613892648,-0.0202471205353,153.174196959,-133.613892648,-20.2471205353,30.1636494446,30.1636494446,10.638879487
306,0,300,positive,0.154241992185,-0.13546336823,-0.016981904704,154.241992185,-135.46336823,-16.981904704,32.2992398948,32.2992398948,13.9040953183
306,1,300,positive,0.154192035963,-0.135376841515,-0.0172272570947,154.192035963,-135.376841515,-17.2272570947,32.199327451,32.199327451,13.6587429276
307,0,300,positive,0.153935531135,-0.134932562122,-0.0180919446429,153.935531135,-134.932562122,-18.0919446429,31.6863177963,31.6863177963,12.7940553793
307,1,300,positive,0.154192035963,-0.135376841515,-0.0172272570947,154.192035963,-135.376841515,-17.2272570947,32.199327451,32.199327451,13.6587429276
308,0,300,positive,0.152167090309,-0.131869532761,-0.0235811685231,152.167090309,-131.869532761,-23.5811685231,28.1494361441,28.1494361441,7.30483149917
308,1,300,positive,0.151879910642,-0.131372122986,-0.0240856537988,151.879910642,-131.372122986,-24.0856537988,27.5750768091,27.5750768091,6.80034622345
309,0,300,positive,0.152387268323,-0.132250892267,-0.0228921562017,152.387268323,-132.250892267,-22.8921562017,28.5897921716,28.5897921716,7.99384382061
309,1,300,positive,0.152385511129,-0.132247848718,-0.022902699248,152.385511129,-132.247848718,-22.902699248,28.5862777833,28.5862777833,7.98330077429
310,0,300,positive,0.152167090309,-0.131869532761,-0.0235811685231,152.167090309,-131.869532761,-23.5811685231,28.1494361441,28.1494361441,7.30483149917
310,1,300,positive,0.152385511129,-0.132247848718,-0.022902699248,152.385511129,-132.247848718,-22.902699248,28.5862777833,28.5862777833,7.98330077429
311,0,300,positive,0.152402303863,-0.132276934586,-0.0228320908899,152.402303863,-132.276934586,-22.8320908899,28.6198632509,28.6198632509,8.05390913235
311,1,300,positive,0.152387268323,-0.132250892267,-0.0228921562017,152.387268323,-132.250892267,-22.8921562017,28.5897921716,28.5897921716,7.99384382061
312,0,300,positive,0.151565171538,-0.130826978868,-0.0246530525115,151.565171538,-130.826978868,-24.6530525115,26.9455986023,26.9455986023,6.23294751083
312,1,300,positive,0.151515136075,-0.130740314903,-0.0247325419706,151.515136075,-130.740314903,-24.7325419706,26.8455276757,26.8455276757,6.15345805166
313,0,300,positive,0.151515136075,-0.130740314903,-0.0247325419706,151.515136075,-130.740314903,-24.7325419706,26.8455276757,26.8455276757,6.15345805166
313,1,300,positive,0.151463275969,-0.130650490565,-0.0247770622709,151.463275969,-130.650490565,-24.7770622709,26.7418074642,26.7418074642,6.10893775141
314,0,300,positive,0.151777163533,-0.131194159774,-0.0242784220153,151.777163533,-131.194159774,-24.2784220153,27.3695825925,27.3695825925,6.60757800699
314,1,300,positive,0.151565171538,-0.130826978868,-0.0246530525115,151.565171538,-130.826978868,-24.6530525115,26.9455986023,26.9455986023,6.23294751083
315,0,300,positive,0.151463275969,-0.130650490565,-0.0247770622709,151.463275969,-130.650490565,-24.7770622709,26.7418074642,26.7418074642,6.10893775141
315,1,300,positive,0.151104119274,-0.130028412922,-0.0249768362835,151.104119274,-130.028412922,-24.9768362835,26.0234940744,26.0234940744,5.90916373884
316,0,300,positive,0.151062331199,-0.129956033852,-0.0249979350341,151.062331199,-129.956033852,-24.9979350341,25.9399179237,25.9399179237,5.88806498819
316,1,300,positive,0.151104119274,-0.130028412922,-0.0249768362835,151.104119274,-130.028412922,-24.9768362835,26.0234940744,26.0234940744,5.90916373884
317,0,300,positive,0.15105620948,-0.129945430724,-0.0250055110909,151.05620948,-129.945430724,-25.0055110909,25.9276744865,25.9276744865,5.8804889314
317,1,300,positive,0.150854599121,-0.129596231339,-0.0250230559164,150.854599121,-129.596231339,-25.0230559164,25.5244537684,25.5244537684,5.86294410592
318,0,300,positive,0.15105620948,-0.129945430724,-0.0250055110909,151.05620948,-129.945430724,-25.0055110909,25.9276744865,25.9276744865,5.8804889314
318,1,300,positive,0.151062331199,-0.129956033852,-0.0249979350341,151.062331199,-129.956033852,-24.9979350341,25.9399179237,25.9399179237,5.88806498819
319,0,300,positive,0.150805491907,-0.129511175149,-0.0250731535993,150.805491907,-129.511175149,-25.0731535993,25.4262393398,25.4262393398,5.81284642295
319,1,300,positive,0.150854599121,-0.129596231339,-0.0250230559164,150.854599121,-129.596231339,-25.0230559164,25.5244537684,25.5244537684,5.86294410592
320,0,300,positive,0.150805491907,-0.129511175149,-0.0250731535993,150.805491907,-129.511175149,-25.0731535993,25.4262393398,25.4262393398,5.81284642295
320,1,300,positive,0.15058296985,-0.129125755641,-0.0251467497255,150.58296985,-129.125755641,-25.1467497255,24.9811952261,24.9811952261,5.73925029682
321,0,300,positive,0.15058000401,-0.129120618655,-0.0251483333928,150.58000401,-129.120618655,-25.1483333928,24.9752635458,24.9752635458,5.73766662949
321,1,300,positive,0.15058296985,-0.129125755641,-0.0251467497255,150.58296985,-129.125755641,-25.1467497255,24.9811952261,24.9811952261,5.73925029682
322,0,300,positive,0.149276444467,-0.126862787296,-0.0303992172071,149.276444467,-126.862787296,-30.3992172071,22.3681444601,22.3681444601,0.486782815196
322,1,300,positive,0.149455635222,-0.127173154787,-0.0303891389553,149.455635222,-127.173154787,-30.3891389553,22.7265259697,22.7265259697,0.496861067006
323,0,300,positive,0.149218802521,-0.126762948516,-0.0304033188784,149.218802521,-126.762948516,-30.4033188784,22.252860567,22.252860567,0.482681143929
323,1,300,positive,0.149276444467,-0.126862787296,-0.0303992172071,149.276444467,-126.862787296,-30.3992172071,22.3681444601,22.3681444601,0.486782815196
324,0,300,positive,0.150576835844,-0.12911513123,-0.0303189454493,150.576835844,-129.11513123,-30.3189454493,24.9689272129,24.9689272129,0.567054572986
324,1,300,positive,0.150280370672,-0.128601638489,-0.0303321916803,150.280370672,-128.601638489,-30.3321916803,24.3759968692,24.3759968692,0.553808341982
325,0,300,positive,0.150280370672,-0.128601638489,-0.0303321916803,150.280370672,-128.601638489,-30.3321916803,24.3759968692,24.3759968692,0.553808341982
325,1,300,positive,0.149455635222,-0.127173154787,-0.0303891389553,149.455635222,-127.173154787,-30.3891389553,22.7265259697,22.7265259697,0.496861067006
326,0,300,positive,0.149691423784,-0.127581552556,-0.0253888029558,149.691423784,-127.581552556,-25.3888029558,23.1981030933,23.1981030933,5.49719706648
326,1,300,positive,0.149682175155,-0.127565533461,-0.0253786427177,149.682175155,-127.565533461,-25.3786427177,23.1796058348,23.1796058348,5.5073573046
327,0,300,positive,0.149682175155,-0.127565533461,-0.0253786427177,149.682175155,-127.565533461,-25.3786427177,23.1796058348,23.1796058348,5.5073573046
327,1,300,positive,0.149651431701,-0.127512284236,-0.0253701527622,149.651431701,-127.512284236,-25.3701527622,23.1181189268,23.1181189268,5.51584726009
328,0,300,positive,0.150018420082,-0.128147926758,-0.0253803445886,150.018420082,-128.147926758,-25.3803445886,23.8520956892,23.8520956892,5.50565543366
328,1,300,positive,0.150137387619,-0.128353984577,-0.0253525292981,150.137387619,-128.353984577,-25.3525292981,24.0900307631,24.0900307631,5.53347072421
329,0,300,positive,0.150578049989,-0.129117234192,-0.0251468935295,150.578049989,-129.117234192,-25.1468935295,24.9713555044,24.9713555044,5.73910649277
329,1,300,positive,0.15058000401,-0.129120618655,-0.0251483333928,150.58000401,-129.120618655,-25.1483333928,24.9752635458,24.9752635458,5.73766662949
330,0,300,positive,0.150559259839,-0.129084688696,-0.0251541065421,150.559259839,-129.084688696,-25.1541065421,24.9337752033,24.9337752033,5.73189348024
330,1,300,positive,0.150578049989,-0.129117234192,-0.0251468935295,150.578049989,-129.117234192,-25.1468935295,24.9713555044,24.9713555044,5.73910649277
331,0,300,positive,0.150018420082,-0.128147926758,-0.0253803445886,150.018420082,-128.147926758,-25.3803445886,23.8520956892,23.8520956892,5.50565543366
331,1,300,positive,0.149897053603,-0.127937713851,-0.0254415645309,149.897053603,-127.937713851,-25.4415645309,23.6093627321,23.6093627321,5.44443549143
332,0,300,positive,0.149691423784,-0.127581552556,-0.0253888029558,149.691423784,-127.581552556,-25.3888029558,23.1981030933,23.1981030933,5.49719706648
332,1,300,positive,0.149897053603,-0.127937713851,-0.0254415645309,149.897053603,-127.937713851,-25.4415645309,23.6093627321,23.6093627321,5.44443549143
333,0,300,positive,0.148792932075,-0.126025319266,-0.025288295118,148.792932075,-126.025319266,-25.288295118,21.4011196754,21.4011196754,5.59770490428
333,1,300,positive,0.148954163959,-0.126304581082,-0.0252278444757,148.954163959,-126.304581082,-25.2278444757,21.7235834443,21.7235834443,5.6581555466
334,0,300,positive,0.148725383696,-0.125908322042,-0.0252503914266,148.725383696,-125.908322042,-25.2503914266,21.2660229178,21.2660229178,5.63560859567
334,1,300,positive,0.148792932075,-0.126025319266,-0.025288295118,148.792932075,-126.025319266,-25.288295118,21.4011196754,21.4011196754,5.59770490428
335,0,300,positive,0.148725383696,-0.125908322042,-0.0252503914266,148.725383696,-125.908322042,-25.2503914266,21.2660229178,21.2660229178,5.63560859567
335,1,300,positive,0.148628701777,-0.125740864047,-0.0253043514682,148.628701777,-125.740864047,-25.3043514682,21.07265908,21.07265908,5.58164855407
336,0,300,positive,0.150559259839,-0.129084688696,-0.0251541065421,150.559259839,-129.084688696,-25.1541065421,24.9337752033,24.9337752033,5.73189348024
336,1,300,positive,0.150250298484,-0.128549551932,-0.0252587821758,150.250298484,-128.549551932,-25.2587821758,24.315852493,24.315852493,5.62721784653
337,0,300,positive,0.150250298484,-0.128549551932,-0.0252587821758,150.250298484,-128.549551932,-25.2587821758,24.315852493,24.315852493,5.62721784653
337,1,300,positive,0.150137387619,-0.128353984577,-0.0253525292981,150.137387619,-128.353984577,-25.3525292981,24.0900307631,24.0900307631,5.53347072421
338,0,300,positive,0.149387564211,-0.127055252338,-0.0253003464662,149.387564211,-127.055252338,-25.3003464662,22.5903839473,22.5903839473,5.5856535561
338,1,300,positive,0.149651431701,-0.127512284236,-0.0253701527622,149.651431701,-127.512284236,-25.3701527622,23.1181189268,23.1181189268,5.51584726009
339,0,300,positive,0.149228280274,-0.126779364466,-0.025290127864,149.228280274,-126.779364466,-25.290127864,22.2718160736,22.2718160736,5.59587215826
339,1,300,positive,0.148954163959,-0.126304581082,-0.0252278444757,148.954163959,-126.304581082,-25.2278444757,21.7235834443,21.7235834443,5.6581555466
340,0,300,positive,0.149228280274,-0.126779364466,-0.025290127864,149.228280274,-126.779364466,-25.290127864,22.2718160736,22.2718160736,5.59587215826
340,1,300,positive,0.149387564211,-0.127055252338,-0.0253003464662,149.387564211,-127.055252338,-25.3003464662,22.5903839473,22.5903839473,5.5856535561
341,0,300,positive,0.148607687498,-0.125704466247,-0.0252924070148,148.607687498,-125.704466247,-25.2924070148,21.0306305212,21.0306305212,5.59359300752
341,1,300,positive,0.148467432845,-0.125461538062,-0.0251734939492,148.467432845,-125.461538062,-25.1734939492,20.7501212157,20.7501212157,5.7125060731
342,0,300,positive,0.148607687498,-0.125704466247,-0.0252924070148,148.607687498,-125.704466247,-25.2924070148,21.0306305212,21.0306305212,5.59359300752
342,1,300,positive,0.148628701777,-0.125740864047,-0.0253043514682,148.628701777,-125.740864047,-25.3043514682,21.07265908,21.07265908,5.58164855407
343,0,300,positive,0.148467432845,-0.125461538062,-0.0251734939492,148.467432845,-125.461538062,-25.1734939492,20.7501212157,20.7501212157,5.7125060731
343,1,300,positive,0.148137989754,-0.124890925891,-0.0251563828737,148.137989754,-124.890925891,-25.1563828737,20.0912350341,20.0912350341,5.72961714862
344,0,300,positive,0.147655898985,-0.124055920184,-0.0250184545404,147.655898985,-124.055920184,-25.0184545404,19.1270534948,19.1270534948,5.86754548192
344,1,300,positive,0.147557529373,-0.123885539019,-0.025068917108,147.557529373,-123.885539019,-25.068917108,18.9303142722,18.9303142722,5.8170829143
345,0,300,positive,0.147999128344,-0.124650410872,-0.0251130593627,147.999128344,-124.650410872,-25.1130593627,19.8135122128,19.8135122128,5.77294065955
345,1,300,positive,0.147815580032,-0.124332495871,-0.025036188832,147.815580032,-124.332495871,-25.036188832,19.4464155889,19.4464155889,5.84981119025
346,0,300,positive,0.147655898985,-0.124055920184,-0.0250184545404,147.655898985,-124.055920184,-25.0184545404,19.1270534948,19.1270534948,5.86754548192
346,1,300,positive,0.147815580032,-0.124332495871,-0.025036188832,147.815580032,-124.332495871,-25.036188832,19.4464155889,19.4464155889,5.84981119025
347,0,300,positive,0.147557529373,-0.123885539019,-0.025068917108,147.557529373,-123.885539019,-25.068917108,18.9303142722,18.9303142722,5.8170829143
347,1,300,positive,0.147411909493,-0.123633317989,-0.0252094324013,147.411909493,-123.633317989,-25.2094324013,18.6390745125,18.6390745125,5.67656762103
348,0,300,positive,0.147301353133,-0.123441828756,-0.0252838228359,147.301353133,-123.441828756,-25.2838228359,18.4179617925,18.4179617925,5.60217718637
348,1,300,positive,0.147124077554,-0.123134778446,-0.0253431057901,147.124077554,-123.134778446,-25.3431057901,18.063410634,18.063410634,5.54289423216
349,0,300,positive,0.147085894964,-0.12306864426,-0.0253538836766,147.085894964,-123.06864426,-25.3538836766,17.9870454533,17.9870454533,5.53211634566
349,1,300,positive,0.147124077554,-0.123134778446,-0.0253431057901,147.124077554,-123.134778446,-25.3431057901,18.063410634,18.063410634,5.54289423216
350,0,300,positive,0.147999128344,-0.124650410872,-0.0251130593627,147.999128344,-124.650410872,-25.1130593627,19.8135122128,19.8135122128,5.77294065955
350,1,300,positive,0.148137989754,-0.124890925891,-0.0251563828737,148.137989754,-124.890925891,-25.1563828737,20.0912350341,20.0912350341,5.72961714862
351,0,300,positive,0.147301353133,-0.123441828756,-0.0252838228359,147.301353133,-123.441828756,-25.2838228359,18.4179617925,18.4179617925,5.60217718637
351,1,300,positive,0.147411909493,-0.123633317989,-0.0252094324013,147.411909493,-123.633317989,-25.2094324013,18.6390745125,18.6390745125,5.67656762103
352,0,300,positive,0.146446485378,-0.121961154371,-0.0250879016897,146.446485378,-121.961154371,-25.0879016897,16.7082262825,16.7082262825,5.79809833255
352,1,300,positive,0.146382180719,-0.121849775433,-0.0250627366892,146.382180719,-121.849775433,-25.0627366892,16.5796169634,16.5796169634,5.82326333313
353,0,300,positive,0.146976542733,-0.12287924064,-0.02533458349,146.976542733,-122.87924064,-25.33458349,17.7683409919,17.7683409919,5.55141653232
353,1,300,positive,0.146708447338,-0.122414885794,-0.0253478935691,146.708447338,-122.414885794,-25.3478935691,17.2321502015,17.2321502015,5.53810645324
354,0,300,positive,0.146708447338,-0.122414885794,-0.0253478935691,146.708447338,-122.414885794,-25.3478935691,17.2321502015,17.2321502015,5.53810645324
354,1,300,positive,0.146659728751,-0.122330502726,-0.0253167758645,146.659728751,-122.330502726,-25.3167758645,17.1347130269,17.1347130269,5.56922415783
355,0,300,positive,0.146976542733,-0.12287924064,-0.02533458349,146.976542733,-122.87924064,-25.33458349,17.7683409919,17.7683409919,5.55141653232
355,1,300,positive,0.147085894964,-0.12306864426,-0.0253538836766,147.085894964,-123.06864426,-25.3538836766,17.9870454533,17.9870454533,5.53211634566
356,0,300,positive,0.146659728751,-0.122330502726,-0.0253167758645,146.659728751,-122.330502726,-25.3167758645,17.1347130269,17.1347130269,5.56922415783
356,1,300,positive,0.146571560334,-0.122177790549,-0.0252142516216,146.571560334,-122.177790549,-25.2142516216,16.9583761937,16.9583761937,5.67174840068
357,0,300,positive,0.146446485378,-0.121961154371,-0.0250879016897,146.446485378,-121.961154371,-25.0879016897,16.7082262825,16.7082262825,5.79809833255
357,1,300,positive,0.146571560334,-0.122177790549,-0.0252142516216,146.571560334,-122.177790549,-25.2142516216,16.9583761937,16.9583761937,5.67174840068
358,0,300,positive,0.146297352922,-0.121702849379,-0.0250665504903,146.297352922,-121.702849379,-25.0665504903,16.4099613698,16.4099613698,5.81944953199
358,1,300,positive,0.146382180719,-0.121849775433,-0.0250627366892,146.382180719,-121.849775433,-25.0627366892,16.5796169634,16.5796169634,5.82326333313
359,0,300,positive,0.146297352922,-0.121702849379,-0.0250665504903,146.297352922,-121.702849379,-25.0665504903,16.4099613698,16.4099613698,5.81944953199
359,1,300,positive,0.146142414992,-0.121434489012,-0.0251244030128,146.142414992,-121.434489012,-25.1244030128,16.1000855093,16.1000855093,5.76159700949
360,0,300,positive,0.145982509359,-0.121157524331,-0.0252322120542,145.982509359,-121.157524331,-25.2322120542,15.7802742432,15.7802742432,5.65378796808
360,1,300,positive,0.146142414992,-0.121434489012,-0.0251244030128,146.142414992,-121.434489012,-25.1244030128,16.1000855093,16.1000855093,5.76159700949
361,0,300,positive,0.145982509359,-0.121157524331,-0.0252322120542,145.982509359,-121.157524331,-25.2322120542,15.7802742432,15.7802742432,5.65378796808
361,1,300,positive,0.145791028204,-0.120825869243,-0.0252473875377,145.791028204,-120.825869243,-25.2473875377,15.3973119338,15.3973119338,5.63861248458
362,0,300,positive,0.169846706297,-0.16249152591,0.025125653316,169.846706297,-162.49152591,25.125653316,63.5086681198,63.5086681198,56.0116533383
362,1,300,positive,0.170343331156,-0.163351705399,0.0266053588477,170.343331156,-163.351705399,26.6053588477,64.5019178385,64.5019178385,57.49135887
363,0,300,positive,0.17035269877,-0.163367930581,0.026632576698,170.35269877,-163.367930581,26.632576698,64.520653065,64.520653065,57.5185767203
363,1,300,positive,0.170645789174,-0.163875578052,0.0275344794876,170.645789174,-163.875578052,27.5344794876,65.1068338732,65.1068338732,58.4204795099
364,0,300,positive,0.170347588028,-0.163359078517,0.0266179375659,170.347588028,-163.359078517,26.6179375659,64.5104315815,64.5104315815,57.5039375882
364,1,300,positive,0.170343331156,-0.163351705399,0.0266053588477,170.343331156,-163.351705399,26.6053588477,64.5019178385,64.5019178385,57.49135887
365,0,300,positive,0.17035269877,-0.163367930581,0.026632576698,170.35269877,-163.367930581,26.632576698,64.520653065,64.520653065,57.5185767203
365,1,300,positive,0.170349466213,-0.163362331629,0.0266239985671,170.349466213,-163.362331629,26.6239985671,64.5141879516,64.5141879516,57.5099985894
366,0,300,positive,0.170349466213,-0.163362331629,0.0266239985671,170.349466213,-163.362331629,26.6239985671,64.5141879516,64.5141879516,57.5099985894
366,1,300,positive,0.170347588028,-0.163359078517,0.0266179375659,170.347588028,-163.359078517,26.6179375659,64.5104315815,64.5104315815,57.5039375882
367,0,300,positive,0.171484405687,-0.165328104461,0.0301745710232,171.484405687,-165.328104461,30.1745710232,66.784066899,66.784066899,61.0605710455
367,1,300,positive,0.171546978553,-0.165436483845,0.0304178969247,171.546978553,-165.436483845,30.4178969247,66.9092126323,66.9092126323,61.303896947
368,0,300,positive,0.17100260788,-0.16449360618,0.0286809345792,171.00260788,-164.49360618,28.6809345792,65.8204712847,65.8204712847,59.5669346015
368,1,300,positive,0.171075504219,-0.164619866344,0.0288994842213,171.075504219,-164.619866344,28.8994842213,65.9662639643,65.9662639643,59.7854842436
369,0,300,positive,0.171400671938,-0.165183073353,0.0299190910801,171.400671938,-165.183073353,29.9190910801,66.6165994007,66.6165994007,60.8050911024
369,1,300,positive,0.171484405687,-0.165328104461,0.0301745710232,171.484405687,-165.328104461,30.1745710232,66.784066899,66.784066899,61.0605710455
370,0,300,positive,0.171400671938,-0.165183073353,0.0299190910801,171.400671938,-165.183073353,29.9190910801,66.6165994007,66.6165994007,60.8050911024
370,1,300,positive,0.171075504219,-0.164619866344,0.0288994842213,171.075504219,-164.619866344,28.8994842213,65.9662639643,65.9662639643,59.7854842436
371,0,300,positive,0.171546978553,-0.165436483845,0.0304178969247,171.546978553,-165.436483845,30.4178969247,66.9092126323,66.9092126323,61.303896947
371,1,300,positive,0.171948686028,-0.166132261601,0.0317216465403,171.948686028,-166.132261601,31.7216465403,67.7126275822,67.7126275822,62.6076465626
372,0,300,positive,0.172121332425,-0.166431293932,0.0322893638388,172.121332425,-166.431293932,32.2893638388,68.0579203761,68.0579203761,63.1753638611
372,1,300,positive,0.171948686028,-0.166132261601,0.0317216465403,171.948686028,-166.132261601,31.7216465403,67.7126275822,67.7126275822,62.6076465626
373,0,300,positive,0.172132620839,-0.166450846039,0.0323351680855,172.132620839,-166.450846039,32.3351680855,68.0804972045,68.0804972045,63.2211681078
373,1,300,positive,0.172121332425,-0.166431293932,0.0322893638388,172.121332425,-166.431293932,32.2893638388,68.0579203761,68.0579203761,63.1753638611
374,0,300,positive,0.17100260788,-0.16449360618,0.0286809345792,171.00260788,-164.49360618,28.6809345792,65.8204712847,65.8204712847,59.5669346015
374,1,300,positive,0.17077554289,-0.164100318081,0.0279511604563,170.77554289,-164.100318081,27.9511604563,65.3663413055,65.3663413055,58.8371604785
375,0,300,positive,0.17077554289,-0.164100318081,0.0279511604563,170.77554289,-164.100318081,27.9511604563,65.3663413055,65.3663413055,58.8371604785
375,1,300,positive,0.170645789174,-0.163875578052,0.0275344794876,170.645789174,-163.875578052,27.5344794876,65.1068338732,65.1068338732,58.4204795099
376,0,300,positive,0.172491855901,-0.167073059418,0.0336799850581,172.491855901,-167.073059418,33.6799850581,68.7989673273,68.7989673273,64.5659850804
376,1,300,positive,0.172593455928,-0.167249035827,0.0340583727372,172.593455928,-167.249035827,34.0583727372,69.0021673816,69.0021673816,64.9443727595
377,0,300,positive,0.172593455928,-0.167249035827,0.0340583727372,172.593455928,-167.249035827,34.0583727372,69.0021673816,69.0021673816,64.9443727595
377,1,300,positive,0.172597690938,-0.167256371079,0.0340762640088,172.597690938,-167.256371079,34.0762640088,69.0106374011,69.0106374011,64.9622640311
378,0,300,positive,0.172491855901,-0.167073059418,0.0336799850581,172.491855901,-167.073059418,33.6799850581,68.7989673273,68.7989673273,64.5659850804
378,1,300,positive,0.172174486653,-0.166523359755,0.0325216729859,172.174486653,-166.523359755,32.5216729859,68.1642288314,68.1642288314,63.4076730082
379,0,300,positive,0.172597690938,-0.167256371079,0.0340762640088,172.597690938,-167.256371079,34.0762640088,69.0106374011,69.0106374011,64.9622640311
379,1,300,positive,0.172617371321,-0.167290458502,0.0341490021102,172.617371321,-167.290458502,34.1490021102,69.0499981673,69.0499981673,65.0350021325
380,0,300,positive,0.173048674227,-0.168037497049,0.0358822836605,173.048674227,-168.037497049,35.8822836605,69.9126039791,69.9126039791,66.7682836828
380,1,300,positive,0.172617371321,-0.167290458502,0.0341490021102,172.617371321,-167.290458502,34.1490021102,69.0499981673,69.0499981673,65.0350021325
381,0,300,positive,0.173266852302,-0.16841539256,0.0366173274525,173.266852302,-168.41539256,36.6173274525,70.348960129,70.348960129,67.5033274748
381,1,300,positive,0.173318993216,-0.168505703271,0.0368000858968,173.318993216,-168.505703271,36.8000858968,70.4532419567,70.4532419567,67.6860859191
382,0,300,positive,0.173318993216,-0.168505703271,0.0368000858968,173.318993216,-168.505703271,36.8000858968,70.4532419567,70.4532419567,67.6860859191
382,1,300,positive,0.17341498877,-0.168671972449,0.0371568383674,173.41498877,-168.671972449,37.1568383674,70.6452330652,70.6452330652,68.0428383897
383,0,300,positive,0.173266852302,-0.16841539256,0.0366173274525,173.266852302,-168.41539256,36.6173274525,70.348960129,70.348960129,67.5033274748
383,1,300,positive,0.173048674227,-0.168037497049,0.0358822836605,173.048674227,-168.037497049,35.8822836605,69.9126039791,69.9126039791,66.7682836828
384,0,300,positive,0.173512011975,-0.16884002157,0.0374670170893,173.512011975,-168.84002157,37.4670170893,70.8392794764,70.8392794764,68.3530171116
384,1,300,positive,0.17341498877,-0.168671972449,0.0371568383674,173.41498877,-168.671972449,37.1568383674,70.6452330652,70.6452330652,68.0428383897
385,0,300,positive,0.173560161539,-0.16892341906,0.0376242347582,173.560161539,-168.92341906,37.6242347582,70.9355786031,70.9355786031,68.5102347805
385,1,300,positive,0.173793419391,-0.169327433512,0.0384731935732,173.793419391,-169.327433512,38.4731935732,71.4020943076,71.4020943076,69.3591935954
386,0,300,positive,0.173793419391,-0.169327433512,0.0384731935732,173.793419391,-169.327433512,38.4731935732,71.4020943076,71.4020943076,69.3591935954
386,1,300,positive,0.174043858408,-0.169761206614,0.0392808807961,174.043858408,-169.761206614,39.2808807961,71.9029723424,71.9029723424,70.1668808184
387,0,300,positive,0.174131558629,-0.169913107853,0.0395888805362,174.131558629,-169.913107853,39.5888805362,72.0783727843,72.0783727843,70.4748805585
387,1,300,positive,0.174043858408,-0.169761206614,0.0392808807961,174.043858408,-169.761206614,39.2808807961,71.9029723424,71.9029723424,70.1668808184
388,0,300,positive,0.174241898937,-0.170104222872,0.0400173729837,174.241898937,-170.104222872,40.0173729837,72.2990534001,72.2990534001,70.903373006
388,1,300,positive,0.174437808021,-0.170443547359,0.0406981135232,174.437808021,-170.443547359,40.6981135232,72.6908715684,72.6908715684,71.5841135455
389,0,300,positive,0.174241898937,-0.170104222872,0.0400173729837,174.241898937,-170.104222872,40.0173729837,72.2990534001,72.2990534001,70.903373006
389,1,300,positive,0.174131558629,-0.169913107853,0.0395888805362,174.131558629,-169.913107853,39.5888805362,72.0783727843,72.0783727843,70.4748805585
390,0,300,positive,0.173560161539,-0.16892341906,0.0376242347582,173.560161539,-168.92341906,37.6242347582,70.9355786031,70.9355786031,68.5102347805
390,1,300,positive,0.173512011975,-0.16884002157,0.0374670170893,173.512011975,-168.84002157,37.4670170893,70.8392794764,70.8392794764,68.3530171116
391,0,300,positive,0.172313493825,-0.16676412724,0.0402592637143,172.313493825,-166.76412724,40.2592637143,68.442243175,68.442243175,71.1452637366
391,1,300,positive,0.172287633088,-0.16671933513,0.0400284613101,172.287633088,-166.71933513,40.0284613101,68.3905217018,68.3905217018,70.9144613324
392,0,300,positive,0.172333901936,-0.166799475126,0.0403485392539,172.333901936,-166.799475126,40.3485392539,68.4830593983,68.4830593983,71.2345392762
392,1,300,positive,0.172313493825,-0.16676412724,0.0402592637143,172.313493825,-166.76412724,40.2592637143,68.442243175,68.442243175,71.1452637366
393,0,300,positive,0.172366444259,-0.166855840082,0.0405061928291,172.366444259,-166.855840082,40.5061928291,68.5481440436,68.5481440436,71.3921928514
393,1,300,positive,0.172333901936,-0.166799475126,0.0403485392539,172.333901936,-166.799475126,40.3485392539,68.4830593983,68.4830593983,71.2345392762
394,0,300,positive,0.172366444259,-0.166855840082,0.0405061928291,172.366444259,-166.855840082,40.5061928291,68.5481440436,68.5481440436,71.3921928514
394,1,300,positive,0.172496855521,-0.167081719014,0.0409107564837,172.496855521,-167.081719014,40.9107564837,68.8089665676,68.8089665676,71.796756506
395,0,300,positive,0.172578146067,-0.16722251837,0.0410490588518,172.578146067,-167.22251837,41.0490588518,68.9715476601,68.9715476601,71.9350588741
395,1,300,positive,0.172685824092,-0.16740902218,0.0413464596097,172.685824092,-167.40902218,41.3464596097,69.1869037096,69.1869037096,72.232459632
396,0,300,positive,0.172737926753,-0.167499266636,0.0416335378992,172.737926753,-167.499266636,41.6335378992,69.291109032,69.291109032,72.5195379214
396,1,300,positive,0.172685824092,-0.16740902218,0.0413464596097,172.685824092,-167.40902218,41.3464596097,69.1869037096,69.1869037096,72.232459632
397,0,300,positive,0.172737926753,-0.167499266636,0.0416335378992,172.737926753,-167.499266636,41.6335378992,69.291109032,69.291109032,72.5195379214
397,1,300,positive,0.172764144435,-0.167544676993,0.0419326413021,172.764144435,-167.544676993,41.9326413021,69.3435443954,69.3435443954,72.8186413244
398,0,300,positive,0.172578146067,-0.16722251837,0.0410490588518,172.578146067,-167.22251837,41.0490588518,68.9715476601,68.9715476601,71.9350588741
398,1,300,positive,0.172496855521,-0.167081719014,0.0409107564837,172.496855521,-167.081719014,40.9107564837,68.8089665676,68.8089665676,71.796756506
399,0,300,positive,0.170542594763,-0.16369684009,0.0349637006321,170.542594763,-163.69684009,34.9637006321,64.9004450524,64.9004450524,65.8497006544
399,1,300,positive,0.170540990775,-0.163694061901,0.034957322118,170.540990775,-163.694061901,34.957322118,64.8972370754,64.8972370754,65.8433221402
400,0,300,positive,0.170540990775,-0.163694061901,0.034957322118,170.540990775,-163.694061901,34.957322118,64.8972370754,64.8972370754,65.8433221402
400,1,300,positive,0.170534123942,-0.163682168197,0.034937828218,170.534123942,-163.682168197,34.937828218,64.8835034093,64.8835034093,65.8238282402
401,0,300,positive,0.170543996936,-0.163699268724,0.0349681191546,170.543996936,-163.699268724,34.9681191546,64.9032493967,64.9032493967,65.8541191769
401,1,300,positive,0.170542594763,-0.16369684009,0.0349637006321,170.542594763,-163.69684009,34.9637006321,64.9004450524,64.9004450524,65.8497006544
402,0,300,positive,0.172174486653,-0.166523359755,0.0325216729859,172.174486653,-166.523359755,32.5216729859,68.1642288314,68.1642288314,63.4076730082
402,1,300,positive,0.172150335497,-0.166481528727,0.0324154807458,172.150335497,-166.481528727,32.4154807458,68.1159265199,68.1159265199,63.3014807681
403,0,300,positive,0.172150335497,-0.166481528727,0.0324154807458,172.150335497,-166.481528727,32.4154807458,68.1159265199,68.1159265199,63.3014807681
403,1,300,positive,0.172132620839,-0.166450846039,0.0323351680855,172.132620839,-166.450846039,32.3351680855,68.0804972045,68.0804972045,63.2211681078
404,0,300,positive,0.171783670201,-0.165846445804,0.0366704409053,171.783670201,-165.846445804,36.6704409053,67.3825959275,67.3825959275,67.5564409276
404,1,300,positive,0.171691402648,-0.165686633714,0.0365423771287,171.691402648,-165.686633714,36.5423771287,67.1980608209,67.1980608209,67.428377151
405,0,300,positive,0.171693696909,-0.16569060749,0.0367819267668,171.693696909,-165.69060749,36.7819267668,67.2026493427,67.2026493427,67.6679267891
405,1,300,positive,0.171783670201,-0.165846445804,0.0366704409053,171.783670201,-165.846445804,36.6704409053,67.3825959275,67.3825959275,67.5564409276
406,0,300,positive,0.171736446526,-0.165764652,0.0368960664349,171.736446526,-165.764652,36.8960664349,67.2881485774,67.2881485774,67.7820664571
406,1,300,positive,0.171693696909,-0.16569060749,0.0367819267668,171.693696909,-165.69060749,36.7819267668,67.2026493427,67.2026493427,67.6679267891
407,0,300,positive,0.171736446526,-0.165764652,0.0368960664349,171.736446526,-165.764652,36.8960664349,67.2881485774,67.2881485774,67.7820664571
407,1,300,positive,0.171849593824,-0.165960628868,0.0372736019173,171.849593824,-165.960628868,37.2736019173,67.5144431729,67.5144431729,68.1596019396
408,0,300,positive,0.171413330108,-0.165204997947,0.0365201323273,171.413330108,-165.204997947,36.5201323273,66.6419157414,66.6419157414,67.4061323496
408,1,300,positive,0.171579469678,-0.165492760123,0.0366421367832,171.579469678,-165.492760123,36.6421367832,66.9741948816,66.9741948816,67.5281368055
409,0,300,positive,0.171691402648,-0.165686633714,0.0365423771287,171.691402648,-165.686633714,36.5423771287,67.1980608209,67.1980608209,67.428377151
409,1,300,positive,0.171579469678,-0.165492760123,0.0366421367832,171.579469678,-165.492760123,36.6421367832,66.9741948816,66.9741948816,67.5281368055
410,0,300,positive,0.171413330108,-0.165204997947,0.0365201323273,171.413330108,-165.204997947,36.5201323273,66.6419157414,66.6419157414,67.4061323496
410,1,300,positive,0.17124187549,-0.164908029837,0.036429629434,171.24187549,-164.908029837,36.429629434,66.2990065047,66.2990065047,67.3156294563
411,0,300,positive,0.171070775176,-0.1646116754,0.0363527527915,171.070775176,-164.6116754,36.3527527915,65.9568058776,65.9568058776,67.2387528138
411,1,300,positive,0.17124187549,-0.164908029837,0.036429629434,171.24187549,-164.908029837,36.429629434,66.2990065047,66.2990065047,67.3156294563
412,0,300,positive,0.169925466883,-0.162627943246,0.0326819188783,169.925466883,-162.627943246,32.6819188783,63.6661892911,63.6661892911,63.5679189006
412,1,300,positive,0.17012680628,-0.162976673312,0.0336725821301,170.12680628,-162.976673312,33.6725821301,64.0688680857,64.0688680857,64.5585821524
413,0,300,positive,0.169925466883,-0.162627943246,0.0326819188783,169.925466883,-162.627943246,32.6819188783,63.6661892911,63.6661892911,63.5679189006
413,1,300,positive,0.16987514405,-0.162540781543,0.0323784832371,169.87514405,-162.540781543,32.3784832371,63.565543626,63.565543626,63.2644832594
414,0,300,positive,0.17012680628,-0.162976673312,0.0336725821301,170.12680628,-162.976673312,33.6725821301,64.0688680857,64.0688680857,64.5585821524
414,1,300,positive,0.170534123942,-0.163682168197,0.034937828218,170.534123942,-163.682168197,34.937828218,64.8835034093,64.8835034093,65.8238282402
415,0,300,positive,0.170552053712,-0.16371322347,0.0349920639828,170.552053712,-163.71322347,34.9920639828,64.9193629496,64.9193629496,65.8780640051
415,1,300,positive,0.170543996936,-0.163699268724,0.0349681191546,170.543996936,-163.699268724,34.9681191546,64.9032493967,64.9032493967,65.8541191769
416,0,300,positive,0.170582939566,-0.163766719339,0.0350846897286,170.582939566,-163.766719339,35.0846897286,64.981134658,64.981134658,65.9706897509
416,1,300,positive,0.170552053712,-0.16371322347,0.0349920639828,170.552053712,-163.71322347,34.9920639828,64.9193629496,64.9193629496,65.8780640051
417,0,300,positive,0.170582939566,-0.163766719339,0.0350846897286,170.582939566,-163.766719339,35.0846897286,64.981134658,64.981134658,65.9706897509
417,1,300,positive,0.170902838018,-0.164320799711,0.0360559165267,170.902838018,-164.320799711,36.0559165267,65.6209315623,65.6209315623,66.941916549
418,0,300,positive,0.171070775176,-0.1646116754,0.0363527527915,171.070775176,-164.6116754,36.3527527915,65.9568058776,65.9568058776,67.2387528138
418,1,300,positive,0.170938196764,-0.164382042855,0.0360973220717,170.938196764,-164.382042855,36.0973220717,65.6916490532,65.6916490532,66.983322094
419,0,300,positive,0.170902838018,-0.164320799711,0.0360559165267,170.902838018,-164.320799711,36.0559165267,65.6209315623,65.6209315623,66.941916549
419,1,300,positive,0.170938196764,-0.164382042855,0.0360973220717,170.938196764,-164.382042855,36.0973220717,65.6916490532,65.6916490532,66.983322094
420,0,300,positive,0.171878513132,-0.16601071858,0.0374405839488,171.878513132,-166.01071858,37.4405839488,67.5722817901,67.5722817901,68.3265839711
420,1,300,positive,0.171849593824,-0.165960628868,0.0372736019173,171.849593824,-165.960628868,37.2736019173,67.5144431729,67.5144431729,68.1596019396
421,0,300,positive,0.171878513132,-0.16601071858,0.0374405839488,171.878513132,-166.01071858,37.4405839488,67.5722817901,67.5722817901,68.3265839711
421,1,300,positive,0.171960678905,-0.166153033872,0.0381146887254,171.960678905,-166.153033872,38.1146887254,67.7366133347,67.7366133347,69.0006887477
422,0,300,positive,0.171990072276,-0.166203944685,0.03822164249,171.990072276,-166.203944685,38.22164249,67.7954000778,67.7954000778,69.1076425122
422,1,300,positive,0.171960678905,-0.166153033872,0.0381146887254,171.960678905,-166.153033872,38.1146887254,67.7366133347,67.7366133347,69.0006887477
423,0,300,positive,0.171990072276,-0.166203944685,0.03822164249,171.990072276,-166.203944685,38.22164249,67.7954000778,67.7954000778,69.1076425122
423,1,300,positive,0.172124815825,-0.166437327358,0.0390626101073,172.124815825,-166.437327358,39.0626101073,68.0648871764,68.0648871764,69.9486101296
424,0,300,positive,0.172128760937,-0.166444160492,0.0390745120756,172.128760937,-166.444160492,39.0745120756,68.0727773997,68.0727773997,69.9605120979
424,1,300,positive,0.172124815825,-0.166437327358,0.0390626101073,172.124815825,-166.437327358,39.0626101073,68.0648871764,68.0648871764,69.9486101296
425,0,300,positive,0.172136604512,-0.166457745962,0.0391176774066,172.136604512,-166.457745962,39.1176774066,68.0884645488,68.0884645488,70.0036774289
425,1,300,positive,0.172128760937,-0.166444160492,0.0390745120756,172.128760937,-166.444160492,39.0745120756,68.0727773997,68.0727773997,69.9605120979
426,0,300,positive,0.172215017459,-0.16659356117,0.03956991227,172.215017459,-166.59356117,39.56991227,68.2452904428,68.2452904428,70.4559122923
426,1,300,positive,0.172240344823,-0.166637429452,0.0396971419039,172.240344823,-166.637429452,39.6971419039,68.2959451713,68.2959451713,70.5831419262
427,0,300,positive,0.172136604512,-0.166457745962,0.0391176774066,172.136604512,-166.457745962,39.1176774066,68.0884645488,68.0884645488,70.0036774289
427,1,300,positive,0.172215017459,-0.16659356117,0.03956991227,172.215017459,-166.59356117,39.56991227,68.2452904428,68.2452904428,70.4559122923
428,0,300,positive,0.172240344823,-0.166637429452,0.0396971419039,172.240344823,-166.637429452,39.6971419039,68.2959451713,68.2959451713,70.5831419262
428,1,300,positive,0.172287633088,-0.16671933513,0.0400284613101,172.287633088,-166.71933513,40.0284613101,68.3905217018,68.3905217018,70.9144613324
429,0,300,positive,0.169465995065,-0.161832114713,0.0239110454329,169.465995065,-161.832114713,23.9110454329,62.747245655,62.747245655,54.7970454552
429,1,300,positive,0.16955564031,-0.161987384832,0.0241805295016,169.55564031,-161.987384832,24.1805295016,62.9265361451,62.9265361451,55.0665295239
430,0,300,positive,0.16938161259,-0.161685959979,0.0236754703259,169.38161259,-161.685959979,23.6754703259,62.5784807052,62.5784807052,54.5614703482
430,1,300,positive,0.169465995065,-0.161832114713,0.0239110454329,169.465995065,-161.832114713,23.9110454329,62.747245655,62.747245655,54.7970454552
431,0,300,positive,0.169846706297,-0.16249152591,0.025125653316,169.846706297,-162.49152591,25.125653316,63.5086681198,63.5086681198,56.0116533383
431,1,300,positive,0.16955564031,-0.161987384832,0.0241805295016,169.55564031,-161.987384832,24.1805295016,62.9265361451,62.9265361451,55.0665295239
432,0,300,positive,0.16938161259,-0.161685959979,0.0236754703259,169.38161259,-161.685959979,23.6754703259,62.5784807052,62.5784807052,54.5614703482
432,1,300,positive,0.169121299539,-0.161235084549,0.0228960934569,169.121299539,-161.235084549,22.8960934569,62.0578546037,62.0578546037,53.7820934792
433,0,300,positive,0.167591366061,-0.158585162033,0.0244769928691,167.591366061,-158.585162033,24.4769928691,58.9979876479,58.9979876479,55.3629928914
433,1,300,positive,0.167419539586,-0.158287549849,0.024071384219,167.419539586,-158.287549849,24.071384219,58.6543346983,58.6543346983,54.9573842413
434,0,300,positive,0.167591366061,-0.158585162033,0.0244769928691,167.591366061,-158.585162033,24.4769928691,58.9979876479,58.9979876479,55.3629928914
434,1,300,positive,0.167716469891,-0.158801848223,0.0248539940598,167.716469891,-158.801848223,24.8539940598,59.2481953081,59.2481953081,55.7399940821
435,0,300,positive,0.167716469891,-0.158801848223,0.0248539940598,167.716469891,-158.801848223,24.8539940598,59.2481953081,59.2481953081,55.7399940821
435,1,300,positive,0.167764220357,-0.158884554456,0.0249426138772,167.764220357,-158.884554456,24.9426138772,59.3436962395,59.3436962395,55.8286138995
436,0,300,positive,0.168281008358,-0.15977965753,0.0267803060898,168.281008358,-159.77965753,26.7803060898,60.3772722412,60.3772722412,57.6663061121
436,1,300,positive,0.168241962862,-0.159712028747,0.0266314813973,168.241962862,-159.712028747,26.6314813973,60.299181249,60.299181249,57.5174814195
437,0,300,positive,0.168374779584,-0.159942074057,0.0270974418014,168.374779584,-159.942074057,27.0974418014,60.5648146928,60.5648146928,57.9834418237
437,1,300,positive,0.168281008358,-0.15977965753,0.0267803060898,168.281008358,-159.77965753,26.7803060898,60.3772722412,60.3772722412,57.6663061121
438,0,300,positive,0.168374779584,-0.159942074057,0.0270974418014,168.374779584,-159.942074057,27.0974418014,60.5648146928,60.5648146928,57.9834418237
438,1,300,positive,0.168709109571,-0.160521150583,0.0283957538231,168.709109571,-160.521150583,28.3957538231,61.2334746684,61.2334746684,59.2817538454
439,0,300,positive,0.168003460031,-0.159298929726,0.0258405997651,168.003460031,-159.298929726,25.8405997651,59.822175587,59.822175587,56.7265997873
439,1,300,positive,0.168000531202,-0.159293856845,0.0258289145275,168.000531202,-159.293856845,25.8289145275,59.8163179286,59.8163179286,56.7149145498
440,0,300,positive,0.168003460031,-0.159298929726,0.0258405997651,168.003460031,-159.298929726,25.8405997651,59.822175587,59.822175587,56.7265997873
440,1,300,positive,0.168241962862,-0.159712028747,0.0266314813973,168.241962862,-159.712028747,26.6314813973,60.299181249,60.299181249,57.5174814195
441,0,300,positive,0.167764220357,-0.158884554456,0.0249426138772,167.764220357,-158.884554456,24.9426138772,59.3436962395,59.3436962395,55.8286138995
441,1,300,positive,0.168000531202,-0.159293856845,0.0258289145275,168.000531202,-159.293856845,25.8289145275,59.8163179286,59.8163179286,56.7149145498
442,0,300,positive,0.168709109571,-0.160521150583,0.0283957538231,168.709109571,-160.521150583,28.3957538231,61.2334746684,61.2334746684,59.2817538454
442,1,300,positive,0.168777204534,-0.160639094517,0.0286257910343,168.777204534,-160.639094517,28.6257910343,61.3696645926,61.3696645926,59.5117910566
443,0,300,positive,0.168983732483,-0.160996811418,0.0294868413479,168.983732483,-160.996811418,29.4868413479,61.7827204906,61.7827204906,60.3728413702
443,1,300,positive,0.168777204534,-0.160639094517,0.0286257910343,168.777204534,-160.639094517,28.6257910343,61.3696645926,61.3696645926,59.5117910566
444,0,300,positive,0.168983732483,-0.160996811418,0.0294868413479,168.983732483,-160.996811418,29.4868413479,61.7827204906,61.7827204906,60.3728413702
444,1,300,positive,0.169181518661,-0.161339387129,0.0302311560465,169.181518661,-161.339387129,30.2311560465,62.1782928484,62.1782928484,61.1171560688
445,0,300,positive,0.169719692221,-0.162271531076,0.0312152507044,169.719692221,-162.271531076,31.2152507044,63.2546399667,63.2546399667,62.1012507267
445,1,300,positive,0.169622919285,-0.162103915435,0.0309402935778,169.622919285,-162.103915435,30.9402935778,63.0610940948,63.0610940948,61.8262936001
446,0,300,positive,0.169622919285,-0.162103915435,0.0309402935778,169.622919285,-162.103915435,30.9402935778,63.0610940948,63.0610940948,61.8262936001
446,1,300,positive,0.169421358823,-0.161754802474,0.0306753965529,169.421358823,-161.754802474,30.6753965529,62.6579731712,62.6579731712,61.5613965752
447,0,300,positive,0.169407562767,-0.161730907005,0.0306426126707,169.407562767,-161.730907005,30.6426126707,62.63038106,62.63038106,61.528612693
447,1,300,positive,0.169421358823,-0.161754802474,0.0306753965529,169.421358823,-161.754802474,30.6753965529,62.6579731712,62.6579731712,61.5613965752
448,0,300,positive,0.169766918583,-0.162353329536,0.0317585622362,169.766918583,-162.353329536,31.7585622362,63.3490926915,63.3490926915,62.6445622585
448,1,300,positive,0.169719692221,-0.162271531076,0.0312152507044,169.719692221,-162.271531076,31.2152507044,63.2546399667,63.2546399667,62.1012507267
449,0,300,positive,0.169766918583,-0.162353329536,0.0317585622362,169.766918583,-162.353329536,31.7585622362,63.3490926915,63.3490926915,62.6445622585
449,1,300,positive,0.169801009894,-0.162412377418,0.0319066672185,169.801009894,-162.412377418,31.9066672185,63.4172753135,63.4172753135,62.7926672408
450,0,300,positive,0.169801009894,-0.162412377418,0.0319066672185,169.801009894,-162.412377418,31.9066672185,63.4172753135,63.4172753135,62.7926672408
450,1,300,positive,0.16987514405,-0.162540781543,0.0323784832371,169.87514405,-162.540781543,32.3784832371,63.565543626,63.565543626,63.2644832594
451,0,300,positive,0.169407562767,-0.161730907005,0.0306426126707,169.407562767,-161.730907005,30.6426126707,62.63038106,62.63038106,61.528612693
451,1,300,positive,0.169181518661,-0.161339387129,0.0302311560465,169.181518661,-161.339387129,30.2311560465,62.1782928484,62.1782928484,61.1171560688
452,0,300,positive,0.167419539586,-0.158287549849,0.024071384219,167.419539586,-158.287549849,24.071384219,58.6543346983,58.6543346983,54.9573842413
452,1,300,positive,0.167147135944,-0.1578157329,0.0232948863913,167.147135944,-157.8157329,23.2948863913,58.1095274135,58.1095274135,54.1808864136
453,0,300,positive,0.166962048968,-0.157495152853,0.0227533669362,166.962048968,-157.495152853,22.7533669362,57.7393534612,57.7393534612,53.6393669585
453,1,300,positive,0.167147135944,-0.1578157329,0.0232948863913,167.147135944,-157.8157329,23.2948863913,58.1095274135,58.1095274135,54.1808864136
454,0,300,positive,0.174848169653,-0.171154314555,0.0421882587833,174.848169653,-171.154314555,42.1882587833,73.5115948314,73.5115948314,73.0742588056
454,1,300,positive,0.174437808021,-0.170443547359,0.0406981135232,174.437808021,-170.443547359,40.6981135232,72.6908715684,72.6908715684,71.5841135455
455,0,300,positive,0.173598548239,-0.168989906776,0.0454271434342,173.598548239,-168.989906776,45.4271434342,71.0123520039,71.0123520039,76.3131434565
455,1,300,positive,0.173378880162,-0.168609430505,0.0441912018111,173.378880162,-168.609430505,44.1912018111,70.5730158492,70.5730158492,75.0772018334
456,0,300,positive,0.173598548239,-0.168989906776,0.0454271434342,173.598548239,-168.989906776,45.4271434342,71.0123520039,71.0123520039,76.3131434565
456,1,300,positive,0.173631416921,-0.169046837003,0.045564708637,173.631416921,-169.046837003,45.564708637,71.0780893681,71.0780893681,76.4507086593
457,0,300,positive,0.173731439022,-0.169220080363,0.0462237458097,173.731439022,-169.220080363,46.2237458097,71.2781335689,71.2781335689,77.109745832
457,1,300,positive,0.173631416921,-0.169046837003,0.045564708637,173.631416921,-169.046837003,45.564708637,71.0780893681,71.0780893681,76.4507086593
458,0,300,positive,0.173731439022,-0.169220080363,0.0462237458097,173.731439022,-169.220080363,46.2237458097,71.2781335689,71.2781335689,77.109745832
458,1,300,positive,0.173803214535,-0.169344399199,0.0469040270223,173.803214535,-169.344399199,46.9040270223,71.4216845954,71.4216845954,77.7900270446
459,0,300,positive,0.173037067761,-0.168017394059,0.0432218111046,173.037067761,-168.017394059,43.2218111046,69.8893910467,69.8893910467,74.1078111269
459,1,300,positive,0.17294777937,-0.16786274203,0.043002957812,172.94777937,-167.86274203,43.002957812,69.7108142653,69.7108142653,73.8889578343
460,0,300,positive,0.173066737292,-0.168068783195,0.0433725950942,173.066737292,-168.068783195,43.3725950942,69.9487301089,69.9487301089,74.2585951165
460,1,300,positive,0.173037067761,-0.168017394059,0.0432218111046,173.037067761,-168.017394059,43.2218111046,69.8893910467,69.8893910467,74.1078111269
461,0,300,positive,0.173066737292,-0.168068783195,0.0433725950942,173.066737292,-168.068783195,43.3725950942,69.9487301089,69.9487301089,74.2585951165
461,1,300,positive,0.173292836128,-0.168460397867,0.0438443602461,173.292836128,-168.460397867,43.8443602461,70.4009277812,70.4009277812,74.7303602683
462,0,300,positive,0.173292836128,-0.168460397867,0.0438443602461,173.292836128,-168.460397867,43.8443602461,70.4009277812,70.4009277812,74.7303602683
462,1,300,positive,0.173378880162,-0.168609430505,0.0441912018111,173.378880162,-168.609430505,44.1912018111,70.5730158492,70.5730158492,75.0772018334
463,0,300,positive,0.172829153769,-0.167657276462,0.0423265021019,172.829153769,-167.657276462,42.3265021019,69.4735630631,69.4735630631,73.2125021242
463,1,300,positive,0.172764144435,-0.167544676993,0.0419326413021,172.764144435,-167.544676993,41.9326413021,69.3435443954,69.3435443954,72.8186413244
464,0,300,positive,0.172829153769,-0.167657276462,0.0423265021019,172.829153769,-167.657276462,42.3265021019,69.4735630631,69.4735630631,73.2125021242
464,1,300,positive,0.17284964609,-0.167692770204,0.0426595889924,172.84964609,-167.692770204,42.6595889924,69.5145477063,69.5145477063,73.5455890147
465,0,300,positive,0.17284964609,-0.167692770204,0.0426595889924,172.84964609,-167.692770204,42.6595889924,69.5145477063,69.5145477063,73.5455890147
465,1,300,positive,0.17294777937,-0.16786274203,0.043002957812,172.94777937,-167.86274203,43.002957812,69.7108142653,69.7108142653,73.8889578343
466,0,300,positive,0.174025316094,-0.169729090384,0.0475095017396,174.025316094,-169.729090384,47.5095017396,71.865887714,71.865887714,78.3955017619
466,1,300,positive,0.174354985776,-0.170300095022,0.0481632036109,174.354985776,-170.300095022,48.1632036109,72.5252270774,72.5252270774,79.0492036332
467,0,300,positive,0.174425182077,-0.170421678583,0.0483301029593,174.425182077,-170.421678583,48.3301029593,72.6656196802,72.6656196802,79.2161029816
467,1,300,positive,0.174354985776,-0.170300095022,0.0481632036109,174.354985776,-170.300095022,48.1632036109,72.5252270774,72.5252270774,79.0492036332
468,0,300,positive,0.174442628147,-0.170451896062,0.0484119821207,174.442628147,-170.451896062,48.4119821207,72.7005118197,72.7005118197,79.297982143
468,1,300,positive,0.174425182077,-0.170421678583,0.0483301029593,174.425182077,-170.421678583,48.3301029593,72.6656196802,72.6656196802,79.2161029816
469,0,300,positive,0.174442628147,-0.170451896062,0.0484119821207,174.442628147,-170.451896062,48.4119821207,72.7005118197,72.7005118197,79.297982143
469,1,300,positive,0.174584913159,-0.170698340932,0.0485836707126,174.584913159,-170.698340932,48.5836707126,72.9850818438,72.9850818438,79.4696707348
470,0,300,positive,0.174625538691,-0.170768706418,0.0486669141389,174.625538691,-170.768706418,48.6669141389,73.0663329082,73.0663329082,79.5529141612
470,1,300,positive,0.174584913159,-0.170698340932,0.0485836707126,174.584913159,-170.698340932,48.5836707126,72.9850818438,72.9850818438,79.4696707348
471,0,300,positive,0.173925257142,-0.169555783196,0.0471598906863,173.925257142,-169.555783196,47.1598906863,71.6657698104,71.6657698104,78.0458907086
471,1,300,positive,0.173803214535,-0.169344399199,0.0469040270223,173.803214535,-169.344399199,46.9040270223,71.4216845954,71.4216845954,77.7900270446
472,0,300,positive,0.173925257142,-0.169555783196,0.0471598906863,173.925257142,-169.555783196,47.1598906863,71.6657698104,71.6657698104,78.0458907086
472,1,300,positive,0.174025316094,-0.169729090384,0.0475095017396,174.025316094,-169.729090384,47.5095017396,71.865887714,71.865887714,78.3955017619
473,0,300,positive,0.179768196259,-0.179676050611,0.0613790744326,179.768196259,-179.676050611,61.3790744326,83.351648044,83.351648044,92.2650744549
473,1,300,positive,0.179812977186,-0.179753613451,0.0615579524882,179.812977186,-179.753613451,61.5579524882,83.4412098971,83.4412098971,92.4439525105
474,0,300,positive,0.179768196259,-0.179676050611,0.0613790744326,179.768196259,-179.676050611,61.3790744326,83.351648044,83.351648044,92.2650744549
474,1,300,positive,0.17942730762,-0.179085614168,0.0600733063531,179.42730762,-179.085614168,60.0733063531,82.6698707646,82.6698707646,90.9593063754
475,0,300,positive,0.177988063489,-0.176592770209,0.0550402814889,177.988063489,-176.592770209,55.0402814889,79.7913825038,79.7913825038,85.9262815112
475,1,300,positive,0.178160591363,-0.176891597252,0.0556680928696,178.160591363,-176.891597252,55.6680928696,80.1364382508,80.1364382508,86.5540928919
476,0,300,positive,0.177800689973,-0.176268229759,0.0543611638805,177.800689973,-176.268229759,54.3611638805,79.4166354706,79.4166354706,85.2471639028
476,1,300,positive,0.177988063489,-0.176592770209,0.0550402814889,177.988063489,-176.592770209,55.0402814889,79.7913825038,79.7913825038,85.9262815112
477,0,300,positive,0.178384911449,-0.177280131039,0.0565194546129,178.384911449,-177.280131039,56.5194546129,80.5850784239,80.5850784239,87.4054546352
477,1,300,positive,0.178160591363,-0.176891597252,0.0556680928696,178.160591363,-176.891597252,55.6680928696,80.1364382508,80.1364382508,86.5540928919
478,0,300,positive,0.178384911449,-0.177280131039,0.0565194546129,178.384911449,-177.280131039,56.5194546129,80.5850784239,80.5850784239,87.4054546352
478,1,300,positive,0.178457011092,-0.177405011284,0.056796452477,178.457011092,-177.405011284,56.796452477,80.7292777097,80.7292777097,87.6824524993
479,0,300,positive,0.178457011092,-0.177405011284,0.056796452477,178.457011092,-177.405011284,56.796452477,80.7292777097,80.7292777097,87.6824524993
479,1,300,positive,0.17851158534,-0.177499536654,0.0569604963374,178.51158534,-177.499536654,56.9604963374,80.8384262051,80.8384262051,87.8464963597
480,0,300,positive,0.1788294956,-0.178050173377,0.0580865377523,178.8294956,-178.050173377,58.0865377523,81.4742467264,81.4742467264,88.9725377746
480,1,300,positive,0.178879611187,-0.17813697612,0.0582595701675,178.879611187,-178.13697612,58.2595701675,81.5744778997,81.5744778997,89.1455701898
481,0,300,positive,0.179035584829,-0.178407130392,0.0587318805767,179.035584829,-178.407130392,58.7318805767,81.886425184,81.886425184,89.617880599
481,1,300,positive,0.178879611187,-0.17813697612,0.0582595701675,178.879611187,-178.13697612,58.2595701675,81.5744778997,81.5744778997,89.1455701898
482,0,300,positive,0.178710772351,-0.177844538677,0.0575832967633,178.710772351,-177.844538677,57.5832967633,81.2368002278,81.2368002278,88.4692967856
482,1,300,positive,0.17851158534,-0.177499536654,0.0569604963374,178.51158534,-177.499536654,56.9604963374,80.8384262051,80.8384262051,87.8464963597
483,0,300,positive,0.1788294956,-0.178050173377,0.0580865377523,178.8294956,-178.050173377,58.0865377523,81.4742467264,81.4742467264,88.9725377746
483,1,300,positive,0.178710772351,-0.177844538677,0.0575832967633,178.710772351,-177.844538677,57.5832967633,81.2368002278,81.2368002278,88.4692967856
484,0,300,positive,0.179035584829,-0.178407130392,0.0587318805767,179.035584829,-178.407130392,58.7318805767,81.886425184,81.886425184,89.617880599
484,1,300,positive,0.179236143655,-0.178754508469,0.0593899789803,179.236143655,-178.754508469,59.3899789803,82.2875428364,82.2875428364,90.2759790026
485,0,300,positive,0.17942730762,-0.179085614168,0.0600733063531,179.42730762,-179.085614168,60.0733063531,82.6698707646,82.6698707646,90.9593063754
485,1,300,positive,0.179236143655,-0.178754508469,0.0593899789803,179.236143655,-178.754508469,59.3899789803,82.2875428364,82.2875428364,90.2759790026
486,0,300,positive,0.177184776362,-0.175201436092,0.060135501635,177.184776362,-175.201436092,60.135501635,78.1848082489,78.1848082489,91.0215016573
486,1,300,positive,0.17717453984,-0.175183705916,0.0600604882014,177.17453984,-175.183705916,60.0604882014,78.1643352056,78.1643352056,90.9464882237
487,0,300,positive,0.177274139089,-0.175356216876,0.0607102619794,177.274139089,-175.356216876,60.7102619794,78.3635337038,78.3635337038,91.5962620017
487,1,300,positive,0.177184776362,-0.175201436092,0.060135501635,177.184776362,-175.201436092,60.135501635,78.1848082489,78.1848082489,91.0215016573
488,0,300,positive,0.177274139089,-0.175356216876,0.0607102619794,177.274139089,-175.356216876,60.7102619794,78.3635337038,78.3635337038,91.5962620017
488,1,300,positive,0.177484770786,-0.175721041677,0.0620457833286,177.484770786,-175.721041677,62.0457833286,78.7847970979,78.7847970979,92.9317833509
489,0,300,positive,0.176020312547,-0.173184525602,0.0552783981006,176.020312547,-173.184525602,55.2783981006,75.8558806202,75.8558806202,86.1643981229
489,1,300,positive,0.175939175337,-0.173043991831,0.0547141697554,175.939175337,-173.043991831,54.7141697554,75.6936062,75.6936062,85.6001697777
490,0,300,positive,0.176149447642,-0.173408194147,0.0557661250367,176.149447642,-173.408194147,55.7661250367,76.1141508097,76.1141508097,86.652125059
490,1,300,positive,0.176020312547,-0.173184525602,0.0552783981006,176.020312547,-173.184525602,55.2783981006,75.8558806202,75.8558806202,86.1643981229
491,0,300,positive,0.176149447642,-0.173408194147,0.0557661250367,176.149447642,-173.408194147,55.7661250367,76.1141508097,76.1141508097,86.652125059
491,1,300,positive,0.176364959444,-0.173781471537,0.056522000581,176.364959444,-173.781471537,56.522000581,76.5451744134,76.5451744134,87.4080006033
492,0,300,positive,0.175259446346,-0.171866666683,0.0523462772859,175.259446346,-171.866666683,52.3462772859,74.3341482177,74.3341482177,83.2322773082
492,1,300,positive,0.175358905596,-0.172038935157,0.0527026869461,175.358905596,-172.038935157,52.7026869461,74.5330667176,74.5330667176,83.5886869684
493,0,300,positive,0.175463483212,-0.172220068902,0.052896515213,175.463483212,-172.220068902,52.896515213,74.74222195,74.74222195,83.7825152353
493,1,300,positive,0.175358905596,-0.172038935157,0.0527026869461,175.358905596,-172.038935157,52.7026869461,74.5330667176,74.5330667176,83.5886869684
494,0,300,positive,0.175627730606,-0.172504553732,0.0535313369394,175.627730606,-172.504553732,53.5313369394,75.0707167366,75.0707167366,84.4173369617
494,1,300,positive,0.175580231824,-0.172422283429,0.0534131591316,175.580231824,-172.422283429,53.4131591316,74.975719173,74.975719173,84.2991591539
495,0,300,positive,0.175632785588,-0.172513309218,0.0536166269006,175.632785588,-172.513309218,53.6166269006,75.0808267011,75.0808267011,84.5026269229
495,1,300,positive,0.175627730606,-0.172504553732,0.0535313369394,175.627730606,-172.504553732,53.5313369394,75.0707167366,75.0707167366,84.4173369617
496,0,300,positive,0.175463483212,-0.172220068902,0.052896515213,175.463483212,-172.220068902,52.896515213,74.74222195,74.74222195,83.7825152353
496,1,300,positive,0.175580231824,-0.172422283429,0.0534131591316,175.580231824,-172.422283429,53.4131591316,74.975719173,74.975719173,84.2991591539
497,0,300,positive,0.175632785588,-0.172513309218,0.0536166269006,175.632785588,-172.513309218,53.6166269006,75.0808267011,75.0808267011,84.5026269229
497,1,300,positive,0.175939175337,-0.173043991831,0.0547141697554,175.939175337,-173.043991831,54.7141697554,75.6936062,75.6936062,85.6001697777
498,0,300,positive,0.176879029298,-0.174671866644,0.0582806164018,176.879029298,-174.671866644,58.2806164018,77.5733141224,77.5733141224,89.1666164241
498,1,300,positive,0.176709046641,-0.174377448044,0.0575641560546,176.709046641,-174.377448044,57.5641560546,77.2333488068,77.2333488068,88.4501560769
499,0,300,positive,0.176440050929,-0.173911533804,0.0567220006976,176.440050929,-173.911533804,56.7220006976,76.695357383,76.695357383,87.6080007199
499,1,300,positive,0.176364959444,-0.173781471537,0.056522000581,176.364959444,-173.781471537,56.522000581,76.5451744134,76.5451744134,87.4080006033
500,0,300,positive,0.176440050929,-0.173911533804,0.0567220006976,176.440050929,-173.911533804,56.7220006976,76.695357383,76.695357383,87.6080007199
500,1,300,positive,0.176709046641,-0.174377448044,0.0575641560546,176.709046641,-174.377448044,57.5641560546,77.2333488068,77.2333488068,88.4501560769
501,0,300,positive,0.176879029298,-0.174671866644,0.0582806164018,176.879029298,-174.671866644,58.2806164018,77.5733141224,77.5733141224,89.1666164241
501,1,300,positive,0.17717453984,-0.175183705916,0.0600604882014,177.17453984,-175.183705916,60.0604882014,78.1643352056,78.1643352056,90.9464882237
502,0,300,positive,0.184456214923,-0.187795937124,0.0899046608271,184.456214923,-187.795937124,89.9046608271,92.7276853721,92.7276853721,120.790660849
502,1,300,positive,0.184471019241,-0.187821578954,0.0902131699892,184.471019241,-187.821578954,90.2131699892,92.7572940068,92.7572940068,121.099170011
503,0,300,positive,0.184471019241,-0.187821578954,0.0902131699892,184.471019241,-187.821578954,90.2131699892,92.7572940068,92.7572940068,121.099170011
503,1,300,positive,0.184626947966,-0.188091655429,0.0912251839773,184.626947966,-188.091655429,91.2251839773,93.0691514578,93.0691514578,122.111184
504,0,300,positive,0.184634537791,-0.188104801391,0.0912760636055,184.634537791,-188.104801391,91.2760636055,93.0843311067,93.0843311067,122.162063628
504,1,300,positive,0.184789724073,-0.188373591916,0.0927217380659,184.789724073,-188.373591916,92.7217380659,93.3947036713,93.3947036713,123.607738088
505,0,300,positive,0.184803051771,-0.188396676166,0.0928304132142,184.803051771,-188.396676166,92.8304132142,93.4213590674,93.4213590674,123.716413236
505,1,300,positive,0.184789724073,-0.188373591916,0.0927217380659,184.789724073,-188.373591916,92.7217380659,93.3947036713,93.3947036713,123.607738088
506,0,300,positive,0.184634537791,-0.188104801391,0.0912760636055,184.634537791,-188.104801391,91.2760636055,93.0843311067,93.0843311067,122.162063628
506,1,300,positive,0.184626947966,-0.188091655429,0.0912251839773,184.626947966,-188.091655429,91.2251839773,93.0691514578,93.0691514578,122.111184
507,0,300,positive,0.184803051771,-0.188396676166,0.0928304132142,184.803051771,-188.396676166,92.8304132142,93.4213590674,93.4213590674,123.716413236
507,1,300,positive,0.184881327523,-0.188532253746,0.0938162789925,184.881327523,-188.532253746,93.8162789925,93.577910571,93.577910571,124.702279015
508,0,300,positive,0.184888498766,-0.188544674704,0.0938796629201,184.888498766,-188.544674704,93.8796629201,93.5922530581,93.5922530581,124.765662942
508,1,300,positive,0.184881327523,-0.188532253746,0.0938162789925,184.881327523,-188.532253746,93.8162789925,93.577910571,93.577910571,124.702279015
509,0,300,positive,0.184901634203,-0.188567425948,0.0940244213601,184.901634203,-188.567425948,94.0244213601,93.6185239323,93.6185239323,124.910421382
509,1,300,positive,0.184888498766,-0.188544674704,0.0938796629201,184.888498766,-188.544674704,93.8796629201,93.5922530581,93.5922530581,124.765662942
510,0,300,positive,0.185083462463,-0.188882361733,0.095915352698,185.083462463,-188.882361733,95.915352698,93.9821804523,93.9821804523,126.80135272
510,1,300,positive,0.185178924062,-0.189047706072,0.0965278462983,185.178924062,-189.047706072,96.5278462983,94.1731036501,94.1731036501,127.413846321
511,0,300,positive,0.184901634203,-0.188567425948,0.0940244213601,184.901634203,-188.567425948,94.0244213601,93.6185239323,93.6185239323,124.910421382
511,1,300,positive,0.185012542386,-0.188759524555,0.0954433221007,185.012542386,-188.759524555,95.4433221007,93.8403402966,93.8403402966,126.329322123
512,0,300,positive,0.185083462463,-0.188882361733,0.095915352698,185.083462463,-188.882361733,95.915352698,93.9821804523,93.9821804523,126.80135272
512,1,300,positive,0.185012542386,-0.188759524555,0.0954433221007,185.012542386,-188.759524555,95.4433221007,93.8403402966,93.8403402966,126.329322123
513,0,300,positive,0.185178924062,-0.189047706072,0.0965278462983,185.178924062,-189.047706072,96.5278462983,94.1731036501,94.1731036501,127.413846321
513,1,300,positive,0.185219292038,-0.189117625456,0.0968328516333,185.219292038,-189.117625456,96.8328516333,94.2538396006,94.2538396006,127.718851656
514,0,300,positive,0.185219292038,-0.189117625456,0.0968328516333,185.219292038,-189.117625456,96.8328516333,94.2538396006,94.2538396006,127.718851656
514,1,300,positive,0.185328737421,-0.189307190422,0.097562673163,185.328737421,-189.307190422,97.562673163,94.4727303681,94.4727303681,128.448673185
515,0,300,positive,0.185403407569,-0.189436522912,0.0980882929047,185.403407569,-189.436522912,98.0882929047,94.622070664,94.622070664,128.974292927
515,1,300,positive,0.185328737421,-0.189307190422,0.097562673163,185.328737421,-189.307190422,97.562673163,94.4727303681,94.4727303681,128.448673185
516,0,300,positive,0.185440896992,-0.189501456497,0.0983228514563,185.440896992,-189.501456497,98.3228514563,94.6970495099,94.6970495099,129.208851479
516,1,300,positive,0.185603169751,-0.18978252116,0.0991917394726,185.603169751,-189.78252116,99.1917394726,95.0215950273,95.0215950273,130.077739495
517,0,300,positive,0.185440896992,-0.189501456497,0.0983228514563,185.440896992,-189.501456497,98.3228514563,94.6970495099,94.6970495099,129.208851479
517,1,300,positive,0.185403407569,-0.189436522912,0.0980882929047,185.403407569,-189.436522912,98.0882929047,94.622070664,94.622070664,128.974292927
518,0,300,positive,0.181972007916,-0.183493164372,0.070524122884,181.972007916,-183.493164372,70.524122884,87.759271358,87.759271358,101.410122906
518,1,300,positive,0.181974204402,-0.183496968797,0.070537236621,181.974204402,-183.496968797,70.537236621,87.7636643298,87.7636643298,101.423236643
519,0,300,positive,0.180611970164,-0.181137509884,0.0642508732588,180.611970164,-181.137509884,64.2508732588,85.0391958529,85.0391958529,95.1368732811
519,1,300,positive,0.180636197685,-0.181179473181,0.0643515284028,180.636197685,-181.179473181,64.3515284028,85.0876508947,85.0876508947,95.2375284251
520,0,300,positive,0.180589124118,-0.181097939372,0.0641738328121,180.589124118,-181.097939372,64.1738328121,84.9935037612,84.9935037612,95.0598328344
520,1,300,positive,0.180611970164,-0.181137509884,0.0642508732588,180.611970164,-181.137509884,64.2508732588,85.0391958529,85.0391958529,95.1368732811
521,0,300,positive,0.179812977186,-0.179753613451,0.0615579524882,179.812977186,-179.753613451,61.5579524882,83.4412098971,83.4412098971,92.4439525105
521,1,300,positive,0.179820184761,-0.179766097339,0.0615835470622,179.820184761,-179.766097339,61.5835470622,83.4556250483,83.4556250483,92.4695470845
522,0,300,positive,0.179820184761,-0.179766097339,0.0615835470622,179.820184761,-179.766097339,61.5835470622,83.4556250483,83.4556250483,92.4695470845
522,1,300,positive,0.179831214148,-0.179785200797,0.0616260071718,179.831214148,-179.785200797,61.6260071718,83.4776838223,83.4776838223,92.5120071941
523,0,300,positive,0.180589124118,-0.181097939372,0.0641738328121,180.589124118,-181.097939372,64.1738328121,84.9935037612,84.9935037612,95.0598328344
523,1,300,positive,0.179831214148,-0.179785200797,0.0616260071718,179.831214148,-179.785200797,61.6260071718,83.4776838223,83.4776838223,92.5120071941
524,0,300,positive,0.180872285181,-0.18158838872,0.0654412363707,180.872285181,-181.58838872,65.4412363707,85.5598258881,85.5598258881,96.327236393
524,1,300,positive,0.180636197685,-0.181179473181,0.0643515284028,180.636197685,-181.179473181,64.3515284028,85.0876508947,85.0876508947,95.2375284251
525,0,300,positive,0.181056665881,-0.18190774546,0.0662204313908,181.056665881,-181.90774546,66.2204313908,85.9285872869,85.9285872869,97.1064314131
525,1,300,positive,0.180872285181,-0.18158838872,0.0654412363707,180.872285181,-181.58838872,65.4412363707,85.5598258881,85.5598258881,96.327236393
526,0,300,positive,0.181214670027,-0.182181416668,0.0672751219287,181.214670027,-182.181416668,67.2751219287,86.2445955789,86.2445955789,98.161121951
526,1,300,positive,0.18130706689,-0.18234145273,0.0677233669908,181.30706689,-182.34145273,67.7233669908,86.4293893049,86.4293893049,98.6093670131
527,0,300,positive,0.181185440651,-0.182130789905,0.0671122299234,181.185440651,-182.130789905,67.1122299234,86.1861368279,86.1861368279,97.9982299456
527,1,300,positive,0.181214670027,-0.182181416668,0.0672751219287,181.214670027,-182.181416668,67.2751219287,86.2445955789,86.2445955789,98.161121951
528,0,300,positive,0.181536275546,-0.182738453767,0.0687844196212,181.536275546,-182.738453767,68.7844196212,86.8878066171,86.8878066171,99.6704196435
528,1,300,positive,0.18130706689,-0.18234145273,0.0677233669908,181.30706689,-182.34145273,67.7233669908,86.4293893049,86.4293893049,98.6093670131
529,0,300,positive,0.181185440651,-0.182130789905,0.0671122299234,181.185440651,-182.130789905,67.1122299234,86.1861368279,86.1861368279,97.9982299456
529,1,300,positive,0.181056665881,-0.18190774546,0.0662204313908,181.056665881,-181.90774546,66.2204313908,85.9285872869,85.9285872869,97.1064314131
530,0,300,positive,0.181730114578,-0.18307419282,0.0695051367602,181.730114578,-183.07419282,69.5051367602,87.2754846813,87.2754846813,100.391136783
530,1,300,positive,0.181807895947,-0.183208914103,0.0698111072034,181.807895947,-183.208914103,69.8111072034,87.4310474199,87.4310474199,100.697107226
531,0,300,positive,0.181580154486,-0.182814454321,0.0689561473374,181.580154486,-182.814454321,68.9561473374,86.9755644975,86.9755644975,99.8421473597
531,1,300,positive,0.181730114578,-0.18307419282,0.0695051367602,181.730114578,-183.07419282,69.5051367602,87.2754846813,87.2754846813,100.391136783
532,0,300,positive,0.181580154486,-0.182814454321,0.0689561473374,181.580154486,-182.814454321,68.9561473374,86.9755644975,86.9755644975,99.8421473597
532,1,300,positive,0.181536275546,-0.182738453767,0.0687844196212,181.536275546,-182.738453767,68.7844196212,86.8878066171,86.8878066171,99.6704196435
533,0,300,positive,0.181972007916,-0.183493164372,0.070524122884,181.972007916,-183.493164372,70.524122884,87.759271358,87.759271358,101.410122906
533,1,300,positive,0.181807895947,-0.183208914103,0.0698111072034,181.807895947,-183.208914103,69.8111072034,87.4310474199,87.4310474199,100.697107226
534,0,300,positive,0.180195249851,-0.18041572913,0.0702963928591,180.195249851,-180.41572913,70.2963928591,84.2057552282,84.2057552282,101.182392881
534,1,300,positive,0.180126648352,-0.180296907848,0.070168056752,180.126648352,-180.296907848,70.168056752,84.0685522289,84.0685522289,101.054056774
535,0,300,positive,0.180195249851,-0.18041572913,0.0702963928591,180.195249851,-180.41572913,70.2963928591,84.2057552282,84.2057552282,101.182392881
535,1,300,positive,0.180225899407,-0.180468815718,0.0703310780397,180.225899407,-180.468815718,70.3310780397,84.267054339,84.267054339,101.217078062
536,0,300,positive,0.180316052257,-0.180624965035,0.0707606648166,180.316052257,-180.624965035,70.7606648166,84.4473600403,84.4473600403,101.646664839
536,1,300,positive,0.180225899407,-0.180468815718,0.0703310780397,180.225899407,-180.468815718,70.3310780397,84.267054339,84.267054339,101.217078062
537,0,300,positive,0.180368495574,-0.180715799524,0.0709036456632,180.368495574,-180.715799524,70.9036456632,84.5522466733,84.5522466733,101.789645686
537,1,300,positive,0.18038486582,-0.180744153622,0.0709496402246,180.38486582,-180.744153622,70.9496402246,84.584987165,84.584987165,101.835640247
538,0,300,positive,0.180316052257,-0.180624965035,0.0707606648166,180.316052257,-180.624965035,70.7606648166,84.4473600403,84.4473600403,101.646664839
538,1,300,positive,0.180368495574,-0.180715799524,0.0709036456632,180.368495574,-180.715799524,70.9036456632,84.5522466733,84.5522466733,101.789645686
539,0,300,positive,0.180126648352,-0.180296907848,0.070168056752,180.126648352,-180.296907848,70.168056752,84.0685522289,84.0685522289,101.054056774
539,1,300,positive,0.179879487803,-0.17986881322,0.0702271428238,179.879487803,-179.86881322,70.2271428238,83.5742311316,83.5742311316,101.113142846
540,0,300,positive,0.17982575781,-0.179775750142,0.0702376535004,179.82575781,-179.775750142,70.2376535004,83.4667711461,83.4667711461,101.123653523
540,1,300,positive,0.179879487803,-0.17986881322,0.0702271428238,179.879487803,-179.86881322,70.2271428238,83.5742311316,83.5742311316,101.113142846
541,0,300,positive,0.17982575781,-0.179775750142,0.0702376535004,179.82575781,-179.775750142,70.2376535004,83.4667711461,83.4667711461,101.123653523
541,1,300,positive,0.179529936637,-0.179263372841,0.0701162334237,179.529936637,-179.263372841,70.1162334237,82.8751288005,82.8751288005,101.002233446
542,0,300,positive,0.179523899062,-0.179252915453,0.0701161506296,179.523899062,-179.252915453,70.1161506296,82.8630536491,82.8630536491,101.002150652
542,1,300,positive,0.179529936637,-0.179263372841,0.0701162334237,179.529936637,-179.263372841,70.1162334237,82.8751288005,82.8751288005,101.002233446
543,0,300,positive,0.182281722762,-0.18402960622,0.072022618434,182.281722762,-184.02960622,72.022618434,88.3787010494,88.3787010494,102.908618456
543,1,300,positive,0.182326449626,-0.184107075422,0.0722061893586,182.326449626,-184.107075422,72.2061893586,88.4681547784,88.4681547784,103.092189381
544,0,300,positive,0.182326449626,-0.184107075422,0.0722061893586,182.326449626,-184.107075422,72.2061893586,88.4681547784,88.4681547784,103.092189381
544,1,300,positive,0.182350051414,-0.184147954916,0.072340397247,182.350051414,-184.147954916,72.340397247,88.5153583526,88.5153583526,103.226397269
545,0,300,positive,0.182350051414,-0.184147954916,0.072340397247,182.350051414,-184.147954916,72.340397247,88.5153583526,88.5153583526,103.226397269
545,1,300,positive,0.182374028433,-0.184189484333,0.0724881310393,182.374028433,-184.189484333,72.4881310393,88.5633123925,88.5633123925,103.374131062
546,0,300,positive,0.182281722762,-0.18402960622,0.072022618434,182.281722762,-184.02960622,72.022618434,88.3787010494,88.3787010494,102.908618456
546,1,300,positive,0.181974204402,-0.183496968797,0.070537236621,181.974204402,-183.496968797,70.537236621,87.7636643298,87.7636643298,101.423236643
547,0,300,positive,0.182497713772,-0.184403713624,0.0732807274636,182.497713772,-184.403713624,73.2807274636,88.8106830704,88.8106830704,104.166727486
547,1,300,positive,0.182374028433,-0.184189484333,0.0724881310393,182.374028433,-184.189484333,72.4881310393,88.5633123925,88.5633123925,103.374131062
548,0,300,positive,0.182503269414,-0.184413336279,0.0744290917132,182.503269414,-184.413336279,74.4290917132,88.8217943545,88.8217943545,105.315091736
548,1,300,positive,0.182555686267,-0.18450412493,0.0745936591287,182.555686267,-184.50412493,74.5936591287,88.926628059,88.926628059,105.479659151
549,0,300,positive,0.182944621968,-0.185177781326,0.0760339949725,182.944621968,-185.177781326,76.0339949725,89.7044994621,89.7044994621,106.919994995
549,1,300,positive,0.182971688894,-0.185224662617,0.076189260987,182.971688894,-185.224662617,76.189260987,89.758633314,89.758633314,107.075261009
550,0,300,positive,0.182944621968,-0.185177781326,0.0760339949725,182.944621968,-185.177781326,76.0339949725,89.7044994621,89.7044994621,106.919994995
550,1,300,positive,0.18283422635,-0.184986570506,0.0754156885072,182.83422635,-184.986570506,75.4156885072,89.4837082254,89.4837082254,106.301688529
551,0,300,positive,0.182644588734,-0.18465810852,0.0748160556621,182.644588734,-184.65810852,74.8160556621,89.1044329938,89.1044329938,105.702055684
551,1,300,positive,0.182765393121,-0.184867347856,0.0751694468601,182.765393121,-184.867347856,75.1694468601,89.3460417671,89.3460417671,106.055446882
552,0,300,positive,0.18283422635,-0.184986570506,0.0754156885072,182.83422635,-184.986570506,75.4156885072,89.4837082254,89.4837082254,106.301688529
552,1,300,positive,0.182765393121,-0.184867347856,0.0751694468601,182.765393121,-184.867347856,75.1694468601,89.3460417671,89.3460417671,106.055446882
553,0,300,positive,0.182488068854,-0.184387008135,0.0738223852291,182.488068854,-184.387008135,73.8223852291,88.7913932326,88.7913932326,104.708385251
553,1,300,positive,0.182478405539,-0.184370270784,0.074083195147,182.478405539,-184.370270784,74.083195147,88.7720666041,88.7720666041,104.969195169
554,0,300,positive,0.182497713772,-0.184403713624,0.0732807274636,182.497713772,-184.403713624,73.2807274636,88.8106830704,88.8106830704,104.166727486
554,1,300,positive,0.182497523364,-0.184403383828,0.0734194290382,182.497523364,-184.403383828,73.4194290382,88.8103022539,88.8103022539,104.30542906
555,0,300,positive,0.182504173002,-0.184414901339,0.0736474608393,182.504173002,-184.414901339,73.6474608393,88.82360153,88.82360153,104.533460862
555,1,300,positive,0.182497523364,-0.184403383828,0.0734194290382,182.497523364,-184.403383828,73.4194290382,88.8103022539,88.8103022539,104.30542906
556,0,300,positive,0.182488068854,-0.184387008135,0.0738223852291,182.488068854,-184.387008135,73.8223852291,88.7913932326,88.7913932326,104.708385251
556,1,300,positive,0.182504173002,-0.184414901339,0.0736474608393,182.504173002,-184.414901339,73.6474608393,88.82360153,88.82360153,104.533460862
557,0,300,positive,0.182644588734,-0.18465810852,0.0748160556621,182.644588734,-184.65810852,74.8160556621,89.1044329938,89.1044329938,105.702055684
557,1,300,positive,0.182555686267,-0.18450412493,0.0745936591287,182.555686267,-184.50412493,74.5936591287,88.926628059,88.926628059,105.479659151
558,0,300,positive,0.182470445447,-0.1843564835,0.0742521244992,182.470445447,-184.3564835,74.2521244992,88.7561464201,88.7561464201,105.138124522
558,1,300,positive,0.182478405539,-0.184370270784,0.074083195147,182.478405539,-184.370270784,74.083195147,88.7720666041,88.7720666041,104.969195169
559,0,300,positive,0.182503269414,-0.184413336279,0.0744290917132,182.503269414,-184.413336279,74.4290917132,88.8217943545,88.8217943545,105.315091736
559,1,300,positive,0.182470445447,-0.1843564835,0.0742521244992,182.470445447,-184.3564835,74.2521244992,88.7561464201,88.7561464201,105.138124522
560,0,300,positive,0.183194644041,-0.185610832259,0.0779797956977,183.194644041,-185.610832259,77.9797956977,90.2045436072,90.2045436072,108.86579572
560,1,300,positive,0.183255809274,-0.18571677355,0.0786242389333,183.255809274,-185.71677355,78.6242389333,90.3268740739,90.3268740739,109.510238956
561,0,300,positive,0.183194644041,-0.185610832259,0.0779797956977,183.194644041,-185.610832259,77.9797956977,90.2045436072,90.2045436072,108.86579572
561,1,300,positive,0.183101505792,-0.185449512079,0.0769888153827,183.101505792,-185.449512079,76.9888153827,90.0182671094,90.0182671094,107.874815405
562,0,300,positive,0.183255809274,-0.18571677355,0.0786242389333,183.255809274,-185.71677355,78.6242389333,90.3268740739,90.3268740739,109.510238956
562,1,300,positive,0.183266701799,-0.185735639956,0.078779358125,183.266701799,-185.735639956,78.779358125,90.3486591226,90.3486591226,109.665358147
563,0,300,positive,0.183266701799,-0.185735639956,0.078779358125,183.266701799,-185.735639956,78.779358125,90.3486591226,90.3486591226,109.665358147
563,1,300,positive,0.18340370176,-0.18597293085,0.080351702347,183.40370176,-185.97293085,80.351702347,90.6226590457,90.6226590457,111.237702369
564,0,300,positive,0.183420898754,-0.186002716918,0.0805471591646,183.420898754,-186.002716918,80.5471591646,90.6570530341,90.6570530341,111.433159187
564,1,300,positive,0.18340370176,-0.18597293085,0.080351702347,183.40370176,-185.97293085,80.351702347,90.6226590457,90.6226590457,111.237702369
565,0,300,positive,0.182971688894,-0.185224662617,0.076189260987,182.971688894,-185.224662617,76.189260987,89.758633314,89.758633314,107.075261009
565,1,300,positive,0.183042355226,-0.185347060295,0.0766088769907,183.042355226,-185.347060295,76.6088769907,89.8999659784,89.8999659784,107.494877013
566,0,300,positive,0.183101505792,-0.185449512079,0.0769888153827,183.101505792,-185.449512079,76.9888153827,90.0182671094,90.0182671094,107.874815405
566,1,300,positive,0.183042355226,-0.185347060295,0.0766088769907,183.042355226,-185.347060295,76.6088769907,89.8999659784,89.8999659784,107.494877013
567,0,300,positive,0.180929899269,-0.181688179248,0.0756191237938,180.929899269,-181.688179248,75.6191237938,85.6750540638,85.6750540638,106.505123816
567,1,300,positive,0.180728075763,-0.181338610682,0.0750644247558,180.728075763,-181.338610682,75.0644247558,85.2714070525,85.2714070525,105.950424778
568,0,300,positive,0.180929899269,-0.181688179248,0.0756191237938,180.929899269,-181.688179248,75.6191237938,85.6750540638,85.6750540638,106.505123816
568,1,300,positive,0.180952520713,-0.181727360738,0.0757516431196,180.952520713,-181.727360738,75.7516431196,85.7202969519,85.7202969519,106.637643142
569,0,300,positive,0.180454780668,-0.180865249691,0.0715525958396,180.454780668,-180.865249691,71.5525958396,84.7248168616,84.7248168616,102.438595862
569,1,300,positive,0.180405408641,-0.180779734832,0.0711587172255,180.405408641,-180.779734832,71.1587172255,84.6260728082,84.6260728082,102.044717248
570,0,300,positive,0.180454780668,-0.180865249691,0.0715525958396,180.454780668,-180.865249691,71.5525958396,84.7248168616,84.7248168616,102.438595862
570,1,300,positive,0.180439340797,-0.18083850705,0.0720188154827,180.439340797,-180.83850705,72.0188154827,84.693937119,84.693937119,102.904815505
571,0,300,positive,0.180433981749,-0.180829224906,0.0721500003388,180.433981749,-180.829224906,72.1500003388,84.6832190231,84.6832190231,103.036000361
571,1,300,positive,0.180439340797,-0.18083850705,0.0720188154827,180.439340797,-180.83850705,72.0188154827,84.693937119,84.693937119,102.904815505
572,0,300,positive,0.18038486582,-0.180744153622,0.0709496402246,180.38486582,-180.744153622,70.9496402246,84.584987165,84.584987165,101.835640247
572,1,300,positive,0.180405408641,-0.180779734832,0.0711587172255,180.405408641,-180.779734832,71.1587172255,84.6260728082,84.6260728082,102.044717248
573,0,300,positive,0.180433981749,-0.180829224906,0.0721500003388,180.433981749,-180.829224906,72.1500003388,84.6832190231,84.6832190231,103.036000361
573,1,300,positive,0.180394980545,-0.18076167284,0.0725007559867,180.394980545,-180.76167284,72.5007559867,84.6052166163,84.6052166163,103.386756009
574,0,300,positive,0.180378801535,-0.180733649973,0.0727219403856,180.378801535,-180.733649973,72.7219403856,84.5728585961,84.5728585961,103.607940408
574,1,300,positive,0.180394980545,-0.18076167284,0.0725007559867,180.394980545,-180.76167284,72.5007559867,84.6052166163,84.6052166163,103.386756009
575,0,300,positive,0.180391175657,-0.18075508258,0.0729428635846,180.391175657,-180.75508258,72.9428635846,84.5976068387,84.5976068387,103.828863607
575,1,300,positive,0.180378801535,-0.180733649973,0.0727219403856,180.378801535,-180.733649973,72.7219403856,84.5728585961,84.5728585961,103.607940408
576,0,300,positive,0.180391175657,-0.18075508258,0.0729428635846,180.391175657,-180.75508258,72.9428635846,84.5976068387,84.5976068387,103.828863607
576,1,300,positive,0.180402188213,-0.180774156887,0.0733089389112,180.402188213,-180.774156887,73.3089389112,84.6196319522,84.6196319522,104.194938933
577,0,300,positive,0.180452421107,-0.180861162811,0.0736584760157,180.452421107,-180.861162811,73.6584760157,84.7200977392,84.7200977392,104.544476038
577,1,300,positive,0.180402188213,-0.180774156887,0.0733089389112,180.402188213,-180.774156887,73.3089389112,84.6196319522,84.6196319522,104.194938933
578,0,300,positive,0.180452421107,-0.180861162811,0.0736584760157,180.452421107,-180.861162811,73.6584760157,84.7200977392,84.7200977392,104.544476038
578,1,300,positive,0.180537680801,-0.181008836934,0.0742770352967,180.537680801,-181.008836934,74.2770352967,84.890617128,84.890617128,105.163035319
579,0,300,positive,0.180537680801,-0.181008836934,0.0742770352967,180.537680801,-181.008836934,74.2770352967,84.890617128,84.890617128,105.163035319
579,1,300,positive,0.180589470663,-0.181098539606,0.0745285818199,180.589470663,-181.098539606,74.5285818199,84.9941968517,84.9941968517,105.414581842
580,0,300,positive,0.180668609334,-0.181235611805,0.0748100443622,180.668609334,-181.235611805,74.8100443622,85.1524741941,85.1524741941,105.696044384
580,1,300,positive,0.180589470663,-0.181098539606,0.0745285818199,180.589470663,-181.098539606,74.5285818199,84.9941968517,84.9941968517,105.414581842
581,0,300,positive,0.180668609334,-0.181235611805,0.0748100443622,180.668609334,-181.235611805,74.8100443622,85.1524741941,85.1524741941,105.696044384
581,1,300,positive,0.180728075763,-0.181338610682,0.0750644247558,180.728075763,-181.338610682,75.0644247558,85.2714070525,85.2714070525,105.950424778
582,0,300,positive,0.18107773551,-0.181944239127,0.0760137352291,181.07773551,-181.944239127,76.0137352291,85.9707265446,85.9707265446,106.899735251
582,1,300,positive,0.181067380954,-0.181926304511,0.075981110628,181.067380954,-181.926304511,75.981110628,85.9500174332,85.9500174332,106.86711065
583,0,300,positive,0.18107773551,-0.181944239127,0.0760137352291,181.07773551,-181.944239127,76.0137352291,85.9707265446,85.9707265446,106.899735251
583,1,300,positive,0.181079741803,-0.181947714129,0.076296608747,181.079741803,-181.947714129,76.296608747,85.9747391312,85.9747391312,107.182608769
584,0,300,positive,0.18105499339,-0.181904848621,0.0767444250182,181.05499339,-181.904848621,76.7444250182,85.925242306,85.925242306,107.630425041
584,1,300,positive,0.181079741803,-0.181947714129,0.076296608747,181.079741803,-181.947714129,76.296608747,85.9747391312,85.9747391312,107.182608769
585,0,300,positive,0.18105499339,-0.181904848621,0.0767444250182,181.05499339,-181.904848621,76.7444250182,85.925242306,85.925242306,107.630425041
585,1,300,positive,0.181033004018,-0.181866761911,0.0769712954362,181.033004018,-181.866761911,76.9712954362,85.8812635614,85.8812635614,107.857295459
586,0,300,positive,0.180952520713,-0.181727360738,0.0757516431196,180.952520713,-181.727360738,75.7516431196,85.7202969519,85.7202969519,106.637643142
586,1,300,positive,0.181067380954,-0.181926304511,0.075981110628,181.067380954,-181.926304511,75.981110628,85.9500174332,85.9500174332,106.86711065
587,0,300,positive,0.180955114335,-0.181731853024,0.0774367939455,180.955114335,-181.731853024,77.4367939455,85.7254841961,85.7254841961,108.322793968
587,1,300,positive,0.181033004018,-0.181866761911,0.0769712954362,181.033004018,-181.866761911,76.9712954362,85.8812635614,85.8812635614,107.857295459
588,0,300,positive,0.180931968198,-0.181691762738,0.0781259591176,180.931968198,-181.691762738,78.1259591176,85.6791919223,85.6791919223,109.01195914
588,1,300,positive,0.180931435406,-0.181690839915,0.0776950377273,180.931435406,-181.690839915,77.6950377273,85.6781263372,85.6781263372,108.58103775
589,0,300,positive,0.180941316346,-0.181707954205,0.0775149540958,180.941316346,-181.707954205,77.5149540958,85.697888217,85.697888217,108.400954118
589,1,300,positive,0.180931435406,-0.181690839915,0.0776950377273,180.931435406,-181.690839915,77.6950377273,85.6781263372,85.6781263372,108.58103775
590,0,300,positive,0.180955114335,-0.181731853024,0.0774367939455,180.955114335,-181.731853024,77.4367939455,85.7254841961,85.7254841961,108.322793968
590,1,300,positive,0.180941316346,-0.181707954205,0.0775149540958,180.941316346,-181.707954205,77.5149540958,85.697888217,85.697888217,108.400954118
591,0,300,positive,0.180969552891,-0.181756861335,0.078466792467,180.969552891,-181.756861335,78.466792467,85.754361307,85.754361307,109.352792489
591,1,300,positive,0.180931968198,-0.181691762738,0.0781259591176,180.931968198,-181.691762738,78.1259591176,85.6791919223,85.6791919223,109.01195914
592,0,300,positive,0.180969552891,-0.181756861335,0.078466792467,180.969552891,-181.756861335,78.466792467,85.754361307,85.754361307,109.352792489
592,1,300,positive,0.18097774,-0.181771041825,0.0788233944032,180.97774,-181.771041825,78.8233944032,85.7707355261,85.7707355261,109.709394425
593,0,300,positive,0.180954178785,-0.181730232603,0.0792885496259,180.954178785,-181.730232603,79.2885496259,85.7236130959,85.7236130959,110.174549648
593,1,300,positive,0.18097774,-0.181771041825,0.0788233944032,180.97774,-181.771041825,78.8233944032,85.7707355261,85.7707355261,109.709394425
594,0,300,positive,0.180986946276,-0.181786987562,0.0815525307956,180.986946276,-181.786987562,81.5525307956,85.7891480768,85.7891480768,112.438530818
594,1,300,positive,0.180985141995,-0.181783862456,0.0812748703519,180.985141995,-181.783862456,81.2748703519,85.785539516,85.785539516,112.160870374
595,0,300,positive,0.180954178785,-0.181730232603,0.0792885496259,180.954178785,-181.730232603,79.2885496259,85.7236130959,85.7236130959,110.174549648
595,1,300,positive,0.180985141995,-0.181783862456,0.0812748703519,180.985141995,-181.783862456,81.2748703519,85.785539516,85.785539516,112.160870374
596,0,300,positive,0.177755478291,-0.176189920828,0.0632220870739,177.755478291,-176.189920828,63.2220870739,79.3262121067,79.3262121067,94.1080870962
596,1,300,positive,0.177484770786,-0.175721041677,0.0620457833286,177.484770786,-175.721041677,62.0457833286,78.7847970979,78.7847970979,92.9317833509
597,0,300,positive,0.17780607926,-0.176277564279,0.0633797352403,177.80607926,-176.277564279,63.3797352403,79.4274140462,79.4274140462,94.2657352626
597,1,300,positive,0.177960280072,-0.176544647919,0.0640767809415,177.960280072,-176.544647919,64.0767809415,79.7358156691,79.7358156691,94.9627809638
598,0,300,positive,0.178448661708,-0.177390549726,0.0661145762253,178.448661708,-177.390549726,66.1145762253,80.7125789414,80.7125789414,97.0005762476
598,1,300,positive,0.177960280072,-0.176544647919,0.0640767809415,177.960280072,-176.544647919,64.0767809415,79.7358156691,79.7358156691,94.9627809638
599,0,300,positive,0.177755478291,-0.176189920828,0.0632220870739,177.755478291,-176.189920828,63.2220870739,79.3262121067,79.3262121067,94.1080870962
599,1,300,positive,0.17780607926,-0.176277564279,0.0633797352403,177.80607926,-176.277564279,63.3797352403,79.4274140462,79.4274140462,94.2657352626
600,0,300,positive,0.178651530698,-0.177741929124,0.0671885535543,178.651530698,-177.741929124,67.1885535543,81.1183169215,81.1183169215,98.0745535765
600,1,300,positive,0.178448661708,-0.177390549726,0.0661145762253,178.448661708,-177.390549726,66.1145762253,80.7125789414,80.7125789414,97.0005762476
601,0,300,positive,0.178651530698,-0.177741929124,0.0671885535543,178.651530698,-177.741929124,67.1885535543,81.1183169215,81.1183169215,98.0745535765
601,1,300,positive,0.178872322979,-0.178124352573,0.0686917940146,178.872322979,-178.124352573,68.6917940146,81.5599014834,81.5599014834,99.5777940369
602,0,300,positive,0.178958941046,-0.178274379466,0.068922183775,178.958941046,-178.274379466,68.922183775,81.7331376173,81.7331376173,99.8081837973
602,1,300,positive,0.178872322979,-0.178124352573,0.0686917940146,178.872322979,-178.124352573,68.6917940146,81.5599014834,81.5599014834,99.5777940369
603,0,300,positive,0.178958941046,-0.178274379466,0.068922183775,178.958941046,-178.274379466,68.922183775,81.7331376173,81.7331376173,99.8081837973
603,1,300,positive,0.179249130605,-0.178777002527,0.0697232449441,179.249130605,-178.777002527,69.7232449441,82.3135167364,82.3135167364,100.609244966
604,0,300,positive,0.179489129599,-0.179192692978,0.0700667262362,179.489129599,-179.192692978,70.0667262362,82.7935147242,82.7935147242,100.952726259
604,1,300,positive,0.179249130605,-0.178777002527,0.0697232449441,179.249130605,-178.777002527,69.7232449441,82.3135167364,82.3135167364,100.609244966
605,0,300,positive,0.179489129599,-0.179192692978,0.0700667262362,179.489129599,-179.192692978,70.0667262362,82.7935147242,82.7935147242,100.952726259
605,1,300,positive,0.179523901538,-0.179252919742,0.0701139047559,179.523901538,-179.252919742,70.1139047559,82.863058601,82.863058601,100.999904778
606,0,300,positive,0.179523901538,-0.179252919742,0.0701139047559,179.523901538,-179.252919742,70.1139047559,82.863058601,82.863058601,100.999904778
606,1,300,positive,0.179523899062,-0.179252915453,0.0701161506296,179.523899062,-179.252915453,70.1161506296,82.8630536491,82.8630536491,101.002150652
607,0,300,positive,0.183427324879,-0.186013847293,0.0806120880656,183.427324879,-186.013847293,80.6120880656,90.6699052843,90.6699052843,111.498088088
607,1,300,positive,0.183420898754,-0.186002716918,0.0805471591646,183.420898754,-186.002716918,80.5471591646,90.6570530341,90.6570530341,111.433159187
608,0,300,positive,0.183694035775,-0.186475804116,0.0833967945988,183.694035775,-186.475804116,83.3967945988,91.2033270763,91.2033270763,114.282794621
608,1,300,positive,0.183743960168,-0.1865622757,0.0837873081339,183.743960168,-186.5622757,83.7873081339,91.3031758614,91.3031758614,114.673308156
609,0,300,positive,0.183743960168,-0.1865622757,0.0837873081339,183.743960168,-186.5622757,83.7873081339,91.3031758614,91.3031758614,114.673308156
609,1,300,positive,0.183909201118,-0.186848481421,0.0851874645823,183.909201118,-186.848481421,85.1874645823,91.6336577615,91.6336577615,116.073464605
610,0,300,positive,0.183949002032,-0.186917418627,0.0855625334249,183.949002032,-186.917418627,85.5625334249,91.7132595903,91.7132595903,116.448533447
610,1,300,positive,0.183909201118,-0.186848481421,0.0851874645823,183.909201118,-186.848481421,85.1874645823,91.6336577615,91.6336577615,116.073464605
611,0,300,positive,0.183427324879,-0.186013847293,0.0806120880656,183.427324879,-186.013847293,80.6120880656,90.6699052843,90.6699052843,111.498088088
611,1,300,positive,0.183694035775,-0.186475804116,0.0833967945988,183.694035775,-186.475804116,83.3967945988,91.2033270763,91.2033270763,114.282794621
612,0,300,positive,0.183965933677,-0.186946745095,0.0856933839487,183.965933677,-186.946745095,85.6933839487,91.7471228792,91.7471228792,116.579383971
612,1,300,positive,0.184083003415,-0.187149515829,0.0866442818573,184.083003415,-187.149515829,86.6442818573,91.9812623549,91.9812623549,117.53028188
613,0,300,positive,0.183965933677,-0.186946745095,0.0856933839487,183.965933677,-186.946745095,85.6933839487,91.7471228792,91.7471228792,116.579383971
613,1,300,positive,0.183949002032,-0.186917418627,0.0855625334249,183.949002032,-186.917418627,85.5625334249,91.7132595903,91.7132595903,116.448533447
614,0,300,positive,0.184083003415,-0.187149515829,0.0866442818573,184.083003415,-187.149515829,86.6442818573,91.9812623549,91.9812623549,117.53028188
614,1,300,positive,0.184185428063,-0.187326920525,0.0876109039565,184.185428063,-187.326920525,87.6109039565,92.1861116524,92.1861116524,118.496903979
615,0,300,positive,0.180991277917,-0.181794490184,0.0816990014342,180.991277917,-181.794490184,81.6990014342,85.7978113591,85.7978113591,112.585001457
615,1,300,positive,0.180986946276,-0.181786987562,0.0815525307956,180.986946276,-181.786987562,81.5525307956,85.7891480768,85.7891480768,112.438530818
616,0,300,positive,0.180987850316,-0.181788553406,0.0817798612032,180.987850316,-181.788553406,81.7798612032,85.790956158,85.790956158,112.665861226
616,1,300,positive,0.180991277917,-0.181794490184,0.0816990014342,180.991277917,-181.794490184,81.6990014342,85.7978113591,85.7978113591,112.585001457
617,0,300,positive,0.180987850316,-0.181788553406,0.0817798612032,180.987850316,-181.788553406,81.7798612032,85.790956158,85.790956158,112.665861226
617,1,300,positive,0.180977768826,-0.181771091752,0.0825878193015,180.977768826,-181.771091752,82.5878193015,85.7707931776,85.7707931776,113.473819324
618,0,300,positive,0.180996877872,-0.181804189592,0.0828019037092,180.996877872,-181.804189592,82.8019037092,85.8090112703,85.8090112703,113.687903731
618,1,300,positive,0.180977768826,-0.181771091752,0.0825878193015,180.977768826,-181.771091752,82.5878193015,85.7707931776,85.7707931776,113.473819324
619,0,300,positive,0.180996877872,-0.181804189592,0.0828019037092,180.996877872,-181.804189592,82.8019037092,85.8090112703,85.8090112703,113.687903731
619,1,300,positive,0.181000613759,-0.181810660337,0.0829857334549,181.000613759,-181.810660337,82.9857334549,85.8164830437,85.8164830437,113.871733477
620,0,300,positive,0.181390245724,-0.182485522697,0.0852725698871,181.390245724,-182.485522697,85.2725698871,86.5957469737,86.5957469737,116.158569909
620,1,300,positive,0.18135683017,-0.182427645259,0.084809548982,181.35683017,-182.427645259,84.809548982,86.5289158655,86.5289158655,115.695549004
621,0,300,positive,0.181119591686,-0.182016736152,0.0835431235208,181.119591686,-182.016736152,83.5431235208,86.0544388979,86.0544388979,114.429123543
621,1,300,positive,0.181071838078,-0.181934024477,0.0833098343734,181.071838078,-181.934024477,83.3098343734,85.9589316824,85.9589316824,114.195834396
622,0,300,positive,0.181135817853,-0.182044840698,0.0837413129198,181.135817853,-182.044840698,83.7413129198,86.0868912319,86.0868912319,114.627312942
622,1,300,positive,0.181119591686,-0.182016736152,0.0835431235208,181.119591686,-182.016736152,83.5431235208,86.0544388979,86.0544388979,114.429123543
623,0,300,positive,0.181135817853,-0.182044840698,0.0837413129198,181.135817853,-182.044840698,83.7413129198,86.0868912319,86.0868912319,114.627312942
623,1,300,positive,0.181169252983,-0.182102752041,0.0839983393448,181.169252983,-182.102752041,83.9983393448,86.153761491,86.153761491,114.884339367
624,0,300,positive,0.181000613759,-0.181810660337,0.0829857334549,181.000613759,-181.810660337,82.9857334549,85.8164830437,85.8164830437,113.871733477
624,1,300,positive,0.181071838078,-0.181934024477,0.0833098343734,181.071838078,-181.934024477,83.3098343734,85.9589316824,85.9589316824,114.195834396
625,0,300,positive,0.181336787944,-0.182392931106,0.0847033331065,181.336787944,-182.392931106,84.7033331065,86.4888314137,86.4888314137,115.589333129
625,1,300,positive,0.181169252983,-0.182102752041,0.0839983393448,181.169252983,-182.102752041,83.9983393448,86.153761491,86.153761491,114.884339367
626,0,300,positive,0.181336787944,-0.182392931106,0.0847033331065,181.336787944,-182.392931106,84.7033331065,86.4888314137,86.4888314137,115.589333129
626,1,300,positive,0.181349922811,-0.182415681362,0.0847554138136,181.349922811,-182.415681362,84.7554138136,86.515101147,86.515101147,115.641413836
627,0,300,positive,0.181349922811,-0.182415681362,0.0847554138136,181.349922811,-182.415681362,84.7554138136,86.515101147,86.515101147,115.641413836
627,1,300,positive,0.18135683017,-0.182427645259,0.084809548982,181.35683017,-182.427645259,84.809548982,86.5289158655,86.5289158655,115.695549004
628,0,300,positive,0.181392595599,-0.1824895928,0.0854963990758,181.392595599,-182.4895928,85.4963990758,86.6004467242,86.6004467242,116.382399098
628,1,300,positive,0.181390245724,-0.182485522697,0.0852725698871,181.390245724,-182.485522697,85.2725698871,86.5957469737,86.5957469737,116.158569909
629,0,300,positive,0.181392595599,-0.1824895928,0.0854963990758,181.392595599,-182.4895928,85.4963990758,86.6004467242,86.6004467242,116.382399098
629,1,300,positive,0.181404251907,-0.182509782118,0.0860991235824,181.404251907,-182.509782118,86.0991235824,86.6237593402,86.6237593402,116.985123605
630,0,300,positive,0.181432970237,-0.182559523725,0.0864200312092,181.432970237,-182.559523725,86.4200312092,86.6811960005,86.6811960005,117.306031231
630,1,300,positive,0.181404251907,-0.182509782118,0.0860991235824,181.404251907,-182.509782118,86.0991235824,86.6237593402,86.6237593402,116.985123605
631,0,300,positive,0.181511955453,-0.182696330132,0.0869945005115,181.511955453,-182.696330132,86.9945005115,86.8391664323,86.8391664323,117.880500534
631,1,300,positive,0.181550627687,-0.182763312405,0.0875568088785,181.550627687,-182.763312405,87.5568088785,86.9165108992,86.9165108992,118.442808901
632,0,300,positive,0.181511955453,-0.182696330132,0.0869945005115,181.511955453,-182.696330132,86.9945005115,86.8391664323,86.8391664323,117.880500534
632,1,300,positive,0.181432970237,-0.182559523725,0.0864200312092,181.432970237,-182.559523725,86.4200312092,86.6811960005,86.6811960005,117.306031231
633,0,300,positive,0.181643401146,-0.182924000749,0.0884724595375,181.643401146,-182.924000749,88.4724595375,87.102057817,87.102057817,119.35845956
633,1,300,positive,0.181619537603,-0.18288266788,0.088147141957,181.619537603,-182.88266788,88.147141957,87.0543307307,87.0543307307,119.033141979
634,0,300,positive,0.181550627687,-0.182763312405,0.0875568088785,181.550627687,-182.763312405,87.5568088785,86.9165108992,86.9165108992,118.442808901
634,1,300,positive,0.181619537603,-0.18288266788,0.088147141957,181.619537603,-182.88266788,88.147141957,87.0543307307,87.0543307307,119.033141979
635,0,300,positive,0.181643401146,-0.182924000749,0.0884724595375,181.643401146,-182.924000749,88.4724595375,87.102057817,87.102057817,119.35845956
635,1,300,positive,0.181708448878,-0.183036666727,0.0889085846329,181.708448878,-183.036666727,88.9085846329,87.232153282,87.232153282,119.794584655
636,0,300,positive,0.181708448878,-0.183036666727,0.0889085846329,181.708448878,-183.036666727,88.9085846329,87.232153282,87.232153282,119.794584655
636,1,300,positive,0.181760882297,-0.183127484072,0.0891049009414,181.760882297,-183.127484072,89.1049009414,87.3370201193,87.3370201193,119.990900964
637,0,300,positive,0.181905309489,-0.183377639307,0.0900535873003,181.905309489,-183.377639307,90.0535873003,87.6258745035,87.6258745035,120.939587323
637,1,300,positive,0.181760882297,-0.183127484072,0.0891049009414,181.760882297,-183.127484072,89.1049009414,87.3370201193,87.3370201193,119.990900964
638,0,300,positive,0.184278751878,-0.187488562114,0.0886381119499,184.278751878,-187.488562114,88.6381119499,92.3727592818,92.3727592818,119.524111972
638,1,300,positive,0.184185428063,-0.187326920525,0.0876109039565,184.185428063,-187.326920525,87.6109039565,92.1861116524,92.1861116524,118.496903979
639,0,300,positive,0.184304784737,-0.187533652348,0.0888425538224,184.304784737,-187.533652348,88.8425538224,92.4248249995,92.4248249995,119.728553845
639,1,300,positive,0.184278751878,-0.187488562114,0.0886381119499,184.278751878,-187.488562114,88.6381119499,92.3727592818,92.3727592818,119.524111972
640,0,300,positive,0.184304784737,-0.187533652348,0.0888425538224,184.304784737,-187.533652348,88.8425538224,92.4248249995,92.4248249995,119.728553845
640,1,300,positive,0.184377778349,-0.187660080992,0.0893439451744,184.377778349,-187.660080992,89.3439451744,92.5708122226,92.5708122226,120.229945197
641,0,300,positive,0.184456214923,-0.187795937124,0.0899046608271,184.456214923,-187.795937124,89.9046608271,92.7276853721,92.7276853721,120.790660849
641,1,300,positive,0.184377778349,-0.187660080992,0.0893439451744,184.377778349,-187.660080992,89.3439451744,92.5708122226,92.5708122226,120.229945197
642,0,300,positive,0.181905309489,-0.183377639307,0.0900535873003,181.905309489,-183.377639307,90.0535873003,87.6258745035,87.6258745035,120.939587323
642,1,300,positive,0.181919663393,-0.183402500998,0.0902488900597,181.919663393,-183.402500998,90.2488900597,87.6545823117,87.6545823117,121.134890082
643,0,300,positive,0.18191367755,-0.183392133214,0.0905925727399,181.91367755,-183.392133214,90.5925727399,87.6426106264,87.6426106264,121.478572762
643,1,300,positive,0.181931180506,-0.183422449222,0.090732115457,181.931180506,-183.422449222,90.732115457,87.6776165366,87.6776165366,121.618115479
644,0,300,positive,0.182619100608,-0.184613961791,0.0948153410825,182.619100608,-184.613961791,94.8153410825,89.0534567419,89.0534567419,125.701341105
644,1,300,positive,0.182569624431,-0.184528266539,0.0944801484157,182.569624431,-184.528266539,94.4801484157,88.954504388,88.954504388,125.366148438
645,0,300,positive,0.182237961196,-0.183953808964,0.0931461214164,182.237961196,-183.953808964,93.1461214164,88.2911779171,88.2911779171,124.032121439
645,1,300,positive,0.181931180506,-0.183422449222,0.090732115457,181.931180506,-183.422449222,90.732115457,87.6776165366,87.6776165366,121.618115479
646,0,300,positive,0.182660463118,-0.18468560376,0.0949443086536,182.660463118,-184.68560376,94.9443086536,89.1361817619,89.1361817619,125.830308676
646,1,300,positive,0.182619100608,-0.184613961791,0.0948153410825,182.619100608,-184.613961791,94.8153410825,89.0534567419,89.0534567419,125.701341105
647,0,300,positive,0.182660463118,-0.18468560376,0.0949443086536,182.660463118,-184.68560376,94.9443086536,89.1361817619,89.1361817619,125.830308676
647,1,300,positive,0.182850678798,-0.185015066982,0.0954968086135,182.850678798,-185.015066982,95.4968086135,89.5166131216,89.5166131216,126.382808636
648,0,300,positive,0.182937251385,-0.185165015101,0.09586903923,182.937251385,-185.165015101,95.86903923,89.689758295,89.689758295,126.755039252
648,1,300,positive,0.182850678798,-0.185015066982,0.0954968086135,182.850678798,-185.015066982,95.4968086135,89.5166131216,89.5166131216,126.382808636
649,0,300,positive,0.183079125394,-0.185410748094,0.096502758435,183.079125394,-185.410748094,96.502758435,89.9735063142,89.9735063142,127.388758457
649,1,300,positive,0.182937251385,-0.185165015101,0.09586903923,182.937251385,-185.165015101,95.86903923,89.689758295,89.689758295,126.755039252
650,0,300,positive,0.182521457339,-0.184444838688,0.0942309933404,182.521457339,-184.444838688,94.2309933404,88.8581702039,88.8581702039,125.116993363
650,1,300,positive,0.182569624431,-0.184528266539,0.0944801484157,182.569624431,-184.528266539,94.4801484157,88.954504388,88.954504388,125.366148438
651,0,300,positive,0.182237961196,-0.183953808964,0.0931461214164,182.237961196,-183.953808964,93.1461214164,88.2911779171,88.2911779171,124.032121439
651,1,300,positive,0.182370333658,-0.184183084794,0.0937760729164,182.370333658,-184.183084794,93.7760729164,88.5559228409,88.5559228409,124.662072939
652,0,300,positive,0.182370333658,-0.184183084794,0.0937760729164,182.370333658,-184.183084794,93.7760729164,88.5559228409,88.5559228409,124.662072939
652,1,300,positive,0.182521457339,-0.184444838688,0.0942309933404,182.521457339,-184.444838688,94.2309933404,88.8581702039,88.8581702039,125.116993363
653,0,300,positive,0.183128443949,-0.185496170337,0.096786469006,183.128443949,-185.496170337,96.786469006,90.0721434244,90.0721434244,127.672469028
653,1,300,positive,0.183162715823,-0.185555530963,0.0969043176174,183.162715823,-185.555530963,96.9043176174,90.1406871715,90.1406871715,127.79031764
654,0,300,positive,0.18336014994,-0.185897496886,0.0976049293662,183.36014994,-185.897496886,97.6049293662,90.5355554063,90.5355554063,128.490929388
654,1,300,positive,0.183162715823,-0.185555530963,0.0969043176174,183.162715823,-185.555530963,96.9043176174,90.1406871715,90.1406871715,127.79031764
655,0,300,positive,0.183390480771,-0.185950031425,0.0979206354946,183.390480771,-185.950031425,97.9206354946,90.5962170672,90.5962170672,128.806635517
655,1,300,positive,0.18336014994,-0.185897496886,0.0976049293662,183.36014994,-185.897496886,97.6049293662,90.5355554063,90.5355554063,128.490929388
656,0,300,positive,0.183374804902,-0.185922880025,0.0980935038837,183.374804902,-185.922880025,98.0935038837,90.5648653306,90.5648653306,128.979503906
656,1,300,positive,0.183390480771,-0.185950031425,0.0979206354946,183.390480771,-185.950031425,97.9206354946,90.5962170672,90.5962170672,128.806635517
657,0,300,positive,0.183374804902,-0.185922880025,0.0980935038837,183.374804902,-185.922880025,98.0935038837,90.5648653306,90.5648653306,128.979503906
657,1,300,positive,0.183450940476,-0.186054750706,0.0985144214311,183.450940476,-186.054750706,98.5144214311,90.7171364774,90.7171364774,129.400421453
658,0,300,positive,0.183522764659,-0.18617915384,0.0989154049761,183.522764659,-186.17915384,98.9154049761,90.8607848436,90.8607848436,129.801404998
658,1,300,positive,0.183450940476,-0.186054750706,0.0985144214311,183.450940476,-186.054750706,98.5144214311,90.7171364774,90.7171364774,129.400421453
659,0,300,positive,0.183582950289,-0.18628339841,0.0993450911737,183.582950289,-186.28339841,99.3450911737,90.9811561038,90.9811561038,130.231091196
659,1,300,positive,0.183522764659,-0.18617915384,0.0989154049761,183.522764659,-186.17915384,98.9154049761,90.8607848436,90.8607848436,129.801404998
660,0,300,positive,0.183582950289,-0.18628339841,0.0993450911737,183.582950289,-186.28339841,99.3450911737,90.9811561038,90.9811561038,130.231091196
660,1,300,positive,0.183611202129,-0.186332332031,0.0997556470195,183.611202129,-186.332332031,99.7556470195,91.0376597827,91.0376597827,130.641647042
661,0,300,positive,0.183079125394,-0.185410748094,0.096502758435,183.079125394,-185.410748094,96.502758435,89.9735063142,89.9735063142,127.388758457
661,1,300,positive,0.183114529807,-0.185472070336,0.0967034247681,183.114529807,-185.472070336,96.7034247681,90.0443151404,90.0443151404,127.58942479
662,0,300,positive,0.183114529807,-0.185472070336,0.0967034247681,183.114529807,-185.472070336,96.7034247681,90.0443151404,90.0443151404,127.58942479
662,1,300,positive,0.183128443949,-0.185496170337,0.096786469006,183.128443949,-185.496170337,96.786469006,90.0721434244,90.0721434244,127.672469028
663,0,300,positive,0.181919663393,-0.183402500998,0.0902488900597,181.919663393,-183.402500998,90.2488900597,87.6545823117,87.6545823117,121.134890082
663,1,300,positive,0.18191367755,-0.183392133214,0.0905925727399,181.91367755,-183.392133214,90.5925727399,87.6426106264,87.6426106264,121.478572762
664,0,300,positive,0.187008956014,-0.192217414392,0.107444912472,187.008956014,-192.217414392,107.444912472,97.833167554,97.833167554,138.330912494
664,1,300,positive,0.187016672687,-0.192230780062,0.107490272725,187.016672687,-192.230780062,107.490272725,97.8486009001,97.8486009001,138.376272748
665,0,300,positive,0.187016672687,-0.192230780062,0.107490272725,187.016672687,-192.230780062,107.490272725,97.8486009001,97.8486009001,138.376272748
665,1,300,positive,0.187024629601,-0.192244561841,0.107529015101,187.024629601,-192.244561841,107.529015101,97.8645147275,97.8645147275,138.415015124
666,0,300,positive,0.187024629601,-0.192244561841,0.107529015101,187.024629601,-192.244561841,107.529015101,97.8645147275,97.8645147275,138.415015124
666,1,300,positive,0.187068943646,-0.192321316019,0.107823910564,187.068943646,-192.321316019,107.823910564,97.9531428177,97.9531428177,138.709910586
667,0,300,positive,0.187179276533,-0.192512418184,0.108505105585,187.179276533,-192.512418184,108.505105585,98.1738085911,98.1738085911,139.391105607
667,1,300,positive,0.187068943646,-0.192321316019,0.107823910564,187.068943646,-192.321316019,107.823910564,97.9531428177,97.9531428177,138.709910586
668,0,300,positive,0.187206677327,-0.192559877752,0.108690432875,187.206677327,-192.559877752,108.690432875,98.2286101795,98.2286101795,139.576432897
668,1,300,positive,0.187179276533,-0.192512418184,0.108505105585,187.179276533,-192.512418184,108.505105585,98.1738085911,98.1738085911,139.391105607
669,0,300,positive,0.187226597346,-0.192594380237,0.108812609949,187.226597346,-192.594380237,108.812609949,98.2684502179,98.2684502179,139.698609971
669,1,300,positive,0.187206677327,-0.192559877752,0.108690432875,187.206677327,-192.559877752,108.690432875,98.2286101795,98.2286101795,139.576432897
670,0,300,positive,0.185857595593,-0.190223199645,0.100791884243,185.857595593,-190.223199645,100.791884243,95.5304467113,95.5304467113,131.677884265
670,1,300,positive,0.185973853906,-0.19042456495,0.101526919898,185.973853906,-190.42456495,101.526919898,95.7629633372,95.7629633372,132.41291992
671,0,300,positive,0.185973853906,-0.19042456495,0.101526919898,185.973853906,-190.42456495,101.526919898,95.7629633372,95.7629633372,132.41291992
671,1,300,positive,0.185990946939,-0.190454170952,0.101626772589,185.990946939,-190.454170952,101.626772589,95.7971494038,95.7971494038,132.512772611
672,0,300,positive,0.185990946939,-0.190454170952,0.101626772589,185.990946939,-190.454170952,101.626772589,95.7971494038,95.7971494038,132.512772611
672,1,300,positive,0.185995569297,-0.190462177111,0.101651759137,185.995569297,-190.462177111,101.651759137,95.8063941196,95.8063941196,132.53775916
673,0,300,positive,0.185857595593,-0.190223199645,0.100791884243,185.857595593,-190.223199645,100.791884243,95.5304467113,95.5304467113,131.677884265
673,1,300,positive,0.185616042122,-0.189804816761,0.0992728007442,185.616042122,-189.804816761,99.2728007442,95.0473397701,95.0473397701,130.158800767
674,0,300,positive,0.185616042122,-0.189804816761,0.0992728007442,185.616042122,-189.804816761,99.2728007442,95.0473397701,95.0473397701,130.158800767
674,1,300,positive,0.185603169751,-0.18978252116,0.0991917394726,185.603169751,-189.78252116,99.1917394726,95.0215950273,95.0215950273,130.077739495
675,0,300,positive,0.185995569297,-0.190462177111,0.101651759137,185.995569297,-190.462177111,101.651759137,95.8063941196,95.8063941196,132.53775916
675,1,300,positive,0.186114206504,-0.19066766278,0.102355224714,186.114206504,-190.66766278,102.355224714,96.0436685331,96.0436685331,133.241224737
676,0,300,positive,0.186346779891,-0.191070491704,0.103704010973,186.346779891,-191.070491704,103.704010973,96.5088153081,96.5088153081,134.590010995
676,1,300,positive,0.186114206504,-0.19066766278,0.102355224714,186.114206504,-190.66766278,102.355224714,96.0436685331,96.0436685331,133.241224737
677,0,300,positive,0.186374376669,-0.191118290725,0.103872865154,186.374376669,-191.118290725,103.872865154,96.5640088635,96.5640088635,134.758865176
677,1,300,positive,0.186346779891,-0.191070491704,0.103704010973,186.346779891,-191.070491704,103.704010973,96.5088153081,96.5088153081,134.590010995
678,0,300,positive,0.186391684358,-0.191148268522,0.103957949017,186.391684358,-191.148268522,103.957949017,96.5986242414,96.5986242414,134.843949039
678,1,300,positive,0.186374376669,-0.191118290725,0.103872865154,186.374376669,-191.118290725,103.872865154,96.5640088635,96.5640088635,134.758865176
679,0,300,positive,0.186806394609,-0.191866567746,0.106313342821,186.806394609,-191.866567746,106.313342821,97.4280447429,97.4280447429,137.199342843
679,1,300,positive,0.187008956014,-0.192217414392,0.107444912472,187.008956014,-192.217414392,107.444912472,97.833167554,97.833167554,138.330912494
680,0,300,positive,0.186391684358,-0.191148268522,0.103957949017,186.391684358,-191.148268522,103.957949017,96.5986242414,96.5986242414,134.843949039
680,1,300,positive,0.186617279798,-0.191539011287,0.105238757795,186.617279798,-191.539011287,105.238757795,97.0498151225,97.0498151225,136.124757817
681,0,300,positive,0.186624019948,-0.191550685569,0.105283126203,186.624019948,-191.550685569,105.283126203,97.0632954225,97.0632954225,136.169126226
681,1,300,positive,0.186617279798,-0.191539011287,0.105238757795,186.617279798,-191.539011287,105.238757795,97.0498151225,97.0498151225,136.124757817
682,0,300,positive,0.186806394609,-0.191866567746,0.106313342821,186.806394609,-191.866567746,106.313342821,97.4280447429,97.4280447429,137.199342843
682,1,300,positive,0.186624019948,-0.191550685569,0.105283126203,186.624019948,-191.550685569,105.283126203,97.0632954225,97.0632954225,136.169126226
683,0,300,positive,0.184494717724,-0.187862625931,0.105779401394,184.494717724,-187.862625931,105.779401394,92.8046909729,92.8046909729,136.665401416
683,1,300,positive,0.184466688258,-0.187814077472,0.105404092071,184.466688258,-187.814077472,105.404092071,92.7486320413,92.7486320413,136.290092094
684,0,300,positive,0.184516102988,-0.187899666296,0.105893832121,184.516102988,-187.899666296,105.893832121,92.8474615022,92.8474615022,136.779832144
684,1,300,positive,0.184494717724,-0.187862625931,0.105779401394,184.494717724,-187.862625931,105.779401394,92.8046909729,92.8046909729,136.665401416
685,0,300,positive,0.184548629532,-0.187956003921,0.106081923961,184.548629532,-187.956003921,106.081923961,92.9125145888,92.9125145888,136.967923983
685,1,300,positive,0.184516102988,-0.187899666296,0.105893832121,184.516102988,-187.899666296,105.893832121,92.8474615022,92.8474615022,136.779832144
686,0,300,positive,0.184412834743,-0.187720800448,0.104853185777,184.412834743,-187.720800448,104.853185777,92.6409250118,92.6409250118,135.739185799
686,1,300,positive,0.184466688258,-0.187814077472,0.105404092071,184.466688258,-187.814077472,105.404092071,92.7486320413,92.7486320413,136.290092094
687,0,300,positive,0.184548629532,-0.187956003921,0.106081923961,184.548629532,-187.956003921,106.081923961,92.9125145888,92.9125145888,136.967923983
687,1,300,positive,0.184598820902,-0.188042937925,0.106479298801,184.598820902,-188.042937925,106.479298801,93.0128973291,93.0128973291,137.365298824
688,0,300,positive,0.184598820902,-0.188042937925,0.106479298801,184.598820902,-188.042937925,106.479298801,93.0128973291,93.0128973291,137.365298824
688,1,300,positive,0.184620937198,-0.188081244473,0.106602310295,184.620937198,-188.081244473,106.602310295,93.0571299215,93.0571299215,137.488310317
689,0,300,positive,0.184800296487,-0.188391903874,0.108387103188,184.800296487,-188.391903874,108.387103188,93.4158484988,93.4158484988,139.27310321
689,1,300,positive,0.184785609285,-0.188366464894,0.108144056705,184.785609285,-188.366464894,108.144056705,93.3864740947,93.3864740947,139.030056727
690,0,300,positive,0.184736766459,-0.188281866638,0.107486447431,184.736766459,-188.281866638,107.486447431,93.2887884435,93.2887884435,138.372447453
690,1,300,positive,0.184682137191,-0.18818724597,0.107036942916,184.682137191,-188.18724597,107.036942916,93.1795299066,93.1795299066,137.922942938
691,0,300,positive,0.184736766459,-0.188281866638,0.107486447431,184.736766459,-188.281866638,107.486447431,93.2887884435,93.2887884435,138.372447453
691,1,300,positive,0.184785609285,-0.188366464894,0.108144056705,184.785609285,-188.366464894,108.144056705,93.3864740947,93.3864740947,139.030056727
692,0,300,positive,0.184800296487,-0.188391903874,0.108387103188,184.800296487,-188.391903874,108.387103188,93.4158484988,93.4158484988,139.27310321
692,1,300,positive,0.18491231381,-0.18858592357,0.109294304818,184.91231381,-188.58592357,109.294304818,93.6398831461,93.6398831461,140.18030484
693,0,300,positive,0.184620937198,-0.188081244473,0.106602310295,184.620937198,-188.081244473,106.602310295,93.0571299215,93.0571299215,137.488310317
693,1,300,positive,0.184682137191,-0.18818724597,0.107036942916,184.682137191,-188.18724597,107.036942916,93.1795299066,93.1795299066,137.922942938
694,0,300,positive,0.187311965246,-0.192742241777,0.109496372197,187.311965246,-192.742241777,109.496372197,98.4391860171,98.4391860171,140.38237222
694,1,300,positive,0.187226597346,-0.192594380237,0.108812609949,187.226597346,-192.594380237,108.812609949,98.2684502179,98.2684502179,139.698609971
695,0,300,positive,0.187406764622,-0.192906439113,0.110153870425,187.406764622,-192.906439113,110.153870425,98.6287847694,98.6287847694,141.039870447
695,1,300,positive,0.187517301515,-0.193097894628,0.111173796905,187.517301515,-193.097894628,111.173796905,98.8498585563,98.8498585563,142.059796927
696,0,300,positive,0.187615863998,-0.193268609857,0.112020788875,187.615863998,-193.268609857,112.020788875,99.0469835223,99.0469835223,142.906788897
696,1,300,positive,0.187517301515,-0.193097894628,0.111173796905,187.517301515,-193.097894628,111.173796905,98.8498585563,98.8498585563,142.059796927
697,0,300,positive,0.187311965246,-0.192742241777,0.109496372197,187.311965246,-192.742241777,109.496372197,98.4391860171,98.4391860171,140.38237222
697,1,300,positive,0.187406764622,-0.192906439113,0.110153870425,187.406764622,-192.906439113,110.153870425,98.6287847694,98.6287847694,141.039870447
698,0,300,positive,0.187615863998,-0.193268609857,0.112020788875,187.615863998,-193.268609857,112.020788875,99.0469835223,99.0469835223,142.906788897
698,1,300,positive,0.187687671622,-0.19339298431,0.112913415807,187.687671622,-193.39298431,112.913415807,99.1905987702,99.1905987702,143.799415829
699,0,300,positive,0.187742589286,-0.193488104493,0.113369207717,187.742589286,-193.488104493,113.369207717,99.3004340971,99.3004340971,144.25520774
699,1,300,positive,0.187825674206,-0.193632011796,0.1140108343,187.825674206,-193.632011796,114.0108343,99.4666039379,99.4666039379,144.896834322
700,0,300,positive,0.187688470371,-0.193394367783,0.112924818664,187.688470371,-193.394367783,112.924818664,99.1921962672,99.1921962672,143.810818687
700,1,300,positive,0.187687671622,-0.19339298431,0.112913415807,187.687671622,-193.39298431,112.913415807,99.1905987702,99.1905987702,143.799415829
701,0,300,positive,0.187975366541,-0.193891286526,0.115038095861,187.975366541,-193.891286526,115.038095861,99.7659886074,99.7659886074,145.924095883
701,1,300,positive,0.18796606186,-0.193875170346,0.114977426849,187.96606186,-193.875170346,114.977426849,99.7473792464,99.7473792464,145.863426871
702,0,300,positive,0.187742589286,-0.193488104493,0.113369207717,187.742589286,-193.488104493,113.369207717,99.3004340971,99.3004340971,144.25520774
702,1,300,positive,0.187688470371,-0.193394367783,0.112924818664,187.688470371,-193.394367783,112.924818664,99.1921962672,99.1921962672,143.810818687
703,0,300,positive,0.187975877595,-0.193892171698,0.115042577444,187.975877595,-193.892171698,115.042577444,99.767010716,99.767010716,145.928577467
703,1,300,positive,0.187975366541,-0.193891286526,0.115038095861,187.975366541,-193.891286526,115.038095861,99.7659886074,99.7659886074,145.924095883
704,0,300,positive,0.188003526242,-0.193940060558,0.115274380001,188.003526242,-193.940060558,115.274380001,99.8223080089,99.8223080089,146.160380024
704,1,300,positive,0.188100078401,-0.194107293803,0.116078937767,188.100078401,-194.107293803,116.078937767,100.015412327,100.015412327,146.96493779
705,0,300,positive,0.188100078401,-0.194107293803,0.116078937767,188.100078401,-194.107293803,116.078937767,100.015412327,100.015412327,146.96493779
705,1,300,positive,0.188102212489,-0.194110990152,0.116091084922,188.102212489,-194.110990152,116.091084922,100.019680503,100.019680503,146.977084944
706,0,300,positive,0.188476278389,-0.194758891296,0.118534008919,188.476278389,-194.758891296,118.534008919,100.767812303,100.767812303,149.420008942
706,1,300,positive,0.188524921645,-0.194843143888,0.118857801965,188.524921645,-194.843143888,118.857801965,100.865098816,100.865098816,149.743801987
707,0,300,positive,0.188476278389,-0.194758891296,0.118534008919,188.476278389,-194.758891296,118.534008919,100.767812303,100.767812303,149.420008942
707,1,300,positive,0.188273312329,-0.194407343769,0.117066182257,188.273312329,-194.407343769,117.066182257,100.361880184,100.361880184,147.952182279
708,0,300,positive,0.188273312329,-0.194407343769,0.117066182257,188.273312329,-194.407343769,117.066182257,100.361880184,100.361880184,147.952182279
708,1,300,positive,0.188102212489,-0.194110990152,0.116091084922,188.102212489,-194.110990152,116.091084922,100.019680503,100.019680503,146.977084944
709,0,300,positive,0.187825674206,-0.193632011796,0.1140108343,187.825674206,-193.632011796,114.0108343,99.4666039379,99.4666039379,144.896834322
709,1,300,positive,0.18796606186,-0.193875170346,0.114977426849,187.96606186,-193.875170346,114.977426849,99.7473792464,99.7473792464,145.863426871
710,0,300,positive,0.188003526242,-0.193940060558,0.115274380001,188.003526242,-193.940060558,115.274380001,99.8223080089,99.8223080089,146.160380024
710,1,300,positive,0.187976567006,-0.193893365793,0.115047757593,187.976567006,-193.893365793,115.047757593,99.7683895384,99.7683895384,145.933757616
711,0,300,positive,0.187976567006,-0.193893365793,0.115047757593,187.976567006,-193.893365793,115.047757593,99.7683895384,99.7683895384,145.933757616
711,1,300,positive,0.187975877595,-0.193892171698,0.115042577444,187.975877595,-193.892171698,115.042577444,99.767010716,99.767010716,145.928577467
712,0,300,positive,0.184955923573,-0.188661457894,0.10988518697,184.955923573,-188.661457894,109.88518697,93.7271026712,93.7271026712,140.771186992
712,1,300,positive,0.18491231381,-0.18858592357,0.109294304818,184.91231381,-188.58592357,109.294304818,93.6398831461,93.6398831461,140.18030484
713,0,300,positive,0.184978445434,-0.188700466903,0.11064815237,184.978445434,-188.700466903,110.64815237,93.7721463942,93.7721463942,141.534152393
713,1,300,positive,0.184979661687,-0.188702573514,0.111086342475,184.979661687,-188.702573514,111.086342475,93.7745788995,93.7745788995,141.972342497
714,0,300,positive,0.1850452661,-0.188816203691,0.111752302224,185.0452661,-188.816203691,111.752302224,93.9057877255,93.9057877255,142.638302246
714,1,300,positive,0.184979661687,-0.188702573514,0.111086342475,184.979661687,-188.702573514,111.086342475,93.7745788995,93.7745788995,141.972342497
715,0,300,positive,0.184955923573,-0.188661457894,0.10988518697,184.955923573,-188.661457894,109.88518697,93.7271026712,93.7271026712,140.771186992
715,1,300,positive,0.184978445434,-0.188700466903,0.11064815237,184.978445434,-188.700466903,110.64815237,93.7721463942,93.7721463942,141.534152393
716,0,300,positive,0.185304697396,-0.189265551876,0.114110201207,185.304697396,-189.265551876,114.110201207,94.424650317,94.424650317,144.99620123
716,1,300,positive,0.18530112386,-0.18925936233,0.114021606895,185.30112386,-189.25936233,114.021606895,94.4175032453,94.4175032453,144.907606917
717,0,300,positive,0.185184439431,-0.189057258972,0.112708071614,185.184439431,-189.057258972,112.708071614,94.1841343881,94.1841343881,143.594071636
717,1,300,positive,0.185207917489,-0.18909792416,0.112938891714,185.207917489,-189.09792416,112.938891714,94.2310905035,94.2310905035,143.824891737
718,0,300,positive,0.185184439431,-0.189057258972,0.112708071614,185.184439431,-189.057258972,112.708071614,94.1841343881,94.1841343881,143.594071636
718,1,300,positive,0.1850452661,-0.188816203691,0.111752302224,185.0452661,-188.816203691,111.752302224,93.9057877255,93.9057877255,142.638302246
719,0,300,positive,0.185207917489,-0.18909792416,0.112938891714,185.207917489,-189.09792416,112.938891714,94.2310905035,94.2310905035,143.824891737
719,1,300,positive,0.185241718229,-0.18915646876,0.113201541164,185.241718229,-189.15646876,113.201541164,94.2986919843,94.2986919843,144.087541186
720,0,300,positive,0.185241718229,-0.18915646876,0.113201541164,185.241718229,-189.15646876,113.201541164,94.2986919843,94.2986919843,144.087541186
720,1,300,positive,0.185266815713,-0.189199938877,0.11366845687,185.266815713,-189.199938877,113.66845687,94.3488869513,94.3488869513,144.554456892
721,0,300,positive,0.18530112386,-0.18925936233,0.114021606895,185.30112386,-189.25936233,114.021606895,94.4175032453,94.4175032453,144.907606917
721,1,300,positive,0.185266815713,-0.189199938877,0.11366845687,185.266815713,-189.199938877,113.66845687,94.3488869513,94.3488869513,144.554456892
722,0,300,positive,0.18568331025,-0.189921328576,0.116344660842,185.68331025,-189.921328576,116.344660842,95.181876026,95.181876026,147.230660864
722,1,300,positive,0.185637836792,-0.189842566236,0.115877185078,185.637836792,-189.842566236,115.877185078,95.0909291095,95.0909291095,146.7631851
723,0,300,positive,0.18568331025,-0.189921328576,0.116344660842,185.68331025,-189.921328576,116.344660842,95.181876026,95.181876026,147.230660864
723,1,300,positive,0.18570480749,-0.189958562888,0.116533017787,185.70480749,-189.958562888,116.533017787,95.2248705055,95.2248705055,147.41901781
724,0,300,positive,0.18582718701,-0.190170530434,0.117240965374,185.82718701,-190.170530434,117.240965374,95.469629545,95.469629545,148.126965397
724,1,300,positive,0.18570480749,-0.189958562888,0.116533017787,185.70480749,-189.958562888,116.533017787,95.2248705055,95.2248705055,147.41901781
725,0,300,positive,0.18582718701,-0.190170530434,0.117240965374,185.82718701,-190.170530434,117.240965374,95.469629545,95.469629545,148.126965397
725,1,300,positive,0.185859758583,-0.190226946054,0.117432601445,185.859758583,-190.226946054,117.432601445,95.5347726925,95.5347726925,148.318601468
726,0,300,positive,0.185859758583,-0.190226946054,0.117432601445,185.859758583,-190.226946054,117.432601445,95.5347726925,95.5347726925,148.318601468
726,1,300,positive,0.185981124149,-0.190437157379,0.118508905893,185.981124149,-190.437157379,118.508905893,95.7775038227,95.7775038227,149.394905915
727,0,300,positive,0.185982139762,-0.190438916474,0.118516760229,185.982139762,-190.438916474,118.516760229,95.7795350502,95.7795350502,149.402760251
727,1,300,positive,0.185981124149,-0.190437157379,0.118508905893,185.981124149,-190.437157379,118.508905893,95.7775038227,95.7775038227,149.394905915
728,0,300,positive,0.185982139762,-0.190438916474,0.118516760229,185.982139762,-190.438916474,118.516760229,95.7795350502,95.7795350502,149.402760251
728,1,300,positive,0.186063521733,-0.190579874182,0.118928537281,186.063521733,-190.579874182,118.928537281,95.9422989915,95.9422989915,149.814537304
729,0,300,positive,0.185318791568,-0.189289963698,0.114279699072,185.318791568,-189.289963698,114.279699072,94.4528386615,94.4528386615,145.165699095
729,1,300,positive,0.185304697396,-0.189265551876,0.114110201207,185.304697396,-189.265551876,114.110201207,94.424650317,94.424650317,144.99620123
730,0,300,positive,0.185318791568,-0.189289963698,0.114279699072,185.318791568,-189.289963698,114.279699072,94.4528386615,94.4528386615,145.165699095
730,1,300,positive,0.185362280765,-0.189365289197,0.114545188742,185.362280765,-189.365289197,114.545188742,94.5398170554,94.5398170554,145.431188765
731,0,300,positive,0.185546989043,-0.189685213319,0.11535664106,185.546989043,-189.685213319,115.35664106,94.9092336108,94.9092336108,146.242641082
731,1,300,positive,0.185362280765,-0.189365289197,0.114545188742,185.362280765,-189.365289197,114.545188742,94.5398170554,94.5398170554,145.431188765
732,0,300,positive,0.185546989043,-0.189685213319,0.11535664106,185.546989043,-189.685213319,115.35664106,94.9092336108,94.9092336108,146.242641082
732,1,300,positive,0.185637836792,-0.189842566236,0.115877185078,185.637836792,-189.842566236,115.877185078,95.0909291095,95.0909291095,146.7631851
733,0,300,positive,0.188524921645,-0.194843143888,0.118857801965,188.524921645,-194.843143888,118.857801965,100.865098816,100.865098816,149.743801987
733,1,300,positive,0.188575935922,-0.194931503208,0.119258419398,188.575935922,-194.931503208,119.258419398,100.96712737,100.96712737,150.14441942
734,0,300,positive,0.188684713171,-0.195119910929,0.120111010843,188.684713171,-195.119910929,120.111010843,101.184681868,101.184681868,150.997010865
734,1,300,positive,0.188575935922,-0.194931503208,0.119258419398,188.575935922,-194.931503208,119.258419398,100.96712737,100.96712737,150.14441942
735,0,300,positive,0.186154030089,-0.190736639254,0.119143664706,186.154030089,-190.736639254,119.143664706,96.1233157039,96.1233157039,150.029664728
735,1,300,positive,0.186194267292,-0.190806332133,0.119224641169,186.194267292,-190.806332133,119.224641169,96.2037901095,96.2037901095,150.110641192
736,0,300,positive,0.186194267292,-0.190806332133,0.119224641169,186.194267292,-190.806332133,119.224641169,96.2037901095,96.2037901095,150.110641192
736,1,300,positive,0.18621211402,-0.190837243574,0.119319830466,186.21211402,-190.837243574,119.319830466,96.2394835665,96.2394835665,150.205830488
737,0,300,positive,0.18630520553,-0.190998482798,0.120006708658,186.30520553,-190.998482798,120.006708658,96.4256665856,96.4256665856,150.89270868
737,1,300,positive,0.18634343479,-0.191064697818,0.120294530747,186.34343479,-191.064697818,120.294530747,96.5021251051,96.5021251051,151.180530769
738,0,300,positive,0.18630520553,-0.190998482798,0.120006708658,186.30520553,-190.998482798,120.006708658,96.4256665856,96.4256665856,150.89270868
738,1,300,positive,0.18621211402,-0.190837243574,0.119319830466,186.21211402,-190.837243574,119.319830466,96.2394835665,96.2394835665,150.205830488
739,0,300,positive,0.186154030089,-0.190736639254,0.119143664706,186.154030089,-190.736639254,119.143664706,96.1233157039,96.1233157039,150.029664728
739,1,300,positive,0.186063521733,-0.190579874182,0.118928537281,186.063521733,-190.579874182,118.928537281,95.9422989915,95.9422989915,149.814537304
740,0,300,positive,0.184263771672,-0.187462615636,0.103702013935,184.263771672,-187.462615636,103.702013935,92.3427988699,92.3427988699,134.588013957
740,1,300,positive,0.184260609813,-0.187457139136,0.103670426274,184.260609813,-187.457139136,103.670426274,92.3364751521,92.3364751521,134.556426296
741,0,300,positive,0.184268371093,-0.187470582066,0.103728660577,184.268371093,-187.470582066,103.728660577,92.3519977113,92.3519977113,134.614660599
741,1,300,positive,0.184263771672,-0.187462615636,0.103702013935,184.263771672,-187.462615636,103.702013935,92.3427988699,92.3427988699,134.588013957
742,0,300,positive,0.183810019918,-0.186676694544,0.101444927446,183.810019918,-186.676694544,101.444927446,91.4352953615,91.4352953615,132.330927468
742,1,300,positive,0.183730130147,-0.186538321402,0.100892024941,183.730130147,-186.538321402,100.892024941,91.2755158199,91.2755158199,131.778024963
743,0,300,positive,0.183810019918,-0.186676694544,0.101444927446,183.810019918,-186.676694544,101.444927446,91.4352953615,91.4352953615,132.330927468
743,1,300,positive,0.18383058536,-0.186712314933,0.101517273913,183.83058536,-186.712314933,101.517273913,91.4764262448,91.4764262448,132.403273935
744,0,300,positive,0.18383058536,-0.186712314933,0.101517273913,183.83058536,-186.712314933,101.517273913,91.4764262448,91.4764262448,132.403273935
744,1,300,positive,0.183830069899,-0.18671142213,0.101547086619,183.830069899,-186.71142213,101.547086619,91.4753953244,91.4753953244,132.433086641
745,0,300,positive,0.183895558885,-0.18682485238,0.101898896686,183.895558885,-186.82485238,101.898896686,91.6063732946,91.6063732946,132.784896709
745,1,300,positive,0.183830069899,-0.18671142213,0.101547086619,183.830069899,-186.71142213,101.547086619,91.4753953244,91.4753953244,132.433086641
746,0,300,positive,0.183895558885,-0.18682485238,0.101898896686,183.895558885,-186.82485238,101.898896686,91.6063732946,91.6063732946,132.784896709
746,1,300,positive,0.183960873213,-0.186937980115,0.102216130662,183.960873213,-186.937980115,102.216130662,91.7370019512,91.7370019512,133.102130684
747,0,300,positive,0.183651746467,-0.186402556884,0.100499954888,183.651746467,-186.402556884,100.499954888,91.1187484587,91.1187484587,131.38595491
747,1,300,positive,0.183611202129,-0.186332332031,0.0997556470195,183.611202129,-186.332332031,99.7556470195,91.0376597827,91.0376597827,130.641647042
748,0,300,positive,0.183688401679,-0.186466045574,0.100720369506,183.688401679,-186.466045574,100.720369506,91.1920588833,91.1920588833,131.606369529
748,1,300,positive,0.183730130147,-0.186538321402,0.100892024941,183.730130147,-186.538321402,100.892024941,91.2755158199,91.2755158199,131.778024963
749,0,300,positive,0.183651746467,-0.186402556884,0.100499954888,183.651746467,-186.402556884,100.499954888,91.1187484587,91.1187484587,131.38595491
749,1,300,positive,0.183688401679,-0.186466045574,0.100720369506,183.688401679,-186.466045574,100.720369506,91.1920588833,91.1920588833,131.606369529
750,0,300,positive,0.184095075523,-0.187170425334,0.102718607233,184.095075523,-187.170425334,102.718607233,92.0054065714,92.0054065714,133.604607255
750,1,300,positive,0.184175534564,-0.187309784481,0.103081017266,184.175534564,-187.309784481,103.081017266,92.1663246532,92.1663246532,133.967017288
751,0,300,positive,0.184095075523,-0.187170425334,0.102718607233,184.095075523,-187.170425334,102.718607233,92.0054065714,92.0054065714,133.604607255
751,1,300,positive,0.183960873213,-0.186937980115,0.102216130662,183.960873213,-186.937980115,102.216130662,91.7370019512,91.7370019512,133.102130684
752,0,300,positive,0.184285442757,-0.187500151055,0.103843945425,184.285442757,-187.500151055,103.843945425,92.386141039,92.386141039,134.729945447
752,1,300,positive,0.184268371093,-0.187470582066,0.103728660577,184.268371093,-187.470582066,103.728660577,92.3519977113,92.3519977113,134.614660599
753,0,300,positive,0.184175534564,-0.187309784481,0.103081017266,184.175534564,-187.309784481,103.081017266,92.1663246532,92.1663246532,133.967017288
753,1,300,positive,0.184260609813,-0.187457139136,0.103670426274,184.260609813,-187.457139136,103.670426274,92.3364751521,92.3364751521,134.556426296
754,0,300,positive,0.184285442757,-0.187500151055,0.103843945425,184.285442757,-187.500151055,103.843945425,92.386141039,92.386141039,134.729945447
754,1,300,positive,0.184412834743,-0.187720800448,0.104853185777,184.412834743,-187.720800448,104.853185777,92.6409250118,92.6409250118,135.739185799
755,0,300,positive,0.19427228776,-0.204797874009,0.170144105144,194.27228776,-204.797874009,170.144105144,112.359831046,112.359831046,201.030105166
755,1,300,positive,0.194289510432,-0.204827704551,0.170386587358,194.289510432,-204.827704551,170.386587358,112.394276389,112.394276389,201.27258738
756,0,300,positive,0.194207287114,-0.204685289586,0.169598165658,194.207287114,-204.685289586,169.598165658,112.229829753,112.229829753,200.484165681
756,1,300,positive,0.194246684326,-0.20475352756,0.169958543724,194.246684326,-204.75352756,169.958543724,112.308624178,112.308624178,200.844543746
757,0,300,positive,0.194246684326,-0.20475352756,0.169958543724,194.246684326,-204.75352756,169.958543724,112.308624178,112.308624178,200.844543746
757,1,300,positive,0.19427228776,-0.204797874009,0.170144105144,194.27228776,-204.797874009,170.144105144,112.359831046,112.359831046,201.030105166
758,0,300,positive,0.194207287114,-0.204685289586,0.169598165658,194.207287114,-204.685289586,169.598165658,112.229829753,112.229829753,200.484165681
758,1,300,positive,0.19414487661,-0.204577191423,0.169002661652,194.14487661,-204.577191423,169.002661652,112.105008746,112.105008746,199.888661675
759,0,300,positive,0.194345524784,-0.204924724255,0.171164641498,194.345524784,-204.924724255,171.164641498,112.506305094,112.506305094,202.05064152
759,1,300,positive,0.194289510432,-0.204827704551,0.170386587358,194.289510432,-204.827704551,170.386587358,112.394276389,112.394276389,201.27258738
760,0,300,positive,0.193993325801,-0.204314697722,0.167196611143,193.993325801,-204.314697722,167.196611143,111.801907128,111.801907128,198.082611166
760,1,300,positive,0.194117796301,-0.204530286953,0.16861532708,194.117796301,-204.530286953,168.61532708,112.050848128,112.050848128,199.501327102
761,0,300,positive,0.19414487661,-0.204577191423,0.169002661652,194.14487661,-204.577191423,169.002661652,112.105008746,112.105008746,199.888661675
761,1,300,positive,0.194117796301,-0.204530286953,0.16861532708,194.117796301,-204.530286953,168.61532708,112.050848128,112.050848128,199.501327102
762,0,300,positive,0.194345524784,-0.204924724255,0.171164641498,194.345524784,-204.924724255,171.164641498,112.506305094,112.506305094,202.05064152
762,1,300,positive,0.194360256042,-0.204950239542,0.171656434427,194.360256042,-204.950239542,171.656434427,112.535767609,112.535767609,202.54243445
763,0,300,positive,0.194442274062,-0.205092298919,0.173169656556,194.442274062,-205.092298919,173.169656556,112.699803649,112.699803649,204.055656579
763,1,300,positive,0.194448693195,-0.205103417185,0.173396438332,194.448693195,-205.103417185,173.396438332,112.712641916,112.712641916,204.282438354
764,0,300,positive,0.194448693195,-0.205103417185,0.173396438332,194.448693195,-205.103417185,173.396438332,112.712641916,112.712641916,204.282438354
764,1,300,positive,0.194462744036,-0.205127753954,0.174014537012,194.462744036,-205.127753954,174.014537012,112.740743597,112.740743597,204.900537034
765,0,300,positive,0.194483733567,-0.20516410889,0.176378630761,194.483733567,-205.16410889,176.378630761,112.78272266,112.78272266,207.264630784
765,1,300,positive,0.194480970539,-0.205159323185,0.176638388799,194.480970539,-205.159323185,176.638388799,112.777196604,112.777196604,207.524388822
766,0,300,positive,0.194442274062,-0.205092298919,0.173169656556,194.442274062,-205.092298919,173.169656556,112.699803649,112.699803649,204.055656579
766,1,300,positive,0.194360256042,-0.204950239542,0.171656434427,194.360256042,-204.950239542,171.656434427,112.535767609,112.535767609,202.54243445
767,0,300,positive,0.194505014479,-0.20520096851,0.175736568474,194.505014479,-205.20096851,175.736568474,112.825284484,112.825284484,206.622568496
767,1,300,positive,0.194462744036,-0.205127753954,0.174014537012,194.462744036,-205.127753954,174.014537012,112.740743597,112.740743597,204.900537034
768,0,300,positive,0.194483733567,-0.20516410889,0.176378630761,194.483733567,-205.16410889,176.378630761,112.78272266,112.78272266,207.264630784
768,1,300,positive,0.194505014479,-0.20520096851,0.175736568474,194.505014479,-205.20096851,175.736568474,112.825284484,112.825284484,206.622568496
769,0,300,positive,0.189377043836,-0.196319062817,0.12541653869,189.377043836,-196.319062817,125.41653869,102.569343198,102.569343198,156.302538712
769,1,300,positive,0.18941054552,-0.196377089435,0.125614083376,189.41054552,-196.377089435,125.614083376,102.636346565,102.636346565,156.500083398
770,0,300,positive,0.189518506539,-0.196564083405,0.126303961784,189.518506539,-196.564083405,126.303961784,102.852268603,102.852268603,157.189961807
770,1,300,positive,0.18941054552,-0.196377089435,0.125614083376,189.41054552,-196.377089435,125.614083376,102.636346565,102.636346565,156.500083398
771,0,300,positive,0.189518506539,-0.196564083405,0.126303961784,189.518506539,-196.564083405,126.303961784,102.852268603,102.852268603,157.189961807
771,1,300,positive,0.189637275962,-0.19676979808,0.127180190999,189.637275962,-196.76979808,127.180190999,103.089807449,103.089807449,158.066191022
772,0,300,positive,0.189637275962,-0.19676979808,0.127180190999,189.637275962,-196.76979808,127.180190999,103.089807449,103.089807449,158.066191022
772,1,300,positive,0.189831178612,-0.197105647323,0.128412754192,189.831178612,-197.105647323,128.412754192,103.47761275,103.47761275,159.298754214
773,0,300,positive,0.189845719856,-0.197130833496,0.128493697337,189.845719856,-197.130833496,128.493697337,103.506695238,103.506695238,159.37969736
773,1,300,positive,0.189831178612,-0.197105647323,0.128412754192,189.831178612,-197.105647323,128.412754192,103.47761275,103.47761275,159.298754214
774,0,300,positive,0.190423293139,-0.198131219767,0.132216079106,190.423293139,-198.131219767,132.216079106,104.661841803,104.661841803,163.102079128
774,1,300,positive,0.190536283064,-0.198326924057,0.133008337638,190.536283064,-198.326924057,133.008337638,104.887821653,104.887821653,163.89433766
775,0,300,positive,0.189876687864,-0.197184471659,0.128734639835,189.876687864,-197.184471659,128.734639835,103.568631254,103.568631254,159.620639857
775,1,300,positive,0.189977724234,-0.197359471786,0.129415579704,189.977724234,-197.359471786,129.415579704,103.770703994,103.770703994,160.301579727
776,0,300,positive,0.189977724234,-0.197359471786,0.129415579704,189.977724234,-197.359471786,129.415579704,103.770703994,103.770703994,160.301579727
776,1,300,positive,0.190045250457,-0.197476430635,0.129782122107,190.045250457,-197.476430635,129.782122107,103.90575644,103.90575644,160.66812213
777,0,300,positive,0.189876687864,-0.197184471659,0.128734639835,189.876687864,-197.184471659,128.734639835,103.568631254,103.568631254,159.620639857
777,1,300,positive,0.189852643142,-0.197142824978,0.128555444884,189.852643142,-197.142824978,128.555444884,103.520541809,103.520541809,159.441444906
778,0,300,positive,0.189852643142,-0.197142824978,0.128555444884,189.852643142,-197.142824978,128.555444884,103.520541809,103.520541809,159.441444906
778,1,300,positive,0.189845719856,-0.197130833496,0.128493697337,189.845719856,-197.130833496,128.493697337,103.506695238,103.506695238,159.37969736
779,0,300,positive,0.190140819068,-0.197641960324,0.130363681343,190.140819068,-197.641960324,130.363681343,104.096893661,104.096893661,161.249681366
779,1,300,positive,0.190222265534,-0.197783029742,0.130954050689,190.222265534,-197.783029742,130.954050689,104.259786595,104.259786595,161.840050711
780,0,300,positive,0.190140819068,-0.197641960324,0.130363681343,190.140819068,-197.641960324,130.363681343,104.096893661,104.096893661,161.249681366
780,1,300,positive,0.190045250457,-0.197476430635,0.129782122107,190.045250457,-197.476430635,129.782122107,103.90575644,103.90575644,160.66812213
781,0,300,positive,0.190222265534,-0.197783029742,0.130954050689,190.222265534,-197.783029742,130.954050689,104.259786595,104.259786595,161.840050711
781,1,300,positive,0.190367258752,-0.198034165362,0.131847637603,190.367258752,-198.034165362,131.847637603,104.549773031,104.549773031,162.733637625
782,0,300,positive,0.190423293139,-0.198131219767,0.132216079106,190.423293139,-198.131219767,132.216079106,104.661841803,104.661841803,163.102079128
782,1,300,positive,0.190367258752,-0.198034165362,0.131847637603,190.367258752,-198.034165362,131.847637603,104.549773031,104.549773031,162.733637625
783,0,300,positive,0.190536283064,-0.198326924057,0.133008337638,190.536283064,-198.326924057,133.008337638,104.887821653,104.887821653,163.89433766
783,1,300,positive,0.190655986735,-0.198534256898,0.133650615332,190.655986735,-198.534256898,133.650615332,105.127228996,105.127228996,164.536615354
784,0,300,positive,0.190695727625,-0.198603090139,0.133886132076,190.695727625,-198.603090139,133.886132076,105.206710776,105.206710776,164.772132098
784,1,300,positive,0.190830056692,-0.198835754907,0.134841948176,190.830056692,-198.835754907,134.841948176,105.475368909,105.475368909,165.727948198
785,0,300,positive,0.190695727625,-0.198603090139,0.133886132076,190.695727625,-198.603090139,133.886132076,105.206710776,105.206710776,164.772132098
785,1,300,positive,0.190655986735,-0.198534256898,0.133650615332,190.655986735,-198.534256898,133.650615332,105.127228996,105.127228996,164.536615354
786,0,300,positive,0.190830056692,-0.198835754907,0.134841948176,190.830056692,-198.835754907,134.841948176,105.475368909,105.475368909,165.727948198
786,1,300,positive,0.190971280135,-0.199080361085,0.135655308432,190.971280135,-199.080361085,135.655308432,105.757815795,105.757815795,166.541308454
787,0,300,positive,0.191019083846,-0.199163159542,0.135982620376,191.019083846,-199.163159542,135.982620376,105.853423217,105.853423217,166.868620399
787,1,300,positive,0.191141951144,-0.199375971944,0.136929243977,191.141951144,-199.375971944,136.929243977,106.099157813,106.099157813,167.815243999
788,0,300,positive,0.191176510321,-0.199435830195,0.13717905794,191.176510321,-199.435830195,137.17905794,106.168276167,106.168276167,168.065057962
788,1,300,positive,0.191141951144,-0.199375971944,0.136929243977,191.141951144,-199.375971944,136.929243977,106.099157813,106.099157813,167.815243999
789,0,300,positive,0.191228597372,-0.199526047613,0.137620278536,191.228597372,-199.526047613,137.620278536,106.272450269,106.272450269,168.506278559
789,1,300,positive,0.191303726591,-0.199656175238,0.138330310308,191.303726591,-199.656175238,138.330310308,106.422708708,106.422708708,169.21631033
790,0,300,positive,0.191228597372,-0.199526047613,0.137620278536,191.228597372,-199.526047613,137.620278536,106.272450269,106.272450269,168.506278559
790,1,300,positive,0.191176510321,-0.199435830195,0.13717905794,191.176510321,-199.435830195,137.17905794,106.168276167,106.168276167,168.065057962
791,0,300,positive,0.191019083846,-0.199163159542,0.135982620376,191.019083846,-199.163159542,135.982620376,105.853423217,105.853423217,166.868620399
791,1,300,positive,0.190971280135,-0.199080361085,0.135655308432,190.971280135,-199.080361085,135.655308432,105.757815795,105.757815795,166.541308454
792,0,300,positive,0.18710510144,-0.192383943155,0.125172166314,187.10510144,-192.383943155,125.172166314,98.025458406,98.025458406,156.058166336
792,1,300,positive,0.187045260827,-0.192280296173,0.124901524181,187.045260827,-192.280296173,124.901524181,97.9057771803,97.9057771803,155.787524203
793,0,300,positive,0.187261776974,-0.19265531314,0.125633030246,187.261776974,-192.65531314,125.633030246,98.3388094739,98.3388094739,156.519030269
793,1,300,positive,0.18710510144,-0.192383943155,0.125172166314,187.10510144,-192.383943155,125.172166314,98.025458406,98.025458406,156.058166336
794,0,300,positive,0.187261776974,-0.19265531314,0.125633030246,187.261776974,-192.65531314,125.633030246,98.3388094739,98.3388094739,156.519030269
794,1,300,positive,0.187279227189,-0.192685537798,0.125698341461,187.279227189,-192.685537798,125.698341461,98.3737099027,98.3737099027,156.584341484
795,0,300,positive,0.187279227189,-0.192685537798,0.125698341461,187.279227189,-192.685537798,125.698341461,98.3737099027,98.3737099027,156.584341484
795,1,300,positive,0.18728582385,-0.192696963551,0.125727316615,187.28582385,-192.696963551,125.727316615,98.3869032258,98.3869032258,156.613316638
796,0,300,positive,0.187455000463,-0.19298998604,0.127230990425,187.455000463,-192.98998604,127.230990425,98.7252564512,98.7252564512,158.116990448
796,1,300,positive,0.187416873024,-0.192923947379,0.126872958761,187.416873024,-192.923947379,126.872958761,98.6490015743,98.6490015743,157.758958784
797,0,300,positive,0.187455000463,-0.19298998604,0.127230990425,187.455000463,-192.98998604,127.230990425,98.7252564512,98.7252564512,158.116990448
797,1,300,positive,0.187564274641,-0.193179254468,0.127895400869,187.564274641,-193.179254468,127.895400869,98.9438048067,98.9438048067,158.781400891
798,0,300,positive,0.187564274641,-0.193179254468,0.127895400869,187.564274641,-193.179254468,127.895400869,98.9438048067,98.9438048067,158.781400891
798,1,300,positive,0.187616676272,-0.193270016756,0.128179863669,187.616676272,-193.270016756,128.179863669,99.0486080697,99.0486080697,159.065863692
799,0,300,positive,0.187616676272,-0.193270016756,0.128179863669,187.616676272,-193.270016756,128.179863669,99.0486080697,99.0486080697,159.065863692
799,1,300,positive,0.187656525196,-0.193339037116,0.128882105895,187.656525196,-193.339037116,128.882105895,99.1283059171,99.1283059171,159.768105918
800,0,300,positive,0.187416873024,-0.192923947379,0.126872958761,187.416873024,-192.923947379,126.872958761,98.6490015743,98.6490015743,157.758958784
800,1,300,positive,0.187323625021,-0.192762437099,0.126054563751,187.323625021,-192.762437099,126.054563751,98.4625055668,98.4625055668,156.940563773
801,0,300,positive,0.18728582385,-0.192696963551,0.125727316615,187.28582385,-192.696963551,125.727316615,98.3869032258,98.3869032258,156.613316638
801,1,300,positive,0.187323625021,-0.192762437099,0.126054563751,187.323625021,-192.762437099,126.054563751,98.4625055668,98.4625055668,156.940563773
802,0,300,positive,0.18795112577,-0.193849300279,0.130566717193,187.95112577,-193.849300279,130.566717193,99.7175070662,99.7175070662,161.452717215
802,1,300,positive,0.187994263132,-0.193924016382,0.130810357728,187.994263132,-193.924016382,130.810357728,99.8037817903,99.8037817903,161.69635775
803,0,300,positive,0.188100312387,-0.19410769908,0.131154251707,188.100312387,-194.10769908,131.154251707,100.0158803,100.0158803,162.040251729
803,1,300,positive,0.187994263132,-0.193924016382,0.130810357728,187.994263132,-193.924016382,130.810357728,99.8037817903,99.8037817903,161.69635775
804,0,300,positive,0.188256927296,-0.194378964058,0.132130318381,188.256927296,-194.378964058,132.130318381,100.329110117,100.329110117,163.016318404
804,1,300,positive,0.188163251832,-0.194216713395,0.131457614026,188.163251832,-194.216713395,131.457614026,100.141759189,100.141759189,162.343614048
805,0,300,positive,0.188100312387,-0.19410769908,0.131154251707,188.100312387,-194.10769908,131.154251707,100.0158803,100.0158803,162.040251729
805,1,300,positive,0.188163251832,-0.194216713395,0.131457614026,188.163251832,-194.216713395,131.457614026,100.141759189,100.141759189,162.343614048
806,0,300,positive,0.188256927296,-0.194378964058,0.132130318381,188.256927296,-194.378964058,132.130318381,100.329110117,100.329110117,163.016318404
806,1,300,positive,0.188312600731,-0.194475393276,0.132509060319,188.312600731,-194.475393276,132.509060319,100.440456987,100.440456987,163.395060342
807,0,300,positive,0.188412569873,-0.194648544911,0.133011349603,188.412569873,-194.648544911,133.011349603,100.640395273,100.640395273,163.897349625
807,1,300,positive,0.188312600731,-0.194475393276,0.132509060319,188.312600731,-194.475393276,132.509060319,100.440456987,100.440456987,163.395060342
808,0,300,positive,0.188508417417,-0.194814557726,0.13338629141,188.508417417,-194.814557726,133.38629141,100.832090359,100.832090359,164.272291432
808,1,300,positive,0.188528750533,-0.194849775715,0.133417542567,188.528750533,-194.849775715,133.417542567,100.872756591,100.872756591,164.303542589
809,0,300,positive,0.188508417417,-0.194814557726,0.13338629141,188.508417417,-194.814557726,133.38629141,100.832090359,100.832090359,164.272291432
809,1,300,positive,0.188412569873,-0.194648544911,0.133011349603,188.412569873,-194.648544911,133.011349603,100.640395273,100.640395273,163.897349625
810,0,300,positive,0.187660597964,-0.193346091357,0.128906709566,187.660597964,-193.346091357,128.906709566,99.1364514528,99.1364514528,159.792709588
810,1,300,positive,0.187656525196,-0.193339037116,0.128882105895,187.656525196,-193.339037116,128.882105895,99.1283059171,99.1283059171,159.768105918
811,0,300,positive,0.187672468756,-0.193366652173,0.129076891736,187.672468756,-193.366652173,129.076891736,99.1601930374,99.1601930374,159.962891758
811,1,300,positive,0.187660597964,-0.193346091357,0.128906709566,187.660597964,-193.346091357,128.906709566,99.1364514528,99.1364514528,159.792709588
812,0,300,positive,0.187719135502,-0.193447481348,0.129680128321,187.719135502,-193.447481348,129.680128321,99.2535265295,99.2535265295,160.566128343
812,1,300,positive,0.187720869228,-0.193450484249,0.129707043655,187.720869228,-193.450484249,129.707043655,99.2569939815,99.2569939815,160.593043677
813,0,300,positive,0.187672468756,-0.193366652173,0.129076891736,187.672468756,-193.366652173,129.076891736,99.1601930374,99.1601930374,159.962891758
813,1,300,positive,0.187719135502,-0.193447481348,0.129680128321,187.719135502,-193.447481348,129.680128321,99.2535265295,99.2535265295,160.566128343
814,0,300,positive,0.18795112577,-0.193849300279,0.130566717193,187.95112577,-193.849300279,130.566717193,99.7175070662,99.7175070662,161.452717215
814,1,300,positive,0.187868722126,-0.19370657298,0.130071239863,187.868722126,-193.70657298,130.071239863,99.5526997767,99.5526997767,160.957239885
815,0,300,positive,0.187868722126,-0.19370657298,0.130071239863,187.868722126,-193.70657298,130.071239863,99.5526997767,99.5526997767,160.957239885
815,1,300,positive,0.187735477475,-0.193475786476,0.129766211162,187.735477475,-193.475786476,129.766211162,99.286210476,99.286210476,160.652211184
816,0,300,positive,0.187720869228,-0.193450484249,0.129707043655,187.720869228,-193.450484249,129.707043655,99.2569939815,99.2569939815,160.593043677
816,1,300,positive,0.187735477475,-0.193475786476,0.129766211162,187.735477475,-193.475786476,129.766211162,99.286210476,99.286210476,160.652211184
817,0,300,positive,0.188579139299,-0.194937051618,0.133563723034,188.579139299,-194.937051618,133.563723034,100.973534123,100.973534123,164.449723056
817,1,300,positive,0.188528750533,-0.194849775715,0.133417542567,188.528750533,-194.849775715,133.417542567,100.872756591,100.872756591,164.303542589
818,0,300,positive,0.188579139299,-0.194937051618,0.133563723034,188.579139299,-194.937051618,133.563723034,100.973534123,100.973534123,164.449723056
818,1,300,positive,0.188633974218,-0.195032028485,0.133719554182,188.633974218,-195.032028485,133.719554182,101.083203962,101.083203962,164.605554205
819,0,300,positive,0.188637795394,-0.195038646955,0.133816441628,188.637795394,-195.038646955,133.816441628,101.090846313,101.090846313,164.70244165
819,1,300,positive,0.188633974218,-0.195032028485,0.133719554182,188.633974218,-195.032028485,133.719554182,101.083203962,101.083203962,164.605554205
820,0,300,positive,0.188637795394,-0.195038646955,0.133816441628,188.637795394,-195.038646955,133.816441628,101.090846313,101.090846313,164.70244165
820,1,300,positive,0.188652466863,-0.195064058685,0.134566501135,188.652466863,-195.064058685,134.566501135,101.120189251,101.120189251,165.452501157
821,0,300,positive,0.188653523956,-0.195065889625,0.13463643311,188.653523956,-195.065889625,134.63643311,101.122303438,101.122303438,165.522433133
821,1,300,positive,0.188652466863,-0.195064058685,0.134566501135,188.652466863,-195.064058685,134.566501135,101.120189251,101.120189251,165.452501157
822,0,300,positive,0.188671871009,-0.195097667652,0.134730262839,188.671871009,-195.097667652,134.730262839,101.158997544,101.158997544,165.616262861
822,1,300,positive,0.188653523956,-0.195065889625,0.13463643311,188.653523956,-195.065889625,134.63643311,101.122303438,101.122303438,165.522433133
823,0,300,positive,0.188702172155,-0.195150150776,0.134960056433,188.702172155,-195.150150776,134.960056433,101.219599836,101.219599836,165.846056455
823,1,300,positive,0.188671871009,-0.195097667652,0.134730262839,188.671871009,-195.097667652,134.730262839,101.158997544,101.158997544,165.616262861
824,0,300,positive,0.188748570932,-0.195230515816,0.135413403157,188.748570932,-195.230515816,135.413403157,101.31239739,101.31239739,166.299403179
824,1,300,positive,0.188788589026,-0.195299829188,0.135743396712,188.788589026,-195.299829188,135.743396712,101.392433578,101.392433578,166.629396735
825,0,300,positive,0.188702172155,-0.195150150776,0.134960056433,188.702172155,-195.150150776,134.960056433,101.219599836,101.219599836,165.846056455
825,1,300,positive,0.188748570932,-0.195230515816,0.135413403157,188.748570932,-195.230515816,135.413403157,101.31239739,101.31239739,166.299403179
826,0,300,positive,0.18900107545,-0.195667866469,0.137442434389,189.00107545,-195.667866469,137.442434389,101.817406425,101.817406425,168.328434411
826,1,300,positive,0.189021009741,-0.195702393674,0.13727797416,189.021009741,-195.702393674,137.27797416,101.857275007,101.857275007,168.163974183
827,0,300,positive,0.18899920969,-0.195664634879,0.137528196302,188.99920969,-195.664634879,137.528196302,101.813674906,101.813674906,168.414196324
827,1,300,positive,0.18900107545,-0.195667866469,0.137442434389,189.00107545,-195.667866469,137.442434389,101.817406425,101.817406425,168.328434411
828,0,300,positive,0.18899920969,-0.195664634879,0.137528196302,188.99920969,-195.664634879,137.528196302,101.813674906,101.813674906,168.414196324
828,1,300,positive,0.189032293302,-0.195721937376,0.138317415972,189.032293302,-195.721937376,138.317415972,101.879842129,101.879842129,169.203415994
829,0,300,positive,0.188965478443,-0.195606210644,0.136342124348,188.965478443,-195.606210644,136.342124348,101.746212411,101.746212411,167.22812437
829,1,300,positive,0.188827911326,-0.195367937409,0.135852446595,188.827911326,-195.367937409,135.852446595,101.471078178,101.471078178,166.738446617
830,0,300,positive,0.189015569893,-0.195692971582,0.136839216381,189.015569893,-195.692971582,136.839216381,101.846395312,101.846395312,167.725216403
830,1,300,positive,0.188965478443,-0.195606210644,0.136342124348,188.965478443,-195.606210644,136.342124348,101.746212411,101.746212411,167.22812437
831,0,300,positive,0.188788589026,-0.195299829188,0.135743396712,188.788589026,-195.299829188,135.743396712,101.392433578,101.392433578,166.629396735
831,1,300,positive,0.188827911326,-0.195367937409,0.135852446595,188.827911326,-195.367937409,135.852446595,101.471078178,101.471078178,166.738446617
832,0,300,positive,0.189015569893,-0.195692971582,0.136839216381,189.015569893,-195.692971582,136.839216381,101.846395312,101.846395312,167.725216403
832,1,300,positive,0.189033494991,-0.195724018763,0.13693029571,189.033494991,-195.724018763,136.93029571,101.882245508,101.882245508,167.816295732
833,0,300,positive,0.189033494991,-0.195724018763,0.13693029571,189.033494991,-195.724018763,136.93029571,101.882245508,101.882245508,167.816295732
833,1,300,positive,0.189021009741,-0.195702393674,0.13727797416,189.021009741,-195.702393674,137.27797416,101.857275007,101.857275007,168.163974183
834,0,300,positive,0.191672206745,-0.200294401587,0.141110398718,191.672206745,-200.294401587,141.110398718,107.159669016,107.159669016,171.996398741
834,1,300,positive,0.191809335556,-0.200531915654,0.142148107388,191.809335556,-200.531915654,142.148107388,107.433926637,107.433926637,173.03410741
835,0,300,positive,0.191969430271,-0.200809207836,0.143817767253,191.969430271,-200.809207836,143.817767253,107.754116069,107.754116069,174.703767276
835,1,300,positive,0.191997598046,-0.200857995853,0.144105899924,191.997598046,-200.857995853,144.105899924,107.810451618,107.810451618,174.991899946
836,0,300,positive,0.192287089196,-0.201359409232,0.147479486618,192.287089196,-201.359409232,147.479486618,108.389433917,108.389433917,178.36548664
836,1,300,positive,0.192289533082,-0.201363642166,0.147555759068,192.289533082,-201.363642166,147.555759068,108.394321689,108.394321689,178.441759091
837,0,300,positive,0.192255071345,-0.201303952688,0.147051296384,192.255071345,-201.303952688,147.051296384,108.325398216,108.325398216,177.937296406
837,1,300,positive,0.192287089196,-0.201359409232,0.147479486618,192.287089196,-201.359409232,147.479486618,108.389433917,108.389433917,178.36548664
838,0,300,positive,0.191303726591,-0.199656175238,0.138330310308,191.303726591,-199.656175238,138.330310308,106.422708708,106.422708708,169.21631033
838,1,300,positive,0.191325986359,-0.199694730287,0.13851361828,191.325986359,-199.694730287,138.51361828,106.467228244,106.467228244,169.399618302
839,0,300,positive,0.191325986359,-0.199694730287,0.13851361828,191.325986359,-199.694730287,138.51361828,106.467228244,106.467228244,169.399618302
839,1,300,positive,0.191356049053,-0.1997468004,0.138732173236,191.356049053,-199.7468004,138.732173236,106.527353631,106.527353631,169.618173258
840,0,300,positive,0.191356049053,-0.1997468004,0.138732173236,191.356049053,-199.7468004,138.732173236,106.527353631,106.527353631,169.618173258
840,1,300,positive,0.19145925502,-0.19992555838,0.139489152832,191.45925502,-199.92555838,139.489152832,106.733765566,106.733765566,170.375152855
841,0,300,positive,0.189184003737,-0.195984707557,0.139629602848,189.184003737,-195.984707557,139.629602848,102.183263,102.183263,170.51560287
841,1,300,positive,0.189209844462,-0.196029465006,0.139918702703,189.209844462,-196.029465006,139.918702703,102.234944449,102.234944449,170.804702725
842,0,300,positive,0.189244983921,-0.196090328334,0.140112109719,189.244983921,-196.090328334,140.112109719,102.305223368,102.305223368,170.998109741
842,1,300,positive,0.189209844462,-0.196029465006,0.139918702703,189.209844462,-196.029465006,139.918702703,102.234944449,102.234944449,170.804702725
843,0,300,positive,0.189244983921,-0.196090328334,0.140112109719,189.244983921,-196.090328334,140.112109719,102.305223368,102.305223368,170.998109741
843,1,300,positive,0.189283739468,-0.196157454911,0.140667700846,189.283739468,-196.157454911,140.667700846,102.382734462,102.382734462,171.553700869
844,0,300,positive,0.189470386758,-0.1964807375,0.14169072032,189.470386758,-196.4807375,141.69072032,102.756029042,102.756029042,172.576720342
844,1,300,positive,0.189449347198,-0.196444295914,0.141540430316,189.449347198,-196.444295914,141.540430316,102.713949922,102.713949922,172.426430339
845,0,300,positive,0.189294684504,-0.196176412269,0.14071727203,189.294684504,-196.176412269,140.71727203,102.404624534,102.404624534,171.603272053
845,1,300,positive,0.189283739468,-0.196157454911,0.140667700846,189.283739468,-196.157454911,140.667700846,102.382734462,102.382734462,171.553700869
846,0,300,positive,0.189294684504,-0.196176412269,0.14071727203,189.294684504,-196.176412269,140.71727203,102.404624534,102.404624534,171.603272053
846,1,300,positive,0.189449347198,-0.196444295914,0.141540430316,189.449347198,-196.444295914,141.540430316,102.713949922,102.713949922,172.426430339
847,0,300,positive,0.189477126184,-0.196492410528,0.141766427886,189.477126184,-196.492410528,141.766427886,102.769507893,102.769507893,172.652427908
847,1,300,positive,0.189470386758,-0.1964807375,0.14169072032,189.470386758,-196.4807375,141.69072032,102.756029042,102.756029042,172.576720342
848,0,300,positive,0.189485417318,-0.196506771194,0.141902652901,189.485417318,-196.506771194,141.902652901,102.786090162,102.786090162,172.788652924
848,1,300,positive,0.189477126184,-0.196492410528,0.141766427886,189.477126184,-196.492410528,141.766427886,102.769507893,102.769507893,172.652427908
849,0,300,positive,0.189485417318,-0.196506771194,0.141902652901,189.485417318,-196.506771194,141.902652901,102.786090162,102.786090162,172.788652924
849,1,300,positive,0.189505584851,-0.196541702385,0.142479542057,189.505584851,-196.541702385,142.479542057,102.826425228,102.826425228,173.365542079
850,0,300,positive,0.189515554747,-0.196558970751,0.142585199288,189.515554747,-196.558970751,142.585199288,102.846365019,102.846365019,173.47119931
850,1,300,positive,0.189505584851,-0.196541702385,0.142479542057,189.505584851,-196.541702385,142.479542057,102.826425228,102.826425228,173.365542079
851,0,300,positive,0.189515554747,-0.196558970751,0.142585199288,189.515554747,-196.558970751,142.585199288,102.846365019,102.846365019,173.47119931
851,1,300,positive,0.189569241705,-0.196651959291,0.142991527063,189.569241705,-196.651959291,142.991527063,102.953738936,102.953738936,173.877527085
852,0,300,positive,0.189569241705,-0.196651959291,0.142991527063,189.569241705,-196.651959291,142.991527063,102.953738936,102.953738936,173.877527085
852,1,300,positive,0.189619597027,-0.196739177267,0.143304970164,189.619597027,-196.739177267,143.304970164,103.05444958,103.05444958,174.190970187
853,0,300,positive,0.189758339682,-0.196979486595,0.145179005935,189.758339682,-196.979486595,145.179005935,103.33193489,103.33193489,176.065005957
853,1,300,positive,0.189726345234,-0.196924070586,0.144956185842,189.726345234,-196.924070586,144.956185842,103.267945994,103.267945994,175.842185864
854,0,300,positive,0.189633008173,-0.196762406053,0.143658377493,189.633008173,-196.762406053,143.658377493,103.081271872,103.081271872,174.544377515
854,1,300,positive,0.189619597027,-0.196739177267,0.143304970164,189.619597027,-196.739177267,143.304970164,103.05444958,103.05444958,174.190970187
855,0,300,positive,0.189627789156,-0.19675336645,0.143861399376,189.627789156,-196.75336645,143.861399376,103.070833837,103.070833837,174.747399398
855,1,300,positive,0.189633008173,-0.196762406053,0.143658377493,189.633008173,-196.762406053,143.658377493,103.081271872,103.081271872,174.544377515
856,0,300,positive,0.189627789156,-0.19675336645,0.143861399376,189.627789156,-196.75336645,143.861399376,103.070833837,103.070833837,174.747399398
856,1,300,positive,0.189639239282,-0.19677319865,0.144240217903,189.639239282,-196.77319865,144.240217903,103.093734089,103.093734089,175.126217926
857,0,300,positive,0.189726345234,-0.196924070586,0.144956185842,189.726345234,-196.924070586,144.956185842,103.267945994,103.267945994,175.842185864
857,1,300,positive,0.18969299208,-0.196866301227,0.144755277525,189.69299208,-196.866301227,144.755277525,103.201239685,103.201239685,175.641277548
858,0,300,positive,0.189639239282,-0.19677319865,0.144240217903,189.639239282,-196.77319865,144.240217903,103.093734089,103.093734089,175.126217926
858,1,300,positive,0.18969299208,-0.196866301227,0.144755277525,189.69299208,-196.866301227,144.755277525,103.201239685,103.201239685,175.641277548
859,0,300,positive,0.189786133028,-0.197027626082,0.14589651614,189.786133028,-197.027626082,145.89651614,103.387521581,103.387521581,176.782516163
859,1,300,positive,0.189778272343,-0.197014010976,0.14543337451,189.778272343,-197.014010976,145.43337451,103.371800211,103.371800211,176.319374533
860,0,300,positive,0.189781088287,-0.197018888334,0.145991781035,189.781088287,-197.018888334,145.991781035,103.377432099,103.377432099,176.877781057
860,1,300,positive,0.189786133028,-0.197027626082,0.14589651614,189.786133028,-197.027626082,145.89651614,103.387521581,103.387521581,176.782516163
861,0,300,positive,0.189777385922,-0.19701247565,0.146230219338,189.777385922,-197.01247565,146.230219338,103.37002737,103.37002737,177.11621936
861,1,300,positive,0.189781088287,-0.197018888334,0.145991781035,189.781088287,-197.018888334,145.991781035,103.377432099,103.377432099,176.877781057
862,0,300,positive,0.189816820082,-0.197080777619,0.146819563852,189.816820082,-197.080777619,146.819563852,103.44889569,103.44889569,177.705563875
862,1,300,positive,0.189777385922,-0.19701247565,0.146230219338,189.777385922,-197.01247565,146.230219338,103.37002737,103.37002737,177.11621936
863,0,300,positive,0.189963387308,-0.197334639501,0.148962373943,189.963387308,-197.334639501,148.962373943,103.742030142,103.742030142,179.848373965
863,1,300,positive,0.1899600741,-0.197328900857,0.148941244054,189.9600741,-197.328900857,148.941244054,103.735403726,103.735403726,179.827244076
864,0,300,positive,0.189862870286,-0.197160538912,0.147858526185,189.862870286,-197.160538912,147.858526185,103.540996097,103.540996097,178.744526208
864,1,300,positive,0.189835269167,-0.197112732371,0.147663853255,189.835269167,-197.112732371,147.663853255,103.485793859,103.485793859,178.549853277
865,0,300,positive,0.189862870286,-0.197160538912,0.147858526185,189.862870286,-197.160538912,147.858526185,103.540996097,103.540996097,178.744526208
865,1,300,positive,0.189862827491,-0.197160464789,0.148327898224,189.862827491,-197.160464789,148.327898224,103.540910508,103.540910508,179.213898246
866,0,300,positive,0.189862827491,-0.197160464789,0.148327898224,189.862827491,-197.160464789,148.327898224,103.540910508,103.540910508,179.213898246
866,1,300,positive,0.1899600741,-0.197328900857,0.148941244054,189.9600741,-197.328900857,148.941244054,103.735403726,103.735403726,179.827244076
867,0,300,positive,0.189966480693,-0.197339997401,0.148978280556,189.966480693,-197.339997401,148.978280556,103.748216912,103.748216912,179.864280578
867,1,300,positive,0.189963387308,-0.197334639501,0.148962373943,189.963387308,-197.334639501,148.962373943,103.742030142,103.742030142,179.848373965
868,0,300,positive,0.190007871128,-0.197411687737,0.149224650524,190.007871128,-197.411687737,149.224650524,103.830997782,103.830997782,180.110650546
868,1,300,positive,0.189966480693,-0.197339997401,0.148978280556,189.966480693,-197.339997401,148.978280556,103.748216912,103.748216912,179.864280578
869,0,300,positive,0.190520267468,-0.198299184232,0.153755883379,190.520267468,-198.299184232,153.755883379,104.855790462,104.855790462,184.641883402
869,1,300,positive,0.190516226911,-0.198292185781,0.153488052833,190.516226911,-198.292185781,153.488052833,104.847709347,104.847709347,184.374052855
870,0,300,positive,0.190591288964,-0.198422197071,0.15413949495,190.591288964,-198.422197071,154.13949495,104.997833453,104.997833453,185.025494973
870,1,300,positive,0.190520267468,-0.198299184232,0.153755883379,190.520267468,-198.299184232,153.755883379,104.855790462,104.855790462,184.641883402
871,0,300,positive,0.189058268284,-0.195766927365,0.138501201007,189.058268284,-195.766927365,138.501201007,101.931792094,101.931792094,169.38720103
871,1,300,positive,0.189032293302,-0.195721937376,0.138317415972,189.032293302,-195.721937376,138.317415972,101.879842129,101.879842129,169.203415994
872,0,300,positive,0.189061973738,-0.195773345399,0.138613019497,189.061973738,-195.773345399,138.613019497,101.939203002,101.939203002,169.499019519
872,1,300,positive,0.189058268284,-0.195766927365,0.138501201007,189.058268284,-195.766927365,138.501201007,101.931792094,101.931792094,169.38720103
873,0,300,positive,0.189061973738,-0.195773345399,0.138613019497,189.061973738,-195.773345399,138.613019497,101.939203002,101.939203002,169.499019519
873,1,300,positive,0.189150683993,-0.195926996067,0.139432702857,189.150683993,-195.926996067,139.432702857,102.116623511,102.116623511,170.31870288
874,0,300,positive,0.189184003737,-0.195984707557,0.139629602848,189.184003737,-195.984707557,139.629602848,102.183263,102.183263,170.51560287
874,1,300,positive,0.189150683993,-0.195926996067,0.139432702857,189.150683993,-195.926996067,139.432702857,102.116623511,102.116623511,170.31870288
875,0,300,positive,0.190928495131,-0.199006255284,0.159659334448,190.928495131,-199.006255284,159.659334448,105.672245787,105.672245787,190.54533447
875,1,300,positive,0.190923703856,-0.198997956553,0.159632001896,190.923703856,-198.997956553,159.632001896,105.662663238,105.662663238,190.518001918
876,0,300,positive,0.190929340755,-0.199007719948,0.159679052313,190.929340755,-199.007719948,159.679052313,105.673937035,105.673937035,190.565052335
876,1,300,positive,0.190928495131,-0.199006255284,0.159659334448,190.928495131,-199.006255284,159.659334448,105.672245787,105.672245787,190.54533447
877,0,300,positive,0.191880764242,-0.200655633768,0.142763906578,191.880764242,-200.655633768,142.763906578,107.57678401,107.57678401,173.6499066
877,1,300,positive,0.191809335556,-0.200531915654,0.142148107388,191.809335556,-200.531915654,142.148107388,107.433926637,107.433926637,173.03410741
878,0,300,positive,0.191969430271,-0.200809207836,0.143817767253,191.969430271,-200.809207836,143.817767253,107.754116069,107.754116069,174.703767276
878,1,300,positive,0.191880764242,-0.200655633768,0.142763906578,191.880764242,-200.655633768,142.763906578,107.57678401,107.57678401,173.6499066
879,0,300,positive,0.192093800877,-0.201024624043,0.145267461267,192.093800877,-201.024624043,145.267461267,108.002857279,108.002857279,176.153461289
879,1,300,positive,0.191997598046,-0.200857995853,0.144105899924,191.997598046,-200.857995853,144.105899924,107.810451618,107.810451618,174.991899946
880,0,300,positive,0.192255071345,-0.201303952688,0.147051296384,192.255071345,-201.303952688,147.051296384,108.325398216,108.325398216,177.937296406
880,1,300,positive,0.192093800877,-0.201024624043,0.145267461267,192.093800877,-201.024624043,145.267461267,108.002857279,108.002857279,176.153461289
881,0,300,positive,0.191613352161,-0.200192462457,0.140652422845,191.613352161,-200.192462457,140.652422845,107.041959848,107.041959848,171.538422868
881,1,300,positive,0.19145925502,-0.19992555838,0.139489152832,191.45925502,-199.92555838,139.489152832,106.733765566,106.733765566,170.375152855
882,0,300,positive,0.191638870866,-0.20023666215,0.140869177895,191.638870866,-200.23666215,140.869177895,107.092997257,107.092997257,171.755177917
882,1,300,positive,0.191613352161,-0.200192462457,0.140652422845,191.613352161,-200.192462457,140.652422845,107.041959848,107.041959848,171.538422868
883,0,300,positive,0.191672206745,-0.200294401587,0.141110398718,191.672206745,-200.294401587,141.110398718,107.159669016,107.159669016,171.996398741
883,1,300,positive,0.191638870866,-0.20023666215,0.140869177895,191.638870866,-200.23666215,140.869177895,107.092997257,107.092997257,171.755177917
884,0,300,positive,0.189758339682,-0.196979486595,0.145179005935,189.758339682,-196.979486595,145.179005935,103.33193489,103.33193489,176.065005957
884,1,300,positive,0.189772365984,-0.197003780862,0.145308759983,189.772365984,-197.003780862,145.308759983,103.359987493,103.359987493,176.194760005
885,0,300,positive,0.189816820082,-0.197080777619,0.146819563852,189.816820082,-197.080777619,146.819563852,103.44889569,103.44889569,177.705563875
885,1,300,positive,0.189840469829,-0.197121740183,0.147568752971,189.840469829,-197.121740183,147.568752971,103.496195184,103.496195184,178.454752993
886,0,300,positive,0.189840469829,-0.197121740183,0.147568752971,189.840469829,-197.121740183,147.568752971,103.496195184,103.496195184,178.454752993
886,1,300,positive,0.189835269167,-0.197112732371,0.147663853255,189.835269167,-197.112732371,147.663853255,103.485793859,103.485793859,178.549853277
887,0,300,positive,0.189772365984,-0.197003780862,0.145308759983,189.772365984,-197.003780862,145.308759983,103.359987493,103.359987493,176.194760005
887,1,300,positive,0.189778272343,-0.197014010976,0.14543337451,189.778272343,-197.014010976,145.43337451,103.371800211,103.371800211,176.319374533
888,0,300,positive,0.192746014705,-0.202154291531,0.152315693628,192.746014705,-202.154291531,152.315693628,109.307284935,109.307284935,183.201693651
888,1,300,positive,0.192765580774,-0.202188180957,0.152494378388,192.765580774,-202.188180957,152.494378388,109.346417074,109.346417074,183.38037841
889,0,300,positive,0.192289533082,-0.201363642166,0.147555759068,192.289533082,-201.363642166,147.555759068,108.394321689,108.394321689,178.441759091
889,1,300,positive,0.192325601842,-0.201426115092,0.14799064697,192.325601842,-201.426115092,147.99064697,108.46645921,108.46645921,178.876646992
890,0,300,positive,0.192400312284,-0.201555517373,0.148941992354,192.400312284,-201.555517373,148.941992354,108.615880093,108.615880093,179.827992376
890,1,300,positive,0.192325601842,-0.201426115092,0.14799064697,192.325601842,-201.426115092,147.99064697,108.46645921,108.46645921,178.876646992
891,0,300,positive,0.192400312284,-0.201555517373,0.148941992354,192.400312284,-201.555517373,148.941992354,108.615880093,108.615880093,179.827992376
891,1,300,positive,0.192442216687,-0.201628097928,0.149386498254,192.442216687,-201.628097928,149.386498254,108.699688899,108.699688899,180.272498276
892,0,300,positive,0.192511227949,-0.20174762894,0.149999333657,192.511227949,-201.74762894,149.999333657,108.837711423,108.837711423,180.88533368
892,1,300,positive,0.192442216687,-0.201628097928,0.149386498254,192.442216687,-201.628097928,149.386498254,108.699688899,108.699688899,180.272498276
893,0,300,positive,0.192654796383,-0.201996296762,0.151414009241,192.654796383,-201.996296762,151.414009241,109.124848291,109.124848291,182.300009263
893,1,300,positive,0.192511227949,-0.20174762894,0.149999333657,192.511227949,-201.74762894,149.999333657,108.837711423,108.837711423,180.88533368
894,0,300,positive,0.192654796383,-0.201996296762,0.151414009241,192.654796383,-201.996296762,151.414009241,109.124848291,109.124848291,182.300009263
894,1,300,positive,0.192671336578,-0.202024945221,0.151546961736,192.671336578,-202.024945221,151.546961736,109.157928682,109.157928682,182.432961759
895,0,300,positive,0.192746014705,-0.202154291531,0.152315693628,192.746014705,-202.154291531,152.315693628,109.307284935,109.307284935,183.201693651
895,1,300,positive,0.192671336578,-0.202024945221,0.151546961736,192.671336578,-202.024945221,151.546961736,109.157928682,109.157928682,182.432961759
896,0,300,positive,0.192851538976,-0.20233706493,0.153095469899,192.851538976,-202.33706493,153.095469899,109.518333478,109.518333478,183.981469922
896,1,300,positive,0.192863896506,-0.202358468799,0.153232961726,192.863896506,-202.358468799,153.232961726,109.543048537,109.543048537,184.118961749
897,0,300,positive,0.192851538976,-0.20233706493,0.153095469899,192.851538976,-202.33706493,153.095469899,109.518333478,109.518333478,183.981469922
897,1,300,positive,0.192765580774,-0.202188180957,0.152494378388,192.765580774,-202.188180957,152.494378388,109.346417074,109.346417074,183.38037841
898,0,300,positive,0.192863896506,-0.202358468799,0.153232961726,192.863896506,-202.358468799,153.232961726,109.543048537,109.543048537,184.118961749
898,1,300,positive,0.192920950555,-0.202457289311,0.153857434578,192.920950555,-202.457289311,153.857434578,109.657156635,109.657156635,184.743434601
899,0,300,positive,0.193064819896,-0.202706478319,0.15538397974,193.064819896,-202.706478319,155.38397974,109.944895317,109.944895317,186.269979762
899,1,300,positive,0.193201220936,-0.20294273185,0.156617870457,193.201220936,-202.94273185,156.617870457,110.217697397,110.217697397,187.503870479
900,0,300,positive,0.193064819896,-0.202706478319,0.15538397974,193.064819896,-202.706478319,155.38397974,109.944895317,109.944895317,186.269979762
900,1,300,positive,0.193029803239,-0.20264582769,0.155069192864,193.029803239,-202.64582769,155.069192864,109.874862003,109.874862003,185.955192886
901,0,300,positive,0.193029803239,-0.20264582769,0.155069192864,193.029803239,-202.64582769,155.069192864,109.874862003,109.874862003,185.955192886
901,1,300,positive,0.192920950555,-0.202457289311,0.153857434578,192.920950555,-202.457289311,153.857434578,109.657156635,109.657156635,184.743434601
902,0,300,positive,0.193249748851,-0.203026784665,0.15718665311,193.249748851,-203.026784665,157.18665311,110.314753227,110.314753227,188.072653132
902,1,300,positive,0.193201220936,-0.20294273185,0.156617870457,193.201220936,-202.94273185,156.617870457,110.217697397,110.217697397,187.503870479
903,0,300,positive,0.190448670234,-0.198175174184,0.152477724413,190.448670234,-198.175174184,152.477724413,104.712595993,104.712595993,183.363724436
903,1,300,positive,0.190469593611,-0.198211414536,0.15263444497,190.469593611,-198.211414536,152.63444497,104.754442747,104.754442747,183.520444992
904,0,300,positive,0.190007871128,-0.197411687737,0.149224650524,190.007871128,-197.411687737,149.224650524,103.830997782,103.830997782,180.110650546
904,1,300,positive,0.190054180136,-0.197491897292,0.149490044708,190.054180136,-197.491897292,149.490044708,103.923615798,103.923615798,180.376044731
905,0,300,positive,0.190054180136,-0.197491897292,0.149490044708,190.054180136,-197.491897292,149.490044708,103.923615798,103.923615798,180.376044731
905,1,300,positive,0.19005890015,-0.197500072595,0.149508977114,190.05890015,-197.500072595,149.508977114,103.933055825,103.933055825,180.394977136
906,0,300,positive,0.190087111549,-0.197548936172,0.149773567742,190.087111549,-197.548936172,149.773567742,103.989478623,103.989478623,180.659567764
906,1,300,positive,0.19005890015,-0.197500072595,0.149508977114,190.05890015,-197.500072595,149.508977114,103.933055825,103.933055825,180.394977136
907,0,300,positive,0.190087111549,-0.197548936172,0.149773567742,190.087111549,-197.548936172,149.773567742,103.989478623,103.989478623,180.659567764
907,1,300,positive,0.190113892599,-0.197595322312,0.149916427984,190.113892599,-197.595322312,149.916427984,104.043040724,104.043040724,180.802428006
908,0,300,positive,0.190298450955,-0.197914986761,0.15073184787,190.298450955,-197.914986761,150.73184787,104.412157435,104.412157435,181.617847893
908,1,300,positive,0.190113892599,-0.197595322312,0.149916427984,190.113892599,-197.595322312,149.916427984,104.043040724,104.043040724,180.802428006
909,0,300,positive,0.190298450955,-0.197914986761,0.15073184787,190.298450955,-197.914986761,150.73184787,104.412157435,104.412157435,181.617847893
909,1,300,positive,0.190316713277,-0.197946618031,0.150940729174,190.316713277,-197.946618031,150.940729174,104.448682079,104.448682079,181.826729196
910,0,300,positive,0.190418320623,-0.198122607117,0.152149727837,190.418320623,-198.122607117,152.149727837,104.651896772,104.651896772,183.03572786
910,1,300,positive,0.190316713277,-0.197946618031,0.150940729174,190.316713277,-197.946618031,150.940729174,104.448682079,104.448682079,181.826729196
911,0,300,positive,0.190418320623,-0.198122607117,0.152149727837,190.418320623,-198.122607117,152.149727837,104.651896772,104.651896772,183.03572786
911,1,300,positive,0.190425514473,-0.19813506723,0.152250304877,190.425514473,-198.13506723,152.250304877,104.666284472,104.666284472,183.136304899
912,0,300,positive,0.190425514473,-0.19813506723,0.152250304877,190.425514473,-198.13506723,152.250304877,104.666284472,104.666284472,183.136304899
912,1,300,positive,0.190448670234,-0.198175174184,0.152477724413,190.448670234,-198.175174184,152.477724413,104.712595993,104.712595993,183.363724436
913,0,300,positive,0.19049543858,-0.198256179337,0.152994212963,190.49543858,-198.256179337,152.994212963,104.806132686,104.806132686,183.880212985
913,1,300,positive,0.190469593611,-0.198211414536,0.15263444497,190.469593611,-198.211414536,152.63444497,104.754442747,104.754442747,183.520444992
914,0,300,positive,0.19049543858,-0.198256179337,0.152994212963,190.49543858,-198.256179337,152.994212963,104.806132686,104.806132686,183.880212985
914,1,300,positive,0.190516226911,-0.198292185781,0.153488052833,190.516226911,-198.292185781,153.488052833,104.847709347,104.847709347,184.374052855
915,0,300,positive,0.190644705852,-0.198514717835,0.155309550471,190.644705852,-198.514717835,155.309550471,105.10466723,105.10466723,186.195550493
915,1,300,positive,0.190616607975,-0.198466050885,0.154483784063,190.616607975,-198.466050885,154.483784063,105.048471476,105.048471476,185.369784085
916,0,300,positive,0.190591288964,-0.198422197071,0.15413949495,190.591288964,-198.422197071,154.13949495,104.997833453,104.997833453,185.025494973
916,1,300,positive,0.190608895577,-0.198452692619,0.154279896034,190.608895577,-198.452692619,154.279896034,105.033046679,105.033046679,185.165896056
917,0,300,positive,0.190608895577,-0.198452692619,0.154279896034,190.608895577,-198.452692619,154.279896034,105.033046679,105.033046679,185.165896056
917,1,300,positive,0.190616607975,-0.198466050885,0.154483784063,190.616607975,-198.466050885,154.483784063,105.048471476,105.048471476,185.369784085
918,0,300,positive,0.190659850846,-0.198540949734,0.1558907062,190.659850846,-198.540949734,155.8907062,105.134957217,105.134957217,186.776706222
918,1,300,positive,0.190644705852,-0.198514717835,0.155309550471,190.644705852,-198.514717835,155.309550471,105.10466723,105.10466723,186.195550493
919,0,300,positive,0.190659850846,-0.198540949734,0.1558907062,190.659850846,-198.540949734,155.8907062,105.134957217,105.134957217,186.776706222
919,1,300,positive,0.190690250262,-0.198593603068,0.156666452607,190.690250262,-198.593603068,156.666452607,105.19575605,105.19575605,187.552452629
920,0,300,positive,0.190725934472,-0.198655409932,0.157090050215,190.725934472,-198.655409932,157.090050215,105.26712447,105.26712447,187.976050237
920,1,300,positive,0.190690250262,-0.198593603068,0.156666452607,190.690250262,-198.593603068,156.666452607,105.19575605,105.19575605,187.552452629
921,0,300,positive,0.193406660179,-0.203298563058,0.15916774651,193.406660179,-203.298563058,159.16774651,110.628575884,110.628575884,190.053746532
921,1,300,positive,0.19340952103,-0.203303518197,0.15991561515,193.40952103,-203.303518197,159.91561515,110.634297586,110.634297586,190.801615172
922,0,300,positive,0.193249748851,-0.203026784665,0.15718665311,193.249748851,-203.026784665,157.18665311,110.314753227,110.314753227,188.072653132
922,1,300,positive,0.193335195044,-0.203174781812,0.158152154664,193.335195044,-203.174781812,158.152154664,110.485645613,110.485645613,189.038154686
923,0,300,positive,0.193335195044,-0.203174781812,0.158152154664,193.335195044,-203.174781812,158.152154664,110.485645613,110.485645613,189.038154686
923,1,300,positive,0.193396182302,-0.203280414842,0.158757464808,193.396182302,-203.280414842,158.757464808,110.607620129,110.607620129,189.64346483
924,0,300,positive,0.193403303548,-0.203292749202,0.158957093469,193.403303548,-203.292749202,158.957093469,110.621862622,110.621862622,189.843093491
924,1,300,positive,0.193396182302,-0.203280414842,0.158757464808,193.396182302,-203.280414842,158.757464808,110.607620129,110.607620129,189.64346483
925,0,300,positive,0.193406660179,-0.203298563058,0.15916774651,193.406660179,-203.298563058,159.16774651,110.628575884,110.628575884,190.053746532
925,1,300,positive,0.193403303548,-0.203292749202,0.158957093469,193.403303548,-203.292749202,158.957093469,110.621862622,110.621862622,189.843093491
926,0,300,positive,0.19340952103,-0.203303518197,0.15991561515,193.40952103,-203.303518197,159.91561515,110.634297586,110.634297586,190.801615172
926,1,300,positive,0.193384756406,-0.203260624611,0.160337353454,193.384756406,-203.260624611,160.337353454,110.584768338,110.584768338,191.223353476
927,0,300,positive,0.19348520203,-0.203434601534,0.161597805034,193.48520203,-203.434601534,161.597805034,110.785659585,110.785659585,192.483805057
927,1,300,positive,0.193508356264,-0.203474705844,0.161835568513,193.508356264,-203.474705844,161.835568513,110.831968054,110.831968054,192.721568535
928,0,300,positive,0.193508356264,-0.203474705844,0.161835568513,193.508356264,-203.474705844,161.835568513,110.831968054,110.831968054,192.721568535
928,1,300,positive,0.1935420529,-0.203533070129,0.162071946377,193.5420529,-203.533070129,162.071946377,110.899361326,110.899361326,192.957946399
929,0,300,positive,0.193382688919,-0.203257043618,0.16070137742,193.382688919,-203.257043618,160.70137742,110.580633365,110.580633365,191.587377442
929,1,300,positive,0.193396461185,-0.203280897881,0.161020208375,193.396461185,-203.280897881,161.020208375,110.608177895,110.608177895,191.906208397
930,0,300,positive,0.193382688919,-0.203257043618,0.16070137742,193.382688919,-203.257043618,160.70137742,110.580633365,110.580633365,191.587377442
930,1,300,positive,0.19337898073,-0.203250620845,0.16051192196,193.37898073,-203.250620845,160.51192196,110.573216985,110.573216985,191.397921983
931,0,300,positive,0.19348520203,-0.203434601534,0.161597805034,193.48520203,-203.434601534,161.597805034,110.785659585,110.785659585,192.483805057
931,1,300,positive,0.193396461185,-0.203280897881,0.161020208375,193.396461185,-203.280897881,161.020208375,110.608177895,110.608177895,191.906208397
932,0,300,positive,0.19337898073,-0.203250620845,0.16051192196,193.37898073,-203.250620845,160.51192196,110.573216985,110.573216985,191.397921983
932,1,300,positive,0.193384756406,-0.203260624611,0.160337353454,193.384756406,-203.260624611,160.337353454,110.584768338,110.584768338,191.223353476
933,0,300,positive,0.193580791788,-0.203600167852,0.162603891956,193.580791788,-203.600167852,162.603891956,110.976839101,110.976839101,193.489891978
933,1,300,positive,0.1935420529,-0.203533070129,0.162071946377,193.5420529,-203.533070129,162.071946377,110.899361326,110.899361326,192.957946399
934,0,300,positive,0.193580791788,-0.203600167852,0.162603891956,193.580791788,-203.600167852,162.603891956,110.976839101,110.976839101,193.489891978
934,1,300,positive,0.193666807127,-0.203749150789,0.163370486514,193.666807127,-203.749150789,163.370486514,111.148869779,111.148869779,194.256486536
935,0,300,positive,0.193666807127,-0.203749150789,0.163370486514,193.666807127,-203.749150789,163.370486514,111.148869779,111.148869779,194.256486536
935,1,300,positive,0.19373661782,-0.203870066456,0.164492727414,193.73661782,-203.870066456,164.492727414,111.288491165,111.288491165,195.378727437
936,0,300,positive,0.193765192314,-0.203919558931,0.164815654613,193.765192314,-203.919558931,164.815654613,111.345640153,111.345640153,195.701654635
936,1,300,positive,0.19380255071,-0.203984265572,0.165259597555,193.80255071,-203.984265572,165.259597555,111.420356946,111.420356946,196.145597577
937,0,300,positive,0.19380255071,-0.203984265572,0.165259597555,193.80255071,-203.984265572,165.259597555,111.420356946,111.420356946,196.145597577
937,1,300,positive,0.19383714685,-0.204044187844,0.165474808412,193.83714685,-204.044187844,165.474808412,111.489549225,111.489549225,196.360808434
938,0,300,positive,0.19383714685,-0.204044187844,0.165474808412,193.83714685,-204.044187844,165.474808412,111.489549225,111.489549225,196.360808434
938,1,300,positive,0.193876741441,-0.204112767687,0.166014958612,193.876741441,-204.112767687,166.014958612,111.568738407,111.568738407,196.900958634
939,0,300,positive,0.193947025708,-0.204234503609,0.16671979488,193.947025708,-204.234503609,166.71979488,111.709306942,111.709306942,197.605794903
939,1,300,positive,0.193876741441,-0.204112767687,0.166014958612,193.876741441,-204.112767687,166.014958612,111.568738407,111.568738407,196.900958634
940,0,300,positive,0.193749856307,-0.203892996188,0.164658649671,193.749856307,-203.892996188,164.658649671,111.314968139,111.314968139,195.544649694
940,1,300,positive,0.19373661782,-0.203870066456,0.164492727414,193.73661782,-203.870066456,164.492727414,111.288491165,111.288491165,195.378727437
941,0,300,positive,0.193765192314,-0.203919558931,0.164815654613,193.765192314,-203.919558931,164.815654613,111.345640153,111.345640153,195.701654635
941,1,300,positive,0.193749856307,-0.203892996188,0.164658649671,193.749856307,-203.892996188,164.658649671,111.314968139,111.314968139,195.544649694
942,0,300,positive,0.190725934472,-0.198655409932,0.157090050215,190.725934472,-198.655409932,157.090050215,105.26712447,105.26712447,187.976050237
942,1,300,positive,0.190787680257,-0.198762356769,0.158021758039,190.787680257,-198.762356769,158.021758039,105.390616039,105.390616039,188.907758062
943,0,300,positive,0.190806633136,-0.198795184119,0.158542698534,190.806633136,-198.795184119,158.542698534,105.428521798,105.428521798,189.428698557
943,1,300,positive,0.190787680257,-0.198762356769,0.158021758039,190.787680257,-198.762356769,158.021758039,105.390616039,105.390616039,188.907758062
944,0,300,positive,0.190832990127,-0.198840835766,0.158727325977,190.832990127,-198.840835766,158.727325977,105.48123578,105.48123578,189.613325999
944,1,300,positive,0.190806633136,-0.198795184119,0.158542698534,190.806633136,-198.795184119,158.542698534,105.428521798,105.428521798,189.428698557
945,0,300,positive,0.190832990127,-0.198840835766,0.158727325977,190.832990127,-198.840835766,158.727325977,105.48123578,105.48123578,189.613325999
945,1,300,positive,0.190923703856,-0.198997956553,0.159632001896,190.923703856,-198.997956553,159.632001896,105.662663238,105.662663238,190.518001918
946,0,300,positive,0.190941327129,-0.199028480957,0.159777291649,190.941327129,-199.028480957,159.777291649,105.697909783,105.697909783,190.663291671
946,1,300,positive,0.190929340755,-0.199007719948,0.159679052313,190.929340755,-199.007719948,159.679052313,105.673937035,105.673937035,190.565052335
947,0,300,positive,0.190941327129,-0.199028480957,0.159777291649,190.941327129,-199.028480957,159.777291649,105.697909783,105.697909783,190.663291671
947,1,300,positive,0.191012846316,-0.199152355822,0.160302437868,191.012846316,-199.152355822,160.302437868,105.840948157,105.840948157,191.18843789
948,0,300,positive,0.191012846316,-0.199152355822,0.160302437868,191.012846316,-199.152355822,160.302437868,105.840948157,105.840948157,191.18843789
948,1,300,positive,0.191046592697,-0.19921080627,0.160431571929,191.046592697,-199.21080627,160.431571929,105.90844092,105.90844092,191.317571952
949,0,300,positive,0.191080005457,-0.199268678868,0.160793318317,191.080005457,-199.268678868,160.793318317,105.97526644,105.97526644,191.679318339
949,1,300,positive,0.191046592697,-0.19921080627,0.160431571929,191.046592697,-199.21080627,160.431571929,105.90844092,105.90844092,191.317571952
950,0,300,positive,0.191086460391,-0.199279859141,0.161110095424,191.086460391,-199.279859141,161.110095424,105.988176307,105.988176307,191.996095446
950,1,300,positive,0.191080005457,-0.199268678868,0.160793318317,191.080005457,-199.268678868,160.793318317,105.97526644,105.97526644,191.679318339
951,0,300,positive,0.191086460391,-0.199279859141,0.161110095424,191.086460391,-199.279859141,161.110095424,105.988176307,105.988176307,191.996095446
951,1,300,positive,0.191093427427,-0.199291926401,0.161512454185,191.093427427,-199.291926401,161.512454185,106.002110379,106.002110379,192.398454207
952,0,300,positive,0.191119708464,-0.199337446493,0.161799008293,191.119708464,-199.337446493,161.799008293,106.054672454,106.054672454,192.685008315
952,1,300,positive,0.191093427427,-0.199291926401,0.161512454185,191.093427427,-199.291926401,161.512454185,106.002110379,106.002110379,192.398454207
953,0,300,positive,0.191119708464,-0.199337446493,0.161799008293,191.119708464,-199.337446493,161.799008293,106.054672454,106.054672454,192.685008315
953,1,300,positive,0.191137725468,-0.199368652859,0.16211201865,191.137725468,-199.368652859,162.11201865,106.090706461,106.090706461,192.998018672
954,0,300,positive,0.191211496499,-0.199496428032,0.162847417185,191.211496499,-199.496428032,162.847417185,106.238248523,106.238248523,193.733417208
954,1,300,positive,0.191300003306,-0.19964972632,0.163447175884,191.300003306,-199.64972632,163.447175884,106.415262138,106.415262138,194.333175907
955,0,300,positive,0.191211496499,-0.199496428032,0.162847417185,191.211496499,-199.496428032,162.847417185,106.238248523,106.238248523,193.733417208
955,1,300,positive,0.191196559883,-0.199470557055,0.162775129122,191.196559883,-199.470557055,162.775129122,106.208375291,106.208375291,193.661129145
956,0,300,positive,0.191183406396,-0.199447774548,0.162342651923,191.183406396,-199.447774548,162.342651923,106.182068318,106.182068318,193.228651945
956,1,300,positive,0.191137725468,-0.199368652859,0.16211201865,191.137725468,-199.368652859,162.11201865,106.090706461,106.090706461,192.998018672
957,0,300,positive,0.191183406396,-0.199447774548,0.162342651923,191.183406396,-199.447774548,162.342651923,106.182068318,106.182068318,193.228651945
957,1,300,positive,0.191196559883,-0.199470557055,0.162775129122,191.196559883,-199.470557055,162.775129122,106.208375291,106.208375291,193.661129145
958,0,300,positive,0.191300025067,-0.19964976401,0.163696917867,191.300025067,-199.64976401,163.696917867,106.415305659,106.415305659,194.582917889
958,1,300,positive,0.191300003306,-0.19964972632,0.163447175884,191.300003306,-199.64972632,163.447175884,106.415262138,106.415262138,194.333175907
959,0,300,positive,0.191300025067,-0.19964976401,0.163696917867,191.300025067,-199.64976401,163.696917867,106.415305659,106.415305659,194.582917889
959,1,300,positive,0.191339089615,-0.199717425793,0.164367600237,191.339089615,-199.717425793,164.367600237,106.493434756,106.493434756,195.25360026
960,0,300,positive,0.191374192862,-0.1997782264,0.164884783817,191.374192862,-199.7782264,164.884783817,106.56364125,106.56364125,195.770783839
960,1,300,positive,0.191339089615,-0.199717425793,0.164367600237,191.339089615,-199.717425793,164.367600237,106.493434756,106.493434756,195.25360026
961,0,300,positive,0.191387072794,-0.199800535097,0.165015233033,191.387072794,-199.800535097,165.015233033,106.589401114,106.589401114,195.901233056
961,1,300,positive,0.191374192862,-0.1997782264,0.164884783817,191.374192862,-199.7782264,164.884783817,106.56364125,106.56364125,195.770783839
962,0,300,positive,0.191406929634,-0.199834928152,0.166333361616,191.406929634,-199.834928152,166.333361616,106.629114793,106.629114793,197.219361639
962,1,300,positive,0.191409895193,-0.199840064652,0.165422171704,191.409895193,-199.840064652,165.422171704,106.635045912,106.635045912,196.308171727
963,0,300,positive,0.191387072794,-0.199800535097,0.165015233033,191.387072794,-199.800535097,165.015233033,106.589401114,106.589401114,195.901233056
963,1,300,positive,0.191409895193,-0.199840064652,0.165422171704,191.409895193,-199.840064652,165.422171704,106.635045912,106.635045912,196.308171727
964,0,300,positive,0.191406929634,-0.199834928152,0.166333361616,191.406929634,-199.834928152,166.333361616,106.629114793,106.629114793,197.219361639
964,1,300,positive,0.191396339487,-0.19981658548,0.167030528239,191.396339487,-199.81658548,167.030528239,106.6079345,106.6079345,197.916528261
965,0,300,positive,0.191573375361,-0.200123220609,0.170023203302,191.573375361,-200.123220609,170.023203302,106.962006248,106.962006248,200.909203324
965,1,300,positive,0.191557921939,-0.200096454497,0.169961538302,191.557921939,-200.096454497,169.961538302,106.931099404,106.931099404,200.847538324
966,0,300,positive,0.191570521597,-0.200118277745,0.170771577719,191.570521597,-200.118277745,170.771577719,106.95629872,106.95629872,201.657577741
966,1,300,positive,0.191573375361,-0.200123220609,0.170023203302,191.573375361,-200.123220609,170.023203302,106.962006248,106.962006248,200.909203324
967,0,300,positive,0.193993325801,-0.204314697722,0.167196611143,193.993325801,-204.314697722,167.196611143,111.801907128,111.801907128,198.082611166
967,1,300,positive,0.193947025708,-0.204234503609,0.16671979488,193.947025708,-204.234503609,166.71979488,111.709306942,111.709306942,197.605794903
968,0,300,positive,0.191627397533,-0.200216789754,0.172553255847,191.627397533,-200.216789754,172.553255847,107.070050591,107.070050591,203.439255869
968,1,300,positive,0.191606222959,-0.200180114317,0.172299509186,191.606222959,-200.180114317,172.299509186,107.027701443,107.027701443,203.185509208
969,0,300,positive,0.191606222959,-0.200180114317,0.172299509186,191.606222959,-200.180114317,172.299509186,107.027701443,107.027701443,203.185509208
969,1,300,positive,0.191583762156,-0.200141211065,0.171687037683,191.583762156,-200.141211065,171.687037683,106.982779838,106.982779838,202.573037706
970,0,300,positive,0.191676002003,-0.200300975166,0.173246470944,191.676002003,-200.300975166,173.246470944,107.167259531,107.167259531,204.132470967
970,1,300,positive,0.191627397533,-0.200216789754,0.172553255847,191.627397533,-200.216789754,172.553255847,107.070050591,107.070050591,203.439255869
971,0,300,positive,0.191676002003,-0.200300975166,0.173246470944,191.676002003,-200.300975166,173.246470944,107.167259531,107.167259531,204.132470967
971,1,300,positive,0.191709125293,-0.200358346387,0.173764483403,191.709125293,-200.358346387,173.764483403,107.233506111,107.233506111,204.650483426
972,0,300,positive,0.19175436061,-0.200436696254,0.174670137599,191.75436061,-200.436696254,174.670137599,107.323976745,107.323976745,205.556137621
972,1,300,positive,0.191750723229,-0.200430396125,0.174591281606,191.750723229,-200.430396125,174.591281606,107.316701983,107.316701983,205.477281628
973,0,300,positive,0.191752816323,-0.200434021471,0.174686717833,191.752816323,-200.434021471,174.686717833,107.320888172,107.320888172,205.572717856
973,1,300,positive,0.19175436061,-0.200436696254,0.174670137599,191.75436061,-200.436696254,174.670137599,107.323976745,107.323976745,205.556137621
974,0,300,positive,0.191752816323,-0.200434021471,0.174686717833,191.752816323,-200.434021471,174.686717833,107.320888172,107.320888172,205.572717856
974,1,300,positive,0.191750308455,-0.200429677717,0.175063121342,191.750308455,-200.429677717,175.063121342,107.315872436,107.315872436,205.949121365
975,0,300,positive,0.191709125293,-0.200358346387,0.173764483403,191.709125293,-200.358346387,173.764483403,107.233506111,107.233506111,204.650483426
975,1,300,positive,0.191750723229,-0.200430396125,0.174591281606,191.750723229,-200.430396125,174.591281606,107.316701983,107.316701983,205.477281628
976,0,300,positive,0.191749594977,-0.200428441936,0.17521895354,191.749594977,-200.428441936,175.21895354,107.314445479,107.314445479,206.104953562
976,1,300,positive,0.191750308455,-0.200429677717,0.175063121342,191.750308455,-200.429677717,175.063121342,107.315872436,107.315872436,205.949121365
977,0,300,positive,0.191749594977,-0.200428441936,0.17521895354,191.749594977,-200.428441936,175.21895354,107.314445479,107.314445479,206.104953562
977,1,300,positive,0.191679105467,-0.200306350524,0.17599336904,191.679105467,-200.306350524,175.99336904,107.17346646,107.17346646,206.879369062
978,0,300,positive,0.191679105467,-0.200306350524,0.17599336904,191.679105467,-200.306350524,175.99336904,107.17346646,107.17346646,206.879369062
978,1,300,positive,0.191638679785,-0.200236331188,0.176812514981,191.638679785,-200.236331188,176.812514981,107.092615095,107.092615095,207.698515003
979,0,300,positive,0.191367922118,-0.199767365153,0.167634614439,191.367922118,-199.767365153,167.634614439,106.551099762,106.551099762,198.520614461
979,1,300,positive,0.191365847423,-0.199763771676,0.167511819437,191.365847423,-199.763771676,167.511819437,106.546950372,106.546950372,198.397819459
980,0,300,positive,0.191445807392,-0.199902266405,0.168684023306,191.445807392,-199.902266405,168.684023306,106.70687031,106.70687031,199.570023328
980,1,300,positive,0.191445572159,-0.199901858969,0.168671109551,191.445572159,-199.901858969,168.671109551,106.706399844,106.706399844,199.557109573
981,0,300,positive,0.191449178382,-0.19990810513,0.168717630956,191.449178382,-199.90810513,168.717630956,106.71361229,106.71361229,199.603630978
981,1,300,positive,0.191445807392,-0.199902266405,0.168684023306,191.445807392,-199.902266405,168.684023306,106.70687031,106.70687031,199.570023328
982,0,300,positive,0.191456492571,-0.199920773677,0.168808526273,191.456492571,-199.920773677,168.808526273,106.728240668,106.728240668,199.694526295
982,1,300,positive,0.191449178382,-0.19990810513,0.168717630956,191.449178382,-199.90810513,168.717630956,106.71361229,106.71361229,199.603630978
983,0,300,positive,0.191396339487,-0.19981658548,0.167030528239,191.396339487,-199.81658548,167.030528239,106.6079345,106.6079345,197.916528261
983,1,300,positive,0.191365847423,-0.199763771676,0.167511819437,191.365847423,-199.763771676,167.511819437,106.546950372,106.546950372,198.397819459
984,0,300,positive,0.191367922118,-0.199767365153,0.167634614439,191.367922118,-199.767365153,167.634614439,106.551099762,106.551099762,198.520614461
984,1,300,positive,0.191419141286,-0.199856079354,0.167975569114,191.419141286,-199.856079354,167.975569114,106.653538098,106.653538098,198.861569137
985,0,300,positive,0.191419141286,-0.199856079354,0.167975569114,191.419141286,-199.856079354,167.975569114,106.653538098,106.653538098,198.861569137
985,1,300,positive,0.191445572159,-0.199901858969,0.168671109551,191.445572159,-199.901858969,168.671109551,106.706399844,106.706399844,199.557109573
986,0,300,positive,0.191456492571,-0.199920773677,0.168808526273,191.456492571,-199.920773677,168.808526273,106.728240668,106.728240668,199.694526295
986,1,300,positive,0.191530414908,-0.200048810921,0.169693086296,191.530414908,-200.048810921,169.693086296,106.876085342,106.876085342,200.579086318
987,0,300,positive,0.191530414908,-0.200048810921,0.169693086296,191.530414908,-200.048810921,169.693086296,106.876085342,106.876085342,200.579086318
987,1,300,positive,0.191557921939,-0.200096454497,0.169961538302,191.557921939,-200.096454497,169.961538302,106.931099404,106.931099404,200.847538324
988,0,300,positive,0.191570521597,-0.200118277745,0.170771577719,191.570521597,-200.118277745,170.771577719,106.95629872,106.95629872,201.657577741
988,1,300,positive,0.191552436672,-0.200086953736,0.171286969081,191.552436672,-200.086953736,171.286969081,106.92012887,106.92012887,202.172969103
989,0,300,positive,0.191552436672,-0.200086953736,0.171286969081,191.552436672,-200.086953736,171.286969081,106.92012887,106.92012887,202.172969103
989,1,300,positive,0.191583762156,-0.200141211065,0.171687037683,191.583762156,-200.141211065,171.687037683,106.982779838,106.982779838,202.573037706
990,0,300,positive,0.194480970539,-0.205159323185,0.176638388799,194.480970539,-205.159323185,176.638388799,112.777196604,112.777196604,207.524388822
990,1,300,positive,0.194464920509,-0.205131523717,0.177139141894,194.464920509,-205.131523717,177.139141894,112.745096544,112.745096544,208.025141916
991,0,300,positive,0.194396955619,-0.205013805074,0.179600196389,194.396955619,-205.013805074,179.600196389,112.609166764,112.609166764,210.486196412
991,1,300,positive,0.194392242146,-0.205005641099,0.179733299138,194.392242146,-205.005641099,179.733299138,112.599739817,112.599739817,210.61929916
992,0,300,positive,0.194427302453,-0.205066367332,0.178232094517,194.427302453,-205.066367332,178.232094517,112.669860431,112.669860431,209.11809454
992,1,300,positive,0.194464920509,-0.205131523717,0.177139141894,194.464920509,-205.131523717,177.139141894,112.745096544,112.745096544,208.025141916
993,0,300,positive,0.19441882789,-0.205051688959,0.178435758172,194.41882789,-205.051688959,178.435758172,112.652911306,112.652911306,209.321758195
993,1,300,positive,0.194427302453,-0.205066367332,0.178232094517,194.427302453,-205.066367332,178.232094517,112.669860431,112.669860431,209.11809454
994,0,300,positive,0.194396955619,-0.205013805074,0.179600196389,194.396955619,-205.013805074,179.600196389,112.609166764,112.609166764,210.486196412
994,1,300,positive,0.19441882789,-0.205051688959,0.178435758172,194.41882789,-205.051688959,178.435758172,112.652911306,112.652911306,209.321758195
995,0,300,positive,0.194392242146,-0.205005641099,0.179733299138,194.392242146,-205.005641099,179.733299138,112.599739817,112.599739817,210.61929916
995,1,300,positive,0.194388798845,-0.204999677127,0.179858312259,194.388798845,-204.999677127,179.858312259,112.592853216,112.592853216,210.744312281
996,0,300,positive,0.194358363644,-0.204946961813,0.180921094678,194.358363644,-204.946961813,180.921094678,112.531982814,112.531982814,211.8070947
996,1,300,positive,0.194388798845,-0.204999677127,0.179858312259,194.388798845,-204.999677127,179.858312259,112.592853216,112.592853216,210.744312281
997,0,300,positive,0.194338600623,-0.204912731256,0.18133313027,194.338600623,-204.912731256,181.33313027,112.492456772,112.492456772,212.219130292
997,1,300,positive,0.194358363644,-0.204946961813,0.180921094678,194.358363644,-204.946961813,180.921094678,112.531982814,112.531982814,211.8070947
998,0,300,positive,0.19428749237,-0.204824209166,0.182661443665,194.28749237,-204.824209166,182.661443665,112.390240266,112.390240266,213.547443688
998,1,300,positive,0.194279626963,-0.20481058588,0.182915239066,194.279626963,-204.81058588,182.915239066,112.374509451,112.374509451,213.801239089
999,0,300,positive,0.19428749237,-0.204824209166,0.182661443665,194.28749237,-204.824209166,182.661443665,112.390240266,112.390240266,213.547443688
999,1,300,positive,0.194338600623,-0.204912731256,0.18133313027,194.338600623,-204.912731256,181.33313027,112.492456772,112.492456772,212.219130292
1000,0,300,positive,0.194279626963,-0.20481058588,0.182915239066,194.279626963,-204.81058588,182.915239066,112.374509451,112.374509451,213.801239089
1000,1,300,positive,0.194276598326,-0.204805340128,0.183003328318,194.276598326,-204.805340128,183.003328318,112.368452178,112.368452178,213.88932834
1001,0,300,positive,0.194276765784,-0.204805630173,0.183402385185,194.276765784,-204.805630173,183.402385185,112.368787093,112.368787093,214.288385207
1001,1,300,positive,0.194276598326,-0.204805340128,0.183003328318,194.276598326,-204.805340128,183.003328318,112.368452178,112.368452178,213.88932834
1002,0,300,positive,0.194276765784,-0.204805630173,0.183402385185,194.276765784,-204.805630173,183.402385185,112.368787093,112.368787093,214.288385207
1002,1,300,positive,0.194184353115,-0.204645566736,0.184969093543,194.184353115,-204.645566736,184.969093543,112.183961756,112.183961756,215.855093566
1003,0,300,positive,0.19417008009,-0.204620845132,0.18592706151,194.17008009,-204.620845132,185.92706151,112.155415706,112.155415706,216.813061532
1003,1,300,positive,0.194155746201,-0.204596018107,0.18680346309,194.155746201,-204.596018107,186.80346309,112.126747927,112.126747927,217.689463112
1004,0,300,positive,0.19417008009,-0.204620845132,0.18592706151,194.17008009,-204.620845132,185.92706151,112.155415706,112.155415706,216.813061532
1004,1,300,positive,0.194169950116,-0.20462062001,0.185417606605,194.169950116,-204.62062001,185.417606605,112.155155759,112.155155759,216.303606627
1005,0,300,positive,0.194169610172,-0.204620031209,0.185368194688,194.169610172,-204.620031209,185.368194688,112.154475869,112.154475869,216.25419471
1005,1,300,positive,0.194184353115,-0.204645566736,0.184969093543,194.184353115,-204.645566736,184.969093543,112.183961756,112.183961756,215.855093566
1006,0,300,positive,0.194169950116,-0.20462062001,0.185417606605,194.169950116,-204.62062001,185.417606605,112.155155759,112.155155759,216.303606627
1006,1,300,positive,0.194169610172,-0.204620031209,0.185368194688,194.169610172,-204.620031209,185.368194688,112.154475869,112.154475869,216.25419471
1007,0,300,positive,0.194137810656,-0.204564952832,0.187454654738,194.137810656,-204.564952832,187.454654738,112.090876838,112.090876838,218.34065476
1007,1,300,positive,0.19410727484,-0.204512063248,0.18907836984,194.10727484,-204.512063248,189.07836984,112.029805206,112.029805206,219.964369862
1008,0,300,positive,0.194148641693,-0.204583712738,0.186965503874,194.148641693,-204.583712738,186.965503874,112.112538912,112.112538912,217.851503897
1008,1,300,positive,0.194155746201,-0.204596018107,0.18680346309,194.155746201,-204.596018107,186.80346309,112.126747927,112.126747927,217.689463112
1009,0,300,positive,0.194137810656,-0.204564952832,0.187454654738,194.137810656,-204.564952832,187.454654738,112.090876838,112.090876838,218.34065476
1009,1,300,positive,0.194148641693,-0.204583712738,0.186965503874,194.148641693,-204.583712738,186.965503874,112.112538912,112.112538912,217.851503897
1010,0,300,positive,0.19410727484,-0.204512063248,0.18907836984,194.10727484,-204.512063248,189.07836984,112.029805206,112.029805206,219.964369862
1010,1,300,positive,0.194070734372,-0.2044487733,0.189933540814,194.070734372,-204.4487733,189.933540814,111.95672427,111.95672427,220.819540836
1011,0,300,positive,0.193989368765,-0.204307843935,0.191079036971,193.989368765,-204.307843935,191.079036971,111.793993055,111.793993055,221.965036993
1011,1,300,positive,0.193918545485,-0.204185174414,0.191910965145,193.918545485,-204.185174414,191.910965145,111.652346495,111.652346495,222.796965168
1012,0,300,positive,0.198141735622,-0.211499954302,0.238842412647,198.141735622,-211.499954302,238.842412647,120.098726769,120.098726769,269.72841267
1012,1,300,positive,0.198158719961,-0.211529372041,0.238874836379,198.158719961,-211.529372041,238.874836379,120.132695448,120.132695448,269.760836401
1013,0,300,positive,0.198084716939,-0.211401195046,0.238758499619,198.084716939,-211.401195046,238.758499619,119.984689403,119.984689403,269.644499641
1013,1,300,positive,0.198141735622,-0.211499954302,0.238842412647,198.141735622,-211.499954302,238.842412647,120.098726769,120.098726769,269.72841267
1014,0,300,positive,0.198084716939,-0.211401195046,0.238758499619,198.084716939,-211.401195046,238.758499619,119.984689403,119.984689403,269.644499641
1014,1,300,positive,0.197885081349,-0.211055416063,0.238468910415,197.885081349,-211.055416063,238.468910415,119.585418225,119.585418225,269.354910438
1015,0,300,positive,0.197885081349,-0.211055416063,0.238468910415,197.885081349,-211.055416063,238.468910415,119.585418225,119.585418225,269.354910438
1015,1,300,positive,0.197698577493,-0.210732381907,0.238234287469,197.698577493,-210.732381907,238.234287469,119.212410511,119.212410511,269.120287491
1016,0,300,positive,0.197029314647,-0.209573184654,0.237563471473,197.029314647,-209.573184654,237.563471473,117.873884819,117.873884819,268.449471495
1016,1,300,positive,0.197698577493,-0.210732381907,0.238234287469,197.698577493,-210.732381907,238.234287469,119.212410511,119.212410511,269.120287491
1017,0,300,positive,0.197029314647,-0.209573184654,0.237563471473,197.029314647,-209.573184654,237.563471473,117.873884819,117.873884819,268.449471495
1017,1,300,positive,0.196977295256,-0.209483084427,0.23751361025,196.977295256,-209.483084427,237.51361025,117.769846038,117.769846038,268.399610272
1018,0,300,positive,0.196052635244,-0.207881526306,0.236744169088,196.052635244,-207.881526306,236.744169088,115.920526013,115.920526013,267.630169111
1018,1,300,positive,0.196977295256,-0.209483084427,0.23751361025,196.977295256,-209.483084427,237.51361025,117.769846038,117.769846038,268.399610272
1019,0,300,positive,0.198158719961,-0.211529372041,0.238874836379,198.158719961,-211.529372041,238.874836379,120.132695448,120.132695448,269.760836401
1019,1,300,positive,0.198183137331,-0.211571664167,0.238928407845,198.183137331,-211.571664167,238.928407845,120.181530188,120.181530188,269.814407868
1020,0,300,positive,0.198274927539,-0.21173064947,0.239161858546,198.274927539,-211.73064947,239.161858546,120.365110603,120.365110603,270.047858568
1020,1,300,positive,0.198183137331,-0.211571664167,0.238928407845,198.183137331,-211.571664167,238.928407845,120.181530188,120.181530188,269.814407868
1021,0,300,positive,0.198274927539,-0.21173064947,0.239161858546,198.274927539,-211.73064947,239.161858546,120.365110603,120.365110603,270.047858568
1021,1,300,positive,0.19831306734,-0.211796709544,0.239284182852,198.31306734,-211.796709544,239.284182852,120.441390206,120.441390206,270.170182874
1022,0,300,positive,0.198398260172,-0.211944267857,0.239641805757,198.398260172,-211.944267857,239.641805757,120.61177587,120.61177587,270.527805779
1022,1,300,positive,0.19842134236,-0.211984247379,0.239764765794,198.42134236,-211.984247379,239.764765794,120.657940246,120.657940246,270.650765816
1023,0,300,positive,0.19842134236,-0.211984247379,0.239764765794,198.42134236,-211.984247379,239.764765794,120.657940246,120.657940246,270.650765816
1023,1,300,positive,0.198419862719,-0.211981684565,0.239900403497,198.419862719,-211.981684565,239.900403497,120.654980963,120.654980963,270.786403519
1024,0,300,positive,0.198436422603,-0.212010367126,0.240065753221,198.436422603,-212.010367126,240.065753221,120.688100732,120.688100732,270.951753243
1024,1,300,positive,0.198419862719,-0.211981684565,0.239900403497,198.419862719,-211.981684565,239.900403497,120.654980963,120.654980963,270.786403519
1025,0,300,positive,0.198366489822,-0.211889239996,0.240378541492,198.366489822,-211.889239996,240.378541492,120.548235169,120.548235169,271.264541515
1025,1,300,positive,0.198363975512,-0.211884885084,0.240386701626,198.363975512,-211.884885084,240.386701626,120.54320655,120.54320655,271.272701648
1026,0,300,positive,0.198363975512,-0.211884885084,0.240386701626,198.363975512,-211.884885084,240.386701626,120.54320655,120.54320655,271.272701648
1026,1,300,positive,0.198361046768,-0.211879812351,0.240391192726,198.361046768,-211.879812351,240.391192726,120.537349062,120.537349062,271.277192749
1027,0,300,positive,0.198175829374,-0.211559006414,0.24063343458,198.175829374,-211.559006414,240.63343458,120.166914274,120.166914274,271.519434602
1027,1,300,positive,0.198361046768,-0.211879812351,0.240391192726,198.361046768,-211.879812351,240.391192726,120.537349062,120.537349062,271.277192749
1028,0,300,positive,0.198366489822,-0.211889239996,0.240378541492,198.366489822,-211.889239996,240.378541492,120.548235169,120.548235169,271.264541515
1028,1,300,positive,0.198436422603,-0.212010367126,0.240065753221,198.436422603,-212.010367126,240.065753221,120.688100732,120.688100732,270.951753243
1029,0,300,positive,0.198175829374,-0.211559006414,0.24063343458,198.175829374,-211.559006414,240.63343458,120.166914274,120.166914274,271.519434602
1029,1,300,positive,0.198094744258,-0.211418562872,0.240730523104,198.094744258,-211.418562872,240.730523104,120.004744041,120.004744041,271.616523127
1030,0,300,positive,0.197944899824,-0.211159024699,0.240911834597,197.944899824,-211.159024699,240.911834597,119.705055173,119.705055173,271.797834619
1030,1,300,positive,0.198094744258,-0.211418562872,0.240730523104,198.094744258,-211.418562872,240.730523104,120.004744041,120.004744041,271.616523127
1031,0,300,positive,0.197944899824,-0.211159024699,0.240911834597,197.944899824,-211.159024699,240.911834597,119.705055173,119.705055173,271.797834619
1031,1,300,positive,0.197944325048,-0.211158029158,0.240912329851,197.944325048,-211.158029158,240.912329851,119.703905621,119.703905621,271.798329873
1032,0,300,positive,0.197944325048,-0.211158029158,0.240912329851,197.944325048,-211.158029158,240.912329851,119.703905621,119.703905621,271.798329873
1032,1,300,positive,0.197943484533,-0.211156573344,0.240913570625,197.943484533,-211.156573344,240.913570625,119.702224591,119.702224591,271.799570647
1033,0,300,positive,0.197633005776,-0.210618808362,0.241471436474,197.633005776,-210.618808362,241.471436474,119.081267078,119.081267078,272.357436496
1033,1,300,positive,0.197943484533,-0.211156573344,0.240913570625,197.943484533,-211.156573344,240.913570625,119.702224591,119.702224591,271.799570647
1034,0,300,positive,0.197633005776,-0.210618808362,0.241471436474,197.633005776,-210.618808362,241.471436474,119.081267078,119.081267078,272.357436496
1034,1,300,positive,0.197600486351,-0.210562483065,0.241569454257,197.600486351,-210.562483065,241.569454257,119.016228227,119.016228227,272.455454279
1035,0,300,positive,0.197600486351,-0.210562483065,0.241569454257,197.600486351,-210.562483065,241.569454257,119.016228227,119.016228227,272.455454279
1035,1,300,positive,0.197574820773,-0.21051802898,0.241583542567,197.574820773,-210.51802898,241.583542567,118.964897071,118.964897071,272.469542589
1036,0,300,positive,0.197441474883,-0.210287067124,0.241671750537,197.441474883,-210.287067124,241.671750537,118.698205292,118.698205292,272.557750559
1036,1,300,positive,0.197574820773,-0.21051802898,0.241583542567,197.574820773,-210.51802898,241.583542567,118.964897071,118.964897071,272.469542589
1037,0,300,positive,0.197244933752,-0.2099466479,0.241663674979,197.244933752,-209.9466479,241.663674979,118.30512303,118.30512303,272.549675002
1037,1,300,positive,0.197148661648,-0.209779899724,0.241657984552,197.148661648,-209.779899724,241.657984552,118.112578822,118.112578822,272.543984574
1038,0,300,positive,0.197148661648,-0.209779899724,0.241657984552,197.148661648,-209.779899724,241.657984552,118.112578822,118.112578822,272.543984574
1038,1,300,positive,0.196961157515,-0.209455133038,0.241588272806,196.961157515,-209.455133038,241.588272806,117.737570555,117.737570555,272.474272828
1039,0,300,positive,0.196961157515,-0.209455133038,0.241588272806,196.961157515,-209.455133038,241.588272806,117.737570555,117.737570555,272.474272828
1039,1,300,positive,0.195981353956,-0.207758063493,0.241179039741,195.981353956,-207.758063493,241.179039741,115.777963437,115.777963437,272.065039764
1040,0,300,positive,0.195785924995,-0.207419570603,0.241092539963,195.785924995,-207.419570603,241.092539963,115.387105515,115.387105515,271.978539985
1040,1,300,positive,0.195981353956,-0.207758063493,0.241179039741,195.981353956,-207.758063493,241.179039741,115.777963437,115.777963437,272.065039764
1041,0,300,positive,0.198378615963,-0.211910243088,0.23946447633,198.378615963,-211.910243088,239.46447633,120.572487451,120.572487451,270.350476352
1041,1,300,positive,0.19831306734,-0.211796709544,0.239284182852,198.31306734,-211.796709544,239.284182852,120.441390206,120.441390206,270.170182874
1042,0,300,positive,0.198398260172,-0.211944267857,0.239641805757,198.398260172,-211.944267857,239.641805757,120.61177587,120.61177587,270.527805779
1042,1,300,positive,0.198378615963,-0.211910243088,0.23946447633,198.378615963,-211.910243088,239.46447633,120.572487451,120.572487451,270.350476352
1043,0,300,positive,0.197340498748,-0.210112171329,0.241677117156,197.340498748,-210.112171329,241.677117156,118.496253022,118.496253022,272.563117178
1043,1,300,positive,0.197441474883,-0.210287067124,0.241671750537,197.441474883,-210.287067124,241.671750537,118.698205292,118.698205292,272.557750559
1044,0,300,positive,0.197244933752,-0.2099466479,0.241663674979,197.244933752,-209.9466479,241.663674979,118.30512303,118.30512303,272.549675002
1044,1,300,positive,0.197340498748,-0.210112171329,0.241677117156,197.340498748,-210.112171329,241.677117156,118.496253022,118.496253022,272.563117178
1045,0,300,positive,0.195552936532,-0.207016022749,0.236337345039,195.552936532,-207.016022749,236.337345039,114.921128591,114.921128591,267.223345061
1045,1,300,positive,0.195181400109,-0.206372502787,0.236016852471,195.181400109,-206.372502787,236.016852471,114.178055744,114.178055744,266.902852493
1046,0,300,positive,0.196052635244,-0.207881526306,0.236744169088,196.052635244,-207.881526306,236.744169088,115.920526013,115.920526013,267.630169111
1046,1,300,positive,0.19573193898,-0.207326064083,0.236485654672,195.73193898,-207.326064083,236.485654672,115.279133485,115.279133485,267.371654694
1047,0,300,positive,0.19573193898,-0.207326064083,0.236485654672,195.73193898,-207.326064083,236.485654672,115.279133485,115.279133485,267.371654694
1047,1,300,positive,0.195552936532,-0.207016022749,0.236337345039,195.552936532,-207.016022749,236.337345039,114.921128591,114.921128591,267.223345061
1048,0,300,positive,0.194621595613,-0.205402892958,0.235553883375,194.621595613,-205.402892958,235.553883375,113.058446752,113.058446752,266.439883398
1048,1,300,positive,0.194791366203,-0.205696944245,0.235709365912,194.791366203,-205.696944245,235.709365912,113.397987932,113.397987932,266.595365934
1049,0,300,positive,0.194791366203,-0.205696944245,0.235709365912,194.791366203,-205.696944245,235.709365912,113.397987932,113.397987932,266.595365934
1049,1,300,positive,0.195181400109,-0.206372502787,0.236016852471,195.181400109,-206.372502787,236.016852471,114.178055744,114.178055744,266.902852493
1050,0,300,positive,0.194419361168,-0.205052612623,0.235397691362,194.419361168,-205.052612623,235.397691362,112.653977861,112.653977861,266.283691385
1050,1,300,positive,0.194621595613,-0.205402892958,0.235553883375,194.621595613,-205.402892958,235.553883375,113.058446752,113.058446752,266.439883398
1051,0,300,positive,0.195704671374,-0.207278835203,0.241059834409,195.704671374,-207.278835203,241.059834409,115.224598273,115.224598273,271.945834431
1051,1,300,positive,0.195274931578,-0.206534504044,0.240950491248,195.274931578,-206.534504044,240.950491248,114.365118682,114.365118682,271.836491271
1052,0,300,positive,0.195034132952,-0.206117428589,0.240911865119,195.034132952,-206.117428589,240.911865119,113.88352143,113.88352143,271.797865141
1052,1,300,positive,0.195274931578,-0.206534504044,0.240950491248,195.274931578,-206.534504044,240.950491248,114.365118682,114.365118682,271.836491271
1053,0,300,positive,0.195034132952,-0.206117428589,0.240911865119,195.034132952,-206.117428589,240.911865119,113.88352143,113.88352143,271.797865141
1053,1,300,positive,0.194682205134,-0.205507871728,0.240881551848,194.682205134,-205.507871728,240.881551848,113.179665794,113.179665794,271.76755187
1054,0,300,positive,0.194682205134,-0.205507871728,0.240881551848,194.682205134,-205.507871728,240.881551848,113.179665794,113.179665794,271.76755187
1054,1,300,positive,0.194328820336,-0.204895791302,0.240789461311,194.328820336,-204.895791302,240.789461311,112.472896197,112.472896197,271.675461334
1055,0,300,positive,0.194171272449,-0.204622910357,0.240767810706,194.171272449,-204.622910357,240.767810706,112.157800423,112.157800423,271.653810729
1055,1,300,positive,0.193670587537,-0.203755698651,0.240693360287,193.670587537,-203.755698651,240.693360287,111.1564306,111.1564306,271.57936031
1056,0,300,positive,0.194273120672,-0.204799316654,0.240779286954,194.273120672,-204.799316654,240.779286954,112.36149687,112.36149687,271.665286976
1056,1,300,positive,0.194328820336,-0.204895791302,0.240789461311,194.328820336,-204.895791302,240.789461311,112.472896197,112.472896197,271.675461334
1057,0,300,positive,0.195704671374,-0.207278835203,0.241059834409,195.704671374,-207.278835203,241.059834409,115.224598273,115.224598273,271.945834431
1057,1,300,positive,0.195785924995,-0.207419570603,0.241092539963,195.785924995,-207.419570603,241.092539963,115.387105515,115.387105515,271.978539985
1058,0,300,positive,0.191644052788,-0.200245637503,0.176982502292,191.644052788,-200.245637503,176.982502292,107.103361102,107.103361102,207.868502314
1058,1,300,positive,0.191638679785,-0.200236331188,0.176812514981,191.638679785,-200.236331188,176.812514981,107.092615095,107.092615095,207.698515003
1059,0,300,positive,0.191638546297,-0.200236099981,0.177423735407,191.638546297,-200.236099981,177.423735407,107.09234812,107.09234812,208.309735429
1059,1,300,positive,0.191644052788,-0.200245637503,0.176982502292,191.644052788,-200.245637503,176.982502292,107.103361102,107.103361102,207.868502314
1060,0,300,positive,0.191638546297,-0.200236099981,0.177423735407,191.638546297,-200.236099981,177.423735407,107.09234812,107.09234812,208.309735429
1060,1,300,positive,0.191620415769,-0.200204696984,0.178011680051,191.620415769,-200.204696984,178.011680051,107.056087063,107.056087063,208.897680074
1061,0,300,positive,0.191625435451,-0.20021339133,0.178515581882,191.625435451,-200.21339133,178.515581882,107.066126428,107.066126428,209.401581904
1061,1,300,positive,0.191620415769,-0.200204696984,0.178011680051,191.620415769,-200.204696984,178.011680051,107.056087063,107.056087063,208.897680074
1062,0,300,positive,0.191662814064,-0.200278132986,0.179404690471,191.662814064,-200.278132986,179.404690471,107.140883654,107.140883654,210.290690494
1062,1,300,positive,0.191657912596,-0.200269643395,0.179306289504,191.657912596,-200.269643395,179.306289504,107.131080718,107.131080718,210.192289526
1063,0,300,positive,0.191663901786,-0.200280016975,0.179441529812,191.663901786,-200.280016975,179.441529812,107.143059097,107.143059097,210.327529834
1063,1,300,positive,0.191662814064,-0.200278132986,0.179404690471,191.662814064,-200.278132986,179.404690471,107.140883654,107.140883654,210.290690494
1064,0,300,positive,0.19166936529,-0.200289480043,0.17951031429,191.66936529,-200.289480043,179.51031429,107.153986106,107.153986106,210.396314312
1064,1,300,positive,0.191663901786,-0.200280016975,0.179441529812,191.663901786,-200.280016975,179.441529812,107.143059097,107.143059097,210.327529834
1065,0,300,positive,0.191640441016,-0.200239381729,0.178778296915,191.640441016,-200.239381729,178.778296915,107.096137557,107.096137557,209.664296938
1065,1,300,positive,0.191657912596,-0.200269643395,0.179306289504,191.657912596,-200.269643395,179.306289504,107.131080718,107.131080718,210.192289526
1066,0,300,positive,0.191625435451,-0.20021339133,0.178515581882,191.625435451,-200.21339133,178.515581882,107.066126428,107.066126428,209.401581904
1066,1,300,positive,0.191640441016,-0.200239381729,0.178778296915,191.640441016,-200.239381729,178.778296915,107.096137557,107.096137557,209.664296938
1067,0,300,positive,0.19166936529,-0.200289480043,0.17951031429,191.66936529,-200.289480043,179.51031429,107.153986106,107.153986106,210.396314312
1067,1,300,positive,0.19170135806,-0.200344893146,0.180046890945,191.70135806,-200.344893146,180.046890945,107.217971646,107.217971646,210.932890967
1068,0,300,positive,0.191697194282,-0.20033768127,0.180815368965,191.697194282,-200.33768127,180.815368965,107.20964409,107.20964409,211.701368987
1068,1,300,positive,0.19170135806,-0.200344893146,0.180046890945,191.70135806,-200.344893146,180.046890945,107.217971646,107.217971646,210.932890967
1069,0,300,positive,0.191697194282,-0.20033768127,0.180815368965,191.697194282,-200.33768127,180.815368965,107.20964409,107.20964409,211.701368987
1069,1,300,positive,0.191701699047,-0.200345483753,0.18085847687,191.701699047,-200.345483753,180.85847687,107.21865362,107.21865362,211.744476893
1070,0,300,positive,0.191701699047,-0.200345483753,0.18085847687,191.701699047,-200.345483753,180.85847687,107.21865362,107.21865362,211.744476893
1070,1,300,positive,0.191701225872,-0.200344664189,0.18091665166,191.701225872,-200.344664189,180.91665166,107.217707269,107.217707269,211.802651683
1071,0,300,positive,0.19160059769,-0.200170371065,0.182387261329,191.60059769,-200.170371065,182.387261329,107.016450905,107.016450905,213.273261351
1071,1,300,positive,0.191687392932,-0.200320704834,0.18116856961,191.687392932,-200.320704834,181.16856961,107.190041389,107.190041389,212.054569633
1072,0,300,positive,0.19160059769,-0.200170371065,0.182387261329,191.60059769,-200.170371065,182.387261329,107.016450905,107.016450905,213.273261351
1072,1,300,positive,0.191551449455,-0.200085243826,0.18356582449,191.551449455,-200.085243826,183.56582449,106.918154436,106.918154436,214.451824512
1073,0,300,positive,0.191701225872,-0.200344664189,0.18091665166,191.701225872,-200.344664189,180.91665166,107.217707269,107.217707269,211.802651683
1073,1,300,positive,0.191687392932,-0.200320704834,0.18116856961,191.687392932,-200.320704834,181.16856961,107.190041389,107.190041389,212.054569633
1074,0,300,positive,0.191548458238,-0.200080062886,0.183669423898,191.548458238,-200.080062886,183.669423898,106.912172002,106.912172002,214.55542392
1074,1,300,positive,0.191551449455,-0.200085243826,0.18356582449,191.551449455,-200.085243826,183.56582449,106.918154436,106.918154436,214.451824512
1075,0,300,positive,0.191549887031,-0.200082537627,0.183796743586,191.549887031,-200.082537627,183.796743586,106.915029587,106.915029587,214.682743609
1075,1,300,positive,0.191548458238,-0.200080062886,0.183669423898,191.548458238,-200.080062886,183.669423898,106.912172002,106.912172002,214.55542392
1076,0,300,positive,0.191549887031,-0.200082537627,0.183796743586,191.549887031,-200.082537627,183.796743586,106.915029587,106.915029587,214.682743609
1076,1,300,positive,0.191478560429,-0.199958996329,0.184873365953,191.478560429,-199.958996329,184.873365953,106.772376384,106.772376384,215.759365976
1077,0,300,positive,0.191477898992,-0.199957850687,0.184962645162,191.477898992,-199.957850687,184.962645162,106.77105351,106.77105351,215.848645185
1077,1,300,positive,0.191478560429,-0.199958996329,0.184873365953,191.478560429,-199.958996329,184.873365953,106.772376384,106.772376384,215.759365976
1078,0,300,positive,0.191453828971,-0.199916160187,0.185366121761,191.453828971,-199.916160187,185.366121761,106.722913467,106.722913467,216.252121783
1078,1,300,positive,0.191477898992,-0.199957850687,0.184962645162,191.477898992,-199.957850687,184.962645162,106.77105351,106.77105351,215.848645185
1079,0,300,positive,0.191453828971,-0.199916160187,0.185366121761,191.453828971,-199.916160187,185.366121761,106.722913467,106.722913467,216.252121783
1079,1,300,positive,0.191418006043,-0.199854113056,0.186193882116,191.418006043,-199.854113056,186.193882116,106.651267612,106.651267612,217.079882138
1080,0,300,positive,0.193989368765,-0.204307843935,0.191079036971,193.989368765,-204.307843935,191.079036971,111.793993055,111.793993055,221.965036993
1080,1,300,positive,0.19401404163,-0.20435057859,0.190829662516,194.01404163,-204.35057859,190.829662516,111.843338786,111.843338786,221.715662538
1081,0,300,positive,0.19401404163,-0.20435057859,0.190829662516,194.01404163,-204.35057859,190.829662516,111.843338786,111.843338786,221.715662538
1081,1,300,positive,0.194070734372,-0.2044487733,0.189933540814,194.070734372,-204.4487733,189.933540814,111.95672427,111.95672427,220.819540836
1082,0,300,positive,0.193834840485,-0.204040193103,0.192953844056,193.834840485,-204.040193103,192.953844056,111.484936496,111.484936496,223.839844078
1082,1,300,positive,0.193918545485,-0.204185174414,0.191910965145,193.918545485,-204.185174414,191.910965145,111.652346495,111.652346495,222.796965168
1083,0,300,positive,0.193834840485,-0.204040193103,0.192953844056,193.834840485,-204.040193103,192.953844056,111.484936496,111.484936496,223.839844078
1083,1,300,positive,0.193749514345,-0.203892403893,0.193813238927,193.749514345,-203.892403893,193.813238927,111.314284215,111.314284215,224.69923895
1084,0,300,positive,0.193618028291,-0.203664663367,0.194852949575,193.618028291,-203.664663367,194.852949575,111.051312108,111.051312108,225.738949597
1084,1,300,positive,0.193666590393,-0.203748775395,0.19447356233,193.666590393,-203.748775395,194.47356233,111.148436312,111.148436312,225.359562352
1085,0,300,positive,0.193749514345,-0.203892403893,0.193813238927,193.749514345,-203.892403893,193.813238927,111.314284215,111.314284215,224.69923895
1085,1,300,positive,0.193666590393,-0.203748775395,0.19447356233,193.666590393,-203.748775395,194.47356233,111.148436312,111.148436312,225.359562352
1086,0,300,positive,0.193574919749,-0.203589997182,0.195253519056,193.574919749,-203.589997182,195.253519056,110.965095023,110.965095023,226.139519078
1086,1,300,positive,0.193618028291,-0.203664663367,0.194852949575,193.618028291,-203.664663367,194.852949575,111.051312108,111.051312108,225.738949597
1087,0,300,positive,0.193521860163,-0.203498095282,0.195620965063,193.521860163,-203.498095282,195.620965063,110.858975851,110.858975851,226.506965086
1087,1,300,positive,0.193574919749,-0.203589997182,0.195253519056,193.574919749,-203.589997182,195.253519056,110.965095023,110.965095023,226.139519078
1088,0,300,positive,0.191314191941,-0.199674301756,0.189167679213,191.314191941,-199.674301756,189.167679213,106.443639408,106.443639408,220.053679235
1088,1,300,positive,0.19133864643,-0.199716658174,0.189035217598,191.33864643,-199.716658174,189.035217598,106.492548386,106.492548386,219.92121762
1089,0,300,positive,0.191291698981,-0.199635342806,0.189424315096,191.291698981,-199.635342806,189.424315096,106.398653487,106.398653487,220.310315118
1089,1,300,positive,0.191314191941,-0.199674301756,0.189167679213,191.314191941,-199.674301756,189.167679213,106.443639408,106.443639408,220.053679235
1090,0,300,positive,0.191156630479,-0.199401397298,0.190241762192,191.156630479,-199.401397298,190.241762192,106.128516483,106.128516483,221.127762215
1090,1,300,positive,0.191244318402,-0.199553277236,0.18978968191,191.244318402,-199.553277236,189.78968191,106.303892329,106.303892329,220.675681933
1091,0,300,positive,0.190950035722,-0.199043564682,0.190895824784,190.950035722,-199.043564682,190.895824784,105.715326969,105.715326969,221.781824807
1091,1,300,positive,0.19099997681,-0.199130065186,0.190732017743,190.99997681,-199.130065186,190.732017743,105.815209146,105.815209146,221.618017766
1092,0,300,positive,0.191156630479,-0.199401397298,0.190241762192,191.156630479,-199.401397298,190.241762192,106.128516483,106.128516483,221.127762215
1092,1,300,positive,0.19099997681,-0.199130065186,0.190732017743,190.99997681,-199.130065186,190.732017743,105.815209146,105.815209146,221.618017766
1093,0,300,positive,0.191418006043,-0.199854113056,0.186193882116,191.418006043,-199.854113056,186.193882116,106.651267612,106.651267612,217.079882138
1093,1,300,positive,0.191403392875,-0.199828802307,0.186491480723,191.403392875,-199.828802307,186.491480723,106.622041276,106.622041276,217.377480746
1094,0,300,positive,0.191386460351,-0.199799474314,0.187683191479,191.386460351,-199.799474314,187.683191479,106.588176228,106.588176228,218.569191501
1094,1,300,positive,0.191403392875,-0.199828802307,0.186491480723,191.403392875,-199.828802307,186.491480723,106.622041276,106.622041276,217.377480746
1095,0,300,positive,0.191335939211,-0.199711969133,0.18837480451,191.335939211,-199.711969133,188.37480451,106.487133948,106.487133948,219.260804532
1095,1,300,positive,0.191386460351,-0.199799474314,0.187683191479,191.386460351,-199.799474314,187.683191479,106.588176228,106.588176228,218.569191501
1096,0,300,positive,0.191335939211,-0.199711969133,0.18837480451,191.335939211,-199.711969133,188.37480451,106.487133948,106.487133948,219.260804532
1096,1,300,positive,0.191319299629,-0.199683148532,0.188679007249,191.319299629,-199.683148532,188.679007249,106.453854784,106.453854784,219.565007271
1097,0,300,positive,0.191319299629,-0.199683148532,0.188679007249,191.319299629,-199.683148532,188.679007249,106.453854784,106.453854784,219.565007271
1097,1,300,positive,0.19133864643,-0.199716658174,0.189035217598,191.33864643,-199.716658174,189.035217598,106.492548386,106.492548386,219.92121762
1098,0,300,positive,0.191291698981,-0.199635342806,0.189424315096,191.291698981,-199.635342806,189.424315096,106.398653487,106.398653487,220.310315118
1098,1,300,positive,0.191259069531,-0.199578826941,0.189690700858,191.259069531,-199.578826941,189.690700858,106.333394587,106.333394587,220.57670088
1099,0,300,positive,0.191259069531,-0.199578826941,0.189690700858,191.259069531,-199.578826941,189.690700858,106.333394587,106.333394587,220.57670088
1099,1,300,positive,0.191244318402,-0.199553277236,0.18978968191,191.244318402,-199.553277236,189.78968191,106.303892329,106.303892329,220.675681933
1100,0,300,positive,0.190624175489,-0.198479158202,0.192090291296,190.624175489,-198.479158202,192.090291296,105.063606503,105.063606503,222.976291319
1100,1,300,positive,0.190710790599,-0.198629179974,0.191738443693,190.710790599,-198.629179974,191.738443693,105.236836723,105.236836723,222.624443715
1101,0,300,positive,0.19049995407,-0.198264000394,0.192848250291,190.49995407,-198.264000394,192.848250291,104.815163665,104.815163665,223.734250313
1101,1,300,positive,0.1905498915,-0.198350494561,0.192592844981,190.5498915,-198.350494561,192.592844981,104.915038526,104.915038526,223.478845003
1102,0,300,positive,0.190482495279,-0.198233760881,0.192985600098,190.482495279,-198.233760881,192.985600098,104.780246083,104.780246083,223.87160012
1102,1,300,positive,0.19049995407,-0.198264000394,0.192848250291,190.49995407,-198.264000394,192.848250291,104.815163665,104.815163665,223.734250313
1103,0,300,positive,0.190624175489,-0.198479158202,0.192090291296,190.624175489,-198.479158202,192.090291296,105.063606503,105.063606503,222.976291319
1103,1,300,positive,0.1905498915,-0.198350494561,0.192592844981,190.5498915,-198.350494561,192.592844981,104.915038526,104.915038526,223.478845003
1104,0,300,positive,0.190482495279,-0.198233760881,0.192985600098,190.482495279,-198.233760881,192.985600098,104.780246083,104.780246083,223.87160012
1104,1,300,positive,0.190339693283,-0.197986420569,0.193916787114,190.339693283,-197.986420569,193.916787114,104.494642092,104.494642092,224.802787136
1105,0,300,positive,0.1903380557,-0.197983584192,0.193925518571,190.3380557,-197.983584192,193.925518571,104.491366926,104.491366926,224.811518593
1105,1,300,positive,0.190339693283,-0.197986420569,0.193916787114,190.339693283,-197.986420569,193.916787114,104.494642092,104.494642092,224.802787136
1106,0,300,positive,0.190321944873,-0.19795567942,0.193995098544,190.321944873,-197.95567942,193.995098544,104.459145271,104.459145271,224.881098566
1106,1,300,positive,0.1903380557,-0.197983584192,0.193925518571,190.3380557,-197.983584192,193.925518571,104.491366926,104.491366926,224.811518593
1107,0,300,positive,0.190950035722,-0.199043564682,0.190895824784,190.950035722,-199.043564682,190.895824784,105.715326969,105.715326969,221.781824807
1107,1,300,positive,0.190710790599,-0.198629179974,0.191738443693,190.710790599,-198.629179974,191.738443693,105.236836723,105.236836723,222.624443715
1108,0,300,positive,0.190321944873,-0.19795567942,0.193995098544,190.321944873,-197.95567942,193.995098544,104.459145271,104.459145271,224.881098566
1108,1,300,positive,0.190241781849,-0.19781683299,0.194363172901,190.241781849,-197.81683299,194.363172901,104.298819223,104.298819223,225.249172923
1109,0,300,positive,0.190241781849,-0.19781683299,0.194363172901,190.241781849,-197.81683299,194.363172901,104.298819223,104.298819223,225.249172923
1109,1,300,positive,0.190198458333,-0.197741794459,0.194550232774,190.198458333,-197.741794459,194.550232774,104.212172191,104.212172191,225.436232797
1110,0,300,positive,0.190198458333,-0.197741794459,0.194550232774,190.198458333,-197.741794459,194.550232774,104.212172191,104.212172191,225.436232797
1110,1,300,positive,0.190153552877,-0.197664015928,0.194698802738,190.153552877,-197.664015928,194.698802738,104.122361279,104.122361279,225.58480276
1111,0,300,positive,0.190153552877,-0.197664015928,0.194698802738,190.153552877,-197.664015928,194.698802738,104.122361279,104.122361279,225.58480276
1111,1,300,positive,0.190081039576,-0.197538419206,0.194914861423,190.081039576,-197.538419206,194.914861423,103.977334677,103.977334677,225.800861446
1112,0,300,positive,0.18981505853,-0.197077726521,0.195791968938,189.81505853,-197.077726521,195.791968938,103.445372585,103.445372585,226.677968961
1112,1,300,positive,0.190081039576,-0.197538419206,0.194914861423,190.081039576,-197.538419206,194.914861423,103.977334677,103.977334677,225.800861446
1113,0,300,positive,0.193521860163,-0.203498095282,0.195620965063,193.521860163,-203.498095282,195.620965063,110.858975851,110.858975851,226.506965086
1113,1,300,positive,0.193437026902,-0.203351159765,0.196336411913,193.437026902,-203.351159765,196.336411913,110.689309329,110.689309329,227.222411935
1114,0,300,positive,0.193346180782,-0.203193809669,0.196973498685,193.346180782,-203.193809669,196.973498685,110.50761709,110.50761709,227.859498707
1114,1,300,positive,0.193437026902,-0.203351159765,0.196336411913,193.437026902,-203.351159765,196.336411913,110.689309329,110.689309329,227.222411935
1115,0,300,positive,0.193346180782,-0.203193809669,0.196973498685,193.346180782,-203.193809669,196.973498685,110.50761709,110.50761709,227.859498707
1115,1,300,positive,0.193186565671,-0.202917348187,0.198368173964,193.186565671,-202.917348187,198.368173964,110.188386868,110.188386868,229.254173987
1116,0,300,positive,0.193183102604,-0.202911349979,0.198399034352,193.183102604,-202.911349979,198.399034352,110.181460733,110.181460733,229.285034375
1116,1,300,positive,0.193186565671,-0.202917348187,0.198368173964,193.186565671,-202.917348187,198.368173964,110.188386868,110.188386868,229.254173987
1117,0,300,positive,0.193183102604,-0.202911349979,0.198399034352,193.183102604,-202.911349979,198.399034352,110.181460733,110.181460733,229.285034375
1117,1,300,positive,0.193139670484,-0.202836123341,0.198622632236,193.139670484,-202.836123341,198.622632236,110.094596494,110.094596494,229.508632258
1118,0,300,positive,0.19304659304,-0.202674908478,0.199236605802,193.04659304,-202.674908478,199.236605802,109.908441605,109.908441605,230.122605824
1118,1,300,positive,0.193139670484,-0.202836123341,0.198622632236,193.139670484,-202.836123341,198.622632236,110.094596494,110.094596494,229.508632258
1119,0,300,positive,0.19304659304,-0.202674908478,0.199236605802,193.04659304,-202.674908478,199.236605802,109.908441605,109.908441605,230.122605824
1119,1,300,positive,0.192885614847,-0.20239608607,0.200125843505,192.885614847,-202.39608607,200.125843505,109.58648522,109.58648522,231.011843527
1120,0,300,positive,0.192841673606,-0.202319977608,0.200391016377,192.841673606,-202.319977608,200.391016377,109.498602738,109.498602738,231.2770164
1120,1,300,positive,0.192885614847,-0.20239608607,0.200125843505,192.885614847,-202.39608607,200.125843505,109.58648522,109.58648522,231.011843527
1121,0,300,positive,0.192841673606,-0.202319977608,0.200391016377,192.841673606,-202.319977608,200.391016377,109.498602738,109.498602738,231.2770164
1121,1,300,positive,0.192692067748,-0.202060852661,0.201109237366,192.692067748,-202.060852661,201.109237366,109.199391022,109.199391022,231.995237388
1122,0,300,positive,0.19267460579,-0.202030607663,0.201191394443,192.67460579,-202.030607663,201.191394443,109.164467106,109.164467106,232.077394465
1122,1,300,positive,0.192692067748,-0.202060852661,0.201109237366,192.692067748,-202.060852661,201.109237366,109.199391022,109.199391022,231.995237388
1123,0,300,positive,0.192658396061,-0.202002531588,0.201258794339,192.658396061,-202.002531588,201.258794339,109.132047648,109.132047648,232.144794362
1123,1,300,positive,0.19267460579,-0.202030607663,0.201191394443,192.67460579,-202.030607663,201.191394443,109.164467106,109.164467106,232.077394465
1124,0,300,positive,0.192658396061,-0.202002531588,0.201258794339,192.658396061,-202.002531588,201.258794339,109.132047648,109.132047648,232.144794362
1124,1,300,positive,0.192571723161,-0.201852409722,0.201765296427,192.571723161,-201.852409722,201.765296427,108.958701848,108.958701848,232.651296449
1125,0,300,positive,0.192534316856,-0.201787620101,0.201990999189,192.534316856,-201.787620101,201.990999189,108.883889238,108.883889238,232.876999211
1125,1,300,positive,0.192571723161,-0.201852409722,0.201765296427,192.571723161,-201.852409722,201.765296427,108.958701848,108.958701848,232.651296449
1126,0,300,positive,0.192534316856,-0.201787620101,0.201990999189,192.534316856,-201.787620101,201.990999189,108.883889238,108.883889238,232.876999211
1126,1,300,positive,0.192373397842,-0.201508900193,0.202650987048,192.373397842,-201.508900193,202.650987048,108.562051211,108.562051211,233.53698707
1127,0,300,positive,0.192256974528,-0.201307249098,0.203167302174,192.256974528,-201.307249098,203.167302174,108.329204582,108.329204582,234.053302196
1127,1,300,positive,0.192373397842,-0.201508900193,0.202650987048,192.373397842,-201.508900193,202.650987048,108.562051211,108.562051211,233.53698707
1128,0,300,positive,0.192224072476,-0.201250261072,0.203321286598,192.224072476,-201.250261072,203.321286598,108.263400478,108.263400478,234.207286621
1128,1,300,positive,0.192072128315,-0.200987086065,0.203951735628,192.072128315,-200.987086065,203.951735628,107.959512155,107.959512155,234.83773565
1129,0,300,positive,0.191744716201,-0.200419991648,0.205357150714,191.744716201,-200.419991648,205.357150714,107.304687927,107.304687927,236.243150736
1129,1,300,positive,0.191669324636,-0.200289409628,0.205728712018,191.669324636,-200.289409628,205.728712018,107.153904798,107.153904798,236.61471204
1130,0,300,positive,0.191934149256,-0.200748099325,0.204540420173,191.934149256,-200.748099325,204.540420173,107.683554038,107.683554038,235.426420195
1130,1,300,positive,0.191744716201,-0.200419991648,0.205357150714,191.744716201,-200.419991648,205.357150714,107.304687927,107.304687927,236.243150736
1131,0,300,positive,0.192224072476,-0.201250261072,0.203321286598,192.224072476,-201.250261072,203.321286598,108.263400478,108.263400478,234.207286621
1131,1,300,positive,0.192256974528,-0.201307249098,0.203167302174,192.256974528,-201.307249098,203.167302174,108.329204582,108.329204582,234.053302196
1132,0,300,positive,0.191934149256,-0.200748099325,0.204540420173,191.934149256,-200.748099325,204.540420173,107.683554038,107.683554038,235.426420195
1132,1,300,positive,0.192072128315,-0.200987086065,0.203951735628,192.072128315,-200.987086065,203.951735628,107.959512155,107.959512155,234.83773565
1133,0,300,positive,0.189710461491,-0.196896559136,0.196190177416,189.710461491,-196.896559136,196.190177416,103.236178508,103.236178508,227.076177438
1133,1,300,positive,0.18981505853,-0.197077726521,0.195791968938,189.81505853,-197.077726521,195.791968938,103.445372585,103.445372585,226.677968961
1134,0,300,positive,0.189710461491,-0.196896559136,0.196190177416,189.710461491,-196.896559136,196.190177416,103.236178508,103.236178508,227.076177438
1134,1,300,positive,0.189696614925,-0.196872576179,0.19628639535,189.696614925,-196.872576179,196.28639535,103.208485375,103.208485375,227.172395373
1135,0,300,positive,0.189551036927,-0.19662042769,0.197367120023,189.551036927,-196.62042769,197.367120023,102.917329379,102.917329379,228.253120046
1135,1,300,positive,0.189696614925,-0.196872576179,0.19628639535,189.696614925,-196.872576179,196.28639535,103.208485375,103.208485375,227.172395373
1136,0,300,positive,0.189551036927,-0.19662042769,0.197367120023,189.551036927,-196.62042769,197.367120023,102.917329379,102.917329379,228.253120046
1136,1,300,positive,0.189522306716,-0.196570665505,0.197560395067,189.522306716,-196.570665505,197.560395067,102.859868957,102.859868957,228.44639509
1137,0,300,positive,0.189309257564,-0.196201653549,0.198746229383,189.309257564,-196.201653549,198.746229383,102.433770653,102.433770653,229.632229406
1137,1,300,positive,0.189522306716,-0.196570665505,0.197560395067,189.522306716,-196.570665505,197.560395067,102.859868957,102.859868957,228.44639509
1138,0,300,positive,0.189309257564,-0.196201653549,0.198746229383,189.309257564,-196.201653549,198.746229383,102.433770653,102.433770653,229.632229406
1138,1,300,positive,0.189259438208,-0.196115363894,0.19895270532,189.259438208,-196.115363894,198.95270532,102.334131942,102.334131942,229.838705342
1139,0,300,positive,0.189086603501,-0.1958160054,0.200089185564,189.086603501,-195.8160054,200.089185564,101.988462527,101.988462527,230.975185587
1139,1,300,positive,0.189226878962,-0.196058969625,0.199194569083,189.226878962,-196.058969625,199.194569083,102.269013449,102.269013449,230.080569106
1140,0,300,positive,0.189259438208,-0.196115363894,0.19895270532,189.259438208,-196.115363894,198.95270532,102.334131942,102.334131942,229.838705342
1140,1,300,positive,0.189226878962,-0.196058969625,0.199194569083,189.226878962,-196.058969625,199.194569083,102.269013449,102.269013449,230.080569106
1141,0,300,positive,0.191491307785,-0.199981075396,0.20651400052,191.491307785,-199.981075396,206.51400052,106.797871095,106.797871095,237.400000543
1141,1,300,positive,0.191669324636,-0.200289409628,0.205728712018,191.669324636,-200.289409628,205.728712018,107.153904798,107.153904798,236.61471204
1142,0,300,positive,0.191491307785,-0.199981075396,0.20651400052,191.491307785,-199.981075396,206.51400052,106.797871095,106.797871095,237.400000543
1142,1,300,positive,0.191364313064,-0.199761114089,0.207048306712,191.364313064,-199.761114089,207.048306712,106.543881654,106.543881654,237.934306734
1143,0,300,positive,0.191052770215,-0.199221506045,0.208055741964,191.052770215,-199.221506045,208.055741964,105.920795956,105.920795956,238.941741986
1143,1,300,positive,0.191364313064,-0.199761114089,0.207048306712,191.364313064,-199.761114089,207.048306712,106.543881654,106.543881654,237.934306734
1144,0,300,positive,0.191052770215,-0.199221506045,0.208055741964,191.052770215,-199.221506045,208.055741964,105.920795956,105.920795956,238.941741986
1144,1,300,positive,0.191000900082,-0.199131664339,0.208216926804,191.000900082,-199.131664339,208.216926804,105.81705569,105.81705569,239.102926826
1145,0,300,positive,0.191000900082,-0.199131664339,0.208216926804,191.000900082,-199.131664339,208.216926804,105.81705569,105.81705569,239.102926826
1145,1,300,positive,0.190950825707,-0.199044932978,0.208392041869,190.950825707,-199.044932978,208.392041869,105.71690694,105.71690694,239.278041891
1146,0,300,positive,0.190827965511,-0.198832132875,0.20890980977,190.827965511,-198.832132875,208.90980977,105.471186547,105.471186547,239.795809792
1146,1,300,positive,0.190950825707,-0.199044932978,0.208392041869,190.950825707,-199.044932978,208.392041869,105.71690694,105.71690694,239.278041891
1147,0,300,positive,0.190827965511,-0.198832132875,0.20890980977,190.827965511,-198.832132875,208.90980977,105.471186547,105.471186547,239.795809792
1147,1,300,positive,0.190684324005,-0.19858333849,0.209443688436,190.684324005,-198.58333849,209.443688436,105.183903536,105.183903536,240.329688458
1148,0,300,positive,0.190535848944,-0.198326172139,0.209945416983,190.535848944,-198.326172139,209.945416983,104.886953413,104.886953413,240.831417005
1148,1,300,positive,0.190684324005,-0.19858333849,0.209443688436,190.684324005,-198.58333849,209.443688436,105.183903536,105.183903536,240.329688458
1149,0,300,positive,0.190345409418,-0.197996321205,0.210661741017,190.345409418,-197.996321205,210.661741017,104.506074362,104.506074362,241.547741039
1149,1,300,positive,0.190252054746,-0.197834626169,0.211039124886,190.252054746,-197.834626169,211.039124886,104.319365017,104.319365017,241.925124908
1150,0,300,positive,0.190345409418,-0.197996321205,0.210661741017,190.345409418,-197.996321205,210.661741017,104.506074362,104.506074362,241.547741039
1150,1,300,positive,0.190535848944,-0.198326172139,0.209945416983,190.535848944,-198.326172139,209.945416983,104.886953413,104.886953413,240.831417005
1151,0,300,positive,0.189999457631,-0.197397115132,0.211888390123,189.999457631,-197.397115132,211.888390123,103.814170787,103.814170787,242.774390145
1151,1,300,positive,0.189948080947,-0.197308128105,0.212104383447,189.948080947,-197.308128105,212.104383447,103.711417419,103.711417419,242.990383469
1152,0,300,positive,0.189999457631,-0.197397115132,0.211888390123,189.999457631,-197.397115132,211.888390123,103.814170787,103.814170787,242.774390145
1152,1,300,positive,0.190252054746,-0.197834626169,0.211039124886,190.252054746,-197.834626169,211.039124886,104.319365017,104.319365017,241.925124908
1153,0,300,positive,0.189826814762,-0.197098088912,0.212673473186,189.826814762,-197.098088912,212.673473186,103.46888505,103.46888505,243.559473209
1153,1,300,positive,0.189948080947,-0.197308128105,0.212104383447,189.948080947,-197.308128105,212.104383447,103.711417419,103.711417419,242.990383469
1154,0,300,positive,0.189720511382,-0.196913966057,0.21311482572,189.720511382,-196.913966057,213.11482572,103.256278289,103.256278289,244.000825742
1154,1,300,positive,0.189578718079,-0.196668372853,0.213670028611,189.578718079,-196.668372853,213.670028611,102.972691684,102.972691684,244.556028633
1155,0,300,positive,0.189578718079,-0.196668372853,0.213670028611,189.578718079,-196.668372853,213.670028611,102.972691684,102.972691684,244.556028633
1155,1,300,positive,0.189514308332,-0.196556811898,0.213905804648,189.514308332,-196.556811898,213.905804648,102.84387219,102.84387219,244.79180467
1156,0,300,positive,0.189720511382,-0.196913966057,0.21311482572,189.720511382,-196.913966057,213.11482572,103.256278289,103.256278289,244.000825742
1156,1,300,positive,0.189826814762,-0.197098088912,0.212673473186,189.826814762,-197.098088912,212.673473186,103.46888505,103.46888505,243.559473209
1157,0,300,positive,0.189014060135,-0.195690356604,0.215719061392,189.014060135,-195.690356604,215.719061392,101.843375796,101.843375796,246.605061414
1157,1,300,positive,0.189180335301,-0.19597835364,0.215125796321,189.180335301,-195.97835364,215.125796321,102.175926128,102.175926128,246.011796343
1158,0,300,positive,0.188940765272,-0.195563406178,0.201478153224,188.940765272,-195.563406178,201.478153224,101.69678607,101.69678607,232.364153247
1158,1,300,positive,0.189057187414,-0.195765055243,0.200415717479,189.057187414,-195.765055243,200.415717479,101.929630354,101.929630354,231.301717501
1159,0,300,positive,0.18871267846,-0.195168348231,0.203600646977,188.71267846,-195.168348231,203.600646977,101.240612446,101.240612446,234.486646999
1159,1,300,positive,0.188714468489,-0.195171448652,0.203583233873,188.714468489,-195.171448652,203.583233873,101.244192504,101.244192504,234.469233895
1160,0,300,positive,0.18871097805,-0.195165403033,0.203611895851,188.71097805,-195.165403033,203.611895851,101.237211625,101.237211625,234.497895873
1160,1,300,positive,0.18871267846,-0.195168348231,0.203600646977,188.71267846,-195.168348231,203.600646977,101.240612446,101.240612446,234.486646999
1161,0,300,positive,0.189086603501,-0.1958160054,0.200089185564,189.086603501,-195.8160054,200.089185564,101.988462527,101.988462527,230.975185587
1161,1,300,positive,0.189057187414,-0.195765055243,0.200415717479,189.057187414,-195.765055243,200.415717479,101.929630354,101.929630354,231.301717501
1162,0,300,positive,0.188940765272,-0.195563406178,0.201478153224,188.940765272,-195.563406178,201.478153224,101.69678607,101.69678607,232.364153247
1162,1,300,positive,0.188714468489,-0.195171448652,0.203583233873,188.714468489,-195.171448652,203.583233873,101.244192504,101.244192504,234.469233895
1163,0,300,positive,0.18871097805,-0.195165403033,0.203611895851,188.71097805,-195.165403033,203.611895851,101.237211625,101.237211625,234.497895873
1163,1,300,positive,0.188554127512,-0.194893729932,0.204676432141,188.554127512,-194.893729932,204.676432141,100.923510549,100.923510549,235.562432163
1164,0,300,positive,0.188413441582,-0.194650054754,0.205183900642,188.413441582,-194.650054754,205.183900642,100.64213869,100.64213869,236.069900665
1164,1,300,positive,0.188554127512,-0.194893729932,0.204676432141,188.554127512,-194.893729932,204.676432141,100.923510549,100.923510549,235.562432163
1165,0,300,positive,0.188209013303,-0.194295974588,0.207651036901,188.209013303,-194.295974588,207.651036901,100.233282131,100.233282131,238.537036923
1165,1,300,positive,0.188209015124,-0.194295977742,0.207651009724,188.209015124,-194.295977742,207.651009724,100.233285773,100.233285773,238.537009747
1166,0,300,positive,0.188209011687,-0.194295971789,0.207651083491,188.209011687,-194.295971789,207.651083491,100.233278899,100.233278899,238.537083514
1166,1,300,positive,0.188209013303,-0.194295974588,0.207651036901,188.209013303,-194.295974588,207.651036901,100.233282131,100.233282131,238.537036923
1167,0,300,positive,0.18830503468,-0.194462288493,0.205770420586,188.30503468,-194.462288493,205.770420586,100.425324886,100.425324886,236.656420608
1167,1,300,positive,0.188413441582,-0.194650054754,0.205183900642,188.413441582,-194.650054754,205.183900642,100.64213869,100.64213869,236.069900665
1168,0,300,positive,0.188209020095,-0.194295986352,0.207650905273,188.209020095,-194.295986352,207.650905273,100.233295715,100.233295715,238.536905295
1168,1,300,positive,0.188209029454,-0.194296002564,0.207650689539,188.209029454,-194.296002564,207.650689539,100.233314434,100.233314434,238.536689562
1169,0,300,positive,0.18830503468,-0.194462288493,0.205770420586,188.30503468,-194.462288493,205.770420586,100.425324886,100.425324886,236.656420608
1169,1,300,positive,0.188209029454,-0.194296002564,0.207650689539,188.209029454,-194.296002564,207.650689539,100.233314434,100.233314434,238.536689562
1170,0,300,positive,0.188209015124,-0.194295977742,0.207651009724,188.209015124,-194.295977742,207.651009724,100.233285773,100.233285773,238.537009747
1170,1,300,positive,0.188209020095,-0.194295986352,0.207650905273,188.209020095,-194.295986352,207.650905273,100.233295715,100.233295715,238.536905295
1171,0,300,positive,0.188209011687,-0.194295971789,0.207651083491,188.209011687,-194.295971789,207.651083491,100.233278899,100.233278899,238.537083514
1171,1,300,positive,0.188141120348,-0.194178380541,0.208807666039,188.141120348,-194.178380541,208.807666039,100.097496222,100.097496222,239.693666061
1172,0,300,positive,0.188120450222,-0.194142578833,0.208918221801,188.120450222,-194.142578833,208.918221801,100.056155969,100.056155969,239.804221824
1172,1,300,positive,0.188141120348,-0.194178380541,0.208807666039,188.141120348,-194.178380541,208.807666039,100.097496222,100.097496222,239.693666061
1173,0,300,positive,0.188120450222,-0.194142578833,0.208918221801,188.120450222,-194.142578833,208.918221801,100.056155969,100.056155969,239.804221824
1173,1,300,positive,0.188106043902,-0.194117626354,0.209348693227,188.106043902,-194.117626354,209.348693227,100.027343329,100.027343329,240.234693249
1174,0,300,positive,0.188080871656,-0.194074026745,0.209533929677,188.080871656,-194.074026745,209.533929677,99.9769988376,99.9769988376,240.419929699
1174,1,300,positive,0.188106043902,-0.194117626354,0.209348693227,188.106043902,-194.117626354,209.348693227,100.027343329,100.027343329,240.234693249
1175,0,300,positive,0.188080871656,-0.194074026745,0.209533929677,188.080871656,-194.074026745,209.533929677,99.9769988376,99.9769988376,240.419929699
1175,1,300,positive,0.187987596882,-0.193912470097,0.209974084336,187.987596882,-193.912470097,209.974084336,99.7904492887,99.7904492887,240.860084358
1176,0,300,positive,0.187936678634,-0.193824277105,0.210215387084,187.936678634,-193.824277105,210.215387084,99.6886127927,99.6886127927,241.101387106
1176,1,300,positive,0.187700632279,-0.193415432825,0.210808225694,187.700632279,-193.415432825,210.808225694,99.2165200831,99.2165200831,241.694225717
1177,0,300,positive,0.187596683168,-0.193235387684,0.211171172773,187.596683168,-193.235387684,211.171172773,99.008621862,99.008621862,242.057172795
1177,1,300,positive,0.187700632279,-0.193415432825,0.210808225694,187.700632279,-193.415432825,210.808225694,99.2165200831,99.2165200831,241.694225717
1178,0,300,positive,0.187936678634,-0.193824277105,0.210215387084,187.936678634,-193.824277105,210.215387084,99.6886127927,99.6886127927,241.101387106
1178,1,300,positive,0.187987596882,-0.193912470097,0.209974084336,187.987596882,-193.912470097,209.974084336,99.7904492887,99.7904492887,240.860084358
1179,0,300,positive,0.187415303252,-0.192921228453,0.211885275222,187.415303252,-192.921228453,211.885275222,98.645862029,98.645862029,242.771275245
1179,1,300,positive,0.187596683168,-0.193235387684,0.211171172773,187.596683168,-193.235387684,211.171172773,99.008621862,99.008621862,242.057172795
1180,0,300,positive,0.187415303252,-0.192921228453,0.211885275222,187.415303252,-192.921228453,211.885275222,98.645862029,98.645862029,242.771275245
1180,1,300,positive,0.187227797558,-0.192596459065,0.21233010208,187.227797558,-192.596459065,212.33010208,98.2708506415,98.2708506415,243.216102102
1181,0,300,positive,0.187105599311,-0.192384805492,0.212691387215,187.105599311,-192.384805492,212.691387215,98.0264541468,98.0264541468,243.577387238
1181,1,300,positive,0.187227797558,-0.192596459065,0.21233010208,187.227797558,-192.596459065,212.33010208,98.2708506415,98.2708506415,243.216102102
1182,0,300,positive,0.187105599311,-0.192384805492,0.212691387215,187.105599311,-192.384805492,212.691387215,98.0264541468,98.0264541468,243.577387238
1182,1,300,positive,0.186900587568,-0.192029714737,0.212966770932,186.900587568,-192.029714737,212.966770932,97.6164306606,97.6164306606,243.852770954
1183,0,300,positive,0.18673528133,-0.191743395934,0.213200951086,186.73528133,-191.743395934,213.200951086,97.2858181849,97.2858181849,244.086951108
1183,1,300,positive,0.186900587568,-0.192029714737,0.212966770932,186.900587568,-192.029714737,212.966770932,97.6164306606,97.6164306606,243.852770954
1184,0,300,positive,0.18673528133,-0.191743395934,0.213200951086,186.73528133,-191.743395934,213.200951086,97.2858181849,97.2858181849,244.086951108
1184,1,300,positive,0.186733520901,-0.191740346783,0.213272284738,186.733520901,-191.740346783,213.272284738,97.2822973285,97.2822973285,244.15828476
1185,0,300,positive,0.186733520901,-0.191740346783,0.213272284738,186.733520901,-191.740346783,213.272284738,97.2822973285,97.2822973285,244.15828476
1185,1,300,positive,0.186576266224,-0.191467973692,0.21367043281,186.576266224,-191.467973692,213.67043281,96.9677879736,96.9677879736,244.556432832
1186,0,300,positive,0.18614280039,-0.190717188845,0.214392367808,186.14280039,-190.717188845,214.392367808,96.1008563063,96.1008563063,245.27836783
1186,1,300,positive,0.186576266224,-0.191467973692,0.21367043281,186.576266224,-191.467973692,213.67043281,96.9677879736,96.9677879736,244.556432832
1187,0,300,positive,0.18614280039,-0.190717188845,0.214392367808,186.14280039,-190.717188845,214.392367808,96.1008563063,96.1008563063,245.27836783
1187,1,300,positive,0.185749861869,-0.190036599362,0.2152449061,185.749861869,-190.036599362,215.2449061,95.3149792639,95.3149792639,246.130906123
1188,0,300,positive,0.189514308332,-0.196556811898,0.213905804648,189.514308332,-196.556811898,213.905804648,102.84387219,102.84387219,244.79180467
1188,1,300,positive,0.189180335301,-0.19597835364,0.215125796321,189.180335301,-195.97835364,215.125796321,102.175926128,102.175926128,246.011796343
1189,0,300,positive,0.191488720532,-0.199976594143,0.233488226526,191.488720532,-199.976594143,233.488226526,106.79269659,106.79269659,264.374226548
1189,1,300,positive,0.191871165546,-0.200639008339,0.233678359922,191.871165546,-200.639008339,233.678359922,107.557586618,107.557586618,264.564359945
1190,0,300,positive,0.190344979755,-0.197995577006,0.233052133263,190.344979755,-197.995577006,233.052133263,104.505215035,104.505215035,263.938133285
1190,1,300,positive,0.190702438375,-0.198614713497,0.233168815517,190.702438375,-198.614713497,233.168815517,105.220132275,105.220132275,264.05481554
1191,0,300,positive,0.188746777961,-0.195227410299,0.232311887686,188.746777961,-195.227410299,232.311887686,101.308811448,101.308811448,263.197887708
1191,1,300,positive,0.189274742784,-0.196141872196,0.232578482512,189.274742784,-196.141872196,232.578482512,102.364741093,102.364741093,263.464482534
1192,0,300,positive,0.188724137264,-0.195188195462,0.232302701823,188.724137264,-195.188195462,232.302701823,101.263530054,101.263530054,263.188701845
1192,1,300,positive,0.188746777961,-0.195227410299,0.232311887686,188.746777961,-195.227410299,232.311887686,101.308811448,101.308811448,263.197887708
1193,0,300,positive,0.192471784683,-0.201679311201,0.233960734703,192.471784683,-201.679311201,233.960734703,108.758824892,108.758824892,264.846734726
1193,1,300,positive,0.191871165546,-0.200639008339,0.233678359922,191.871165546,-200.639008339,233.678359922,107.557586618,107.557586618,264.564359945
1194,0,300,positive,0.191488720532,-0.199976594143,0.233488226526,191.488720532,-199.976594143,233.488226526,106.79269659,106.79269659,264.374226548
1194,1,300,positive,0.190702438375,-0.198614713497,0.233168815517,190.702438375,-198.614713497,233.168815517,105.220132275,105.220132275,264.05481554
1195,0,300,positive,0.190344979755,-0.197995577006,0.233052133263,190.344979755,-197.995577006,233.052133263,104.505215035,104.505215035,263.938133285
1195,1,300,positive,0.190141796443,-0.197643653187,0.232994105459,190.141796443,-197.643653187,232.994105459,104.098848411,104.098848411,263.880105481
1196,0,300,positive,0.190141796443,-0.197643653187,0.232994105459,190.141796443,-197.643653187,232.994105459,104.098848411,104.098848411,263.880105481
1196,1,300,positive,0.189980998439,-0.197365142874,0.232937978605,189.980998439,-197.365142874,232.937978605,103.777252403,103.777252403,263.823978627
1197,0,300,positive,0.189980998439,-0.197365142874,0.232937978605,189.980998439,-197.365142874,232.937978605,103.777252403,103.777252403,263.823978627
1197,1,300,positive,0.189274742784,-0.196141872196,0.232578482512,189.274742784,-196.141872196,232.578482512,102.364741093,102.364741093,263.464482534
1198,0,300,positive,0.188873913362,-0.195447615273,0.216281930136,188.873913362,-195.447615273,216.281930136,101.56308225,101.56308225,247.167930158
1198,1,300,positive,0.188522186893,-0.194838407158,0.217615434401,188.522186893,-194.838407158,217.615434401,100.859629312,100.859629312,248.501434423
1199,0,300,positive,0.188947163501,-0.195574488235,0.215994123498,188.947163501,-195.574488235,215.994123498,101.709582527,101.709582527,246.88012352
1199,1,300,positive,0.189014060135,-0.195690356604,0.215719061392,189.014060135,-195.690356604,215.719061392,101.843375796,101.843375796,246.605061414
1200,0,300,positive,0.188873913362,-0.195447615273,0.216281930136,188.873913362,-195.447615273,216.281930136,101.56308225,101.56308225,247.167930158
1200,1,300,positive,0.188947163501,-0.195574488235,0.215994123498,188.947163501,-195.574488235,215.994123498,101.709582527,101.709582527,246.88012352
1201,0,300,positive,0.188235814784,-0.194342396116,0.218644585129,188.235814784,-194.342396116,218.644585129,100.286885094,100.286885094,249.530585152
1201,1,300,positive,0.188076911905,-0.194067168256,0.219217411493,188.076911905,-194.067168256,219.217411493,99.9690793362,99.9690793362,250.103411516
1202,0,300,positive,0.188235814784,-0.194342396116,0.218644585129,188.235814784,-194.342396116,218.644585129,100.286885094,100.286885094,249.530585152
1202,1,300,positive,0.188522186893,-0.194838407158,0.217615434401,188.522186893,-194.838407158,217.615434401,100.859629312,100.859629312,248.501434423
1203,0,300,positive,0.187383948663,-0.192866920712,0.222044714846,187.383948663,-192.866920712,222.044714846,98.5831528512,98.5831528512,252.930714868
1203,1,300,positive,0.187379922983,-0.19285994803,0.222067532736,187.379922983,-192.85994803,222.067532736,98.5751014914,98.5751014914,252.953532758
1204,0,300,positive,0.187379922983,-0.19285994803,0.222067532736,187.379922983,-192.85994803,222.067532736,98.5751014914,98.5751014914,252.953532758
1204,1,300,positive,0.187371549935,-0.192845445486,0.222127115256,187.371549935,-192.845445486,222.127115256,98.5583553961,98.5583553961,253.013115279
1205,0,300,positive,0.187195887833,-0.192541189799,0.223531462201,187.195887833,-192.541189799,223.531462201,98.2070311907,98.2070311907,254.417462223
1205,1,300,positive,0.187195352225,-0.192540262099,0.223536012403,187.195352225,-192.540262099,223.536012403,98.2059599749,98.2059599749,254.422012425
1206,0,300,positive,0.187195352225,-0.192540262099,0.223536012403,187.195352225,-192.540262099,223.536012403,98.2059599749,98.2059599749,254.422012425
1206,1,300,positive,0.187194802735,-0.192539310356,0.223545544709,187.194802735,-192.539310356,223.545544709,98.2048609962,98.2048609962,254.431544732
1207,0,300,positive,0.188076911905,-0.194067168256,0.219217411493,188.076911905,-194.067168256,219.217411493,99.9690793362,99.9690793362,250.103411516
1207,1,300,positive,0.187897007701,-0.193755565033,0.219868674428,187.897007701,-193.755565033,219.868674428,99.6092709267,99.6092709267,250.754674451
1208,0,300,positive,0.187897007701,-0.193755565033,0.219868674428,187.897007701,-193.755565033,219.868674428,99.6092709267,99.6092709267,250.754674451
1208,1,300,positive,0.18781564577,-0.193614642036,0.220206744893,187.81564577,-193.614642036,220.206744893,99.4465470666,99.4465470666,251.092744916
1209,0,300,positive,0.18766184314,-0.193348248065,0.220786464405,187.66184314,-193.348248065,220.786464405,99.138941805,99.138941805,251.672464427
1209,1,300,positive,0.18781564577,-0.193614642036,0.220206744893,187.81564577,-193.614642036,220.206744893,99.4465470666,99.4465470666,251.092744916
1210,0,300,positive,0.187393036616,-0.192882661509,0.22199456942,187.393036616,-192.882661509,221.99456942,98.601328758,98.601328758,252.880569442
1210,1,300,positive,0.187383948663,-0.192866920712,0.222044714846,187.383948663,-192.866920712,222.044714846,98.5831528512,98.5831528512,252.930714868
1211,0,300,positive,0.18766184314,-0.193348248065,0.220786464405,187.66184314,-193.348248065,220.786464405,99.138941805,99.138941805,251.672464427
1211,1,300,positive,0.187549705101,-0.193154019285,0.221242231865,187.549705101,-193.154019285,221.242231865,98.9146657282,98.9146657282,252.128231887
1212,0,300,positive,0.187393036616,-0.192882661509,0.22199456942,187.393036616,-192.882661509,221.99456942,98.601328758,98.601328758,252.880569442
1212,1,300,positive,0.187549705101,-0.193154019285,0.221242231865,187.549705101,-193.154019285,221.242231865,98.9146657282,98.9146657282,252.128231887
1213,0,300,positive,0.187371549935,-0.192845445486,0.222127115256,187.371549935,-192.845445486,222.127115256,98.5583553961,98.5583553961,253.013115279
1213,1,300,positive,0.187335308153,-0.192782672878,0.222330757132,187.335308153,-192.782672878,222.330757132,98.485871832,98.485871832,253.216757154
1214,0,300,positive,0.18719888254,-0.192546376785,0.223497018911,187.19888254,-192.546376785,223.497018911,98.213020606,98.213020606,254.383018933
1214,1,300,positive,0.187195887833,-0.192541189799,0.223531462201,187.195887833,-192.541189799,223.531462201,98.2070311907,98.2070311907,254.417462223
1215,0,300,positive,0.187269955959,-0.192669479557,0.222725570388,187.269955959,-192.669479557,222.725570388,98.355167443,98.355167443,253.61157041
1215,1,300,positive,0.187335308153,-0.192782672878,0.222330757132,187.335308153,-192.782672878,222.330757132,98.485871832,98.485871832,253.216757154
1216,0,300,positive,0.18719888254,-0.192546376785,0.223497018911,187.19888254,-192.546376785,223.497018911,98.213020606,98.213020606,254.383018933
1216,1,300,positive,0.187269955959,-0.192669479557,0.222725570388,187.269955959,-192.669479557,222.725570388,98.355167443,98.355167443,253.61157041
1217,0,300,positive,0.185561777007,-0.189710826825,0.215667200176,185.561777007,-189.710826825,215.667200176,94.9388095405,94.9388095405,246.553200198
1217,1,300,positive,0.185749861869,-0.190036599362,0.2152449061,185.749861869,-190.036599362,215.2449061,95.3149792639,95.3149792639,246.130906123
1218,0,300,positive,0.185422565017,-0.189469704584,0.216082239631,185.422565017,-189.469704584,216.082239631,94.660385559,94.660385559,246.968239653
1218,1,300,positive,0.185561777007,-0.189710826825,0.215667200176,185.561777007,-189.710826825,215.667200176,94.9388095405,94.9388095405,246.553200198
1219,0,300,positive,0.184847017636,-0.188472827279,0.217890292981,184.847017636,-188.472827279,217.890292981,93.5092907979,93.5092907979,248.776293004
1219,1,300,positive,0.184995929268,-0.18873074979,0.217306087858,184.995929268,-188.73074979,217.306087858,93.807114061,93.807114061,248.19208788
1220,0,300,positive,0.184847017636,-0.188472827279,0.217890292981,184.847017636,-188.472827279,217.890292981,93.5092907979,93.5092907979,248.776293004
1220,1,300,positive,0.184775293771,-0.1883485979,0.218175447291,184.775293771,-188.3485979,218.175447291,93.3658430669,93.3658430669,249.061447313
1221,0,300,positive,0.184675341997,-0.18817547635,0.219230543099,184.675341997,-188.17547635,219.230543099,93.1659395205,93.1659395205,250.116543122
1221,1,300,positive,0.1846848848,-0.18819200497,0.219090307084,184.6848848,-188.19200497,219.090307084,93.1850251261,93.1850251261,249.976307107
1222,0,300,positive,0.185422565017,-0.189469704584,0.216082239631,185.422565017,-189.469704584,216.082239631,94.660385559,94.660385559,246.968239653
1222,1,300,positive,0.184995929268,-0.18873074979,0.217306087858,184.995929268,-188.73074979,217.306087858,93.807114061,93.807114061,248.19208788
1223,0,300,positive,0.184775293771,-0.1883485979,0.218175447291,184.775293771,-188.3485979,218.175447291,93.3658430669,93.3658430669,249.061447313
1223,1,300,positive,0.1846848848,-0.18819200497,0.219090307084,184.6848848,-188.19200497,219.090307084,93.1850251261,93.1850251261,249.976307107
1224,0,300,positive,0.184673054595,-0.188171514453,0.219330689134,184.673054595,-188.171514453,219.330689134,93.161364716,93.161364716,250.216689156
1224,1,300,positive,0.184675341997,-0.18817547635,0.219230543099,184.675341997,-188.17547635,219.230543099,93.1659395205,93.1659395205,250.116543122
1225,0,300,positive,0.184669062778,-0.188164600423,0.219568158681,184.669062778,-188.164600423,219.568158681,93.1533810819,93.1533810819,250.454158703
1225,1,300,positive,0.184673054595,-0.188171514453,0.219330689134,184.673054595,-188.171514453,219.330689134,93.161364716,93.161364716,250.216689156
1226,0,300,positive,0.184594342974,-0.188035181926,0.222374371673,184.594342974,-188.035181926,222.374371673,93.0039414732,93.0039414732,253.260371696
1226,1,300,positive,0.184592221307,-0.18803150709,0.222333744305,184.592221307,-188.03150709,222.333744305,92.9996981388,92.9996981388,253.219744328
1227,0,300,positive,0.184637291037,-0.188109570153,0.223420374091,184.637291037,-188.109570153,223.420374091,93.0898375992,93.0898375992,254.306374113
1227,1,300,positive,0.184643971243,-0.188121140609,0.22319721404,184.643971243,-188.121140609,223.19721404,93.1031980107,93.1031980107,254.083214062
1228,0,300,positive,0.18463465083,-0.188104997181,0.223684262129,184.63465083,-188.104997181,223.684262129,93.0845571859,93.0845571859,254.570262152
1228,1,300,positive,0.184637291037,-0.188109570153,0.223420374091,184.637291037,-188.109570153,223.420374091,93.0898375992,93.0898375992,254.306374113
1229,0,300,positive,0.184669062778,-0.188164600423,0.219568158681,184.669062778,-188.164600423,219.568158681,93.1533810819,93.1533810819,250.454158703
1229,1,300,positive,0.184640218004,-0.188114639809,0.220277300104,184.640218004,-188.114639809,220.277300104,93.0956915342,93.0956915342,251.163300126
1230,0,300,positive,0.184576047803,-0.188003493761,0.220804669231,184.576047803,-188.003493761,220.804669231,92.9673511318,92.9673511318,251.690669253
1230,1,300,positive,0.184640218004,-0.188114639809,0.220277300104,184.640218004,-188.114639809,220.277300104,93.0956915342,93.0956915342,251.163300126
1231,0,300,positive,0.184576047803,-0.188003493761,0.220804669231,184.576047803,-188.003493761,220.804669231,92.9673511318,92.9673511318,251.690669253
1231,1,300,positive,0.184560193091,-0.187976032594,0.221032118755,184.560193091,-187.976032594,221.032118755,92.9356417079,92.9356417079,251.918118777
1232,0,300,positive,0.184560193091,-0.187976032594,0.221032118755,184.560193091,-187.976032594,221.032118755,92.9356417079,92.9356417079,251.918118777
1232,1,300,positive,0.184564121442,-0.187982836698,0.221274361662,184.564121442,-187.982836698,221.274361662,92.94349841,92.94349841,252.160361684
1233,0,300,positive,0.184592221307,-0.18803150709,0.222333744305,184.592221307,-188.03150709,222.333744305,92.9996981388,92.9996981388,253.219744328
1233,1,300,positive,0.184586800339,-0.188022117699,0.222156823597,184.586800339,-188.022117699,222.156823597,92.988856204,92.988856204,253.04282362
1234,0,300,positive,0.184564121442,-0.187982836698,0.221274361662,184.564121442,-187.982836698,221.274361662,92.94349841,92.94349841,252.160361684
1234,1,300,positive,0.184586800339,-0.188022117699,0.222156823597,184.586800339,-188.022117699,222.156823597,92.988856204,92.988856204,253.04282362
1235,0,300,positive,0.184594342974,-0.188035181926,0.222374371673,184.594342974,-188.035181926,222.374371673,93.0039414732,93.0039414732,253.260371696
1235,1,300,positive,0.184622876645,-0.188084603694,0.222719275618,184.622876645,-188.084603694,222.719275618,93.061008816,93.061008816,253.60527564
1236,0,300,positive,0.184622876645,-0.188084603694,0.222719275618,184.622876645,-188.084603694,222.719275618,93.061008816,93.061008816,253.60527564
1236,1,300,positive,0.184643971243,-0.188121140609,0.22319721404,184.643971243,-188.121140609,223.19721404,93.1031980107,93.1031980107,254.083214062
1237,0,300,positive,0.187111701374,-0.192395374576,0.224821207851,187.111701374,-192.395374576,224.821207851,98.0386582737,98.0386582737,255.707207873
1237,1,300,positive,0.187101638141,-0.192377944546,0.225491737071,187.101638141,-192.377944546,225.491737071,98.0185318083,98.0185318083,256.377737093
1238,0,300,positive,0.187111701374,-0.192395374576,0.224821207851,187.111701374,-192.395374576,224.821207851,98.0386582737,98.0386582737,255.707207873
1238,1,300,positive,0.187194802735,-0.192539310356,0.223545544709,187.194802735,-192.539310356,223.545544709,98.2048609962,98.2048609962,254.431544732
1239,0,300,positive,0.187089905475,-0.192357622971,0.225972608928,187.089905475,-192.357622971,225.972608928,97.9950664754,97.9950664754,256.85860895
1239,1,300,positive,0.187101638141,-0.192377944546,0.225491737071,187.101638141,-192.377944546,225.491737071,98.0185318083,98.0185318083,256.377737093
1240,0,300,positive,0.187065509092,-0.192315367197,0.226541214257,187.065509092,-192.315367197,226.541214257,97.9462737103,97.9462737103,257.427214279
1240,1,300,positive,0.187089905475,-0.192357622971,0.225972608928,187.089905475,-192.357622971,225.972608928,97.9950664754,97.9950664754,256.85860895
1241,0,300,positive,0.187022022602,-0.192240046386,0.227749943735,187.022022602,-192.240046386,227.749943735,97.8593007291,97.8593007291,258.635943757
1241,1,300,positive,0.186985339197,-0.192176508865,0.22849812571,186.985339197,-192.176508865,228.49812571,97.7859339195,97.7859339195,259.384125732
1242,0,300,positive,0.186974956239,-0.192158525054,0.228808244063,186.974956239,-192.158525054,228.808244063,97.7651680032,97.7651680032,259.694244086
1242,1,300,positive,0.186990529576,-0.192185498866,0.229324302848,186.990529576,-192.185498866,229.324302848,97.7963146779,97.7963146779,260.21030287
1243,0,300,positive,0.187065509092,-0.192315367197,0.226541214257,187.065509092,-192.315367197,226.541214257,97.9462737103,97.9462737103,257.427214279
1243,1,300,positive,0.187027424515,-0.192249402775,0.227291644929,187.027424515,-192.249402775,227.291644929,97.8701045562,97.8701045562,258.177644951
1244,0,300,positive,0.187022022602,-0.192240046386,0.227749943735,187.022022602,-192.240046386,227.749943735,97.8593007291,97.8593007291,258.635943757
1244,1,300,positive,0.187027424515,-0.192249402775,0.227291644929,187.027424515,-192.249402775,227.291644929,97.8701045562,97.8701045562,258.177644951
1245,0,300,positive,0.186974956239,-0.192158525054,0.228808244063,186.974956239,-192.158525054,228.808244063,97.7651680032,97.7651680032,259.694244086
1245,1,300,positive,0.186985339197,-0.192176508865,0.22849812571,186.985339197,-192.176508865,228.49812571,97.7859339195,97.7859339195,259.384125732
1246,0,300,positive,0.188590011544,-0.194955882899,0.232220676016,188.590011544,-194.955882899,232.220676016,100.995278613,100.995278613,263.106676039
1246,1,300,positive,0.188724137264,-0.195188195462,0.232302701823,188.724137264,-195.188195462,232.302701823,101.263530054,101.263530054,263.188701845
1247,0,300,positive,0.188438422866,-0.194693323608,0.232118052856,188.438422866,-194.693323608,232.118052856,100.692101258,100.692101258,263.004052878
1247,1,300,positive,0.188590011544,-0.194955882899,0.232220676016,188.590011544,-194.955882899,232.220676016,100.995278613,100.995278613,263.106676039
1248,0,300,positive,0.188438422866,-0.194693323608,0.232118052856,188.438422866,-194.693323608,232.118052856,100.692101258,100.692101258,263.004052878
1248,1,300,positive,0.188116653781,-0.194136003204,0.231916035783,188.116653781,-194.136003204,231.916035783,100.048563088,100.048563088,262.802035806
1249,0,300,positive,0.187379283026,-0.192858839593,0.231428743687,187.379283026,-192.858839593,231.428743687,98.5738215784,98.5738215784,262.314743709
1249,1,300,positive,0.187524601247,-0.193110538134,0.231557810136,187.524601247,-193.110538134,231.557810136,98.8644580188,98.8644580188,262.443810158
1250,0,300,positive,0.18693633989,-0.192091639576,0.230383546151,186.93633989,-192.091639576,230.383546151,97.687935306,97.687935306,261.269546173
1250,1,300,positive,0.186934130487,-0.192087812778,0.230405641051,186.934130487,-192.087812778,230.405641051,97.6835164996,97.6835164996,261.291641073
1251,0,300,positive,0.186934130487,-0.192087812778,0.230405641051,186.934130487,-192.087812778,230.405641051,97.6835164996,97.6835164996,261.291641073
1251,1,300,positive,0.186934040176,-0.192087656354,0.230408182857,186.934040176,-192.087656354,230.408182857,97.6833358769,97.6833358769,261.294182879
1252,0,300,positive,0.186934040176,-0.192087656354,0.230408182857,186.934040176,-192.087656354,230.408182857,97.6833358769,97.6833358769,261.294182879
1252,1,300,positive,0.186934476278,-0.192088411705,0.230411958062,186.934476278,-192.088411705,230.411958062,97.6842080819,97.6842080819,261.297958084
1253,0,300,positive,0.186966281742,-0.192143500385,0.230904501456,186.966281742,-192.143500385,230.904501456,97.7478190095,97.7478190095,261.790501478
1253,1,300,positive,0.186986704945,-0.192178874411,0.230971481525,186.986704945,-192.178874411,230.971481525,97.7886654163,97.7886654163,261.857481547
1254,0,300,positive,0.186966281742,-0.192143500385,0.230904501456,186.966281742,-192.143500385,230.904501456,97.7478190095,97.7478190095,261.790501478
1254,1,300,positive,0.186934476278,-0.192088411705,0.230411958062,186.934476278,-192.088411705,230.411958062,97.6842080819,97.6842080819,261.297958084
1255,0,300,positive,0.186977413534,-0.192162781213,0.229703594544,186.977413534,-192.162781213,229.703594544,97.7700825926,97.7700825926,260.589594566
1255,1,300,positive,0.186990529576,-0.192185498866,0.229324302848,186.990529576,-192.185498866,229.324302848,97.7963146779,97.7963146779,260.21030287
1256,0,300,positive,0.18693633989,-0.192091639576,0.230383546151,186.93633989,-192.091639576,230.383546151,97.687935306,97.687935306,261.269546173
1256,1,300,positive,0.186977413534,-0.192162781213,0.229703594544,186.977413534,-192.162781213,229.703594544,97.7700825926,97.7700825926,260.589594566
1257,0,300,positive,0.187379283026,-0.192858839593,0.231428743687,187.379283026,-192.858839593,231.428743687,98.5738215784,98.5738215784,262.314743709
1257,1,300,positive,0.187294215977,-0.192711499141,0.231388334372,187.294215977,-192.711499141,231.388334372,98.4036874787,98.4036874787,262.274334395
1258,0,300,positive,0.187050610475,-0.192289562034,0.231138603199,187.050610475,-192.289562034,231.138603199,97.9164764746,97.9164764746,262.024603221
1258,1,300,positive,0.187294215977,-0.192711499141,0.231388334372,187.294215977,-192.711499141,231.388334372,98.4036874787,98.4036874787,262.274334395
1259,0,300,positive,0.187050610475,-0.192289562034,0.231138603199,187.050610475,-192.289562034,231.138603199,97.9164764746,97.9164764746,262.024603221
1259,1,300,positive,0.187036960455,-0.192265919508,0.231124347516,187.036960455,-192.265919508,231.124347516,97.8891764365,97.8891764365,262.010347539
1260,0,300,positive,0.187027766859,-0.192249995732,0.231099835104,187.027766859,-192.249995732,231.099835104,97.8707892445,97.8707892445,261.985835127
1260,1,300,positive,0.186986704945,-0.192178874411,0.230971481525,186.986704945,-192.178874411,230.971481525,97.7886654163,97.7886654163,261.857481547
1261,0,300,positive,0.187036960455,-0.192265919508,0.231124347516,187.036960455,-192.265919508,231.124347516,97.8891764365,97.8891764365,262.010347539
1261,1,300,positive,0.187027766859,-0.192249995732,0.231099835104,187.027766859,-192.249995732,231.099835104,97.8707892445,97.8707892445,261.985835127
1262,0,300,positive,0.187524601247,-0.193110538134,0.231557810136,187.524601247,-193.110538134,231.557810136,98.8644580188,98.8644580188,262.443810158
1262,1,300,positive,0.187629800593,-0.193292748746,0.231658466455,187.629800593,-193.292748746,231.658466455,99.0748567106,99.0748567106,262.544466477
1263,0,300,positive,0.187966563303,-0.193876038871,0.231849437732,187.966563303,-193.876038871,231.849437732,99.7483821321,99.7483821321,262.735437754
1263,1,300,positive,0.188116653781,-0.194136003204,0.231916035783,188.116653781,-194.136003204,231.916035783,100.048563088,100.048563088,262.802035806
1264,0,300,positive,0.187966563303,-0.193876038871,0.231849437732,187.966563303,-193.876038871,231.849437732,99.7483821321,99.7483821321,262.735437754
1264,1,300,positive,0.187629800593,-0.193292748746,0.231658466455,187.629800593,-193.292748746,231.658466455,99.0748567106,99.0748567106,262.544466477
1265,0,300,positive,0.18463465083,-0.188104997181,0.223684262129,184.63465083,-188.104997181,223.684262129,93.0845571859,93.0845571859,254.570262152
1265,1,300,positive,0.184594611469,-0.188035646973,0.224770905943,184.594611469,-188.035646973,224.770905943,93.0044784628,93.0044784628,255.656905966
1266,0,300,positive,0.184561902109,-0.187978992699,0.225146958487,184.561902109,-187.978992699,225.146958487,92.9390597432,92.9390597432,256.03295851
1266,1,300,positive,0.184594611469,-0.188035646973,0.224770905943,184.594611469,-188.035646973,224.770905943,93.0044784628,93.0044784628,255.656905966
1267,0,300,positive,0.184561902109,-0.187978992699,0.225146958487,184.561902109,-187.978992699,225.146958487,92.9390597432,92.9390597432,256.03295851
1267,1,300,positive,0.184519875391,-0.187906200289,0.225908735018,184.519875391,-187.906200289,225.908735018,92.8550063071,92.8550063071,256.79473504
1268,0,300,positive,0.184511386113,-0.187891496429,0.226454254203,184.511386113,-187.891496429,226.454254203,92.8380277526,92.8380277526,257.340254225
1268,1,300,positive,0.184519875391,-0.187906200289,0.225908735018,184.519875391,-187.906200289,225.908735018,92.8550063071,92.8550063071,256.79473504
1269,0,300,positive,0.184511386113,-0.187891496429,0.226454254203,184.511386113,-187.891496429,226.454254203,92.8380277526,92.8380277526,257.340254225
1269,1,300,positive,0.184494052209,-0.187861473226,0.226862510029,184.494052209,-187.861473226,226.862510029,92.8033599444,92.8033599444,257.748510052
1270,0,300,positive,0.184416295315,-0.187726794335,0.227777101034,184.416295315,-187.726794335,227.777101034,92.6478461561,92.6478461561,258.663101057
1270,1,300,positive,0.184494052209,-0.187861473226,0.226862510029,184.494052209,-187.861473226,226.862510029,92.8033599444,92.8033599444,257.748510052
1271,0,300,positive,0.184416295315,-0.187726794335,0.227777101034,184.416295315,-187.726794335,227.777101034,92.6478461561,92.6478461561,258.663101057
1271,1,300,positive,0.184413733282,-0.187722356764,0.227904623222,184.413733282,-187.722356764,227.904623222,92.6427220905,92.6427220905,258.790623244
1272,0,300,positive,0.184427659032,-0.18774647687,0.229079421818,184.427659032,-187.74647687,229.079421818,92.6705735894,92.6705735894,259.96542184
1272,1,300,positive,0.184413733282,-0.187722356764,0.227904623222,184.413733282,-187.722356764,227.904623222,92.6427220905,92.6427220905,258.790623244
1273,0,300,positive,0.184427659032,-0.18774647687,0.229079421818,184.427659032,-187.74647687,229.079421818,92.6705735894,92.6705735894,259.96542184
1273,1,300,positive,0.184461186139,-0.187804547522,0.230003641433,184.461186139,-187.804547522,230.003641433,92.7376278032,92.7376278032,260.889641455
1274,0,300,positive,0.184472996276,-0.18782500328,0.230308495531,184.472996276,-187.82500328,230.308495531,92.7612480782,92.7612480782,261.194495553
1274,1,300,positive,0.184461186139,-0.187804547522,0.230003641433,184.461186139,-187.804547522,230.003641433,92.7376278032,92.7376278032,260.889641455
1275,0,300,positive,0.184538906104,-0.18793916245,0.231400001197,184.538906104,-187.93916245,231.400001197,92.8930677327,92.8930677327,262.286001219
1275,1,300,positive,0.184496127648,-0.187865067992,0.230976213783,184.496127648,-187.865067992,230.976213783,92.8075108218,92.8075108218,261.862213805
1276,0,300,positive,0.184472996276,-0.18782500328,0.230308495531,184.472996276,-187.82500328,230.308495531,92.7612480782,92.7612480782,261.194495553
1276,1,300,positive,0.184483337815,-0.187842915351,0.230731731782,184.483337815,-187.842915351,230.731731782,92.7819311556,92.7819311556,261.617731804
1277,0,300,positive,0.184483337815,-0.187842915351,0.230731731782,184.483337815,-187.842915351,230.731731782,92.7819311556,92.7819311556,261.617731804
1277,1,300,positive,0.184496127648,-0.187865067992,0.230976213783,184.496127648,-187.865067992,230.976213783,92.8075108218,92.8075108218,261.862213805
1278,0,300,positive,0.184749053453,-0.188303148336,0.232620876285,184.749053453,-188.303148336,232.620876285,93.313362431,93.313362431,263.506876307
1278,1,300,positive,0.184621381688,-0.188082014353,0.231940840408,184.621381688,-188.082014353,231.940840408,93.0580189017,93.0580189017,262.826840431
1279,0,300,positive,0.184538906104,-0.18793916245,0.231400001197,184.538906104,-187.93916245,231.400001197,92.8930677327,92.8930677327,262.286001219
1279,1,300,positive,0.184621381688,-0.188082014353,0.231940840408,184.621381688,-188.082014353,231.940840408,93.0580189017,93.0580189017,262.826840431
1280,0,300,positive,0.184937042407,-0.188628754756,0.233564146682,184.937042407,-188.628754756,233.564146682,93.6893403394,93.6893403394,264.450146705
1280,1,300,positive,0.184749053453,-0.188303148336,0.232620876285,184.749053453,-188.303148336,232.620876285,93.313362431,93.313362431,263.506876307
1281,0,300,positive,0.184937042407,-0.188628754756,0.233564146682,184.937042407,-188.628754756,233.564146682,93.6893403394,93.6893403394,264.450146705
1281,1,300,positive,0.185009768596,-0.18875472021,0.233881916093,185.009768596,-188.75472021,233.881916093,93.8347927175,93.8347927175,264.767916115
1282,0,300,positive,0.193398488045,-0.203284408506,0.234571646082,193.398488045,-203.284408506,234.571646082,110.612231615,110.612231615,265.457646104
1282,1,300,positive,0.193620881887,-0.203669605941,0.234759218008,193.620881887,-203.669605941,234.759218008,111.0570193,111.0570193,265.645218031
1283,0,300,positive,0.189374045792,-0.196313870053,0.239418339576,189.374045792,-196.313870053,239.418339576,102.56334711,102.56334711,270.304339598
1283,1,300,positive,0.189258861812,-0.196114365546,0.239381893185,189.258861812,-196.114365546,239.381893185,102.332979149,102.332979149,270.267893207
1284,0,300,positive,0.189258861812,-0.196114365546,0.239381893185,189.258861812,-196.114365546,239.381893185,102.332979149,102.332979149,270.267893207
1284,1,300,positive,0.189188719831,-0.195992876072,0.239349656154,189.188719831,-195.992876072,239.349656154,102.192695188,102.192695188,270.235656176
1285,0,300,positive,0.192471784683,-0.201679311201,0.233960734703,192.471784683,-201.679311201,233.960734703,108.758824892,108.758824892,264.846734726
1285,1,300,positive,0.192647195171,-0.201983131077,0.234072654601,192.647195171,-201.983131077,234.072654601,109.109645868,109.109645868,264.958654624
1286,0,300,positive,0.193398488045,-0.203284408506,0.234571646082,193.398488045,-203.284408506,234.571646082,110.612231615,110.612231615,265.457646104
1286,1,300,positive,0.192647195171,-0.201983131077,0.234072654601,192.647195171,-201.983131077,234.072654601,109.109645868,109.109645868,264.958654624
1287,0,300,positive,0.194419361168,-0.205052612623,0.235397691362,194.419361168,-205.052612623,235.397691362,112.653977861,112.653977861,266.283691385
1287,1,300,positive,0.193620881887,-0.203669605941,0.234759218008,193.620881887,-203.669605941,234.759218008,111.0570193,111.0570193,265.645218031
1288,0,300,positive,0.193038981898,-0.202661725594,0.240555005424,193.038981898,-202.661725594,240.555005424,109.893219321,109.893219321,271.441005446
1288,1,300,positive,0.193670587537,-0.203755698651,0.240693360287,193.670587537,-203.755698651,240.693360287,111.1564306,111.1564306,271.57936031
1289,0,300,positive,0.193038981898,-0.202661725594,0.240555005424,193.038981898,-202.661725594,240.555005424,109.893219321,109.893219321,271.441005446
1289,1,300,positive,0.192942405008,-0.202494449514,0.240538210359,192.942405008,-202.494449514,240.538210359,109.700065542,109.700065542,271.424210381
1290,0,300,positive,0.194171272449,-0.204622910357,0.240767810706,194.171272449,-204.622910357,240.767810706,112.157800423,112.157800423,271.653810729
1290,1,300,positive,0.194273120672,-0.204799316654,0.240779286954,194.273120672,-204.799316654,240.779286954,112.36149687,112.36149687,271.665286976
1291,0,300,positive,0.192942405008,-0.202494449514,0.240538210359,192.942405008,-202.494449514,240.538210359,109.700065542,109.700065542,271.424210381
1291,1,300,positive,0.192835281312,-0.202308905829,0.240503056949,192.835281312,-202.308905829,240.503056949,109.485818149,109.485818149,271.389056971
1292,0,300,positive,0.192459578079,-0.201658168741,0.240406432949,192.459578079,-201.658168741,240.406432949,108.734411683,108.734411683,271.292432972
1292,1,300,positive,0.192835281312,-0.202308905829,0.240503056949,192.835281312,-202.308905829,240.503056949,109.485818149,109.485818149,271.389056971
1293,0,300,positive,0.192459578079,-0.201658168741,0.240406432949,192.459578079,-201.658168741,240.406432949,108.734411683,108.734411683,271.292432972
1293,1,300,positive,0.192113498356,-0.201058741077,0.24034516459,192.113498356,-201.058741077,240.34516459,108.042252237,108.042252237,271.231164612
1294,0,300,positive,0.192067839094,-0.200979656916,0.240332532594,192.067839094,-200.979656916,240.332532594,107.950933713,107.950933713,271.218532616
1294,1,300,positive,0.191662319153,-0.200277275775,0.240193977537,191.662319153,-200.277275775,240.193977537,107.139893831,107.139893831,271.07997756
1295,0,300,positive,0.191662319153,-0.200277275775,0.240193977537,191.662319153,-200.277275775,240.193977537,107.139893831,107.139893831,271.07997756
1295,1,300,positive,0.191150574322,-0.199390907726,0.24006929381,191.150574322,-199.390907726,240.06929381,106.116404169,106.116404169,270.955293833
1296,0,300,positive,0.192087076654,-0.201012977347,0.240339615673,192.087076654,-201.012977347,240.339615673,107.989408833,107.989408833,271.225615695
1296,1,300,positive,0.192113498356,-0.201058741077,0.24034516459,192.113498356,-201.058741077,240.34516459,108.042252237,108.042252237,271.231164612
1297,0,300,positive,0.192067839094,-0.200979656916,0.240332532594,192.067839094,-200.979656916,240.332532594,107.950933713,107.950933713,271.218532616
1297,1,300,positive,0.192087076654,-0.201012977347,0.240339615673,192.087076654,-201.012977347,240.339615673,107.989408833,107.989408833,271.225615695
1298,0,300,positive,0.190828727779,-0.198833453162,0.239952050117,190.828727779,-198.833453162,239.952050117,105.472711083,105.472711083,270.838050139
1298,1,300,positive,0.191150574322,-0.199390907726,0.24006929381,191.150574322,-199.390907726,240.06929381,106.116404169,106.116404169,270.955293833
1299,0,300,positive,0.190828727779,-0.198833453162,0.239952050117,190.828727779,-198.833453162,239.952050117,105.472711083,105.472711083,270.838050139
1299,1,300,positive,0.190621983693,-0.198475361901,0.239869870141,190.621983693,-198.475361901,239.869870141,105.059222911,105.059222911,270.755870163
1300,0,300,positive,0.190523307431,-0.198304449602,0.239842050715,190.523307431,-198.304449602,239.842050715,104.861870388,104.861870388,270.728050738
1300,1,300,positive,0.190621983693,-0.198475361901,0.239869870141,190.621983693,-198.475361901,239.869870141,105.059222911,105.059222911,270.755870163
1301,0,300,positive,0.189374045792,-0.196313870053,0.239418339576,189.374045792,-196.313870053,239.418339576,102.56334711,102.56334711,270.304339598
1301,1,300,positive,0.190523307431,-0.198304449602,0.239842050715,190.523307431,-198.304449602,239.842050715,104.861870388,104.861870388,270.728050738
1302,0,300,positive,0.187584876751,-0.19321493837,0.238446435789,187.584876751,-193.21493837,238.446435789,98.9850090275,98.9850090275,269.332435811
1302,1,300,positive,0.187944201489,-0.193837307073,0.238702254036,187.944201489,-193.837307073,238.702254036,99.7036585043,99.7036585043,269.588254059
1303,0,300,positive,0.187401644795,-0.192897571312,0.238327853866,187.401644795,-192.897571312,238.327853866,98.6185451147,98.6185451147,269.213853888
1303,1,300,positive,0.187584876751,-0.19321493837,0.238446435789,187.584876751,-193.21493837,238.446435789,98.9850090275,98.9850090275,269.332435811
1304,0,300,positive,0.187401644795,-0.192897571312,0.238327853866,187.401644795,-192.897571312,238.327853866,98.6185451147,98.6185451147,269.213853888
1304,1,300,positive,0.186909762217,-0.192045605696,0.237923026992,186.909762217,-192.045605696,237.923026992,97.6347799597,97.6347799597,268.809027015
1305,0,300,positive,0.186848872308,-0.191940141279,0.237869206504,186.848872308,-191.940141279,237.869206504,97.5130001408,97.5130001408,268.755206527
1305,1,300,positive,0.186909762217,-0.192045605696,0.237923026992,186.909762217,-192.045605696,237.923026992,97.6347799597,97.6347799597,268.809027015
1306,0,300,positive,0.189188719831,-0.195992876072,0.239349656154,189.188719831,-195.992876072,239.349656154,102.192695188,102.192695188,270.235656176
1306,1,300,positive,0.189077801506,-0.195800759898,0.23930481592,189.077801506,-195.800759898,239.30481592,101.970858538,101.970858538,270.190815942
1307,0,300,positive,0.188210946172,-0.194299322417,0.238875369693,188.210946172,-194.299322417,238.875369693,100.23714787,100.23714787,269.761369716
1307,1,300,positive,0.187944201489,-0.193837307073,0.238702254036,187.944201489,-193.837307073,238.702254036,99.7036585043,99.7036585043,269.588254059
1308,0,300,positive,0.18848844051,-0.194779956708,0.239032166598,188.48844051,-194.779956708,239.032166598,100.792136545,100.792136545,269.91816662
1308,1,300,positive,0.188210946172,-0.194299322417,0.238875369693,188.210946172,-194.299322417,238.875369693,100.23714787,100.23714787,269.761369716
1309,0,300,positive,0.18577189856,-0.190074768029,0.236312307469,185.77189856,-190.074768029,236.312307469,95.3590526449,95.3590526449,267.198307491
1309,1,300,positive,0.185521703992,-0.189641418326,0.23574244176,185.521703992,-189.641418326,235.74244176,94.8586635089,94.8586635089,266.628441782
1310,0,300,positive,0.186301428887,-0.19099194146,0.237129452767,186.301428887,-190.99194146,237.129452767,96.4181132986,96.4181132986,268.01545279
1310,1,300,positive,0.186124100775,-0.19068480016,0.236847280834,186.124100775,-190.68480016,236.847280834,96.0634570752,96.0634570752,267.733280856
1311,0,300,positive,0.186301428887,-0.19099194146,0.237129452767,186.301428887,-190.99194146,237.129452767,96.4181132986,96.4181132986,268.01545279
1311,1,300,positive,0.186579529462,-0.191473625786,0.237486888946,186.579529462,-191.473625786,237.486888946,96.9743144496,96.9743144496,268.372888969
1312,0,300,positive,0.186848872308,-0.191940141279,0.237869206504,186.848872308,-191.940141279,237.869206504,97.5130001408,97.5130001408,268.755206527
1312,1,300,positive,0.186579529462,-0.191473625786,0.237486888946,186.579529462,-191.473625786,237.486888946,96.9743144496,96.9743144496,268.372888969
1313,0,300,positive,0.185916127251,-0.190324579451,0.236545214681,185.916127251,-190.324579451,236.545214681,95.6475100286,95.6475100286,267.431214703
1313,1,300,positive,0.18577189856,-0.190074768029,0.236312307469,185.77189856,-190.074768029,236.312307469,95.3590526449,95.3590526449,267.198307491
1314,0,300,positive,0.185916127251,-0.190324579451,0.236545214681,185.916127251,-190.324579451,236.545214681,95.6475100286,95.6475100286,267.431214703
1314,1,300,positive,0.186124100775,-0.19068480016,0.236847280834,186.124100775,-190.68480016,236.847280834,96.0634570752,96.0634570752,267.733280856
1315,0,300,positive,0.185213365571,-0.189107360515,0.235023512267,185.213365571,-189.107360515,235.023512267,94.2419866674,94.2419866674,265.90951229
1315,1,300,positive,0.185203475811,-0.189090230949,0.234978986326,185.203475811,-189.090230949,234.978986326,94.2222071485,94.2222071485,265.864986348
1316,0,300,positive,0.185203475811,-0.189090230949,0.234978986326,185.203475811,-189.090230949,234.978986326,94.2222071485,94.2222071485,265.864986348
1316,1,300,positive,0.185139404058,-0.188979255416,0.234625122446,185.139404058,-188.979255416,234.625122446,94.0940636408,94.0940636408,265.511122469
1317,0,300,positive,0.185223607165,-0.189125099476,0.235049267494,185.223607165,-189.125099476,235.049267494,94.2624698556,94.2624698556,265.935267517
1317,1,300,positive,0.185213365571,-0.189107360515,0.235023512267,185.213365571,-189.107360515,235.023512267,94.2419866674,94.2419866674,265.90951229
1318,0,300,positive,0.185223607165,-0.189125099476,0.235049267494,185.223607165,-189.125099476,235.049267494,94.2624698556,94.2624698556,265.935267517
1318,1,300,positive,0.185311101317,-0.189276643793,0.235400806287,185.311101317,-189.276643793,235.400806287,94.4374581599,94.4374581599,266.28680631
1319,0,300,positive,0.185368668196,-0.189376352552,0.235493337047,185.368668196,-189.376352552,235.493337047,94.5525919173,94.5525919173,266.37933707
1319,1,300,positive,0.185311101317,-0.189276643793,0.235400806287,185.311101317,-189.276643793,235.400806287,94.4374581599,94.4374581599,266.28680631
1320,0,300,positive,0.185009768596,-0.18875472021,0.233881916093,185.009768596,-188.75472021,233.881916093,93.8347927175,93.8347927175,264.767916115
1320,1,300,positive,0.185139404058,-0.188979255416,0.234625122446,185.139404058,-188.979255416,234.625122446,94.0940636408,94.0940636408,265.511122469
1321,0,300,positive,0.185368668196,-0.189376352552,0.235493337047,185.368668196,-189.376352552,235.493337047,94.5525919173,94.5525919173,266.37933707
1321,1,300,positive,0.185468683316,-0.189549583822,0.235631990056,185.468683316,-189.549583822,235.631990056,94.7526221583,94.7526221583,266.517990078
1322,0,300,positive,0.185468683316,-0.189549583822,0.235631990056,185.468683316,-189.549583822,235.631990056,94.7526221583,94.7526221583,266.517990078
1322,1,300,positive,0.185521703992,-0.189641418326,0.23574244176,185.521703992,-189.641418326,235.74244176,94.8586635089,94.8586635089,266.628441782
1323,0,300,positive,0.18848844051,-0.194779956708,0.239032166598,188.48844051,-194.779956708,239.032166598,100.792136545,100.792136545,269.91816662
1323,1,300,positive,0.189077801506,-0.195800759898,0.23930481592,189.077801506,-195.800759898,239.30481592,101.970858538,101.970858538,270.190815942
1324,0,300,positive,0.144187667628,-0.118048767261,-0.0305251889048,144.187667628,-118.048767261,-30.5251889048,12.1905907809,12.1905907809,0.3608111175
1324,1,300,positive,0.144791776531,-0.119095114575,-0.0304649953993,144.791776531,-119.095114575,-30.4649953993,13.3988085871,13.3988085871,0.421004622996
1325,0,300,positive,0.144187667628,-0.118048767261,-0.0305251889048,144.187667628,-118.048767261,-30.5251889048,12.1905907809,12.1905907809,0.3608111175
1325,1,300,positive,0.143811051136,-0.117396448364,-0.0305627354844,143.811051136,-117.396448364,-30.5627354844,11.4373577984,11.4373577984,0.323264537901
1326,0,300,positive,0.143784172199,-0.117349892678,-0.0305624117285,143.784172199,-117.349892678,-30.5624117285,11.3835999229,11.3835999229,0.323588293762
1326,1,300,positive,0.143768760334,-0.117323198545,-0.0305597351915,143.768760334,-117.323198545,-30.5597351915,11.3527761937,11.3527761937,0.326264830745
1327,0,300,positive,0.143811051136,-0.117396448364,-0.0305627354844,143.811051136,-117.396448364,-30.5627354844,11.4373577984,11.4373577984,0.323264537901
1327,1,300,positive,0.14379965163,-0.117376703839,-0.0305630113556,143.79965163,-117.376703839,-30.5630113556,11.4145587852,11.4145587852,0.322988666676
1328,0,300,positive,0.14379965163,-0.117376703839,-0.0305630113556,143.79965163,-117.376703839,-30.5630113556,11.4145587852,11.4145587852,0.322988666676
1328,1,300,positive,0.143784172199,-0.117349892678,-0.0305624117285,143.784172199,-117.349892678,-30.5624117285,11.3835999229,11.3835999229,0.323588293762
1329,0,300,positive,0.142776018455,-0.115603719172,-0.0304252592232,142.776018455,-115.603719172,-30.4252592232,9.36729243629,9.36729243629,0.460740799082
1329,1,300,positive,0.143768760334,-0.117323198545,-0.0305597351915,143.768760334,-117.323198545,-30.5597351915,11.3527761937,11.3527761937,0.326264830745
1330,0,300,positive,0.142245232791,-0.114684371433,-0.0303204374541,142.245232791,-114.684371433,-30.3204374541,8.30572110669,8.30572110669,0.565562568152
1330,1,300,positive,0.142590407035,-0.115282230762,-0.0303973137463,142.590407035,-115.282230762,-30.3973137463,8.99606959511,8.99606959511,0.488686275977
1331,0,300,positive,0.141572620232,-0.113519372309,-0.0302847181059,141.572620232,-113.519372309,-30.2847181059,6.96049599053,6.96049599053,0.601281916431
1331,1,300,positive,0.141783299264,-0.113884279096,-0.03028570412,141.783299264,-113.884279096,-30.28570412,7.38185405431,7.38185405431,0.600295902291
1332,0,300,positive,0.142245232791,-0.114684371433,-0.0303204374541,142.245232791,-114.684371433,-30.3204374541,8.30572110669,8.30572110669,0.565562568152
1332,1,300,positive,0.141783299264,-0.113884279096,-0.03028570412,141.783299264,-113.884279096,-30.28570412,7.38185405431,7.38185405431,0.600295902291
1333,0,300,positive,0.142776018455,-0.115603719172,-0.0304252592232,142.776018455,-115.603719172,-30.4252592232,9.36729243629,9.36729243629,0.460740799082
1333,1,300,positive,0.142590407035,-0.115282230762,-0.0303973137463,142.590407035,-115.282230762,-30.3973137463,8.99606959511,8.99606959511,0.488686275977
1334,0,300,positive,0.144618216586,-0.118794499932,-0.0252049526807,144.618216586,-118.794499932,-25.2049526807,13.0516886972,13.0516886972,5.68104734161
1334,1,300,positive,0.144355450879,-0.118339376378,-0.0252001322944,144.355450879,-118.339376378,-25.2001322944,12.5261572838,12.5261572838,5.68586772788
1335,0,300,positive,0.14422234025,-0.118108822004,-0.0252199087573,144.22234025,-118.108822004,-25.2199087573,12.2599360246,12.2599360246,5.66609126503
1335,1,300,positive,0.144355450879,-0.118339376378,-0.0252001322944,144.355450879,-118.339376378,-25.2001322944,12.5261572838,12.5261572838,5.68586772788
1336,0,300,positive,0.14422234025,-0.118108822004,-0.0252199087573,144.22234025,-118.108822004,-25.2199087573,12.2599360246,12.2599360246,5.66609126503
1336,1,300,positive,0.144191550003,-0.118055491733,-0.0252237396525,144.191550003,-118.055491733,-25.2237396525,12.1983555315,12.1983555315,5.66226036978
1337,0,300,positive,0.143984644101,-0.117697120199,-0.0252150870241,143.984644101,-117.697120199,-25.2150870241,11.7845437284,11.7845437284,5.67091299817
1337,1,300,positive,0.144191550003,-0.118055491733,-0.0252237396525,144.191550003,-118.055491733,-25.2237396525,12.1983555315,12.1983555315,5.66226036978
1338,0,300,positive,0.14380770613,-0.117390654643,-0.0252709797185,143.80770613,-117.390654643,-25.2709797185,11.430667786,11.430667786,5.61502030379
1338,1,300,positive,0.143497394579,-0.11685317927,-0.0252449340959,143.497394579,-116.85317927,-25.2449340959,10.8100446831,10.8100446831,5.64106592644
1339,0,300,positive,0.143497394579,-0.11685317927,-0.0252449340959,143.497394579,-116.85317927,-25.2449340959,10.8100446831,10.8100446831,5.64106592644
1339,1,300,positive,0.143402955328,-0.11668960569,-0.0252682607466,143.402955328,-116.68960569,-25.2682607466,10.6211661822,10.6211661822,5.61773927568
1340,0,300,positive,0.144898589161,-0.119280119477,-0.0252484106991,144.898589161,-119.280119477,-25.2484106991,13.6124338477,13.6124338477,5.63758932322
1340,1,300,positive,0.144692745562,-0.118923587905,-0.025217129426,144.692745562,-118.923587905,-25.217129426,13.2007466494,13.2007466494,5.66887059627
1341,0,300,positive,0.144618216586,-0.118794499932,-0.0252049526807,144.618216586,-118.794499932,-25.2049526807,13.0516886972,13.0516886972,5.68104734161
1341,1,300,positive,0.144692745562,-0.118923587905,-0.025217129426,144.692745562,-118.923587905,-25.217129426,13.2007466494,13.2007466494,5.66887059627
1342,0,300,positive,0.143969594076,-0.117671052791,-0.0252779794839,143.969594076,-117.671052791,-25.2779794839,11.7544436785,11.7544436785,5.60802053834
1342,1,300,positive,0.143984644101,-0.117697120199,-0.0252150870241,143.984644101,-117.697120199,-25.2150870241,11.7845437284,11.7845437284,5.67091299817
1343,0,300,positive,0.14380770613,-0.117390654643,-0.0252709797185,143.80770613,-117.390654643,-25.2709797185,11.430667786,11.430667786,5.61502030379
1343,1,300,positive,0.143923700928,-0.117591563527,-0.0252778870295,143.923700928,-117.591563527,-25.2778870295,11.6626573823,11.6626573823,5.60811299277
1344,0,300,positive,0.143923700928,-0.117591563527,-0.0252778870295,143.923700928,-117.591563527,-25.2778870295,11.6626573823,11.6626573823,5.60811299277
1344,1,300,positive,0.143969594076,-0.117671052791,-0.0252779794839,143.969594076,-117.671052791,-25.2779794839,11.7544436785,11.7544436785,5.60802053834
1345,0,300,positive,0.143127014045,-0.116211661366,-0.0252817069044,143.127014045,-116.211661366,-25.2817069044,10.0692836147,10.0692836147,5.60429311788
1345,1,300,positive,0.143100465191,-0.116165677403,-0.0252762968366,143.100465191,-116.165677403,-25.2762968366,10.0161859079,10.0161859079,5.60970318568
1346,0,300,positive,0.143127014045,-0.116211661366,-0.0252817069044,143.127014045,-116.211661366,-25.2817069044,10.0692836147,10.0692836147,5.60429311788
1346,1,300,positive,0.143402955328,-0.11668960569,-0.0252682607466,143.402955328,-116.68960569,-25.2682607466,10.6211661822,10.6211661822,5.61773927568
1347,0,300,positive,0.174893235827,-0.171232371458,0.049604793997,174.893235827,-171.232371458,49.604793997,73.6017271793,73.6017271793,80.4907940193
1347,1,300,positive,0.174868221011,-0.171189044526,0.0492747187597,174.868221011,-171.189044526,49.2747187597,73.5516975484,73.5516975484,80.160718782
1348,0,300,positive,0.176387013908,-0.173819670989,0.0488325373724,176.387013908,-173.819670989,48.8325373724,76.5892833415,76.5892833415,79.7185373947
1348,1,300,positive,0.176569490623,-0.174135729931,0.0493860009456,176.569490623,-174.135729931,49.3860009456,76.9542367712,76.9542367712,80.2720009679
1349,0,300,positive,0.176590196252,-0.174171593133,0.0494727987187,176.590196252,-174.171593133,49.4727987187,76.9956480298,76.9956480298,80.3587987409
1349,1,300,positive,0.176825255098,-0.174578726996,0.050391556759,176.825255098,-174.578726996,50.391556759,77.4657657214,77.4657657214,81.2775567813
1350,0,300,positive,0.176590196252,-0.174171593133,0.0494727987187,176.590196252,-174.171593133,49.4727987187,76.9956480298,76.9956480298,80.3587987409
1350,1,300,positive,0.176569490623,-0.174135729931,0.0493860009456,176.569490623,-174.135729931,49.3860009456,76.9542367712,76.9542367712,80.2720009679
1351,0,300,positive,0.177073613532,-0.175008896422,0.0514175124894,177.073613532,-175.008896422,51.4175124894,77.9624825893,77.9624825893,82.3035125116
1351,1,300,positive,0.176825255098,-0.174578726996,0.050391556759,176.825255098,-174.578726996,50.391556759,77.4657657214,77.4657657214,81.2775567813
1352,0,300,positive,0.174893235827,-0.171232371458,0.049604793997,174.893235827,-171.232371458,49.604793997,73.6017271793,73.6017271793,80.4907940193
1352,1,300,positive,0.174909669261,-0.171260835,0.0499235171719,174.909669261,-171.260835,49.9235171719,73.6345940475,73.6345940475,80.8095171942
1353,0,300,positive,0.174909669261,-0.171260835,0.0499235171719,174.909669261,-171.260835,49.9235171719,73.6345940475,73.6345940475,80.8095171942
1353,1,300,positive,0.174921833465,-0.17128190402,0.0501282129586,174.921833465,-171.28190402,50.1282129586,73.6589224555,73.6589224555,81.0142129809
1354,0,300,positive,0.174921833465,-0.17128190402,0.0501282129586,174.921833465,-171.28190402,50.1282129586,73.6589224555,73.6589224555,81.0142129809
1354,1,300,positive,0.174938974519,-0.171311593197,0.0502684338571,174.938974519,-171.311593197,50.2684338571,73.6932045643,73.6932045643,81.1544338794
1355,0,300,positive,0.175037707191,-0.1714826032,0.0510108739445,175.037707191,-171.4826032,51.0108739445,73.8906699071,73.8906699071,81.8968739668
1355,1,300,positive,0.174965987862,-0.171358381679,0.0504162473303,174.965987862,-171.358381679,50.4162473303,73.7472312495,73.7472312495,81.3022473526
1356,0,300,positive,0.174938974519,-0.171311593197,0.0502684338571,174.938974519,-171.311593197,50.2684338571,73.6932045643,73.6932045643,81.1544338794
1356,1,300,positive,0.174965987862,-0.171358381679,0.0504162473303,174.965987862,-171.358381679,50.4162473303,73.7472312495,73.7472312495,81.3022473526
1357,0,300,positive,0.149218802521,-0.126762948516,-0.0304033188784,149.218802521,-126.762948516,-30.4033188784,22.252860567,22.252860567,0.482681143929
1357,1,300,positive,0.148830901559,-0.126091084342,-0.0303964770871,148.830901559,-126.091084342,-30.3964770871,21.4770586434,21.4770586434,0.489522935183
1358,0,300,positive,0.148629321921,-0.125741938167,-0.0303943340737,148.629321921,-125.741938167,-30.3943340737,21.0738993672,21.0738993672,0.491665948574
1358,1,300,positive,0.148830901559,-0.126091084342,-0.0303964770871,148.830901559,-126.091084342,-30.3964770871,21.4770586434,21.4770586434,0.489522935183
1359,0,300,positive,0.148629321921,-0.125741938167,-0.0303943340737,148.629321921,-125.741938167,-30.3943340737,21.0738993672,21.0738993672,0.491665948574
1359,1,300,positive,0.147953894176,-0.124572062996,-0.0303999930821,147.953894176,-124.572062996,-30.3999930821,19.7230438782,19.7230438782,0.486006940208
1360,0,300,positive,0.146395735079,-0.121873252274,-0.0303738708633,146.395735079,-121.873252274,-30.3738708633,16.6067256837,16.6067256837,0.51212915899
1360,1,300,positive,0.146508608731,-0.122068755174,-0.030381670512,146.508608731,-122.068755174,-30.381670512,16.8324729884,16.8324729884,0.504329510262
1361,0,300,positive,0.146083413491,-0.121332295415,-0.0303783387148,146.083413491,-121.332295415,-30.3783387148,15.9820825074,15.9820825074,0.507661307468
1361,1,300,positive,0.146395735079,-0.121873252274,-0.0303738708633,146.395735079,-121.873252274,-30.3738708633,16.6067256837,16.6067256837,0.51212915899
1362,0,300,positive,0.147597680022,-0.123955081983,-0.0303734452771,147.597680022,-123.955081983,-30.3734452771,19.0106155698,19.0106155698,0.512554745166
1362,1,300,positive,0.147953894176,-0.124572062996,-0.0303999930821,147.953894176,-124.572062996,-30.3999930821,19.7230438782,19.7230438782,0.486006940208
1363,0,300,positive,0.147597680022,-0.123955081983,-0.0303734452771,147.597680022,-123.955081983,-30.3734452771,19.0106155698,19.0106155698,0.512554745166
1363,1,300,positive,0.146687555626,-0.122378700288,-0.0303705039897,146.687555626,-122.378700288,-30.3705039897,17.1903667778,17.1903667778,0.515496032558
1364,0,300,positive,0.146508608731,-0.122068755174,-0.030381670512,146.508608731,-122.068755174,-30.381670512,16.8324729884,16.8324729884,0.504329510262
1364,1,300,positive,0.146687555626,-0.122378700288,-0.0303705039897,146.687555626,-122.378700288,-30.3705039897,17.1903667778,17.1903667778,0.515496032558
1365,0,300,positive,0.146083413491,-0.121332295415,-0.0303783387148,146.083413491,-121.332295415,-30.3783387148,15.9820825074,15.9820825074,0.507661307468
1365,1,300,positive,0.145895174484,-0.12100625589,-0.0303850910785,145.895174484,-121.00625589,-30.3850910785,15.605604493,15.605604493,0.500908943833
1366,0,300,positive,0.145895174484,-0.12100625589,-0.0303850910785,145.895174484,-121.00625589,-30.3850910785,15.605604493,15.605604493,0.500908943833
1366,1,300,positive,0.145757501205,-0.120767798776,-0.0303788057086,145.757501205,-120.767798776,-30.3788057086,15.3302579346,15.3302579346,0.507194313716
1367,0,300,positive,0.145590743253,-0.120478965532,-0.0252343731271,145.590743253,-120.478965532,-25.2343731271,14.9967420325,14.9967420325,5.65162689516
1367,1,300,positive,0.145791028204,-0.120825869243,-0.0252473875377,145.791028204,-120.825869243,-25.2473875377,15.3973119338,15.3973119338,5.63861248458
1368,0,300,positive,0.144819087022,-0.119142417733,-0.0304633161592,144.819087022,-119.142417733,-30.4633161592,13.4534295695,13.4534295695,0.422683863109
1368,1,300,positive,0.144866200976,-0.119224021495,-0.0304561159991,144.866200976,-119.224021495,-30.4561159991,13.5476574767,13.5476574767,0.429884023172
1369,0,300,positive,0.144791776531,-0.119095114575,-0.0304649953993,144.791776531,-119.095114575,-30.4649953993,13.3988085871,13.3988085871,0.421004622996
1369,1,300,positive,0.144819087022,-0.119142417733,-0.0304633161592,144.819087022,-119.142417733,-30.4633161592,13.4534295695,13.4534295695,0.422683863109
1370,0,300,positive,0.145488765751,-0.120302335316,-0.0303595807909,145.488765751,-120.302335316,-30.3595807909,14.7927870271,14.7927870271,0.526419231435
1370,1,300,positive,0.145757501205,-0.120767798776,-0.0303788057086,145.757501205,-120.767798776,-30.3788057086,15.3302579346,15.3302579346,0.507194313716
1371,0,300,positive,0.145488765751,-0.120302335316,-0.0303595807909,145.488765751,-120.302335316,-30.3595807909,14.7927870271,14.7927870271,0.526419231435
1371,1,300,positive,0.144866200976,-0.119224021495,-0.0304561159991,144.866200976,-119.224021495,-30.4561159991,13.5476574767,13.5476574767,0.429884023172
1372,0,300,positive,0.145406050243,-0.120159067854,-0.0252864700752,145.406050243,-120.159067854,-25.2864700752,14.6273560109,14.6273560109,5.59952994709
1372,1,300,positive,0.145275276157,-0.119932560493,-0.0253312848792,145.275276157,-119.932560493,-25.3312848792,14.3658078391,14.3658078391,5.55471514307
1373,0,300,positive,0.145406050243,-0.120159067854,-0.0252864700752,145.406050243,-120.159067854,-25.2864700752,14.6273560109,14.6273560109,5.59952994709
1373,1,300,positive,0.145535779078,-0.120383764788,-0.0252368960404,145.535779078,-120.383764788,-25.2368960404,14.8868136822,14.8868136822,5.6491039819
1374,0,300,positive,0.145572732207,-0.120447769484,-0.0252301730288,145.572732207,-120.447769484,-25.2301730288,14.9607199386,14.9607199386,5.65582699354
1374,1,300,positive,0.145590743253,-0.120478965532,-0.0252343731271,145.590743253,-120.478965532,-25.2343731271,14.9967420325,14.9967420325,5.65162689516
1375,0,300,positive,0.145535779078,-0.120383764788,-0.0252368960404,145.535779078,-120.383764788,-25.2368960404,14.8868136822,14.8868136822,5.6491039819
1375,1,300,positive,0.145572732207,-0.120447769484,-0.0252301730288,145.572732207,-120.447769484,-25.2301730288,14.9607199386,14.9607199386,5.65582699354
1376,0,300,positive,0.145275276157,-0.119932560493,-0.0253312848792,145.275276157,-119.932560493,-25.3312848792,14.3658078391,14.3658078391,5.55471514307
1376,1,300,positive,0.145169133394,-0.119748715835,-0.0253237021459,145.169133394,-119.748715835,-25.3237021459,14.1535223139,14.1535223139,5.56229787636
1377,0,300,positive,0.144898589161,-0.119280119477,-0.0252484106991,144.898589161,-119.280119477,-25.2484106991,13.6124338477,13.6124338477,5.63758932322
1377,1,300,positive,0.145169133394,-0.119748715835,-0.0253237021459,145.169133394,-119.748715835,-25.3237021459,14.1535223139,14.1535223139,5.56229787636
1378,0,300,positive,0.175037707191,-0.1714826032,0.0510108739445,175.037707191,-171.4826032,51.0108739445,73.8906699071,73.8906699071,81.8968739668
1378,1,300,positive,0.175061199255,-0.171523292648,0.051093498447,175.061199255,-171.523292648,51.093498447,73.9376540348,73.9376540348,81.9794984693
1379,0,300,positive,0.175084959578,-0.171564446736,0.0514574591421,175.084959578,-171.564446736,51.4574591421,73.9851746821,73.9851746821,82.3434591644
1379,1,300,positive,0.175061199255,-0.171523292648,0.051093498447,175.061199255,-171.523292648,51.093498447,73.9376540348,73.9376540348,81.9794984693
1380,0,300,positive,0.175084959578,-0.171564446736,0.0514574591421,175.084959578,-171.564446736,51.4574591421,73.9851746821,73.9851746821,82.3434591644
1380,1,300,positive,0.175128795266,-0.171640372375,0.0516933000964,175.128795266,-171.640372375,51.6933000964,74.0728460584,74.0728460584,82.5793001187
1381,0,300,positive,0.177073613532,-0.175008896422,0.0514175124894,177.073613532,-175.008896422,51.4175124894,77.9624825893,77.9624825893,82.3035125116
1381,1,300,positive,0.177212768475,-0.175249919853,0.0520340187834,177.212768475,-175.249919853,52.0340187834,78.2407924746,78.2407924746,82.9200188057
1382,0,300,positive,0.177429057527,-0.175624543481,0.0528891026668,177.429057527,-175.624543481,52.8891026668,78.6733705793,78.6733705793,83.7751026891
1382,1,300,positive,0.177212768475,-0.175249919853,0.0520340187834,177.212768475,-175.249919853,52.0340187834,78.2407924746,78.2407924746,82.9200188057
1383,0,300,positive,0.177429057527,-0.175624543481,0.0528891026668,177.429057527,-175.624543481,52.8891026668,78.6733705793,78.6733705793,83.7751026891
1383,1,300,positive,0.177620060887,-0.175955371005,0.0536648666072,177.620060887,-175.955371005,53.6648666072,79.0553772994,79.0553772994,84.5508666295
1384,0,300,positive,0.177709600526,-0.176110458209,0.054021161008,177.709600526,-176.110458209,54.021161008,79.2344565776,79.2344565776,84.9071610303
1384,1,300,positive,0.177620060887,-0.175955371005,0.0536648666072,177.620060887,-175.955371005,53.6648666072,79.0553772994,79.0553772994,84.5508666295
1385,0,300,positive,0.177800689973,-0.176268229759,0.0543611638805,177.800689973,-176.268229759,54.3611638805,79.4166354706,79.4166354706,85.2471639028
1385,1,300,positive,0.177709600526,-0.176110458209,0.054021161008,177.709600526,-176.110458209,54.021161008,79.2344565776,79.2344565776,84.9071610303
1386,0,300,positive,0.175220314668,-0.171798888628,0.0520356581992,175.220314668,-171.798888628,52.0356581992,74.2558848609,74.2558848609,82.9216582215
1386,1,300,positive,0.175128795266,-0.171640372375,0.0516933000964,175.128795266,-171.640372375,51.6933000964,74.0728460584,74.0728460584,82.5793001187
1387,0,300,positive,0.175220314668,-0.171798888628,0.0520356581992,175.220314668,-171.798888628,52.0356581992,74.2558848609,74.2558848609,82.9216582215
1387,1,300,positive,0.175259446346,-0.171866666683,0.0523462772859,175.259446346,-171.866666683,52.3462772859,74.3341482177,74.3341482177,83.2322773082
1388,0,300,positive,0.188684713171,-0.195119910929,0.120111010843,188.684713171,-195.119910929,120.111010843,101.184681868,101.184681868,150.997010865
1388,1,300,positive,0.188731732093,-0.195201350091,0.120488544862,188.731732093,-195.201350091,120.488544862,101.278719711,101.278719711,151.374544885
1389,0,300,positive,0.188889649572,-0.195474871188,0.121683589478,188.889649572,-195.474871188,121.683589478,101.594554669,101.594554669,152.5695895
1389,1,300,positive,0.188731732093,-0.195201350091,0.120488544862,188.731732093,-195.201350091,120.488544862,101.278719711,101.278719711,151.374544885
1390,0,300,positive,0.188889649572,-0.195474871188,0.121683589478,188.889649572,-195.474871188,121.683589478,101.594554669,101.594554669,152.5695895
1390,1,300,positive,0.188952802804,-0.195584255795,0.122232129568,188.952802804,-195.584255795,122.232129568,101.720861134,101.720861134,153.11812959
1391,0,300,positive,0.189020044666,-0.195700722115,0.122794496121,189.020044666,-195.700722115,122.794496121,101.855344857,101.855344857,153.680496144
1391,1,300,positive,0.188952802804,-0.195584255795,0.122232129568,188.952802804,-195.584255795,122.232129568,101.720861134,101.720861134,153.11812959
1392,0,300,positive,0.186481016216,-0.191302995839,0.121230504832,186.481016216,-191.302995839,121.230504832,96.7772879584,96.7772879584,152.116504854
1392,1,300,positive,0.186368846833,-0.191108712768,0.120500899083,186.368846833,-191.108712768,120.500899083,96.5529491915,96.5529491915,151.386899105
1393,0,300,positive,0.18634343479,-0.191064697818,0.120294530747,186.34343479,-191.064697818,120.294530747,96.5021251051,96.5021251051,151.180530769
1393,1,300,positive,0.186368846833,-0.191108712768,0.120500899083,186.368846833,-191.108712768,120.500899083,96.5529491915,96.5529491915,151.386899105
1394,0,300,positive,0.186744310253,-0.191759034487,0.122648725466,186.744310253,-191.759034487,122.648725466,97.3038760306,97.3038760306,153.534725488
1394,1,300,positive,0.186526934068,-0.191382527891,0.121553799255,186.526934068,-191.382527891,121.553799255,96.8691236613,96.8691236613,152.439799277
1395,0,300,positive,0.186481016216,-0.191302995839,0.121230504832,186.481016216,-191.302995839,121.230504832,96.7772879584,96.7772879584,152.116504854
1395,1,300,positive,0.186526934068,-0.191382527891,0.121553799255,186.526934068,-191.382527891,121.553799255,96.8691236613,96.8691236613,152.439799277
1396,0,300,positive,0.189196237861,-0.196005897681,0.12401439215,189.196237861,-196.005897681,124.01439215,102.207731247,102.207731247,154.900392173
1396,1,300,positive,0.189377043836,-0.196319062817,0.12541653869,189.377043836,-196.319062817,125.41653869,102.569343198,102.569343198,156.302538712
1397,0,300,positive,0.189196237861,-0.196005897681,0.12401439215,189.196237861,-196.005897681,124.01439215,102.207731247,102.207731247,154.900392173
1397,1,300,positive,0.189158099249,-0.195939839667,0.123745983099,189.158099249,-195.939839667,123.745983099,102.131454023,102.131454023,154.631983122
1398,0,300,positive,0.186900173778,-0.192028998033,0.12426310972,186.900173778,-192.028998033,124.26310972,97.615603082,97.615603082,155.149109742
1398,1,300,positive,0.186881789896,-0.191997156215,0.123956802991,186.881789896,-191.997156215,123.956802991,97.5788353185,97.5788353185,154.842803014
1399,0,300,positive,0.189020044666,-0.195700722115,0.122794496121,189.020044666,-195.700722115,122.794496121,101.855344857,101.855344857,153.680496144
1399,1,300,positive,0.189118432587,-0.195871134994,0.123441712577,189.118432587,-195.871134994,123.441712577,102.0521207,102.0521207,154.3277126
1400,0,300,positive,0.189158099249,-0.195939839667,0.123745983099,189.158099249,-195.939839667,123.745983099,102.131454023,102.131454023,154.631983122
1400,1,300,positive,0.189118432587,-0.195871134994,0.123441712577,189.118432587,-195.871134994,123.441712577,102.0521207,102.0521207,154.3277126
1401,0,300,positive,0.186816888184,-0.191884743151,0.123122299628,186.816888184,-191.884743151,123.122299628,97.4490318928,97.4490318928,154.00829965
1401,1,300,positive,0.186815294903,-0.191881983508,0.123315265739,186.815294903,-191.881983508,123.315265739,97.4458453316,97.4458453316,154.201265762
1402,0,300,positive,0.186815294903,-0.191881983508,0.123315265739,186.815294903,-191.881983508,123.315265739,97.4458453316,97.4458453316,154.201265762
1402,1,300,positive,0.186881789896,-0.191997156215,0.123956802991,186.881789896,-191.997156215,123.956802991,97.5788353185,97.5788353185,154.842803014
1403,0,300,positive,0.187045260827,-0.192280296173,0.124901524181,187.045260827,-192.280296173,124.901524181,97.9057771803,97.9057771803,155.787524203
1403,1,300,positive,0.18697078138,-0.192151293987,0.124604984977,186.97078138,-192.151293987,124.604984977,97.7568182857,97.7568182857,155.490984999
1404,0,300,positive,0.186900173778,-0.192028998033,0.12426310972,186.900173778,-192.028998033,124.26310972,97.615603082,97.615603082,155.149109742
1404,1,300,positive,0.18697078138,-0.192151293987,0.124604984977,186.97078138,-192.151293987,124.604984977,97.7568182857,97.7568182857,155.490984999
1405,0,300,positive,0.186744310253,-0.191759034487,0.122648725466,186.744310253,-191.759034487,122.648725466,97.3038760306,97.3038760306,153.534725488
1405,1,300,positive,0.186816888184,-0.191884743151,0.123122299628,186.816888184,-191.884743151,123.122299628,97.4490318928,97.4490318928,154.00829965
