segment_id,endpoint,angle_deg,side,x_input,y_input,z_input,x_mm,y_mm,z_mm,signed_r_mm,radial_r_mm,z_from_bottom_mm
0,0,150,positive,0.094791248189,-0.0824914903325,-0.00814288269538,94.791248189,-82.4914903325,-8.14288269538,49.9998312509,49.9998312509,22.7431173269
0,1,150,positive,0.094952516408,-0.0825845985822,-0.00857269281416,94.952516408,-82.5845985822,-8.57269281416,49.8136147515,49.8136147515,22.3133072081
1,0,150,positive,0.094411925325,-0.0822724881749,-0.00721319410287,94.411925325,-82.2724881749,-7.21319410287,50.4378355662,50.4378355662,23.6728059194
1,1,150,positive,0.0945304926182,-0.0823409430335,-0.0074552661777,94.5304926182,-82.3409430335,-7.4552661777,50.3009258489,50.3009258489,23.4307338446
2,0,150,positive,0.0942936866853,-0.0822042230644,-0.00706132249417,94.2936866853,-82.2042230644,-7.06132249417,50.5743657871,50.5743657871,23.8246775281
2,1,150,positive,0.094411925325,-0.0822724881749,-0.00721319410287,94.411925325,-82.2724881749,-7.21319410287,50.4378355662,50.4378355662,23.6728059194
3,0,150,positive,0.0946988477508,-0.0824381429147,-0.00776755312206,94.6988477508,-82.4381429147,-7.76755312206,50.1065260866,50.1065260866,23.1184469002
3,1,150,positive,0.094791248189,-0.0824914903325,-0.00814288269538,94.791248189,-82.4914903325,-8.14288269538,49.9998312509,49.9998312509,22.7431173269
4,0,150,positive,0.0962826289164,-0.083352539397,-0.00227939886843,96.2826289164,-83.352539397,-2.27939886843,48.277733122,48.277733122,28.6066011539
4,1,150,positive,0.0961553725153,-0.0832790678796,-0.00204093926609,96.1553725153,-83.2790678796,-2.04093926609,48.4246761569,48.4246761569,28.8450607562
5,0,150,positive,0.0955402187161,-0.082923908668,-0.000856786718675,95.5402187161,-82.923908668,-0.856786718675,49.13499458,49.13499458,30.0292133036
5,1,150,positive,0.0951128713759,-0.0826771795661,-0.000112115614926,95.1128713759,-82.6771795661,-0.112115614926,49.6284527838,49.6284527838,30.7738844074
6,0,150,positive,0.0951128713759,-0.0826771795661,-0.000112115614926,95.1128713759,-82.6771795661,-0.112115614926,49.6284527838,49.6284527838,30.7738844074
6,1,150,positive,0.0950747793805,-0.0826551871422,-4.65320558344e-05,95.0747793805,-82.6551871422,-0.0465320558344,49.6724376315,49.6724376315,30.8394679665
7,0,150,positive,0.0950747793805,-0.0826551871422,-4.65320558344e-05,95.0747793805,-82.6551871422,-0.0465320558344,49.6724376315,49.6724376315,30.8394679665
7,1,150,positive,0.0950378812084,-0.0826338839727,2.56129677222e-05,95.0378812084,-82.6338839727,0.0256129677222,49.7150439706,49.7150439706,30.91161299
8,0,150,positive,0.0950378812084,-0.0826338839727,2.56129677222e-05,95.0378812084,-82.6338839727,0.0256129677222,49.7150439706,49.7150439706,30.91161299
8,1,150,positive,0.0949345615193,-0.0825742323224,0.000151066067556,94.9345615193,-82.5742323224,0.151066067556,49.8343472712,49.8343472712,31.0370660898
9,0,150,positive,0.0944308578323,-0.0822834188631,0.00104099437027,94.4308578323,-82.2834188631,1.04099437027,50.4159741898,50.4159741898,31.9269943926
9,1,150,positive,0.0940349915354,-0.08205486535,0.00190293278075,94.0349915354,-82.05486535,1.90293278075,50.873081216,50.873081216,32.788932803
10,0,150,positive,0.0939879765621,-0.0820277212425,0.00198091928801,93.9879765621,-82.0277212425,1.98091928801,50.927369431,50.927369431,32.8669193103
10,1,150,positive,0.0940349915354,-0.08205486535,0.00190293278075,94.0349915354,-82.05486535,1.90293278075,50.873081216,50.873081216,32.788932803
11,0,150,positive,0.0925552395133,-0.0812005301217,-0.00352568491504,92.5552395133,-81.2005301217,-3.52568491504,52.5817516726,52.5817516726,27.3603151072
11,1,150,positive,0.0931644316897,-0.0815522473888,-0.00481693801227,93.1644316897,-81.5522473888,-4.81693801227,51.8783171384,51.8783171384,26.06906201
12,0,150,positive,0.0933164592527,-0.0816400205432,-0.00517430937166,93.3164592527,-81.6400205432,-5.17430937166,51.7027708296,51.7027708296,25.7116906506
12,1,150,positive,0.0931644316897,-0.0815522473888,-0.00481693801227,93.1644316897,-81.5522473888,-4.81693801227,51.8783171384,51.8783171384,26.06906201
13,0,150,positive,0.0915663236862,-0.0806295793027,-0.00152365838526,91.5663236862,-80.6295793027,-1.52365838526,53.7236533106,53.7236533106,29.362341637
13,1,150,positive,0.0916502409945,-0.0806780289832,-0.00168738329634,91.6502409945,-80.6780289832,-1.68738329634,53.6267539495,53.6267539495,29.198616726
14,0,150,positive,0.0925552395133,-0.0812005301217,-0.00352568491504,92.5552395133,-81.2005301217,-3.52568491504,52.5817516726,52.5817516726,27.3603151072
14,1,150,positive,0.0916502409945,-0.0806780289832,-0.00168738329634,91.6502409945,-80.6780289832,-1.68738329634,53.6267539495,53.6267539495,29.198616726
15,0,150,positive,0.0915033156568,-0.0805932016,-0.00139643951098,91.5033156568,-80.5932016,-1.39643951098,53.796408716,53.796408716,29.4895605113
15,1,150,positive,0.0915663236862,-0.0806295793027,-0.00152365838526,91.5663236862,-80.6295793027,-1.52365838526,53.7236533106,53.7236533106,29.362341637
16,0,150,positive,0.0914599228283,-0.0805681487388,-0.00131359131953,91.4599228283,-80.5681487388,-1.31359131953,53.8465144384,53.8465144384,29.5724087028
16,1,150,positive,0.0915033156568,-0.0805932016,-0.00139643951098,91.5033156568,-80.5932016,-1.39643951098,53.796408716,53.796408716,29.4895605113
17,0,150,positive,0.0939879765621,-0.0820277212425,0.00198091928801,93.9879765621,-82.0277212425,1.98091928801,50.927369431,50.927369431,32.8669193103
17,1,150,positive,0.0937455093108,-0.0818877327097,0.00248283654449,93.7455093108,-81.8877327097,2.48283654449,51.2073464966,51.2073464966,33.3688365668
18,0,150,positive,0.0937455093108,-0.0818877327097,0.00248283654449,93.7455093108,-81.8877327097,2.48283654449,51.2073464966,51.2073464966,33.3688365668
18,1,150,positive,0.093376520679,-0.0816746970238,0.0030343895576,93.376520679,-81.6746970238,3.0343895576,51.6334178684,51.6334178684,33.9203895799
19,0,150,positive,0.0930662896576,-0.0814955850601,0.00352187569579,93.0662896576,-81.4955850601,3.52187569579,51.9916417958,51.9916417958,34.4078757181
19,1,150,positive,0.093376520679,-0.0816746970238,0.0030343895576,93.376520679,-81.6746970238,3.0343895576,51.6334178684,51.6334178684,33.9203895799
20,0,150,positive,0.092406811189,-0.0811148349887,0.004853786993,92.406811189,-81.1148349887,4.853786993,52.7531419385,52.7531419385,35.7397870153
20,1,150,positive,0.0923665792626,-0.0810916070752,0.00495996894653,92.3665792626,-81.0916070752,4.95996894653,52.7995977656,52.7995977656,35.8459689688
21,0,150,positive,0.0930662896576,-0.0814955850601,0.00352187569579,93.0662896576,-81.4955850601,3.52187569579,51.9916417958,51.9916417958,34.4078757181
21,1,150,positive,0.092764900086,-0.0813215777098,0.00404197953591,92.764900086,-81.3215777098,4.04197953591,52.3396564964,52.3396564964,34.9279795582
22,0,150,positive,0.092406811189,-0.0811148349887,0.004853786993,92.406811189,-81.1148349887,4.853786993,52.7531419385,52.7531419385,35.7397870153
22,1,150,positive,0.092764900086,-0.0813215777098,0.00404197953591,92.764900086,-81.3215777098,4.04197953591,52.3396564964,52.3396564964,34.9279795582
23,0,150,positive,0.0900794361133,-0.0797711243622,0.00166654375212,90.0794361133,-79.7711243622,1.66654375212,55.4405631915,55.4405631915,32.5525437744
23,1,150,positive,0.0900989402724,-0.0797823850938,0.00161539121171,90.0989402724,-79.7823850938,1.61539121171,55.4180417285,55.4180417285,32.501391234
24,0,150,positive,0.0900440477246,-0.0797506928665,0.0017283304888,90.0440477246,-79.7506928665,1.7283304888,55.4814261829,55.4814261829,32.6143305111
24,1,150,positive,0.0900794361133,-0.0797711243622,0.00166654375212,90.0794361133,-79.7711243622,1.66654375212,55.4405631915,55.4405631915,32.5525437744
25,0,150,positive,0.0902457749611,-0.0798671601408,0.00112039065617,90.2457749611,-79.8671601408,1.12039065617,55.2484916343,55.2484916343,32.0063906785
25,1,150,positive,0.0903402419265,-0.0799217006687,0.000875253433467,90.3402419265,-79.9217006687,0.875253433467,55.1394105785,55.1394105785,31.7612534558
26,0,150,positive,0.0902457749611,-0.0798671601408,0.00112039065617,90.2457749611,-79.8671601408,1.12039065617,55.2484916343,55.2484916343,32.0063906785
26,1,150,positive,0.0900989402724,-0.0797823850938,0.00161539121171,90.0989402724,-79.7823850938,1.61539121171,55.4180417285,55.4180417285,32.501391234
27,0,150,positive,0.0898285932778,-0.0796263001836,0.00208858081069,89.8285932778,-79.6263001836,2.08858081069,55.7302115487,55.7302115487,32.974580833
27,1,150,positive,0.0900440477246,-0.0797506928665,0.0017283304888,90.0440477246,-79.7506928665,1.7283304888,55.4814261829,55.4814261829,32.6143305111
28,0,150,positive,0.0917395086726,-0.0807295677012,0.00670057709644,91.7395086726,-80.7295677012,6.70057709644,53.5236765135,53.5236765135,37.5865771187
28,1,150,positive,0.0923665792626,-0.0810916070752,0.00495996894653,92.3665792626,-81.0916070752,4.95996894653,52.7995977656,52.7995977656,35.8459689688
29,0,150,positive,0.0917395086726,-0.0807295677012,0.00670057709644,91.7395086726,-80.7295677012,6.70057709644,53.5236765135,53.5236765135,37.5865771187
29,1,150,positive,0.0917287186854,-0.0807233380992,0.00672306269351,91.7287186854,-80.7233380992,6.72306269351,53.5361357175,53.5361357175,37.6090627158
30,0,150,positive,0.0917287186854,-0.0807233380992,0.00672306269351,91.7287186854,-80.7233380992,6.72306269351,53.5361357175,53.5361357175,37.6090627158
30,1,150,positive,0.0917153612008,-0.0807156261519,0.0067641033087,91.7153612008,-80.7156261519,6.7641033087,53.5515596122,53.5515596122,37.650103331
31,0,150,positive,0.0915528774469,-0.0806218161129,0.00710528812914,91.5528774469,-80.6218161129,7.10528812914,53.7391796902,53.7391796902,37.9912881514
31,1,150,positive,0.0917153612008,-0.0807156261519,0.0067641033087,91.7153612008,-80.7156261519,6.7641033087,53.5515596122,53.5515596122,37.650103331
32,0,150,positive,0.0915528774469,-0.0806218161129,0.00710528812914,91.5528774469,-80.6218161129,7.10528812914,53.7391796902,53.7391796902,37.9912881514
32,1,150,positive,0.0914908344275,-0.0805859955589,0.00724955773751,91.4908344275,-80.5859955589,7.24955773751,53.8108207981,53.8108207981,38.1355577598
33,0,150,positive,0.0914908344275,-0.0805859955589,0.00724955773751,91.4908344275,-80.5859955589,7.24955773751,53.8108207981,53.8108207981,38.1355577598
33,1,150,positive,0.0912894146092,-0.0804697057726,0.0076205438647,91.2894146092,-80.4697057726,7.6205438647,54.0434003709,54.0434003709,38.506543887
34,0,150,positive,0.0909216690395,-0.0802573877689,0.00863481813523,90.9216690395,-80.2573877689,8.63481813523,54.4680363781,54.4680363781,39.5208181575
34,1,150,positive,0.0907253104086,-0.0801440200605,0.00935580651793,90.7253104086,-80.1440200605,9.35580651793,54.6947717949,54.6947717949,40.2418065402
35,0,150,positive,0.0907253104086,-0.0801440200605,0.00935580651793,90.7253104086,-80.1440200605,9.35580651793,54.6947717949,54.6947717949,40.2418065402
35,1,150,positive,0.0906129600354,-0.0800791545423,0.0095850351933,90.6129600354,-80.0791545423,9.5850351933,54.8245028314,54.8245028314,40.4710352156
36,0,150,positive,0.0894155631397,-0.0793878371223,0.0120143854751,89.4155631397,-79.3878371223,12.0143854751,56.2071376714,56.2071376714,42.9003854974
36,1,150,positive,0.0894086641886,-0.079383854011,0.0120310373491,89.4086641886,-79.383854011,12.0310373491,56.215103894,56.215103894,42.9170373714
37,0,150,positive,0.0894086641886,-0.079383854011,0.0120310373491,89.4086641886,-79.383854011,12.0310373491,56.215103894,56.215103894,42.9170373714
37,1,150,positive,0.0894011398998,-0.0793795098608,0.0120541026756,89.4011398998,-79.3795098608,12.0541026756,56.2237921943,56.2237921943,42.9401026978
38,0,150,positive,0.0914599228283,-0.0805681487388,-0.00131359131953,91.4599228283,-80.5681487388,-1.31359131953,53.8465144384,53.8465144384,29.5724087028
38,1,150,positive,0.0903402419265,-0.0799217006687,0.000875253433467,90.3402419265,-79.9217006687,0.875253433467,55.1394105785,55.1394105785,31.7612534558
39,0,150,positive,0.0898285932778,-0.0796263001836,0.00208858081069,89.8285932778,-79.6263001836,2.08858081069,55.7302115487,55.7302115487,32.974580833
39,1,150,positive,0.089702957204,-0.0795537641626,0.00230748815216,89.702957204,-79.5537641626,2.30748815216,55.8752835907,55.8752835907,33.1934881744
40,0,150,positive,0.0892603804347,-0.0792982423457,0.00323934568623,89.2603804347,-79.2982423457,3.23934568623,56.3863272245,56.3863272245,34.1253457085
40,1,150,positive,0.089702957204,-0.0795537641626,0.00230748815216,89.702957204,-79.5537641626,2.30748815216,55.8752835907,55.8752835907,33.1934881744
41,0,150,positive,0.0892603804347,-0.0792982423457,0.00323934568623,89.2603804347,-79.2982423457,3.23934568623,56.3863272245,56.3863272245,34.1253457085
41,1,150,positive,0.0889958276708,-0.0791455027363,0.0037383458839,88.9958276708,-79.1455027363,3.7383458839,56.6918064435,56.6918064435,34.6243459062
42,0,150,positive,0.088660883984,-0.0789521229085,0.00442825308775,88.660883984,-78.9521229085,4.42825308775,57.0785660989,57.0785660989,35.31425311
42,1,150,positive,0.0889958276708,-0.0791455027363,0.0037383458839,88.9958276708,-79.1455027363,3.7383458839,56.6918064435,56.6918064435,34.6243459062
43,0,150,positive,0.0911089661178,-0.0803655237875,0.00798884380155,91.1089661178,-80.3655237875,7.98884380155,54.2517643409,54.2517643409,38.8748438238
43,1,150,positive,0.0912894146092,-0.0804697057726,0.0076205438647,91.2894146092,-80.4697057726,7.6205438647,54.0434003709,54.0434003709,38.506543887
44,0,150,positive,0.0910499336768,-0.0803314413918,0.00816984138221,91.0499336768,-80.3314413918,8.16984138221,54.3199291324,54.3199291324,39.0558414045
44,1,150,positive,0.0911089661178,-0.0803655237875,0.00798884380155,91.1089661178,-80.3655237875,7.98884380155,54.2517643409,54.2517643409,38.8748438238
45,0,150,positive,0.0909216690395,-0.0802573877689,0.00863481813523,90.9216690395,-80.2573877689,8.63481813523,54.4680363781,54.4680363781,39.5208181575
45,1,150,positive,0.0910499336768,-0.0803314413918,0.00816984138221,91.0499336768,-80.3314413918,8.16984138221,54.3199291324,54.3199291324,39.0558414045
46,0,150,positive,0.0904028200477,-0.0799578301638,0.00994979417391,90.4028200477,-79.9578301638,9.94979417391,55.0671515883,55.0671515883,40.8357941962
46,1,150,positive,0.0906129600354,-0.0800791545423,0.0095850351933,90.6129600354,-80.0791545423,9.5850351933,54.8245028314,54.8245028314,40.4710352156
47,0,150,positive,0.0902230380637,-0.079854032987,0.0103165079482,90.2230380637,-79.854032987,10.3165079482,55.274745942,55.274745942,41.2025079705
47,1,150,positive,0.0904028200477,-0.0799578301638,0.00994979417391,90.4028200477,-79.9578301638,9.94979417391,55.0671515883,55.0671515883,40.8357941962
48,0,150,positive,0.0900729312405,-0.0797673687722,0.0105852599215,90.0729312405,-79.7673687722,10.5852599215,55.4480743716,55.4480743716,41.4712599438
48,1,150,positive,0.0902230380637,-0.079854032987,0.0103165079482,90.2230380637,-79.854032987,10.3165079482,55.274745942,55.274745942,41.2025079705
49,0,150,positive,0.0900729312405,-0.0797673687722,0.0105852599215,90.0729312405,-79.7673687722,10.5852599215,55.4480743716,55.4480743716,41.4712599438
49,1,150,positive,0.0898327587142,-0.0796287050995,0.0110384891341,89.8327587142,-79.6287050995,11.0384891341,55.725401717,55.725401717,41.9244891564
50,0,150,positive,0.0898327587142,-0.0796287050995,0.0110384891341,89.8327587142,-79.6287050995,11.0384891341,55.725401717,55.725401717,41.9244891564
50,1,150,positive,0.0896276262286,-0.0795102718037,0.0114154388822,89.6276262286,-79.5102718037,11.4154388822,55.9622683086,55.9622683086,42.3014389045
51,0,150,positive,0.0894246800263,-0.0793931007592,0.0119792262542,89.4246800263,-79.3931007592,11.9792262542,56.1966103976,56.1966103976,42.8652262765
51,1,150,positive,0.0896276262286,-0.0795102718037,0.0114154388822,89.6276262286,-79.5102718037,11.4154388822,55.9622683086,55.9622683086,42.3014389045
52,0,150,positive,0.088660883984,-0.0789521229085,0.00442825308775,88.660883984,-78.9521229085,4.42825308775,57.0785660989,57.0785660989,35.31425311
52,1,150,positive,0.0881351197584,-0.0786485727914,0.00566145476561,88.1351197584,-78.6485727914,5.66145476561,57.6856663333,57.6856663333,36.5474547879
53,0,150,positive,0.0879449163325,-0.0785387587922,0.00602917780874,87.9449163325,-78.5387587922,6.02917780874,57.9052943316,57.9052943316,36.915177831
53,1,150,positive,0.0881351197584,-0.0786485727914,0.00566145476561,88.1351197584,-78.6485727914,5.66145476561,57.6856663333,57.6856663333,36.5474547879
54,0,150,positive,0.0879449163325,-0.0785387587922,0.00602917780874,87.9449163325,-78.5387587922,6.02917780874,57.9052943316,57.9052943316,36.915177831
54,1,150,positive,0.0876160993347,-0.07834891621,0.00666040539824,87.6160993347,-78.34891621,6.66040539824,58.2849794959,58.2849794959,37.5464054205
55,0,150,positive,0.0876160993347,-0.07834891621,0.00666040539824,87.6160993347,-78.34891621,6.66040539824,58.2849794959,58.2849794959,37.5464054205
55,1,150,positive,0.0874649534821,-0.0782616521114,0.00694386846406,87.4649534821,-78.2616521114,6.94386846406,58.4595076933,58.4595076933,37.8298684864
56,0,150,positive,0.0870157294098,-0.0780022924723,0.00791192081749,87.0157294098,-78.0022924723,7.91192081749,58.9782269714,58.9782269714,38.7979208398
56,1,150,positive,0.0874649534821,-0.0782616521114,0.00694386846406,87.4649534821,-78.2616521114,6.94386846406,58.4595076933,58.4595076933,37.8298684864
57,0,150,positive,0.0870157294098,-0.0780022924723,0.00791192081749,87.0157294098,-78.0022924723,7.91192081749,58.9782269714,58.9782269714,38.7979208398
57,1,150,positive,0.0870085649807,-0.0779981560872,0.00793014877754,87.0085649807,-77.9981560872,7.93014877754,58.9864997416,58.9864997416,38.8161487998
58,0,150,positive,0.0861052072704,-0.07747660227,0.0100222454905,86.1052072704,-77.47660227,10.0222454905,60.029607376,60.029607376,40.9082455128
58,1,150,positive,0.0869745458426,-0.0779785151286,0.00800923432049,86.9745458426,-77.9785151286,8.00923432049,59.0257816587,59.0257816587,38.8952343428
59,0,150,positive,0.0870085649807,-0.0779981560872,0.00793014877754,87.0085649807,-77.9981560872,7.93014877754,58.9864997416,58.9864997416,38.8161487998
59,1,150,positive,0.0869745458426,-0.0779785151286,0.00800923432049,86.9745458426,-77.9785151286,8.00923432049,59.0257816587,59.0257816587,38.8952343428
60,0,150,positive,0.0894246800263,-0.0793931007592,0.0119792262542,89.4246800263,-79.3931007592,11.9792262542,56.1966103976,56.1966103976,42.8652262765
60,1,150,positive,0.0894155631397,-0.0793878371223,0.0120143854751,89.4155631397,-79.3878371223,12.0143854751,56.2071376714,56.2071376714,42.9003854974
61,0,150,positive,0.0891855999653,-0.0792550678216,0.0128666774657,89.1855999653,-79.2550678216,12.8666774657,56.4726762728,56.4726762728,43.752677488
61,1,150,positive,0.0893308067642,-0.079338903006,0.0123360724545,89.3308067642,-79.338903006,12.3360724545,56.3050059039,56.3050059039,43.2220724768
62,0,150,positive,0.0894011398998,-0.0793795098608,0.0120541026756,89.4011398998,-79.3795098608,12.0541026756,56.2237921943,56.2237921943,42.9401026978
62,1,150,positive,0.0893932604744,-0.0793749606724,0.0120937129361,89.3932604744,-79.3749606724,12.0937129361,56.2328905711,56.2328905711,42.9797129584
63,0,150,positive,0.0893932604744,-0.0793749606724,0.0120937129361,89.3932604744,-79.3749606724,12.0937129361,56.2328905711,56.2328905711,42.9797129584
63,1,150,positive,0.0893308067642,-0.079338903006,0.0123360724545,89.3308067642,-79.338903006,12.3360724545,56.3050059039,56.3050059039,43.2220724768
64,0,150,positive,0.0891855999653,-0.0792550678216,0.0128666774657,89.1855999653,-79.2550678216,12.8666774657,56.4726762728,56.4726762728,43.752677488
64,1,150,positive,0.0889849143076,-0.0791392019031,0.0137181806668,88.9849143076,-79.1392019031,13.7181806668,56.7044081097,56.7044081097,44.6041806891
65,0,150,positive,0.0889715530286,-0.0791314877651,0.0137736847942,88.9715530286,-79.1314877651,13.7736847942,56.7198363858,56.7198363858,44.6596848165
65,1,150,positive,0.0889849143076,-0.0791392019031,0.0137181806668,88.9849143076,-79.1392019031,13.7181806668,56.7044081097,56.7044081097,44.6041806891
66,0,150,positive,0.0888140670891,-0.0790405632155,0.0140241792833,88.8140670891,-79.0405632155,14.0241792833,56.9016854849,56.9016854849,44.9101793056
66,1,150,positive,0.0886014763702,-0.0789178239068,0.0143378067896,88.6014763702,-78.9178239068,14.3378067896,57.1471641025,57.1471641025,45.2238068119
67,0,150,positive,0.0888140670891,-0.0790405632155,0.0140241792833,88.8140670891,-79.0405632155,14.0241792833,56.9016854849,56.9016854849,44.9101793056
67,1,150,positive,0.0889715530286,-0.0791314877651,0.0137736847942,88.9715530286,-79.1314877651,13.7736847942,56.7198363858,56.7198363858,44.6596848165
68,0,150,positive,0.0859507070848,-0.0773874015462,0.0103763819196,85.9507070848,-77.3874015462,10.3763819196,60.2080088235,60.2080088235,41.2623819419
68,1,150,positive,0.0861052072704,-0.07747660227,0.0100222454905,86.1052072704,-77.47660227,10.0222454905,60.029607376,60.029607376,40.9082455128
69,0,150,positive,0.0858559644445,-0.0773327018573,0.0105948871715,85.8559644445,-77.3327018573,10.5948871715,60.3174082013,60.3174082013,41.4808871938
69,1,150,positive,0.0859507070848,-0.0773874015462,0.0103763819196,85.9507070848,-77.3874015462,10.3763819196,60.2080088235,60.2080088235,41.2623819419
70,0,150,positive,0.0858559644445,-0.0773327018573,0.0105948871715,85.8559644445,-77.3327018573,10.5948871715,60.3174082013,60.3174082013,41.4808871938
70,1,150,positive,0.0852837423106,-0.0770023292543,0.0118398818993,85.2837423106,-77.0023292543,11.8398818993,60.9781534073,60.9781534073,42.7258819216
71,0,150,positive,0.0850573861907,-0.0768716424876,0.0123953773522,85.0573861907,-76.8716424876,12.3953773522,61.2395269408,61.2395269408,43.2813773745
71,1,150,positive,0.0852837423106,-0.0770023292543,0.0118398818993,85.2837423106,-77.0023292543,11.8398818993,60.9781534073,60.9781534073,42.7258819216
72,0,150,positive,0.0848822606661,-0.0767705337188,0.0127734342356,84.8822606661,-76.7705337188,12.7734342356,61.4417444784,61.4417444784,43.6594342579
72,1,150,positive,0.0850573861907,-0.0768716424876,0.0123953773522,85.0573861907,-76.8716424876,12.3953773522,61.2395269408,61.2395269408,43.2813773745
73,0,150,positive,0.0848822606661,-0.0767705337188,0.0127734342356,84.8822606661,-76.7705337188,12.7734342356,61.4417444784,61.4417444784,43.6594342579
73,1,150,positive,0.084708945046,-0.0766704698989,0.0132182850216,84.708945046,-76.6704698989,13.2182850216,61.6418721182,61.6418721182,44.1042850439
74,0,150,positive,0.084708945046,-0.0766704698989,0.0132182850216,84.708945046,-76.6704698989,13.2182850216,61.6418721182,61.6418721182,44.1042850439
74,1,150,positive,0.0846053657517,-0.0766106683654,0.0134683495238,84.6053657517,-76.6106683654,13.4683495238,61.7614751851,61.7614751851,44.3543495461
75,0,150,positive,0.0844055152943,-0.0764952846501,0.0140158768147,84.4055152943,-76.4952846501,14.0158768147,61.9922426158,61.9922426158,44.901876837
75,1,150,positive,0.0846053657517,-0.0766106683654,0.0134683495238,84.6053657517,-76.6106683654,13.4683495238,61.7614751851,61.7614751851,44.3543495461
76,0,150,positive,0.0886014763702,-0.0789178239068,0.0143378067896,88.6014763702,-78.9178239068,14.3378067896,57.1471641025,57.1471641025,45.2238068119
76,1,150,positive,0.0884799316377,-0.0788476500227,0.0144706017654,88.4799316377,-78.8476500227,14.4706017654,57.2875118706,57.2875118706,45.3566017877
77,0,150,positive,0.0882881515847,-0.0787369257575,0.0146888732335,88.2881515847,-78.7369257575,14.6888732335,57.508960401,57.508960401,45.5748732558
77,1,150,positive,0.0884799316377,-0.0788476500227,0.0144706017654,88.4799316377,-78.8476500227,14.4706017654,57.2875118706,57.2875118706,45.3566017877
78,0,150,positive,0.0881555146476,-0.0786603477861,0.0148936946122,88.1555146476,-78.6603477861,14.8936946122,57.6621163437,57.6621163437,45.7796946345
78,1,150,positive,0.0882881515847,-0.0787369257575,0.0146888732335,88.2881515847,-78.7369257575,14.6888732335,57.508960401,57.508960401,45.5748732558
79,0,150,positive,0.0881555146476,-0.0786603477861,0.0148936946122,88.1555146476,-78.6603477861,14.8936946122,57.6621163437,57.6621163437,45.7796946345
79,1,150,positive,0.0878937619295,-0.0785092247839,0.0153739585102,87.8937619295,-78.5092247839,15.3739585102,57.9643623482,57.9643623482,46.2599585325
80,0,150,positive,0.0877518238992,-0.0784272768239,0.0157041804669,87.7518238992,-78.4272768239,15.7041804669,58.1282582683,58.1282582683,46.5901804892
80,1,150,positive,0.0878937619295,-0.0785092247839,0.0153739585102,87.8937619295,-78.5092247839,15.3739585102,57.9643623482,57.9643623482,46.2599585325
81,0,150,positive,0.0877518238992,-0.0784272768239,0.0157041804669,87.7518238992,-78.4272768239,15.7041804669,58.1282582683,58.1282582683,46.5901804892
81,1,150,positive,0.0875924030078,-0.0783352351293,0.0160515745642,87.5924030078,-78.3352351293,16.0515745642,58.3123416574,58.3123416574,46.9375745865
82,0,150,positive,0.0875143532127,-0.0782901730591,0.0161698244669,87.5143532127,-78.2901730591,16.1698244669,58.4024657978,58.4024657978,47.0558244892
82,1,150,positive,0.0875924030078,-0.0783352351293,0.0160515745642,87.5924030078,-78.3352351293,16.0515745642,58.3123416574,58.3123416574,46.9375745865
83,0,150,positive,0.0871154482852,-0.0780598651918,0.0171971355603,87.1154482852,-78.0598651918,17.1971355603,58.8630815323,58.8630815323,48.0831355826
83,1,150,positive,0.0873480525767,-0.0781941593421,0.0165850125738,87.3480525767,-78.1941593421,16.5850125738,58.5944932317,58.5944932317,47.4710125961
84,0,150,positive,0.0875143532127,-0.0782901730591,0.0161698244669,87.5143532127,-78.2901730591,16.1698244669,58.4024657978,58.4024657978,47.0558244892
84,1,150,positive,0.0874133366623,-0.0782318511265,0.0163961941092,87.4133366623,-78.2318511265,16.3961941092,58.5191096629,58.5191096629,47.2821941315
85,0,150,positive,0.0874133366623,-0.0782318511265,0.0163961941092,87.4133366623,-78.2318511265,16.3961941092,58.5191096629,58.5191096629,47.2821941315
85,1,150,positive,0.0873480525767,-0.0781941593421,0.0165850125738,87.3480525767,-78.1941593421,16.5850125738,58.5944932317,58.5944932317,47.4710125961
86,0,150,positive,0.0870147538949,-0.0780017292585,0.0173363800931,87.0147538949,-78.0017292585,17.3363800931,58.979353399,58.979353399,48.2223801154
86,1,150,positive,0.0871154482852,-0.0780598651918,0.0171971355603,87.1154482852,-78.0598651918,17.1971355603,58.8630815323,58.8630815323,48.0831355826
87,0,150,positive,0.0870147538949,-0.0780017292585,0.0173363800931,87.0147538949,-78.0017292585,17.3363800931,58.979353399,58.979353399,48.2223801154
87,1,150,positive,0.0868909169069,-0.0779302319401,0.0176470792423,86.8909169069,-77.9302319401,17.6470792423,59.1223480357,59.1223480357,48.5330792645
88,0,150,positive,0.0866153724888,-0.0777711462962,0.0181791468443,86.6153724888,-77.7711462962,18.1791468443,59.4405193236,59.4405193236,49.0651468666
88,1,150,positive,0.0863883413945,-0.0776400698327,0.0185639530095,86.3883413945,-77.6400698327,18.5639530095,59.7026722505,59.7026722505,49.4499530318
89,0,150,positive,0.0868275752091,-0.0778936615938,0.0178126133007,86.8275752091,-77.8936615938,17.8126133007,59.1954887283,59.1954887283,48.698613323
89,1,150,positive,0.0868909169069,-0.0779302319401,0.0176470792423,86.8909169069,-77.9302319401,17.6470792423,59.1223480357,59.1223480357,48.5330792645
90,0,150,positive,0.0866153724888,-0.0777711462962,0.0181791468443,86.6153724888,-77.7711462962,18.1791468443,59.4405193236,59.4405193236,49.0651468666
90,1,150,positive,0.0868275752091,-0.0778936615938,0.0178126133007,86.8275752091,-77.8936615938,17.8126133007,59.1954887283,59.1954887283,48.698613323
91,0,150,positive,0.0860142230906,-0.0774240725293,0.0193911438247,86.0142230906,-77.4240725293,19.3911438247,60.1346668574,60.1346668574,50.277143847
91,1,150,positive,0.0863883413945,-0.0776400698327,0.0185639530095,86.3883413945,-77.6400698327,18.5639530095,59.7026722505,59.7026722505,49.4499530318
92,0,150,positive,0.0860142230906,-0.0774240725293,0.0193911438247,86.0142230906,-77.4240725293,19.3911438247,60.1346668574,60.1346668574,50.277143847
92,1,150,positive,0.0859553188959,-0.0773900641766,0.019504265646,85.9553188959,-77.3900641766,19.504265646,60.2026835627,60.2026835627,50.3902656682
93,0,150,positive,0.0859553188959,-0.0773900641766,0.019504265646,85.9553188959,-77.3900641766,19.504265646,60.2026835627,60.2026835627,50.3902656682
93,1,150,positive,0.0859243016822,-0.0773721563799,0.0195992669626,85.9243016822,-77.3721563799,19.5992669626,60.2384991561,60.2384991561,50.4852669849
94,0,150,positive,0.0854949798817,-0.0771242873229,0.0204477943486,85.4949798817,-77.1242873229,20.4477943486,60.7342372702,60.7342372702,51.3337943709
94,1,150,positive,0.0859243016822,-0.0773721563799,0.0195992669626,85.9243016822,-77.3721563799,19.5992669626,60.2384991561,60.2384991561,50.4852669849
95,0,150,positive,0.0854949798817,-0.0771242873229,0.0204477943486,85.4949798817,-77.1242873229,20.4477943486,60.7342372702,60.7342372702,51.3337943709
95,1,150,positive,0.0853823911921,-0.0770592842126,0.0205839025395,85.3823911921,-77.0592842126,20.5839025395,60.8642434907,60.8642434907,51.4699025617
96,0,150,positive,0.0853823911921,-0.0770592842126,0.0205839025395,85.3823911921,-77.0592842126,20.5839025395,60.8642434907,60.8642434907,51.4699025617
96,1,150,positive,0.0852823601915,-0.0770015312875,0.0207491573233,85.2823601915,-77.0015312875,20.7491573233,60.979749341,60.979749341,51.6351573456
97,0,150,positive,0.0851518639454,-0.0769261892447,0.0211239537157,85.1518639454,-76.9261892447,21.1239537157,61.1304334266,61.1304334266,52.009953738
97,1,150,positive,0.0852823601915,-0.0770015312875,0.0207491573233,85.2823601915,-77.0015312875,20.7491573233,60.979749341,60.979749341,51.6351573456
98,0,150,positive,0.0838898437424,-0.0761975615407,0.0153081399163,83.8898437424,-76.1975615407,15.3081399163,62.5876888345,62.5876888345,46.1941399385
98,1,150,positive,0.0841671463096,-0.0763576622526,0.0145917205242,84.1671463096,-76.3576622526,14.5917205242,62.2674874108,62.2674874108,45.4777205465
99,0,150,positive,0.083623781222,-0.076043950273,0.0158816015317,83.623781222,-76.043950273,15.8816015317,62.89491137,62.89491137,46.767601554
99,1,150,positive,0.0838898437424,-0.0761975615407,0.0153081399163,83.8898437424,-76.1975615407,15.3081399163,62.5876888345,62.5876888345,46.1941399385
100,0,150,positive,0.083623781222,-0.076043950273,0.0158816015317,83.623781222,-76.043950273,15.8816015317,62.89491137,62.89491137,46.767601554
100,1,150,positive,0.0835250614046,-0.0759869543598,0.0160943722582,83.5250614046,-75.9869543598,16.0943722582,63.0089031963,63.0089031963,46.9803722805
101,0,150,positive,0.0844055152943,-0.0764952846501,0.0140158768147,84.4055152943,-76.4952846501,14.0158768147,61.9922426158,61.9922426158,44.901876837
101,1,150,positive,0.0841671463096,-0.0763576622526,0.0145917205242,84.1671463096,-76.3576622526,14.5917205242,62.2674874108,62.2674874108,45.4777205465
102,0,150,positive,0.0835250614046,-0.0759869543598,0.0160943722582,83.5250614046,-75.9869543598,16.0943722582,63.0089031963,63.0089031963,46.9803722805
102,1,150,positive,0.0833204098572,-0.0758687987338,0.0164033125305,83.3204098572,-75.8687987338,16.4033125305,63.2452144483,63.2452144483,47.2893125528
103,0,150,positive,0.0830088546063,-0.0756889222259,0.0169068763179,83.0088546063,-75.6889222259,16.9068763179,63.6049674642,63.6049674642,47.7928763402
103,1,150,positive,0.0833204098572,-0.0758687987338,0.0164033125305,83.3204098572,-75.8687987338,16.4033125305,63.2452144483,63.2452144483,47.2893125528
104,0,150,positive,0.0830088546063,-0.0756889222259,0.0169068763179,83.0088546063,-75.6889222259,16.9068763179,63.6049674642,63.6049674642,47.7928763402
104,1,150,positive,0.0827091797801,-0.0755159048843,0.0175015960113,82.7091797801,-75.5159048843,17.5015960113,63.9510021473,63.9510021473,48.3875960336
105,0,150,positive,0.0825604931146,-0.0754300605979,0.0178344517086,82.5604931146,-75.4300605979,17.8344517086,64.1226907201,64.1226907201,48.7204517309
105,1,150,positive,0.0827091797801,-0.0755159048843,0.0175015960113,82.7091797801,-75.5159048843,17.5015960113,63.9510021473,63.9510021473,48.3875960336
106,0,150,positive,0.0824878547839,-0.0753881228381,0.0179794815548,82.4878547839,-75.3881228381,17.9794815548,64.2065662397,64.2065662397,48.8654815771
106,1,150,positive,0.0825604931146,-0.0754300605979,0.0178344517086,82.5604931146,-75.4300605979,17.8344517086,64.1226907201,64.1226907201,48.7204517309
107,0,150,positive,0.0817247715447,-0.0749475565246,0.0198442753946,81.7247715447,-74.9475565246,19.8442753946,65.0876988668,65.0876988668,50.7302754169
107,1,150,positive,0.0824878547839,-0.0753881228381,0.0179794815548,82.4878547839,-75.3881228381,17.9794815548,64.2065662397,64.2065662397,48.8654815771
108,0,150,positive,0.0851518639454,-0.0769261892447,0.0211239537157,85.1518639454,-76.9261892447,21.1239537157,61.1304334266,61.1304334266,52.009953738
108,1,150,positive,0.0849039841578,-0.0767830757826,0.0215868657055,84.9039841578,-76.7830757826,21.5868657055,61.4166603508,61.4166603508,52.4728657278
109,0,150,positive,0.084662764611,-0.0766438076123,0.0220205050942,84.662764611,-76.6438076123,22.0205050942,61.6951966914,61.6951966914,52.9065051165
109,1,150,positive,0.0843371891281,-0.0764558365196,0.0227461976039,84.3371891281,-76.4558365196,22.7461976039,62.0711388768,62.0711388768,53.6321976262
110,0,150,positive,0.0847158332433,-0.0766744468014,0.0218978990521,84.7158332433,-76.6744468014,21.8978990521,61.6339183131,61.6339183131,52.7838990744
110,1,150,positive,0.0849039841578,-0.0767830757826,0.0215868657055,84.9039841578,-76.7830757826,21.5868657055,61.4166603508,61.4166603508,52.4728657278
111,0,150,positive,0.084662764611,-0.0766438076123,0.0220205050942,84.662764611,-76.6438076123,22.0205050942,61.6951966914,61.6951966914,52.9065051165
111,1,150,positive,0.0847158332433,-0.0766744468014,0.0218978990521,84.7158332433,-76.6744468014,21.8978990521,61.6339183131,61.6339183131,52.7838990744
112,0,150,positive,0.0841935027195,-0.0763728791329,0.0230099783323,84.1935027195,-76.3728791329,23.0099783323,62.2370536501,62.2370536501,53.8959783546
112,1,150,positive,0.0843371891281,-0.0764558365196,0.0227461976039,84.3371891281,-76.4558365196,22.7461976039,62.0711388768,62.0711388768,53.6321976262
113,0,150,positive,0.0841935027195,-0.0763728791329,0.0230099783323,84.1935027195,-76.3728791329,23.0099783323,62.2370536501,62.2370536501,53.8959783546
113,1,150,positive,0.0839239478695,-0.0762172515677,0.0234068479962,83.9239478695,-76.2172515677,23.4068479962,62.5483087805,62.5483087805,54.2928480185
114,0,150,positive,0.0838895485088,-0.0761973910875,0.0234909582604,83.8895485088,-76.1973910875,23.4909582604,62.5880297409,62.5880297409,54.3769582827
114,1,150,positive,0.0839239478695,-0.0762172515677,0.0234068479962,83.9239478695,-76.2172515677,23.4068479962,62.5483087805,62.5483087805,54.2928480185
115,0,150,positive,0.0817247715447,-0.0749475565246,0.0198442753946,81.7247715447,-74.9475565246,19.8442753946,65.0876988668,65.0876988668,50.7302754169
115,1,150,positive,0.0816857086877,-0.0749250035736,0.0199414815005,81.6857086877,-74.9250035736,19.9414815005,65.1328047688,65.1328047688,50.8274815228
116,0,150,positive,0.0816857086877,-0.0749250035736,0.0199414815005,81.6857086877,-74.9250035736,19.9414815005,65.1328047688,65.1328047688,50.8274815228
116,1,150,positive,0.0816813652726,-0.0749224959017,0.0199505468753,81.6813652726,-74.9224959017,19.9505468753,65.1378201125,65.1378201125,50.8365468976
117,0,150,positive,0.0810436431058,-0.074554306837,0.0213634688175,81.0436431058,-74.554306837,21.3634688175,65.8741982419,65.8741982419,52.2494688398
117,1,150,positive,0.0816562701531,-0.0749080072277,0.0200090433307,81.6562701531,-74.9080072277,20.0090433307,65.1667974605,65.1667974605,50.895043353
118,0,150,positive,0.0816813652726,-0.0749224959017,0.0199505468753,81.6813652726,-74.9224959017,19.9505468753,65.1378201125,65.1378201125,50.8365468976
118,1,150,positive,0.0816562701531,-0.0749080072277,0.0200090433307,81.6562701531,-74.9080072277,20.0090433307,65.1667974605,65.1667974605,50.895043353
119,0,150,positive,0.0810436431058,-0.074554306837,0.0213634688175,81.0436431058,-74.554306837,21.3634688175,65.8741982419,65.8741982419,52.2494688398
119,1,150,positive,0.0804855138542,-0.0742320707634,0.0224939271852,80.4855138542,-74.2320707634,22.4939271852,66.5186703892,66.5186703892,53.3799272075
120,0,150,positive,0.0802874200531,-0.074117701254,0.0229004386649,80.2874200531,-74.117701254,22.9004386649,66.747409408,66.747409408,53.7864386872
120,1,150,positive,0.0804855138542,-0.0742320707634,0.0224939271852,80.4855138542,-74.2320707634,22.4939271852,66.5186703892,66.5186703892,53.3799272075
121,0,150,positive,0.0801659140773,-0.0740475497462,0.0231028227098,80.1659140773,-74.0475497462,23.1028227098,66.8877124236,66.8877124236,53.9888227321
121,1,150,positive,0.0802874200531,-0.074117701254,0.0229004386649,80.2874200531,-74.117701254,22.9004386649,66.747409408,66.747409408,53.7864386872
122,0,150,positive,0.0801659140773,-0.0740475497462,0.0231028227098,80.1659140773,-74.0475497462,23.1028227098,66.8877124236,66.8877124236,53.9888227321
122,1,150,positive,0.0798868474108,-0.0738864305311,0.0236171443205,79.8868474108,-73.8864305311,23.6171443205,67.2099508537,67.2099508537,54.5031443428
123,0,150,positive,0.0794299744356,-0.0736226547959,0.024553491454,79.4299744356,-73.6226547959,24.553491454,67.7375023241,67.7375023241,55.4394914763
123,1,150,positive,0.0798868474108,-0.0738864305311,0.0236171443205,79.8868474108,-73.8864305311,23.6171443205,67.2099508537,67.2099508537,54.5031443428
124,0,150,positive,0.0838895485088,-0.0761973910875,0.0234909582604,83.8895485088,-76.1973910875,23.4909582604,62.5880297409,62.5880297409,54.3769582827
124,1,150,positive,0.083626179137,-0.0760453347099,0.0240902590684,83.626179137,-76.0453347099,24.0902590684,62.8921424962,62.8921424962,54.9762590907
125,0,150,positive,0.083389600894,-0.0759087461976,0.0244981744292,83.389600894,-75.9087461976,24.4981744292,63.1653195208,63.1653195208,55.3841744515
125,1,150,positive,0.083626179137,-0.0760453347099,0.0240902590684,83.626179137,-76.0453347099,24.0902590684,62.8921424962,62.8921424962,54.9762590907
126,0,150,positive,0.083389600894,-0.0759087461976,0.0244981744292,83.389600894,-75.9087461976,24.4981744292,63.1653195208,63.1653195208,55.3841744515
126,1,150,positive,0.0833186078033,-0.0758677583175,0.0247291449389,83.3186078033,-75.8677583175,24.7291449389,63.2472952809,63.2472952809,55.6151449612
127,0,150,positive,0.0831945981597,-0.0757961613164,0.0249605067119,83.1945981597,-75.7961613164,24.9605067119,63.3904892832,63.3904892832,55.8465067342
127,1,150,positive,0.0833186078033,-0.0758677583175,0.0247291449389,83.3186078033,-75.8677583175,24.7291449389,63.2472952809,63.2472952809,55.6151449612
128,0,150,positive,0.0831945981597,-0.0757961613164,0.0249605067119,83.1945981597,-75.7961613164,24.9605067119,63.3904892832,63.3904892832,55.8465067342
128,1,150,positive,0.0825429727125,-0.0754199451891,0.0260332292539,82.5429727125,-75.4199451891,26.0332292539,64.1429215378,64.1429215378,56.9192292762
129,0,150,positive,0.0825062959198,-0.0753987698329,0.0260808935507,82.5062959198,-75.3987698329,26.0808935507,64.1852722501,64.1852722501,56.966893573
129,1,150,positive,0.0822802667167,-0.0752682718117,0.0264596908435,82.2802667167,-75.2682718117,26.4596908435,64.4462682926,64.4462682926,57.3456908657
130,0,150,positive,0.0825062959198,-0.0753987698329,0.0260808935507,82.5062959198,-75.3987698329,26.0808935507,64.1852722501,64.1852722501,56.966893573
130,1,150,positive,0.0825429727125,-0.0754199451891,0.0260332292539,82.5429727125,-75.4199451891,26.0332292539,64.1429215378,64.1429215378,56.9192292762
131,0,150,positive,0.0822557998653,-0.0752541458684,0.0266213799931,82.2557998653,-75.2541458684,26.6213799931,64.4745201791,64.4745201791,57.5073800154
131,1,150,positive,0.0822802667167,-0.0752682718117,0.0264596908435,82.2802667167,-75.2682718117,26.4596908435,64.4462682926,64.4462682926,57.3456908657
132,0,150,positive,0.0822557998653,-0.0752541458684,0.0266213799931,82.2557998653,-75.2541458684,26.6213799931,64.4745201791,64.4745201791,57.5073800154
132,1,150,positive,0.0818982093165,-0.0750476908688,0.027383065511,81.8982093165,-75.0476908688,27.383065511,64.8874301783,64.8874301783,58.2690655333
133,0,150,positive,0.0818927158807,-0.0750445192322,0.0273953061841,81.8927158807,-75.0445192322,27.3953061841,64.8937734516,64.8937734516,58.2813062064
133,1,150,positive,0.0818982093165,-0.0750476908688,0.027383065511,81.8982093165,-75.0476908688,27.383065511,64.8874301783,64.8874301783,58.2690655333
134,0,150,positive,0.0818751121312,-0.0750343557027,0.0274296983178,81.8751121312,-75.0343557027,27.4296983178,64.9141005106,64.9141005106,58.3156983401
134,1,150,positive,0.0815115740592,-0.0748244668989,0.0283457197862,81.5115740592,-74.8244668989,28.3457197862,65.3338781181,65.3338781181,59.2317198084
135,0,150,positive,0.0815109851273,-0.0748241268789,0.0283477887101,81.5109851273,-74.8241268789,28.3477887101,65.3345581581,65.3345581581,59.2337887324
135,1,150,positive,0.0812617885389,-0.0746802531616,0.028961312102,81.2617885389,-74.6802531616,28.961312102,65.6223055928,65.6223055928,59.8473121243
136,0,150,positive,0.0815109851273,-0.0748241268789,0.0283477887101,81.5109851273,-74.8241268789,28.3477887101,65.3345581581,65.3345581581,59.2337887324
136,1,150,positive,0.0815115740592,-0.0748244668989,0.0283457197862,81.5115740592,-74.8244668989,28.3457197862,65.3338781181,65.3338781181,59.2317198084
137,0,150,positive,0.0818880663197,-0.0750418348069,0.0274040591998,81.8880663197,-75.0418348069,27.4040591998,64.8991423022,64.8991423022,58.2900592221
137,1,150,positive,0.0818927158807,-0.0750445192322,0.0273953061841,81.8927158807,-75.0445192322,27.3953061841,64.8937734516,64.8937734516,58.2813062064
138,0,150,positive,0.0818751121312,-0.0750343557027,0.0274296983178,81.8751121312,-75.0343557027,27.4296983178,64.9141005106,64.9141005106,58.3156983401
138,1,150,positive,0.0818880663197,-0.0750418348069,0.0274040591998,81.8880663197,-75.0418348069,27.4040591998,64.8991423022,64.8991423022,58.2900592221
139,0,150,positive,0.0811254904434,-0.0746015614194,0.0292418184487,81.1254904434,-74.6015614194,29.2418184487,65.7796890771,65.7796890771,60.127818471
139,1,150,positive,0.0812617885389,-0.0746802531616,0.028961312102,81.2617885389,-74.6802531616,28.961312102,65.6223055928,65.6223055928,59.8473121243
140,0,150,positive,0.0808870646451,-0.0744639062206,0.0296330098084,80.8870646451,-74.4639062206,29.6330098084,66.0549994747,66.0549994747,60.5190098307
140,1,150,positive,0.0807868562043,-0.0744060508503,0.0298740319107,80.7868562043,-74.4060508503,29.8740319107,66.1707102153,66.1707102153,60.760031933
141,0,150,positive,0.0808870646451,-0.0744639062206,0.0296330098084,80.8870646451,-74.4639062206,29.6330098084,66.0549994747,66.0549994747,60.5190098307
141,1,150,positive,0.0811254904434,-0.0746015614194,0.0292418184487,81.1254904434,-74.6015614194,29.2418184487,65.7796890771,65.7796890771,60.127818471
142,0,150,positive,0.0807868562043,-0.0744060508503,0.0298740319107,80.7868562043,-74.4060508503,29.8740319107,66.1707102153,66.1707102153,60.760031933
142,1,150,positive,0.0806586485317,-0.0743320301161,0.0302235775333,80.6586485317,-74.3320301161,30.2235775333,66.3187516839,66.3187516839,61.1095775556
143,0,150,positive,0.0805034141038,-0.0742424054773,0.0306896641519,80.5034141038,-74.2424054773,30.6896641519,66.4980009614,66.4980009614,61.5756641742
143,1,150,positive,0.0806586485317,-0.0743320301161,0.0302235775333,80.6586485317,-74.3320301161,30.2235775333,66.3187516839,66.3187516839,61.1095775556
144,0,150,positive,0.0804539356721,-0.0742138390914,0.0308047530209,80.4539356721,-74.2138390914,30.8047530209,66.5551337331,66.5551337331,61.6907530431
144,1,150,positive,0.0805034141038,-0.0742424054773,0.0306896641519,80.5034141038,-74.2424054773,30.6896641519,66.4980009614,66.4980009614,61.5756641742
145,0,150,positive,0.0794299744356,-0.0736226547959,0.024553491454,79.4299744356,-73.6226547959,24.553491454,67.7375023241,67.7375023241,55.4394914763
145,1,150,positive,0.0793016492313,-0.0735485662047,0.0248026412131,79.3016492313,-73.5485662047,24.8026412131,67.8856795066,67.8856795066,55.6886412353
146,0,150,positive,0.0793016492313,-0.0735485662047,0.0248026412131,79.3016492313,-73.5485662047,24.8026412131,67.8856795066,67.8856795066,55.6886412353
146,1,150,positive,0.0791092084458,-0.0734374604654,0.0252208653617,79.1092084458,-73.4374604654,25.2208653617,68.1078909852,68.1078909852,56.106865384
147,0,150,positive,0.0785485068855,-0.0731137392686,0.0265075455147,78.5485068855,-73.1137392686,26.5075455147,68.7553333788,68.7553333788,57.393545537
147,1,150,positive,0.0791092084458,-0.0734374604654,0.0252208653617,79.1092084458,-73.4374604654,25.2208653617,68.1078909852,68.1078909852,56.106865384
148,0,150,positive,0.0779214951249,-0.0727517338598,0.0277950441066,77.9214951249,-72.7517338598,27.7950441066,69.4793441963,69.4793441963,58.6810441289
148,1,150,positive,0.0780142176619,-0.0728052672415,0.0275856110997,78.0142176619,-72.8052672415,27.5856110997,69.3722774329,69.3722774329,58.471611122
149,0,150,positive,0.0785485068855,-0.0731137392686,0.0265075455147,78.5485068855,-73.1137392686,26.5075455147,68.7553333788,68.7553333788,57.393545537
149,1,150,positive,0.0780142176619,-0.0728052672415,0.0275856110997,78.0142176619,-72.8052672415,27.5856110997,69.3722774329,69.3722774329,58.471611122
150,0,150,positive,0.0779214951249,-0.0727517338598,0.0277950441066,77.9214951249,-72.7517338598,27.7950441066,69.4793441963,69.4793441963,58.6810441289
150,1,150,positive,0.0775804708066,-0.0725548433778,0.028524016452,77.5804708066,-72.5548433778,28.524016452,69.8731251603,69.8731251603,59.4100164743
151,0,150,positive,0.0771966463814,-0.0723332422427,0.0292921311024,77.1966463814,-72.3332422427,29.2921311024,70.3163274307,70.3163274307,60.1781311247
151,1,150,positive,0.0775804708066,-0.0725548433778,0.028524016452,77.5804708066,-72.5548433778,28.524016452,69.8731251603,69.8731251603,59.4100164743
152,0,150,positive,0.0804539356721,-0.0742138390914,0.0308047530209,80.4539356721,-74.2138390914,30.8047530209,66.5551337331,66.5551337331,61.6907530431
152,1,150,positive,0.0801767864508,-0.0740538269139,0.0312806855608,80.1767864508,-74.0538269139,31.2806855608,66.8751580881,66.8751580881,62.1666855831
153,0,150,positive,0.0799485178355,-0.0739220359674,0.0319789598467,79.9485178355,-73.9220359674,31.9789598467,67.1387399811,67.1387399811,62.864959869
153,1,150,positive,0.0794246069112,-0.0736195558543,0.0327618556213,79.4246069112,-73.6195558543,32.7618556213,67.7437002074,67.7437002074,63.6478556436
154,0,150,positive,0.0801767864508,-0.0740538269139,0.0312806855608,80.1767864508,-74.0538269139,31.2806855608,66.8751580881,66.8751580881,62.1666855831
154,1,150,positive,0.0799827353713,-0.0739417914709,0.0317383533106,79.9827353713,-73.9417914709,31.7383533106,67.0992289741,67.0992289741,62.6243533329
155,0,150,positive,0.0799485178355,-0.0739220359674,0.0319789598467,79.9485178355,-73.9220359674,31.9789598467,67.1387399811,67.1387399811,62.864959869
155,1,150,positive,0.0799827353713,-0.0739417914709,0.0317383533106,79.9827353713,-73.9417914709,31.7383533106,67.0992289741,67.0992289741,62.6243533329
156,0,150,positive,0.0794202653471,-0.0736170492511,0.0327685228336,79.4202653471,-73.6170492511,32.7685228336,67.7487134139,67.7487134139,63.6545228558
156,1,150,positive,0.0794246069112,-0.0736195558543,0.0327618556213,79.4246069112,-73.6195558543,32.7618556213,67.7437002074,67.7437002074,63.6478556436
157,0,150,positive,0.0794195780596,-0.0736166524454,0.0327698286553,79.4195780596,-73.6166524454,32.7698286553,67.7495070251,67.7495070251,63.6558286776
157,1,150,positive,0.0794202653471,-0.0736170492511,0.0327685228336,79.4202653471,-73.6170492511,32.7685228336,67.7487134139,67.7487134139,63.6545228558
158,0,150,positive,0.0794189952826,-0.073616315979,0.0327713256159,79.4189952826,-73.616315979,32.7713256159,67.7501799581,67.7501799581,63.6573256382
158,1,150,positive,0.0794195780596,-0.0736166524454,0.0327698286553,79.4195780596,-73.6166524454,32.7698286553,67.7495070251,67.7495070251,63.6558286776
159,0,150,positive,0.0794189952826,-0.073616315979,0.0327713256159,79.4189952826,-73.616315979,32.7713256159,67.7501799581,67.7501799581,63.6573256382
159,1,150,positive,0.0792372077439,-0.0735113608946,0.0333750333063,79.2372077439,-73.5113608946,33.3750333063,67.9600901268,67.9600901268,64.2610333285
160,0,150,positive,0.0771966463814,-0.0723332422427,0.0292921311024,77.1966463814,-72.3332422427,29.2921311024,70.3163274307,70.3163274307,60.1781311247
160,1,150,positive,0.0769259189451,-0.0721769376844,0.0298000155084,76.9259189451,-72.1769376844,29.8000155084,70.6289365472,70.6289365472,60.6860155307
161,0,150,positive,0.0765774363716,-0.0719757411768,0.0304064301292,76.5774363716,-71.9757411768,30.4064301292,71.0313295624,71.0313295624,61.2924301515
161,1,150,positive,0.0769259189451,-0.0721769376844,0.0298000155084,76.9259189451,-72.1769376844,29.8000155084,70.6289365472,70.6289365472,60.6860155307
162,0,150,positive,0.0765774363716,-0.0719757411768,0.0304064301292,76.5774363716,-71.9757411768,30.4064301292,71.0313295624,71.0313295624,61.2924301515
162,1,150,positive,0.0765153408916,-0.0719398903347,0.0305623024004,76.5153408916,-71.9398903347,30.5623024004,71.1030312466,71.1030312466,61.4483024227
163,0,150,positive,0.0760490048594,-0.071670651101,0.0317323375281,76.0490048594,-71.670651101,31.7323375281,71.641509714,71.641509714,62.6183375504
163,1,150,positive,0.0765153408916,-0.0719398903347,0.0305623024004,76.5153408916,-71.9398903347,30.5623024004,71.1030312466,71.1030312466,61.4483024227
164,0,150,positive,0.0760490048594,-0.071670651101,0.0317323375281,76.0490048594,-71.670651101,31.7323375281,71.641509714,71.641509714,62.6183375504
164,1,150,positive,0.0759510198534,-0.0716140794314,0.0320736728191,75.9510198534,-71.6140794314,32.0736728191,71.7546530532,71.7546530532,62.9596728413
165,0,150,positive,0.0759510198534,-0.0716140794314,0.0320736728191,75.9510198534,-71.6140794314,32.0736728191,71.7546530532,71.7546530532,62.9596728413
165,1,150,positive,0.0755583731411,-0.0713873847463,0.0332326823432,75.5583731411,-71.3873847463,33.2326823432,72.2080424233,72.2080424233,64.1186823655
166,0,150,positive,0.0755245695512,-0.0713678682346,0.0333147435132,75.5245695512,-71.3678682346,33.3147435132,72.2470754467,72.2470754467,64.2007435355
166,1,150,positive,0.0755583731411,-0.0713873847463,0.0332326823432,75.5583731411,-71.3873847463,33.2326823432,72.2080424233,72.2080424233,64.1186823655
167,0,150,positive,0.0790533287781,-0.0734051983241,0.0337338234213,79.0533287781,-73.4051983241,33.7338234213,68.1724152677,68.1724152677,64.6198234436
167,1,150,positive,0.0789130954796,-0.0733242345915,0.0340955867801,78.9130954796,-73.3242345915,34.0955867801,68.3343427329,68.3343427329,64.9815868024
168,0,150,positive,0.0790533287781,-0.0734051983241,0.0337338234213,79.0533287781,-73.4051983241,33.7338234213,68.1724152677,68.1724152677,64.6198234436
168,1,150,positive,0.0792372077439,-0.0735113608946,0.0333750333063,79.2372077439,-73.5113608946,33.3750333063,67.9600901268,67.9600901268,64.2610333285
169,0,150,positive,0.0788476299431,-0.0732864380464,0.0342474192981,78.8476299431,-73.2864380464,34.2474192981,68.4099358232,68.4099358232,65.1334193204
169,1,150,positive,0.0789130954796,-0.0733242345915,0.0340955867801,78.9130954796,-73.3242345915,34.0955867801,68.3343427329,68.3343427329,64.9815868024
170,0,150,positive,0.0788476299431,-0.0732864380464,0.0342474192981,78.8476299431,-73.2864380464,34.2474192981,68.4099358232,68.4099358232,65.1334193204
170,1,150,positive,0.0786149139252,-0.0731520793908,0.0348145634978,78.6149139252,-73.1520793908,34.8145634978,68.6786531344,68.6786531344,65.7005635201
171,0,150,positive,0.0784597856564,-0.0730625160431,0.035412078519,78.4597856564,-73.0625160431,35.412078519,68.8577798298,68.8577798298,66.2980785413
171,1,150,positive,0.0786149139252,-0.0731520793908,0.0348145634978,78.6149139252,-73.1520793908,34.8145634978,68.6786531344,68.6786531344,65.7005635201
172,0,150,positive,0.0784597856564,-0.0730625160431,0.035412078519,78.4597856564,-73.0625160431,35.412078519,68.8577798298,68.8577798298,66.2980785413
172,1,150,positive,0.0783865865016,-0.0730202544914,0.0355927832223,78.3865865016,-73.0202544914,35.5927832223,68.9423029332,68.9423029332,66.4787832446
173,0,150,positive,0.0783865865016,-0.0730202544914,0.0355927832223,78.3865865016,-73.0202544914,35.5927832223,68.9423029332,68.9423029332,66.4787832446
173,1,150,positive,0.0782536513469,-0.072943504344,0.0358222500142,78.2536513469,-72.943504344,35.8222500142,69.0958032279,69.0958032279,66.7082500365
174,0,150,positive,0.0781896569481,-0.0729065571606,0.035935369259,78.1896569481,-72.9065571606,35.935369259,69.1696975947,69.1696975947,66.8213692813
174,1,150,positive,0.0782536513469,-0.072943504344,0.0358222500142,78.2536513469,-72.943504344,35.8222500142,69.0958032279,69.0958032279,66.7082500365
175,0,150,positive,0.0781896569481,-0.0729065571606,0.035935369259,78.1896569481,-72.9065571606,35.935369259,69.1696975947,69.1696975947,66.8213692813
175,1,150,positive,0.077941924375,-0.0727635286929,0.0362654854893,77.941924375,-72.7635286929,36.2654854893,69.4557545302,69.4557545302,67.1514855115
176,0,150,positive,0.0776405841209,-0.0725895498161,0.0368096060021,77.6405841209,-72.5895498161,36.8096060021,69.8037122838,69.8037122838,67.6956060244
176,1,150,positive,0.077941924375,-0.0727635286929,0.0362654854893,77.941924375,-72.7635286929,36.2654854893,69.4557545302,69.4557545302,67.1514855115
177,0,150,positive,0.0776405841209,-0.0725895498161,0.0368096060021,77.6405841209,-72.5895498161,36.8096060021,69.8037122838,69.8037122838,67.6956060244
177,1,150,positive,0.0775844804235,-0.0725571583312,0.0369018182298,77.5844804235,-72.5571583312,36.9018182298,69.8684952535,69.8684952535,67.7878182521
178,0,150,positive,0.0775844804235,-0.0725571583312,0.0369018182298,77.5844804235,-72.5571583312,36.9018182298,69.8684952535,69.8684952535,67.7878182521
178,1,150,positive,0.0775389457624,-0.0725308688824,0.0369694609123,77.5389457624,-72.5308688824,36.9694609123,69.9210741512,69.9210741512,67.8554609346
179,0,150,positive,0.0772876385132,-0.0723857765744,0.037294740999,77.2876385132,-72.3857765744,37.294740999,70.2112587671,70.2112587671,68.1807410212
179,1,150,positive,0.0775389457624,-0.0725308688824,0.0369694609123,77.5389457624,-72.5308688824,36.9694609123,69.9210741512,69.9210741512,67.8554609346
180,0,150,positive,0.0772876385132,-0.0723857765744,0.037294740999,77.2876385132,-72.3857765744,37.294740999,70.2112587671,70.2112587671,68.1807410212
180,1,150,positive,0.0770953824653,-0.0722747774934,0.0377786914969,77.0953824653,-72.2747774934,37.7786914969,70.4332569292,70.4332569292,68.6646915192
181,0,150,positive,0.0770903364214,-0.0722718641586,0.0377961177036,77.0903364214,-72.2718641586,37.7961177036,70.4390835988,70.4390835988,68.6821177259
181,1,150,positive,0.0770953824653,-0.0722747774934,0.0377786914969,77.0953824653,-72.2747774934,37.7786914969,70.4332569292,70.4332569292,68.6646915192
182,0,150,positive,0.0770903364214,-0.0722718641586,0.0377961177036,77.0903364214,-72.2718641586,37.7961177036,70.4390835988,70.4390835988,68.6821177259
182,1,150,positive,0.0768043311419,-0.0721067389335,0.0383684950631,76.8043311419,-72.1067389335,38.3684950631,70.769334049,70.769334049,69.2544950854
183,0,150,positive,0.0765437965339,-0.0719563192075,0.0388206956177,76.5437965339,-71.9563192075,38.8206956177,71.0701735011,71.0701735011,69.7066956399
183,1,150,positive,0.0768043311419,-0.0721067389335,0.0383684950631,76.8043311419,-72.1067389335,38.3684950631,70.769334049,70.769334049,69.2544950854
184,0,150,positive,0.0763549797874,-0.071847305808,0.0391996435352,76.3549797874,-71.847305808,39.1996435352,71.2882003,71.2882003,70.0856435575
184,1,150,positive,0.0762113074946,-0.0717643565711,0.0395614097056,76.2113074946,-71.7643565711,39.5614097056,71.4540987738,71.4540987738,70.4474097279
185,0,150,positive,0.0763549797874,-0.071847305808,0.0391996435352,76.3549797874,-71.847305808,39.1996435352,71.2882003,71.2882003,70.0856435575
185,1,150,positive,0.0765437965339,-0.0719563192075,0.0388206956177,76.5437965339,-71.9563192075,38.8206956177,71.0701735011,71.0701735011,69.7066956399
186,0,150,positive,0.0760099562289,-0.0716481063636,0.0400278411784,76.0099562289,-71.6481063636,40.0278411784,71.6865991887,71.6865991887,70.9138412007
186,1,150,positive,0.0762113074946,-0.0717643565711,0.0395614097056,76.2113074946,-71.7643565711,39.5614097056,71.4540987738,71.4540987738,70.4474097279
187,0,150,positive,0.0754818145903,-0.0713431836464,0.0334443482905,75.4818145903,-71.3431836464,33.4443482905,72.2964446232,72.2964446232,64.3303483128
187,1,150,positive,0.0755245695512,-0.0713678682346,0.0333147435132,75.5245695512,-71.3678682346,33.3147435132,72.2470754467,72.2470754467,64.2007435355
188,0,150,positive,0.0754818145903,-0.0713431836464,0.0334443482905,75.4818145903,-71.3431836464,33.4443482905,72.2964446232,72.2964446232,64.3303483128
188,1,150,positive,0.0749873332068,-0.0710576946866,0.0347508446448,74.9873332068,-71.0576946866,34.7508446448,72.8674225428,72.8674225428,65.6368446671
189,0,150,positive,0.0747818804073,-0.0709390764574,0.0352759096818,74.7818804073,-70.9390764574,35.2759096818,73.1046590011,73.1046590011,66.1619097041
189,1,150,positive,0.0749873332068,-0.0710576946866,0.0347508446448,74.9873332068,-71.0576946866,34.7508446448,72.8674225428,72.8674225428,65.6368446671
190,0,150,positive,0.0747818804073,-0.0709390764574,0.0352759096818,74.7818804073,-70.9390764574,35.2759096818,73.1046590011,73.1046590011,66.1619097041
190,1,150,positive,0.0746466574302,-0.0708610054353,0.0355971510519,74.6466574302,-70.8610054353,35.5971510519,73.2608010455,73.2608010455,66.4831510742
191,0,150,positive,0.0744190875768,-0.0707296179191,0.0362860510105,74.4190875768,-70.7296179191,36.2860510105,73.5235760777,73.5235760777,67.1720510328
191,1,150,positive,0.0746466574302,-0.0708610054353,0.0355971510519,74.6466574302,-70.8610054353,35.5971510519,73.2608010455,73.2608010455,66.4831510742
192,0,150,positive,0.0744190875768,-0.0707296179191,0.0362860510105,74.4190875768,-70.7296179191,36.2860510105,73.5235760777,73.5235760777,67.1720510328
192,1,150,positive,0.074345919555,-0.070687374342,0.0364955327491,74.345919555,-70.687374342,36.4955327491,73.608063232,73.608063232,67.3815327714
193,0,150,positive,0.0741953437281,-0.0706004393479,0.0368189393364,74.1953437281,-70.6004393479,36.8189393364,73.7819332202,73.7819332202,67.7049393587
193,1,150,positive,0.074345919555,-0.070687374342,0.0364955327491,74.345919555,-70.687374342,36.4955327491,73.608063232,73.608063232,67.3815327714
194,0,150,positive,0.0738264389211,-0.0703874520582,0.0377649411904,73.8264389211,-70.3874520582,37.7649411904,74.2079077995,74.2079077995,68.6509412127
194,1,150,positive,0.0739894363873,-0.0704815586892,0.0373396714044,73.9894363873,-70.4815586892,37.3396714044,74.0196945375,74.0196945375,68.2256714267
195,0,150,positive,0.0738264389211,-0.0703874520582,0.0377649411904,73.8264389211,-70.3874520582,37.7649411904,74.2079077995,74.2079077995,68.6509412127
195,1,150,positive,0.0736376932561,-0.0702784796977,0.038101365626,73.6376932561,-70.2784796977,38.101365626,74.4258525205,74.4258525205,68.9873656483
196,0,150,positive,0.0760099562289,-0.0716481063636,0.0400278411784,76.0099562289,-71.6481063636,40.0278411784,71.6865991887,71.6865991887,70.9138412007
196,1,150,positive,0.0759944296343,-0.0716391420801,0.0400677376305,75.9944296343,-71.6391420801,40.0677376305,71.7045277558,71.7045277558,70.9537376528
197,0,150,positive,0.0757695849241,-0.0715093279261,0.0406504116417,75.7695849241,-71.5093279261,40.6504116417,71.9641560637,71.9641560637,71.536411664
197,1,150,positive,0.0759944296343,-0.0716391420801,0.0400677376305,75.9944296343,-71.6391420801,40.0677376305,71.7045277558,71.7045277558,70.9537376528
198,0,150,positive,0.0757695849241,-0.0715093279261,0.0406504116417,75.7695849241,-71.5093279261,40.6504116417,71.9641560637,71.9641560637,71.536411664
198,1,150,positive,0.0757152532673,-0.0714779595294,0.0407585624535,75.7152532673,-71.4779595294,40.7585624535,72.0268928571,72.0268928571,71.6445624758
199,0,150,positive,0.0755220499767,-0.0713664135576,0.0410478613766,75.5220499767,-71.3664135576,41.0478613766,72.2499848008,72.2499848008,71.9338613989
199,1,150,positive,0.0757152532673,-0.0714779595294,0.0407585624535,75.7152532673,-71.4779595294,40.7585624535,72.0268928571,72.0268928571,71.6445624758
200,0,150,positive,0.0755220499767,-0.0713664135576,0.0410478613766,75.5220499767,-71.3664135576,41.0478613766,72.2499848008,72.2499848008,71.9338613989
200,1,150,positive,0.0752135552541,-0.0711883040464,0.0415052581693,75.2135552541,-71.1883040464,41.5052581693,72.6062038231,72.6062038231,72.3912581916
201,0,150,positive,0.0752106152419,-0.0711866066296,0.0415113903487,75.2106152419,-71.1866066296,41.5113903487,72.6095986567,72.6095986567,72.397390371
201,1,150,positive,0.0752135552541,-0.0711883040464,0.0415052581693,75.2135552541,-71.1883040464,41.5052581693,72.6062038231,72.6062038231,72.3912581916
202,0,150,positive,0.0752080601052,-0.0711851314208,0.041520167229,75.2080601052,-71.1851314208,41.520167229,72.6125490745,72.6125490745,72.4061672513
202,1,150,positive,0.0752106152419,-0.0711866066296,0.0415113903487,75.2106152419,-71.1866066296,41.5113903487,72.6095986567,72.6095986567,72.397390371
203,0,150,positive,0.0752080601052,-0.0711851314208,0.041520167229,75.2080601052,-71.1851314208,41.520167229,72.6125490745,72.6125490745,72.4061672513
203,1,150,positive,0.0749971144602,-0.0710633418959,0.0421146652446,74.9971144602,-71.0633418959,42.1146652446,72.8561281242,72.8561281242,73.0006652669
204,0,150,positive,0.074937070796,-0.0710286756701,0.0422509869665,74.937070796,-71.0286756701,42.2509869665,72.9254605757,72.9254605757,73.1369869888
204,1,150,positive,0.0749971144602,-0.0710633418959,0.0421146652446,74.9971144602,-71.0633418959,42.1146652446,72.8561281242,72.8561281242,73.0006652669
205,0,150,positive,0.074937070796,-0.0710286756701,0.0422509869665,74.937070796,-71.0286756701,42.2509869665,72.9254605757,72.9254605757,73.1369869888
205,1,150,positive,0.0745999979214,-0.0708340665553,0.0430721493075,74.5999979214,-70.8340665553,43.0721493075,73.3146788054,73.3146788054,73.9581493298
206,0,150,positive,0.0731127333406,-0.0699753939491,0.0393928279107,73.1127333406,-69.9753939491,39.3928279107,75.0320240177,75.0320240177,70.278827933
206,1,150,positive,0.0731536268704,-0.0699990038396,0.0393004589806,73.1536268704,-69.9990038396,39.3004589806,74.9848042367,74.9848042367,70.1864590029
207,0,150,positive,0.0730720290403,-0.0699518933105,0.0394943026647,73.0720290403,-69.9518933105,39.4943026647,75.0790252951,75.0790252951,70.380302687
207,1,150,positive,0.0731127333406,-0.0699753939491,0.0393928279107,73.1127333406,-69.9753939491,39.3928279107,75.0320240177,75.0320240177,70.278827933
208,0,150,positive,0.0736376932561,-0.0702784796977,0.038101365626,73.6376932561,-70.2784796977,38.101365626,74.4258525205,74.4258525205,68.9873656483
208,1,150,positive,0.0731536268704,-0.0699990038396,0.0393004589806,73.1536268704,-69.9990038396,39.3004589806,74.9848042367,74.9848042367,70.1864590029
209,0,150,positive,0.0730720290403,-0.0699518933105,0.0394943026647,73.0720290403,-69.9518933105,39.4943026647,75.0790252951,75.0790252951,70.380302687
209,1,150,positive,0.0720333052677,-0.0693521858607,0.041837668389,72.0333052677,-69.3521858607,41.837668389,76.2784401945,76.2784401945,72.7236684113
210,0,150,positive,0.0741953437281,-0.0706004393479,0.0368189393364,74.1953437281,-70.6004393479,36.8189393364,73.7819332202,73.7819332202,67.7049393587
210,1,150,positive,0.0739894363873,-0.0704815586892,0.0373396714044,73.9894363873,-70.4815586892,37.3396714044,74.0196945375,74.0196945375,68.2256714267
211,0,150,positive,0.0719448684414,-0.0693011268353,0.0420385610981,71.9448684414,-69.3011268353,42.0385610981,76.3805582454,76.3805582454,72.9245611204
211,1,150,positive,0.0720333052677,-0.0693521858607,0.041837668389,72.0333052677,-69.3521858607,41.837668389,76.2784401945,76.2784401945,72.7236684113
212,0,150,positive,0.0717969502284,-0.0692157262151,0.0423648487914,71.7969502284,-69.2157262151,42.3648487914,76.5513594857,76.5513594857,73.2508488137
212,1,150,positive,0.0719448684414,-0.0693011268353,0.0420385610981,71.9448684414,-69.3011268353,42.0385610981,76.3805582454,76.3805582454,72.9245611204
213,0,150,positive,0.0717969502284,-0.0692157262151,0.0423648487914,71.7969502284,-69.2157262151,42.3648487914,76.5513594857,76.5513594857,73.2508488137
213,1,150,positive,0.0715908316126,-0.0690967235769,0.0428391704712,71.5908316126,-69.0967235769,42.8391704712,76.7893647622,76.7893647622,73.7251704935
214,0,150,positive,0.0715908316126,-0.0690967235769,0.0428391704712,71.5908316126,-69.0967235769,42.8391704712,76.7893647622,76.7893647622,73.7251704935
214,1,150,positive,0.0715773163696,-0.0690889205477,0.0429117372389,71.5773163696,-69.0889205477,42.9117372389,76.8049708206,76.8049708206,73.7977372612
215,0,150,positive,0.0715434591182,-0.0690693730544,0.0432478532744,71.5434591182,-69.0693730544,43.2478532744,76.8440658071,76.8440658071,74.1338532967
215,1,150,positive,0.0715773163696,-0.0690889205477,0.0429117372389,71.5773163696,-69.0889205477,42.9117372389,76.8049708206,76.8049708206,73.7977372612
216,0,150,positive,0.074464286147,-0.0707557133258,0.0433647140183,74.464286147,-70.7557133258,43.3647140183,73.4713852644,73.4713852644,74.2507140406
216,1,150,positive,0.0742749495937,-0.0706463998158,0.0439942070815,74.2749495937,-70.6463998158,43.9942070815,73.6900122844,73.6900122844,74.8802071038
217,0,150,positive,0.074464286147,-0.0707557133258,0.0433647140183,74.464286147,-70.7557133258,43.3647140183,73.4713852644,73.4713852644,74.2507140406
217,1,150,positive,0.0745999979214,-0.0708340665553,0.0430721493075,74.5999979214,-70.8340665553,43.0721493075,73.3146788054,73.3146788054,73.9581493298
218,0,150,positive,0.074007008467,-0.0704917039341,0.0444584570507,74.007008467,-70.4917039341,44.4584570507,73.9994040477,73.9994040477,75.344457073
218,1,150,positive,0.0737139580345,-0.070322511188,0.0449237645508,73.7139580345,-70.322511188,44.9237645508,74.3377895399,74.3377895399,75.8097645731
219,0,150,positive,0.0735663876839,-0.0702373114064,0.0452127959586,73.5663876839,-70.2373114064,45.2127959586,74.5081891031,74.5081891031,76.0987959809
219,1,150,positive,0.0735309871754,-0.0702168729133,0.0452614292097,73.5309871754,-70.2168729133,45.2614292097,74.5490660894,74.5490660894,76.147429232
220,0,150,positive,0.0732301675878,-0.0700431946434,0.0454802575906,73.2301675878,-70.0431946434,45.4802575906,74.8964226292,74.8964226292,76.3662576129
220,1,150,positive,0.0735309871754,-0.0702168729133,0.0452614292097,73.5309871754,-70.2168729133,45.2614292097,74.5490660894,74.5490660894,76.147429232
221,0,150,positive,0.0732301675878,-0.0700431946434,0.0454802575906,73.2301675878,-70.0431946434,45.4802575906,74.8964226292,74.8964226292,76.3662576129
221,1,150,positive,0.0732124358396,-0.0700329572138,0.045490210042,73.2124358396,-70.0329572138,45.490210042,74.9168974883,74.9168974883,76.3762100643
222,0,150,positive,0.0732124358396,-0.0700329572138,0.045490210042,73.2124358396,-70.0329572138,45.490210042,74.9168974883,74.9168974883,76.3762100643
222,1,150,positive,0.0731957726693,-0.070023336728,0.0455139449664,73.1957726693,-70.023336728,45.5139449664,74.93613846,74.93613846,76.3999449887
223,0,150,positive,0.0731957726693,-0.070023336728,0.0455139449664,73.1957726693,-70.023336728,45.5139449664,74.93613846,74.93613846,76.3999449887
223,1,150,positive,0.0731718595493,-0.0700095304817,0.0455544016731,73.1718595493,-70.0095304817,45.5544016731,74.9637509526,74.9637509526,76.4404016954
224,0,150,positive,0.0741838497798,-0.0705938033137,0.0441495070432,74.1838497798,-70.5938033137,44.1495070432,73.7952052886,73.7952052886,75.0355070655
224,1,150,positive,0.0742749495937,-0.0706463998158,0.0439942070815,74.2749495937,-70.6463998158,43.9942070815,73.6900122844,73.6900122844,74.8802071038
225,0,150,positive,0.074007008467,-0.0704917039341,0.0444584570507,74.007008467,-70.4917039341,44.4584570507,73.9994040477,73.9994040477,75.344457073
225,1,150,positive,0.0741838497798,-0.0705938033137,0.0441495070432,74.1838497798,-70.5938033137,44.1495070432,73.7952052886,73.7952052886,75.0355070655
226,0,150,positive,0.0735663876839,-0.0702373114064,0.0452127959586,73.5663876839,-70.2373114064,45.2127959586,74.5081891031,74.5081891031,76.0987959809
226,1,150,positive,0.0737139580345,-0.070322511188,0.0449237645508,73.7139580345,-70.322511188,44.9237645508,74.3377895399,74.3377895399,75.8097645731
227,0,150,positive,0.071547000856,-0.0690714178777,0.04359035773,71.547000856,-69.0714178777,43.59035773,76.8399761605,76.8399761605,74.4763577523
227,1,150,positive,0.0715449197081,-0.0690702163264,0.0438160833644,71.5449197081,-69.0702163264,43.8160833644,76.8423792631,76.8423792631,74.7020833867
228,0,150,positive,0.0714756975901,-0.069030250918,0.0440712148356,71.4756975901,-69.030250918,44.0712148356,76.92231008,76.92231008,74.9572148579
228,1,150,positive,0.0715449197081,-0.0690702163264,0.0438160833644,71.5449197081,-69.0702163264,43.8160833644,76.8423792631,76.8423792631,74.7020833867
229,0,150,positive,0.0714756975901,-0.069030250918,0.0440712148356,71.4756975901,-69.030250918,44.0712148356,76.92231008,76.92231008,74.9572148579
229,1,150,positive,0.0714582720669,-0.0690201902875,0.0441260824133,71.4582720669,-69.0201902875,44.1260824133,76.942431341,76.942431341,75.0120824356
230,0,150,positive,0.0714582720669,-0.0690201902875,0.0441260824133,71.4582720669,-69.0201902875,44.1260824133,76.942431341,76.942431341,75.0120824356
230,1,150,positive,0.0714337088257,-0.0690060086935,0.0441692870909,71.4337088257,-69.0060086935,44.1692870909,76.970794529,76.970794529,75.0552871132
231,0,150,positive,0.0731718595493,-0.0700095304817,0.0455544016731,73.1718595493,-70.0095304817,45.5544016731,74.9637509526,74.9637509526,76.4404016954
231,1,150,positive,0.07303993044,-0.0699333611749,0.045914096051,73.03993044,-69.9333611749,45.914096051,75.1160895661,75.1160895661,76.8000960733
232,0,150,positive,0.0730355837052,-0.0699308515864,0.0459255480594,73.0355837052,-69.9308515864,45.9255480594,75.1211087431,75.1211087431,76.8115480817
232,1,150,positive,0.07303993044,-0.0699333611749,0.045914096051,73.03993044,-69.9333611749,45.914096051,75.1160895661,75.1160895661,76.8000960733
233,0,150,positive,0.0730345758734,-0.0699302697144,0.0459285998036,73.0345758734,-69.9302697144,45.9285998036,75.1222724871,75.1222724871,76.8145998259
233,1,150,positive,0.0728150206256,-0.069803509433,0.0467108183016,72.8150206256,-69.803509433,46.7108183016,75.3757930499,75.3757930499,77.5968183239
234,0,150,positive,0.0727059917103,-0.0697405615594,0.0470249159325,72.7059917103,-69.7405615594,47.0249159325,75.5016887971,75.5016887971,77.9109159548
234,1,150,positive,0.0728150206256,-0.069803509433,0.0467108183016,72.8150206256,-69.803509433,46.7108183016,75.3757930499,75.3757930499,77.5968183239
235,0,150,positive,0.0727059917103,-0.0697405615594,0.0470249159325,72.7059917103,-69.7405615594,47.0249159325,75.5016887971,75.5016887971,77.9109159548
235,1,150,positive,0.0724965631217,-0.0696196479074,0.0475687022389,72.4965631217,-69.6196479074,47.5687022389,75.7435161011,75.7435161011,78.4547022612
236,0,150,positive,0.0724965631217,-0.0696196479074,0.0475687022389,72.4965631217,-69.6196479074,47.5687022389,75.7435161011,75.7435161011,78.4547022612
236,1,150,positive,0.0721836818828,-0.0694390058399,0.0482765883693,72.1836818828,-69.4390058399,48.2765883693,76.1048002361,76.1048002361,79.1625883916
237,0,150,positive,0.073035209779,-0.0699306357,0.0459263751162,73.035209779,-69.9306357,45.9263751162,75.1215405159,75.1215405159,76.8123751385
237,1,150,positive,0.0730355837052,-0.0699308515864,0.0459255480594,73.0355837052,-69.9308515864,45.9255480594,75.1211087431,75.1211087431,76.8115480817
238,0,150,positive,0.0730345758734,-0.0699302697144,0.0459285998036,73.0345758734,-69.9302697144,45.9285998036,75.1222724871,75.1222724871,76.8145998259
238,1,150,positive,0.073035209779,-0.0699306357,0.0459263751162,73.035209779,-69.9306357,45.9263751162,75.1215405159,75.1215405159,76.8123751385
239,0,150,positive,0.072082634387,-0.069380666041,0.0485019431229,72.082634387,-69.380666041,48.5019431229,76.2214798339,76.2214798339,79.3879431452
239,1,150,positive,0.0721836818828,-0.0694390058399,0.0482765883693,72.1836818828,-69.4390058399,48.2765883693,76.1048002361,76.1048002361,79.1625883916
240,0,150,positive,0.0719811103465,-0.0693220511089,0.0487577998255,71.9811103465,-69.3220511089,48.7577998255,76.3387096981,76.3387096981,79.6437998478
240,1,150,positive,0.0717568330425,-0.0691925645471,0.0494915377538,71.7568330425,-69.1925645471,49.4915377538,76.5976828218,76.5976828218,80.3775377761
241,0,150,positive,0.0717568330425,-0.0691925645471,0.0494915377538,71.7568330425,-69.1925645471,49.4915377538,76.5976828218,76.5976828218,80.3775377761
241,1,150,positive,0.0716213348308,-0.0691143346181,0.0500333551499,71.6213348308,-69.1143346181,50.0333551499,76.7541426798,76.7541426798,80.9193551721
242,0,150,positive,0.0720278158241,-0.069349016529,0.048618118766,72.0278158241,-69.349016529,48.618118766,76.284778858,76.284778858,79.5041187883
242,1,150,positive,0.072082634387,-0.069380666041,0.0485019431229,72.082634387,-69.380666041,48.5019431229,76.2214798339,76.2214798339,79.3879431452
243,0,150,positive,0.0719811103465,-0.0693220511089,0.0487577998255,71.9811103465,-69.3220511089,48.7577998255,76.3387096981,76.3387096981,79.6437998478
243,1,150,positive,0.0720278158241,-0.069349016529,0.048618118766,72.0278158241,-69.349016529,48.618118766,76.284778858,76.284778858,79.5041187883
244,0,150,positive,0.071483917347,-0.0690349965968,0.0504033960471,71.483917347,-69.0349965968,50.4033960471,76.9128187223,76.9128187223,81.2893960694
244,1,150,positive,0.0716096716911,-0.0691076009012,0.0501414238604,71.6096716911,-69.1076009012,50.1414238604,76.7676101135,76.7676101135,81.0274238827
245,0,150,positive,0.0716322892493,-0.0691206591545,0.0500208019479,71.6322892493,-69.1206591545,50.0208019479,76.7414936069,76.7414936069,80.9068019702
245,1,150,positive,0.0716213348308,-0.0691143346181,0.0500333551499,71.6213348308,-69.1143346181,50.0333551499,76.7541426798,76.7541426798,80.9193551721
246,0,150,positive,0.0716096716911,-0.0691076009012,0.0501414238604,71.6096716911,-69.1076009012,50.1414238604,76.7676101135,76.7676101135,81.0274238827
246,1,150,positive,0.0716322892493,-0.0691206591545,0.0500208019479,71.6322892493,-69.1206591545,50.0208019479,76.7414936069,76.7414936069,80.9068019702
247,0,150,positive,0.071547000856,-0.0690714178777,0.04359035773,71.547000856,-69.0714178777,43.59035773,76.8399761605,76.8399761605,74.4763577523
247,1,150,positive,0.0715434591182,-0.0690693730544,0.0432478532744,71.5434591182,-69.0693730544,43.2478532744,76.8440658071,76.8440658071,74.1338532967
248,0,150,positive,0.071197864117,-0.0688698436875,0.0445954148922,71.197864117,-68.8698436875,44.5954148922,77.243124541,77.243124541,75.4814149145
248,1,150,positive,0.0714337088257,-0.0690060086935,0.0441692870909,71.4337088257,-69.0060086935,44.1692870909,76.970794529,76.970794529,75.0552871132
249,0,150,positive,0.071197864117,-0.0688698436875,0.0445954148922,71.197864117,-68.8698436875,44.5954148922,77.243124541,77.243124541,75.4814149145
249,1,150,positive,0.0709148179179,-0.0687064268882,0.0450301344505,70.9148179179,-68.7064268882,45.0301344505,77.5699581395,77.5699581395,75.9161344728
250,0,150,positive,0.0708997326788,-0.0686977174214,0.0450496837884,70.8997326788,-68.6977174214,45.0496837884,77.5873770733,77.5873770733,75.9356838107
250,1,150,positive,0.0709148179179,-0.0687064268882,0.0450301344505,70.9148179179,-68.7064268882,45.0301344505,77.5699581395,77.5699581395,75.9161344728
251,0,150,positive,0.0708997326788,-0.0686977174214,0.0450496837884,70.8997326788,-68.6977174214,45.0496837884,77.5873770733,77.5873770733,75.9356838107
251,1,150,positive,0.0706671432431,-0.0685634318481,0.0452866238941,70.6671432431,-68.5634318481,45.2866238941,77.8559482198,77.8559482198,76.1726239164
252,0,150,positive,0.0706671432431,-0.0685634318481,0.0452866238941,70.6671432431,-68.5634318481,45.2866238941,77.8559482198,77.8559482198,76.1726239164
252,1,150,positive,0.0704043507335,-0.0684117085219,0.0456727531404,70.4043507335,-68.4117085219,45.6727531404,78.1593948722,78.1593948722,76.5587531627
253,0,150,positive,0.0703427652648,-0.068376152135,0.0457776677228,70.3427652648,-68.376152135,45.7776677228,78.230507646,78.230507646,76.663667745
253,1,150,positive,0.0704043507335,-0.0684117085219,0.0456727531404,70.4043507335,-68.4117085219,45.6727531404,78.1593948722,78.1593948722,76.5587531627
254,0,150,positive,0.0698927603934,-0.0681163417013,0.0469068041136,69.8927603934,-68.1163417013,46.9068041136,78.7501285133,78.7501285133,77.7928041359
254,1,150,positive,0.0700314641598,-0.0681964223582,0.0465527717537,70.0314641598,-68.1964223582,46.5527717537,78.5899671995,78.5899671995,77.438771776
255,0,150,positive,0.0703427652648,-0.068376152135,0.0457776677228,70.3427652648,-68.376152135,45.7776677228,78.230507646,78.230507646,76.663667745
255,1,150,positive,0.0700314641598,-0.0681964223582,0.0465527717537,70.0314641598,-68.1964223582,46.5527717537,78.5899671995,78.5899671995,77.438771776
256,0,150,positive,0.0697175642581,-0.0680151921654,0.0473941448455,69.7175642581,-68.0151921654,47.3941448455,78.9524275851,78.9524275851,78.2801448678
256,1,150,positive,0.0698927603934,-0.0681163417013,0.0469068041136,69.8927603934,-68.1163417013,46.9068041136,78.7501285133,78.7501285133,77.7928041359
257,0,150,positive,0.0697175642581,-0.0680151921654,0.0473941448455,69.7175642581,-68.0151921654,47.3941448455,78.9524275851,78.9524275851,78.2801448678
257,1,150,positive,0.0694722650567,-0.0678735686055,0.048173000274,69.4722650567,-67.8735686055,48.173000274,79.235674705,79.235674705,79.0590002963
258,0,150,positive,0.071483917347,-0.0690349965968,0.0504033960471,71.483917347,-69.0349965968,50.4033960471,76.9128187223,76.9128187223,81.2893960694
258,1,150,positive,0.0713570286786,-0.06896173739,0.0506901142096,71.3570286786,-68.96173739,50.6901142096,77.059337136,77.059337136,81.5761142319
259,0,150,positive,0.0694722650567,-0.0678735686055,0.048173000274,69.4722650567,-67.8735686055,48.173000274,79.235674705,79.235674705,79.0590002963
259,1,150,positive,0.0689603932261,-0.0675780392663,0.0495437401872,68.9603932261,-67.5780392663,49.5437401872,79.8267333833,79.8267333833,80.4297402095
260,0,150,positive,0.0713570286786,-0.06896173739,0.0506901142096,71.3570286786,-68.96173739,50.6901142096,77.059337136,77.059337136,81.5761142319
260,1,150,positive,0.0713071944055,-0.068932965559,0.0507713219538,71.3071944055,-68.932965559,50.7713219538,77.116880798,77.116880798,81.6573219761
261,0,150,positive,0.0709882324655,-0.068748812797,0.0513000608403,70.9882324655,-68.748812797,51.3000608403,77.4851863219,77.4851863219,82.1860608626
261,1,150,positive,0.0713071944055,-0.068932965559,0.0507713219538,71.3071944055,-68.932965559,50.7713219538,77.116880798,77.116880798,81.6573219761
262,0,150,positive,0.0709882324655,-0.068748812797,0.0513000608403,70.9882324655,-68.748812797,51.3000608403,77.4851863219,77.4851863219,82.1860608626
262,1,150,positive,0.0709098786876,-0.0687035752223,0.0514442850999,70.9098786876,-68.7035752223,51.4442850999,77.5756614714,77.5756614714,82.3302851222
263,0,150,positive,0.0709098786876,-0.0687035752223,0.0514442850999,70.9098786876,-68.7035752223,51.4442850999,77.5756614714,77.5756614714,82.3302851222
263,1,150,positive,0.0708550134435,-0.0686718987588,0.051798405798,70.8550134435,-68.6718987588,51.798405798,77.6390143984,77.6390143984,82.6844058203
264,0,150,positive,0.070769477308,-0.068622514448,0.0525255323809,70.769477308,-68.622514448,52.5255323809,77.73778302,77.73778302,83.4115324032
264,1,150,positive,0.0706705801391,-0.0685654161409,0.0527108875022,70.6705801391,-68.5654161409,52.7108875022,77.8519796342,77.8519796342,83.5968875245
265,0,150,positive,0.0706705801391,-0.0685654161409,0.0527108875022,70.6705801391,-68.5654161409,52.7108875022,77.8519796342,77.8519796342,83.5968875245
265,1,150,positive,0.0706403473792,-0.0685479612488,0.0528242595658,70.6403473792,-68.5479612488,52.8242595658,77.8868894184,77.8868894184,83.7102595881
266,0,150,positive,0.0708550134435,-0.0686718987588,0.051798405798,70.8550134435,-68.6718987588,51.798405798,77.6390143984,77.6390143984,82.6844058203
266,1,150,positive,0.0708647348626,-0.0686775114228,0.052041782649,70.8647348626,-68.6775114228,52.041782649,77.6277890704,77.6277890704,82.9277826713
267,0,150,positive,0.070844459723,-0.0686658055655,0.0522796942757,70.844459723,-68.6658055655,52.2796942757,77.651200785,77.651200785,83.165694298
267,1,150,positive,0.0708647348626,-0.0686775114228,0.052041782649,70.8647348626,-68.6775114228,52.041782649,77.6277890704,77.6277890704,82.9277826713
268,0,150,positive,0.070769477308,-0.068622514448,0.0525255323809,70.769477308,-68.622514448,52.5255323809,77.73778302,77.73778302,83.4115324032
268,1,150,positive,0.070844459723,-0.0686658055655,0.0522796942757,70.844459723,-68.6658055655,52.2796942757,77.651200785,77.651200785,83.165694298
269,0,150,positive,0.0689240103725,-0.067557033616,0.0496501998358,68.9240103725,-67.557033616,49.6501998358,79.868744684,79.868744684,80.5361998581
269,1,150,positive,0.0689603932261,-0.0675780392663,0.0495437401872,68.9603932261,-67.5780392663,49.5437401872,79.8267333833,79.8267333833,80.4297402095
270,0,150,positive,0.0688781420758,-0.0675305515425,0.0498077195329,68.8781420758,-67.5305515425,49.8077195329,79.9217088309,79.9217088309,80.6937195552
270,1,150,positive,0.0689240103725,-0.067557033616,0.0496501998358,68.9240103725,-67.557033616,49.6501998358,79.868744684,79.868744684,80.5361998581
271,0,150,positive,0.0688781420758,-0.0675305515425,0.0498077195329,68.8781420758,-67.5305515425,49.8077195329,79.9217088309,79.9217088309,80.6937195552
271,1,150,positive,0.0682737650206,-0.067181614287,0.0519557034822,68.2737650206,-67.181614287,51.9557034822,80.6195833419,80.6195833419,82.8417035045
272,0,150,positive,0.0706403473792,-0.0685479612488,0.0528242595658,70.6403473792,-68.5479612488,52.8242595658,77.8868894184,77.8868894184,83.7102595881
272,1,150,positive,0.0706444999514,-0.0685503587375,0.0533760530211,70.6444999514,-68.5503587375,53.3760530211,77.8820944409,77.8820944409,84.2620530434
273,0,150,positive,0.0706548982061,-0.0685563621726,0.0537338078242,70.6548982061,-68.5563621726,53.7338078242,77.8700875707,77.8700875707,84.6198078465
273,1,150,positive,0.0706444999514,-0.0685503587375,0.0533760530211,70.6444999514,-68.5503587375,53.3760530211,77.8820944409,77.8820944409,84.2620530434
274,0,150,positive,0.070643122264,-0.0685495633293,0.0538979414017,70.643122264,-68.5495633293,53.8979414017,77.8836852574,77.8836852574,84.783941424
274,1,150,positive,0.0706548982061,-0.0685563621726,0.0537338078242,70.6548982061,-68.5563621726,53.7338078242,77.8700875707,77.8700875707,84.6198078465
275,0,150,positive,0.0705811272027,-0.068513770464,0.054474522055,70.5811272027,-68.513770464,54.474522055,77.955270988,77.955270988,85.3605220773
275,1,150,positive,0.070643122264,-0.0685495633293,0.0538979414017,70.643122264,-68.5495633293,53.8979414017,77.8836852574,77.8836852574,84.783941424
276,0,150,positive,0.0705811272027,-0.068513770464,0.054474522055,70.5811272027,-68.513770464,54.474522055,77.955270988,77.955270988,85.3605220773
276,1,150,positive,0.0705262584565,-0.0684820919786,0.0552329759215,70.5262584565,-68.4820919786,55.2329759215,78.0186279588,78.0186279588,86.1189759437
277,0,150,positive,0.0702653764424,-0.0683314716775,0.0563328233319,70.2653764424,-68.3314716775,56.3328233319,78.3198685609,78.3198685609,87.2188233542
277,1,150,positive,0.0705262584565,-0.0684820919786,0.0552329759215,70.5262584565,-68.4820919786,55.2329759215,78.0186279588,78.0186279588,86.1189759437
278,0,150,positive,0.0702653764424,-0.0683314716775,0.0563328233319,70.2653764424,-68.3314716775,56.3328233319,78.3198685609,78.3198685609,87.2188233542
278,1,150,positive,0.0702395520277,-0.0683165619448,0.0564725648893,70.2395520277,-68.3165619448,56.4725648893,78.3496880264,78.3496880264,87.3585649116
279,0,150,positive,0.0702395520277,-0.0683165619448,0.0564725648893,70.2395520277,-68.3165619448,56.4725648893,78.3496880264,78.3496880264,87.3585649116
279,1,150,positive,0.070198230015,-0.0682927046696,0.05652918754,70.198230015,-68.2927046696,56.52918754,78.3974025768,78.3974025768,87.4151875623
280,0,150,positive,0.0698218299598,-0.0680753899964,0.0568039760857,69.8218299598,-68.0753899964,56.8039760857,78.8320319232,78.8320319232,87.689976108
280,1,150,positive,0.070198230015,-0.0682927046696,0.05652918754,70.198230015,-68.2927046696,56.52918754,78.3974025768,78.3974025768,87.4151875623
281,0,150,positive,0.0698218299598,-0.0680753899964,0.0568039760857,69.8218299598,-68.0753899964,56.8039760857,78.8320319232,78.8320319232,87.689976108
281,1,150,positive,0.0696373419608,-0.0679688758005,0.0569330141785,69.6373419608,-67.9688758005,56.9330141785,79.0450603149,79.0450603149,87.8190142008
282,0,150,positive,0.0682737650206,-0.067181614287,0.0519557034822,68.2737650206,-67.181614287,51.9557034822,80.6195833419,80.6195833419,82.8417035045
282,1,150,positive,0.0679256843674,-0.0669806498282,0.0530419467899,67.9256843674,-66.9806498282,53.0419467899,81.0215122596,81.0215122596,83.9279468122
283,0,150,positive,0.0676311745539,-0.0668106145081,0.053989898398,67.6311745539,-66.8106145081,53.989898398,81.3615828998,81.3615828998,84.8758984203
283,1,150,positive,0.0679256843674,-0.0669806498282,0.0530419467899,67.9256843674,-66.9806498282,53.0419467899,81.0215122596,81.0215122596,83.9279468122
284,0,150,positive,0.0570925556336,-0.0607261400376,0.0841063178284,57.0925556336,-60.7261400376,84.1063178284,93.5305318408,93.5305318408,114.992317851
284,1,150,positive,0.0570521484117,-0.0607028109172,0.0843872819094,57.0521484117,-60.7028109172,84.3872819094,93.5771900816,93.5771900816,115.273281932
285,0,150,positive,0.0567991104882,-0.0605567194039,0.0858561448841,56.7991104882,-60.5567194039,85.8561448841,93.8693731081,93.8693731081,116.742144906
285,1,150,positive,0.0570521484117,-0.0607028109172,0.0843872819094,57.0521484117,-60.7028109172,84.3872819094,93.5771900816,93.5771900816,115.273281932
286,0,150,positive,0.0567991104882,-0.0605567194039,0.0858561448841,56.7991104882,-60.5567194039,85.8561448841,93.8693731081,93.8693731081,116.742144906
286,1,150,positive,0.0567967661086,-0.0605553658757,0.0858703998261,56.7967661086,-60.5553658757,85.8703998261,93.8720801646,93.8720801646,116.756399848
287,0,150,positive,0.0564295870809,-0.0603433749652,0.0876490270172,56.4295870809,-60.3433749652,87.6490270172,94.2960619855,94.2960619855,118.53502704
287,1,150,positive,0.0567847152603,-0.0605484083152,0.0859250164408,56.7847152603,-60.5484083152,85.9250164408,93.8859952856,93.8859952856,116.811016463
288,0,150,positive,0.0567967661086,-0.0605553658757,0.0858703998261,56.7967661086,-60.5553658757,85.8703998261,93.8720801646,93.8720801646,116.756399848
288,1,150,positive,0.0567847152603,-0.0605484083152,0.0859250164408,56.7847152603,-60.5484083152,85.9250164408,93.8859952856,93.8859952856,116.811016463
289,0,150,positive,0.0563768296295,-0.0603129154364,0.0878673530394,56.3768296295,-60.3129154364,87.8673530394,94.3569810431,94.3569810431,118.753353062
289,1,150,positive,0.0564295870809,-0.0603433749652,0.0876490270172,56.4295870809,-60.3433749652,87.6490270172,94.2960619855,94.2960619855,118.53502704
290,0,150,positive,0.056299008041,-0.0602679851214,0.0882770968004,56.299008041,-60.2679851214,88.2770968004,94.4468416732,94.4468416732,119.163096823
290,1,150,positive,0.0563768296295,-0.0603129154364,0.0878673530394,56.3768296295,-60.3129154364,87.8673530394,94.3569810431,94.3569810431,118.753353062
291,0,150,positive,0.056299008041,-0.0602679851214,0.0882770968004,56.299008041,-60.2679851214,88.2770968004,94.4468416732,94.4468416732,119.163096823
291,1,150,positive,0.0559547427821,-0.0600692234815,0.0899100401143,55.9547427821,-60.0692234815,89.9100401143,94.844364953,94.844364953,120.796040137
292,0,150,positive,0.0558598218028,-0.0600144208286,0.0903138016012,55.8598218028,-60.0144208286,90.3138016012,94.9539702589,94.9539702589,121.199801623
292,1,150,positive,0.0559547427821,-0.0600692234815,0.0899100401143,55.9547427821,-60.0692234815,89.9100401143,94.844364953,94.844364953,120.796040137
293,0,150,positive,0.0558598218028,-0.0600144208286,0.0903138016012,55.8598218028,-60.0144208286,90.3138016012,94.9539702589,94.9539702589,121.199801623
293,1,150,positive,0.0557496419787,-0.0599508084774,0.0907471793254,55.7496419787,-59.9508084774,90.7471793254,95.0811949612,95.0811949612,121.633179348
294,0,150,positive,0.0557496419787,-0.0599508084774,0.0907471793254,55.7496419787,-59.9508084774,90.7471793254,95.0811949612,95.0811949612,121.633179348
294,1,150,positive,0.0556451116728,-0.0598904578771,0.0914406977862,55.6451116728,-59.8904578771,91.4406977862,95.2018961617,95.2018961617,122.326697809
295,0,150,positive,0.0583766106261,-0.0614674895331,0.0959985552354,58.3766106261,-61.4674895331,95.9985552354,92.0478328497,92.0478328497,126.884555258
295,1,150,positive,0.058314855334,-0.0614318350987,0.0964794560126,58.314855334,-61.4318350987,96.4794560126,92.1191417187,92.1191417187,127.365456035
296,0,150,positive,0.0581102702129,-0.0613137178239,0.097734648718,58.1102702129,-61.3137178239,97.734648718,92.3553762682,92.3553762682,128.62064874
296,1,150,positive,0.058314855334,-0.0614318350987,0.0964794560126,58.314855334,-61.4318350987,96.4794560126,92.1191417187,92.1191417187,127.365456035
297,0,150,positive,0.0555648582511,-0.0598441235425,0.0918265189715,55.5648582511,-59.8441235425,91.8265189715,95.2945648309,95.2945648309,122.712518994
297,1,150,positive,0.0556451116728,-0.0598904578771,0.0914406977862,55.6451116728,-59.8904578771,91.4406977862,95.2018961617,95.2018961617,122.326697809
298,0,150,positive,0.0550946251968,-0.0595726343621,0.0939804981844,55.0946251968,-59.5726343621,93.9804981844,95.8375431918,95.8375431918,124.866498207
298,1,150,positive,0.0552177415271,-0.0596437156085,0.0934611095324,55.2177415271,-59.6437156085,93.4611095324,95.6953806989,95.6953806989,124.347109555
299,0,150,positive,0.0555648582511,-0.0598441235425,0.0918265189715,55.5648582511,-59.8441235425,91.8265189715,95.2945648309,95.2945648309,122.712518994
299,1,150,positive,0.0553571274638,-0.0597241901166,0.0928002252838,55.3571274638,-59.7241901166,92.8002252838,95.5344316828,95.5344316828,123.686225306
300,0,150,positive,0.0553571274638,-0.0597241901166,0.0928002252838,55.3571274638,-59.7241901166,92.8002252838,95.5344316828,95.5344316828,123.686225306
300,1,150,positive,0.0552177415271,-0.0596437156085,0.0934611095324,55.2177415271,-59.6437156085,93.4611095324,95.6953806989,95.6953806989,124.347109555
301,0,150,positive,0.0549055077103,-0.0594634473303,0.0952411996546,54.9055077103,-59.4634473303,95.2411996546,96.0559172553,96.0559172553,126.127199677
301,1,150,positive,0.0549145822704,-0.05946868653,0.0951919772685,54.9145822704,-59.46868653,95.1919772685,96.0454388559,96.0454388559,126.077977291
302,0,150,positive,0.0548983330814,-0.0594593050564,0.0952775314639,54.8983330814,-59.4593050564,95.2775314639,96.0642018032,96.0642018032,126.163531486
302,1,150,positive,0.0549055077103,-0.0594634473303,0.0952411996546,54.9055077103,-59.4634473303,95.2411996546,96.0559172553,96.0559172553,126.127199677
303,0,150,positive,0.0550946251968,-0.0595726343621,0.0939804981844,55.0946251968,-59.5726343621,93.9804981844,95.8375431918,95.8375431918,124.866498207
303,1,150,positive,0.0549145822704,-0.05946868653,0.0951919772685,54.9145822704,-59.46868653,95.1919772685,96.0454388559,96.0454388559,126.077977291
304,0,150,positive,0.0581102702129,-0.0613137178239,0.097734648718,58.1102702129,-61.3137178239,97.734648718,92.3553762682,92.3553762682,128.62064874
304,1,150,positive,0.0580220984215,-0.0612628118164,0.097990702884,58.0220984215,-61.2628118164,97.990702884,92.4571882831,92.4571882831,128.876702906
305,0,150,positive,0.0578859305163,-0.0611841952397,0.0985004986134,57.8859305163,-61.1841952397,98.5004986134,92.6144214366,92.6144214366,129.386498636
305,1,150,positive,0.0580220984215,-0.0612628118164,0.097990702884,58.0220984215,-61.2628118164,97.990702884,92.4571882831,92.4571882831,128.876702906
306,0,150,positive,0.0578859305163,-0.0611841952397,0.0985004986134,57.8859305163,-61.1841952397,98.5004986134,92.6144214366,92.6144214366,129.386498636
306,1,150,positive,0.0578307698727,-0.0611523482273,0.0987325451876,57.8307698727,-61.1523482273,98.7325451876,92.6781154614,92.6781154614,129.61854521
307,0,150,positive,0.0578307698727,-0.0611523482273,0.0987325451876,57.8307698727,-61.1523482273,98.7325451876,92.6781154614,92.6781154614,129.61854521
307,1,150,positive,0.0574599287958,-0.0609382430317,0.0998597792144,57.4599287958,-60.9382430317,99.8597792144,93.1063258526,93.1063258526,130.745779237
308,0,150,positive,0.0573611863996,-0.0608812340826,0.100143973421,57.3611863996,-60.8812340826,100.143973421,93.2203437507,93.2203437507,131.029973444
308,1,150,positive,0.0574599287958,-0.0609382430317,0.0998597792144,57.4599287958,-60.9382430317,99.8597792144,93.1063258526,93.1063258526,130.745779237
309,0,150,positive,0.0573294491768,-0.0608629105885,0.100216058413,57.3294491768,-60.8629105885,100.216058413,93.2569907389,93.2569907389,131.102058436
309,1,150,positive,0.0573611863996,-0.0608812340826,0.100143973421,57.3611863996,-60.8812340826,100.143973421,93.2203437507,93.2203437507,131.029973444
310,0,150,positive,0.0571390844765,-0.0607530034775,0.100643384409,57.1390844765,-60.7530034775,100.643384409,93.4768049609,93.4768049609,131.529384431
310,1,150,positive,0.0569376946788,-0.0606367310236,0.101057323735,56.9376946788,-60.6367310236,101.057323735,93.7093498687,93.7093498687,131.943323757
311,0,150,positive,0.0569376946788,-0.0606367310236,0.101057323735,56.9376946788,-60.6367310236,101.057323735,93.7093498687,93.7093498687,131.943323757
311,1,150,positive,0.0569133425277,-0.0606226713026,0.10110131472,56.9133425277,-60.6226713026,101.10131472,93.7374693107,93.7374693107,131.987314742
312,0,150,positive,0.0573190830627,-0.0608569257098,0.100239920512,57.3190830627,-60.8569257098,100.239920512,93.2689604964,93.2689604964,131.125920535
312,1,150,positive,0.0573294491768,-0.0608629105885,0.100216058413,57.3294491768,-60.8629105885,100.216058413,93.2569907389,93.2569907389,131.102058436
313,0,150,positive,0.0573125101031,-0.0608531308097,0.100266471216,57.3125101031,-60.8531308097,100.266471216,93.2765502965,93.2765502965,131.152471239
313,1,150,positive,0.0573190830627,-0.0608569257098,0.100239920512,57.3190830627,-60.8569257098,100.239920512,93.2689604964,93.2689604964,131.125920535
314,0,150,positive,0.0571390844765,-0.0607530034775,0.100643384409,57.1390844765,-60.7530034775,100.643384409,93.4768049609,93.4768049609,131.529384431
314,1,150,positive,0.0573125101031,-0.0608531308097,0.100266471216,57.3125101031,-60.8531308097,100.266471216,93.2765502965,93.2765502965,131.152471239
315,0,150,positive,0.054877647645,-0.0594473623141,0.0953914312535,54.877647645,-59.4473623141,95.3914312535,96.0880872877,96.0880872877,126.277431276
315,1,150,positive,0.0548983330814,-0.0594593050564,0.0952775314639,54.8983330814,-59.4593050564,95.2775314639,96.0642018032,96.0642018032,126.163531486
316,0,150,positive,0.054877647645,-0.0594473623141,0.0953914312535,54.877647645,-59.4473623141,95.3914312535,96.0880872877,96.0880872877,126.277431276
316,1,150,positive,0.0544688850745,-0.059211363134,0.0973393022521,54.4688850745,-59.211363134,97.3393022521,96.5600856479,96.5600856479,128.225302274
317,0,150,positive,0.0544688850745,-0.059211363134,0.0973393022521,54.4688850745,-59.211363134,97.3393022521,96.5600856479,96.5600856479,128.225302274
317,1,150,positive,0.0543637547737,-0.0591506661266,0.0977377349821,54.3637547737,-59.1506661266,97.7377349821,96.6814796628,96.6814796628,128.623735004
318,0,150,positive,0.0542430907038,-0.0590810006933,0.0984332963424,54.2430907038,-59.0810006933,98.4332963424,96.8208105294,96.8208105294,129.319296365
318,1,150,positive,0.0543637547737,-0.0591506661266,0.0977377349821,54.3637547737,-59.1506661266,97.7377349821,96.6814796628,96.6814796628,128.623735004
319,0,150,positive,0.0541534019364,-0.0590292188593,0.0995693446836,54.1534019364,-59.0292188593,99.5693446836,96.9243741974,96.9243741974,130.455344706
319,1,150,positive,0.0541784828673,-0.0590436993415,0.0991746572272,54.1784828673,-59.0436993415,99.1746572272,96.8954132329,96.8954132329,130.060657249
320,0,150,positive,0.0539977731028,-0.0589393665104,0.100067783791,53.9977731028,-58.9393665104,100.067783791,97.1040788952,97.1040788952,130.953783813
320,1,150,positive,0.0541342788573,-0.0590181781445,0.0996671571499,54.1342788573,-59.0181781445,99.6671571499,96.946455627,96.946455627,130.553157172
321,0,150,positive,0.0541342788573,-0.0590181781445,0.0996671571499,54.1342788573,-59.0181781445,99.6671571499,96.946455627,96.946455627,130.553157172
321,1,150,positive,0.0541534019364,-0.0590292188593,0.0995693446836,54.1534019364,-59.0292188593,99.5693446836,96.9243741974,96.9243741974,130.455344706
322,0,150,positive,0.0542430907038,-0.0590810006933,0.0984332963424,54.2430907038,-59.0810006933,98.4332963424,96.8208105294,96.8208105294,129.319296365
322,1,150,positive,0.0541973838096,-0.0590546118056,0.0986791628752,54.1973838096,-59.0546118056,98.6791628752,96.8735883047,96.8735883047,129.565162897
323,0,150,positive,0.0541973838096,-0.0590546118056,0.0986791628752,54.1973838096,-59.0546118056,98.6791628752,96.8735883047,96.8735883047,129.565162897
323,1,150,positive,0.0541784828673,-0.0590436993415,0.0991746572272,54.1784828673,-59.0436993415,99.1746572272,96.8954132329,96.8954132329,130.060657249
324,0,150,positive,0.0539977731028,-0.0589393665104,0.100067783791,53.9977731028,-58.9393665104,100.067783791,97.1040788952,97.1040788952,130.953783813
324,1,150,positive,0.0537060787567,-0.0587709567011,0.100950701585,53.7060787567,-58.7709567011,100.950701585,97.4408985138,97.4408985138,131.836701608
325,0,150,positive,0.0537060787567,-0.0587709567011,0.100950701585,53.7060787567,-58.7709567011,100.950701585,97.4408985138,97.4408985138,131.836701608
325,1,150,positive,0.0535941983327,-0.0587063625082,0.101296283462,53.5941983327,-58.7063625082,101.296283462,97.5700868996,97.5700868996,132.182283485
326,0,150,positive,0.0569133425277,-0.0606226713026,0.10110131472,56.9133425277,-60.6226713026,101.10131472,93.7374693107,93.7374693107,131.987314742
326,1,150,positive,0.05687713429,-0.0606017664669,0.101193887007,56.87713429,-60.6017664669,101.193887007,93.7792789822,93.7792789822,132.079887029
327,0,150,positive,0.0567283795628,-0.0605158828851,0.101891183062,56.7283795628,-60.5158828851,101.891183062,93.9510461459,93.9510461459,132.777183085
327,1,150,positive,0.05687713429,-0.0606017664669,0.101193887007,56.87713429,-60.6017664669,101.193887007,93.7792789822,93.7792789822,132.079887029
328,0,150,positive,0.0567283795628,-0.0605158828851,0.101891183062,56.7283795628,-60.5158828851,101.891183062,93.9510461459,93.9510461459,132.777183085
328,1,150,positive,0.056662059966,-0.060477593248,0.102220179021,56.662059966,-60.477593248,102.220179021,94.0276254199,94.0276254199,133.106179043
329,0,150,positive,0.0565212443043,-0.0603962932878,0.102617368505,56.5212443043,-60.3962932878,102.617368505,94.1902253403,94.1902253403,133.503368527
329,1,150,positive,0.056662059966,-0.060477593248,0.102220179021,56.662059966,-60.477593248,102.220179021,94.0276254199,94.0276254199,133.106179043
330,0,150,positive,0.0565212443043,-0.0603962932878,0.102617368505,56.5212443043,-60.3962932878,102.617368505,94.1902253403,94.1902253403,133.503368527
330,1,150,positive,0.0563411355981,-0.0602923074778,0.103241571086,56.3411355981,-60.2923074778,103.241571086,94.3981969604,94.3981969604,134.127571108
331,0,150,positive,0.0563411355981,-0.0602923074778,0.103241571086,56.3411355981,-60.2923074778,103.241571086,94.3981969604,94.3981969604,134.127571108
331,1,150,positive,0.0562172304832,-0.0602207708263,0.103517100534,56.2172304832,-60.2207708263,103.517100534,94.5412702633,94.5412702633,134.403100557
332,0,150,positive,0.0559634904937,-0.0600742739751,0.104408240886,55.9634904937,-60.0742739751,104.408240886,94.8342639658,94.8342639658,135.294240908
332,1,150,positive,0.0562172304832,-0.0602207708263,0.103517100534,56.2172304832,-60.2207708263,103.517100534,94.5412702633,94.5412702633,134.403100557
333,0,150,positive,0.0559634904937,-0.0600742739751,0.104408240886,55.9634904937,-60.0742739751,104.408240886,94.8342639658,94.8342639658,135.294240908
333,1,150,positive,0.0559323358297,-0.0600562868215,0.104541753238,55.9323358297,-60.0562868215,104.541753238,94.870238273,94.870238273,135.42775326
334,0,150,positive,0.05574289776,-0.0599469147009,0.105450405101,55.74289776,-59.9469147009,105.450405101,95.0889825141,95.0889825141,136.336405123
334,1,150,positive,0.0559323358297,-0.0600562868215,0.104541753238,55.9323358297,-60.0562868215,104.541753238,94.870238273,94.870238273,135.42775326
335,0,150,positive,0.0554950039986,-0.0598037931711,0.106188847329,55.4950039986,-59.8037931711,106.188847329,95.3752255738,95.3752255738,137.074847351
335,1,150,positive,0.05574289776,-0.0599469147009,0.105450405101,55.74289776,-59.9469147009,105.450405101,95.0889825141,95.0889825141,136.336405123
336,0,150,positive,0.0554950039986,-0.0598037931711,0.106188847329,55.4950039986,-59.8037931711,106.188847329,95.3752255738,95.3752255738,137.074847351
336,1,150,positive,0.0554064658467,-0.0597526756452,0.106853582826,55.4064658467,-59.7526756452,106.853582826,95.4774606255,95.4774606255,137.739582849
337,0,150,positive,0.0551023421407,-0.0595770897417,0.108497986417,55.1023421407,-59.5770897417,108.497986417,95.8286324326,95.8286324326,139.383986439
337,1,150,positive,0.0550328097249,-0.0595369451827,0.108876946585,55.0328097249,-59.5369451827,108.876946585,95.9089215506,95.9089215506,139.762946608
338,0,150,positive,0.0553785506737,-0.0597365588126,0.107165111091,55.3785506737,-59.7365588126,107.165111091,95.5096942908,95.5096942908,138.051111113
338,1,150,positive,0.0554064658467,-0.0597526756452,0.106853582826,55.4064658467,-59.7526756452,106.853582826,95.4774606255,95.4774606255,137.739582849
339,0,150,positive,0.0551598228371,-0.0596102762372,0.108208056767,55.1598228371,-59.6102762372,108.208056767,95.7622594415,95.7622594415,139.094056789
339,1,150,positive,0.0553785506737,-0.0597365588126,0.107165111091,55.3785506737,-59.7365588126,107.165111091,95.5096942908,95.5096942908,138.051111113
340,0,150,positive,0.0551598228371,-0.0596102762372,0.108208056767,55.1598228371,-59.6102762372,108.208056767,95.7622594415,95.7622594415,139.094056789
340,1,150,positive,0.0551023421407,-0.0595770897417,0.108497986417,55.1023421407,-59.5770897417,108.497986417,95.8286324326,95.8286324326,139.383986439
341,0,150,positive,0.0549202105972,-0.0594719360461,0.109638039513,54.9202105972,-59.4719360461,109.638039513,96.0389398239,96.0389398239,140.524039536
341,1,150,positive,0.0550328097249,-0.0595369451827,0.108876946585,55.0328097249,-59.5369451827,108.876946585,95.9089215506,95.9089215506,139.762946608
342,0,150,positive,0.0548636865425,-0.0594393018679,0.110155321563,54.8636865425,-59.4393018679,110.155321563,96.1042081803,96.1042081803,141.041321585
342,1,150,positive,0.0549202105972,-0.0594719360461,0.109638039513,54.9202105972,-59.4719360461,109.638039513,96.0389398239,96.0389398239,140.524039536
343,0,150,positive,0.0548636865425,-0.0594393018679,0.110155321563,54.8636865425,-59.4393018679,110.155321563,96.1042081803,96.1042081803,141.041321585
343,1,150,positive,0.0548294793832,-0.0594195523552,0.110731789456,54.8294793832,-59.4195523552,110.731789456,96.1437072056,96.1437072056,141.617789478
344,0,150,positive,0.0548294793832,-0.0594195523552,0.110731789456,54.8294793832,-59.4195523552,110.731789456,96.1437072056,96.1437072056,141.617789478
344,1,150,positive,0.0547377928548,-0.0593666171134,0.111077172818,54.7377928548,-59.3666171134,111.077172818,96.2495776892,96.2495776892,141.96317284
345,0,150,positive,0.054737523841,-0.0593664617982,0.111079697037,54.737523841,-59.3664617982,111.079697037,96.2498883196,96.2498883196,141.965697059
345,1,150,positive,0.0547082471182,-0.0593495588744,0.11214185238,54.7082471182,-59.3495588744,112.14185238,96.2836941672,96.2836941672,143.027852403
346,0,150,positive,0.054737523841,-0.0593664617982,0.111079697037,54.737523841,-59.3664617982,111.079697037,96.2498883196,96.2498883196,141.965697059
346,1,150,positive,0.0547377928548,-0.0593666171134,0.111077172818,54.7377928548,-59.3666171134,111.077172818,96.2495776892,96.2495776892,141.96317284
347,0,150,positive,0.0546501304841,-0.05931600522,0.112467274275,54.6501304841,-59.31600522,112.467274275,96.3508014759,96.3508014759,143.353274298
347,1,150,positive,0.0547082471182,-0.0593495588744,0.11214185238,54.7082471182,-59.3495588744,112.14185238,96.2836941672,96.2836941672,143.027852403
348,0,150,positive,0.054676727341,-0.0593313609225,0.112862856499,54.676727341,-59.3313609225,112.862856499,96.3200900709,96.3200900709,143.748856522
348,1,150,positive,0.0546501304841,-0.05931600522,0.112467274275,54.6501304841,-59.31600522,112.467274275,96.3508014759,96.3508014759,143.353274298
349,0,150,positive,0.054676727341,-0.0593313609225,0.112862856499,54.676727341,-59.3313609225,112.862856499,96.3200900709,96.3200900709,143.748856522
349,1,150,positive,0.0546045041302,-0.0592896628323,0.113654548325,54.6045041302,-59.2896628323,113.654548325,96.4034862513,96.4034862513,144.540548347
350,0,150,positive,0.0545542324389,-0.0592606384578,0.113941768726,54.5542324389,-59.2606384578,113.941768726,96.4615350003,96.4615350003,144.827768748
350,1,150,positive,0.0546045041302,-0.0592896628323,0.113654548325,54.6045041302,-59.2896628323,113.654548325,96.4034862513,96.4034862513,144.540548347
351,0,150,positive,0.0545274868374,-0.0592451968776,0.114202477628,54.5274868374,-59.2451968776,114.202477628,96.4924181607,96.4924181607,145.08847765
351,1,150,positive,0.0545542324389,-0.0592606384578,0.113941768726,54.5542324389,-59.2606384578,113.941768726,96.4615350003,96.4615350003,144.827768748
352,0,150,positive,0.0545274868374,-0.0592451968776,0.114202477628,54.5274868374,-59.2451968776,114.202477628,96.4924181607,96.4924181607,145.08847765
352,1,150,positive,0.0544975122294,-0.0592278910296,0.115014204575,54.4975122294,-59.2278910296,115.014204575,96.5270298567,96.5270298567,145.900204597
353,0,150,positive,0.0544975122294,-0.0592278910296,0.115014204575,54.4975122294,-59.2278910296,115.014204575,96.5270298567,96.5270298567,145.900204597
353,1,150,positive,0.0544356288241,-0.0591921626289,0.116380739393,54.4356288241,-59.1921626289,116.380739393,96.5984866582,96.5984866582,147.266739415
354,0,150,positive,0.0544293688516,-0.0591885484321,0.116537127603,54.4293688516,-59.1885484321,116.537127603,96.6057150518,96.6057150518,147.423127626
354,1,150,positive,0.0544356288241,-0.0591921626289,0.116380739393,54.4356288241,-59.1921626289,116.380739393,96.5984866582,96.5984866582,147.266739415
355,0,150,positive,0.0544135615447,-0.0591794220792,0.116656636458,54.4135615447,-59.1794220792,116.656636458,96.6239677576,96.6239677576,147.54263648
355,1,150,positive,0.0543449316931,-0.0591397986159,0.117491194463,54.3449316931,-59.1397986159,117.491194463,96.7032146841,96.7032146841,148.377194486
356,0,150,positive,0.0544135615447,-0.0591794220792,0.116656636458,54.4135615447,-59.1794220792,116.656636458,96.6239677576,96.6239677576,147.54263648
356,1,150,positive,0.0544293688516,-0.0591885484321,0.116537127603,54.4293688516,-59.1885484321,116.537127603,96.6057150518,96.6057150518,147.423127626
357,0,150,positive,0.0543449316931,-0.0591397986159,0.117491194463,54.3449316931,-59.1397986159,117.491194463,96.7032146841,96.7032146841,148.377194486
357,1,150,positive,0.0543234457083,-0.0591273936768,0.117783429294,54.3234457083,-59.1273936768,117.783429294,96.7280245624,96.7280245624,148.669429316
358,0,150,positive,0.0535652838843,-0.0586896687436,0.101446923062,53.5652838843,-58.6896687436,101.446923062,97.6034744287,97.6034744287,132.332923084
358,1,150,positive,0.0535941983327,-0.0587063625082,0.101296283462,53.5941983327,-58.7063625082,101.296283462,97.5700868996,97.5700868996,132.182283485
359,0,150,positive,0.0535652838843,-0.0586896687436,0.101446923062,53.5652838843,-58.6896687436,101.446923062,97.6034744287,97.6034744287,132.332923084
359,1,150,positive,0.0534644926825,-0.0586314769161,0.102228938435,53.4644926825,-58.6314769161,102.228938435,97.7198580837,97.7198580837,133.114938458
360,0,150,positive,0.0534644926825,-0.0586314769161,0.102228938435,53.4644926825,-58.6314769161,102.228938435,97.7198580837,97.7198580837,133.114938458
360,1,150,positive,0.0532478483724,-0.0585063972654,0.103141420046,53.2478483724,-58.5063972654,103.141420046,97.9700173852,97.9700173852,134.027420068
361,0,150,positive,0.05313132745,-0.0584391238794,0.103722165142,53.13132745,-58.4391238794,103.722165142,98.1045641571,98.1045641571,134.608165165
361,1,150,positive,0.0532478483724,-0.0585063972654,0.103141420046,53.2478483724,-58.5063972654,103.141420046,97.9700173852,97.9700173852,134.027420068
362,0,150,positive,0.0528120530384,-0.058254790712,0.105530285784,52.8120530384,-58.254790712,105.530285784,98.473230492,98.473230492,136.416285807
362,1,150,positive,0.05313132745,-0.0584391238794,0.103722165142,53.13132745,-58.4391238794,103.722165142,98.1045641571,98.1045641571,134.608165165
363,0,150,positive,0.0528120530384,-0.058254790712,0.105530285784,52.8120530384,-58.254790712,105.530285784,98.473230492,98.473230492,136.416285807
363,1,150,positive,0.0527905897792,-0.0582423988935,0.105655741066,52.7905897792,-58.2423988935,105.655741066,98.498014129,98.498014129,136.541741088
364,0,150,positive,0.0527905897792,-0.0582423988935,0.105655741066,52.7905897792,-58.2423988935,105.655741066,98.498014129,98.498014129,136.541741088
364,1,150,positive,0.0527884723856,-0.0582411764157,0.105668625424,52.7884723856,-58.2411764157,105.668625424,98.5004590845,98.5004590845,136.554625446
365,0,150,positive,0.0527884723856,-0.0582411764157,0.105668625424,52.7884723856,-58.2411764157,105.668625424,98.5004590845,98.5004590845,136.554625446
365,1,150,positive,0.0527832925543,-0.0582381858387,0.105697825681,52.7832925543,-58.2381858387,105.697825681,98.5064402385,98.5064402385,136.583825703
366,0,150,positive,0.0526243003564,-0.0581463916505,0.106753401361,52.6243003564,-58.1463916505,106.753401361,98.6900286151,98.6900286151,137.639401383
366,1,150,positive,0.0527832925543,-0.0582381858387,0.105697825681,52.7832925543,-58.2381858387,105.697825681,98.5064402385,98.5064402385,136.583825703
367,0,150,positive,0.0523562668312,-0.0579916424225,0.107951529744,52.3562668312,-57.9916424225,107.951529744,98.9995270709,98.9995270709,138.837529767
367,1,150,positive,0.0526243003564,-0.0581463916505,0.106753401361,52.6243003564,-58.1463916505,106.753401361,98.6900286151,98.6900286151,137.639401383
368,0,150,positive,0.0523562668312,-0.0579916424225,0.107951529744,52.3562668312,-57.9916424225,107.951529744,98.9995270709,98.9995270709,138.837529767
368,1,150,positive,0.0523158843657,-0.0579683275952,0.108170514149,52.3158843657,-57.9683275952,108.170514149,99.0461567256,99.0461567256,139.056514172
369,0,150,positive,0.0518403925784,-0.0576938022839,0.110326276774,51.8403925784,-57.6938022839,110.326276774,99.5952073483,99.5952073483,141.212276797
369,1,150,positive,0.0518501141144,-0.0576994150152,0.110280678184,51.8501141144,-57.6994150152,110.280678184,99.5839818855,99.5839818855,141.166678206
370,0,150,positive,0.0518392997197,-0.0576931713216,0.11033066635,51.8392997197,-57.6931713216,110.33066635,99.5964692728,99.5964692728,141.216666372
370,1,150,positive,0.0518403925784,-0.0576938022839,0.110326276774,51.8403925784,-57.6938022839,110.326276774,99.5952073483,99.5952073483,141.212276797
371,0,150,positive,0.051838675959,-0.0576928111932,0.110333520163,51.838675959,-57.6928111932,110.333520163,99.5971895297,99.5971895297,141.219520186
371,1,150,positive,0.0518392997197,-0.0576931713216,0.11033066635,51.8392997197,-57.6931713216,110.33066635,99.5964692728,99.5964692728,141.216666372
372,0,150,positive,0.0523158843657,-0.0579683275952,0.108170514149,52.3158843657,-57.9683275952,108.170514149,99.0461567256,99.0461567256,139.056514172
372,1,150,positive,0.0518501141144,-0.0576994150152,0.110280678184,51.8501141144,-57.6994150152,110.280678184,99.5839818855,99.5839818855,141.166678206
373,0,150,positive,0.0518347732389,-0.0576905579567,0.110349478973,51.8347732389,-57.6905579567,110.349478973,99.6016960026,99.6016960026,141.235478996
373,1,150,positive,0.051838675959,-0.0576928111932,0.110333520163,51.838675959,-57.6928111932,110.333520163,99.5971895297,99.5971895297,141.219520186
374,0,150,positive,0.0518347732389,-0.0576905579567,0.110349478973,51.8347732389,-57.6905579567,110.349478973,99.6016960026,99.6016960026,141.235478996
374,1,150,positive,0.0513735336701,-0.0574242611675,0.112350876356,51.3735336701,-57.4242611675,112.350876356,100.134289581,100.134289581,143.236876379
375,0,150,positive,0.0510890600639,-0.0572600202543,0.11341358152,51.0890600639,-57.2600202543,113.41358152,100.462771407,100.462771407,144.299581542
375,1,150,positive,0.0513735336701,-0.0574242611675,0.112350876356,51.3735336701,-57.4242611675,112.350876356,100.134289581,100.134289581,143.236876379
376,0,150,positive,0.0510890600639,-0.0572600202543,0.11341358152,51.0890600639,-57.2600202543,113.41358152,100.462771407,100.462771407,144.299581542
376,1,150,positive,0.0510511762797,-0.0572381480414,0.113574423618,51.0511762797,-57.2381480414,113.574423618,100.506515833,100.506515833,144.46042364
377,0,150,positive,0.050777903077,-0.0570803736842,0.114769902914,50.777903077,-57.0803736842,114.769902914,100.822064548,100.822064548,145.655902936
377,1,150,positive,0.0510511762797,-0.0572381480414,0.113574423618,51.0511762797,-57.2381480414,113.574423618,100.506515833,100.506515833,144.46042364
378,0,150,positive,0.050777903077,-0.0570803736842,0.114769902914,50.777903077,-57.0803736842,114.769902914,100.822064548,100.822064548,145.655902936
378,1,150,positive,0.0506568962937,-0.0570105103853,0.115281990441,50.6568962937,-57.0105103853,115.281990441,100.961791145,100.961791145,146.167990463
379,0,150,positive,0.0506568962937,-0.0570105103853,0.115281990441,50.6568962937,-57.0105103853,115.281990441,100.961791145,100.961791145,146.167990463
379,1,150,positive,0.0506083530456,-0.0569824839279,0.115593959503,50.6083530456,-56.9824839279,115.593959503,101.01784406,101.01784406,146.479959525
380,0,150,positive,0.0505563867896,-0.056952481196,0.116343389657,50.5563867896,-56.952481196,116.343389657,101.077849524,101.077849524,147.229389679
380,1,150,positive,0.0506083530456,-0.0569824839279,0.115593959503,50.6083530456,-56.9824839279,115.593959503,101.01784406,101.01784406,146.479959525
381,0,150,positive,0.0622853662103,-0.0637242106219,0.0683613870762,62.2853662103,-63.7242106219,68.3613870762,87.5343906722,87.5343906722,99.2473870985
381,1,150,positive,0.0623440490743,-0.0637580911892,0.0681489912859,62.3440490743,-63.7580911892,68.1489912859,87.4666295375,87.4666295375,99.0349913082
382,0,150,positive,0.0622264875361,-0.0636902170035,0.0684823521633,62.2264875361,-63.6902170035,68.4823521633,87.6023779089,87.6023779089,99.3683521856
382,1,150,positive,0.0622853662103,-0.0637242106219,0.0683613870762,62.2853662103,-63.7242106219,68.3613870762,87.5343906722,87.5343906722,99.2473870985
383,0,150,positive,0.0623440490743,-0.0637580911892,0.0681489912859,62.3440490743,-63.7580911892,68.1489912859,87.4666295375,87.4666295375,99.0349913082
383,1,150,positive,0.0625499153115,-0.0638769481167,0.067703111941,62.5499153115,-63.8769481167,67.703111941,87.2289156826,87.2289156826,98.5891119633
384,0,150,positive,0.061992713957,-0.0635552477646,0.0690456837554,61.992713957,-63.5552477646,69.0456837554,87.8723163867,87.8723163867,99.9316837777
384,1,150,positive,0.0622264875361,-0.0636902170035,0.0684823521633,62.2264875361,-63.6902170035,68.4823521633,87.6023779089,87.6023779089,99.3683521856
385,0,150,positive,0.061992713957,-0.0635552477646,0.0690456837554,61.992713957,-63.5552477646,69.0456837554,87.8723163867,87.8723163867,99.9316837777
385,1,150,positive,0.0617847022656,-0.0634351521586,0.0695495595644,61.7847022656,-63.4351521586,69.5495595644,88.1125075987,88.1125075987,100.435559587
386,0,150,positive,0.0614366788004,-0.0632342207173,0.0704535379423,61.4366788004,-63.2342207173,70.4535379423,88.5143704814,88.5143704814,101.339537965
386,1,150,positive,0.0617847022656,-0.0634351521586,0.0695495595644,61.7847022656,-63.4351521586,69.5495595644,88.1125075987,88.1125075987,100.435559587
387,0,150,positive,0.0610309426249,-0.0629999688272,0.0714428592145,61.0309426249,-62.9999688272,71.4428592145,88.9828742617,88.9828742617,102.328859237
387,1,150,positive,0.0614366788004,-0.0632342207173,0.0704535379423,61.4366788004,-63.2342207173,70.4535379423,88.5143704814,88.5143704814,101.339537965
388,0,150,positive,0.060806305612,-0.0628702745873,0.0720299318001,60.806305612,-62.8702745873,72.0299318001,89.2422627414,89.2422627414,102.915931822
388,1,150,positive,0.0603933527262,-0.0626318561276,0.0731469000174,60.3933527262,-62.6318561276,73.1469000174,89.7190996609,89.7190996609,104.03290004
389,0,150,positive,0.0610309426249,-0.0629999688272,0.0714428592145,61.0309426249,-62.9999688272,71.4428592145,88.9828742617,88.9828742617,102.328859237
389,1,150,positive,0.0609351357234,-0.0629446546868,0.0716943499473,60.9351357234,-62.9446546868,71.6943499473,89.0935025424,89.0935025424,102.58034997
390,0,150,positive,0.0609351357234,-0.0629446546868,0.0716943499473,60.9351357234,-62.9446546868,71.6943499473,89.0935025424,89.0935025424,102.58034997
390,1,150,positive,0.060806305612,-0.0628702745873,0.0720299318001,60.806305612,-62.8702745873,72.0299318001,89.2422627414,89.2422627414,102.915931822
391,0,150,positive,0.0626601903135,-0.0639406154188,0.0737890834947,62.6601903135,-63.9406154188,73.7890834947,87.1015810784,87.1015810784,104.675083517
391,1,150,positive,0.0625615791428,-0.0638836822328,0.0739991764797,62.5615791428,-63.8836822328,73.9991764797,87.2154474503,87.2154474503,104.885176502
392,0,150,positive,0.0623464634476,-0.0637594851283,0.0744848350158,62.3464634476,-63.7594851283,74.4848350158,87.4638416593,87.4638416593,105.370835038
392,1,150,positive,0.0625615791428,-0.0638836822328,0.0739991764797,62.5615791428,-63.8836822328,73.9991764797,87.2154474503,87.2154474503,104.885176502
393,0,150,positive,0.060275324371,-0.0625637124249,0.0734478368109,60.275324371,-62.5637124249,73.4478368109,89.8553870662,89.8553870662,104.333836833
393,1,150,positive,0.0603933527262,-0.0626318561276,0.0731469000174,60.3933527262,-62.6318561276,73.1469000174,89.7190996609,89.7190996609,104.03290004
394,0,150,positive,0.0621699159108,-0.0636575553604,0.0747430475842,62.1699159108,-63.6575553604,74.7430475842,87.6677011951,87.6677011951,105.629047606
394,1,150,positive,0.0623464634476,-0.0637594851283,0.0744848350158,62.3464634476,-63.7594851283,74.4848350158,87.4638416593,87.4638416593,105.370835038
395,0,150,positive,0.0621699159108,-0.0636575553604,0.0747430475842,62.1699159108,-63.6575553604,74.7430475842,87.6677011951,87.6677011951,105.629047606
395,1,150,positive,0.0620960386168,-0.0636149022848,0.0748922793073,62.0960386168,-63.6149022848,74.8922793073,87.7530073463,87.7530073463,105.77827933
396,0,150,positive,0.0620960386168,-0.0636149022848,0.0748922793073,62.0960386168,-63.6149022848,74.8922793073,87.7530073463,87.7530073463,105.77827933
396,1,150,positive,0.0619846028476,-0.0635505648135,0.075188217458,61.9846028476,-63.5505648135,75.188217458,87.881682289,87.881682289,106.07421748
397,0,150,positive,0.0617078210189,-0.0633907647502,0.0758883454388,61.7078210189,-63.3907647502,75.8883454388,88.2012824157,88.2012824157,106.774345461
397,1,150,positive,0.0619846028476,-0.0635505648135,0.075188217458,61.9846028476,-63.5505648135,75.188217458,87.881682289,87.881682289,106.07421748
398,0,150,positive,0.0617078210189,-0.0633907647502,0.0758883454388,61.7078210189,-63.3907647502,75.8883454388,88.2012824157,88.2012824157,106.774345461
398,1,150,positive,0.0615047047469,-0.0632734955158,0.0762458291464,61.5047047469,-63.2734955158,76.2458291464,88.4358208843,88.4358208843,107.131829169
399,0,150,positive,0.0602109623609,-0.0625265530011,0.0736129198727,60.2109623609,-62.5265530011,73.6129198727,89.9297059139,89.9297059139,104.498919895
399,1,150,positive,0.060275324371,-0.0625637124249,0.0734478368109,60.275324371,-62.5637124249,73.4478368109,89.8553870662,89.8553870662,104.333836833
400,0,150,positive,0.0601837083986,-0.0625108179186,0.07369295905,60.1837083986,-62.5108179186,73.69295905,89.9611760788,89.9611760788,104.578959072
400,1,150,positive,0.0602109623609,-0.0625265530011,0.0736129198727,60.2109623609,-62.5265530011,73.6129198727,89.9297059139,89.9297059139,104.498919895
401,0,150,positive,0.0614024974123,-0.0632144860837,0.0764868965336,61.4024974123,-63.2144860837,76.4868965336,88.5538397486,88.5538397486,107.372896556
401,1,150,positive,0.0615047047469,-0.0632734955158,0.0762458291464,61.5047047469,-63.2734955158,76.2458291464,88.4358208843,88.4358208843,107.131829169
402,0,150,positive,0.0614024974123,-0.0632144860837,0.0764868965336,61.4024974123,-63.2144860837,76.4868965336,88.5538397486,88.5538397486,107.372896556
402,1,150,positive,0.0612780625008,-0.0631426435541,0.0768720085108,61.2780625008,-63.1426435541,76.8720085108,88.6975248078,88.6975248078,107.758008533
403,0,150,positive,0.0597973296491,-0.0622877420435,0.0746511979945,59.7973296491,-62.2877420435,74.6511979945,90.4073278289,90.4073278289,105.537198017
403,1,150,positive,0.0595883987992,-0.0621671157611,0.0751671357746,59.5883987992,-62.1671157611,75.1671357746,90.6485803938,90.6485803938,106.053135797
404,0,150,positive,0.0597973296491,-0.0622877420435,0.0746511979945,59.7973296491,-62.2877420435,74.6511979945,90.4073278289,90.4073278289,105.537198017
404,1,150,positive,0.0601837083986,-0.0625108179186,0.07369295905,60.1837083986,-62.5108179186,73.69295905,89.9611760788,89.9611760788,104.578959072
405,0,150,positive,0.059061704563,-0.061863028702,0.0761261136639,59.061704563,-61.863028702,76.1261136639,91.2567545119,91.2567545119,107.012113686
405,1,150,positive,0.0595488812958,-0.0621443003198,0.0752273362121,59.5488812958,-62.1443003198,75.2273362121,90.6942112763,90.6942112763,106.113336234
406,0,150,positive,0.0595883987992,-0.0621671157611,0.0751671357746,59.5883987992,-62.1671157611,75.1671357746,90.6485803938,90.6485803938,106.053135797
406,1,150,positive,0.0595488812958,-0.0621443003198,0.0752273362121,59.5488812958,-62.1443003198,75.2273362121,90.6942112763,90.6942112763,106.113336234
407,0,150,positive,0.059061704563,-0.061863028702,0.0761261136639,59.061704563,-61.863028702,76.1261136639,91.2567545119,91.2567545119,107.012113686
407,1,150,positive,0.0590175810196,-0.0618375539624,0.0762304641426,59.0175810196,-61.8375539624,76.2304641426,91.3077039912,91.3077039912,107.116464165
408,0,150,positive,0.0590175810196,-0.0618375539624,0.0762304641426,59.0175810196,-61.8375539624,76.2304641426,91.3077039912,91.3077039912,107.116464165
408,1,150,positive,0.0589318801586,-0.0617880745472,0.0764242864878,58.9318801586,-61.7880745472,76.4242864878,91.4066628215,91.4066628215,107.31028651
409,0,150,positive,0.0585282537945,-0.0615550407573,0.0777473101666,58.5282537945,-61.5550407573,77.7473101666,91.8727304014,91.8727304014,108.633310189
409,1,150,positive,0.0587489302856,-0.0616824483888,0.0770392621626,58.7489302856,-61.6824483888,77.0392621626,91.6179151384,91.6179151384,107.925262185
410,0,150,positive,0.0589318801586,-0.0617880745472,0.0764242864878,58.9318801586,-61.7880745472,76.4242864878,91.4066628215,91.4066628215,107.31028651
410,1,150,positive,0.0587489302856,-0.0616824483888,0.0770392621626,58.7489302856,-61.6824483888,77.0392621626,91.6179151384,91.6179151384,107.925262185
411,0,150,positive,0.0612780625008,-0.0631426435541,0.0768720085108,61.2780625008,-63.1426435541,76.8720085108,88.6975248078,88.6975248078,107.758008533
411,1,150,positive,0.0612050112113,-0.0631004673724,0.0773437082579,61.2050112113,-63.1004673724,77.3437082579,88.7818771711,88.7818771711,108.22970828
412,0,150,positive,0.0611067004952,-0.063043707654,0.0776855527017,61.1067004952,-63.043707654,77.6855527017,88.895396608,88.895396608,108.571552724
412,1,150,positive,0.0608883783991,-0.062917659333,0.0782048678433,60.8883783991,-62.917659333,78.2048678433,89.1474932499,89.1474932499,109.090867866
413,0,150,positive,0.0611067004952,-0.063043707654,0.0776855527017,61.1067004952,-63.043707654,77.6855527017,88.895396608,88.895396608,108.571552724
413,1,150,positive,0.0612050112113,-0.0631004673724,0.0773437082579,61.2050112113,-63.1004673724,77.3437082579,88.7818771711,88.7818771711,108.22970828
414,0,150,positive,0.0607342815771,-0.0628286914914,0.0788819621375,60.7342815771,-62.8286914914,78.8819621375,89.3254289332,89.3254289332,109.76796216
414,1,150,positive,0.0607488507883,-0.0628371030294,0.0799354407718,60.7488507883,-62.8371030294,79.9354407718,89.3086058572,89.3086058572,110.821440794
415,0,150,positive,0.0608883783991,-0.062917659333,0.0782048678433,60.8883783991,-62.917659333,78.2048678433,89.1474932499,89.1474932499,109.090867866
415,1,150,positive,0.0607575285855,-0.0628421131579,0.0787180103865,60.7575285855,-62.8421131579,78.7180103865,89.2985856001,89.2985856001,109.604010409
416,0,150,positive,0.0607399604323,-0.0628319701799,0.0788019896831,60.7399604323,-62.8319701799,78.8019896831,89.3188715561,89.3188715561,109.687989705
416,1,150,positive,0.0607575285855,-0.0628421131579,0.0787180103865,60.7575285855,-62.8421131579,78.7180103865,89.2985856001,89.2985856001,109.604010409
417,0,150,positive,0.0607342815771,-0.0628286914914,0.0788819621375,60.7342815771,-62.8286914914,78.8819621375,89.3254289332,89.3254289332,109.76796216
417,1,150,positive,0.0607399604323,-0.0628319701799,0.0788019896831,60.7399604323,-62.8319701799,78.8019896831,89.3188715561,89.3188715561,109.687989705
418,0,150,positive,0.0607440719343,-0.0628343439568,0.0804344297069,60.7440719343,-62.8343439568,80.4344297069,89.3141240024,89.3141240024,111.320429729
418,1,150,positive,0.0607587293566,-0.0628428064235,0.0802443684309,60.7587293566,-62.8428064235,80.2443684309,89.2971990691,89.2971990691,111.130368453
419,0,150,positive,0.0607440719343,-0.0628343439568,0.0804344297069,60.7440719343,-62.8343439568,80.4344297069,89.3141240024,89.3141240024,111.320429729
419,1,150,positive,0.0607856579563,-0.0628583536577,0.0807618444861,60.7856579563,-62.8583536577,80.7618444861,89.2661046006,89.2661046006,111.647844508
420,0,150,positive,0.0608425333274,-0.0628911906685,0.0811310638975,60.8425333274,-62.8911906685,81.1310638975,89.2004305789,89.2004305789,112.01706392
420,1,150,positive,0.0607856579563,-0.0628583536577,0.0807618444861,60.7856579563,-62.8583536577,80.7618444861,89.2661046006,89.2661046006,111.647844508
421,0,150,positive,0.0608425333274,-0.0628911906685,0.0811310638975,60.8425333274,-62.8911906685,81.1310638975,89.2004305789,89.2004305789,112.01706392
421,1,150,positive,0.0608089014325,-0.062871773285,0.081577228342,60.8089014325,-62.871773285,81.577228342,89.239265346,89.239265346,112.463228364
422,0,150,positive,0.0607587293566,-0.0628428064235,0.0802443684309,60.7587293566,-62.8428064235,80.2443684309,89.2971990691,89.2971990691,111.130368453
422,1,150,positive,0.0607488507883,-0.0628371030294,0.0799354407718,60.7488507883,-62.8371030294,79.9354407718,89.3086058572,89.3086058572,110.821440794
423,0,150,positive,0.0583906973505,-0.0614756225073,0.0781452661581,58.3906973505,-61.4756225073,78.1452661581,92.0315669015,92.0315669015,109.03126618
423,1,150,positive,0.0585282537945,-0.0615550407573,0.0777473101666,58.5282537945,-61.5550407573,77.7473101666,91.8727304014,91.8727304014,108.633310189
424,0,150,positive,0.0580584137183,-0.0612837784628,0.0794131783553,58.0584137183,-61.2837784628,79.4131783553,92.4152549904,92.4152549904,110.299178378
424,1,150,positive,0.0583906973505,-0.0614756225073,0.0781452661581,58.3906973505,-61.4756225073,78.1452661581,92.0315669015,92.0315669015,109.03126618
425,0,150,positive,0.0580584137183,-0.0612837784628,0.0794131783553,58.0584137183,-61.2837784628,79.4131783553,92.4152549904,92.4152549904,110.299178378
425,1,150,positive,0.0579415218212,-0.0612162908945,0.0798450314016,57.9415218212,-61.2162908945,79.8450314016,92.5502301269,92.5502301269,110.731031424
426,0,150,positive,0.0579415218212,-0.0612162908945,0.0798450314016,57.9415218212,-61.2162908945,79.8450314016,92.5502301269,92.5502301269,110.731031424
426,1,150,positive,0.0578605684259,-0.0611695524299,0.0802104744843,57.8605684259,-61.1695524299,80.2104744843,92.6437070561,92.6437070561,111.096474507
427,0,150,positive,0.0576662854729,-0.0610573831148,0.0810998169515,57.6662854729,-61.0573831148,81.0998169515,92.8680456865,92.8680456865,111.985816974
427,1,150,positive,0.0578605684259,-0.0611695524299,0.0802104744843,57.8605684259,-61.1695524299,80.2104744843,92.6437070561,92.6437070561,111.096474507
428,0,150,positive,0.0606942812324,-0.0628055972816,0.0821263727297,60.6942812324,-62.8055972816,82.1263727297,89.3716173528,89.3716173528,113.012372752
428,1,150,positive,0.0608089014325,-0.062871773285,0.081577228342,60.8089014325,-62.871773285,81.577228342,89.239265346,89.239265346,112.463228364
429,0,150,positive,0.0606942812324,-0.0628055972816,0.0821263727297,60.6942812324,-62.8055972816,82.1263727297,89.3716173528,89.3716173528,113.012372752
429,1,150,positive,0.0606232182204,-0.0627645690325,0.082408146571,60.6232182204,-62.7645690325,82.408146571,89.453673851,89.453673851,113.294146593
430,0,150,positive,0.06045716888,-0.0626687004011,0.0833362739336,60.45716888,-62.6687004011,83.3362739336,89.6454111137,89.6454111137,114.222273956
430,1,150,positive,0.0606232182204,-0.0627645690325,0.082408146571,60.6232182204,-62.7645690325,82.408146571,89.453673851,89.453673851,113.294146593
431,0,150,positive,0.0601363384168,-0.0624834688468,0.0852117879836,60.1363384168,-62.4834688468,85.2117879836,90.0158742223,90.0158742223,116.097788006
431,1,150,positive,0.060146684699,-0.0624894422756,0.0851288822401,60.146684699,-62.4894422756,85.1288822401,90.0039273647,90.0039273647,116.014882262
432,0,150,positive,0.0601373793506,-0.0624840698302,0.0852886089156,60.1373793506,-62.4840698302,85.2886089156,90.0146722556,90.0146722556,116.174608938
432,1,150,positive,0.0601363384168,-0.0624834688468,0.0852117879836,60.1363384168,-62.4834688468,85.2117879836,90.0158742223,90.0158742223,116.097788006
433,0,150,positive,0.06045716888,-0.0626687004011,0.0833362739336,60.45716888,-62.6687004011,83.3362739336,89.6454111137,89.6454111137,114.222273956
433,1,150,positive,0.0604524765229,-0.0626659912675,0.083374711833,60.4524765229,-62.6659912675,83.374711833,89.650829381,89.650829381,114.260711855
434,0,150,positive,0.0604524765229,-0.0626659912675,0.083374711833,60.4524765229,-62.6659912675,83.374711833,89.650829381,89.650829381,114.260711855
434,1,150,positive,0.0604509297611,-0.0626650982441,0.0833955686967,60.4509297611,-62.6650982441,83.3955686967,89.6526154278,89.6526154278,114.281568719
435,0,150,positive,0.0604509297611,-0.0626650982441,0.0833955686967,60.4509297611,-62.6650982441,83.3955686967,89.6526154278,89.6526154278,114.281568719
435,1,150,positive,0.0604407077239,-0.0626591965482,0.083454412338,60.4407077239,-62.6591965482,83.454412338,89.6644188196,89.6644188196,114.34041236
436,0,150,positive,0.0602736646531,-0.0625627541863,0.0841889210562,60.2736646531,-62.5627541863,84.1889210562,89.8573035434,89.8573035434,115.074921078
436,1,150,positive,0.0604407077239,-0.0626591965482,0.083454412338,60.4407077239,-62.6591965482,83.454412338,89.6644188196,89.6644188196,114.34041236
437,0,150,positive,0.0602736646531,-0.0625627541863,0.0841889210562,60.2736646531,-62.5627541863,84.1889210562,89.8573035434,89.8573035434,115.074921078
437,1,150,positive,0.0601861437477,-0.062512223968,0.0848061056211,60.1861437477,-62.512223968,84.8061056211,89.9583639799,89.9583639799,115.692105643
438,0,150,positive,0.060146684699,-0.0624894422756,0.0851288822401,60.146684699,-62.4894422756,85.1288822401,90.0039273647,90.0039273647,116.014882262
438,1,150,positive,0.0601861437477,-0.062512223968,0.0848061056211,60.1861437477,-62.512223968,84.8061056211,89.9583639799,89.9583639799,115.692105643
439,0,150,positive,0.0601373793506,-0.0624840698302,0.0852886089156,60.1373793506,-62.4840698302,85.2886089156,90.0146722556,90.0146722556,116.174608938
439,1,150,positive,0.060079545206,-0.0624506792713,0.0859586581453,60.079545206,-62.4506792713,85.9586581453,90.0814533734,90.0814533734,116.844658168
440,0,150,positive,0.0600314322455,-0.0624229012406,0.0861277669813,60.0314322455,-62.4229012406,86.1277669813,90.1370094348,90.1370094348,117.013767004
440,1,150,positive,0.0598435717147,-0.0623144399125,0.0872393154389,59.8435717147,-62.3144399125,87.2393154389,90.3539320909,90.3539320909,118.125315461
441,0,150,positive,0.0600314322455,-0.0624229012406,0.0861277669813,60.0314322455,-62.4229012406,86.1277669813,90.1370094348,90.1370094348,117.013767004
441,1,150,positive,0.060079545206,-0.0624506792713,0.0859586581453,60.079545206,-62.4506792713,85.9586581453,90.0814533734,90.0814533734,116.844658168
442,0,150,positive,0.0598216079609,-0.0623017591333,0.087421396992,59.8216079609,-62.3017591333,87.421396992,90.3792936493,90.3792936493,118.307397014
442,1,150,positive,0.0598435717147,-0.0623144399125,0.0872393154389,59.8435717147,-62.3144399125,87.2393154389,90.3539320909,90.3539320909,118.125315461
443,0,150,positive,0.0598216079609,-0.0623017591333,0.087421396992,59.8216079609,-62.3017591333,87.421396992,90.3792936493,90.3792936493,118.307397014
443,1,150,positive,0.059695912257,-0.0622291886849,0.0877661764015,59.695912257,-62.2291886849,87.7661764015,90.5244345462,90.5244345462,118.652176424
444,0,150,positive,0.0594235020468,-0.0620719125767,0.0887821344692,59.4235020468,-62.0719125767,88.7821344692,90.8389867626,90.8389867626,119.668134491
444,1,150,positive,0.059695912257,-0.0622291886849,0.0877661764015,59.695912257,-62.2291886849,87.7661764015,90.5244345462,90.5244345462,118.652176424
445,0,150,positive,0.0594235020468,-0.0620719125767,0.0887821344692,59.4235020468,-62.0719125767,88.7821344692,90.8389867626,90.8389867626,119.668134491
445,1,150,positive,0.0594104430377,-0.0620643729543,0.0888688841493,59.4104430377,-62.0643729543,88.8688841493,90.8540660074,90.8540660074,119.754884172
446,0,150,positive,0.0594104430377,-0.0620643729543,0.0888688841493,59.4104430377,-62.0643729543,88.8688841493,90.8540660074,90.8540660074,119.754884172
446,1,150,positive,0.0593886170638,-0.0620517717224,0.0890532278435,59.3886170638,-62.0517717224,89.0532278435,90.8792684712,90.8792684712,119.939227866
447,0,150,positive,0.0593347227282,-0.0620206558132,0.0896550524181,59.3347227282,-62.0206558132,89.6550524181,90.9415002895,90.9415002895,120.54105244
447,1,150,positive,0.0593886170638,-0.0620517717224,0.0890532278435,59.3886170638,-62.0517717224,89.0532278435,90.8792684712,90.8792684712,119.939227866
448,0,150,positive,0.0592815018416,-0.06198992872,0.089865574504,59.2815018416,-61.98992872,89.865574504,91.002954476,91.002954476,120.751574526
448,1,150,positive,0.0593347227282,-0.0620206558132,0.0896550524181,59.3347227282,-62.0206558132,89.6550524181,90.9415002895,90.9415002895,120.54105244
449,0,150,positive,0.0589950352158,-0.0618245371365,0.0906849088014,58.9950352158,-61.8245371365,90.6849088014,91.3337376429,91.3337376429,121.570908824
449,1,150,positive,0.059045776845,-0.0618538328298,0.0905016828647,59.045776845,-61.8538328298,90.5016828647,91.2751462564,91.2751462564,121.387682887
450,0,150,positive,0.0592815018416,-0.06198992872,0.089865574504,59.2815018416,-61.98992872,89.865574504,91.002954476,91.002954476,120.751574526
450,1,150,positive,0.059045776845,-0.0618538328298,0.0905016828647,59.045776845,-61.8538328298,90.5016828647,91.2751462564,91.2751462564,121.387682887
451,0,150,positive,0.0589484265032,-0.0617976275837,0.0909761491015,58.9484265032,-61.7976275837,90.9761491015,91.3875567486,91.3875567486,121.862149124
451,1,150,positive,0.0589950352158,-0.0618245371365,0.0906849088014,58.9950352158,-61.8245371365,90.6849088014,91.3337376429,91.3337376429,121.570908824
452,0,150,positive,0.0589484265032,-0.0617976275837,0.0909761491015,58.9484265032,-61.7976275837,90.9761491015,91.3875567486,91.3875567486,121.862149124
452,1,150,positive,0.0588395824484,-0.0617347864394,0.091791063401,58.8395824484,-61.7347864394,91.791063401,91.5132390372,91.5132390372,122.677063423
453,0,150,positive,0.0576662854729,-0.0610573831148,0.0810998169515,57.6662854729,-61.0573831148,81.0998169515,92.8680456865,92.8680456865,111.985816974
453,1,150,positive,0.057549015726,-0.0609896773948,0.0816007854595,57.549015726,-60.9896773948,81.6007854595,93.0034571263,93.0034571263,112.486785482
454,0,150,positive,0.0570925556336,-0.0607261400376,0.0841063178284,57.0925556336,-60.7261400376,84.1063178284,93.5305318408,93.5305318408,114.992317851
454,1,150,positive,0.057549015726,-0.0609896773948,0.0816007854595,57.549015726,-60.9896773948,81.6007854595,93.0034571263,93.0034571263,112.486785482
455,0,150,positive,0.0588395824484,-0.0617347864394,0.091791063401,58.8395824484,-61.7347864394,91.791063401,91.5132390372,91.5132390372,122.677063423
455,1,150,positive,0.0588348912328,-0.0617320779648,0.091989847671,58.8348912328,-61.7320779648,91.989847671,91.5186559864,91.5186559864,122.875847693
456,0,150,positive,0.0587453096818,-0.0616803580322,0.0926016982237,58.7453096818,-61.6803580322,92.6016982237,91.6220958516,91.6220958516,123.487698246
456,1,150,positive,0.0588348912328,-0.0617320779648,0.091989847671,58.8348912328,-61.7320779648,91.989847671,91.5186559864,91.5186559864,122.875847693
457,0,150,positive,0.0587837807906,-0.0617025693372,0.0934020354918,58.7837807906,-61.7025693372,93.4020354918,91.5776732415,91.5776732415,124.288035514
457,1,150,positive,0.0587453096818,-0.0616803580322,0.0926016982237,58.7453096818,-61.6803580322,92.6016982237,91.6220958516,91.6220958516,123.487698246
458,0,150,positive,0.0587837807906,-0.0617025693372,0.0934020354918,58.7837807906,-61.7025693372,93.4020354918,91.5776732415,91.5776732415,124.288035514
458,1,150,positive,0.0587816145854,-0.0617013186781,0.093594503309,58.7816145854,-61.7013186781,93.594503309,91.5801745599,91.5801745599,124.480503331
459,0,150,positive,0.0587654388793,-0.0616919796298,0.0940410726858,58.7654388793,-61.6919796298,94.0410726858,91.5988526563,91.5988526563,124.927072708
459,1,150,positive,0.0587816145854,-0.0617013186781,0.093594503309,58.7816145854,-61.7013186781,93.594503309,91.5801745599,91.5801745599,124.480503331
460,0,150,positive,0.0586409727535,-0.0616201190785,0.0947025090601,58.6409727535,-61.6201190785,94.7025090601,91.7425737589,91.7425737589,125.588509082
460,1,150,positive,0.0587654388793,-0.0616919796298,0.0940410726858,58.7654388793,-61.6919796298,94.0410726858,91.5988526563,91.5988526563,124.927072708
461,0,150,positive,0.0586409727535,-0.0616201190785,0.0947025090601,58.6409727535,-61.6201190785,94.7025090601,91.7425737589,91.7425737589,125.588509082
461,1,150,positive,0.0586123568261,-0.0616035976652,0.0948815253316,58.6123568261,-61.6035976652,94.8815253316,91.7756165857,91.7756165857,125.767525354
462,0,150,positive,0.0584364125128,-0.0615020161685,0.0956038725102,58.4364125128,-61.5020161685,95.6038725102,91.9787795789,91.9787795789,126.489872533
462,1,150,positive,0.0586123568261,-0.0616035976652,0.0948815253316,58.6123568261,-61.6035976652,94.8815253316,91.7756165857,91.7756165857,125.767525354
463,0,150,positive,0.0584364125128,-0.0615020161685,0.0956038725102,58.4364125128,-61.5020161685,95.6038725102,91.9787795789,91.9787795789,126.489872533
463,1,150,positive,0.0583766106261,-0.0614674895331,0.0959985552354,58.3766106261,-61.4674895331,95.9985552354,92.0478328497,92.0478328497,126.884555258
464,0,150,positive,0.0675869162272,-0.0667850619512,0.0626836843591,67.5869162272,-66.7850619512,62.6836843591,81.4126880135,81.4126880135,93.5696843814
464,1,150,positive,0.0670569399504,-0.0664790800052,0.0634964397557,67.0569399504,-66.4790800052,63.4964397557,82.0246519056,82.0246519056,94.382439778
465,0,150,positive,0.0675869162272,-0.0667850619512,0.0626836843591,67.5869162272,-66.7850619512,62.6836843591,81.4126880135,81.4126880135,93.5696843814
465,1,150,positive,0.0676823861248,-0.0668401815223,0.0625531524692,67.6823861248,-66.8401815223,62.5531524692,81.3024488713,81.3024488713,93.4391524915
466,0,150,positive,0.0676823861248,-0.0668401815223,0.0625531524692,67.6823861248,-66.8401815223,62.5531524692,81.3024488713,81.3024488713,93.4391524915
466,1,150,positive,0.0677158733614,-0.0668595153874,0.0624906735057,67.7158733614,-66.8595153874,62.4906735057,81.2637811412,81.2637811412,93.376673528
467,0,150,positive,0.0670569399504,-0.0664790800052,0.0634964397557,67.0569399504,-66.4790800052,63.4964397557,82.0246519056,82.0246519056,94.382439778
467,1,150,positive,0.0668658970624,-0.0663687813424,0.0636736941134,66.8658970624,-66.3687813424,63.6736941134,82.2452492313,82.2452492313,94.5596941357
468,0,150,positive,0.0669756094751,-0.0664321238334,0.0637060944358,66.9756094751,-66.4321238334,63.7060944358,82.1185642492,82.1185642492,94.5920944581
468,1,150,positive,0.0668658970624,-0.0663687813424,0.0636736941134,66.8658970624,-66.3687813424,63.6736941134,82.2452492313,82.2452492313,94.5596941357
469,0,150,positive,0.0669756094751,-0.0664321238334,0.0637060944358,66.9756094751,-66.4321238334,63.7060944358,82.1185642492,82.1185642492,94.5920944581
469,1,150,positive,0.0669084387592,-0.0663933428025,0.0638269206202,66.9084387592,-66.3933428025,63.8269206202,82.196126311,82.196126311,94.7129206425
470,0,150,positive,0.0666705571847,-0.0662560018114,0.0641364941852,66.6705571847,-66.2560018114,64.1364941852,82.4708082931,82.4708082931,95.0224942075
470,1,150,positive,0.0669084387592,-0.0663933428025,0.0638269206202,66.9084387592,-66.3933428025,63.8269206202,82.196126311,82.196126311,94.7129206425
471,0,150,positive,0.066583079831,-0.0662054967377,0.0643467282495,66.583079831,-66.2054967377,64.3467282495,82.5718184406,82.5718184406,95.2327282718
471,1,150,positive,0.0666705571847,-0.0662560018114,0.0641364941852,66.6705571847,-66.2560018114,64.1364941852,82.4708082931,82.4708082931,95.0224942075
472,0,150,positive,0.0665460962541,-0.0661841442596,0.0644434791163,66.5460962541,-66.1841442596,64.4434791163,82.6145233968,82.6145233968,95.3294791386
472,1,150,positive,0.066583079831,-0.0662054967377,0.0643467282495,66.583079831,-66.2054967377,64.3467282495,82.5718184406,82.5718184406,95.2327282718
473,0,150,positive,0.0665460962541,-0.0661841442596,0.0644434791163,66.5460962541,-66.1841442596,64.4434791163,82.6145233968,82.6145233968,95.3294791386
473,1,150,positive,0.0662694387903,-0.0660244159984,0.0648095474461,66.2694387903,-66.0244159984,64.8095474461,82.9339799191,82.9339799191,95.6955474684
474,0,150,positive,0.0662694387903,-0.0660244159984,0.0648095474461,66.2694387903,-66.0244159984,64.8095474461,82.9339799191,82.9339799191,95.6955474684
474,1,150,positive,0.0660410062848,-0.0658925304299,0.0655132774721,66.0410062848,-65.8925304299,65.5132774721,83.1977510562,83.1977510562,96.3992774944
475,0,150,positive,0.0659610395944,-0.0658463616397,0.0657930049217,65.9610395944,-65.8463616397,65.7930049217,83.2900886367,83.2900886367,96.679004944
475,1,150,positive,0.0658700527159,-0.0657938303408,0.0660826604928,65.8700527159,-65.7938303408,66.0826604928,83.3951512343,83.3951512343,96.9686605151
476,0,150,positive,0.0658700527159,-0.0657938303408,0.0660826604928,65.8700527159,-65.7938303408,66.0826604928,83.3951512343,83.3951512343,96.9686605151
476,1,150,positive,0.0658684427207,-0.0657929008097,0.0661292910903,65.8684427207,-65.7929008097,66.1292910903,83.3970102966,83.3970102966,97.0152911125
477,0,150,positive,0.0658684427207,-0.0657929008097,0.0661292910903,65.8684427207,-65.7929008097,66.1292910903,83.3970102966,83.3970102966,97.0152911125
477,1,150,positive,0.0658541532527,-0.0657846507815,0.0661757578321,65.8541532527,-65.7846507815,66.1757578321,83.413510353,83.413510353,97.0617578544
478,0,150,positive,0.0659610395944,-0.0658463616397,0.0657930049217,65.9610395944,-65.8463616397,65.7930049217,83.2900886367,83.2900886367,96.679004944
478,1,150,positive,0.0660266749834,-0.0658842562491,0.0655696617707,66.0266749834,-65.8842562491,65.5696617707,83.2142994177,83.2142994177,96.455661793
479,0,150,positive,0.0660302885357,-0.0658863425345,0.0655460585522,66.0302885357,-65.8863425345,65.5460585522,83.2101268469,83.2101268469,96.4320585745
479,1,150,positive,0.0660410062848,-0.0658925304299,0.0655132774721,66.0410062848,-65.8925304299,65.5132774721,83.1977510562,83.1977510562,96.3992774944
480,0,150,positive,0.0660275030807,-0.0658847343514,0.0655611628338,66.0275030807,-65.8847343514,65.5611628338,83.2133432132,83.2133432132,96.4471628561
480,1,150,positive,0.0660302885357,-0.0658863425345,0.0655460585522,66.0302885357,-65.8863425345,65.5460585522,83.2101268469,83.2101268469,96.4320585745
481,0,150,positive,0.0660266749834,-0.0658842562491,0.0655696617707,66.0266749834,-65.8842562491,65.5696617707,83.2142994177,83.2142994177,96.455661793
481,1,150,positive,0.0660275030807,-0.0658847343514,0.0655611628338,66.0275030807,-65.8847343514,65.5611628338,83.2133432132,83.2133432132,96.4471628561
482,0,150,positive,0.0657123983747,-0.0657028085645,0.0667792608139,65.7123983747,-65.7028085645,66.7792608139,83.5771947869,83.5771947869,97.6652608362
482,1,150,positive,0.0658541532527,-0.0657846507815,0.0661757578321,65.8541532527,-65.7846507815,66.1757578321,83.413510353,83.413510353,97.0617578544
483,0,150,positive,0.0654040700458,-0.0655247951208,0.0670232485138,65.4040700458,-65.5247951208,67.0232485138,83.9332216743,83.9332216743,97.9092485361
483,1,150,positive,0.0657123983747,-0.0657028085645,0.0667792608139,65.7123983747,-65.7028085645,66.7792608139,83.5771947869,83.5771947869,97.6652608362
484,0,150,positive,0.0654040700458,-0.0655247951208,0.0670232485138,65.4040700458,-65.5247951208,67.0232485138,83.9332216743,83.9332216743,97.9092485361
484,1,150,positive,0.0651556644915,-0.0653813781072,0.0673148375321,65.1556644915,-65.3813781072,67.3148375321,84.2200557015,84.2200557015,98.2008375544
485,0,150,positive,0.0643162176769,-0.0648967232628,0.0629209524748,64.3162176769,-64.8967232628,62.9209524748,85.1893653903,85.1893653903,93.806952497
485,1,150,positive,0.0635003813109,-0.0644256999173,0.0651397139629,63.5003813109,-64.4256999173,65.1397139629,86.1314120814,86.1314120814,96.0257139852
486,0,150,positive,0.0633581463175,-0.0643435805055,0.0655384024297,63.3581463175,-64.3435805055,65.5384024297,86.2956509049,86.2956509049,96.424402452
486,1,150,positive,0.0635003813109,-0.0644256999173,0.0651397139629,63.5003813109,-64.4256999173,65.1397139629,86.1314120814,86.1314120814,96.0257139852
487,0,150,positive,0.0633423922977,-0.064334484918,0.0655782099381,63.3423922977,-64.334484918,65.5782099381,86.31384208,86.31384208,96.4642099604
487,1,150,positive,0.0633581463175,-0.0643435805055,0.0655384024297,63.3581463175,-64.3435805055,65.5384024297,86.2956509049,86.2956509049,96.424402452
488,0,150,positive,0.0633423922977,-0.064334484918,0.0655782099381,63.3423922977,-64.334484918,65.5782099381,86.31384208,86.31384208,96.4642099604
488,1,150,positive,0.0629238261821,-0.0640928256585,0.066638792992,62.9238261821,-64.0928256585,66.638792992,86.797160599,86.797160599,97.5247930143
489,0,150,positive,0.0626537824713,-0.0639369158494,0.0674314537286,62.6537824713,-63.9369158494,67.4314537286,87.1089802172,87.1089802172,98.3174537509
489,1,150,positive,0.0629238261821,-0.0640928256585,0.066638792992,62.9238261821,-64.0928256585,66.638792992,86.797160599,86.797160599,97.5247930143
490,0,150,positive,0.0648357472106,-0.0651966737789,0.0678935463799,64.8357472106,-65.1966737789,67.8935463799,84.5894643581,84.5894643581,98.7795464022
490,1,150,positive,0.0648164435597,-0.0651855288109,0.0678610458423,64.8164435597,-65.1855288109,67.8610458423,84.6117542941,84.6117542941,98.7470458646
491,0,150,positive,0.0648357472106,-0.0651966737789,0.0678935463799,64.8357472106,-65.1966737789,67.8935463799,84.5894643581,84.5894643581,98.7795464022
491,1,150,positive,0.0650123269221,-0.0652986221229,0.0675036396417,65.0123269221,-65.2986221229,67.5036396417,84.3855676702,84.3855676702,98.3896396639
492,0,150,positive,0.0650123269221,-0.0652986221229,0.0675036396417,65.0123269221,-65.2986221229,67.5036396417,84.3855676702,84.3855676702,98.3896396639
492,1,150,positive,0.0651556644915,-0.0653813781072,0.0673148375321,65.1556644915,-65.3813781072,67.3148375321,84.2200557015,84.2200557015,98.2008375544
493,0,150,positive,0.0648164435597,-0.0651855288109,0.0678610458423,64.8164435597,-65.1855288109,67.8610458423,84.6117542941,84.6117542941,98.7470458646
493,1,150,positive,0.0647957509728,-0.0651735819403,0.0679455099228,64.7957509728,-65.1735819403,67.9455099228,84.6356480354,84.6356480354,98.8315099451
494,0,150,positive,0.0647957509728,-0.0651735819403,0.0679455099228,64.7957509728,-65.1735819403,67.9455099228,84.6356480354,84.6356480354,98.8315099451
494,1,150,positive,0.0647184873215,-0.0651289737504,0.0681673590501,64.7184873215,-65.1289737504,68.1673590501,84.7248644152,84.7248644152,99.0533590724
495,0,150,positive,0.0645748722096,-0.0650460575269,0.0685549778734,64.5748722096,-65.0460575269,68.5549778734,84.8906968621,84.8906968621,99.4409778957
495,1,150,positive,0.0647184873215,-0.0651289737504,0.0681673590501,64.7184873215,-65.1289737504,68.1673590501,84.7248644152,84.7248644152,99.0533590724
496,0,150,positive,0.0638960468061,-0.0646541374975,0.0701878257267,63.8960468061,-64.6541374975,70.1878257267,85.674536921,85.674536921,101.073825749
496,1,150,positive,0.0638660567462,-0.0646368227283,0.0702649807993,63.8660567462,-64.6368227283,70.2649807993,85.7091664593,85.7091664593,101.150980822
497,0,150,positive,0.06398674686,-0.064706503198,0.0700082985738,63.98674686,-64.706503198,70.0082985738,85.56980552,85.56980552,100.894298596
497,1,150,positive,0.0638960468061,-0.0646541374975,0.0701878257267,63.8960468061,-64.6541374975,70.1878257267,85.674536921,85.674536921,101.073825749
498,0,150,positive,0.0645564596281,-0.065035427018,0.0686117548487,64.5564596281,-65.035427018,68.6117548487,84.91195788,84.91195788,99.497754871
498,1,150,positive,0.0645748722096,-0.0650460575269,0.0685549778734,64.5748722096,-65.0460575269,68.5549778734,84.8906968621,84.8906968621,99.4409778957
499,0,150,positive,0.0645564596281,-0.065035427018,0.0686117548487,64.5564596281,-65.035427018,68.6117548487,84.91195788,84.91195788,99.497754871
499,1,150,positive,0.0643767156068,-0.0649316517589,0.0692055084942,64.3767156068,-64.9316517589,69.2055084942,85.1195083981,85.1195083981,100.091508517
500,0,150,positive,0.0642787889525,-0.0648751137787,0.069413530334,64.2787889525,-64.8751137787,69.413530334,85.2325843586,85.2325843586,100.299530356
500,1,150,positive,0.0643767156068,-0.0649316517589,0.0692055084942,64.3767156068,-64.9316517589,69.2055084942,85.1195083981,85.1195083981,100.091508517
501,0,150,positive,0.06398674686,-0.064706503198,0.0700082985738,63.98674686,-64.706503198,70.0082985738,85.56980552,85.56980552,100.894298596
501,1,150,positive,0.0642787889525,-0.0648751137787,0.069413530334,64.2787889525,-64.8751137787,69.413530334,85.2325843586,85.2325843586,100.299530356
502,0,150,positive,0.0626537824713,-0.0639369158494,0.0674314537286,62.6537824713,-63.9369158494,67.4314537286,87.1089802172,87.1089802172,98.3174537509
502,1,150,positive,0.0625499153115,-0.0638769481167,0.067703111941,62.5499153115,-63.8769481167,67.703111941,87.2289156826,87.2289156826,98.5891119633
503,0,150,positive,0.0638660567462,-0.0646368227283,0.0702649807993,63.8660567462,-64.6368227283,70.2649807993,85.7091664593,85.7091664593,101.150980822
503,1,150,positive,0.0638630074249,-0.0646350622018,0.0702991030536,63.8630074249,-64.6350622018,70.2991030536,85.7126875123,85.7126875123,101.185103076
504,0,150,positive,0.063751548472,-0.0645707113454,0.0706462121501,63.751548472,-64.5707113454,70.6462121501,85.8413892253,85.8413892253,101.532212172
504,1,150,positive,0.0638630074249,-0.0646350622018,0.0702991030536,63.8630074249,-64.6350622018,70.2991030536,85.7126875123,85.7126875123,101.185103076
505,0,150,positive,0.063751548472,-0.0645707113454,0.0706462121501,63.751548472,-64.5707113454,70.6462121501,85.8413892253,85.8413892253,101.532212172
505,1,150,positive,0.063577494013,-0.0644702209566,0.0710636750329,63.577494013,-64.4702209566,71.0636750329,86.0423700028,86.0423700028,101.949675055
506,0,150,positive,0.063577494013,-0.0644702209566,0.0710636750329,63.577494013,-64.4702209566,71.0636750329,86.0423700028,86.0423700028,101.949675055
506,1,150,positive,0.063490800535,-0.0644201684537,0.0712308601911,63.490800535,-64.4201684537,71.2308601911,86.1424750085,86.1424750085,102.116860213
507,0,150,positive,0.063319780985,-0.0643214302705,0.0715894793467,63.319780985,-64.3214302705,71.5894793467,86.339951375,86.339951375,102.475479369
507,1,150,positive,0.063490800535,-0.0644201684537,0.0712308601911,63.490800535,-64.4201684537,71.2308601911,86.1424750085,86.1424750085,102.116860213
508,0,150,positive,0.0631241055781,-0.0642084570216,0.0723205525169,63.1241055781,-64.2084570216,72.3205525169,86.5658978727,86.5658978727,103.206552539
508,1,150,positive,0.0631356942967,-0.0642151477714,0.072371859031,63.1356942967,-64.2151477714,72.371859031,86.5525163731,86.5525163731,103.257859053
509,0,150,positive,0.0631241055781,-0.0642084570216,0.0723205525169,63.1241055781,-64.2084570216,72.3205525169,86.5658978727,86.5658978727,103.206552539
509,1,150,positive,0.063319780985,-0.0643214302705,0.0715894793467,63.319780985,-64.3214302705,71.5894793467,86.339951375,86.339951375,102.475479369
510,0,150,positive,0.0631356942967,-0.0642151477714,0.072371859031,63.1356942967,-64.2151477714,72.371859031,86.5525163731,86.5525163731,103.257859053
510,1,150,positive,0.0630774758049,-0.0641815353095,0.072677219641,63.0774758049,-64.1815353095,72.677219641,86.6197412969,86.6197412969,103.563219663
511,0,150,positive,0.0630774758049,-0.0641815353095,0.072677219641,63.0774758049,-64.1815353095,72.677219641,86.6197412969,86.6197412969,103.563219663
511,1,150,positive,0.0629732673928,-0.0641213705548,0.0728807050649,62.9732673928,-64.1213705548,72.8807050649,86.7400708064,86.7400708064,103.766705087
512,0,150,positive,0.0626601903135,-0.0639406154188,0.0737890834947,62.6601903135,-63.9406154188,73.7890834947,87.1015810784,87.1015810784,104.675083517
512,1,150,positive,0.0629732673928,-0.0641213705548,0.0728807050649,62.9732673928,-64.1213705548,72.8807050649,86.7400708064,86.7400708064,103.766705087
513,0,150,positive,0.0683109542538,-0.0672030855008,0.0610666679367,68.3109542538,-67.2030855008,61.0666679367,80.5766409143,80.5766409143,91.952667959
513,1,150,positive,0.0685451833093,-0.067338317709,0.0600740720304,68.5451833093,-67.338317709,60.0740720304,80.3061764979,80.3061764979,90.9600720527
514,0,150,positive,0.0683109542538,-0.0672030855008,0.0610666679367,68.3109542538,-67.2030855008,61.0666679367,80.5766409143,80.5766409143,91.952667959
514,1,150,positive,0.0682236412074,-0.06715267529,0.0613172353009,68.2236412074,-67.15267529,61.3172353009,80.677461336,80.677461336,92.2032353232
515,0,150,positive,0.0682236412074,-0.06715267529,0.0613172353009,68.2236412074,-67.15267529,61.3172353009,80.677461336,80.677461336,92.2032353232
515,1,150,positive,0.0679865754058,-0.0670158052856,0.0619533468872,67.9865754058,-67.0158052856,61.9533468872,80.9512013447,80.9512013447,92.8393469095
516,0,150,positive,0.0677336962761,-0.066869805452,0.0624427063239,67.7336962761,-66.869805452,62.4427063239,81.2432010119,81.2432010119,93.3287063462
516,1,150,positive,0.0679865754058,-0.0670158052856,0.0619533468872,67.9865754058,-67.0158052856,61.9533468872,80.9512013447,80.9512013447,92.8393469095
517,0,150,positive,0.0677158733614,-0.0668595153874,0.0624906735057,67.7158733614,-66.8595153874,62.4906735057,81.2637811412,81.2637811412,93.376673528
517,1,150,positive,0.0677336962761,-0.066869805452,0.0624427063239,67.7336962761,-66.869805452,62.4427063239,81.2432010119,81.2432010119,93.3287063462
518,0,150,positive,0.0646273246157,-0.0650763409377,0.0621137584867,64.6273246157,-65.0763409377,62.1137584867,84.8301300406,84.8301300406,92.999758509
518,1,150,positive,0.0652176032394,-0.06541713846,0.0606173370692,65.2176032394,-65.41713846,60.6173370692,84.148534996,84.148534996,91.5033370915
519,0,150,positive,0.0646273246157,-0.0650763409377,0.0621137584867,64.6273246157,-65.0763409377,62.1137584867,84.8301300406,84.8301300406,92.999758509
519,1,150,positive,0.0644401175448,-0.0649682568849,0.0626215136157,64.4401175448,-64.9682568849,62.6215136157,85.0462981462,85.0462981462,93.507513638
520,0,150,positive,0.0644401175448,-0.0649682568849,0.0626215136157,64.4401175448,-64.9682568849,62.6215136157,85.0462981462,85.0462981462,93.507513638
520,1,150,positive,0.0643162176769,-0.0648967232628,0.0629209524748,64.3162176769,-64.8967232628,62.9209524748,85.1893653903,85.1893653903,93.806952497
521,0,150,positive,0.0535291593851,-0.0586688122543,0.122060643456,53.5291593851,-58.6688122543,122.060643456,97.6451874074,97.6451874074,152.946643478
521,1,150,positive,0.0536651492663,-0.0587473260488,0.121489192572,53.6651492663,-58.7473260488,121.489192572,97.4881598184,97.4881598184,152.375192594
522,0,150,positive,0.0535291593851,-0.0586688122543,0.122060643456,53.5291593851,-58.6688122543,122.060643456,97.6451874074,97.6451874074,152.946643478
522,1,150,positive,0.0534906769659,-0.0586465944192,0.122224872872,53.4906769659,-58.6465944192,122.224872872,97.6896230776,97.6896230776,153.110872894
523,0,150,positive,0.0528429952497,-0.058272655206,0.124960932465,52.8429952497,-58.272655206,124.960932465,98.4375015039,98.4375015039,155.846932488
523,1,150,positive,0.0528068591559,-0.0582517920225,0.125064824437,52.8068591559,-58.2517920225,125.064824437,98.4792278709,98.4792278709,155.950824459
524,0,150,positive,0.0534906769659,-0.0586465944192,0.122224872872,53.4906769659,-58.6465944192,122.224872872,97.6896230776,97.6896230776,153.110872894
524,1,150,positive,0.0534501357546,-0.0586231879399,0.122523215625,53.4501357546,-58.6231879399,122.523215625,97.7364360361,97.7364360361,153.409215647
525,0,150,positive,0.0533501754577,-0.0585654758356,0.123229039802,53.3501754577,-58.5654758356,123.229039802,97.8518602447,97.8518602447,154.115039824
525,1,150,positive,0.0534501357546,-0.0586231879399,0.122523215625,53.4501357546,-58.6231879399,122.523215625,97.7364360361,97.7364360361,153.409215647
526,0,150,positive,0.0532550410992,-0.0585105499881,0.123555246875,53.2550410992,-58.5105499881,123.555246875,97.9617119397,97.9617119397,154.441246897
526,1,150,positive,0.0533501754577,-0.0585654758356,0.123229039802,53.3501754577,-58.5654758356,123.229039802,97.8518602447,97.8518602447,154.115039824
527,0,150,positive,0.0532550410992,-0.0585105499881,0.123555246875,53.2550410992,-58.5105499881,123.555246875,97.9617119397,97.9617119397,154.441246897
527,1,150,positive,0.0530129784481,-0.0583707950514,0.124435526186,53.0129784481,-58.3707950514,124.435526186,98.2412218133,98.2412218133,155.321526209
528,0,150,positive,0.0529397520583,-0.0583285177755,0.124652978912,52.9397520583,-58.3285177755,124.652978912,98.3257763649,98.3257763649,155.538978934
528,1,150,positive,0.0528429952497,-0.058272655206,0.124960932465,52.8429952497,-58.272655206,124.960932465,98.4375015039,98.4375015039,155.846932488
529,0,150,positive,0.0526524359444,-0.0581626357398,0.125765789276,52.6524359444,-58.1626357398,125.765789276,98.6575404364,98.6575404364,156.651789299
529,1,150,positive,0.0526347777206,-0.0581524407595,0.125834733742,52.6347777206,-58.1524407595,125.834733742,98.6779303969,98.6779303969,156.720733765
530,0,150,positive,0.0526524359444,-0.0581626357398,0.125765789276,52.6524359444,-58.1626357398,125.765789276,98.6575404364,98.6575404364,156.651789299
530,1,150,positive,0.0528068591559,-0.0582517920225,0.125064824437,52.8068591559,-58.2517920225,125.064824437,98.4792278709,98.4792278709,155.950824459
531,0,150,positive,0.0526347777206,-0.0581524407595,0.125834733742,52.6347777206,-58.1524407595,125.834733742,98.6779303969,98.6779303969,156.720733765
531,1,150,positive,0.0525420089194,-0.0580988806672,0.126082825022,52.5420089194,-58.0988806672,126.082825022,98.7850505816,98.7850505816,156.968825044
532,0,150,positive,0.0523366184455,-0.0579802984218,0.126626831367,52.3366184455,-57.9802984218,126.626831367,99.0222150724,99.0222150724,157.512831389
532,1,150,positive,0.0525420089194,-0.0580988806672,0.126082825022,52.5420089194,-58.0988806672,126.082825022,98.7850505816,98.7850505816,156.968825044
533,0,150,positive,0.0530110387387,-0.0583696751596,0.124460390075,53.0110387387,-58.3696751596,124.460390075,98.2434615967,98.2434615967,155.346390097
533,1,150,positive,0.0530129784481,-0.0583707950514,0.124435526186,53.0129784481,-58.3707950514,124.435526186,98.2412218133,98.2412218133,155.321526209
534,0,150,positive,0.0529397520583,-0.0583285177755,0.124652978912,52.9397520583,-58.3285177755,124.652978912,98.3257763649,98.3257763649,155.538978934
534,1,150,positive,0.0530110387387,-0.0583696751596,0.124460390075,53.0110387387,-58.3696751596,124.460390075,98.2434615967,98.2434615967,155.346390097
535,0,150,positive,0.0491305649651,-0.0561292825818,0.12304720522,49.1305649651,-56.1292825818,123.04720522,102.724246752,102.724246752,153.933205242
535,1,150,positive,0.0490371129283,-0.0560753280232,0.123561372445,49.0371129283,-56.0753280232,123.561372445,102.832155869,102.832155869,154.447372467
536,0,150,positive,0.0523366184455,-0.0579802984218,0.126626831367,52.3366184455,-57.9802984218,126.626831367,99.0222150724,99.0222150724,157.512831389
536,1,150,positive,0.0520979734291,-0.0578425166573,0.12745572821,52.0979734291,-57.8425166573,127.45572821,99.2977786013,99.2977786013,158.341728232
537,0,150,positive,0.0520742117451,-0.0578287978426,0.127545501008,52.0742117451,-57.8287978426,127.545501008,99.3252162307,99.3252162307,158.43150103
537,1,150,positive,0.0520979734291,-0.0578425166573,0.12745572821,52.0979734291,-57.8425166573,127.45572821,99.2977786013,99.2977786013,158.341728232
538,0,150,positive,0.0520742117451,-0.0578287978426,0.127545501008,52.0742117451,-57.8287978426,127.545501008,99.3252162307,99.3252162307,158.43150103
538,1,150,positive,0.0519227864824,-0.0577413724265,0.128290439288,51.9227864824,-57.7413724265,128.290439288,99.500067063,99.500067063,159.17643931
539,0,150,positive,0.051687030011,-0.0576052583643,0.129040269024,51.687030011,-57.6052583643,129.040269024,99.7722951874,99.7722951874,159.926269047
539,1,150,positive,0.0515327926271,-0.0575162093691,0.129528144143,51.5327926271,-57.5162093691,129.528144143,99.9503931777,99.9503931777,160.414144165
540,0,150,positive,0.051687030011,-0.0576052583643,0.129040269024,51.687030011,-57.6052583643,129.040269024,99.7722951874,99.7722951874,159.926269047
540,1,150,positive,0.0519227864824,-0.0577413724265,0.128290439288,51.9227864824,-57.7413724265,128.290439288,99.500067063,99.500067063,159.17643931
541,0,150,positive,0.0515327926271,-0.0575162093691,0.129528144143,51.5327926271,-57.5162093691,129.528144143,99.9503931777,99.9503931777,160.414144165
541,1,150,positive,0.0512143716923,-0.0573323689567,0.130665976464,51.2143716923,-57.3323689567,130.665976464,100.318074002,100.318074002,161.551976487
542,0,150,positive,0.0487371069038,-0.0559021194642,0.125384773298,48.7371069038,-55.9021194642,125.384773298,103.178572987,103.178572987,156.270773321
542,1,150,positive,0.0490371129283,-0.0560753280232,0.123561372445,49.0371129283,-56.0753280232,123.561372445,102.832155869,102.832155869,154.447372467
543,0,150,positive,0.0485005697865,-0.0557655546959,0.126534462326,48.5005697865,-55.7655546959,126.534462326,103.451702524,103.451702524,157.420462349
543,1,150,positive,0.0486008916714,-0.0558234755631,0.126084643091,48.6008916714,-55.8234755631,126.084643091,103.33586079,103.33586079,156.970643113
544,0,150,positive,0.0484248728167,-0.05572185103,0.127093742385,48.4248728167,-55.72185103,127.093742385,103.539109856,103.539109856,157.979742407
544,1,150,positive,0.0485005697865,-0.0557655546959,0.126534462326,48.5005697865,-55.7655546959,126.534462326,103.451702524,103.451702524,157.420462349
545,0,150,positive,0.0487371069038,-0.0559021194642,0.125384773298,48.7371069038,-55.9021194642,125.384773298,103.178572987,103.178572987,156.270773321
545,1,150,positive,0.0486008916714,-0.0558234755631,0.126084643091,48.6008916714,-55.8234755631,126.084643091,103.33586079,103.33586079,156.970643113
546,0,150,positive,0.0484248728167,-0.05572185103,0.127093742385,48.4248728167,-55.72185103,127.093742385,103.539109856,103.539109856,157.979742407
546,1,150,positive,0.0483188317307,-0.0556606281805,0.127789175109,48.3188317307,-55.6606281805,127.789175109,103.661555555,103.661555555,158.675175131
547,0,150,positive,0.0482033068428,-0.0555939298553,0.128439189783,48.2033068428,-55.5939298553,128.439189783,103.794952205,103.794952205,159.325189805
547,1,150,positive,0.0478164635554,-0.0553705857792,0.130778821114,47.8164635554,-55.3705857792,130.778821114,104.241640358,104.241640358,161.664821137
548,0,150,positive,0.0482755636637,-0.0556356473503,0.128029131789,48.2755636637,-55.6356473503,128.029131789,103.711517215,103.711517215,158.915131811
548,1,150,positive,0.0483188317307,-0.0556606281805,0.127789175109,48.3188317307,-55.6606281805,127.789175109,103.661555555,103.661555555,158.675175131
549,0,150,positive,0.0482033068428,-0.0555939298553,0.128439189783,48.2033068428,-55.5939298553,128.439189783,103.794952205,103.794952205,159.325189805
549,1,150,positive,0.0482755636637,-0.0556356473503,0.128029131789,48.2755636637,-55.6356473503,128.029131789,103.711517215,103.711517215,158.915131811
550,0,150,positive,0.0511656402364,-0.0573042338375,0.130828957496,51.1656402364,-57.3042338375,130.828957496,100.374344241,100.374344241,161.714957518
550,1,150,positive,0.0512143716923,-0.0573323689567,0.130665976464,51.2143716923,-57.3323689567,130.665976464,100.318074002,100.318074002,161.551976487
551,0,150,positive,0.0511642828308,-0.057303450139,0.130854172556,51.1642828308,-57.303450139,130.854172556,100.375911638,100.375911638,161.740172578
551,1,150,positive,0.0511656402364,-0.0573042338375,0.130828957496,51.1656402364,-57.3042338375,130.828957496,100.374344241,100.374344241,161.714957518
552,0,150,positive,0.0511642828308,-0.057303450139,0.130854172556,51.1642828308,-57.303450139,130.854172556,100.375911638,100.375911638,161.740172578
552,1,150,positive,0.0509486159975,-0.0571789348348,0.13171824035,50.9486159975,-57.1789348348,131.71824035,100.624942246,100.624942246,162.604240372
553,0,150,positive,0.0506805686722,-0.0570241776394,0.132445978138,50.6805686722,-57.0241776394,132.445978138,100.934456637,100.934456637,163.33197816
553,1,150,positive,0.0508593243902,-0.0571273823013,0.131982497259,50.8593243902,-57.1273823013,131.982497259,100.728047313,100.728047313,162.868497281
554,0,150,positive,0.0508593243902,-0.0571273823013,0.131982497259,50.8593243902,-57.1273823013,131.982497259,100.728047313,100.728047313,162.868497281
554,1,150,positive,0.0509486159975,-0.0571789348348,0.13171824035,50.9486159975,-57.1789348348,131.71824035,100.624942246,100.624942246,162.604240372
555,0,150,positive,0.0506805686722,-0.0570241776394,0.132445978138,50.6805686722,-57.0241776394,132.445978138,100.934456637,100.934456637,163.33197816
555,1,150,positive,0.0505045498845,-0.0569225531449,0.132976833909,50.5045498845,-56.9225531449,132.976833909,101.137705626,101.137705626,163.862833932
556,0,150,positive,0.0505045498845,-0.0569225531449,0.132976833909,50.5045498845,-56.9225531449,132.976833909,101.137705626,101.137705626,163.862833932
556,1,150,positive,0.0504379577498,-0.056884106158,0.133102071312,50.4379577498,-56.884106158,133.102071312,101.2145996,101.2145996,163.988071334
557,0,150,positive,0.0504379577498,-0.056884106158,0.133102071312,50.4379577498,-56.884106158,133.102071312,101.2145996,101.2145996,163.988071334
557,1,150,positive,0.050361748062,-0.0568401064742,0.133409161169,50.361748062,-56.8401064742,133.409161169,101.302598968,101.302598968,164.295161191
558,0,150,positive,0.0501811009299,-0.0567358098039,0.134114238121,50.1811009299,-56.7358098039,134.114238121,101.511192308,101.511192308,165.000238143
558,1,150,positive,0.0500028445924,-0.0566328934594,0.134747356145,50.0028445924,-56.6328934594,134.747356145,101.717024997,101.717024997,165.633356167
559,0,150,positive,0.0503158253152,-0.056813592964,0.13364724349,50.3158253152,-56.813592964,133.64724349,101.355625988,101.355625988,164.533243512
559,1,150,positive,0.050361748062,-0.0568401064742,0.133409161169,50.361748062,-56.8401064742,133.409161169,101.302598968,101.302598968,164.295161191
560,0,150,positive,0.0501811009299,-0.0567358098039,0.134114238121,50.1811009299,-56.7358098039,134.114238121,101.511192308,101.511192308,165.000238143
560,1,150,positive,0.0503158253152,-0.056813592964,0.13364724349,50.3158253152,-56.813592964,133.64724349,101.355625988,101.355625988,164.533243512
561,0,150,positive,0.0498924909024,-0.0565691807268,0.135197283145,49.8924909024,-56.5691807268,135.197283145,101.844450462,101.844450462,166.083283168
561,1,150,positive,0.0499175185331,-0.0565836304362,0.135046952915,49.9175185331,-56.5836304362,135.046952915,101.815551044,101.815551044,165.932952937
562,0,150,positive,0.0499100332619,-0.0565793088128,0.135367157469,49.9100332619,-56.5793088128,135.367157469,101.82419429,101.82419429,166.253157491
562,1,150,positive,0.0498924909024,-0.0565691807268,0.135197283145,49.8924909024,-56.5691807268,135.197283145,101.844450462,101.844450462,166.083283168
563,0,150,positive,0.0499175185331,-0.0565836304362,0.135046952915,49.9175185331,-56.5836304362,135.046952915,101.815551044,101.815551044,165.932952937
563,1,150,positive,0.0500028445924,-0.0566328934594,0.134747356145,50.0028445924,-56.6328934594,134.747356145,101.717024997,101.717024997,165.633356167
564,0,150,positive,0.0498901856816,-0.056567849807,0.135735762861,49.8901856816,-56.567849807,135.735762861,101.847112302,101.847112302,166.621762883
564,1,150,positive,0.0498788499499,-0.0565613051192,0.135844112665,49.8788499499,-56.5613051192,135.844112665,101.860201678,101.860201678,166.730112688
565,0,150,positive,0.0498901856816,-0.056567849807,0.135735762861,49.8901856816,-56.567849807,135.735762861,101.847112302,101.847112302,166.621762883
565,1,150,positive,0.0499100332619,-0.0565793088128,0.135367157469,49.9100332619,-56.5793088128,135.367157469,101.82419429,101.82419429,166.253157491
566,0,150,positive,0.0498274221702,-0.0565316132768,0.136286928269,49.8274221702,-56.5316132768,136.286928269,101.919585362,101.919585362,167.172928292
566,1,150,positive,0.0498788499499,-0.0565613051192,0.135844112665,49.8788499499,-56.5613051192,135.844112665,101.860201678,101.860201678,166.730112688
567,0,150,positive,0.0498274221702,-0.0565316132768,0.136286928269,49.8274221702,-56.5316132768,136.286928269,101.919585362,101.919585362,167.172928292
567,1,150,positive,0.0498158035633,-0.0565249052709,0.136378312373,49.8158035633,-56.5249052709,136.378312373,101.933001374,101.933001374,167.264312395
568,0,150,positive,0.0496648875324,-0.0564377738599,0.136677460271,49.6648875324,-56.4377738599,136.677460271,102.107264196,102.107264196,167.563460293
568,1,150,positive,0.0498158035633,-0.0565249052709,0.136378312373,49.8158035633,-56.5249052709,136.378312373,101.933001374,101.933001374,167.264312395
569,0,150,positive,0.0495986297231,-0.0563995198959,0.13707291921,49.5986297231,-56.3995198959,137.07291921,102.183772124,102.183772124,167.958919232
569,1,150,positive,0.0496648875324,-0.0564377738599,0.136677460271,49.6648875324,-56.4377738599,136.677460271,102.107264196,102.107264196,167.563460293
570,0,150,positive,0.0495986297231,-0.0563995198959,0.13707291921,49.5986297231,-56.3995198959,137.07291921,102.183772124,102.183772124,167.958919232
570,1,150,positive,0.0494372627224,-0.0563063546146,0.137745853477,49.4372627224,-56.3063546146,137.745853477,102.370102687,102.370102687,168.631853499
571,0,150,positive,0.0494372627224,-0.0563063546146,0.137745853477,49.4372627224,-56.3063546146,137.745853477,102.370102687,102.370102687,168.631853499
571,1,150,positive,0.0492443450586,-0.0561949735494,0.138168999174,49.2443450586,-56.1949735494,138.168999174,102.592864817,102.592864817,169.054999196
572,0,150,positive,0.0490823719026,-0.0561014583042,0.138583678626,49.0823719026,-56.1014583042,138.583678626,102.779895307,102.779895307,169.469678649
572,1,150,positive,0.0492443450586,-0.0561949735494,0.138168999174,49.2443450586,-56.1949735494,138.168999174,102.592864817,102.592864817,169.054999196
573,0,150,positive,0.0489944815797,-0.0560507148027,0.138936868092,48.9944815797,-56.0507148027,138.936868092,102.881382311,102.881382311,169.822868114
573,1,150,positive,0.0490823719026,-0.0561014583042,0.138583678626,49.0823719026,-56.1014583042,138.583678626,102.779895307,102.779895307,169.469678649
574,0,150,positive,0.0474964433511,-0.0551858220281,0.132265759356,47.4964433511,-55.1858220281,132.265759356,104.61116786,104.61116786,163.151759378
574,1,150,positive,0.0473211044699,-0.0550845900778,0.132927255383,47.3211044699,-55.0845900778,132.927255383,104.81363176,104.81363176,163.813255405
575,0,150,positive,0.0467188379178,-0.0547368713218,0.135420119581,46.7188379178,-54.7368713218,135.420119581,105.509069272,105.509069272,166.306119604
575,1,150,positive,0.0467310798083,-0.0547439391806,0.135358988666,46.7310798083,-54.7439391806,135.358988666,105.494933555,105.494933555,166.244988689
576,0,150,positive,0.0467310798083,-0.0547439391806,0.135358988666,46.7310798083,-54.7439391806,135.358988666,105.494933555,105.494933555,166.244988689
576,1,150,positive,0.0467889480318,-0.0547773494151,0.13512025489,46.7889480318,-54.7773494151,135.12025489,105.428113086,105.428113086,166.006254913
577,0,150,positive,0.0473211044699,-0.0550845900778,0.132927255383,47.3211044699,-55.0845900778,132.927255383,104.81363176,104.81363176,163.813255405
577,1,150,positive,0.0467889480318,-0.0547773494151,0.13512025489,46.7889480318,-54.7773494151,135.12025489,105.428113086,105.428113086,166.006254913
578,0,150,positive,0.0478164635554,-0.0553705857792,0.130778821114,47.8164635554,-55.3705857792,130.778821114,104.241640358,104.241640358,161.664821137
578,1,150,positive,0.0477637685461,-0.0553401623014,0.13100409229,47.7637685461,-55.3401623014,131.00409229,104.302487313,104.302487313,161.890092312
579,0,150,positive,0.0475778994729,-0.055232850742,0.13179488958,47.5778994729,-55.232850742,131.79488958,104.517110432,104.517110432,162.680889603
579,1,150,positive,0.0477637685461,-0.0553401623014,0.13100409229,47.7637685461,-55.3401623014,131.00409229,104.302487313,104.302487313,161.890092312
580,0,150,positive,0.0475778994729,-0.055232850742,0.13179488958,47.5778994729,-55.232850742,131.79488958,104.517110432,104.517110432,162.680889603
580,1,150,positive,0.0474964433511,-0.0551858220281,0.132265759356,47.4964433511,-55.1858220281,132.265759356,104.61116786,104.61116786,163.151759378
581,0,150,positive,0.0489530904124,-0.0560268176011,0.13909270297,48.9530904124,-56.0268176011,139.09270297,102.929176714,102.929176714,169.978702992
581,1,150,positive,0.0489460855248,-0.0560227733273,0.139166429395,48.9460855248,-56.0227733273,139.166429395,102.937265261,102.937265261,170.052429417
582,0,150,positive,0.0489460855248,-0.0560227733273,0.139166429395,48.9460855248,-56.0227733273,139.166429395,102.937265261,102.937265261,170.052429417
582,1,150,positive,0.0489227379498,-0.0560092935986,0.139254335683,48.9227379498,-56.0092935986,139.254335683,102.964224719,102.964224719,170.140335706
583,0,150,positive,0.0489944815797,-0.0560507148027,0.138936868092,48.9944815797,-56.0507148027,138.936868092,102.881382311,102.881382311,169.822868114
583,1,150,positive,0.0489530904124,-0.0560268176011,0.13909270297,48.9530904124,-56.0268176011,139.09270297,102.929176714,102.929176714,169.978702992
584,0,150,positive,0.0466932335358,-0.054722088625,0.13551840212,46.6932335358,-54.722088625,135.51840212,105.538634666,105.538634666,166.404402142
584,1,150,positive,0.0467188379178,-0.0547368713218,0.135420119581,46.7188379178,-54.7368713218,135.420119581,105.509069272,105.509069272,166.306119604
585,0,150,positive,0.0466567424266,-0.0547010204733,0.135695014218,46.6567424266,-54.7010204733,135.695014218,105.580770969,105.580770969,166.58101424
585,1,150,positive,0.0466932335358,-0.054722088625,0.13551840212,46.6932335358,-54.722088625,135.51840212,105.538634666,105.538634666,166.404402142
586,0,150,positive,0.0466567424266,-0.0547010204733,0.135695014218,46.6567424266,-54.7010204733,135.695014218,105.580770969,105.580770969,166.58101424
586,1,150,positive,0.0465177051301,-0.0546207472528,0.136477244923,46.5177051301,-54.6207472528,136.477244923,105.74131741,105.74131741,167.363244945
587,0,150,positive,0.0463052216223,-0.0544980698423,0.137355052592,46.3052216223,-54.4980698423,137.355052592,105.986672231,105.986672231,168.241052614
587,1,150,positive,0.0461937126958,-0.0544336901336,0.137882968024,46.1937126958,-54.4336901336,137.882968024,106.115431649,106.115431649,168.768968046
588,0,150,positive,0.0465177051301,-0.0546207472528,0.136477244923,46.5177051301,-54.6207472528,136.477244923,105.74131741,105.74131741,167.363244945
588,1,150,positive,0.0463052216223,-0.0544980698423,0.137355052592,46.3052216223,-54.4980698423,137.355052592,105.986672231,105.986672231,168.241052614
589,0,150,positive,0.0460614101015,-0.0543573051951,0.138682039436,46.0614101015,-54.3573051951,138.682039436,106.268201526,106.268201526,169.568039458
589,1,150,positive,0.0461937126958,-0.0544336901336,0.137882968024,46.1937126958,-54.4336901336,137.882968024,106.115431649,106.115431649,168.768968046
590,0,150,positive,0.0460614101015,-0.0543573051951,0.138682039436,46.0614101015,-54.3573051951,138.682039436,106.268201526,106.268201526,169.568039458
590,1,150,positive,0.0459434501213,-0.0542892009688,0.139239347193,45.9434501213,-54.2892009688,139.239347193,106.404409978,106.404409978,170.125347215
591,0,150,positive,0.0459336884183,-0.0542835650469,0.139778240458,45.9336884183,-54.2835650469,139.778240458,106.415681822,106.415681822,170.664240481
591,1,150,positive,0.0459434501213,-0.0542892009688,0.139239347193,45.9434501213,-54.2892009688,139.239347193,106.404409978,106.404409978,170.125347215
592,0,150,positive,0.0487047786203,-0.055883454721,0.140122313124,48.7047786203,-55.883454721,140.122313124,103.215902474,103.215902474,171.008313146
592,1,150,positive,0.0489227379498,-0.0560092935986,0.139254335683,48.9227379498,-56.0092935986,139.254335683,102.964224719,102.964224719,170.140335706
593,0,150,positive,0.0487047786203,-0.055883454721,0.140122313124,48.7047786203,-55.883454721,140.122313124,103.215902474,103.215902474,171.008313146
593,1,150,positive,0.0486913986641,-0.0558757297998,0.140271448985,48.6913986641,-55.8757297998,140.271448985,103.231352316,103.231352316,171.157449007
594,0,150,positive,0.0486253057286,-0.0558375710256,0.140960190534,48.6253057286,-55.8375710256,140.960190534,103.307669865,103.307669865,171.846190556
594,1,150,positive,0.0486913986641,-0.0558757297998,0.140271448985,48.6913986641,-55.8757297998,140.271448985,103.231352316,103.231352316,171.157449007
595,0,150,positive,0.0486253057286,-0.0558375710256,0.140960190534,48.6253057286,-55.8375710256,140.960190534,103.307669865,103.307669865,171.846190556
595,1,150,positive,0.0484786537666,-0.0557529014759,0.142016034413,48.4786537666,-55.7529014759,142.016034413,103.477008964,103.477008964,172.902034435
596,0,150,positive,0.0484758507074,-0.0557512831289,0.142057002926,48.4758507074,-55.7512831289,142.057002926,103.480245658,103.480245658,172.943002948
596,1,150,positive,0.0484786537666,-0.0557529014759,0.142016034413,48.4786537666,-55.7529014759,142.016034413,103.477008964,103.477008964,172.902034435
597,0,150,positive,0.0484695526007,-0.0557476469153,0.142164955109,48.4695526007,-55.7476469153,142.164955109,103.487518085,103.487518085,173.050955131
597,1,150,positive,0.0484758507074,-0.0557512831289,0.142057002926,48.4758507074,-55.7512831289,142.057002926,103.480245658,103.480245658,172.943002948
598,0,150,positive,0.0484695526007,-0.0557476469153,0.142164955109,48.4695526007,-55.7476469153,142.164955109,103.487518085,103.487518085,173.050955131
598,1,150,positive,0.0484054027373,-0.0557106099744,0.142914509995,48.4054027373,-55.7106099744,142.914509995,103.561591967,103.561591967,173.800510018
599,0,150,positive,0.0484188592584,-0.0557183791005,0.143451758404,48.4188592584,-55.7183791005,143.451758404,103.546053715,103.546053715,174.337758426
599,1,150,positive,0.0484041805991,-0.0557099043726,0.143153554771,48.4041805991,-55.7099043726,143.153554771,103.563003171,103.563003171,174.039554793
600,0,150,positive,0.0484873302623,-0.055757910853,0.143822951104,48.4873302623,-55.757910853,143.822951104,103.46699021,103.46699021,174.708951126
600,1,150,positive,0.048690009232,-0.0558749276107,0.144536277595,48.690009232,-55.8749276107,144.536277595,103.232956695,103.232956695,175.422277617
601,0,150,positive,0.0484873302623,-0.055757910853,0.143822951104,48.4873302623,-55.757910853,143.822951104,103.46699021,103.46699021,174.708951126
601,1,150,positive,0.0484188592584,-0.0557183791005,0.143451758404,48.4188592584,-55.7183791005,143.451758404,103.546053715,103.546053715,174.337758426
602,0,150,positive,0.0484054027373,-0.0557106099744,0.142914509995,48.4054027373,-55.7106099744,142.914509995,103.561591967,103.561591967,173.800510018
602,1,150,positive,0.0484041805991,-0.0557099043726,0.143153554771,48.4041805991,-55.7099043726,143.153554771,103.563003171,103.563003171,174.039554793
603,0,150,positive,0.0457743164333,-0.0541915515885,0.141368078716,45.7743164333,-54.1915515885,141.368078716,106.599708739,106.599708739,172.254078738
603,1,150,positive,0.0458395428145,-0.0542292100573,0.140825977169,45.8395428145,-54.2292100573,140.825977169,106.524391801,106.524391801,171.711977191
604,0,150,positive,0.0457678658021,-0.0541878273149,0.141538126027,45.7678658021,-54.1878273149,141.538126027,106.607157286,106.607157286,172.42412605
604,1,150,positive,0.0457743164333,-0.0541915515885,0.141368078716,45.7743164333,-54.1915515885,141.368078716,106.599708739,106.599708739,172.254078738
605,0,150,positive,0.0459336884183,-0.0542835650469,0.139778240458,45.9336884183,-54.2835650469,139.778240458,106.415681822,106.415681822,170.664240481
605,1,150,positive,0.0458395428145,-0.0542292100573,0.140825977169,45.8395428145,-54.2292100573,140.825977169,106.524391801,106.524391801,171.711977191
606,0,150,positive,0.0457678658021,-0.0541878273149,0.141538126027,45.7678658021,-54.1878273149,141.538126027,106.607157286,106.607157286,172.42412605
606,1,150,positive,0.0457534178097,-0.0541794857626,0.142328279288,45.7534178097,-54.1794857626,142.328279288,106.623840391,106.623840391,173.21427931
607,0,150,positive,0.0456712505542,-0.0541320464755,0.142757197996,45.6712505542,-54.1320464755,142.757197996,106.718718965,106.718718965,173.643198018
607,1,150,positive,0.0457534178097,-0.0541794857626,0.142328279288,45.7534178097,-54.1794857626,142.328279288,106.623840391,106.623840391,173.21427931
608,0,150,positive,0.0455348359293,-0.0540532874551,0.143910921841,45.5348359293,-54.0532874551,143.910921841,106.876237006,106.876237006,174.796921863
608,1,150,positive,0.045532951918,-0.0540521997206,0.143770106359,45.532951918,-54.0521997206,143.770106359,106.878412475,106.878412475,174.656106382
609,0,150,positive,0.0455336338861,-0.0540525934551,0.143981590908,45.5336338861,-54.0525934551,143.981590908,106.877625006,106.877625006,174.86759093
609,1,150,positive,0.0455348359293,-0.0540532874551,0.143910921841,45.5348359293,-54.0532874551,143.910921841,106.876237006,106.876237006,174.796921863
610,0,150,positive,0.0455352686194,-0.0540535372688,0.144208127787,45.5352686194,-54.0535372688,144.208127787,106.875737378,106.875737378,175.094127809
610,1,150,positive,0.0455336338861,-0.0540525934551,0.143981590908,45.5336338861,-54.0525934551,143.981590908,106.877625006,106.877625006,174.86759093
611,0,150,positive,0.0455352686194,-0.0540535372688,0.144208127787,45.5352686194,-54.0535372688,144.208127787,106.875737378,106.875737378,175.094127809
611,1,150,positive,0.0455486105936,-0.0540612402612,0.144282199546,45.5486105936,-54.0612402612,144.282199546,106.860331394,106.860331394,175.168199568
612,0,150,positive,0.0456712505542,-0.0541320464755,0.142757197996,45.6712505542,-54.1320464755,142.757197996,106.718718965,106.718718965,173.643198018
612,1,150,positive,0.045532951918,-0.0540521997206,0.143770106359,45.532951918,-54.0521997206,143.770106359,106.878412475,106.878412475,174.656106382
613,0,150,positive,0.048690009232,-0.0558749276107,0.144536277595,48.690009232,-55.8749276107,144.536277595,103.232956695,103.232956695,175.422277617
613,1,150,positive,0.0487154143192,-0.0558895952446,0.144919271486,48.7154143192,-55.8895952446,144.919271486,103.203621427,103.203621427,175.805271509
614,0,150,positive,0.0487304519428,-0.0558982772207,0.145128473525,48.7304519428,-55.8982772207,145.128473525,103.186257475,103.186257475,176.014473547
614,1,150,positive,0.0487154143192,-0.0558895952446,0.144919271486,48.7154143192,-55.8895952446,144.919271486,103.203621427,103.203621427,175.805271509
615,0,150,positive,0.0487304519428,-0.0558982772207,0.145128473525,48.7304519428,-55.8982772207,145.128473525,103.186257475,103.186257475,176.014473547
615,1,150,positive,0.0486692285488,-0.0558629298777,0.145846190308,48.6692285488,-55.8629298777,145.846190308,103.256952161,103.256952161,176.73219033
616,0,150,positive,0.0486421492902,-0.0558472956604,0.146060753814,48.6421492902,-55.8472956604,146.060753814,103.288220595,103.288220595,176.946753836
616,1,150,positive,0.0486149461262,-0.0558315899064,0.146764425477,48.6149461262,-55.8315899064,146.764425477,103.319632103,103.319632103,177.650425499
617,0,150,positive,0.0486125178839,-0.05583018796,0.1469074857,48.6125178839,-55.83018796,146.9074857,103.322435996,103.322435996,177.793485722
617,1,150,positive,0.0486149461262,-0.0558315899064,0.146764425477,48.6149461262,-55.8315899064,146.764425477,103.319632103,103.319632103,177.650425499
618,0,150,positive,0.0486421492902,-0.0558472956604,0.146060753814,48.6421492902,-55.8472956604,146.060753814,103.288220595,103.288220595,176.946753836
618,1,150,positive,0.0486692285488,-0.0558629298777,0.145846190308,48.6692285488,-55.8629298777,145.846190308,103.256952161,103.256952161,176.73219033
619,0,150,positive,0.0486125178839,-0.05583018796,0.1469074857,48.6125178839,-55.83018796,146.9074857,103.322435996,103.322435996,177.793485722
619,1,150,positive,0.0484535622408,-0.0557384148767,0.148001040852,48.4535622408,-55.7384148767,148.001040852,103.505982163,103.505982163,178.887040874
620,0,150,positive,0.0484548414074,-0.0557391534039,0.148030109987,48.4548414074,-55.7391534039,148.030109987,103.504505108,103.504505108,178.916110009
620,1,150,positive,0.0484535622408,-0.0557384148767,0.148001040852,48.4535622408,-55.7384148767,148.001040852,103.505982163,103.505982163,178.887040874
621,0,150,positive,0.0484548414074,-0.0557391534039,0.148030109987,48.4548414074,-55.7391534039,148.030109987,103.504505108,103.504505108,178.916110009
621,1,150,positive,0.0484575363888,-0.0557407093521,0.148753856228,48.4575363888,-55.7407093521,148.753856228,103.501393212,103.501393212,179.63985625
622,0,150,positive,0.0484250367636,-0.0557219456848,0.149049237413,48.4250367636,-55.7219456848,149.049237413,103.538920546,103.538920546,179.935237436
622,1,150,positive,0.0484575363888,-0.0557407093521,0.148753856228,48.4575363888,-55.7407093521,148.753856228,103.501393212,103.501393212,179.63985625
623,0,150,positive,0.0457284603763,-0.0541650765817,0.144954769412,45.7284603763,-54.1650765817,144.954769412,106.652658753,106.652658753,175.840769434
623,1,150,positive,0.0455486105936,-0.0540612402612,0.144282199546,45.5486105936,-54.0612402612,144.282199546,106.860331394,106.860331394,175.168199568
624,0,150,positive,0.0457316170437,-0.0541668990845,0.1453956662,45.7316170437,-54.1668990845,145.3956662,106.649013747,106.649013747,176.281666222
624,1,150,positive,0.0457284603763,-0.0541650765817,0.144954769412,45.7284603763,-54.1650765817,144.954769412,106.652658753,106.652658753,175.840769434
625,0,150,positive,0.0457316170437,-0.0541668990845,0.1453956662,45.7316170437,-54.1668990845,145.3956662,106.649013747,106.649013747,176.281666222
625,1,150,positive,0.0457321612479,-0.0541672132809,0.145423521038,45.7321612479,-54.1672132809,145.423521038,106.648385354,106.648385354,176.30952106
626,0,150,positive,0.0457321612479,-0.0541672132809,0.145423521038,45.7321612479,-54.1672132809,145.423521038,106.648385354,106.648385354,176.30952106
626,1,150,positive,0.045721547828,-0.05416108562,0.145519772148,45.721547828,-54.16108562,145.519772148,106.660640676,106.660640676,176.40577217
627,0,150,positive,0.0456006087477,-0.0540912614095,0.146393483534,45.6006087477,-54.0912614095,146.393483534,106.800289097,106.800289097,177.279483556
627,1,150,positive,0.045721547828,-0.05416108562,0.145519772148,45.721547828,-54.16108562,145.519772148,106.660640676,106.660640676,176.40577217
628,0,150,positive,0.0455423739712,-0.0540576395456,0.147320904651,45.5423739712,-54.0576395456,147.320904651,106.867532825,106.867532825,178.206904674
628,1,150,positive,0.0456006087477,-0.0540912614095,0.146393483534,45.6006087477,-54.0912614095,146.393483534,106.800289097,106.800289097,177.279483556
629,0,150,positive,0.0455423739712,-0.0540576395456,0.147320904651,45.5423739712,-54.0576395456,147.320904651,106.867532825,106.867532825,178.206904674
629,1,150,positive,0.0455262019686,-0.0540483026355,0.147695069412,45.5262019686,-54.0483026355,147.695069412,106.886206645,106.886206645,178.581069435
630,0,150,positive,0.0455262019686,-0.0540483026355,0.147695069412,45.5262019686,-54.0483026355,147.695069412,106.886206645,106.886206645,178.581069435
630,1,150,positive,0.0455080499583,-0.0540378225675,0.147968516571,45.5080499583,-54.0378225675,147.968516571,106.907166781,106.907166781,178.854516593
631,0,150,positive,0.0453822708507,-0.0539652039659,0.150461355295,45.3822708507,-53.9652039659,150.461355295,107.052403984,107.052403984,181.347355317
631,1,150,positive,0.0454067937363,-0.0539793622605,0.14991205232,45.4067937363,-53.9793622605,149.91205232,107.024087395,107.024087395,180.798052342
632,0,150,positive,0.0455080499583,-0.0540378225675,0.147968516571,45.5080499583,-54.0378225675,147.968516571,106.907166781,106.907166781,178.854516593
632,1,150,positive,0.0454067937363,-0.0539793622605,0.14991205232,45.4067937363,-53.9793622605,149.91205232,107.024087395,107.024087395,180.798052342
633,0,150,positive,0.0484250367636,-0.0557219456848,0.149049237413,48.4250367636,-55.7219456848,149.049237413,103.538920546,103.538920546,179.935237436
633,1,150,positive,0.0483819328093,-0.0556970596052,0.149737028937,48.3819328093,-55.6970596052,149.737028937,103.588692706,103.588692706,180.623028959
634,0,150,positive,0.0483711066919,-0.0556908091434,0.149995444811,48.3711066919,-55.6908091434,149.995444811,103.601193629,103.601193629,180.881444833
634,1,150,positive,0.0483819328093,-0.0556970596052,0.149737028937,48.3819328093,-55.6970596052,149.737028937,103.588692706,103.588692706,180.623028959
635,0,150,positive,0.0483711066919,-0.0556908091434,0.149995444811,48.3711066919,-55.6908091434,149.995444811,103.601193629,103.601193629,180.881444833
635,1,150,positive,0.0483110288426,-0.0556561231809,0.151614052646,48.3110288426,-55.6561231809,151.614052646,103.670565554,103.670565554,182.500052669
636,0,150,positive,0.048302477592,-0.055651186114,0.152003253387,48.302477592,-55.651186114,152.003253387,103.680439688,103.680439688,182.88925341
636,1,150,positive,0.0483110288426,-0.0556561231809,0.151614052646,48.3110288426,-55.6561231809,151.614052646,103.670565554,103.670565554,182.500052669
637,0,150,positive,0.0482769679277,-0.0556364581025,0.152208691885,48.2769679277,-55.6364581025,152.208691885,103.709895711,103.709895711,183.094691907
637,1,150,positive,0.048302477592,-0.055651186114,0.152003253387,48.302477592,-55.651186114,152.003253387,103.680439688,103.680439688,182.88925341
638,0,150,positive,0.0482769679277,-0.0556364581025,0.152208691885,48.2769679277,-55.6364581025,152.208691885,103.709895711,103.709895711,183.094691907
638,1,150,positive,0.048219232998,-0.0556031248253,0.152992525884,48.219232998,-55.6031248253,152.992525884,103.776562265,103.776562265,183.878525906
639,0,150,positive,0.048219232998,-0.0556031248253,0.152992525884,48.219232998,-55.6031248253,152.992525884,103.776562265,103.776562265,183.878525906
639,1,150,positive,0.0481871271928,-0.05558458853,0.153259786891,48.1871271928,-55.58458853,153.259786891,103.813634856,103.813634856,184.145786914
640,0,150,positive,0.0481677480694,-0.0555733999879,0.153880608613,48.1677480694,-55.5733999879,153.880608613,103.83601194,103.83601194,184.766608635
640,1,150,positive,0.0481871271928,-0.05558458853,0.153259786891,48.1871271928,-55.58458853,153.259786891,103.813634856,103.813634856,184.145786914
641,0,150,positive,0.0453032700797,-0.0539195928495,0.151496142969,45.3032700797,-53.9195928495,151.496142969,107.143626217,107.143626217,182.382142992
641,1,150,positive,0.0453744702392,-0.0539607002808,0.150537538584,45.3744702392,-53.9607002808,150.537538584,107.061411354,107.061411354,181.423538607
642,0,150,positive,0.0453744702392,-0.0539607002808,0.150537538584,45.3744702392,-53.9607002808,150.537538584,107.061411354,107.061411354,181.423538607
642,1,150,positive,0.0453822708507,-0.0539652039659,0.150461355295,45.3822708507,-53.9652039659,150.461355295,107.052403984,107.052403984,181.347355317
643,0,150,positive,0.0481677480694,-0.0555733999879,0.153880608613,48.1677480694,-55.5733999879,153.880608613,103.83601194,103.83601194,184.766608635
643,1,150,positive,0.048193181253,-0.0555880838433,0.154130039072,48.193181253,-55.5880838433,154.130039072,103.806644229,103.806644229,185.016039094
644,0,150,positive,0.0481162714609,-0.0555436799542,0.155175014143,48.1162714609,-55.5436799542,155.175014143,103.895452008,103.895452008,186.061014165
644,1,150,positive,0.048193181253,-0.0555880838433,0.154130039072,48.193181253,-55.5880838433,154.130039072,103.806644229,103.806644229,185.016039094
645,0,150,positive,0.0481162714609,-0.0555436799542,0.155175014143,48.1162714609,-55.5436799542,155.175014143,103.895452008,103.895452008,186.061014165
645,1,150,positive,0.0481099256168,-0.0555400161794,0.155669457681,48.1099256168,-55.5400161794,155.669457681,103.902779557,103.902779557,186.555457703
646,0,150,positive,0.0480430649464,-0.0555014141533,0.156602818165,48.0430649464,-55.5014141533,156.602818165,103.979983609,103.979983609,187.488818188
646,1,150,positive,0.0481099256168,-0.0555400161794,0.155669457681,48.1099256168,-55.5400161794,155.669457681,103.902779557,103.902779557,186.555457703
647,0,150,positive,0.0480430649464,-0.0555014141533,0.156602818165,48.0430649464,-55.5014141533,156.602818165,103.979983609,103.979983609,187.488818188
647,1,150,positive,0.0480327027573,-0.0554954315406,0.157153926204,48.0327027573,-55.4954315406,157.153926204,103.991948835,103.991948835,188.039926227
648,0,150,positive,0.0480327027573,-0.0554954315406,0.157153926204,48.0327027573,-55.4954315406,157.153926204,103.991948835,103.991948835,188.039926227
648,1,150,positive,0.0479622529277,-0.0554547573125,0.157367012466,47.9622529277,-55.4547573125,157.367012466,104.073297291,104.073297291,188.253012489
649,0,150,positive,0.0479497361097,-0.0554475307243,0.15788306806,47.9497361097,-55.4475307243,157.88306806,104.087750467,104.087750467,188.769068082
649,1,150,positive,0.047927166524,-0.0554345001679,0.158189602556,47.927166524,-55.4345001679,158.189602556,104.11381158,104.11381158,189.075602579
650,0,150,positive,0.0479497361097,-0.0554475307243,0.15788306806,47.9497361097,-55.4475307243,157.88306806,104.087750467,104.087750467,188.769068082
650,1,150,positive,0.0479622529277,-0.0554547573125,0.157367012466,47.9622529277,-55.4547573125,157.367012466,104.073297291,104.073297291,188.253012489
651,0,150,positive,0.0478292554929,-0.0553779712078,0.158850307661,47.8292554929,-55.3779712078,158.850307661,104.2268695,104.2268695,189.736307683
651,1,150,positive,0.047927166524,-0.0554345001679,0.158189602556,47.927166524,-55.4345001679,158.189602556,104.11381158,104.11381158,189.075602579
652,0,150,positive,0.0453032700797,-0.0539195928495,0.151496142969,45.3032700797,-53.9195928495,151.496142969,107.143626217,107.143626217,182.382142992
652,1,150,positive,0.0452385684874,-0.0538822373678,0.152380034904,45.2385684874,-53.8822373678,152.380034904,107.21833718,107.21833718,183.266034927
653,0,150,positive,0.0452385684874,-0.0538822373678,0.152380034904,45.2385684874,-53.8822373678,152.380034904,107.21833718,107.21833718,183.266034927
653,1,150,positive,0.0452282533037,-0.0538762818937,0.152471483921,45.2282533037,-53.8762818937,152.471483921,107.230248129,107.230248129,183.357483943
654,0,150,positive,0.0450079117393,-0.0537490676322,0.154896257242,45.0079117393,-53.7490676322,154.896257242,107.484676652,107.484676652,185.782257264
654,1,150,positive,0.0452282533037,-0.0538762818937,0.152471483921,45.2282533037,-53.8762818937,152.471483921,107.230248129,107.230248129,183.357483943
655,0,150,positive,0.0450079117393,-0.0537490676322,0.154896257242,45.0079117393,-53.7490676322,154.896257242,107.484676652,107.484676652,185.782257264
655,1,150,positive,0.0449884260637,-0.0537378175721,0.155147112932,44.9884260637,-53.7378175721,155.147112932,107.507176772,107.507176772,186.033112954
656,0,150,positive,0.0449884260637,-0.0537378175721,0.155147112932,44.9884260637,-53.7378175721,155.147112932,107.507176772,107.507176772,186.033112954
656,1,150,positive,0.0449133243529,-0.0536944575791,0.156048686551,44.9133243529,-53.6944575791,156.048686551,107.593896758,107.593896758,186.934686573
657,0,150,positive,0.0448192679258,-0.0536401540757,0.157205324725,44.8192679258,-53.6401540757,157.205324725,107.702503765,107.702503765,188.091324747
657,1,150,positive,0.0447499930292,-0.0536001581954,0.158419721639,44.7499930292,-53.6001581954,158.419721639,107.782495525,107.782495525,189.305721661
658,0,150,positive,0.0447499930292,-0.0536001581954,0.158419721639,44.7499930292,-53.6001581954,158.419721639,107.782495525,107.782495525,189.305721661
658,1,150,positive,0.044730863177,-0.0535891135701,0.159010965457,44.730863177,-53.5891135701,159.010965457,107.804584776,107.804584776,189.89696548
659,0,150,positive,0.0478292554929,-0.0553779712078,0.158850307661,47.8292554929,-55.3779712078,158.850307661,104.2268695,104.2268695,189.736307683
659,1,150,positive,0.0477960626524,-0.0553588073123,0.15915257534,47.7960626524,-55.3588073123,159.15257534,104.265197291,104.265197291,190.038575362
660,0,150,positive,0.0477960626524,-0.0553588073123,0.15915257534,47.7960626524,-55.3588073123,159.15257534,104.265197291,104.265197291,190.038575362
660,1,150,positive,0.0477968743995,-0.0553592759748,0.159682540253,47.7968743995,-55.3592759748,159.682540253,104.264259966,104.264259966,190.568540275
661,0,150,positive,0.0477609728096,-0.0553385481822,0.160356563248,47.7609728096,-55.3385481822,160.356563248,104.305715552,104.305715552,191.242563271
661,1,150,positive,0.0477968743995,-0.0553592759748,0.159682540253,47.7968743995,-55.3592759748,159.682540253,104.264259966,104.264259966,190.568540275
662,0,150,positive,0.0477609728096,-0.0553385481822,0.160356563248,47.7609728096,-55.3385481822,160.356563248,104.305715552,104.305715552,191.242563271
662,1,150,positive,0.0477104049132,-0.0553093527936,0.160511677019,47.7104049132,-55.3093527936,160.511677019,104.364106329,104.364106329,191.397677041
663,0,150,positive,0.0476070361216,-0.0552496727939,0.161177075506,47.6070361216,-55.2496727939,161.177075506,104.483466328,104.483466328,192.063075529
663,1,150,positive,0.0476027780083,-0.055247214371,0.161200491254,47.6027780083,-55.247214371,161.200491254,104.488383174,104.488383174,192.086491276
664,0,150,positive,0.0476950629223,-0.055300495091,0.160884215715,47.6950629223,-55.300495091,160.884215715,104.381821734,104.381821734,191.770215738
664,1,150,positive,0.0477104049132,-0.0553093527936,0.160511677019,47.7104049132,-55.3093527936,160.511677019,104.364106329,104.364106329,191.397677041
665,0,150,positive,0.0476070361216,-0.0552496727939,0.161177075506,47.6070361216,-55.2496727939,161.177075506,104.483466328,104.483466328,192.063075529
665,1,150,positive,0.0476950629223,-0.055300495091,0.160884215715,47.6950629223,-55.300495091,160.884215715,104.381821734,104.381821734,191.770215738
666,0,150,positive,0.0476027780083,-0.055247214371,0.161200491254,47.6027780083,-55.247214371,161.200491254,104.488383174,104.488383174,192.086491276
666,1,150,positive,0.0475747106225,-0.0552310096583,0.161369467355,47.5747106225,-55.2310096583,161.369467355,104.520792599,104.520792599,192.255467377
667,0,150,positive,0.0474623379756,-0.0551661312804,0.163327078317,47.4623379756,-55.1661312804,163.327078317,104.650549355,104.650549355,194.213078339
667,1,150,positive,0.0474616492104,-0.0551657336216,0.163347200753,47.4616492104,-55.1657336216,163.347200753,104.651344673,104.651344673,194.233200775
668,0,150,positive,0.0475149137485,-0.055196485917,0.161689308545,47.5149137485,-55.196485917,161.689308545,104.589840082,104.589840082,192.575308567
668,1,150,positive,0.0475747106225,-0.0552310096583,0.161369467355,47.5747106225,-55.2310096583,161.369467355,104.520792599,104.520792599,192.255467377
669,0,150,positive,0.0475162677991,-0.0551972676785,0.161816692928,47.5162677991,-55.1972676785,161.816692928,104.588276559,104.588276559,192.702692951
669,1,150,positive,0.0475149137485,-0.055196485917,0.161689308545,47.5149137485,-55.196485917,161.689308545,104.589840082,104.589840082,192.575308567
670,0,150,positive,0.0474616492104,-0.0551657336216,0.163347200753,47.4616492104,-55.1657336216,163.347200753,104.651344673,104.651344673,194.233200775
670,1,150,positive,0.0474615745287,-0.0551656905041,0.163350383378,47.4615745287,-55.1656905041,163.350383378,104.651430908,104.651430908,194.2363834
671,0,150,positive,0.0474623379756,-0.0551661312804,0.163327078317,47.4623379756,-55.1661312804,163.327078317,104.650549355,104.650549355,194.213078339
671,1,150,positive,0.0475162677991,-0.0551972676785,0.161816692928,47.5162677991,-55.1972676785,161.816692928,104.588276559,104.588276559,192.702692951
672,0,150,positive,0.0474615745287,-0.0551656905041,0.163350383378,47.4615745287,-55.1656905041,163.350383378,104.651430908,104.651430908,194.2363834
672,1,150,positive,0.0474617650879,-0.0551658005235,0.163352151575,47.4617650879,-55.1658005235,163.352151575,104.651210869,104.651210869,194.238151597
673,0,150,positive,0.0475109247814,-0.0551941828858,0.164202909751,47.5109247814,-55.1941828858,164.202909751,104.594446144,104.594446144,195.088909773
673,1,150,positive,0.0474617650879,-0.0551658005235,0.163352151575,47.4617650879,-55.1658005235,163.352151575,104.651210869,104.651210869,194.238151597
674,0,150,positive,0.0475109247814,-0.0551941828858,0.164202909751,47.5109247814,-55.1941828858,164.202909751,104.594446144,104.594446144,195.088909773
674,1,150,positive,0.0474759771876,-0.0551740058831,0.164619010905,47.4759771876,-55.1740058831,164.619010905,104.63480015,104.63480015,195.505010928
675,0,150,positive,0.0474731076483,-0.0551723491538,0.164723592321,47.4731076483,-55.1723491538,164.723592321,104.638113608,104.638113608,195.609592343
675,1,150,positive,0.0474759771876,-0.0551740058831,0.164619010905,47.4759771876,-55.1740058831,164.619010905,104.63480015,104.63480015,195.505010928
676,0,150,positive,0.0474096037282,-0.0551356851485,0.164855187158,47.4096037282,-55.1356851485,164.855187158,104.711441619,104.711441619,195.74118718
676,1,150,positive,0.0474731076483,-0.0551723491538,0.164723592321,47.4731076483,-55.1723491538,164.723592321,104.638113608,104.638113608,195.609592343
677,0,150,positive,0.0474096037282,-0.0551356851485,0.164855187158,47.4096037282,-55.1356851485,164.855187158,104.711441619,104.711441619,195.74118718
677,1,150,positive,0.0472172666,-0.0550246392557,0.165484985625,47.2172666,-55.0246392557,165.484985625,104.933533405,104.933533405,196.370985647
678,0,150,positive,0.0471956565468,-0.0550121626857,0.165687971629,47.1956565468,-55.0121626857,165.687971629,104.958486545,104.958486545,196.573971652
678,1,150,positive,0.0471610855899,-0.0549922031344,0.165913800126,47.1610855899,-54.9922031344,165.913800126,104.998405647,104.998405647,196.799800148
679,0,150,positive,0.0471956565468,-0.0550121626857,0.165687971629,47.1956565468,-55.0121626857,165.687971629,104.958486545,104.958486545,196.573971652
679,1,150,positive,0.0472172666,-0.0550246392557,0.165484985625,47.2172666,-55.0246392557,165.484985625,104.933533405,104.933533405,196.370985647
680,0,150,positive,0.0471610855899,-0.0549922031344,0.165913800126,47.1610855899,-54.9922031344,165.913800126,104.998405647,104.998405647,196.799800148
680,1,150,positive,0.0471696292638,-0.0549971358268,0.166576341015,47.1696292638,-54.9971358268,166.576341015,104.988540262,104.988540262,197.462341037
681,0,150,positive,0.0471672143928,-0.0549957416004,0.166629326221,47.1672143928,-54.9957416004,166.629326221,104.991328715,104.991328715,197.515326243
681,1,150,positive,0.0470777555173,-0.0549440924945,0.167250903936,47.0777555173,-54.9440924945,167.250903936,105.094626927,105.094626927,198.136903959
682,0,150,positive,0.0470745782491,-0.0549422580979,0.167275720613,47.0745782491,-54.9422580979,167.275720613,105.09829572,105.09829572,198.161720636
682,1,150,positive,0.0470777555173,-0.0549440924945,0.167250903936,47.0777555173,-54.9440924945,167.250903936,105.094626927,105.094626927,198.136903959
683,0,150,positive,0.0470902435979,-0.0549513024912,0.168308235368,47.0902435979,-54.9513024912,168.308235368,105.080206934,105.080206934,199.19423539
683,1,150,positive,0.0470856727303,-0.0549486634996,0.168593733525,47.0856727303,-54.9486634996,168.593733525,105.085484917,105.085484917,199.479733548
684,0,150,positive,0.0470856727303,-0.0549486634996,0.168593733525,47.0856727303,-54.9486634996,168.593733525,105.085484917,105.085484917,199.479733548
684,1,150,positive,0.0471070933235,-0.0549610306848,0.168799793968,47.1070933235,-54.9610306848,168.799793968,105.060750546,105.060750546,199.68579399
685,0,150,positive,0.0471416327387,-0.0549809720255,0.169260375838,47.1416327387,-54.9809720255,169.260375838,105.020867865,105.020867865,200.14637586
685,1,150,positive,0.0471070933235,-0.0549610306848,0.168799793968,47.1070933235,-54.9610306848,168.799793968,105.060750546,105.060750546,199.68579399
686,0,150,positive,0.0471416327387,-0.0549809720255,0.169260375838,47.1416327387,-54.9809720255,169.260375838,105.020867865,105.020867865,200.14637586
686,1,150,positive,0.0471035902409,-0.0549590081791,0.169932261988,47.1035902409,-54.9590081791,169.932261988,105.064795558,105.064795558,200.81826201
687,0,150,positive,0.0470937163455,-0.054953307483,0.170351403424,47.0937163455,-54.953307483,170.351403424,105.07619695,105.07619695,201.237403447
687,1,150,positive,0.047130135117,-0.0549743338705,0.170753556856,47.130135117,-54.9743338705,170.753556856,105.034144175,105.034144175,201.639556878
688,0,150,positive,0.047130135117,-0.0549743338705,0.170753556856,47.130135117,-54.9743338705,170.753556856,105.034144175,105.034144175,201.639556878
688,1,150,positive,0.0471877002137,-0.0550075690946,0.171017422238,47.1877002137,-55.0075690946,171.017422238,104.967673727,104.967673727,201.90342226
689,0,150,positive,0.0471877002137,-0.0550075690946,0.171017422238,47.1877002137,-55.0075690946,171.017422238,104.967673727,104.967673727,201.90342226
689,1,150,positive,0.0472008452214,-0.0550151583684,0.171177082377,47.2008452214,-55.0151583684,171.177082377,104.952495179,104.952495179,202.0630824
690,0,150,positive,0.0472181462957,-0.0550251471482,0.171554461847,47.2181462957,-55.0251471482,171.554461847,104.932517619,104.932517619,202.44046187
690,1,150,positive,0.0472008452214,-0.0550151583684,0.171177082377,47.2008452214,-55.0151583684,171.177082377,104.952495179,104.952495179,202.0630824
691,0,150,positive,0.0472181462957,-0.0550251471482,0.171554461847,47.2181462957,-55.0251471482,171.554461847,104.932517619,104.932517619,202.44046187
691,1,150,positive,0.0471574234443,-0.0549900887936,0.171995928565,47.1574234443,-54.9900887936,171.995928565,105.002634329,105.002634329,202.881928587
692,0,150,positive,0.0472076594251,-0.0550190925507,0.17281787707,47.2076594251,-55.0190925507,172.81787707,104.944626815,104.944626815,203.703877092
692,1,150,positive,0.047248622815,-0.0550427427749,0.173200565126,47.248622815,-55.0427427749,173.200565126,104.897326366,104.897326366,204.086565148
693,0,150,positive,0.0473427705838,-0.0550970990145,0.173721830572,47.3427705838,-55.0970990145,173.721830572,104.788613887,104.788613887,204.607830594
693,1,150,positive,0.047248622815,-0.0550427427749,0.173200565126,47.248622815,-55.0427427749,173.200565126,104.897326366,104.897326366,204.086565148
694,0,150,positive,0.0473427705838,-0.0550970990145,0.173721830572,47.3427705838,-55.0970990145,173.721830572,104.788613887,104.788613887,204.607830594
694,1,150,positive,0.0473504469874,-0.0551015309882,0.174007434579,47.3504469874,-55.1015309882,174.007434579,104.779749939,104.779749939,204.893434602
695,0,150,positive,0.044730863177,-0.0535891135701,0.159010965457,44.730863177,-53.5891135701,159.010965457,107.804584776,107.804584776,189.89696548
695,1,150,positive,0.0446358524578,-0.0535342591058,0.160291610379,44.6358524578,-53.5342591058,160.291610379,107.914293704,107.914293704,191.177610401
696,0,150,positive,0.0444932764097,-0.0534519427861,0.162843014728,44.4932764097,-53.4519427861,162.843014728,108.078926344,108.078926344,193.729014751
696,1,150,positive,0.0444927354449,-0.0534516304599,0.162853146971,44.4927354449,-53.4516304599,162.853146971,108.079550996,108.079550996,193.739146993
697,0,150,positive,0.0444927354449,-0.0534516304599,0.162853146971,44.4927354449,-53.4516304599,162.853146971,108.079550996,108.079550996,193.739146993
697,1,150,positive,0.0444926687617,-0.0534515919603,0.162853955815,44.4926687617,-53.4515919603,162.853955815,108.079627995,108.079627995,193.739955838
698,0,150,positive,0.0444926687617,-0.0534515919603,0.162853955815,44.4926687617,-53.4515919603,162.853955815,108.079627995,108.079627995,193.739955838
698,1,150,positive,0.0444926569998,-0.0534515851696,0.162854903557,44.4926569998,-53.4515851696,162.854903557,108.079641577,108.079641577,193.74090358
699,0,150,positive,0.0471672143928,-0.0549957416004,0.166629326221,47.1672143928,-54.9957416004,166.629326221,104.991328715,104.991328715,197.515326243
699,1,150,positive,0.0471696292638,-0.0549971358268,0.166576341015,47.1696292638,-54.9971358268,166.576341015,104.988540262,104.988540262,197.462341037
700,0,150,positive,0.0470745782491,-0.0549422580979,0.167275720613,47.0745782491,-54.9422580979,167.275720613,105.09829572,105.09829572,198.161720636
700,1,150,positive,0.0470641458719,-0.0549362349621,0.167919900935,47.0641458719,-54.9362349621,167.919900935,105.110341992,105.110341992,198.805900957
701,0,150,positive,0.0470902435979,-0.0549513024912,0.168308235368,47.0902435979,-54.9513024912,168.308235368,105.080206934,105.080206934,199.19423539
701,1,150,positive,0.0470641458719,-0.0549362349621,0.167919900935,47.0641458719,-54.9362349621,167.919900935,105.110341992,105.110341992,198.805900957
702,0,150,positive,0.0470937163455,-0.054953307483,0.170351403424,47.0937163455,-54.953307483,170.351403424,105.07619695,105.07619695,201.237403447
702,1,150,positive,0.047079317004,-0.0549449940193,0.170115058604,47.079317004,-54.9449940193,170.115058604,105.092823877,105.092823877,201.001058626
703,0,150,positive,0.047079317004,-0.0549449940193,0.170115058604,47.079317004,-54.9449940193,170.115058604,105.092823877,105.092823877,201.001058626
703,1,150,positive,0.0471035902409,-0.0549590081791,0.169932261988,47.1035902409,-54.9590081791,169.932261988,105.064795558,105.064795558,200.81826201
704,0,150,positive,0.047159102521,-0.054991058209,0.172204597446,47.159102521,-54.991058209,172.204597446,105.000695498,105.000695498,203.090597469
704,1,150,positive,0.0471574234443,-0.0549900887936,0.171995928565,47.1574234443,-54.9900887936,171.995928565,105.002634329,105.002634329,202.881928587
705,0,150,positive,0.047159102521,-0.054991058209,0.172204597446,47.159102521,-54.991058209,172.204597446,105.000695498,105.000695498,203.090597469
705,1,150,positive,0.0472156743199,-0.0550237199524,0.172561102581,47.2156743199,-55.0237199524,172.561102581,104.935372011,104.935372011,203.447102603
706,0,150,positive,0.0472076594251,-0.0550190925507,0.17281787707,47.2076594251,-55.0190925507,172.81787707,104.944626815,104.944626815,203.703877092
706,1,150,positive,0.0472156743199,-0.0550237199524,0.172561102581,47.2156743199,-55.0237199524,172.561102581,104.935372011,104.935372011,203.447102603
707,0,150,positive,0.0473656229831,-0.0551102928534,0.174245131371,47.3656229831,-55.1102928534,174.245131371,104.762226209,104.762226209,205.131131393
707,1,150,positive,0.0473504469874,-0.0551015309882,0.174007434579,47.3504469874,-55.1015309882,174.007434579,104.779749939,104.779749939,204.893434602
708,0,150,positive,0.0473656229831,-0.0551102928534,0.174245131371,47.3656229831,-55.1102928534,174.245131371,104.762226209,104.762226209,205.131131393
708,1,150,positive,0.047330738882,-0.0550901525083,0.17461744586,47.330738882,-55.0901525083,174.61744586,104.802506899,104.802506899,205.503445883
709,0,150,positive,0.044829945559,-0.05364631881,0.157049620259,44.829945559,-53.64631881,157.049620259,107.690174296,107.690174296,187.935620281
709,1,150,positive,0.0449133243529,-0.0536944575791,0.156048686551,44.9133243529,-53.6944575791,156.048686551,107.593896758,107.593896758,186.934686573
710,0,150,positive,0.0448192679258,-0.0536401540757,0.157205324725,44.8192679258,-53.6401540757,157.205324725,107.702503765,107.702503765,188.091324747
710,1,150,positive,0.044829945559,-0.05364631881,0.157049620259,44.829945559,-53.64631881,157.049620259,107.690174296,107.690174296,187.935620281
711,0,150,positive,0.0446176420103,-0.053523745299,0.160653434172,44.6176420103,-53.523745299,160.653434172,107.935321318,107.935321318,191.539434195
711,1,150,positive,0.0446358524578,-0.0535342591058,0.160291610379,44.6358524578,-53.5342591058,160.291610379,107.914293704,107.914293704,191.177610401
712,0,150,positive,0.0444932764097,-0.0534519427861,0.162843014728,44.4932764097,-53.4519427861,162.843014728,108.078926344,108.078926344,193.729014751
712,1,150,positive,0.0446176420103,-0.053523745299,0.160653434172,44.6176420103,-53.523745299,160.653434172,107.935321318,107.935321318,191.539434195
713,0,150,positive,0.0444578495412,-0.053431489074,0.164370737011,44.4578495412,-53.431489074,164.370737011,108.119833768,108.119833768,195.256737034
713,1,150,positive,0.0444926569998,-0.0534515851696,0.162854903557,44.4926569998,-53.4515851696,162.854903557,108.079641577,108.079641577,193.74090358
714,0,150,positive,0.0444226197315,-0.0534111491339,0.164835815653,44.4226197315,-53.4111491339,164.835815653,108.160513648,108.160513648,195.721815676
714,1,150,positive,0.0444578495412,-0.053431489074,0.164370737011,44.4578495412,-53.431489074,164.370737011,108.119833768,108.119833768,195.256737034
715,0,150,positive,0.0444226197315,-0.0534111491339,0.164835815653,44.4226197315,-53.4111491339,164.835815653,108.160513648,108.160513648,195.721815676
715,1,150,positive,0.0443950297442,-0.0533952200473,0.165919034222,44.3950297442,-53.3952200473,165.919034222,108.192371821,108.192371821,196.805034244
716,0,150,positive,0.0443930607193,-0.0533940832303,0.166642267386,44.3930607193,-53.3940832303,166.642267386,108.194645455,108.194645455,197.528267408
716,1,150,positive,0.0443950297442,-0.0533952200473,0.165919034222,44.3950297442,-53.3952200473,165.919034222,108.192371821,108.192371821,196.805034244
717,0,150,positive,0.0443869483767,-0.0533905542676,0.16729277255,44.3869483767,-53.3905542676,167.29277255,108.201703381,108.201703381,198.178772573
717,1,150,positive,0.0443930607193,-0.0533940832303,0.166642267386,44.3930607193,-53.3940832303,166.642267386,108.194645455,108.194645455,197.528267408
718,0,150,positive,0.0443869483767,-0.0533905542676,0.16729277255,44.3869483767,-53.3905542676,167.29277255,108.201703381,108.201703381,198.178772573
718,1,150,positive,0.0443546658534,-0.053371915944,0.168160735726,44.3546658534,-53.371915944,168.160735726,108.238980028,108.238980028,199.046735748
719,0,150,positive,0.0443546658534,-0.053371915944,0.168160735726,44.3546658534,-53.371915944,168.160735726,108.238980028,108.238980028,199.046735748
719,1,150,positive,0.0443131871215,-0.053347968187,0.168705171024,44.3131871215,-53.347968187,168.705171024,108.286875542,108.286875542,199.591171046
720,0,150,positive,0.0442572170053,-0.0533156538254,0.169618806933,44.2572170053,-53.3156538254,169.618806933,108.351504265,108.351504265,200.504806955
720,1,150,positive,0.0443131871215,-0.053347968187,0.168705171024,44.3131871215,-53.347968187,168.705171024,108.286875542,108.286875542,199.591171046
721,0,150,positive,0.0441963758278,-0.0532805271552,0.170122021522,44.1963758278,-53.2805271552,170.122021522,108.421757606,108.421757606,201.008021544
721,1,150,positive,0.0442572170053,-0.0533156538254,0.169618806933,44.2572170053,-53.3156538254,169.618806933,108.351504265,108.351504265,200.504806955
722,0,150,positive,0.0441963758278,-0.0532805271552,0.170122021522,44.1963758278,-53.2805271552,170.122021522,108.421757606,108.421757606,201.008021544
722,1,150,positive,0.0441104923258,-0.0532309422922,0.170782221573,44.1104923258,-53.2309422922,170.782221573,108.520927332,108.520927332,201.668221595
723,0,150,positive,0.0439923517817,-0.0531627338172,0.171759477276,43.9923517817,-53.1627338172,171.759477276,108.657344282,108.657344282,202.645477298
723,1,150,positive,0.0439631376753,-0.053145867045,0.171464931322,43.9631376753,-53.145867045,171.464931322,108.691077826,108.691077826,202.350931344
724,0,150,positive,0.0441313946363,-0.0532430102468,0.172406351646,44.1313946363,-53.2430102468,172.406351646,108.496791422,108.496791422,203.292351669
724,1,150,positive,0.0439923517817,-0.0531627338172,0.171759477276,43.9923517817,-53.1627338172,171.759477276,108.657344282,108.657344282,202.645477298
725,0,150,positive,0.0440829078288,-0.0532150163754,0.173328059336,44.0829078288,-53.2150163754,173.328059336,108.552779165,108.552779165,204.214059358
725,1,150,positive,0.0441282470157,-0.0532411929672,0.172824886628,44.1282470157,-53.2411929672,172.824886628,108.500425982,108.500425982,203.71088665
726,0,150,positive,0.0439696360074,-0.0531496188588,0.171377385929,43.9696360074,-53.1496188588,171.377385929,108.683574198,108.683574198,202.263385952
726,1,150,positive,0.0441104923258,-0.0532309422922,0.170782221573,44.1104923258,-53.2309422922,170.782221573,108.520927332,108.520927332,201.668221595
727,0,150,positive,0.0441313946363,-0.0532430102468,0.172406351646,44.1313946363,-53.2430102468,172.406351646,108.496791422,108.496791422,203.292351669
727,1,150,positive,0.0441434916788,-0.0532499944775,0.172519995629,44.1434916788,-53.2499944775,172.519995629,108.482822961,108.482822961,203.405995651
728,0,150,positive,0.0439696360074,-0.0531496188588,0.171377385929,43.9696360074,-53.1496188588,171.377385929,108.683574198,108.683574198,202.263385952
728,1,150,positive,0.0439631376753,-0.053145867045,0.171464931322,43.9631376753,-53.145867045,171.464931322,108.691077826,108.691077826,202.350931344
729,0,150,positive,0.0441434916788,-0.0532499944775,0.172519995629,44.1434916788,-53.2499944775,172.519995629,108.482822961,108.482822961,203.405995651
729,1,150,positive,0.0441282470157,-0.0532411929672,0.172824886628,44.1282470157,-53.2411929672,172.824886628,108.500425982,108.500425982,203.71088665
730,0,150,positive,0.044070535417,-0.0532078731601,0.174159964174,44.070535417,-53.2078731601,174.159964174,108.567065596,108.567065596,205.045964196
730,1,150,positive,0.0440829078288,-0.0532150163754,0.173328059336,44.0829078288,-53.2150163754,173.328059336,108.552779165,108.552779165,204.214059358
731,0,150,positive,0.044070535417,-0.0532078731601,0.174159964174,44.070535417,-53.2078731601,174.159964174,108.567065596,108.567065596,205.045964196
731,1,150,positive,0.0440365124354,-0.0531882299825,0.175156456818,44.0365124354,-53.1882299825,175.156456818,108.606351951,108.606351951,206.04245684
732,0,150,positive,0.0479717397909,-0.0554602345555,0.179601853208,47.9717397909,-55.4602345555,179.601853208,104.062342805,104.062342805,210.48785323
732,1,150,positive,0.0479277302787,-0.0554348256518,0.179768686341,47.9277302787,-55.4348256518,179.768686341,104.113160612,104.113160612,210.654686364
733,0,150,positive,0.0479277302787,-0.0554348256518,0.179768686341,47.9277302787,-55.4348256518,179.768686341,104.113160612,104.113160612,210.654686364
733,1,150,positive,0.047924148124,-0.0554327574939,0.179800208251,47.924148124,-55.4327574939,179.800208251,104.117296928,104.117296928,210.686208273
734,0,150,positive,0.0480571498374,-0.0555095460689,0.180710279679,48.0571498374,-55.5095460689,180.710279679,103.963719778,103.963719778,211.596279701
734,1,150,positive,0.0481220213963,-0.0555469996809,0.181132710857,48.1220213963,-55.5469996809,181.132710857,103.888812554,103.888812554,212.018710879
735,0,150,positive,0.0479076234465,-0.0554232169668,0.180071699301,47.9076234465,-55.4232169668,180.071699301,104.136377982,104.136377982,210.957699323
735,1,150,positive,0.0479444719552,-0.0554444914633,0.180209928577,47.9444719552,-55.4444914633,180.209928577,104.093828989,104.093828989,211.0959286
736,0,150,positive,0.0482711015133,-0.0556330711265,0.18258389735,48.2711015133,-55.6330711265,182.58389735,103.716669663,103.716669663,213.469897373
736,1,150,positive,0.0482730692118,-0.0556342071778,0.182600502149,48.2730692118,-55.6342071778,182.600502149,103.71439756,103.71439756,213.486502171
737,0,150,positive,0.0482730692118,-0.0556342071778,0.182600502149,48.2730692118,-55.6342071778,182.600502149,103.71439756,103.71439756,213.486502171
737,1,150,positive,0.0482768678043,-0.0556364002962,0.182643529892,48.2768678043,-55.6364002962,182.643529892,103.710011324,103.710011324,213.529529914
738,0,150,positive,0.048663928769,-0.0558598700484,0.1858203905,48.663928769,-55.8598700484,185.8203905,103.263071819,103.263071819,216.706390522
738,1,150,positive,0.048446050551,-0.0557340780006,0.184370737214,48.446050551,-55.7340780006,184.370737214,103.514655915,103.514655915,215.256737237
739,0,150,positive,0.048663928769,-0.0558598700484,0.1858203905,48.663928769,-55.8598700484,185.8203905,103.263071819,103.263071819,216.706390522
739,1,150,positive,0.0486643789465,-0.0558601299585,0.185823587041,48.6643789465,-55.8601299585,185.823587041,103.262551999,103.262551999,216.709587063
740,0,150,positive,0.0486643789465,-0.0558601299585,0.185823587041,48.6643789465,-55.8601299585,185.823587041,103.262551999,103.262551999,216.709587063
740,1,150,positive,0.0486644678384,-0.0558601812803,0.18582463368,48.6644678384,-55.8601812803,185.82463368,103.262449355,103.262449355,216.710633702
741,0,150,positive,0.0487347482729,-0.0559007577081,0.186729783001,48.7347482729,-55.9007577081,186.729783001,103.1812965,103.1812965,217.615783023
741,1,150,positive,0.0486645599656,-0.0558602344699,0.185826470074,48.6645599656,-55.8602344699,185.826470074,103.262342976,103.262342976,216.712470096
742,0,150,positive,0.0486644678384,-0.0558601812803,0.18582463368,48.6644678384,-55.8601812803,185.82463368,103.262449355,103.262449355,216.710633702
742,1,150,positive,0.0486645599656,-0.0558602344699,0.185826470074,48.6645599656,-55.8602344699,185.826470074,103.262342976,103.262342976,216.712470096
743,0,150,positive,0.0497118707762,-0.0564648996484,0.194610501897,49.7118707762,-56.4648996484,194.610501897,102.053012619,102.053012619,225.49650192
743,1,150,positive,0.0498639648699,-0.0565527112143,0.195174430268,49.8639648699,-56.5527112143,195.174430268,101.877389487,101.877389487,226.06043029
744,0,150,positive,0.0498639648699,-0.0565527112143,0.195174430268,49.8639648699,-56.5527112143,195.174430268,101.877389487,101.877389487,226.06043029
744,1,150,positive,0.0500259103733,-0.0566462104943,0.195744522792,50.0259103733,-56.6462104943,195.744522792,101.690390927,101.690390927,226.630522814
745,0,150,positive,0.0501553899073,-0.0567209655381,0.196441914027,50.1553899073,-56.7209655381,196.441914027,101.54088084,101.54088084,227.327914049
745,1,150,positive,0.0500259103733,-0.0566462104943,0.195744522792,50.0259103733,-56.6462104943,195.744522792,101.690390927,101.690390927,226.630522814
746,0,150,positive,0.0487347482729,-0.0559007577081,0.186729783001,48.7347482729,-55.9007577081,186.729783001,103.1812965,103.1812965,217.615783023
746,1,150,positive,0.048764235601,-0.0559177822248,0.187106637877,48.764235601,-55.9177822248,187.106637877,103.147247466,103.147247466,217.992637899
747,0,150,positive,0.0489521283651,-0.0560262621628,0.18992514602,48.9521283651,-56.0262621628,189.92514602,102.93028759,102.93028759,220.811146042
747,1,150,positive,0.0490137427489,-0.0560618352439,0.190644764325,49.0137427489,-56.0618352439,190.644764325,102.859141428,102.859141428,221.530764347
748,0,150,positive,0.0490137427489,-0.0560618352439,0.190644764325,49.0137427489,-56.0618352439,190.644764325,102.859141428,102.859141428,221.530764347
748,1,150,positive,0.0490657709486,-0.056091873739,0.19100022042,49.0657709486,-56.091873739,191.00022042,102.799064438,102.799064438,221.886220442
749,0,150,positive,0.0480117986188,-0.0554833625306,0.179240043191,48.0117986188,-55.4833625306,179.240043191,104.016086855,104.016086855,210.126043213
749,1,150,positive,0.0479929104207,-0.0554724574244,0.179484879607,47.9929104207,-55.4724574244,179.484879607,104.037897067,104.037897067,210.370879629
750,0,150,positive,0.0479717397909,-0.0554602345555,0.179601853208,47.9717397909,-55.4602345555,179.601853208,104.062342805,104.062342805,210.48785323
750,1,150,positive,0.0479929104207,-0.0554724574244,0.179484879607,47.9929104207,-55.4724574244,179.484879607,104.037897067,104.037897067,210.370879629
751,0,150,positive,0.0479076234465,-0.0554232169668,0.180071699301,47.9076234465,-55.4232169668,180.071699301,104.136377982,104.136377982,210.957699323
751,1,150,positive,0.047924148124,-0.0554327574939,0.179800208251,47.924148124,-55.4327574939,179.800208251,104.117296928,104.117296928,210.686208273
752,0,150,positive,0.0480571498374,-0.0555095460689,0.180710279679,48.0571498374,-55.5095460689,180.710279679,103.963719778,103.963719778,211.596279701
752,1,150,positive,0.0479444719552,-0.0554444914633,0.180209928577,47.9444719552,-55.4444914633,180.209928577,104.093828989,104.093828989,211.0959286
753,0,150,positive,0.0482094735551,-0.0555974902083,0.181669348027,48.2094735551,-55.5974902083,181.669348027,103.787831499,103.787831499,212.55534805
753,1,150,positive,0.0481220213963,-0.0555469996809,0.181132710857,48.1220213963,-55.5469996809,181.132710857,103.888812554,103.888812554,212.018710879
754,0,150,positive,0.0482711015133,-0.0556330711265,0.18258389735,48.2711015133,-55.6330711265,182.58389735,103.716669663,103.716669663,213.469897373
754,1,150,positive,0.0482094735551,-0.0555974902083,0.181669348027,48.2094735551,-55.5974902083,181.669348027,103.787831499,103.787831499,212.55534805
755,0,150,positive,0.048446050551,-0.0557340780006,0.184370737214,48.446050551,-55.7340780006,184.370737214,103.514655915,103.514655915,215.256737237
755,1,150,positive,0.0482768678043,-0.0556364002962,0.182643529892,48.2768678043,-55.6364002962,182.643529892,103.710011324,103.710011324,213.529529914
756,0,150,positive,0.0446711604514,-0.0535546441854,0.184940037068,44.6711604514,-53.5546441854,184.940037068,107.873523545,107.873523545,215.826037091
756,1,150,positive,0.0447546343897,-0.0536028378862,0.18625143086,44.7546343897,-53.6028378862,186.25143086,107.777136144,107.777136144,217.137430883
757,0,150,positive,0.0447714715727,-0.0536125588383,0.186402980699,44.7714715727,-53.6125588383,186.402980699,107.757694239,107.757694239,217.288980721
757,1,150,positive,0.0447546343897,-0.0536028378862,0.18625143086,44.7546343897,-53.6028378862,186.25143086,107.777136144,107.777136144,217.137430883
758,0,150,positive,0.0448696736812,-0.0536692558521,0.187941828754,44.8696736812,-53.6692558521,187.941828754,107.644300212,107.644300212,218.827828776
758,1,150,positive,0.0447714715727,-0.0536125588383,0.186402980699,44.7714715727,-53.6125588383,186.402980699,107.757694239,107.757694239,217.288980721
759,0,150,positive,0.0491621929222,-0.0561475429914,0.191715432139,49.1621929222,-56.1475429914,191.715432139,102.687725933,102.687725933,222.601432161
759,1,150,positive,0.0490657709486,-0.056091873739,0.19100022042,49.0657709486,-56.091873739,191.00022042,102.799064438,102.799064438,221.886220442
760,0,150,positive,0.0491621929222,-0.0561475429914,0.191715432139,49.1621929222,-56.1475429914,191.715432139,102.687725933,102.687725933,222.601432161
760,1,150,positive,0.0492399943791,-0.0561924616835,0.192329380761,49.2399943791,-56.1924616835,192.329380761,102.597888549,102.597888549,223.215380783
761,0,150,positive,0.0492991546965,-0.0562266179087,0.192626781432,49.2991546965,-56.2266179087,192.626781432,102.529576099,102.529576099,223.512781454
761,1,150,positive,0.0492399943791,-0.0561924616835,0.192329380761,49.2399943791,-56.1924616835,192.329380761,102.597888549,102.597888549,223.215380783
762,0,150,positive,0.0492991546965,-0.0562266179087,0.192626781432,49.2991546965,-56.2266179087,192.626781432,102.529576099,102.529576099,223.512781454
762,1,150,positive,0.0493610273829,-0.0562623401208,0.193232300386,49.3610273829,-56.2623401208,193.232300386,102.458131674,102.458131674,224.118300408
763,0,150,positive,0.0497118707762,-0.0564648996484,0.194610501897,49.7118707762,-56.4648996484,194.610501897,102.053012619,102.053012619,225.49650192
763,1,150,positive,0.0494603790202,-0.0563197008153,0.193728082269,49.4603790202,-56.3197008153,193.728082269,102.343410285,102.343410285,224.614082291
764,0,150,positive,0.0494012044037,-0.0562855363346,0.193478766285,49.4012044037,-56.2855363346,193.478766285,102.411739247,102.411739247,224.364766307
764,1,150,positive,0.0493610273829,-0.0562623401208,0.193232300386,49.3610273829,-56.2623401208,193.232300386,102.458131674,102.458131674,224.118300408
765,0,150,positive,0.0494603790202,-0.0563197008153,0.193728082269,49.4603790202,-56.3197008153,193.728082269,102.343410285,102.343410285,224.614082291
765,1,150,positive,0.0494012044037,-0.0562855363346,0.193478766285,49.4012044037,-56.2855363346,193.478766285,102.411739247,102.411739247,224.364766307
766,0,150,positive,0.0488714223697,-0.0559796665346,0.188376627991,48.8714223697,-55.9796665346,188.376627991,103.023478847,103.023478847,219.262628013
766,1,150,positive,0.048764235601,-0.0559177822248,0.187106637877,48.764235601,-55.9177822248,187.106637877,103.147247466,103.147247466,217.992637899
767,0,150,positive,0.0488833201909,-0.0559865357449,0.188812133865,48.8833201909,-55.9865357449,188.812133865,103.009740426,103.009740426,219.698133887
767,1,150,positive,0.0488714223697,-0.0559796665346,0.188376627991,48.8714223697,-55.9796665346,188.376627991,103.023478847,103.023478847,219.262628013
768,0,150,positive,0.0488833201909,-0.0559865357449,0.188812133865,48.8833201909,-55.9865357449,188.812133865,103.009740426,103.009740426,219.698133887
768,1,150,positive,0.0489195657115,-0.056007462106,0.189437497133,48.9195657115,-56.007462106,189.437497133,102.967887704,102.967887704,220.323497155
769,0,150,positive,0.0489521283651,-0.0560262621628,0.18992514602,48.9521283651,-56.0262621628,189.92514602,102.93028759,102.93028759,220.811146042
769,1,150,positive,0.0489195657115,-0.056007462106,0.189437497133,48.9195657115,-56.007462106,189.437497133,102.967887704,102.967887704,220.323497155
770,0,150,positive,0.0448696736812,-0.0536692558521,0.187941828754,44.8696736812,-53.6692558521,187.941828754,107.644300212,107.644300212,218.827828776
770,1,150,positive,0.0448739484823,-0.0536717239096,0.188072378382,44.8739484823,-53.6717239096,188.072378382,107.639364097,107.639364097,218.958378405
771,0,150,positive,0.0448739484823,-0.0536717239096,0.188072378382,44.8739484823,-53.6717239096,188.072378382,107.639364097,107.639364097,218.958378405
771,1,150,positive,0.0448767145103,-0.0536733208767,0.188115042961,44.8767145103,-53.6733208767,188.115042961,107.636170163,107.636170163,219.001042983
772,0,150,positive,0.0449220184419,-0.0536994771138,0.189747675519,44.9220184419,-53.6994771138,189.747675519,107.583857688,107.583857688,220.633675541
772,1,150,positive,0.0449099009419,-0.0536924810719,0.189193933873,44.9099009419,-53.6924810719,189.193933873,107.597849772,107.597849772,220.079933895
773,0,150,positive,0.0449099009419,-0.0536924810719,0.189193933873,44.9099009419,-53.6924810719,189.193933873,107.597849772,107.597849772,220.079933895
773,1,150,positive,0.0448767145103,-0.0536733208767,0.188115042961,44.8767145103,-53.6733208767,188.115042961,107.636170163,107.636170163,219.001042983
774,0,150,positive,0.0449220184419,-0.0536994771138,0.189747675519,44.9220184419,-53.6994771138,189.747675519,107.583857688,107.583857688,220.633675541
774,1,150,positive,0.0449669404475,-0.0537254128458,0.190506236323,44.9669404475,-53.7254128458,190.506236323,107.531986224,107.531986224,221.392236345
775,0,150,positive,0.0451079384357,-0.0538068180722,0.191512967055,45.1079384357,-53.8068180722,191.512967055,107.369175771,107.369175771,222.398967077
775,1,150,positive,0.0451427812562,-0.053826934584,0.191802671602,45.1427812562,-53.826934584,191.802671602,107.328942748,107.328942748,222.688671624
776,0,150,positive,0.0452982315955,-0.0539166838793,0.192579524971,45.2982315955,-53.9166838793,192.579524971,107.149444157,107.149444157,223.465524993
776,1,150,positive,0.0451427812562,-0.053826934584,0.191802671602,45.1427812562,-53.826934584,191.802671602,107.328942748,107.328942748,222.688671624
777,0,150,positive,0.0451079384357,-0.0538068180722,0.191512967055,45.1079384357,-53.8068180722,191.512967055,107.369175771,107.369175771,222.398967077
777,1,150,positive,0.0449669404475,-0.0537254128458,0.190506236323,44.9669404475,-53.7254128458,190.506236323,107.531986224,107.531986224,221.392236345
778,0,150,positive,0.0453610368069,-0.053952944485,0.193037918567,45.3610368069,-53.952944485,193.037918567,107.076922946,107.076922946,223.923918589
778,1,150,positive,0.0452982315955,-0.0539166838793,0.192579524971,45.2982315955,-53.9166838793,192.579524971,107.149444157,107.149444157,223.465524993
779,0,150,positive,0.0454817967266,-0.0540226652571,0.193725700273,45.4817967266,-54.0226652571,193.725700273,106.937481402,106.937481402,224.611700295
779,1,150,positive,0.0453610368069,-0.053952944485,0.193037918567,45.3610368069,-53.952944485,193.037918567,107.076922946,107.076922946,223.923918589
780,0,150,positive,0.0460103636243,-0.0543278334978,0.196601844764,46.0103636243,-54.3278334978,196.601844764,106.32714492,106.32714492,227.487844787
780,1,150,positive,0.0454817967266,-0.0540226652571,0.193725700273,45.4817967266,-54.0226652571,193.725700273,106.937481402,106.937481402,224.611700295
781,0,150,positive,0.0460103636243,-0.0543278334978,0.196601844764,46.0103636243,-54.3278334978,196.601844764,106.32714492,106.32714492,227.487844787
781,1,150,positive,0.0460845460163,-0.0543706627218,0.196998470457,46.0845460163,-54.3706627218,196.998470457,106.241486472,106.241486472,227.88447048
782,0,150,positive,0.0460845460163,-0.0543706627218,0.196998470457,46.0845460163,-54.3706627218,196.998470457,106.241486472,106.241486472,227.88447048
782,1,150,positive,0.0461426097897,-0.054404185857,0.197321047791,46.1426097897,-54.404185857,197.321047791,106.174440202,106.174440202,228.207047814
783,0,150,positive,0.0461426097897,-0.054404185857,0.197321047791,46.1426097897,-54.404185857,197.321047791,106.174440202,106.174440202,228.207047814
783,1,150,positive,0.0461467888927,-0.0544065986632,0.197363770206,46.1467888927,-54.4065986632,197.363770206,106.16961459,106.16961459,228.249770228
784,0,150,positive,0.0537024023606,-0.0587688341328,0.206529006625,53.7024023606,-58.7688341328,206.529006625,97.4451436503,97.4451436503,237.415006647
784,1,150,positive,0.0534126657834,-0.058601554642,0.206168932738,53.4126657834,-58.601554642,206.168932738,97.779702632,97.779702632,237.05493276
785,0,150,positive,0.0608379448279,-0.0628885414971,0.216244752498,60.8379448279,-62.8885414971,216.244752498,89.2057289217,89.2057289217,247.130752521
785,1,150,positive,0.0603805008597,-0.062624436099,0.215299414101,60.3805008597,-62.624436099,215.299414101,89.7339397181,89.7339397181,246.185414123
786,0,150,positive,0.0597989852685,-0.0622886979158,0.214162009829,59.7989852685,-62.2886979158,214.162009829,90.4054160843,90.4054160843,245.048009851
786,1,150,positive,0.0581625157519,-0.0613438817999,0.211755243914,58.1625157519,-61.3438817999,211.755243914,92.2950483161,92.2950483161,242.641243936
787,0,150,positive,0.0600171928223,-0.0624146801057,0.214606045549,60.0171928223,-62.4146801057,214.606045549,90.1534517045,90.1534517045,245.492045571
787,1,150,positive,0.0603805008597,-0.062624436099,0.215299414101,60.3805008597,-62.624436099,215.299414101,89.7339397181,89.7339397181,246.185414123
788,0,150,positive,0.0597989852685,-0.0622886979158,0.214162009829,59.7989852685,-62.2886979158,214.162009829,90.4054160843,90.4054160843,245.048009851
788,1,150,positive,0.0600171928223,-0.0624146801057,0.214606045549,60.0171928223,-62.4146801057,214.606045549,90.1534517045,90.1534517045,245.492045571
789,0,150,positive,0.0566842018256,-0.0604903768566,0.209919400656,56.6842018256,-60.4903768566,209.919400656,94.0020582027,94.0020582027,240.805400679
789,1,150,positive,0.05773081653,-0.0610946401379,0.21116860797,57.73081653,-61.0946401379,211.16860797,92.7935316401,92.7935316401,242.054607992
790,0,150,positive,0.0566842018256,-0.0604903768566,0.209919400656,56.6842018256,-60.4903768566,209.919400656,94.0020582027,94.0020582027,240.805400679
790,1,150,positive,0.0561822035449,-0.0602005480141,0.209294479278,56.1822035449,-60.2005480141,209.294479278,94.5817158877,94.5817158877,240.1804793
791,0,150,positive,0.0561822035449,-0.0602005480141,0.209294479278,56.1822035449,-60.2005480141,209.294479278,94.5817158877,94.5817158877,240.1804793
791,1,150,positive,0.0558888023629,-0.0600311527627,0.208920037922,55.8888023629,-60.0311527627,208.920037922,94.9205063906,94.9205063906,239.806037944
792,0,150,positive,0.054256602362,-0.0590888016528,0.207187375193,54.256602362,-59.0888016528,207.187375193,96.8052086104,96.8052086104,238.073375215
792,1,150,positive,0.0558888023629,-0.0600311527627,0.208920037922,55.8888023629,-60.0311527627,208.920037922,94.9205063906,94.9205063906,239.806037944
793,0,150,positive,0.054256602362,-0.0590888016528,0.207187375193,54.256602362,-59.0888016528,207.187375193,96.8052086104,96.8052086104,238.073375215
793,1,150,positive,0.0537024023606,-0.0587688341328,0.206529006625,53.7024023606,-58.7688341328,206.529006625,97.4451436503,97.4451436503,237.415006647
794,0,150,positive,0.05773081653,-0.0610946401379,0.21116860797,57.73081653,-61.0946401379,211.16860797,92.7935316401,92.7935316401,242.054607992
794,1,150,positive,0.0581625157519,-0.0613438817999,0.211755243914,58.1625157519,-61.3438817999,211.755243914,92.2950483161,92.2950483161,242.641243936
795,0,150,positive,0.0501553899073,-0.0567209655381,0.196441914027,50.1553899073,-56.7209655381,196.441914027,101.54088084,101.54088084,227.327914049
795,1,150,positive,0.0504223065196,-0.0568750699161,0.19725029147,50.4223065196,-56.8750699161,197.25029147,101.232672084,101.232672084,228.136291492
796,0,150,positive,0.0507758392338,-0.0570791821238,0.198417853038,50.7758392338,-57.0791821238,198.417853038,100.824447668,100.824447668,229.30385306
796,1,150,positive,0.0509059956666,-0.0571543279753,0.198955904358,50.9059956666,-57.1543279753,198.955904358,100.674155965,100.674155965,229.841904381
797,0,150,positive,0.0512653033364,-0.0573617743551,0.20077240719,51.2653033364,-57.3617743551,200.77240719,100.259263206,100.259263206,231.658407212
797,1,150,positive,0.0513210080299,-0.0573939354749,0.200988982827,51.3210080299,-57.3939354749,200.988982827,100.194940966,100.194940966,231.874982849
798,0,150,positive,0.0512155618817,-0.0573330561129,0.200469812425,51.2155618817,-57.3330561129,200.469812425,100.31669969,100.31669969,231.355812447
798,1,150,positive,0.0512653033364,-0.0573617743551,0.20077240719,51.2653033364,-57.3617743551,200.77240719,100.259263206,100.259263206,231.658407212
799,0,150,positive,0.0509311633287,-0.0571688585318,0.199038871239,50.9311633287,-57.1688585318,199.038871239,100.645094852,100.645094852,229.924871262
799,1,150,positive,0.0510487024948,-0.057236719801,0.199583130827,51.0487024948,-57.236719801,199.583130827,100.509372314,100.509372314,230.46913085
800,0,150,positive,0.0512155618817,-0.0573330561129,0.200469812425,51.2155618817,-57.3330561129,200.469812425,100.31669969,100.31669969,231.355812447
800,1,150,positive,0.0510487024948,-0.057236719801,0.199583130827,51.0487024948,-57.236719801,199.583130827,100.509372314,100.509372314,230.46913085
801,0,150,positive,0.0513210080299,-0.0573939354749,0.200988982827,51.3210080299,-57.3939354749,200.988982827,100.194940966,100.194940966,231.874982849
801,1,150,positive,0.0513963852531,-0.057437454535,0.201194442967,51.3963852531,-57.437454535,201.194442967,100.107902846,100.107902846,232.080442989
802,0,150,positive,0.0517819708406,-0.0576600724778,0.202380892974,51.7819708406,-57.6600724778,202.380892974,99.6626669604,99.6626669604,233.266892996
802,1,150,positive,0.0521604943607,-0.057878613134,0.203594365328,52.1604943607,-57.878613134,203.594365328,99.225585648,99.225585648,234.48036535
803,0,150,positive,0.0517819708406,-0.0576600724778,0.202380892974,51.7819708406,-57.6600724778,202.380892974,99.6626669604,99.6626669604,233.266892996
803,1,150,positive,0.0517305583594,-0.0576303894679,0.202081805859,51.7305583594,-57.6303894679,202.081805859,99.7220329801,99.7220329801,232.967805882
804,0,150,positive,0.0517305583594,-0.0576303894679,0.202081805859,51.7305583594,-57.6303894679,202.081805859,99.7220329801,99.7220329801,232.967805882
804,1,150,positive,0.0513963852531,-0.057437454535,0.201194442967,51.3963852531,-57.437454535,201.194442967,100.107902846,100.107902846,232.080442989
805,0,150,positive,0.0521604943607,-0.057878613134,0.203594365328,52.1604943607,-57.878613134,203.594365328,99.225585648,99.225585648,234.48036535
805,1,150,positive,0.0524399005101,-0.0580399283496,0.20434072895,52.4399005101,-58.0399283496,204.34072895,98.9029552168,98.9029552168,235.226728972
806,0,150,positive,0.0525830412748,-0.0581225707086,0.204611385919,52.5830412748,-58.1225707086,204.611385919,98.7376704987,98.7376704987,235.497385941
806,1,150,positive,0.0529309435795,-0.0583234321979,0.20536915977,52.9309435795,-58.3234321979,205.36915977,98.3359475202,98.3359475202,236.255159792
807,0,150,positive,0.0525830412748,-0.0581225707086,0.204611385919,52.5830412748,-58.1225707086,204.611385919,98.7376704987,98.7376704987,235.497385941
807,1,150,positive,0.0524399005101,-0.0580399283496,0.20434072895,52.4399005101,-58.0399283496,204.34072895,98.9029552168,98.9029552168,235.226728972
808,0,150,positive,0.0529309435795,-0.0583234321979,0.20536915977,52.9309435795,-58.3234321979,205.36915977,98.3359475202,98.3359475202,236.255159792
808,1,150,positive,0.0534126657834,-0.058601554642,0.206168932738,53.4126657834,-58.601554642,206.168932738,97.779702632,97.779702632,237.05493276
809,0,150,positive,0.0516817579438,-0.0576022145349,0.21305362958,51.6817579438,-57.6022145349,213.05362958,99.7783828462,99.7783828462,243.939629603
809,1,150,positive,0.0520467188997,-0.0578129248409,0.213704867675,52.0467188997,-57.8129248409,213.704867675,99.3569622341,99.3569622341,244.590867697
810,0,150,positive,0.0523407817351,-0.0579827020982,0.214187353039,52.3407817351,-57.9827020982,214.187353039,99.0174077197,99.0174077197,245.073353061
810,1,150,positive,0.0520467188997,-0.0578129248409,0.213704867675,52.0467188997,-57.8129248409,213.704867675,99.3569622341,99.3569622341,244.590867697
811,0,150,positive,0.0528645159245,-0.0582850801734,0.214987851042,52.8645159245,-58.2850801734,214.987851042,98.4126515692,98.4126515692,245.873851064
811,1,150,positive,0.0523407817351,-0.0579827020982,0.214187353039,52.3407817351,-57.9827020982,214.187353039,99.0174077197,99.0174077197,245.073353061
812,0,150,positive,0.0532390986541,-0.0585013456131,0.215645109635,53.2390986541,-58.5013456131,215.645109635,97.9801206897,97.9801206897,246.531109658
812,1,150,positive,0.0529642340021,-0.0583426524323,0.215153659155,52.9642340021,-58.3426524323,215.153659155,98.2975070513,98.2975070513,246.039659177
813,0,150,positive,0.0532390986541,-0.0585013456131,0.215645109635,53.2390986541,-58.5013456131,215.645109635,97.9801206897,97.9801206897,246.531109658
813,1,150,positive,0.0533201977703,-0.0585481682097,0.215766131195,53.3201977703,-58.5481682097,215.766131195,97.8864754965,97.8864754965,246.652131218
814,0,150,positive,0.0536162328455,-0.0587190841401,0.216202226461,53.6162328455,-58.7190841401,216.202226461,97.5446436358,97.5446436358,247.088226483
814,1,150,positive,0.0533201977703,-0.0585481682097,0.215766131195,53.3201977703,-58.5481682097,215.766131195,97.8864754965,97.8864754965,246.652131218
815,0,150,positive,0.0507758392338,-0.0570791821238,0.198417853038,50.7758392338,-57.0791821238,198.417853038,100.824447668,100.824447668,229.30385306
815,1,150,positive,0.0507263162004,-0.0570505899871,0.198155335381,50.7263162004,-57.0505899871,198.155335381,100.881631942,100.881631942,229.041335403
816,0,150,positive,0.0507263162004,-0.0570505899871,0.198155335381,50.7263162004,-57.0505899871,198.155335381,100.881631942,100.881631942,229.041335403
816,1,150,positive,0.0504223065196,-0.0568750699161,0.19725029147,50.4223065196,-56.8750699161,197.25029147,101.232672084,101.232672084,228.136291492
817,0,150,positive,0.0509311633287,-0.0571688585318,0.199038871239,50.9311633287,-57.1688585318,199.038871239,100.645094852,100.645094852,229.924871262
817,1,150,positive,0.0509059956666,-0.0571543279753,0.198955904358,50.9059956666,-57.1543279753,198.955904358,100.674155965,100.674155965,229.841904381
818,0,150,positive,0.04692176359,-0.0548540305133,0.200777458012,46.92176359,-54.8540305133,200.777458012,105.274750889,105.274750889,231.663458034
818,1,150,positive,0.0470067537195,-0.0549030995875,0.201133059235,47.0067537195,-54.9030995875,201.133059235,105.176612741,105.176612741,232.019059257
819,0,150,positive,0.0470067537195,-0.0549030995875,0.201133059235,47.0067537195,-54.9030995875,201.133059235,105.176612741,105.176612741,232.019059257
819,1,150,positive,0.0470920674275,-0.0549523554798,0.201438257164,47.0920674275,-54.9523554798,201.438257164,105.078100956,105.078100956,232.324257186
820,0,150,positive,0.0464987983742,-0.0546098314321,0.199058022917,46.4987983742,-54.6098314321,199.058022917,105.763149052,105.763149052,229.944022939
820,1,150,positive,0.0462748304675,-0.0544805235009,0.197973837141,46.2748304675,-54.4805235009,197.973837141,106.021764914,106.021764914,228.859837163
821,0,150,positive,0.0461978074741,-0.054436054255,0.197579095884,46.1978074741,-54.436054255,197.579095884,106.110703406,106.110703406,228.465095906
821,1,150,positive,0.0462748304675,-0.0544805235009,0.197973837141,46.2748304675,-54.4805235009,197.973837141,106.021764914,106.021764914,228.859837163
822,0,150,positive,0.0465440475618,-0.0546359560628,0.199358881785,46.5440475618,-54.6359560628,199.358881785,105.71089979,105.71089979,230.244881807
822,1,150,positive,0.0464987983742,-0.0546098314321,0.199058022917,46.4987983742,-54.6098314321,199.058022917,105.763149052,105.763149052,229.944022939
823,0,150,positive,0.0465440475618,-0.0546359560628,0.199358881785,46.5440475618,-54.6359560628,199.358881785,105.71089979,105.71089979,230.244881807
823,1,150,positive,0.0466220793897,-0.0546810077596,0.199774450016,46.6220793897,-54.6810077596,199.774450016,105.620796397,105.620796397,230.660450038
824,0,150,positive,0.04692176359,-0.0548540305133,0.200777458012,46.92176359,-54.8540305133,200.777458012,105.274750889,105.274750889,231.663458034
824,1,150,positive,0.0466220793897,-0.0546810077596,0.199774450016,46.6220793897,-54.6810077596,199.774450016,105.620796397,105.620796397,230.660450038
825,0,150,positive,0.0461467888927,-0.0544065986632,0.197363770206,46.1467888927,-54.4065986632,197.363770206,106.16961459,106.16961459,228.249770228
825,1,150,positive,0.0461694858084,-0.0544197027336,0.197447162028,46.1694858084,-54.4197027336,197.447162028,106.143406449,106.143406449,228.33316205
826,0,150,positive,0.0461694858084,-0.0544197027336,0.197447162028,46.1694858084,-54.4197027336,197.447162028,106.143406449,106.143406449,228.33316205
826,1,150,positive,0.0461978074741,-0.054436054255,0.197579095884,46.1978074741,-54.436054255,197.579095884,106.110703406,106.110703406,228.465095906
827,0,150,positive,0.0473618623705,-0.0551081216627,0.20249592707,47.3618623705,-55.1081216627,202.49592707,104.76656859,104.76656859,233.381927092
827,1,150,positive,0.0472973532142,-0.055070877284,0.20224273875,47.2973532142,-55.070877284,202.24273875,104.841057348,104.841057348,233.128738772
828,0,150,positive,0.0474942902349,-0.0551845789259,0.202990073137,47.4942902349,-55.1845789259,202.990073137,104.613654064,104.613654064,233.87607316
828,1,150,positive,0.0473618623705,-0.0551081216627,0.20249592707,47.3618623705,-55.1081216627,202.49592707,104.76656859,104.76656859,233.381927092
829,0,150,positive,0.0472973532142,-0.055070877284,0.20224273875,47.2973532142,-55.070877284,202.24273875,104.841057348,104.841057348,233.128738772
829,1,150,positive,0.0470920674275,-0.0549523554798,0.201438257164,47.0920674275,-54.9523554798,201.438257164,105.078100956,105.078100956,232.324257186
830,0,150,positive,0.0478618698494,-0.0553968011153,0.204412692967,47.8618698494,-55.3968011153,204.412692967,104.189209685,104.189209685,235.298692989
830,1,150,positive,0.0477321225389,-0.0553218914706,0.203933432733,47.7321225389,-55.3218914706,203.933432733,104.339028975,104.339028975,234.819432755
831,0,150,positive,0.0474942902349,-0.0551845789259,0.202990073137,47.4942902349,-55.1845789259,202.990073137,104.613654064,104.613654064,233.87607316
831,1,150,positive,0.0477321225389,-0.0553218914706,0.203933432733,47.7321225389,-55.3218914706,203.933432733,104.339028975,104.339028975,234.819432755
832,0,150,positive,0.0482816984661,-0.0556391892801,0.206036430696,48.2816984661,-55.6391892801,206.036430696,103.704433356,103.704433356,236.922430718
832,1,150,positive,0.0482194574496,-0.0556032544125,0.205839568455,48.2194574496,-55.6032544125,205.839568455,103.776303091,103.776303091,236.725568478
833,0,150,positive,0.0479109651985,-0.0554251463283,0.204607516529,47.9109651985,-55.4251463283,204.607516529,104.132519259,104.132519259,235.493516552
833,1,150,positive,0.0478618698494,-0.0553968011153,0.204412692967,47.8618698494,-55.3968011153,204.412692967,104.189209685,104.189209685,235.298692989
834,0,150,positive,0.0479109651985,-0.0554251463283,0.204607516529,47.9109651985,-55.4251463283,204.607516529,104.132519259,104.132519259,235.493516552
834,1,150,positive,0.0482194574496,-0.0556032544125,0.205839568455,48.2194574496,-55.6032544125,205.839568455,103.776303091,103.776303091,236.725568478
835,0,150,positive,0.0482816984661,-0.0556391892801,0.206036430696,48.2816984661,-55.6391892801,206.036430696,103.704433356,103.704433356,236.922430718
835,1,150,positive,0.0484531507913,-0.0557381773262,0.20649650342,48.4531507913,-55.7381773262,206.49650342,103.506457263,103.506457263,237.382503443
836,0,150,positive,0.0492303828363,-0.0561869124566,0.208385980797,49.2303828363,-56.1869124566,208.385980797,102.608987003,102.608987003,239.271980819
836,1,150,positive,0.0488486576267,-0.0559665233041,0.2075399136,48.8486576267,-55.9665233041,207.5399136,103.049765308,103.049765308,238.425913622
837,0,150,positive,0.0492303828363,-0.0561869124566,0.208385980797,49.2303828363,-56.1869124566,208.385980797,102.608987003,102.608987003,239.271980819
837,1,150,positive,0.0495522404806,-0.0563727370542,0.209128650951,49.5522404806,-56.3727370542,209.128650951,102.237337808,102.237337808,240.014650973
838,0,150,positive,0.0506971304298,-0.0570337395746,0.211305427538,50.6971304298,-57.0337395746,211.305427538,100.915332767,100.915332767,242.191427561
838,1,150,positive,0.0508416395465,-0.057117171952,0.211565333983,50.8416395465,-57.117171952,211.565333983,100.748468012,100.748468012,242.451334005
839,0,150,positive,0.0506971304298,-0.0570337395746,0.211305427538,50.6971304298,-57.0337395746,211.305427538,100.915332767,100.915332767,242.191427561
839,1,150,positive,0.0502185598426,-0.0567574367172,0.21045324649,50.2185598426,-56.7574367172,210.45324649,101.467938482,101.467938482,241.339246512
840,0,150,positive,0.049928217554,-0.0565898075187,0.209925943902,49.928217554,-56.5898075187,209.925943902,101.803196879,101.803196879,240.811943924
840,1,150,positive,0.0496201997876,-0.0564119733784,0.209286969777,49.6201997876,-56.4119733784,209.286969777,102.158865159,102.158865159,240.172969799
841,0,150,positive,0.0500777387866,-0.0566761336426,0.210171293164,50.0777387866,-56.6761336426,210.171293164,101.630544631,101.630544631,241.057293186
841,1,150,positive,0.0502185598426,-0.0567574367172,0.21045324649,50.2185598426,-56.7574367172,210.45324649,101.467938482,101.467938482,241.339246512
842,0,150,positive,0.0495522404806,-0.0563727370542,0.209128650951,49.5522404806,-56.3727370542,209.128650951,102.237337808,102.237337808,240.014650973
842,1,150,positive,0.0496201997876,-0.0564119733784,0.209286969777,49.6201997876,-56.4119733784,209.286969777,102.158865159,102.158865159,240.172969799
843,0,150,positive,0.049928217554,-0.0565898075187,0.209925943902,49.928217554,-56.5898075187,209.925943902,101.803196879,101.803196879,240.811943924
843,1,150,positive,0.0500777387866,-0.0566761336426,0.210171293164,50.0777387866,-56.6761336426,210.171293164,101.630544631,101.630544631,241.057293186
844,0,150,positive,0.0511595822662,-0.0573007362668,0.212271498866,51.1595822662,-57.3007362668,212.271498866,100.381339382,100.381339382,243.157498889
844,1,150,positive,0.0513272266678,-0.0573975258072,0.212534272342,51.3272266678,-57.3975258072,212.534272342,100.187760302,100.187760302,243.420272365
845,0,150,positive,0.0516817579438,-0.0576022145349,0.21305362958,51.6817579438,-57.6022145349,213.05362958,99.7783828462,99.7783828462,243.939629603
845,1,150,positive,0.0513272266678,-0.0573975258072,0.212534272342,51.3272266678,-57.3975258072,212.534272342,100.187760302,100.187760302,243.420272365
846,0,150,positive,0.0528645159245,-0.0582850801734,0.214987851042,52.8645159245,-58.2850801734,214.987851042,98.4126515692,98.4126515692,245.873851064
846,1,150,positive,0.0529642340021,-0.0583426524323,0.215153659155,52.9642340021,-58.3426524323,215.153659155,98.2975070513,98.2975070513,246.039659177
847,0,150,positive,0.0510863577211,-0.057258460056,0.212128183251,51.0863577211,-57.258460056,212.128183251,100.465891804,100.465891804,243.014183273
847,1,150,positive,0.0508416395465,-0.057117171952,0.211565333983,50.8416395465,-57.117171952,211.565333983,100.748468012,100.748468012,242.451334005
848,0,150,positive,0.0510863577211,-0.057258460056,0.212128183251,51.0863577211,-57.258460056,212.128183251,100.465891804,100.465891804,243.014183273
848,1,150,positive,0.0511595822662,-0.0573007362668,0.212271498866,51.1595822662,-57.3007362668,212.271498866,100.381339382,100.381339382,243.157498889
849,0,150,positive,0.0488486576267,-0.0559665233041,0.2075399136,48.8486576267,-55.9665233041,207.5399136,103.049765308,103.049765308,238.425913622
849,1,150,positive,0.0487584152608,-0.0559144218498,0.207310633982,48.7584152608,-55.9144218498,207.310633982,103.153968216,103.153968216,238.196634004
850,0,150,positive,0.0484531507913,-0.0557381773262,0.20649650342,48.4531507913,-55.7381773262,206.49650342,103.506457263,103.506457263,237.382503443
850,1,150,positive,0.0487584152608,-0.0559144218498,0.207310633982,48.7584152608,-55.9144218498,207.310633982,103.153968216,103.153968216,238.196634004
851,0,150,positive,0.0446587414804,-0.0535474740892,0.184803226785,44.6587414804,-53.5474740892,184.803226785,107.887863738,107.887863738,215.689226808
851,1,150,positive,0.044635005343,-0.0535337700239,0.184554595437,44.635005343,-53.5337700239,184.554595437,107.915271868,107.915271868,215.44059546
852,0,150,positive,0.0444860225927,-0.0534477547929,0.18305383359,44.4860225927,-53.4477547929,183.05383359,108.08730233,108.08730233,213.939833612
852,1,150,positive,0.044635005343,-0.0535337700239,0.184554595437,44.635005343,-53.5337700239,184.554595437,107.915271868,107.915271868,215.44059546
853,0,150,positive,0.044667605509,-0.0535525917385,0.184871704797,44.667605509,-53.5525917385,184.871704797,107.877628439,107.877628439,215.757704819
853,1,150,positive,0.0446587414804,-0.0535474740892,0.184803226785,44.6587414804,-53.5474740892,184.803226785,107.887863738,107.887863738,215.689226808
854,0,150,positive,0.0446711604514,-0.0535546441854,0.184940037068,44.6711604514,-53.5546441854,184.940037068,107.873523545,107.873523545,215.826037091
854,1,150,positive,0.044667605509,-0.0535525917385,0.184871704797,44.667605509,-53.5525917385,184.871704797,107.877628439,107.877628439,215.757704819
855,0,150,positive,0.0614740912228,-0.0632558207894,0.217222466145,61.4740912228,-63.2558207894,217.222466145,88.4711703371,88.4711703371,248.108466168
855,1,150,positive,0.0616256792783,-0.0633433401941,0.217721326078,61.6256792783,-63.3433401941,217.721326078,88.2961315277,88.2961315277,248.607326101
856,0,150,positive,0.0616256792783,-0.0633433401941,0.217721326078,61.6256792783,-63.3433401941,217.721326078,88.2961315277,88.2961315277,248.607326101
856,1,150,positive,0.0617376476872,-0.0634079851852,0.218417919419,61.7376476872,-63.4079851852,218.417919419,88.1668415457,88.1668415457,249.303919441
857,0,150,positive,0.0617746709488,-0.0634293605752,0.21868339148,61.7746709488,-63.4293605752,218.68339148,88.1240907656,88.1240907656,249.569391502
857,1,150,positive,0.0617376476872,-0.0634079851852,0.218417919419,61.7376476872,-63.4079851852,218.417919419,88.1668415457,88.1668415457,249.303919441
858,0,150,positive,0.0614740912228,-0.0632558207894,0.217222466145,61.4740912228,-63.2558207894,217.222466145,88.4711703371,88.4711703371,248.108466168
858,1,150,positive,0.0614421253934,-0.0632373653092,0.21714510523,61.4421253934,-63.2373653092,217.14510523,88.5080812975,88.5080812975,248.031105252
859,0,150,positive,0.0608379448279,-0.0628885414971,0.216244752498,60.8379448279,-62.8885414971,216.244752498,89.2057289217,89.2057289217,247.130752521
859,1,150,positive,0.0614421253934,-0.0632373653092,0.21714510523,61.4421253934,-63.2373653092,217.14510523,88.5080812975,88.5080812975,248.031105252
860,0,150,positive,0.0619829283198,-0.0635495980244,0.219602005941,61.9829283198,-63.5495980244,219.602005941,87.8836158672,87.8836158672,250.488005964
860,1,150,positive,0.0619982610743,-0.0635584503943,0.219688003696,61.9982610743,-63.5584503943,219.688003696,87.8659111274,87.8659111274,250.574003719
861,0,150,positive,0.0618523215124,-0.063474192149,0.218906224189,61.8523215124,-63.474192149,218.906224189,88.034427618,88.034427618,249.792224211
861,1,150,positive,0.0617746709488,-0.0634293605752,0.21868339148,61.7746709488,-63.4293605752,218.68339148,88.1240907656,88.1240907656,249.569391502
862,0,150,positive,0.0619829283198,-0.0635495980244,0.219602005941,61.9829283198,-63.5495980244,219.602005941,87.8836158672,87.8836158672,250.488005964
862,1,150,positive,0.0618523215124,-0.063474192149,0.218906224189,61.8523215124,-63.474192149,218.906224189,88.034427618,88.034427618,249.792224211
863,0,150,positive,0.0620133895855,-0.0635671848444,0.219772775661,62.0133895855,-63.5671848444,219.772775661,87.8484422272,87.8484422272,250.658775683
863,1,150,positive,0.062079471876,-0.0636053374726,0.220038629927,62.079471876,-63.6053374726,220.038629927,87.7721369709,87.7721369709,250.92462995
864,0,150,positive,0.0619982610743,-0.0635584503943,0.219688003696,61.9982610743,-63.5584503943,219.688003696,87.8659111274,87.8659111274,250.574003719
864,1,150,positive,0.0620044992543,-0.0635620520092,0.21971429264,62.0044992543,-63.5620520092,219.71429264,87.8587078975,87.8587078975,250.600292662
865,0,150,positive,0.0620044992543,-0.0635620520092,0.21971429264,62.0044992543,-63.5620520092,219.71429264,87.8587078975,87.8587078975,250.600292662
865,1,150,positive,0.0620133895855,-0.0635671848444,0.219772775661,62.0133895855,-63.5671848444,219.772775661,87.8484422272,87.8484422272,250.658775683
866,0,150,positive,0.0621863679144,-0.0636670539291,0.220512987424,62.1863679144,-63.6670539291,220.512987424,87.6487040577,87.6487040577,251.398987446
866,1,150,positive,0.062079471876,-0.0636053374726,0.220038629927,62.079471876,-63.6053374726,220.038629927,87.7721369709,87.7721369709,250.92462995
867,0,150,positive,0.0622150190037,-0.0636835956432,0.221152516226,62.2150190037,-63.6835956432,221.152516226,87.6156206295,87.6156206295,252.038516248
867,1,150,positive,0.0622222285455,-0.0636877580741,0.221364838104,62.2222285455,-63.6877580741,221.364838104,87.6072957678,87.6072957678,252.250838127
868,0,150,positive,0.0622222285455,-0.0636877580741,0.221364838104,62.2222285455,-63.6877580741,221.364838104,87.6072957678,87.6072957678,252.250838127
868,1,150,positive,0.0622249163089,-0.0636893098551,0.221382142804,62.2249163089,-63.6893098551,221.382142804,87.6041922058,87.6041922058,252.268142826
869,0,150,positive,0.0622249163089,-0.0636893098551,0.221382142804,62.2249163089,-63.6893098551,221.382142804,87.6041922058,87.6041922058,252.268142826
869,1,150,positive,0.0622297202243,-0.0636920833969,0.221398089767,62.2297202243,-63.6920833969,221.398089767,87.5986451222,87.5986451222,252.28408979
870,0,150,positive,0.0622297202243,-0.0636920833969,0.221398089767,62.2297202243,-63.6920833969,221.398089767,87.5986451222,87.5986451222,252.28408979
870,1,150,positive,0.0622286953422,-0.0636914916809,0.22140777786,62.2286953422,-63.6914916809,221.40777786,87.5998285541,87.5998285541,252.293777882
871,0,150,positive,0.0622286953422,-0.0636914916809,0.22140777786,62.2286953422,-63.6914916809,221.40777786,87.5998285541,87.5998285541,252.293777882
871,1,150,positive,0.0622319265806,-0.0636933572373,0.22142635379,62.2319265806,-63.6933572373,221.42635379,87.5960974414,87.5960974414,252.312353813
872,0,150,positive,0.0622150190037,-0.0636835956432,0.221152516226,62.2150190037,-63.6835956432,221.152516226,87.6156206295,87.6156206295,252.038516248
872,1,150,positive,0.0621863679144,-0.0636670539291,0.220512987424,62.1863679144,-63.6670539291,220.512987424,87.6487040577,87.6487040577,251.398987446
873,0,150,positive,0.0622862516787,-0.0637247218473,0.222071674776,62.2862516787,-63.7247218473,222.071674776,87.5333682214,87.5333682214,252.957674798
873,1,150,positive,0.0622319265806,-0.0636933572373,0.22142635379,62.2319265806,-63.6933572373,221.42635379,87.5960974414,87.5960974414,252.312353813
874,0,150,positive,0.0624507264318,-0.0638196813903,0.222600961288,62.4507264318,-63.8196813903,222.600961288,87.3434491354,87.3434491354,253.48696131
874,1,150,positive,0.0622862516787,-0.0637247218473,0.222071674776,62.2862516787,-63.7247218473,222.071674776,87.5333682214,87.5333682214,252.957674798
875,0,150,positive,0.0624507264318,-0.0638196813903,0.222600961288,62.4507264318,-63.8196813903,222.600961288,87.3434491354,87.3434491354,253.48696131
875,1,150,positive,0.0625661975044,-0.0638863486451,0.223091559204,62.5661975044,-63.8863486451,223.091559204,87.2101146257,87.2101146257,253.977559226
876,0,150,positive,0.0626991492344,-0.0639631083623,0.223666263719,62.6991492344,-63.9631083623,223.666263719,87.0565951915,87.0565951915,254.552263741
876,1,150,positive,0.0627747434027,-0.0640067526757,0.22387520531,62.7747434027,-64.0067526757,223.87520531,86.9693065646,86.9693065646,254.761205332
877,0,150,positive,0.0580201613966,-0.0612616934746,0.224292739356,58.0201613966,-61.2616934746,224.292739356,92.4594249668,92.4594249668,255.178739379
877,1,150,positive,0.0582848931887,-0.061414536446,0.225226116775,58.2848931887,-61.414536446,225.226116775,92.153739024,92.153739024,256.112116797
878,0,150,positive,0.0582848931887,-0.061414536446,0.225226116775,58.2848931887,-61.414536446,225.226116775,92.153739024,92.153739024,256.112116797
878,1,150,positive,0.0583766496375,-0.0614675120564,0.225722037499,58.3766496375,-61.4675120564,225.722037499,92.0477878031,92.0477878031,256.608037521
879,0,150,positive,0.0547102267823,-0.059350701834,0.217934505099,54.7102267823,-59.350701834,217.934505099,96.281408248,96.281408248,248.820505121
879,1,150,positive,0.0548973886263,-0.059458759775,0.218196513174,54.8973886263,-59.458759775,218.196513174,96.065292366,96.065292366,249.082513196
880,0,150,positive,0.0550003228134,-0.0595181888556,0.218436907963,55.0003228134,-59.5181888556,218.436907963,95.9464342047,95.9464342047,249.322907986
880,1,150,positive,0.0548973886263,-0.059458759775,0.218196513174,54.8973886263,-59.458759775,218.196513174,96.065292366,96.065292366,249.082513196
881,0,150,positive,0.0550003228134,-0.0595181888556,0.218436907963,55.0003228134,-59.5181888556,218.436907963,95.9464342047,95.9464342047,249.322907986
881,1,150,positive,0.0550345109637,-0.0595379273934,0.21851733006,55.0345109637,-59.5379273934,218.51733006,95.9069571292,95.9069571292,249.403330083
882,0,150,positive,0.0542732065041,-0.0590983880587,0.217257895513,54.2732065041,-59.0983880587,217.257895513,96.7860357985,96.7860357985,248.143895536
882,1,150,positive,0.054571232296,-0.0592704533299,0.217681975043,54.571232296,-59.2704533299,217.681975043,96.4419052562,96.4419052562,248.567975065
883,0,150,positive,0.053975556005,-0.0589265394629,0.216764959505,53.975556005,-58.9265394629,216.764959505,97.1297329901,97.1297329901,247.650959527
883,1,150,positive,0.0536162328455,-0.0587190841401,0.216202226461,53.6162328455,-58.7190841401,216.202226461,97.5446436358,97.5446436358,247.088226483
884,0,150,positive,0.053975556005,-0.0589265394629,0.216764959505,53.975556005,-58.9265394629,216.764959505,97.1297329901,97.1297329901,247.650959527
884,1,150,positive,0.0542732065041,-0.0590983880587,0.217257895513,54.2732065041,-59.0983880587,217.257895513,96.7860357985,96.7860357985,248.143895536
885,0,150,positive,0.0547102267823,-0.059350701834,0.217934505099,54.7102267823,-59.350701834,217.934505099,96.281408248,96.281408248,248.820505121
885,1,150,positive,0.054571232296,-0.0592704533299,0.217681975043,54.571232296,-59.2704533299,217.681975043,96.4419052562,96.4419052562,248.567975065
886,0,150,positive,0.0551121158326,-0.0595827325854,0.219421013648,55.1121158326,-59.5827325854,219.421013648,95.8173467452,95.8173467452,250.307013671
886,1,150,positive,0.0550846724983,-0.0595668881689,0.219224850132,55.0846724983,-59.5668881689,219.224850132,95.8490355781,95.8490355781,250.110850155
887,0,150,positive,0.0551707427648,-0.0596165808604,0.219859882011,55.1707427648,-59.6165808604,219.859882011,95.7496501951,95.7496501951,250.745882034
887,1,150,positive,0.0551121158326,-0.0595827325854,0.219421013648,55.1121158326,-59.5827325854,219.421013648,95.8173467452,95.8173467452,250.307013671
888,0,150,positive,0.0550862725654,-0.0595678119681,0.218735099858,55.0862725654,-59.5678119681,218.735099858,95.8471879798,95.8471879798,249.62109988
888,1,150,positive,0.0550345109637,-0.0595379273934,0.21851733006,55.0345109637,-59.5379273934,218.51733006,95.9069571292,95.9069571292,249.403330083
889,0,150,positive,0.0550862725654,-0.0595678119681,0.218735099858,55.0862725654,-59.5678119681,218.735099858,95.8471879798,95.8471879798,249.62109988
889,1,150,positive,0.0550846724983,-0.0595668881689,0.219224850132,55.0846724983,-59.5668881689,219.224850132,95.8490355781,95.8490355781,250.110850155
890,0,150,positive,0.0551707427648,-0.0596165808604,0.219859882011,55.1707427648,-59.6165808604,219.859882011,95.7496501951,95.7496501951,250.745882034
890,1,150,positive,0.0551974839393,-0.0596320198847,0.220357407366,55.1974839393,-59.6320198847,220.357407366,95.7187721465,95.7187721465,251.243407389
891,0,150,positive,0.0575419293754,-0.0609855860884,0.223047540378,57.5419293754,-60.9855860884,223.047540378,93.0116397392,93.0116397392,253.933540401
891,1,150,positive,0.0574069240773,-0.0609076407432,0.222793103628,57.4069240773,-60.9076407432,222.793103628,93.1675304297,93.1675304297,253.67910365
892,0,150,positive,0.0571185498975,-0.0607411478328,0.222293946325,57.1185498975,-60.7411478328,222.293946325,93.5005162503,93.5005162503,253.179946347
892,1,150,positive,0.0574069240773,-0.0609076407432,0.222793103628,57.4069240773,-60.9076407432,222.793103628,93.1675304297,93.1675304297,253.67910365
893,0,150,positive,0.0569524782813,-0.0606452663405,0.222101177708,56.9524782813,-60.6452663405,222.101177708,93.6922792349,93.6922792349,252.987177731
893,1,150,positive,0.0571185498975,-0.0607411478328,0.222293946325,57.1185498975,-60.7411478328,222.293946325,93.5005162503,93.5005162503,253.179946347
894,0,150,positive,0.056641773626,-0.0604658809241,0.221895341571,56.641773626,-60.4658809241,221.895341571,94.0510500677,94.0510500677,252.781341594
894,1,150,positive,0.0568587989697,-0.0605911805648,0.222039387092,56.8587989697,-60.5911805648,222.039387092,93.8004507865,93.8004507865,252.925387114
895,0,150,positive,0.056641773626,-0.0604658809241,0.221895341571,56.641773626,-60.4658809241,221.895341571,94.0510500677,94.0510500677,252.781341594
895,1,150,positive,0.0565026179916,-0.0603855393811,0.221853332698,56.5026179916,-60.3855393811,221.853332698,94.2117331537,94.2117331537,252.739332721
896,0,150,positive,0.0560687835238,-0.0601350649344,0.221624211863,56.0687835238,-60.1350649344,221.624211863,94.7126820472,94.7126820472,252.510211885
896,1,150,positive,0.0565026179916,-0.0603855393811,0.221853332698,56.5026179916,-60.3855393811,221.853332698,94.2117331537,94.2117331537,252.739332721
897,0,150,positive,0.0558198278462,-0.0599913303069,0.221480249801,55.8198278462,-59.9913303069,221.480249801,95.0001513021,95.0001513021,252.366249823
897,1,150,positive,0.0557615420708,-0.0599576789988,0.221440753819,55.7615420708,-59.9576789988,221.440753819,95.0674539184,95.0674539184,252.326753841
898,0,150,positive,0.0569524782813,-0.0606452663405,0.222101177708,56.9524782813,-60.6452663405,222.101177708,93.6922792349,93.6922792349,252.987177731
898,1,150,positive,0.0568587989697,-0.0605911805648,0.222039387092,56.8587989697,-60.5911805648,222.039387092,93.8004507865,93.8004507865,252.925387114
899,0,150,positive,0.0558198278462,-0.0599913303069,0.221480249801,55.8198278462,-59.9913303069,221.480249801,95.0001513021,95.0001513021,252.366249823
899,1,150,positive,0.0560687835238,-0.0601350649344,0.221624211863,56.0687835238,-60.1350649344,221.624211863,94.7126820472,94.7126820472,252.510211885
900,0,150,positive,0.0575419293754,-0.0609855860884,0.223047540378,57.5419293754,-60.9855860884,223.047540378,93.0116397392,93.0116397392,253.933540401
900,1,150,positive,0.0578475287525,-0.061162023971,0.223785444105,57.8475287525,-61.162023971,223.785444105,92.6587639739,92.6587639739,254.671444127
901,0,150,positive,0.0580201613966,-0.0612616934746,0.224292739356,58.0201613966,-61.2616934746,224.292739356,92.4594249668,92.4594249668,255.178739379
901,1,150,positive,0.0578475287525,-0.061162023971,0.223785444105,57.8475287525,-61.162023971,223.785444105,92.6587639739,92.6587639739,254.671444127
902,0,150,positive,0.0557147669287,-0.0599306733579,0.221392951838,55.7147669287,-59.9306733579,221.392951838,95.1214652001,95.1214652001,252.27895186
902,1,150,positive,0.05558720349,-0.0598570245723,0.221266770695,55.58720349,-59.8570245723,221.266770695,95.2687627714,95.2687627714,252.152770717
903,0,150,positive,0.0552253919604,-0.0596481325882,0.220495967915,55.2253919604,-59.6481325882,220.495967915,95.6865467395,95.6865467395,251.381967937
903,1,150,positive,0.0551974839393,-0.0596320198847,0.220357407366,55.1974839393,-59.6320198847,220.357407366,95.7187721465,95.7187721465,251.243407389
904,0,150,positive,0.0554520806703,-0.0597790113759,0.221048701562,55.4520806703,-59.7790113759,221.048701562,95.4247891642,95.4247891642,251.934701584
904,1,150,positive,0.0552253919604,-0.0596481325882,0.220495967915,55.2253919604,-59.6481325882,220.495967915,95.6865467395,95.6865467395,251.381967937
905,0,150,positive,0.0557615420708,-0.0599576789988,0.221440753819,55.7615420708,-59.9576789988,221.440753819,95.0674539184,95.0674539184,252.326753841
905,1,150,positive,0.0557147669287,-0.0599306733579,0.221392951838,55.7147669287,-59.9306733579,221.392951838,95.1214652001,95.1214652001,252.27895186
906,0,150,positive,0.0554520806703,-0.0597790113759,0.221048701562,55.4520806703,-59.7790113759,221.048701562,95.4247891642,95.4247891642,251.934701584
906,1,150,positive,0.0554933898206,-0.059802861225,0.221147366892,55.4933898206,-59.802861225,221.147366892,95.377089466,95.377089466,252.033366914
907,0,150,positive,0.0554933898206,-0.059802861225,0.221147366892,55.4933898206,-59.802861225,221.147366892,95.377089466,95.377089466,252.033366914
907,1,150,positive,0.05558720349,-0.0598570245723,0.221266770695,55.58720349,-59.8570245723,221.266770695,95.2687627714,95.2687627714,252.152770717
908,0,150,positive,0.0584506764879,-0.0615102514784,0.226330790288,58.4506764879,-61.5102514784,226.330790288,91.9623089592,91.9623089592,257.21679031
908,1,150,positive,0.0583949076927,-0.0614780533495,0.225827789383,58.3949076927,-61.4780533495,225.827789383,92.026705217,92.026705217,256.713789405
909,0,150,positive,0.0583949076927,-0.0614780533495,0.225827789383,58.3949076927,-61.4780533495,225.827789383,92.026705217,92.026705217,256.713789405
909,1,150,positive,0.0583766496375,-0.0614675120564,0.225722037499,58.3766496375,-61.4675120564,225.722037499,92.0477878031,92.0477878031,256.608037521
910,0,150,positive,0.0584506764879,-0.0615102514784,0.226330790288,58.4506764879,-61.5102514784,226.330790288,91.9623089592,91.9623089592,257.21679031
910,1,150,positive,0.058589483396,-0.0615903916842,0.227413176221,58.589483396,-61.5903916842,227.413176221,91.8020285476,91.8020285476,258.299176244
911,0,150,positive,0.0586442742745,-0.0616220252126,0.228374980407,58.6442742745,-61.6220252126,228.374980407,91.7387614908,91.7387614908,259.260980429
911,1,150,positive,0.058589483396,-0.0615903916842,0.227413176221,58.589483396,-61.5903916842,227.413176221,91.8020285476,91.8020285476,258.299176244
912,0,150,positive,0.0586442742745,-0.0616220252126,0.228374980407,58.6442742745,-61.6220252126,228.374980407,91.7387614908,91.7387614908,259.260980429
912,1,150,positive,0.0586657837402,-0.0616344437084,0.228758113382,58.6657837402,-61.6344437084,228.758113382,91.7139244991,91.7139244991,259.644113404
913,0,150,positive,0.0586657837402,-0.0616344437084,0.228758113382,58.6657837402,-61.6344437084,228.758113382,91.7139244991,91.7139244991,259.644113404
913,1,150,positive,0.0586741031633,-0.0616392469296,0.229111116039,58.6741031633,-61.6392469296,229.111116039,91.7043180568,91.7043180568,259.997116061
914,0,150,positive,0.0586770381315,-0.0616409414343,0.229757304873,58.6770381315,-61.6409414343,229.757304873,91.7009290474,91.7009290474,260.643304896
914,1,150,positive,0.0586741031633,-0.0616392469296,0.229111116039,58.6741031633,-61.6392469296,229.111116039,91.7043180568,91.7043180568,259.997116061
915,0,150,positive,0.0586866432999,-0.0616464869808,0.230105442524,58.6866432999,-61.6464869808,230.105442524,91.6898379543,91.6898379543,260.991442546
915,1,150,positive,0.0586770381315,-0.0616409414343,0.229757304873,58.6770381315,-61.6409414343,229.757304873,91.7009290474,91.7009290474,260.643304896
916,0,150,positive,0.0586866432999,-0.0616464869808,0.230105442524,58.6866432999,-61.6464869808,230.105442524,91.6898379543,91.6898379543,260.991442546
916,1,150,positive,0.0587358820159,-0.0616749149668,0.230683742427,58.7358820159,-61.6749149668,230.683742427,91.6329819824,91.6329819824,261.56974245
917,0,150,positive,0.0589680481035,-0.0618089561199,0.232313558402,58.9680481035,-61.8089561199,232.313558402,91.3648996761,91.3648996761,263.199558424
917,1,150,positive,0.0587358820159,-0.0616749149668,0.230683742427,58.7358820159,-61.6749149668,230.683742427,91.6329819824,91.6329819824,261.56974245
918,0,150,positive,0.0589680481035,-0.0618089561199,0.232313558402,58.9680481035,-61.8089561199,232.313558402,91.3648996761,91.3648996761,263.199558424
918,1,150,positive,0.0590039495619,-0.0618296838366,0.232555534046,59.0039495619,-61.8296838366,232.555534046,91.3234442428,91.3234442428,263.441534068
919,0,150,positive,0.0590911007476,-0.0618800005971,0.233462527101,59.0911007476,-61.8800005971,233.462527101,91.2228107218,91.2228107218,264.348527123
919,1,150,positive,0.0590875627664,-0.0618779579427,0.233864800526,59.0875627664,-61.8779579427,233.864800526,91.2268960305,91.2268960305,264.750800549
920,0,150,positive,0.0590875627664,-0.0618779579427,0.233864800526,59.0875627664,-61.8779579427,233.864800526,91.2268960305,91.2268960305,264.750800549
920,1,150,positive,0.0589859923001,-0.0618193162067,0.2345627128,58.9859923001,-61.8193162067,234.5627128,91.3441795026,91.3441795026,265.448712822
921,0,150,positive,0.0590828938427,-0.0618752623384,0.233178469774,59.0828938427,-61.8752623384,233.178469774,91.2322872392,91.2322872392,264.064469796
921,1,150,positive,0.0590039495619,-0.0618296838366,0.232555534046,59.0039495619,-61.8296838366,232.555534046,91.3234442428,91.3234442428,263.441534068
922,0,150,positive,0.0590911007476,-0.0618800005971,0.233462527101,59.0911007476,-61.8800005971,233.462527101,91.2228107218,91.2228107218,264.348527123
922,1,150,positive,0.0590828938427,-0.0618752623384,0.233178469774,59.0828938427,-61.8752623384,233.178469774,91.2322872392,91.2322872392,264.064469796
923,0,150,positive,0.0589356671044,-0.0617902609414,0.2350410074,58.9356671044,-61.7902609414,235.0410074,91.4022900332,91.4022900332,265.927007422
923,1,150,positive,0.0589859923001,-0.0618193162067,0.2345627128,58.9859923001,-61.8193162067,234.5627128,91.3441795026,91.3441795026,265.448712822
924,0,150,positive,0.0625298848894,-0.0638653835471,0.238205543233,62.5298848894,-63.8653835471,238.205543233,87.2520448218,87.2520448218,269.091543255
924,1,150,positive,0.0623343132861,-0.0637524702292,0.238700729836,62.3343132861,-63.7524702292,238.700729836,87.4778714575,87.4778714575,269.586729858
925,0,150,positive,0.0623343132861,-0.0637524702292,0.238700729836,62.3343132861,-63.7524702292,238.700729836,87.4778714575,87.4778714575,269.586729858
925,1,150,positive,0.0621044107035,-0.0636197359113,0.239172964931,62.1044107035,-63.6197359113,239.172964931,87.7433400934,87.7433400934,270.058964953
926,0,150,positive,0.0586274542367,-0.0616123141592,0.235949141819,58.6274542367,-61.6123141592,235.949141819,91.7581835975,91.7581835975,266.835141841
926,1,150,positive,0.0587207826498,-0.0616661973437,0.235712774458,58.7207826498,-61.6661973437,235.712774458,91.6504172286,91.6504172286,266.59877448
927,0,150,positive,0.0585499767794,-0.0615675825284,0.236117820238,58.5499767794,-61.5675825284,236.117820238,91.8476468591,91.8476468591,267.00382026
927,1,150,positive,0.0586274542367,-0.0616123141592,0.235949141819,58.6274542367,-61.6123141592,235.949141819,91.7581835975,91.7581835975,266.835141841
928,0,150,positive,0.0620651344854,-0.0635970597762,0.239245938647,62.0651344854,-63.5970597762,239.245938647,87.7886923635,87.7886923635,270.131938669
928,1,150,positive,0.0621044107035,-0.0636197359113,0.239172964931,62.1044107035,-63.6197359113,239.172964931,87.7433400934,87.7433400934,270.058964953
929,0,150,positive,0.0620179272094,-0.0635698046427,0.239314404917,62.0179272094,-63.5698046427,239.314404917,87.8432026306,87.8432026306,270.20040494
929,1,150,positive,0.061787276517,-0.0634366384034,0.239695188667,61.787276517,-63.4366384034,239.695188667,88.1095351092,88.1095351092,270.581188689
930,0,150,positive,0.0620179272094,-0.0635698046427,0.239314404917,62.0179272094,-63.5698046427,239.314404917,87.8432026306,87.8432026306,270.20040494
930,1,150,positive,0.0620651344854,-0.0635970597762,0.239245938647,62.0651344854,-63.5970597762,239.245938647,87.7886923635,87.7886923635,270.131938669
931,0,150,positive,0.0587207826498,-0.0616661973437,0.235712774458,58.7207826498,-61.6661973437,235.712774458,91.6504172286,91.6504172286,266.59877448
931,1,150,positive,0.0588974182834,-0.0617681779743,0.235172127593,58.8974182834,-61.7681779743,235.172127593,91.4464559674,91.4464559674,266.058127615
932,0,150,positive,0.0589356671044,-0.0617902609414,0.2350410074,58.9356671044,-61.7902609414,235.0410074,91.4022900332,91.4022900332,265.927007422
932,1,150,positive,0.0588974182834,-0.0617681779743,0.235172127593,58.8974182834,-61.7681779743,235.172127593,91.4464559674,91.4464559674,266.058127615
933,0,150,positive,0.0579511414324,-0.0612218447796,0.237003765338,57.9511414324,-61.2218447796,237.003765338,92.5391223567,92.5391223567,267.889765361
933,1,150,positive,0.0582959402625,-0.061420914477,0.236543191391,58.2959402625,-61.420914477,236.543191391,92.140982962,92.140982962,267.429191413
934,0,150,positive,0.0585499767794,-0.0615675825284,0.236117820238,58.5499767794,-61.5675825284,236.117820238,91.8476468591,91.8476468591,267.00382026
934,1,150,positive,0.0584594935217,-0.0615153419952,0.236309180136,58.4594935217,-61.5153419952,236.309180136,91.9521279255,91.9521279255,267.195180158
935,0,150,positive,0.0584594935217,-0.0615153419952,0.236309180136,58.4594935217,-61.5153419952,236.309180136,91.9521279255,91.9521279255,267.195180158
935,1,150,positive,0.0582959402625,-0.061420914477,0.236543191391,58.2959402625,-61.420914477,236.543191391,92.140982962,92.140982962,267.429191413
936,0,150,positive,0.061787276517,-0.0634366384034,0.239695188667,61.787276517,-63.4366384034,239.695188667,88.1095351092,88.1095351092,270.581188689
936,1,150,positive,0.0613820160193,-0.0632026611459,0.240224480779,61.3820160193,-63.2026611459,240.224480779,88.5774896241,88.5774896241,271.110480801
937,0,150,positive,0.0606864994064,-0.0628011044422,0.241042464287,60.6864994064,-62.8011044422,241.042464287,89.3806030315,89.3806030315,271.92846431
937,1,150,positive,0.0604757856166,-0.062679448779,0.241256897298,60.4757856166,-62.679448779,241.256897298,89.623914358,89.623914358,272.142897321
938,0,150,positive,0.0604757856166,-0.062679448779,0.241256897298,60.4757856166,-62.679448779,241.256897298,89.623914358,89.623914358,272.142897321
938,1,150,positive,0.0599197240765,-0.0623584064991,0.241751432819,59.9197240765,-62.3584064991,241.751432819,90.2659989177,90.2659989177,272.637432842
939,0,150,positive,0.0612627458788,-0.0631338004982,0.240392149477,61.2627458788,-63.1338004982,240.392149477,88.7152109195,88.7152109195,271.2781495
939,1,150,positive,0.0613820160193,-0.0632026611459,0.240224480779,61.3820160193,-63.2026611459,240.224480779,88.5774896241,88.5774896241,271.110480801
940,0,150,positive,0.0611806242731,-0.063086387567,0.240479835737,61.1806242731,-63.086387567,240.479835737,88.8100367819,88.8100367819,271.365835759
940,1,150,positive,0.0612627458788,-0.0631338004982,0.240392149477,61.2627458788,-63.1338004982,240.392149477,88.7152109195,88.7152109195,271.2781495
941,0,150,positive,0.0611806242731,-0.063086387567,0.240479835737,61.1806242731,-63.086387567,240.479835737,88.8100367819,88.8100367819,271.365835759
941,1,150,positive,0.0608688043637,-0.0629063582584,0.240868716917,60.8688043637,-62.9063582584,240.868716917,89.1700953991,89.1700953991,271.754716939
942,0,150,positive,0.0606864994064,-0.0628011044422,0.241042464287,60.6864994064,-62.8011044422,241.042464287,89.3806030315,89.3806030315,271.92846431
942,1,150,positive,0.0608688043637,-0.0629063582584,0.240868716917,60.8688043637,-62.9063582584,240.868716917,89.1700953991,89.1700953991,271.754716939
943,0,150,positive,0.05990978522,-0.0623526682977,0.241764144785,59.90978522,-62.3526682977,241.764144785,90.2774753206,90.2774753206,272.650144807
943,1,150,positive,0.0599197240765,-0.0623584064991,0.241751432819,59.9197240765,-62.3584064991,241.751432819,90.2659989177,90.2659989177,272.637432842
944,0,150,positive,0.059879647749,-0.0623352684207,0.241787726481,59.879647749,-62.3352684207,241.787726481,90.3122750747,90.3122750747,272.673726503
944,1,150,positive,0.05990978522,-0.0623526682977,0.241764144785,59.90978522,-62.3526682977,241.764144785,90.2774753206,90.2774753206,272.650144807
945,0,150,positive,0.0598110028699,-0.0622956362812,0.24183532581,59.8110028699,-62.2956362812,241.83532581,90.3915393535,90.3915393535,272.721325833
945,1,150,positive,0.059879647749,-0.0623352684207,0.241787726481,59.879647749,-62.3352684207,241.787726481,90.3122750747,90.3122750747,272.673726503
946,0,150,positive,0.0598110028699,-0.0622956362812,0.24183532581,59.8110028699,-62.2956362812,241.83532581,90.3915393535,90.3915393535,272.721325833
946,1,150,positive,0.058924441312,-0.0617837797272,0.242472077978,58.924441312,-61.7837797272,242.472077978,91.4152524617,91.4152524617,273.358078
947,0,150,positive,0.0587167346916,-0.061663860254,0.242590808601,58.7167346916,-61.663860254,242.590808601,91.6550914081,91.6550914081,273.476808623
947,1,150,positive,0.058924441312,-0.0617837797272,0.242472077978,58.924441312,-61.7837797272,242.472077978,91.4152524617,91.4152524617,273.358078
948,0,150,positive,0.0581984455268,-0.0613646258651,0.24287421752,58.1984455268,-61.3646258651,242.87421752,92.2535601858,92.2535601858,273.760217543
948,1,150,positive,0.0587167346916,-0.061663860254,0.242590808601,58.7167346916,-61.663860254,242.590808601,91.6550914081,91.6550914081,273.476808623
949,0,150,positive,0.0581984455268,-0.0613646258651,0.24287421752,58.1984455268,-61.3646258651,242.87421752,92.2535601858,92.2535601858,273.760217543
949,1,150,positive,0.0575456318781,-0.0609877237293,0.243222257465,57.5456318781,-60.9877237293,243.222257465,93.0073644574,93.0073644574,274.108257488
950,0,150,positive,0.0572751873192,-0.0608315824904,0.237662683241,57.2751873192,-60.8315824904,237.662683241,93.3196469351,93.3196469351,268.548683264
950,1,150,positive,0.057770310112,-0.0611174417681,0.237163759413,57.770310112,-61.1174417681,237.163759413,92.7479283797,92.7479283797,268.049759435
951,0,150,positive,0.0579511414324,-0.0612218447796,0.237003765338,57.9511414324,-61.2218447796,237.003765338,92.5391223567,92.5391223567,267.889765361
951,1,150,positive,0.057770310112,-0.0611174417681,0.237163759413,57.770310112,-61.1174417681,237.163759413,92.7479283797,92.7479283797,268.049759435
952,0,150,positive,0.0569177562939,-0.0606252195918,0.237925880736,56.9177562939,-60.6252195918,237.925880736,93.7323727324,93.7323727324,268.811880758
952,1,150,positive,0.0572751873192,-0.0608315824904,0.237662683241,57.2751873192,-60.8315824904,237.662683241,93.3196469351,93.3196469351,268.548683264
953,0,150,positive,0.0570857177072,-0.0607221921589,0.243417978165,57.0857177072,-60.7221921589,243.417978165,93.5384275981,93.5384275981,274.303978187
953,1,150,positive,0.0575456318781,-0.0609877237293,0.243222257465,57.5456318781,-60.9877237293,243.222257465,93.0073644574,93.0073644574,274.108257488
954,0,150,positive,0.0564799264368,-0.0603724384059,0.243705537617,56.4799264368,-60.3724384059,243.705537617,94.2379351042,94.2379351042,274.591537639
954,1,150,positive,0.0570857177072,-0.0607221921589,0.243417978165,57.0857177072,-60.7221921589,243.417978165,93.5384275981,93.5384275981,274.303978187
955,0,150,positive,0.0564799264368,-0.0603724384059,0.243705537617,56.4799264368,-60.3724384059,243.705537617,94.2379351042,94.2379351042,274.591537639
955,1,150,positive,0.0563663167248,-0.0603068458081,0.243762717123,56.3663167248,-60.3068458081,243.762717123,94.3691202998,94.3691202998,274.648717145
956,0,150,positive,0.0563663167248,-0.0603068458081,0.243762717123,56.3663167248,-60.3068458081,243.762717123,94.3691202998,94.3691202998,274.648717145
956,1,150,positive,0.0562817745757,-0.0602580353755,0.243791871099,56.2817745757,-60.2580353755,243.791871099,94.4667411649,94.4667411649,274.677871121
957,0,150,positive,0.0545282568225,-0.0592456414287,0.244467640518,54.5282568225,-59.2456414287,244.467640518,96.4915290586,96.4915290586,275.35364054
957,1,150,positive,0.0542337608665,-0.0590756141093,0.244562458115,54.2337608665,-59.0756141093,244.562458115,96.8315836975,96.8315836975,275.448458137
958,0,150,positive,0.0569177562939,-0.0606252195918,0.237925880736,56.9177562939,-60.6252195918,237.925880736,93.7323727324,93.7323727324,268.811880758
958,1,150,positive,0.056858362843,-0.0605909287669,0.23796424271,56.858362843,-60.5909287669,237.96424271,93.8009543822,93.8009543822,268.850242732
959,0,150,positive,0.0555067074391,-0.0598105501556,0.238671734852,55.5067074391,-59.8105501556,238.671734852,95.3617116048,95.3617116048,269.557734874
959,1,150,positive,0.0567483461282,-0.060527410587,0.238022922594,56.7483461282,-60.527410587,238.022922594,93.927990742,93.927990742,268.908922616
960,0,150,positive,0.056858362843,-0.0605909287669,0.23796424271,56.858362843,-60.5909287669,237.96424271,93.8009543822,93.8009543822,268.850242732
960,1,150,positive,0.0567483461282,-0.060527410587,0.238022922594,56.7483461282,-60.527410587,238.022922594,93.927990742,93.927990742,268.908922616
961,0,150,positive,0.0549356193234,-0.0594808322782,0.23901667189,54.9356193234,-59.4808322782,239.01667189,96.0211473595,96.0211473595,269.902671912
961,1,150,positive,0.0555067074391,-0.0598105501556,0.238671734852,55.5067074391,-59.8105501556,238.671734852,95.3617116048,95.3617116048,269.557734874
962,0,150,positive,0.0549356193234,-0.0594808322782,0.23901667189,54.9356193234,-59.4808322782,239.01667189,96.0211473595,96.0211473595,269.902671912
962,1,150,positive,0.0548193058843,-0.0594136786829,0.239072185361,54.8193058843,-59.4136786829,239.072185361,96.1554545502,96.1554545502,269.958185384
963,0,150,positive,0.0540705101749,-0.0589813612785,0.239471955707,54.0705101749,-58.9813612785,239.471955707,97.020089359,97.020089359,270.357955729
963,1,150,positive,0.0548193058843,-0.0594136786829,0.239072185361,54.8193058843,-59.4136786829,239.072185361,96.1554545502,96.1554545502,269.958185384
964,0,150,positive,0.0533905026804,-0.0585887587685,0.239678792634,53.3905026804,-58.5887587685,239.678792634,97.805294379,97.805294379,270.564792656
964,1,150,positive,0.0540705101749,-0.0589813612785,0.239471955707,54.0705101749,-58.9813612785,239.471955707,97.020089359,97.020089359,270.357955729
965,0,150,positive,0.0533905026804,-0.0585887587685,0.239678792634,53.3905026804,-58.5887587685,239.678792634,97.805294379,97.805294379,270.564792656
965,1,150,positive,0.0530637101459,-0.0584000850107,0.239801756085,53.0637101459,-58.4000850107,239.801756085,98.1826418945,98.1826418945,270.687756108
966,0,150,positive,0.055265015135,-0.0596710090388,0.244197630905,55.265015135,-59.6710090388,244.197630905,95.6407938384,95.6407938384,275.083630927
966,1,150,positive,0.0562817745757,-0.0602580353755,0.243791871099,56.2817745757,-60.2580353755,243.791871099,94.4667411649,94.4667411649,274.677871121
967,0,150,positive,0.0545282568225,-0.0592456414287,0.244467640518,54.5282568225,-59.2456414287,244.467640518,96.4915290586,96.4915290586,275.35364054
967,1,150,positive,0.055265015135,-0.0596710090388,0.244197630905,55.265015135,-59.6710090388,244.197630905,95.6407938384,95.6407938384,275.083630927
968,0,150,positive,0.0542337608665,-0.0590756141093,0.244562458115,54.2337608665,-59.0756141093,244.562458115,96.8315836975,96.8315836975,275.448458137
968,1,150,positive,0.0538409337104,-0.0588488152449,0.244703885967,53.8409337104,-58.8488152449,244.703885967,97.2851814261,97.2851814261,275.589885989
969,0,150,positive,0.0532626925936,-0.0585149675804,0.244892008051,53.2626925936,-58.5149675804,244.892008051,97.9528767551,97.9528767551,275.778008073
969,1,150,positive,0.0538409337104,-0.0588488152449,0.244703885967,53.8409337104,-58.8488152449,244.703885967,97.2851814261,97.2851814261,275.589885989
970,0,150,positive,0.0529914356725,-0.0583583573241,0.244995755686,52.9914356725,-58.3583573241,244.995755686,98.2660972678,98.2660972678,275.881755708
970,1,150,positive,0.0532626925936,-0.0585149675804,0.244892008051,53.2626925936,-58.5149675804,244.892008051,97.9528767551,97.9528767551,275.778008073
971,0,150,positive,0.0530637101459,-0.0584000850107,0.239801756085,53.0637101459,-58.4000850107,239.801756085,98.1826418945,98.1826418945,270.687756108
971,1,150,positive,0.0525005224803,-0.0580749284604,0.240029479373,52.5005224803,-58.0749284604,240.029479373,98.8329549951,98.8329549951,270.915479396
972,0,150,positive,0.0520140027645,-0.0577940361715,0.240239066844,52.0140027645,-57.7940361715,240.239066844,99.394739573,99.394739573,271.125066866
972,1,150,positive,0.0525005224803,-0.0580749284604,0.240029479373,52.5005224803,-58.0749284604,240.029479373,98.8329549951,98.8329549951,270.915479396
973,0,150,positive,0.0515126349524,-0.0575045713303,0.240378916215,51.5126349524,-57.5045713303,240.378916215,99.9736692555,99.9736692555,271.264916238
973,1,150,positive,0.0520140027645,-0.0577940361715,0.240239066844,52.0140027645,-57.7940361715,240.239066844,99.394739573,99.394739573,271.125066866
974,0,150,positive,0.0515126349524,-0.0575045713303,0.240378916215,51.5126349524,-57.5045713303,240.378916215,99.9736692555,99.9736692555,271.264916238
974,1,150,positive,0.0508297132687,-0.0571102863123,0.240593065027,50.8297132687,-57.1102863123,240.593065027,100.762239291,100.762239291,271.47906505
975,0,150,positive,0.0499873094025,-0.0566239242134,0.240925950366,49.9873094025,-56.6239242134,240.925950366,101.734963489,101.734963489,271.811950388
975,1,150,positive,0.050367020274,-0.0568431503872,0.240794201678,50.367020274,-56.8431503872,240.794201678,101.296511141,101.296511141,271.6802017
976,0,150,positive,0.0528592493977,-0.0582820395427,0.245051448865,52.8592493977,-58.2820395427,245.051448865,98.4187328305,98.4187328305,275.937448887
976,1,150,positive,0.0529914356725,-0.0583583573241,0.244995755686,52.9914356725,-58.3583573241,244.995755686,98.2660972678,98.2660972678,275.881755708
977,0,150,positive,0.0508297132687,-0.0571102863123,0.240593065027,50.8297132687,-57.1102863123,240.593065027,100.762239291,100.762239291,271.47906505
977,1,150,positive,0.050367020274,-0.0568431503872,0.240794201678,50.367020274,-56.8431503872,240.794201678,101.296511141,101.296511141,271.6802017
978,0,150,positive,0.0491533997643,-0.0561424662593,0.2413025225,49.1533997643,-56.1424662593,241.3025225,102.697879397,102.697879397,272.188522522
978,1,150,positive,0.0499873094025,-0.0566239242134,0.240925950366,49.9873094025,-56.6239242134,240.925950366,101.734963489,101.734963489,271.811950388
979,0,150,positive,0.0491533997643,-0.0561424662593,0.2413025225,49.1533997643,-56.1424662593,241.3025225,102.697879397,102.697879397,272.188522522
979,1,150,positive,0.0485087938936,-0.0557703028863,0.241598641984,48.5087938936,-55.7703028863,241.598641984,103.442206143,103.442206143,272.484642006
980,0,150,positive,0.0485087938936,-0.0557703028863,0.241598641984,48.5087938936,-55.7703028863,241.598641984,103.442206143,103.442206143,272.484642006
980,1,150,positive,0.048077846761,-0.0555214954433,0.241818513885,48.077846761,-55.5214954433,241.818513885,103.939821029,103.939821029,272.704513907
981,0,150,positive,0.047541061819,-0.0552115825125,0.242131567875,47.541061819,-55.2115825125,242.131567875,104.559646891,104.559646891,273.017567897
981,1,150,positive,0.048077846761,-0.0555214954433,0.241818513885,48.077846761,-55.5214954433,241.818513885,103.939821029,103.939821029,272.704513907
982,0,150,positive,0.047541061819,-0.0552115825125,0.242131567875,47.541061819,-55.2115825125,242.131567875,104.559646891,104.559646891,273.017567897
982,1,150,positive,0.0469486379439,-0.0548695464288,0.242469071067,46.9486379439,-54.8695464288,242.469071067,105.243719058,105.243719058,273.355071089
983,0,150,positive,0.0465521433515,-0.0546406301691,0.242681977365,46.5521433515,-54.6406301691,242.681977365,105.701551578,105.701551578,273.567977387
983,1,150,positive,0.0469486379439,-0.0548695464288,0.242469071067,46.9486379439,-54.8695464288,242.469071067,105.243719058,105.243719058,273.355071089
984,0,150,positive,0.0465521433515,-0.0546406301691,0.242681977365,46.5521433515,-54.6406301691,242.681977365,105.701551578,105.701551578,273.567977387
984,1,150,positive,0.0455400935531,-0.0540563229456,0.243247219461,45.5400935531,-54.0563229456,243.247219461,106.870166025,106.870166025,274.133219483
985,0,150,positive,0.045496987069,-0.0540314354054,0.243273358352,45.496987069,-54.0314354054,243.273358352,106.919941105,106.919941105,274.159358374
985,1,150,positive,0.0455400935531,-0.0540563229456,0.243247219461,45.5400935531,-54.0563229456,243.247219461,106.870166025,106.870166025,274.133219483
986,0,150,positive,0.0454630605257,-0.0540118479065,0.243296090396,45.4630605257,-54.0118479065,243.296090396,106.959116103,106.959116103,274.182090418
986,1,150,positive,0.045496987069,-0.0540314354054,0.243273358352,45.496987069,-54.0314354054,243.273358352,106.919941105,106.919941105,274.159358374
987,0,150,positive,0.0454090477087,-0.0539806635921,0.243326215034,45.4090477087,-53.9806635921,243.326215034,107.021484732,107.021484732,274.212215056
987,1,150,positive,0.0454630605257,-0.0540118479065,0.243296090396,45.4630605257,-54.0118479065,243.296090396,106.959116103,106.959116103,274.182090418
988,0,150,positive,0.0449455163918,-0.0537130436615,0.243639298098,44.9455163918,-53.7130436615,243.639298098,107.556724593,107.556724593,274.525298121
988,1,150,positive,0.0444650060242,-0.0534356208714,0.243966005516,44.4650060242,-53.4356208714,243.966005516,108.111570173,108.111570173,274.852005538
989,0,150,positive,0.0523766415458,-0.0580034057695,0.245237336278,52.3766415458,-58.0034057695,245.237336278,98.976000377,98.976000377,276.1233363
989,1,150,positive,0.0520086569801,-0.0577909497814,0.245383666255,52.0086569801,-57.7909497814,245.383666255,99.4009123531,99.4009123531,276.269666277
990,0,150,positive,0.0515734919056,-0.0575397071086,0.245610850683,51.5734919056,-57.5397071086,245.610850683,99.9033976988,99.9033976988,276.496850706
990,1,150,positive,0.0520086569801,-0.0577909497814,0.245383666255,52.0086569801,-57.7909497814,245.383666255,99.4009123531,99.4009123531,276.269666277
991,0,150,positive,0.0515734919056,-0.0575397071086,0.245610850683,51.5734919056,-57.5397071086,245.610850683,99.9033976988,99.9033976988,276.496850706
991,1,150,positive,0.0510913181109,-0.0572613239384,0.245841841216,51.0913181109,-57.2613239384,245.841841216,100.460164039,100.460164039,276.727841238
992,0,150,positive,0.0510913181109,-0.0572613239384,0.245841841216,51.0913181109,-57.2613239384,245.841841216,100.460164039,100.460164039,276.727841238
992,1,150,positive,0.0505198045601,-0.0569313604359,0.246153782017,50.5198045601,-56.9313604359,246.153782017,101.120091044,101.120091044,277.03978204
993,0,150,positive,0.0523766415458,-0.0580034057695,0.245237336278,52.3766415458,-58.0034057695,245.237336278,98.976000377,98.976000377,276.1233363
993,1,150,positive,0.0528592493977,-0.0582820395427,0.245051448865,52.8592493977,-58.2820395427,245.051448865,98.4187328305,98.4187328305,275.937448887
994,0,150,positive,0.0505113764186,-0.0569264944462,0.246158391045,50.5113764186,-56.9264944462,246.158391045,101.129823024,101.129823024,277.044391067
994,1,150,positive,0.0505198045601,-0.0569313604359,0.246153782017,50.5198045601,-56.9313604359,246.153782017,101.120091044,101.120091044,277.03978204
995,0,150,positive,0.0505083157494,-0.056924727368,0.246160380838,50.5083157494,-56.924727368,246.160380838,101.13335718,101.13335718,277.04638086
995,1,150,positive,0.0505113764186,-0.0569264944462,0.246158391045,50.5113764186,-56.9264944462,246.158391045,101.129823024,101.129823024,277.044391067
996,0,150,positive,0.0505032239902,-0.0569217876395,0.246162951799,50.5032239902,-56.9217876395,246.162951799,101.139236637,101.139236637,277.048951821
996,1,150,positive,0.0493495099588,-0.0562556905329,0.246812498853,49.3495099588,-56.2556905329,246.812498853,102.47143085,102.47143085,277.698498875
997,0,150,positive,0.0493495099588,-0.0562556905329,0.246812498853,49.3495099588,-56.2556905329,246.812498853,102.47143085,102.47143085,277.698498875
997,1,150,positive,0.0491856162796,-0.0561610664731,0.246910581401,49.1856162796,-56.1610664731,246.910581401,102.66067897,102.66067897,277.796581423
998,0,150,positive,0.0505032239902,-0.0569217876395,0.246162951799,50.5032239902,-56.9217876395,246.162951799,101.139236637,101.139236637,277.048951821
998,1,150,positive,0.0505083157494,-0.056924727368,0.246160380838,50.5083157494,-56.924727368,246.160380838,101.13335718,101.13335718,277.04638086
999,0,150,positive,0.0484476224002,-0.0557349855082,0.247255751495,48.4476224002,-55.7349855082,247.255751495,103.5128409,103.5128409,278.141751517
999,1,150,positive,0.0483926551309,-0.0557032501404,0.247275232736,48.3926551309,-55.7032501404,247.275232736,103.576311635,103.576311635,278.161232758
1000,0,150,positive,0.0483926551309,-0.0557032501404,0.247275232736,48.3926551309,-55.7032501404,247.275232736,103.576311635,103.576311635,278.161232758
1000,1,150,positive,0.0481772097475,-0.0555788626903,0.24738160004,48.1772097475,-55.5788626903,247.38160004,103.825086535,103.825086535,278.267600062
1001,0,150,positive,0.0484476224002,-0.0557349855082,0.247255751495,48.4476224002,-55.7349855082,247.255751495,103.5128409,103.5128409,278.141751517
1001,1,150,positive,0.0491856162796,-0.0561610664731,0.246910581401,49.1856162796,-56.1610664731,246.910581401,102.66067897,102.66067897,277.796581423
1002,0,150,positive,0.0481772097475,-0.0555788626903,0.24738160004,48.1772097475,-55.5788626903,247.38160004,103.825086535,103.825086535,278.267600062
1002,1,150,positive,0.048086616787,-0.0555265588202,0.247435778485,48.086616787,-55.5265588202,247.435778485,103.929694276,103.929694276,278.321778507
1003,0,150,positive,0.0478283338385,-0.0553774390904,0.247642016902,47.8283338385,-55.3774390904,247.642016902,104.227933735,104.227933735,278.528016924
1003,1,150,positive,0.048086616787,-0.0555265588202,0.247435778485,48.086616787,-55.5265588202,247.435778485,103.929694276,103.929694276,278.321778507
1004,0,150,positive,0.0478283338385,-0.0553774390904,0.247642016902,47.8283338385,-55.3774390904,247.642016902,104.227933735,104.227933735,278.528016924
1004,1,150,positive,0.0476339171264,-0.0552651925493,0.247872189179,47.6339171264,-55.2651925493,247.872189179,104.452426817,104.452426817,278.758189201
1005,0,150,positive,0.047394943056,-0.0551272208054,0.24815062248,47.394943056,-55.1272208054,248.15062248,104.728370305,104.728370305,279.036622502
1005,1,150,positive,0.0476339171264,-0.0552651925493,0.247872189179,47.6339171264,-55.2651925493,247.872189179,104.452426817,104.452426817,278.758189201
1006,0,150,positive,0.0470209622634,-0.0549113028941,0.248234124945,47.0209622634,-54.9113028941,248.234124945,105.160206128,105.160206128,279.120124967
1006,1,150,positive,0.0468485005745,-0.0548117320916,0.248386448482,46.8485005745,-54.8117320916,248.386448482,105.359347733,105.359347733,279.272448504
1007,0,150,positive,0.0470611744836,-0.0549345194303,0.248209977963,47.0611744836,-54.9345194303,248.209977963,105.113773055,105.113773055,279.095977986
1007,1,150,positive,0.0470209622634,-0.0549113028941,0.248234124945,47.0209622634,-54.9113028941,248.234124945,105.160206128,105.160206128,279.120124967
1008,0,150,positive,0.0472623574706,-0.055050672482,0.248190614273,47.2623574706,-55.050672482,248.190614273,104.881466952,104.881466952,279.076614295
1008,1,150,positive,0.0470611744836,-0.0549345194303,0.248209977963,47.0611744836,-54.9345194303,248.209977963,105.113773055,105.113773055,279.095977986
1009,0,150,positive,0.0472623574706,-0.055050672482,0.248190614273,47.2623574706,-55.050672482,248.190614273,104.881466952,104.881466952,279.076614295
1009,1,150,positive,0.047394943056,-0.0551272208054,0.24815062248,47.394943056,-55.1272208054,248.15062248,104.728370305,104.728370305,279.036622502
1010,0,150,positive,0.0466855796261,-0.0547176696382,0.248507585171,46.6855796261,-54.7176696382,248.507585171,105.54747264,105.54747264,279.393585194
1010,1,150,positive,0.0468485005745,-0.0548117320916,0.248386448482,46.8485005745,-54.8117320916,248.386448482,105.359347733,105.359347733,279.272448504
1011,0,150,positive,0.0466855796261,-0.0547176696382,0.248507585171,46.6855796261,-54.7176696382,248.507585171,105.54747264,105.54747264,279.393585194
1011,1,150,positive,0.0462064331602,-0.0544410342971,0.248581933057,46.2064331602,-54.4410342971,248.581933057,106.100743322,106.100743322,279.467933079
1012,0,150,positive,0.0459511257587,-0.0542936325001,0.248657449713,45.9511257587,-54.2936325001,248.657449713,106.395546916,106.395546916,279.543449736
1012,1,150,positive,0.0457392181326,-0.0541712875752,0.248691693496,45.7392181326,-54.1712875752,248.691693496,106.640236766,106.640236766,279.577693519
1013,0,150,positive,0.0457392181326,-0.0541712875752,0.248691693496,45.7392181326,-54.1712875752,248.691693496,106.640236766,106.640236766,279.577693519
1013,1,150,positive,0.0455912587066,-0.0540858631607,0.248736995674,45.5912587066,-54.0858631607,248.736995674,106.811085594,106.811085594,279.622995696
1014,0,150,positive,0.0461104306162,-0.0543856072025,0.248596551496,46.1104306162,-54.3856072025,248.596551496,106.211597511,106.211597511,279.482551518
1014,1,150,positive,0.0462064331602,-0.0544410342971,0.248581933057,46.2064331602,-54.4410342971,248.581933057,106.100743322,106.100743322,279.467933079
1015,0,150,positive,0.0459511257587,-0.0542936325001,0.248657449713,45.9511257587,-54.2936325001,248.657449713,106.395546916,106.395546916,279.543449736
1015,1,150,positive,0.0461104306162,-0.0543856072025,0.248596551496,46.1104306162,-54.3856072025,248.596551496,106.211597511,106.211597511,279.482551518
1016,0,150,positive,0.0452938598464,-0.0539141598487,0.248785214059,45.2938598464,-53.9141598487,248.785214059,107.154492218,107.154492218,279.671214082
1016,1,150,positive,0.0455912587066,-0.0540858631607,0.248736995674,45.5912587066,-54.0858631607,248.736995674,106.811085594,106.811085594,279.622995696
1017,0,150,positive,0.045082498395,-0.0537921302579,0.248822302248,45.082498395,-53.7921302579,248.822302248,107.3985514,107.3985514,279.70830227
1017,1,150,positive,0.0448346943311,-0.0536490605149,0.248869492606,44.8346943311,-53.6490605149,248.869492606,107.684690886,107.684690886,279.755492629
1018,0,150,positive,0.0448346943311,-0.0536490605149,0.248869492606,44.8346943311,-53.6490605149,248.869492606,107.684690886,107.684690886,279.755492629
1018,1,150,positive,0.0444014878241,-0.0533989486215,0.248924172489,44.4014878241,-53.3989486215,248.924172489,108.184914673,108.184914673,279.810172512
1019,0,150,positive,0.045082498395,-0.0537921302579,0.248822302248,45.082498395,-53.7921302579,248.822302248,107.3985514,107.3985514,279.70830227
1019,1,150,positive,0.0452938598464,-0.0539141598487,0.248785214059,45.2938598464,-53.9141598487,248.785214059,107.154492218,107.154492218,279.671214082
1020,0,150,positive,0.0443624082139,-0.053376385998,0.248936308019,44.3624082139,-53.376385998,248.936308019,108.23003992,108.23003992,279.822308041
1020,1,150,positive,0.0444014878241,-0.0533989486215,0.248924172489,44.4014878241,-53.3989486215,248.924172489,108.184914673,108.184914673,279.810172512
1021,0,150,positive,0.0443093830887,-0.0533457719277,0.248955848778,44.3093830887,-53.3457719277,248.955848778,108.291268061,108.291268061,279.8418488
1021,1,150,positive,0.0443624082139,-0.053376385998,0.248936308019,44.3624082139,-53.376385998,248.936308019,108.23003992,108.23003992,279.822308041
1022,0,150,positive,0.0449455163918,-0.0537130436615,0.243639298098,44.9455163918,-53.7130436615,243.639298098,107.556724593,107.556724593,274.525298121
1022,1,150,positive,0.0454090477087,-0.0539806635921,0.243326215034,45.4090477087,-53.9806635921,243.326215034,107.021484732,107.021484732,274.212215056
1023,0,150,positive,0.0436367339154,-0.0529574177464,0.244423106939,43.6367339154,-52.9574177464,244.423106939,109.067976423,109.067976423,275.309106961
1023,1,150,positive,0.0444650060242,-0.0534356208714,0.243966005516,44.4650060242,-53.4356208714,243.966005516,108.111570173,108.111570173,274.852005538
1024,0,150,positive,0.0436367339154,-0.0529574177464,0.244423106939,43.6367339154,-52.9574177464,244.423106939,109.067976423,109.067976423,275.309106961
1024,1,150,positive,0.0435244937761,-0.0528926158718,0.244483742882,43.5244937761,-52.8926158718,244.483742882,109.197580172,109.197580172,275.369742904
1025,0,150,positive,0.0426940767331,-0.0524131743685,0.244982008412,42.6940767331,-52.4131743685,244.982008412,110.156463179,110.156463179,275.868008435
1025,1,150,positive,0.0431608716555,-0.0526826785425,0.244696399713,43.1608716555,-52.6826785425,244.696399713,109.617454831,109.617454831,275.582399736
1026,0,150,positive,0.0424287304205,-0.0522599766035,0.245158844701,42.4287304205,-52.2599766035,245.158844701,110.462858709,110.462858709,276.044844723
1026,1,150,positive,0.0426940767331,-0.0524131743685,0.244982008412,42.6940767331,-52.4131743685,244.982008412,110.156463179,110.156463179,275.868008435
1027,0,150,positive,0.0435244937761,-0.0528926158718,0.244483742882,43.5244937761,-52.8926158718,244.483742882,109.197580172,109.197580172,275.369742904
1027,1,150,positive,0.0431608716555,-0.0526826785425,0.244696399713,43.1608716555,-52.6826785425,244.696399713,109.617454831,109.617454831,275.582399736
1028,0,150,positive,0.0443093830887,-0.0533457719277,0.248955848778,44.3093830887,-53.3457719277,248.955848778,108.291268061,108.291268061,279.8418488
1028,1,150,positive,0.0440058543941,-0.0531705295542,0.249162888724,44.0058543941,-53.1705295542,249.162888724,108.641752808,108.641752808,280.048888746
1029,0,150,positive,0.0438864560507,-0.0531015948885,0.249209755235,43.8864560507,-53.1015948885,249.209755235,108.779622139,108.779622139,280.095755257
1029,1,150,positive,0.0440058543941,-0.0531705295542,0.249162888724,44.0058543941,-53.1705295542,249.162888724,108.641752808,108.641752808,280.048888746
1030,0,150,positive,0.0438864560507,-0.0531015948885,0.249209755235,43.8864560507,-53.1015948885,249.209755235,108.779622139,108.779622139,280.095755257
1030,1,150,positive,0.0429545017753,-0.0525635308367,0.249365703611,42.9545017753,-52.5635308367,249.365703611,109.855750243,109.855750243,280.251703634
1031,0,150,positive,0.0428739289513,-0.052517012095,0.249371972522,42.8739289513,-52.517012095,249.371972522,109.948787726,109.948787726,280.257972544
1031,1,150,positive,0.0429545017753,-0.0525635308367,0.249365703611,42.9545017753,-52.5635308367,249.365703611,109.855750243,109.855750243,280.251703634
1032,0,150,positive,0.0428156615752,-0.0524833714098,0.249385953561,42.8156615752,-52.4833714098,249.385953561,110.016069096,110.016069096,280.271953583
1032,1,150,positive,0.0428739289513,-0.052517012095,0.249371972522,42.8739289513,-52.517012095,249.371972522,109.948787726,109.948787726,280.257972544
1033,0,150,positive,0.0427566992094,-0.052449329472,0.249390651539,42.7566992094,-52.449329472,249.390651539,110.084152972,110.084152972,280.276651561
1033,1,150,positive,0.0421915012629,-0.0521230122855,0.249369458482,42.1915012629,-52.1230122855,249.369458482,110.736787345,110.736787345,280.255458504
1034,0,150,positive,0.0427566992094,-0.052449329472,0.249390651539,42.7566992094,-52.449329472,249.390651539,110.084152972,110.084152972,280.276651561
1034,1,150,positive,0.0428156615752,-0.0524833714098,0.249385953561,42.8156615752,-52.4833714098,249.385953561,110.016069096,110.016069096,280.271953583
1035,0,150,positive,0.0420958065949,-0.0520677629431,0.249324104183,42.0958065949,-52.0677629431,249.324104183,110.84728603,110.84728603,280.210104205
1035,1,150,positive,0.0421915012629,-0.0521230122855,0.249369458482,42.1915012629,-52.1230122855,249.369458482,110.736787345,110.736787345,280.255458504
1036,0,150,positive,0.0410688565776,-0.0514748530742,0.246287801316,41.0688565776,-51.4748530742,246.287801316,112.033105768,112.033105768,277.173801339
1036,1,150,positive,0.0411320210563,-0.051511321103,0.246235356818,41.1320210563,-51.511321103,246.235356818,111.96016971,111.96016971,277.12135684
1037,0,150,positive,0.0424287304205,-0.0522599766035,0.245158844701,42.4287304205,-52.2599766035,245.158844701,110.462858709,110.462858709,276.044844723
1037,1,150,positive,0.0421588892776,-0.052104183747,0.245365140203,42.1588892776,-52.104183747,245.365140203,110.774444422,110.774444422,276.251140226
1038,0,150,positive,0.0421588892776,-0.052104183747,0.245365140203,42.1588892776,-52.104183747,245.365140203,110.774444422,110.774444422,276.251140226
1038,1,150,positive,0.0411320210563,-0.051511321103,0.246235356818,41.1320210563,-51.511321103,246.235356818,111.96016971,111.96016971,277.12135684
1039,0,150,positive,0.0407220108225,-0.0512746015841,0.246696694017,40.7220108225,-51.2746015841,246.696694017,112.433608748,112.433608748,277.582694039
1039,1,150,positive,0.0408210434898,-0.0513317781213,0.246575759357,40.8210434898,-51.3317781213,246.575759357,112.319255673,112.319255673,277.46175938
1040,0,150,positive,0.0406696768607,-0.0512443865572,0.246782860182,40.6696768607,-51.2443865572,246.782860182,112.494038802,112.494038802,277.668860204
1040,1,150,positive,0.0407220108225,-0.0512746015841,0.246696694017,40.7220108225,-51.2746015841,246.696694017,112.433608748,112.433608748,277.582694039
1041,0,150,positive,0.0410688565776,-0.0514748530742,0.246287801316,41.0688565776,-51.4748530742,246.287801316,112.033105768,112.033105768,277.173801339
1041,1,150,positive,0.0408210434898,-0.0513317781213,0.246575759357,40.8210434898,-51.3317781213,246.575759357,112.319255673,112.319255673,277.46175938
1042,0,150,positive,0.0406696768607,-0.0512443865572,0.246782860182,40.6696768607,-51.2443865572,246.782860182,112.494038802,112.494038802,277.668860204
1042,1,150,positive,0.0405612131005,-0.051181764976,0.246999821909,40.5612131005,-51.181764976,246.999821909,112.619281964,112.619281964,277.885821932
1043,0,150,positive,0.0404900648103,-0.0511406874915,0.247218494378,40.4900648103,-51.1406874915,247.218494378,112.701436933,112.701436933,278.1044944
1043,1,150,positive,0.0405612131005,-0.051181764976,0.246999821909,40.5612131005,-51.181764976,246.999821909,112.619281964,112.619281964,277.885821932
1044,0,150,positive,0.0420958065949,-0.0520677629431,0.249324104183,42.0958065949,-52.0677629431,249.324104183,110.84728603,110.84728603,280.210104205
1044,1,150,positive,0.0420255736452,-0.0520272139307,0.249283566351,42.0255736452,-52.0272139307,249.283566351,110.928384055,110.928384055,280.169566373
1045,0,150,positive,0.0420255736452,-0.0520272139307,0.249283566351,42.0255736452,-52.0272139307,249.283566351,110.928384055,110.928384055,280.169566373
1045,1,150,positive,0.0417986274468,-0.051896186482,0.249205939472,41.7986274468,-51.896186482,249.205939472,111.190438952,111.190438952,280.091939494
1046,0,150,positive,0.0416282680293,-0.0517978294264,0.249137448132,41.6282680293,-51.7978294264,249.137448132,111.387153063,111.387153063,280.023448155
1046,1,150,positive,0.0417986274468,-0.051896186482,0.249205939472,41.7986274468,-51.896186482,249.205939472,111.190438952,111.190438952,280.091939494
1047,0,150,positive,0.0415867639498,-0.051773867035,0.249126808066,41.5867639498,-51.773867035,249.126808066,111.435077846,111.435077846,280.012808088
1047,1,150,positive,0.0416282680293,-0.0517978294264,0.249137448132,41.6282680293,-51.7978294264,249.137448132,111.387153063,111.387153063,280.023448155
1048,0,150,positive,0.0414596777151,-0.0517004937631,0.249110437633,41.4596777151,-51.7004937631,249.110437633,111.58182439,111.58182439,279.996437655
1048,1,150,positive,0.0415867639498,-0.051773867035,0.249126808066,41.5867639498,-51.773867035,249.126808066,111.435077846,111.435077846,280.012808088
1049,0,150,positive,0.0405111396426,-0.0511528550516,0.248805527997,40.5111396426,-51.1528550516,248.805527997,112.677101813,112.677101813,279.691528019
1049,1,150,positive,0.0405101166084,-0.0511522644026,0.24880146063,40.5101166084,-51.1522644026,248.80146063,112.678283111,112.678283111,279.687460652
1050,0,150,positive,0.0404284917482,-0.0511051382675,0.248498061549,40.4284917482,-51.1051382675,248.498061549,112.772535381,112.772535381,279.384061572
1050,1,150,positive,0.0403893548096,-0.0510825425455,0.248190153461,40.3893548096,-51.0825425455,248.190153461,112.817726825,112.817726825,279.076153483
1051,0,150,positive,0.0404284917482,-0.0511051382675,0.248498061549,40.4284917482,-51.1051382675,248.498061549,112.772535381,112.772535381,279.384061572
1051,1,150,positive,0.0405101166084,-0.0511522644026,0.24880146063,40.5101166084,-51.1522644026,248.80146063,112.678283111,112.678283111,279.687460652
1052,0,150,positive,0.0414596777151,-0.0517004937631,0.249110437633,41.4596777151,-51.7004937631,249.110437633,111.58182439,111.58182439,279.996437655
1052,1,150,positive,0.04097968,-0.0514233669531,0.248996622957,40.97968,-51.4233669531,248.996622957,112.13607801,112.13607801,279.88262298
1053,0,150,positive,0.04097968,-0.0514233669531,0.248996622957,40.97968,-51.4233669531,248.996622957,112.13607801,112.13607801,279.88262298
1053,1,150,positive,0.0408514236112,-0.0513493180925,0.248985960239,40.8514236112,-51.3493180925,248.985960239,112.284175731,112.284175731,279.871960261
1054,0,150,positive,0.0408514236112,-0.0513493180925,0.248985960239,40.8514236112,-51.3493180925,248.985960239,112.284175731,112.284175731,279.871960261
1054,1,150,positive,0.0407094709558,-0.0512673616887,0.248941953207,40.7094709558,-51.2673616887,248.941953207,112.448088539,112.448088539,279.82795323
1055,0,150,positive,0.0405252178527,-0.05116098311,0.248817277597,40.5252178527,-51.16098311,248.817277597,112.660845696,112.660845696,279.703277619
1055,1,150,positive,0.0405111396426,-0.0511528550516,0.248805527997,40.5111396426,-51.1528550516,248.805527997,112.677101813,112.677101813,279.691528019
1056,0,150,positive,0.0404900648103,-0.0511406874915,0.247218494378,40.4900648103,-51.1406874915,247.218494378,112.701436933,112.701436933,278.1044944
1056,1,150,positive,0.0404347371354,-0.0511087440435,0.247404596625,40.4347371354,-51.1087440435,247.404596625,112.765323829,112.765323829,278.290596647
1057,0,150,positive,0.0403885860314,-0.0510820986912,0.248024683354,40.3885860314,-51.0820986912,248.024683354,112.818614534,112.818614534,278.910683377
1057,1,150,positive,0.0404347371354,-0.0511087440435,0.247404596625,40.4347371354,-51.1087440435,247.404596625,112.765323829,112.765323829,278.290596647
1058,0,150,positive,0.0403885860314,-0.0510820986912,0.248024683354,40.3885860314,-51.0820986912,248.024683354,112.818614534,112.818614534,278.910683377
1058,1,150,positive,0.0403908537006,-0.0510834079306,0.248072646883,40.3908537006,-51.0834079306,248.072646883,112.815996055,112.815996055,278.958646905
1059,0,150,positive,0.0403908537006,-0.0510834079306,0.248072646883,40.3908537006,-51.0834079306,248.072646883,112.815996055,112.815996055,278.958646905
1059,1,150,positive,0.0403893548096,-0.0510825425455,0.248190153461,40.3893548096,-51.0825425455,248.190153461,112.817726825,112.817726825,279.076153483
1060,0,150,positive,0.0406325514378,-0.0512229521843,0.248945623838,40.6325514378,-51.2229521843,248.945623838,112.536907547,112.536907547,279.831623861
1060,1,150,positive,0.0407094709558,-0.0512673616887,0.248941953207,40.7094709558,-51.2673616887,248.941953207,112.448088539,112.448088539,279.82795323
1061,0,150,positive,0.0405252178527,-0.05116098311,0.248817277597,40.5252178527,-51.16098311,248.817277597,112.660845696,112.660845696,279.703277619
1061,1,150,positive,0.0406325514378,-0.0512229521843,0.248945623838,40.6325514378,-51.2229521843,248.945623838,112.536907547,112.536907547,279.831623861
1062,0,150,positive,0.0628890080453,-0.0640727233978,0.224322397458,62.8890080453,-64.0727233978,224.322397458,86.8373651203,86.8373651203,255.20839748
1062,1,150,positive,0.0627747434027,-0.0640067526757,0.22387520531,62.7747434027,-64.0067526757,223.87520531,86.9693065646,86.9693065646,254.761205332
1063,0,150,positive,0.0628890080453,-0.0640727233978,0.224322397458,62.8890080453,-64.0727233978,224.322397458,86.8373651203,86.8373651203,255.20839748
1063,1,150,positive,0.0629184570813,-0.0640897258067,0.224507428457,62.9184570813,-64.0897258067,224.507428457,86.8033603026,86.8033603026,255.393428479
1064,0,150,positive,0.0626991492344,-0.0639631083623,0.223666263719,62.6991492344,-63.9631083623,223.666263719,87.0565951915,87.0565951915,254.552263741
1064,1,150,positive,0.0625661975044,-0.0638863486451,0.223091559204,62.5661975044,-63.8863486451,223.091559204,87.2101146257,87.2101146257,253.977559226
1065,0,150,positive,0.0629184570813,-0.0640897258067,0.224507428457,62.9184570813,-64.0897258067,224.507428457,86.8033603026,86.8033603026,255.393428479
1065,1,150,positive,0.0631090312872,-0.0641997538757,0.225415751818,63.1090312872,-64.1997538757,225.415751818,86.5833041645,86.5833041645,256.30175184
1066,0,150,positive,0.0632187037812,-0.0642630733197,0.225938224218,63.2187037812,-64.2630733197,225.938224218,86.4566652766,86.4566652766,256.82422424
1066,1,150,positive,0.0631090312872,-0.0641997538757,0.225415751818,63.1090312872,-64.1997538757,225.415751818,86.5833041645,86.5833041645,256.30175184
1067,0,150,positive,0.0632427751439,-0.0642769709274,0.22626377704,63.2427751439,-64.2769709274,226.26377704,86.4288700611,86.4288700611,257.149777062
1067,1,150,positive,0.063283793073,-0.0643006526398,0.226987177404,63.283793073,-64.3006526398,226.987177404,86.3815066363,86.3815066363,257.873177426
1068,0,150,positive,0.0632427751439,-0.0642769709274,0.22626377704,63.2427751439,-64.2769709274,226.26377704,86.4288700611,86.4288700611,257.149777062
1068,1,150,positive,0.0632187037812,-0.0642630733197,0.225938224218,63.2187037812,-64.2630733197,225.938224218,86.4566652766,86.4566652766,256.82422424
1069,0,150,positive,0.063283793073,-0.0643006526398,0.226987177404,63.283793073,-64.3006526398,226.987177404,86.3815066363,86.3815066363,257.873177426
1069,1,150,positive,0.0633053569606,-0.0643131025562,0.22725575491,63.3053569606,-64.3131025562,227.25575491,86.3566068037,86.3566068037,258.141754932
1070,0,150,positive,0.063308150865,-0.0643147156176,0.228146661417,63.308150865,-64.3147156176,228.146661417,86.3533806807,86.3533806807,259.032661439
1070,1,150,positive,0.0633053569606,-0.0643131025562,0.22725575491,63.3053569606,-64.3131025562,227.25575491,86.3566068037,86.3566068037,258.141754932
1071,0,150,positive,0.063308150865,-0.0643147156176,0.228146661417,63.308150865,-64.3147156176,228.146661417,86.3533806807,86.3533806807,259.032661439
1071,1,150,positive,0.0633072385354,-0.0643141888839,0.228524308886,63.3072385354,-64.3141888839,228.524308886,86.3544341482,86.3544341482,259.410308908
1072,0,150,positive,0.0633072385354,-0.0643141888839,0.228524308886,63.3072385354,-64.3141888839,228.524308886,86.3544341482,86.3544341482,259.410308908
1072,1,150,positive,0.0633143419175,-0.0643182900234,0.2286561631,63.3143419175,-64.3182900234,228.6561631,86.3462318691,86.3462318691,259.542163122
1073,0,150,positive,0.0633599351544,-0.064344613291,0.229454683395,63.3599351544,-64.344613291,229.454683395,86.2935853339,86.2935853339,260.340683417
1073,1,150,positive,0.0633143419175,-0.0643182900234,0.2286561631,63.3143419175,-64.3182900234,228.6561631,86.3462318691,86.3462318691,259.542163122
1074,0,150,positive,0.0633584877417,-0.0643437776269,0.229997846581,63.3584877417,-64.3437776269,229.997846581,86.2952566621,86.2952566621,260.883846603
1074,1,150,positive,0.0633478138079,-0.0643376150284,0.230234747114,63.3478138079,-64.3376150284,230.234747114,86.3075818592,86.3075818592,261.120747136
1075,0,150,positive,0.0633478138079,-0.0643376150284,0.230234747114,63.3478138079,-64.3376150284,230.234747114,86.3075818592,86.3075818592,261.120747136
1075,1,150,positive,0.063351292492,-0.0643396234476,0.230728558863,63.351292492,-64.3396234476,230.728558863,86.3035650208,86.3035650208,261.614558885
1076,0,150,positive,0.0633584877417,-0.0643437776269,0.229997846581,63.3584877417,-64.3437776269,229.997846581,86.2952566621,86.2952566621,260.883846603
1076,1,150,positive,0.0633599351544,-0.064344613291,0.229454683395,63.3599351544,-64.344613291,229.454683395,86.2935853339,86.2935853339,260.340683417
1077,0,150,positive,0.063351292492,-0.0643396234476,0.230728558863,63.351292492,-64.3396234476,230.728558863,86.3035650208,86.3035650208,261.614558885
1077,1,150,positive,0.0633608386383,-0.0643451349177,0.231353850906,63.3608386383,-64.3451349177,231.353850906,86.2925420806,86.2925420806,262.239850929
1078,0,150,positive,0.0633773120968,-0.0643546458734,0.232597870283,63.3773120968,-64.3546458734,232.597870283,86.2735201692,86.2735201692,263.483870306
1078,1,150,positive,0.0633848567034,-0.064359001754,0.232757100305,63.3848567034,-64.359001754,232.757100305,86.2648084079,86.2648084079,263.643100328
1079,0,150,positive,0.0633773120968,-0.0643546458734,0.232597870283,63.3773120968,-64.3546458734,232.597870283,86.2735201692,86.2735201692,263.483870306
1079,1,150,positive,0.0633608386383,-0.0643451349177,0.231353850906,63.3608386383,-64.3451349177,231.353850906,86.2925420806,86.2925420806,262.239850929
1080,0,150,positive,0.0633943285484,-0.0643644703263,0.233508855997,63.3943285484,-64.3644703263,233.508855997,86.2538712633,86.2538712633,264.39485602
1080,1,150,positive,0.0633848567034,-0.064359001754,0.232757100305,63.3848567034,-64.359001754,232.757100305,86.2648084079,86.2648084079,263.643100328
1081,0,150,positive,0.0633943285484,-0.0643644703263,0.233508855997,63.3943285484,-64.3644703263,233.508855997,86.2538712633,86.2538712633,264.39485602
1081,1,150,positive,0.0633834091943,-0.0643581660343,0.233692947377,63.3834091943,-64.3581660343,233.692947377,86.2664798474,86.2664798474,264.578947399
1082,0,150,positive,0.0633834091943,-0.0643581660343,0.233692947377,63.3834091943,-64.3581660343,233.692947377,86.2664798474,86.2664798474,264.578947399
1082,1,150,positive,0.0633791672576,-0.064355716951,0.233819739077,63.3791672576,-64.355716951,233.819739077,86.271378014,86.271378014,264.705739099
1083,0,150,positive,0.0633493535578,-0.0643385040034,0.234208653699,63.3493535578,-64.3385040034,234.208653699,86.3058039092,86.3058039092,265.094653721
1083,1,150,positive,0.0633791672576,-0.064355716951,0.233819739077,63.3791672576,-64.355716951,233.819739077,86.271378014,86.271378014,264.705739099
1084,0,150,positive,0.0633493535578,-0.0643385040034,0.234208653699,63.3493535578,-64.3385040034,234.208653699,86.3058039092,86.3058039092,265.094653721
1084,1,150,positive,0.0633284599981,-0.0643264411011,0.235000292472,63.3284599981,-64.3264411011,235.000292472,86.3299297138,86.3299297138,265.886292494
1085,0,150,positive,0.0633249157348,-0.0643243948197,0.235154232078,63.3249157348,-64.3243948197,235.154232078,86.3340222766,86.3340222766,266.0402321
1085,1,150,positive,0.0633284599981,-0.0643264411011,0.235000292472,63.3284599981,-64.3264411011,235.000292472,86.3299297138,86.3299297138,265.886292494
1086,0,150,positive,0.0633159131703,-0.0643191971867,0.235219215033,63.3159131703,-64.3191971867,235.219215033,86.3444175426,86.3444175426,266.105215055
1086,1,150,positive,0.063186180623,-0.0642442960656,0.235861385992,63.186180623,-64.2442960656,235.861385992,86.4942197848,86.4942197848,266.747386014
1087,0,150,positive,0.063186180623,-0.0642442960656,0.235861385992,63.186180623,-64.2442960656,235.861385992,86.4942197848,86.4942197848,266.747386014
1087,1,150,positive,0.0630713736878,-0.0641780122506,0.236451060161,63.0713736878,-64.1780122506,236.451060161,86.6267874148,86.6267874148,267.337060183
1088,0,150,positive,0.0633159131703,-0.0643191971867,0.235219215033,63.3159131703,-64.3191971867,235.219215033,86.3444175426,86.3444175426,266.105215055
1088,1,150,positive,0.0633249157348,-0.0643243948197,0.235154232078,63.3249157348,-64.3243948197,235.154232078,86.3340222766,86.3340222766,266.0402321
1089,0,150,positive,0.0630081584311,-0.0641415149051,0.236806575576,63.0081584311,-64.1415149051,236.806575576,86.6997821057,86.6997821057,267.692575598
1089,1,150,positive,0.0630713736878,-0.0641780122506,0.236451060161,63.0713736878,-64.1780122506,236.451060161,86.6267874148,86.6267874148,267.337060183
1090,0,150,positive,0.0628205063023,-0.064033173898,0.237431025569,62.8205063023,-64.033173898,237.431025569,86.9164641199,86.9164641199,268.317025592
1090,1,150,positive,0.0630081584311,-0.0641415149051,0.236806575576,63.0081584311,-64.1415149051,236.806575576,86.6997821057,86.6997821057,267.692575598
1091,0,150,positive,0.0628205063023,-0.064033173898,0.237431025569,62.8205063023,-64.033173898,237.431025569,86.9164641199,86.9164641199,268.317025592
1091,1,150,positive,0.062613159108,-0.0639134619396,0.238033089631,62.613159108,-63.9134619396,238.033089631,87.1558880368,87.1558880368,268.919089653
1092,0,150,positive,0.0625298848894,-0.0638653835471,0.238205543233,62.5298848894,-63.8653835471,238.205543233,87.2520448218,87.2520448218,269.091543255
1092,1,150,positive,0.062613159108,-0.0639134619396,0.238033089631,62.613159108,-63.9134619396,238.033089631,87.1558880368,87.1558880368,268.919089653
1093,0,150,positive,0.103581598519,-0.0875666014616,-0.0145407709221,103.581598519,-87.5666014616,-14.5407709221,39.8496089928,39.8496089928,16.3452291002
1093,1,150,positive,0.103779656574,-0.0876809503329,-0.0149254745602,103.779656574,-87.6809503329,-14.9254745602,39.6209112501,39.6209112501,15.9605254621
1094,0,150,positive,0.103581598519,-0.0875666014616,-0.0145407709221,103.581598519,-87.5666014616,-14.5407709221,39.8496089928,39.8496089928,16.3452291002
1094,1,150,positive,0.10350939184,-0.0875249129164,-0.0144581316492,103.50939184,-87.5249129164,-14.4581316492,39.9329860832,39.9329860832,16.4278683731
1095,0,150,positive,0.103397950174,-0.0874605720406,-0.0144424512784,103.397950174,-87.4605720406,-14.4424512784,40.0616678348,40.0616678348,16.4435487439
1095,1,150,positive,0.103089610765,-0.0872825521997,-0.014059104073,103.089610765,-87.2825521997,-14.059104073,40.4177075166,40.4177075166,16.8268959493
1096,0,150,positive,0.103397950174,-0.0874605720406,-0.0144424512784,103.397950174,-87.4605720406,-14.4424512784,40.0616678348,40.0616678348,16.4435487439
1096,1,150,positive,0.10350939184,-0.0875249129164,-0.0144581316492,103.50939184,-87.5249129164,-14.4581316492,39.9329860832,39.9329860832,16.4278683731
1097,0,150,positive,0.103039883446,-0.0872538421183,-0.0140225242458,103.039883446,-87.2538421183,-14.0225242458,40.4751276793,40.4751276793,16.8634757765
1097,1,150,positive,0.103089610765,-0.0872825521997,-0.014059104073,103.089610765,-87.2825521997,-14.059104073,40.4177075166,40.4177075166,16.8268959493
1098,0,150,positive,0.102791722182,-0.0871105661459,-0.0136867775465,102.791722182,-87.1105661459,-13.6867775465,40.7616796242,40.7616796242,17.1992224758
1098,1,150,positive,0.103039883446,-0.0872538421183,-0.0140225242458,103.039883446,-87.2538421183,-14.0225242458,40.4751276793,40.4751276793,16.8634757765
1099,0,150,positive,0.102107052516,-0.08671527193,-0.0127952341438,102.107052516,-86.71527193,-12.7952341438,41.552268056,41.552268056,18.0907658785
1099,1,150,positive,0.102441808485,-0.0869085433787,-0.0132484006142,102.441808485,-86.9085433787,-13.2484006142,41.1657251586,41.1657251586,17.6375994081
1100,0,150,positive,0.102107052516,-0.08671527193,-0.0127952341438,102.107052516,-86.71527193,-12.7952341438,41.552268056,41.552268056,18.0907658785
1100,1,150,positive,0.101754723765,-0.0865118548308,-0.0123172018797,101.754723765,-86.5118548308,-12.3172018797,41.9591022543,41.9591022543,18.5687981426
1101,0,150,positive,0.101414335165,-0.0863153313809,-0.0117974419921,101.414335165,-86.3153313809,-11.7974419921,42.3521491542,42.3521491542,19.0885580302
1101,1,150,positive,0.101375241043,-0.0862927603791,-0.0117246526596,101.375241043,-86.2927603791,-11.7246526596,42.3972911578,42.3972911578,19.1613473627
1102,0,150,positive,0.101375241043,-0.0862927603791,-0.0117246526596,101.375241043,-86.2927603791,-11.7246526596,42.3972911578,42.3972911578,19.1613473627
1102,1,150,positive,0.101358443969,-0.086283062584,-0.0116927846615,101.358443969,-86.283062584,-11.6927846615,42.4166867479,42.4166867479,19.1932153608
1103,0,150,positive,0.101633658842,-0.0864419579649,-0.0121790886167,101.633658842,-86.4419579649,-12.1790886167,42.0988959861,42.0988959861,18.7069114056
1103,1,150,positive,0.101754723765,-0.0865118548308,-0.0123172018797,101.754723765,-86.5118548308,-12.3172018797,41.9591022543,41.9591022543,18.5687981426
1104,0,150,positive,0.101414335165,-0.0863153313809,-0.0117974419921,101.414335165,-86.3153313809,-11.7974419921,42.3521491542,42.3521491542,19.0885580302
1104,1,150,positive,0.101633658842,-0.0864419579649,-0.0121790886167,101.633658842,-86.4419579649,-12.1790886167,42.0988959861,42.0988959861,18.7069114056
1105,0,150,positive,0.10105099717,-0.0861055580916,-0.0111282862972,101.05099717,-86.1055580916,-11.1282862972,42.7716957328,42.7716957328,19.7577137251
1105,1,150,positive,0.101358443969,-0.086283062584,-0.0116927846615,101.358443969,-86.283062584,-11.6927846615,42.4166867479,42.4166867479,19.1932153608
1106,0,150,positive,0.10105099717,-0.0861055580916,-0.0111282862972,101.05099717,-86.1055580916,-11.1282862972,42.7716957328,42.7716957328,19.7577137251
1106,1,150,positive,0.100523832519,-0.0858011994386,-0.0103857046821,100.523832519,-85.8011994386,-10.3857046821,43.3804130388,43.3804130388,20.5002953402
1107,0,150,positive,0.100434111968,-0.0857493992546,-0.0102499321237,100.434111968,-85.7493992546,-10.2499321237,43.4840134067,43.4840134067,20.6360678986
1107,1,150,positive,0.100523832519,-0.0858011994386,-0.0103857046821,100.523832519,-85.8011994386,-10.3857046821,43.3804130388,43.3804130388,20.5002953402
1108,0,150,positive,0.100378204427,-0.0857171210207,-0.0101749946378,100.378204427,-85.7171210207,-10.1749946378,43.5485698745,43.5485698745,20.7110053845
1108,1,150,positive,0.100434111968,-0.0857493992546,-0.0102499321237,100.434111968,-85.7493992546,-10.2499321237,43.4840134067,43.4840134067,20.6360678986
1109,0,150,positive,0.130298862324,-0.102991820912,-0.0304466669515,130.298862324,-102.991820912,-30.4466669515,8.99917009281,8.99917009281,0.439333070803
1109,1,150,positive,0.129590082853,-0.102582606893,-0.0304782297683,129.590082853,-102.582606893,-30.4782297683,9.81759812943,9.81759812943,0.407770253999
1110,0,150,positive,0.128877117689,-0.102170976264,-0.0305673755571,128.877117689,-102.170976264,-30.5673755571,10.6408593882,10.6408593882,0.318624465159
1110,1,150,positive,0.129590082853,-0.102582606893,-0.0304782297683,129.590082853,-102.582606893,-30.4782297683,9.81759812943,9.81759812943,0.407770253999
1111,0,150,positive,0.127683912035,-0.101482078658,-0.0306313246793,127.683912035,-101.482078658,-30.6313246793,12.0186545991,12.0186545991,0.254675342965
1111,1,150,positive,0.128515634205,-0.101962273677,-0.0305922423919,128.515634205,-101.962273677,-30.5922423919,11.0582645621,11.0582645621,0.293757630395
1112,0,150,positive,0.128877117689,-0.102170976264,-0.0305673755571,128.877117689,-102.170976264,-30.5673755571,10.6408593882,10.6408593882,0.318624465159
1112,1,150,positive,0.128515634205,-0.101962273677,-0.0305922423919,128.515634205,-101.962273677,-30.5922423919,11.0582645621,11.0582645621,0.293757630395
1113,0,150,positive,0.127275368965,-0.101246206207,-0.0306075897125,127.275368965,-101.246206207,-30.6075897125,12.4903995024,12.4903995024,0.278410309768
1113,1,150,positive,0.127683912035,-0.101482078658,-0.0306313246793,127.683912035,-101.482078658,-30.6313246793,12.0186545991,12.0186545991,0.254675342965
1114,0,150,positive,0.127275368965,-0.101246206207,-0.0306075897125,127.275368965,-101.246206207,-30.6075897125,12.4903995024,12.4903995024,0.278410309768
1114,1,150,positive,0.126675473086,-0.10089985616,-0.0305880426093,126.675473086,-100.89985616,-30.5880426093,13.1830995961,13.1830995961,0.297957412955
1115,0,150,positive,0.126675473086,-0.10089985616,-0.0305880426093,126.675473086,-100.89985616,-30.5880426093,13.1830995961,13.1830995961,0.297957412955
1115,1,150,positive,0.126019508826,-0.100521135018,-0.0306509281237,126.019508826,-100.521135018,-30.6509281237,13.9405418805,13.9405418805,0.235071898597
1116,0,150,positive,0.129166443385,-0.102338018532,-0.0249235449932,129.166443385,-102.338018532,-24.9235449932,10.3067748512,10.3067748512,5.9624550291
1116,1,150,positive,0.129315883102,-0.102424297593,-0.024917744948,129.315883102,-102.424297593,-24.917744948,10.1342167298,10.1342167298,5.96825507434
1117,0,150,positive,0.129166443385,-0.102338018532,-0.0249235449932,129.166443385,-102.338018532,-24.9235449932,10.3067748512,10.3067748512,5.9624550291
1117,1,150,positive,0.128565395518,-0.101991003385,-0.0248761813962,128.565395518,-101.991003385,-24.8761813962,11.0008051465,11.0008051465,6.00981862613
1118,0,150,positive,0.12826952799,-0.101820184188,-0.0249012560758,128.26952799,-101.820184188,-24.9012560758,11.3424435407,11.3424435407,5.98474394645
1118,1,150,positive,0.128565395518,-0.101991003385,-0.0248761813962,128.565395518,-101.991003385,-24.8761813962,11.0008051465,11.0008051465,6.00981862613
1119,0,150,positive,0.12826952799,-0.101820184188,-0.0249012560758,128.26952799,-101.820184188,-24.9012560758,11.3424435407,11.3424435407,5.98474394645
1119,1,150,positive,0.128233282523,-0.101799257857,-0.024893314987,128.233282523,-101.799257857,-24.893314987,11.3842962012,11.3842962012,5.99268503527
1120,0,150,positive,0.128233282523,-0.101799257857,-0.024893314987,128.233282523,-101.799257857,-24.893314987,11.3842962012,11.3842962012,5.99268503527
1120,1,150,positive,0.128197278915,-0.101778471165,-0.024893569059,128.197278915,-101.778471165,-24.893569059,11.4258695864,11.4258695864,5.99243096327
1121,0,150,positive,0.127386749971,-0.101310512061,-0.0249297508292,127.386749971,-101.310512061,-24.9297508292,12.3617877944,12.3617877944,5.95624919311
1121,1,150,positive,0.128197278915,-0.101778471165,-0.024893569059,128.197278915,-101.778471165,-24.893569059,11.4258695864,11.4258695864,5.99243096327
1122,0,150,positive,0.127386749971,-0.101310512061,-0.0249297508292,127.386749971,-101.310512061,-24.9297508292,12.3617877944,12.3617877944,5.95624919311
1122,1,150,positive,0.127216223989,-0.101212058839,-0.0249160176867,127.216223989,-101.212058839,-24.9160176867,12.5586942374,12.5586942374,5.9699823356
1123,0,150,positive,0.126991066395,-0.101082064042,-0.024860226685,126.991066395,-101.082064042,-24.860226685,12.8186838325,12.8186838325,6.02577333733
1123,1,150,positive,0.127216223989,-0.101212058839,-0.0249160176867,127.216223989,-101.212058839,-24.9160176867,12.5586942374,12.5586942374,5.9699823356
1124,0,150,positive,0.126991066395,-0.101082064042,-0.024860226685,126.991066395,-101.082064042,-24.860226685,12.8186838325,12.8186838325,6.02577333733
1124,1,150,positive,0.126787280606,-0.100964408261,-0.024863381099,126.787280606,-100.964408261,-24.863381099,13.0539953931,13.0539953931,6.02261892334
1125,0,150,positive,0.126438730046,-0.100763172502,-0.0248091164166,126.438730046,-100.763172502,-24.8091164166,13.4564669123,13.4564669123,6.07688360571
1125,1,150,positive,0.126787280606,-0.100964408261,-0.024863381099,126.787280606,-100.964408261,-24.863381099,13.0539953931,13.0539953931,6.02261892334
1126,0,150,positive,0.126171332256,-0.100608790316,-0.0248618467192,126.171332256,-100.608790316,-24.8618467192,13.7652312843,13.7652312843,6.02415330307
1126,1,150,positive,0.126438730046,-0.100763172502,-0.0248091164166,126.438730046,-100.763172502,-24.8091164166,13.4564669123,13.4564669123,6.07688360571
1127,0,150,positive,0.126171332256,-0.100608790316,-0.0248618467192,126.171332256,-100.608790316,-24.8618467192,13.7652312843,13.7652312843,6.02415330307
1127,1,150,positive,0.126156732757,-0.100600361291,-0.0248613169526,126.156732757,-100.600361291,-24.8613169526,13.7820893339,13.7820893339,6.02468306972
1128,0,150,positive,0.126156732757,-0.100600361291,-0.0248613169526,126.156732757,-100.600361291,-24.8613169526,13.7820893339,13.7820893339,6.02468306972
1128,1,150,positive,0.126146055291,-0.100594196653,-0.0248646168217,126.146055291,-100.594196653,-24.8646168217,13.7944186093,13.7944186093,6.02138320058
1129,0,150,positive,0.125616371301,-0.100288383459,-0.0249967901473,125.616371301,-100.288383459,-24.9967901473,14.4060449977,14.4060449977,5.88920987503
1129,1,150,positive,0.126146055291,-0.100594196653,-0.0248646168217,126.146055291,-100.594196653,-24.8646168217,13.7944186093,13.7944186093,6.02138320058
1130,0,150,positive,0.125616371301,-0.100288383459,-0.0249967901473,125.616371301,-100.288383459,-24.9967901473,14.4060449977,14.4060449977,5.88920987503
1130,1,150,positive,0.125422698953,-0.100176566677,-0.025038040787,125.422698953,-100.176566677,-25.038040787,14.6296785623,14.6296785623,5.84795923533
1131,0,150,positive,0.125344324228,-0.100131317008,-0.0250403350763,125.344324228,-100.131317008,-25.0403350763,14.7201778993,14.7201778993,5.84566494601
1131,1,150,positive,0.125422698953,-0.100176566677,-0.025038040787,125.422698953,-100.176566677,-25.038040787,14.6296785623,14.6296785623,5.84795923533
1132,0,150,positive,0.125334199469,-0.100125471476,-0.0250358941254,125.334199469,-100.125471476,-25.0358941254,14.731868964,14.731868964,5.85010589686
1132,1,150,positive,0.125344324228,-0.100131317008,-0.0250403350763,125.344324228,-100.131317008,-25.0403350763,14.7201778993,14.7201778993,5.84566494601
1133,0,150,positive,0.125679727201,-0.100324962005,-0.0306680810665,125.679727201,-100.324962005,-30.6680810665,14.3328879056,14.3328879056,0.217918955743
1133,1,150,positive,0.125858048979,-0.100427916131,-0.0306662006125,125.858048979,-100.427916131,-30.6662006125,14.1269796532,14.1269796532,0.219799409782
1134,0,150,positive,0.125679727201,-0.100324962005,-0.0306680810665,125.679727201,-100.324962005,-30.6680810665,14.3328879056,14.3328879056,0.217918955743
1134,1,150,positive,0.124791903663,-0.0998123768462,-0.0306857935682,124.791903663,-99.8123768462,-30.6857935682,15.3580582235,15.3580582235,0.20020645406
1135,0,150,positive,0.124791903663,-0.0998123768462,-0.0306857935682,124.791903663,-99.8123768462,-30.6857935682,15.3580582235,15.3580582235,0.20020645406
1135,1,150,positive,0.124504121209,-0.099646225569,-0.0306587874065,124.504121209,-99.646225569,-30.6587874065,15.690360778,15.690360778,0.227212615834
1136,0,150,positive,0.124504121209,-0.099646225569,-0.0306587874065,124.504121209,-99.646225569,-30.6587874065,15.690360778,15.690360778,0.227212615834
1136,1,150,positive,0.123983163794,-0.0993454506654,-0.0304968068613,123.983163794,-99.3454506654,-30.4968068613,16.2919105851,16.2919105851,0.389193161033
1137,0,150,positive,0.123679807073,-0.0991703075806,-0.0304456706495,123.679807073,-99.1703075806,-30.4456706495,16.6421967547,16.6421967547,0.440329372841
1137,1,150,positive,0.123983163794,-0.0993454506654,-0.0304968068613,123.983163794,-99.3454506654,-30.4968068613,16.2919105851,16.2919105851,0.389193161033
1138,0,150,positive,0.123679807073,-0.0991703075806,-0.0304456706495,123.679807073,-99.1703075806,-30.4456706495,16.6421967547,16.6421967547,0.440329372841
1138,1,150,positive,0.123572266101,-0.0991082187718,-0.030452457856,123.572266101,-99.1082187718,-30.452457856,16.7663743725,16.7663743725,0.433542166301
1139,0,150,positive,0.123572266101,-0.0991082187718,-0.030452457856,123.572266101,-99.1082187718,-30.452457856,16.7663743725,16.7663743725,0.433542166301
1139,1,150,positive,0.123293389147,-0.0989472090872,-0.0305377780983,123.293389147,-98.9472090872,-30.5377780983,17.0883937415,17.0883937415,0.348221923973
1140,0,150,positive,0.122935154326,-0.0987403821167,-0.0306328513011,122.935154326,-98.7403821167,-30.6328513011,17.5020476826,17.5020476826,0.253148721205
1140,1,150,positive,0.123293389147,-0.0989472090872,-0.0305377780983,123.293389147,-98.9472090872,-30.5377780983,17.0883937415,17.0883937415,0.348221923973
1141,0,150,positive,0.122553902236,-0.0985202661199,-0.0306382334405,122.553902236,-98.5202661199,-30.6382334405,17.9422796762,17.9422796762,0.247766581803
1141,1,150,positive,0.122935154326,-0.0987403821167,-0.0306328513011,122.935154326,-98.7403821167,-30.6328513011,17.5020476826,17.5020476826,0.253148721205
1142,0,150,positive,0.122553902236,-0.0985202661199,-0.0306382334405,122.553902236,-98.5202661199,-30.6382334405,17.9422796762,17.9422796762,0.247766581803
1142,1,150,positive,0.122209854125,-0.0983216298505,-0.0306384028594,122.209854125,-98.3216298505,-30.6384028594,18.339552215,18.339552215,0.247597162874
1143,0,150,positive,0.121336885198,-0.0978176210053,-0.0305899931419,121.336885198,-97.8176210053,-30.5899931419,19.3475699054,19.3475699054,0.296006880384
1143,1,150,positive,0.122209854125,-0.0983216298505,-0.0306384028594,122.209854125,-98.3216298505,-30.6384028594,18.339552215,18.339552215,0.247597162874
1144,0,150,positive,0.121336885198,-0.0978176210053,-0.0305899931419,121.336885198,-97.8176210053,-30.5899931419,19.3475699054,19.3475699054,0.296006880384
1144,1,150,positive,0.121058223116,-0.0976567353773,-0.0305970239184,121.058223116,-97.6567353773,-30.5970239184,19.6693411614,19.6693411614,0.288976103914
1145,0,150,positive,0.120423260501,-0.097290139541,-0.0306491172353,120.423260501,-97.290139541,-30.6491172353,20.402532834,20.402532834,0.236882786992
1145,1,150,positive,0.121058223116,-0.0976567353773,-0.0305970239184,121.058223116,-97.6567353773,-30.5970239184,19.6693411614,19.6693411614,0.288976103914
1146,0,150,positive,0.120423260501,-0.097290139541,-0.0306491172353,120.423260501,-97.290139541,-30.6491172353,20.402532834,20.402532834,0.236882786992
1146,1,150,positive,0.119977641015,-0.0970328610104,-0.0306653533004,119.977641015,-97.0328610104,-30.6653533004,20.9170898951,20.9170898951,0.220646721926
1147,0,150,positive,0.119178898291,-0.0965717066837,-0.0306800732527,119.178898291,-96.5717066837,-30.6800732527,21.8393985485,21.8393985485,0.205926769615
1147,1,150,positive,0.119977641015,-0.0970328610104,-0.0306653533004,119.977641015,-97.0328610104,-30.6653533004,20.9170898951,20.9170898951,0.220646721926
1148,0,150,positive,0.118139002829,-0.0959713227589,-0.0307486658557,118.139002829,-95.9713227589,-30.7486658557,23.0401663983,23.0401663983,0.13733416662
1148,1,150,positive,0.119178898291,-0.0965717066837,-0.0306800732527,119.178898291,-96.5717066837,-30.6800732527,21.8393985485,21.8393985485,0.205926769615
1149,0,150,positive,0.116395614264,-0.0949647769016,-0.0307855597855,116.395614264,-94.9647769016,-30.7855597855,25.0532581128,25.0532581128,0.100440236763
1149,1,150,positive,0.116800150884,-0.0951983362283,-0.0307987209079,116.800150884,-95.1983362283,-30.7987209079,24.5861394594,24.5861394594,0.0872791143788
1150,0,150,positive,0.118117699197,-0.0959590231015,-0.0251579800667,118.117699197,-95.9590231015,-25.1579800667,23.064765713,23.064765713,5.72801995561
1150,1,150,positive,0.118523483605,-0.0961933028383,-0.0250525617689,118.523483605,-96.1933028383,-25.0525617689,22.5962062394,22.5962062394,5.83343825338
1151,0,150,positive,0.118139002829,-0.0959713227589,-0.0307486658557,118.139002829,-95.9713227589,-30.7486658557,23.0401663983,23.0401663983,0.13733416662
1151,1,150,positive,0.117269959243,-0.0954695802103,-0.0308218701331,117.269959243,-95.4695802103,-30.8218701331,24.0436514953,24.0436514953,0.0641298891701
1152,0,150,positive,0.117269959243,-0.0954695802103,-0.0308218701331,117.269959243,-95.4695802103,-30.8218701331,24.0436514953,24.0436514953,0.0641298891701
1152,1,150,positive,0.116800150884,-0.0951983362283,-0.0307987209079,116.800150884,-95.1983362283,-30.7987209079,24.5861394594,24.5861394594,0.0872791143788
1153,0,150,positive,0.117534015186,-0.0956220329805,-0.0252707694744,117.534015186,-95.6220329805,-25.2707694744,23.738745955,23.738745955,5.6152305479
1153,1,150,positive,0.118117699197,-0.0959590231015,-0.0251579800667,118.117699197,-95.9590231015,-25.1579800667,23.064765713,23.064765713,5.72801995561
1154,0,150,positive,0.117534015186,-0.0956220329805,-0.0252707694744,117.534015186,-95.6220329805,-25.2707694744,23.738745955,23.738745955,5.6152305479
1154,1,150,positive,0.117388121855,-0.0955378014266,-0.0252809137241,117.388121855,-95.5378014266,-25.2809137241,23.9072090627,23.9072090627,5.60508629816
1155,0,150,positive,0.117388121855,-0.0955378014266,-0.0252809137241,117.388121855,-95.5378014266,-25.2809137241,23.9072090627,23.9072090627,5.60508629816
1155,1,150,positive,0.117256527006,-0.0954618251047,-0.0252875963408,117.256527006,-95.4618251047,-25.2875963408,24.0591617066,24.0591617066,5.59840368153
1156,0,150,positive,0.116935202846,-0.0952763085148,-0.0253252875149,116.935202846,-95.2763085148,-25.3252875149,24.4301948864,24.4301948864,5.56071250739
1156,1,150,positive,0.117256527006,-0.0954618251047,-0.0252875963408,117.256527006,-95.4618251047,-25.2875963408,24.0591617066,24.0591617066,5.59840368153
1157,0,150,positive,0.116935202846,-0.0952763085148,-0.0253252875149,116.935202846,-95.2763085148,-25.3252875149,24.4301948864,24.4301948864,5.56071250739
1157,1,150,positive,0.116838453654,-0.0952204503427,-0.0253235105036,116.838453654,-95.2204503427,-25.3235105036,24.5419112306,24.5419112306,5.56248951866
1158,0,150,positive,0.116838453654,-0.0952204503427,-0.0253235105036,116.838453654,-95.2204503427,-25.3235105036,24.5419112306,24.5419112306,5.56248951866
1158,1,150,positive,0.116766559818,-0.0951789424168,-0.0253669611767,116.766559818,-95.1789424168,-25.3669611767,24.6249270824,24.6249270824,5.51903884558
1159,0,150,positive,0.116219908128,-0.0948633329165,-0.0254507463953,116.219908128,-94.8633329165,-25.4507463953,25.2561460829,25.2561460829,5.43525362703
1159,1,150,positive,0.116766559818,-0.0951789424168,-0.0253669611767,116.766559818,-95.1789424168,-25.3669611767,24.6249270824,24.6249270824,5.51903884558
1160,0,150,positive,0.125334199469,-0.100125471476,-0.0250358941254,125.334199469,-100.125471476,-25.0358941254,14.731868964,14.731868964,5.85010589686
1160,1,150,positive,0.124887662269,-0.0998676631031,-0.0248131232597,124.887662269,-99.8676631031,-24.8131232597,15.2474857098,15.2474857098,6.07287676255
1161,0,150,positive,0.124731704251,-0.0997776206999,-0.0247047054974,124.731704251,-99.7776206999,-24.7047054974,15.4275705162,15.4275705162,6.18129452486
1161,1,150,positive,0.124887662269,-0.0998676631031,-0.0248131232597,124.887662269,-99.8676631031,-24.8131232597,15.2474857098,15.2474857098,6.07287676255
1162,0,150,positive,0.12451355757,-0.0996516736546,-0.0246925892192,124.51355757,-99.6516736546,-24.6925892192,15.6794646069,15.6794646069,6.19341080304
1162,1,150,positive,0.124731704251,-0.0997776206999,-0.0247047054974,124.731704251,-99.7776206999,-24.7047054974,15.4275705162,15.4275705162,6.18129452486
1163,0,150,positive,0.123978235914,-0.0993426055525,-0.0247030062764,123.978235914,-99.3426055525,-24.7030062764,16.297600811,16.297600811,6.18299374588
1163,1,150,positive,0.123842854313,-0.0992644429484,-0.0247075560238,123.842854313,-99.2644429484,-24.7075560238,16.4539260191,16.4539260191,6.17844399845
1164,0,150,positive,0.123842854313,-0.0992644429484,-0.0247075560238,123.842854313,-99.2644429484,-24.7075560238,16.4539260191,16.4539260191,6.17844399845
1164,1,150,positive,0.123782535987,-0.0992296181471,-0.0246965934788,123.782535987,-99.2296181471,-24.6965934788,16.5235756217,16.5235756217,6.18940654351
1165,0,150,positive,0.123978235914,-0.0993426055525,-0.0247030062764,123.978235914,-99.3426055525,-24.7030062764,16.297600811,16.297600811,6.18299374588
1165,1,150,positive,0.12451355757,-0.0996516736546,-0.0246925892192,124.51355757,-99.6516736546,-24.6925892192,15.6794646069,15.6794646069,6.19341080304
1166,0,150,positive,0.123782535987,-0.0992296181471,-0.0246965934788,123.782535987,-99.2296181471,-24.6965934788,16.5235756217,16.5235756217,6.18940654351
1166,1,150,positive,0.123731691968,-0.0992002633391,-0.0246950715392,123.731691968,-99.2002633391,-24.6950715392,16.5822852378,16.5822852378,6.19092848307
1167,0,150,positive,0.123226086686,-0.0989083519932,-0.0247103502747,123.226086686,-98.9083519932,-24.7103502747,17.1661079295,17.1661079295,6.17564974764
1167,1,150,positive,0.123731691968,-0.0992002633391,-0.0246950715392,123.731691968,-99.2002633391,-24.6950715392,16.5822852378,16.5822852378,6.19092848307
1168,0,150,positive,0.123226086686,-0.0989083519932,-0.0247103502747,123.226086686,-98.9083519932,-24.7103502747,17.1661079295,17.1661079295,6.17564974764
1168,1,150,positive,0.123122057981,-0.0988482909923,-0.0247006849072,123.122057981,-98.8482909923,-24.7006849072,17.2862299314,17.2862299314,6.18531511509
1169,0,150,positive,0.122713639893,-0.0986124906991,-0.0246684848653,122.713639893,-98.6124906991,-24.6684848653,17.7578305178,17.7578305178,6.21751515697
1169,1,150,positive,0.123122057981,-0.0988482909923,-0.0247006849072,123.122057981,-98.8482909923,-24.7006849072,17.2862299314,17.2862299314,6.18531511509
1170,0,150,positive,0.122533474143,-0.0985084719552,-0.0247009213338,122.533474143,-98.5084719552,-24.7009213338,17.9658680056,17.9658680056,6.18507868852
1170,1,150,positive,0.122713639893,-0.0986124906991,-0.0246684848653,122.713639893,-98.6124906991,-24.6684848653,17.7578305178,17.7578305178,6.21751515697
1171,0,150,positive,0.122533474143,-0.0985084719552,-0.0247009213338,122.533474143,-98.5084719552,-24.7009213338,17.9658680056,17.9658680056,6.18507868852
1171,1,150,positive,0.122430205124,-0.0984488495589,-0.0246733083768,122.430205124,-98.4488495589,-24.6733083768,18.0851127981,18.0851127981,6.21269164547
1172,0,150,positive,0.122430205124,-0.0984488495589,-0.0246733083768,122.430205124,-98.4488495589,-24.6733083768,18.0851127981,18.0851127981,6.21269164547
1172,1,150,positive,0.121967324035,-0.0981816050376,-0.0244950338057,121.967324035,-98.1816050376,-24.4950338057,18.6196018407,18.6196018407,6.39096621659
1173,0,150,positive,0.121785648641,-0.0980767147002,-0.0244184442678,121.785648641,-98.0767147002,-24.4184442678,18.8293825156,18.8293825156,6.46755575444
1173,1,150,positive,0.121967324035,-0.0981816050376,-0.0244950338057,121.967324035,-98.1816050376,-24.4950338057,18.6196018407,18.6196018407,6.39096621659
1174,0,150,positive,0.121748333377,-0.0980551707224,-0.0244056232484,121.748333377,-98.0551707224,-24.4056232484,18.8724704712,18.8724704712,6.48037677385
1174,1,150,positive,0.121785648641,-0.0980767147002,-0.0244184442678,121.785648641,-98.0767147002,-24.4184442678,18.8293825156,18.8293825156,6.46755575444
1175,0,150,positive,0.121732850757,-0.0980462318273,-0.0244049839237,121.732850757,-98.0462318273,-24.4049839237,18.8903482613,18.8903482613,6.48101609856
1175,1,150,positive,0.121748333377,-0.0980551707224,-0.0244056232484,121.748333377,-98.0551707224,-24.4056232484,18.8724704712,18.8724704712,6.48037677385
1176,0,150,positive,0.121559843234,-0.0979463458875,-0.024466540745,121.559843234,-97.9463458875,-24.466540745,19.090120141,19.090120141,6.41945927724
1176,1,150,positive,0.121137068616,-0.0977022568481,-0.0246181396671,121.137068616,-97.7022568481,-24.6181396671,19.5782982198,19.5782982198,6.26786035522
1177,0,150,positive,0.121559843234,-0.0979463458875,-0.024466540745,121.559843234,-97.9463458875,-24.466540745,19.090120141,19.090120141,6.41945927724
1177,1,150,positive,0.121732850757,-0.0980462318273,-0.0244049839237,121.732850757,-98.0462318273,-24.4049839237,18.8903482613,18.8903482613,6.48101609856
1178,0,150,positive,0.121137068616,-0.0977022568481,-0.0246181396671,121.137068616,-97.7022568481,-24.6181396671,19.5782982198,19.5782982198,6.26786035522
1178,1,150,positive,0.120973281197,-0.0976076941377,-0.0246582034056,120.973281197,-97.6076941377,-24.6582034056,19.7674236405,19.7674236405,6.2277966167
1179,0,150,positive,0.120698456,-0.0974490237363,-0.0246882331553,120.698456,-97.4490237363,-24.6882331553,20.0847644433,20.0847644433,6.19776686696
1179,1,150,positive,0.120973281197,-0.0976076941377,-0.0246582034056,120.973281197,-97.6076941377,-24.6582034056,19.7674236405,19.7674236405,6.2277966167
1180,0,150,positive,0.120698456,-0.0974490237363,-0.0246882331553,120.698456,-97.4490237363,-24.6882331553,20.0847644433,20.0847644433,6.19776686696
1180,1,150,positive,0.120505154506,-0.0973374210664,-0.0246755267236,120.505154506,-97.3374210664,-24.6755267236,20.3079697831,20.3079697831,6.2104732987
1181,0,150,positive,0.120065164196,-0.0970833925426,-0.0247004579175,120.065164196,-97.0833925426,-24.7004579175,20.8160268308,20.8160268308,6.18554210484
1181,1,150,positive,0.120505154506,-0.0973374210664,-0.0246755267236,120.505154506,-97.3374210664,-24.6755267236,20.3079697831,20.3079697831,6.2104732987
1182,0,150,positive,0.120065164196,-0.0970833925426,-0.0247004579175,120.065164196,-97.0833925426,-24.7004579175,20.8160268308,20.8160268308,6.18554210484
1182,1,150,positive,0.119950262521,-0.0970170540295,-0.0247233782947,119.950262521,-97.0170540295,-24.7233782947,20.9487038569,20.9487038569,6.16262172759
1183,0,150,positive,0.119467016748,-0.0967380519526,-0.0248275814581,119.467016748,-96.7380519526,-24.8275814581,21.5067080107,21.5067080107,6.05841856418
1183,1,150,positive,0.119950262521,-0.0970170540295,-0.0247233782947,119.950262521,-97.0170540295,-24.7233782947,20.9487038569,20.9487038569,6.16262172759
1184,0,150,positive,0.119467016748,-0.0967380519526,-0.0248275814581,119.467016748,-96.7380519526,-24.8275814581,21.5067080107,21.5067080107,6.05841856418
1184,1,150,positive,0.119143247537,-0.0965511237116,-0.0248949455707,119.143247537,-96.5511237116,-24.8949455707,21.8805644928,21.8805644928,5.99105445155
1185,0,150,positive,0.118773235136,-0.0963374969519,-0.0249967886204,118.773235136,-96.3374969519,-24.9967886204,22.3078180122,22.3078180122,5.88921140191
1185,1,150,positive,0.119143247537,-0.0965511237116,-0.0248949455707,119.143247537,-96.5511237116,-24.8949455707,21.8805644928,21.8805644928,5.99105445155
1186,0,150,positive,0.118773235136,-0.0963374969519,-0.0249967886204,118.773235136,-96.3374969519,-24.9967886204,22.3078180122,22.3078180122,5.88921140191
1186,1,150,positive,0.118618215701,-0.0962479964396,-0.0250149553763,118.618215701,-96.2479964396,-25.0149553763,22.4868190368,22.4868190368,5.87104464597
1187,0,150,positive,0.118618215701,-0.0962479964396,-0.0250149553763,118.618215701,-96.2479964396,-25.0149553763,22.4868190368,22.4868190368,5.87104464597
1187,1,150,positive,0.118523483605,-0.0961933028383,-0.0250525617689,118.523483605,-96.1933028383,-25.0525617689,22.5962062394,22.5962062394,5.83343825338
1188,0,150,positive,0.115851122979,-0.0946504147115,-0.0307995083659,115.851122979,-94.6504147115,-30.7995083659,25.6819824929,25.6819824929,0.0864916563546
1188,1,150,positive,0.116395614264,-0.0949647769016,-0.0307855597855,116.395614264,-94.9647769016,-30.7855597855,25.0532581128,25.0532581128,0.100440236763
1189,0,150,positive,0.115851122979,-0.0946504147115,-0.0307995083659,115.851122979,-94.6504147115,-30.7995083659,25.6819824929,25.6819824929,0.0864916563546
1189,1,150,positive,0.115144412225,-0.0942423950673,-0.0308064368716,115.144412225,-94.2423950673,-30.8064368716,26.4980217813,26.4980217813,0.0795631506451
1190,0,150,positive,0.115144412225,-0.0942423950673,-0.0308064368716,115.144412225,-94.2423950673,-30.8064368716,26.4980217813,26.4980217813,0.0795631506451
1190,1,150,positive,0.114050270449,-0.0936106920187,-0.0307408292709,114.050270449,-93.6106920187,-30.7408292709,27.7614278786,27.7614278786,0.145170751399
1191,0,150,positive,0.11378973173,-0.0934602699192,-0.0307229277423,113.78973173,-93.4602699192,-30.7229277423,28.0622720776,28.0622720776,0.163072279943
1191,1,150,positive,0.114050270449,-0.0936106920187,-0.0307408292709,114.050270449,-93.6106920187,-30.7408292709,27.7614278786,27.7614278786,0.145170751399
1192,0,150,positive,0.113507612712,-0.0932973884283,-0.0307301587534,113.507612712,-93.2973884283,-30.7301587534,28.3880350594,28.3880350594,0.155841268865
1192,1,150,positive,0.11378973173,-0.0934602699192,-0.0307229277423,113.78973173,-93.4602699192,-30.7229277423,28.0622720776,28.0622720776,0.163072279943
1193,0,150,positive,0.113416473255,-0.0932447690383,-0.0307249674634,113.416473255,-93.2447690383,-30.7249674634,28.4932738394,28.4932738394,0.161032558894
1193,1,150,positive,0.113060988087,-0.0930395295806,-0.0307327847479,113.060988087,-93.0395295806,-30.7327847479,28.9037527548,28.9037527548,0.153215274402
1194,0,150,positive,0.113416473255,-0.0932447690383,-0.0307249674634,113.416473255,-93.2447690383,-30.7249674634,28.4932738394,28.4932738394,0.161032558894
1194,1,150,positive,0.113507612712,-0.0932973884283,-0.0307301587534,113.507612712,-93.2973884283,-30.7301587534,28.3880350594,28.3880350594,0.155841268865
1195,0,150,positive,0.112238876305,-0.0925648831221,-0.0306695677512,112.238876305,-92.5648831221,-30.6695677512,29.8530456718,29.8530456718,0.216432271137
1195,1,150,positive,0.113060988087,-0.0930395295806,-0.0307327847479,113.060988087,-93.0395295806,-30.7327847479,28.9037527548,28.9037527548,0.153215274402
1196,0,150,positive,0.116219908128,-0.0948633329165,-0.0254507463953,116.219908128,-94.8633329165,-25.4507463953,25.2561460829,25.2561460829,5.43525362703
1196,1,150,positive,0.115948463168,-0.0947066140962,-0.0254856026817,115.948463168,-94.7066140962,-25.4856026817,25.5695837236,25.5695837236,5.40039734059
1197,0,150,positive,0.115602179739,-0.0945066872651,-0.0254965675334,115.602179739,-94.5066872651,-25.4965675334,25.9694373858,25.9694373858,5.38943248888
1197,1,150,positive,0.115948463168,-0.0947066140962,-0.0254856026817,115.948463168,-94.7066140962,-25.4856026817,25.5695837236,25.5695837236,5.40039734059
1198,0,150,positive,0.115602179739,-0.0945066872651,-0.0254965675334,115.602179739,-94.5066872651,-25.4965675334,25.9694373858,25.9694373858,5.38943248888
1198,1,150,positive,0.115596454253,-0.0945033816544,-0.0254951492472,115.596454253,-94.5033816544,-25.4951492472,25.9760486072,25.9760486072,5.3908507751
1199,0,150,positive,0.115596454253,-0.0945033816544,-0.0254951492472,115.596454253,-94.5033816544,-25.4951492472,25.9760486072,25.9760486072,5.3908507751
1199,1,150,positive,0.115574397015,-0.0944906469021,-0.0255153983219,115.574397015,-94.4906469021,-25.5153983219,26.0015181118,26.0015181118,5.3706017004
1200,0,150,positive,0.114963208885,-0.0941377772702,-0.0254290257909,114.963208885,-94.1377772702,-25.4290257909,26.7072573755,26.7072573755,5.45697423138
1200,1,150,positive,0.115574397015,-0.0944906469021,-0.0255153983219,115.574397015,-94.4906469021,-25.5153983219,26.0015181118,26.0015181118,5.3706017004
1201,0,150,positive,0.114963208885,-0.0941377772702,-0.0254290257909,114.963208885,-94.1377772702,-25.4290257909,26.7072573755,26.7072573755,5.45697423138
1201,1,150,positive,0.114940606895,-0.0941247280055,-0.025421571979,114.940606895,-94.1247280055,-25.421571979,26.7333559049,26.7333559049,5.46442804329
1202,0,150,positive,0.114940606895,-0.0941247280055,-0.025421571979,114.940606895,-94.1247280055,-25.421571979,26.7333559049,26.7333559049,5.46442804329
1202,1,150,positive,0.114935029477,-0.0941215078819,-0.0254214878206,114.935029477,-94.1215078819,-25.4214878206,26.7397961521,26.7397961521,5.46451220172
1203,0,150,positive,0.114935029477,-0.0941215078819,-0.0254214878206,114.935029477,-94.1215078819,-25.4214878206,26.7397961521,26.7397961521,5.46451220172
1203,1,150,positive,0.114914045743,-0.0941093929171,-0.0254236008511,114.914045743,-94.1093929171,-25.4236008511,26.7640260817,26.7640260817,5.46239917118
1204,0,150,positive,0.114476931719,-0.0938570250176,-0.0254446129123,114.476931719,-93.8570250176,-25.4446129123,27.2687618807,27.2687618807,5.44138711002
1204,1,150,positive,0.114914045743,-0.0941093929171,-0.0254236008511,114.914045743,-94.1093929171,-25.4236008511,26.7640260817,26.7640260817,5.46239917118
1205,0,150,positive,0.114183332368,-0.0936875153533,-0.0253999039838,114.183332368,-93.6875153533,-25.3999039838,27.6077812093,27.6077812093,5.48609603853
1205,1,150,positive,0.114476931719,-0.0938570250176,-0.0254446129123,114.476931719,-93.8570250176,-25.4446129123,27.2687618807,27.2687618807,5.44138711002
1206,0,150,positive,0.113826058253,-0.093481243047,-0.0253948605157,113.826058253,-93.481243047,-25.3948605157,28.020325822,28.020325822,5.49113950658
1206,1,150,positive,0.113677815177,-0.093395654867,-0.0253556648745,113.677815177,-93.395654867,-25.3556648745,28.1915021819,28.1915021819,5.53033514775
1207,0,150,positive,0.113826058253,-0.093481243047,-0.0253948605157,113.826058253,-93.481243047,-25.3948605157,28.020325822,28.020325822,5.49113950658
1207,1,150,positive,0.114183332368,-0.0936875153533,-0.0253999039838,114.183332368,-93.6875153533,-25.3999039838,27.6077812093,27.6077812093,5.48609603853
1208,0,150,positive,0.113677815177,-0.093395654867,-0.0253556648745,113.677815177,-93.395654867,-25.3556648745,28.1915021819,28.1915021819,5.53033514775
1208,1,150,positive,0.113610557871,-0.0933568238436,-0.0253544755118,113.610557871,-93.3568238436,-25.3544755118,28.2691642288,28.2691642288,5.53152451047
1209,0,150,positive,0.113418221377,-0.0932457783166,-0.0253396986659,113.418221377,-93.2457783166,-25.3396986659,28.4912552829,28.4912552829,5.54630135638
1209,1,150,positive,0.113610557871,-0.0933568238436,-0.0253544755118,113.610557871,-93.3568238436,-25.3544755118,28.2691642288,28.2691642288,5.53152451047
1210,0,150,positive,0.113418221377,-0.0932457783166,-0.0253396986659,113.418221377,-93.2457783166,-25.3396986659,28.4912552829,28.4912552829,5.54630135638
1210,1,150,positive,0.112823100234,-0.0929021849648,-0.0252092795661,112.823100234,-92.9021849648,-25.2092795661,29.1784419864,29.1784419864,5.67672045623
1211,0,150,positive,0.112701890925,-0.0928322047374,-0.0251881192141,112.701890925,-92.8322047374,-25.1881192141,29.3184024411,29.3184024411,5.69788080823
1211,1,150,positive,0.112823100234,-0.0929021849648,-0.0252092795661,112.823100234,-92.9021849648,-25.2092795661,29.1784419864,29.1784419864,5.67672045623
1212,0,150,positive,0.112563651953,-0.0927523924301,-0.0251615721581,112.563651953,-92.7523924301,-25.1615721581,29.4780270558,29.4780270558,5.72442786418
1212,1,150,positive,0.112237502566,-0.0925640899933,-0.0250646296806,112.237502566,-92.5640899933,-25.0646296806,29.8546319294,29.8546319294,5.82137034172
1213,0,150,positive,0.112237502566,-0.0925640899933,-0.0250646296806,112.237502566,-92.5640899933,-25.0646296806,29.8546319294,29.8546319294,5.82137034172
1213,1,150,positive,0.11214712908,-0.0925119128372,-0.0250579394374,112.14712908,-92.5119128372,-25.0579394374,29.9589862416,29.9589862416,5.82806058493
1214,0,150,positive,0.112058314018,-0.0924606354373,-0.0250659538255,112.058314018,-92.4606354373,-25.0659538255,30.0615410414,30.0615410414,5.82004619678
1214,1,150,positive,0.11214712908,-0.0925119128372,-0.0250579394374,112.14712908,-92.5119128372,-25.0579394374,29.9589862416,29.9589862416,5.82806058493
1215,0,150,positive,0.112563651953,-0.0927523924301,-0.0251615721581,112.563651953,-92.7523924301,-25.1615721581,29.4780270558,29.4780270558,5.72442786418
1215,1,150,positive,0.112701890925,-0.0928322047374,-0.0251881192141,112.701890925,-92.8322047374,-25.1881192141,29.3184024411,29.3184024411,5.69788080823
1216,0,150,positive,0.112238876305,-0.0925648831221,-0.0306695677512,112.238876305,-92.5648831221,-30.6695677512,29.8530456718,29.8530456718,0.216432271137
1216,1,150,positive,0.111512608745,-0.0921455723506,-0.0306122197412,111.512608745,-92.1455723506,-30.6122197412,30.6916672148,30.6916672148,0.273780281129
1217,0,150,positive,0.110806543303,-0.0917379252776,-0.0305269773408,110.806543303,-91.7379252776,-30.5269773408,31.5069613608,31.5069613608,0.35902268145
1217,1,150,positive,0.111512608745,-0.0921455723506,-0.0306122197412,111.512608745,-92.1455723506,-30.6122197412,30.6916672148,30.6916672148,0.273780281129
1218,0,150,positive,0.110806543303,-0.0917379252776,-0.0305269773408,110.806543303,-91.7379252776,-30.5269773408,31.5069613608,31.5069613608,0.35902268145
1218,1,150,positive,0.110321638832,-0.0914579655507,-0.0304608609715,110.321638832,-91.4579655507,-30.4608609715,32.0668808145,32.0668808145,0.425139050788
1219,0,150,positive,0.110017385714,-0.0912823049315,-0.0303781672223,110.017385714,-91.2823049315,-30.3781672223,32.418202053,32.418202053,0.507832799951
1219,1,150,positive,0.109846802143,-0.0911838184608,-0.030322351049,109.846802143,-91.1838184608,-30.322351049,32.6151749944,32.6151749944,0.563648973336
1220,0,150,positive,0.110017385714,-0.0912823049315,-0.0303781672223,110.017385714,-91.2823049315,-30.3781672223,32.418202053,32.418202053,0.507832799951
1220,1,150,positive,0.110321638832,-0.0914579655507,-0.0304608609715,110.321638832,-91.4579655507,-30.4608609715,32.0668808145,32.0668808145,0.425139050788
1221,0,150,positive,0.109846802143,-0.0911838184608,-0.030322351049,109.846802143,-91.1838184608,-30.322351049,32.6151749944,32.6151749944,0.563648973336
1221,1,150,positive,0.109572510883,-0.0910254563281,-0.0302131636668,109.572510883,-91.0254563281,-30.2131636668,32.9318992597,32.9318992597,0.672836355514
1222,0,150,positive,0.108571612634,-0.0904475874543,-0.0297388029039,108.571612634,-90.4475874543,-29.7388029039,34.0876370073,34.0876370073,1.14719711835
1222,1,150,positive,0.109078425404,-0.0907401959437,-0.0299717956223,109.078425404,-90.7401959437,-29.9717956223,33.5024200285,33.5024200285,0.914204399961
1223,0,150,positive,0.109572510883,-0.0910254563281,-0.0302131636668,109.572510883,-91.0254563281,-30.2131636668,32.9318992597,32.9318992597,0.672836355514
1223,1,150,positive,0.109078425404,-0.0907401959437,-0.0299717956223,109.078425404,-90.7401959437,-29.9717956223,33.5024200285,33.5024200285,0.914204399961
1224,0,150,positive,0.108421230818,-0.0903607644726,-0.0296506412139,108.421230818,-90.3607644726,-29.6506412139,34.2612829707,34.2612829707,1.23535880839
1224,1,150,positive,0.108571612634,-0.0904475874543,-0.0297388029039,108.571612634,-90.4475874543,-29.7388029039,34.0876370073,34.0876370073,1.14719711835
1225,0,150,positive,0.11184898379,-0.0923397785734,-0.0251740175272,111.84898379,-92.3397785734,-25.1740175272,30.3032547691,30.3032547691,5.71198249506
1225,1,150,positive,0.111539584145,-0.0921611466051,-0.0252043768912,111.539584145,-92.1611466051,-25.2043768912,30.6605187058,30.6605187058,5.68162313107
1226,0,150,positive,0.112058314018,-0.0924606354373,-0.0250659538255,112.058314018,-92.4606354373,-25.0659538255,30.0615410414,30.0615410414,5.82004619678
1226,1,150,positive,0.11184898379,-0.0923397785734,-0.0251740175272,111.84898379,-92.3397785734,-25.1740175272,30.3032547691,30.3032547691,5.71198249506
1227,0,150,positive,0.111441282203,-0.0921043919523,-0.0251722169007,111.441282203,-92.1043919523,-25.1722169007,30.7740280114,30.7740280114,5.71378312163
1227,1,150,positive,0.111539584145,-0.0921611466051,-0.0252043768912,111.539584145,-92.1611466051,-25.2043768912,30.6605187058,30.6605187058,5.68162313107
1228,0,150,positive,0.111441282203,-0.0921043919523,-0.0251722169007,111.441282203,-92.1043919523,-25.1722169007,30.7740280114,30.7740280114,5.71378312163
1228,1,150,positive,0.110848140549,-0.0917619414589,-0.0247437482182,110.848140549,-91.7619414589,-24.7437482182,31.4589289981,31.4589289981,6.14225180412
1229,0,150,positive,0.108187325728,-0.0902257193059,-0.0294981550166,108.187325728,-90.2257193059,-29.4981550166,34.5313733041,34.5313733041,1.38784500573
1229,1,150,positive,0.108421230818,-0.0903607644726,-0.0296506412139,108.421230818,-90.3607644726,-29.6506412139,34.2612829707,34.2612829707,1.23535880839
1230,0,150,positive,0.108187325728,-0.0902257193059,-0.0294981550166,108.187325728,-90.2257193059,-29.4981550166,34.5313733041,34.5313733041,1.38784500573
1230,1,150,positive,0.107947857074,-0.090087462014,-0.0293323798547,107.947857074,-90.087462014,-29.3323798547,34.8078878879,34.8078878879,1.55362016757
1231,0,150,positive,0.107947857074,-0.090087462014,-0.0293323798547,107.947857074,-90.087462014,-29.3323798547,34.8078878879,34.8078878879,1.55362016757
1231,1,150,positive,0.107672523484,-0.0899284980917,-0.0290933473151,107.672523484,-89.9284980917,-29.0933473151,35.1258157326,35.1258157326,1.7926527072
1232,0,150,positive,0.110743669239,-0.0917016249202,-0.0246942584731,110.743669239,-91.7016249202,-24.6942584731,31.5795620755,31.5795620755,6.19174154923
1232,1,150,positive,0.110848140549,-0.0917619414589,-0.0247437482182,110.848140549,-91.7619414589,-24.7437482182,31.4589289981,31.4589289981,6.14225180412
1233,0,150,positive,0.110737518796,-0.0916980739603,-0.0246791758329,110.737518796,-91.6980739603,-24.6791758329,31.5866639953,31.5866639953,6.20682418938
1233,1,150,positive,0.110438206978,-0.0915252662014,-0.0244558000676,110.438206978,-91.5252662014,-24.4558000676,31.9322795132,31.9322795132,6.4301999547
1234,0,150,positive,0.110438206978,-0.0915252662014,-0.0244558000676,110.438206978,-91.5252662014,-24.4558000676,31.9322795132,31.9322795132,6.4301999547
1234,1,150,positive,0.110158557097,-0.0913638102671,-0.024178704732,110.158557097,-91.3638102671,-24.178704732,32.2551913818,32.2551913818,6.70729529031
1235,0,150,positive,0.110737518796,-0.0916980739603,-0.0246791758329,110.737518796,-91.6980739603,-24.6791758329,31.5866639953,31.5866639953,6.20682418938
1235,1,150,positive,0.110743669239,-0.0917016249202,-0.0246942584731,110.743669239,-91.7016249202,-24.6942584731,31.5795620755,31.5795620755,6.19174154923
1236,0,150,positive,0.110105980816,-0.091333455337,-0.0241219574159,110.105980816,-91.333455337,-24.1219574159,32.3159012419,32.3159012419,6.76404260643
1236,1,150,positive,0.110158557097,-0.0913638102671,-0.024178704732,110.158557097,-91.3638102671,-24.178704732,32.2551913818,32.2551913818,6.70729529031
1237,0,150,positive,0.110045031788,-0.0912982663997,-0.0240002225804,110.045031788,-91.2982663997,-24.0002225804,32.3862791166,32.3862791166,6.88577744191
1237,1,150,positive,0.110105980816,-0.091333455337,-0.0241219574159,110.105980816,-91.333455337,-24.1219574159,32.3159012419,32.3159012419,6.76404260643
1238,0,150,positive,0.110044263663,-0.0912978229221,-0.0240188125578,110.044263663,-91.2978229221,-24.0188125578,32.3871660717,32.3871660717,6.86718746445
1238,1,150,positive,0.110045031788,-0.0912982663997,-0.0240002225804,110.045031788,-91.2982663997,-24.0002225804,32.3862791166,32.3862791166,6.88577744191
1239,0,150,positive,0.110044263663,-0.0912978229221,-0.0240188125578,110.044263663,-91.2978229221,-24.0188125578,32.3871660717,32.3871660717,6.86718746445
1239,1,150,positive,0.109822956096,-0.0911700509391,-0.0238268906555,109.822956096,-91.1700509391,-23.8268906555,32.6427100378,32.6427100378,7.05910936676
1240,0,150,positive,0.109649494483,-0.0910699028301,-0.0236340934362,109.649494483,-91.0699028301,-23.6340934362,32.8430062557,32.8430062557,7.25190658612
1240,1,150,positive,0.109822956096,-0.0911700509391,-0.0238268906555,109.822956096,-91.1700509391,-23.8268906555,32.6427100378,32.6427100378,7.05910936676
1241,0,150,positive,0.109335509054,-0.0908886232581,-0.0232859554876,109.335509054,-90.8886232581,-23.2859554876,33.2055653997,33.2055653997,7.60004453467
1241,1,150,positive,0.109649494483,-0.0910699028301,-0.0236340934362,109.649494483,-91.0699028301,-23.6340934362,32.8430062557,32.8430062557,7.25190658612
1242,0,150,positive,0.109335509054,-0.0908886232581,-0.0232859554876,109.335509054,-90.8886232581,-23.2859554876,33.2055653997,33.2055653997,7.60004453467
1242,1,150,positive,0.108949222712,-0.0906656007348,-0.0229627562082,108.949222712,-90.6656007348,-22.9627562082,33.6516104463,33.6516104463,7.92324381405
1243,0,150,positive,0.108780636814,-0.0905682676208,-0.0228522269808,108.780636814,-90.5682676208,-22.8522269808,33.8462766744,33.8462766744,8.03377304151
1243,1,150,positive,0.108949222712,-0.0906656007348,-0.0229627562082,108.949222712,-90.6656007348,-22.9627562082,33.6516104463,33.6516104463,7.92324381405
1244,0,150,positive,0.108626512964,-0.0904792841744,-0.0226429773893,108.626512964,-90.4792841744,-22.6429773893,34.0242435671,34.0242435671,8.24302263299
1244,1,150,positive,0.108438909852,-0.0903709714676,-0.0223289735594,108.438909852,-90.3709714676,-22.3289735594,34.2408689807,34.2408689807,8.55702646285
1245,0,150,positive,0.108626512964,-0.0904792841744,-0.0226429773893,108.626512964,-90.4792841744,-22.6429773893,34.0242435671,34.0242435671,8.24302263299
1245,1,150,positive,0.108780636814,-0.0905682676208,-0.0228522269808,108.780636814,-90.5682676208,-22.8522269808,33.8462766744,33.8462766744,8.03377304151
1246,0,150,positive,0.108323937617,-0.0903045922169,-0.0221181160004,108.323937617,-90.3045922169,-22.1181160004,34.3736274822,34.3736274822,8.76788402189
1246,1,150,positive,0.108438909852,-0.0903709714676,-0.0223289735594,108.438909852,-90.3709714676,-22.3289735594,34.2408689807,34.2408689807,8.55702646285
1247,0,150,positive,0.107166644624,-0.0896364287957,-0.0286684896282,107.166644624,-89.6364287957,-28.6684896282,35.7099543246,35.7099543246,2.21751039408
1247,1,150,positive,0.107672523484,-0.0899284980917,-0.0290933473151,107.672523484,-89.9284980917,-29.0933473151,35.1258157326,35.1258157326,1.7926527072
1248,0,150,positive,0.108323937617,-0.0903045922169,-0.0221181160004,108.323937617,-90.3045922169,-22.1181160004,34.3736274822,34.3736274822,8.76788402189
1248,1,150,positive,0.108083093241,-0.0901655406513,-0.0218735543174,108.083093241,-90.1655406513,-21.8735543174,34.6517306133,34.6517306133,9.01244570484
1249,0,150,positive,0.107897063215,-0.090058136166,-0.0217227956533,107.897063215,-90.058136166,-21.7227956533,34.866539584,34.866539584,9.16320436898
1249,1,150,positive,0.108083093241,-0.0901655406513,-0.0218735543174,108.083093241,-90.1655406513,-21.8735543174,34.6517306133,34.6517306133,9.01244570484
1250,0,150,positive,0.107897063215,-0.090058136166,-0.0217227956533,107.897063215,-90.058136166,-21.7227956533,34.866539584,34.866539584,9.16320436898
1250,1,150,positive,0.10729138132,-0.0897084455604,-0.0211762466153,107.29138132,-89.7084455604,-21.1762466153,35.5659207952,35.5659207952,9.70975340703
1251,0,150,positive,0.107280468397,-0.0897021449819,-0.0211677744824,107.280468397,-89.7021449819,-21.1677744824,35.5785219523,35.5785219523,9.71822553992
1251,1,150,positive,0.10729138132,-0.0897084455604,-0.0211762466153,107.29138132,-89.7084455604,-21.1762466153,35.5659207952,35.5659207952,9.70975340703
1252,0,150,positive,0.107272872858,-0.089697759695,-0.0211596744517,107.272872858,-89.697759695,-21.1596744517,35.587292526,35.587292526,9.72632557062
1252,1,150,positive,0.107280468397,-0.0897021449819,-0.0211677744824,107.280468397,-89.7021449819,-21.1677744824,35.5785219523,35.5785219523,9.71822553992
1253,0,150,positive,0.107270603041,-0.0896964492157,-0.0211586247019,107.270603041,-89.6964492157,-21.1586247019,35.5899134845,35.5899134845,9.7273753204
1253,1,150,positive,0.107272872858,-0.089697759695,-0.0211596744517,107.272872858,-89.697759695,-21.1596744517,35.587292526,35.587292526,9.72632557062
1254,0,150,positive,0.107166644624,-0.0896364287957,-0.0286684896282,107.166644624,-89.6364287957,-28.6684896282,35.7099543246,35.7099543246,2.21751039408
1254,1,150,positive,0.107021490153,-0.0895526238228,-0.0285470919502,107.021490153,-89.5526238228,-28.5470919502,35.8775642705,35.8775642705,2.33890807209
1255,0,150,positive,0.106642311076,-0.0893337046803,-0.0281519400522,106.642311076,-89.3337046803,-28.1519400522,36.3154025554,36.3154025554,2.73405997011
1255,1,150,positive,0.107021490153,-0.0895526238228,-0.0285470919502,107.021490153,-89.5526238228,-28.5470919502,35.8775642705,35.8775642705,2.33890807209
1256,0,150,positive,0.105995249168,-0.0889601233139,-0.0275183408533,105.995249168,-88.9601233139,-27.5183408533,37.0625652882,37.0625652882,3.36765916901
1256,1,150,positive,0.106413136937,-0.0892013909299,-0.0279155880851,106.413136937,-89.2013909299,-27.9155880851,36.5800300562,36.5800300562,2.97041193719
1257,0,150,positive,0.105389122617,-0.0886101759865,-0.0268107341562,105.389122617,-88.6101759865,-26.8107341562,37.762459943,37.762459943,4.07526586608
1257,1,150,positive,0.105698966598,-0.0887890644922,-0.0271608239295,105.698966598,-88.7890644922,-27.1608239295,37.4046829315,37.4046829315,3.72517609276
1258,0,150,positive,0.105995249168,-0.0889601233139,-0.0275183408533,105.995249168,-88.9601233139,-27.5183408533,37.0625652882,37.0625652882,3.36765916901
1258,1,150,positive,0.105698966598,-0.0887890644922,-0.0271608239295,105.698966598,-88.7890644922,-27.1608239295,37.4046829315,37.4046829315,3.72517609276
1259,0,150,positive,0.106642311076,-0.0893337046803,-0.0281519400522,106.642311076,-89.3337046803,-28.1519400522,36.3154025554,36.3154025554,2.73405997011
1259,1,150,positive,0.106413136937,-0.0892013909299,-0.0279155880851,106.413136937,-89.2013909299,-27.9155880851,36.5800300562,36.5800300562,2.97041193719
1260,0,150,positive,0.105017267716,-0.088395485459,-0.0263762758232,105.017267716,-88.395485459,-26.3762758232,38.1918409979,38.1918409979,4.50972419906
1260,1,150,positive,0.105389122617,-0.0886101759865,-0.0268107341562,105.389122617,-88.6101759865,-26.8107341562,37.762459943,37.762459943,4.07526586608
1261,0,150,positive,0.105017267716,-0.088395485459,-0.0263762758232,105.017267716,-88.395485459,-26.3762758232,38.1918409979,38.1918409979,4.50972419906
1261,1,150,positive,0.104778162767,-0.0882574381523,-0.0260427195963,104.778162767,-88.2574381523,-26.0427195963,38.4679356114,38.4679356114,4.84328042601
1262,0,150,positive,0.107260207299,-0.0896904472311,-0.0211455453982,107.260207299,-89.6904472311,-21.1455453982,35.6019174539,35.6019174539,9.74045462409
1262,1,150,positive,0.106894556839,-0.0894793388395,-0.0206687432751,106.894556839,-89.4793388395,-20.6687432751,36.0241342369,36.0241342369,10.2172567471
1263,0,150,positive,0.107260207299,-0.0896904472311,-0.0211455453982,107.260207299,-89.6904472311,-21.1455453982,35.6019174539,35.6019174539,9.74045462409
1263,1,150,positive,0.107267160972,-0.0896944619361,-0.0211561050446,107.267160972,-89.6944619361,-21.1561050446,35.5938880437,35.5938880437,9.72989497765
1264,0,150,positive,0.106894556839,-0.0894793388395,-0.0206687432751,106.894556839,-89.4793388395,-20.6687432751,36.0241342369,36.0241342369,10.2172567471
1264,1,150,positive,0.106721582638,-0.0893794721384,-0.0202696716269,106.721582638,-89.3794721384,-20.2696716269,36.2238676392,36.2238676392,10.6163283954
1265,0,150,positive,0.106518915286,-0.089262462088,-0.0199314645645,106.518915286,-89.262462088,-19.9314645645,36.4578877401,36.4578877401,10.9545354578
1265,1,150,positive,0.106721582638,-0.0893794721384,-0.0202696716269,106.721582638,-89.3794721384,-20.2696716269,36.2238676392,36.2238676392,10.6163283954
1266,0,150,positive,0.107267160972,-0.0896944619361,-0.0211561050446,107.267160972,-89.6944619361,-21.1561050446,35.5938880437,35.5938880437,9.72989497765
1266,1,150,positive,0.107270603041,-0.0896964492157,-0.0211586247019,107.270603041,-89.6964492157,-21.1586247019,35.5899134845,35.5899134845,9.7273753204
1267,0,150,positive,0.103399427345,-0.0874614248855,-0.0239668208586,103.399427345,-87.4614248855,-23.9668208586,40.059962145,40.059962145,6.91917916366
1267,1,150,positive,0.104508020113,-0.0881014712183,-0.025653655512,104.508020113,-88.1014712183,-25.653655512,38.7798694793,38.7798694793,5.23234451024
1268,0,150,positive,0.104778162767,-0.0882574381523,-0.0260427195963,104.778162767,-88.2574381523,-26.0427195963,38.4679356114,38.4679356114,4.84328042601
1268,1,150,positive,0.104508020113,-0.0881014712183,-0.025653655512,104.508020113,-88.1014712183,-25.653655512,38.7798694793,38.7798694793,5.23234451024
1269,0,150,positive,0.106518915286,-0.089262462088,-0.0199314645645,106.518915286,-89.262462088,-19.9314645645,36.4578877401,36.4578877401,10.9545354578
1269,1,150,positive,0.106176397585,-0.0890647094012,-0.0194045656099,106.176397585,-89.0647094012,-19.4045656099,36.8533931135,36.8533931135,11.4814344123
1270,0,150,positive,0.105741660637,-0.0888137139072,-0.0187298147438,105.741660637,-88.8137139072,-18.7298147438,37.3553841016,37.3553841016,12.1561852785
1270,1,150,positive,0.106176397585,-0.0890647094012,-0.0194045656099,106.176397585,-89.0647094012,-19.4045656099,36.8533931135,36.8533931135,11.4814344123
1271,0,150,positive,0.105741660637,-0.0888137139072,-0.0187298147438,105.741660637,-88.8137139072,-18.7298147438,37.3553841016,37.3553841016,12.1561852785
1271,1,150,positive,0.105550740308,-0.0887034860036,-0.0183461369356,105.550740308,-88.7034860036,-18.3461369356,37.5758399088,37.5758399088,12.5398630867
1272,0,150,positive,0.1053374874,-0.0885803643802,-0.0179342092385,105.3374874,-88.5803643802,-17.9342092385,37.8220831555,37.8220831555,12.9517907838
1272,1,150,positive,0.105550740308,-0.0887034860036,-0.0183461369356,105.550740308,-88.7034860036,-18.3461369356,37.5758399088,37.5758399088,12.5398630867
1273,0,150,positive,0.1053374874,-0.0885803643802,-0.0179342092385,105.3374874,-88.5803643802,-17.9342092385,37.8220831555,37.8220831555,12.9517907838
1273,1,150,positive,0.105188435201,-0.0884943090528,-0.0175910862685,105.188435201,-88.4943090528,-17.5910862685,37.9941938103,37.9941938103,13.2949137538
1274,0,150,positive,0.105048635485,-0.0884135956488,-0.0170829751979,105.048635485,-88.4135956488,-17.0829751979,38.1556206183,38.1556206183,13.8030248244
1274,1,150,positive,0.105188435201,-0.0884943090528,-0.0175910862685,105.188435201,-88.4943090528,-17.5910862685,37.9941938103,37.9941938103,13.2949137538
1275,0,150,positive,0.104869481237,-0.0883101608957,-0.0166629814072,104.869481237,-88.3101608957,-16.6629814072,38.3624901247,38.3624901247,14.2230186151
1275,1,150,positive,0.104633071263,-0.0881736695339,-0.0162743755826,104.633071263,-88.1736695339,-16.2743755826,38.6354728482,38.6354728482,14.6116244397
1276,0,150,positive,0.104869481237,-0.0883101608957,-0.0166629814072,104.869481237,-88.3101608957,-16.6629814072,38.3624901247,38.3624901247,14.2230186151
1276,1,150,positive,0.105048635485,-0.0884135956488,-0.0170829751979,105.048635485,-88.4135956488,-17.0829751979,38.1556206183,38.1556206183,13.8030248244
1277,0,150,positive,0.104399905166,-0.0880390510246,-0.0159558286151,104.399905166,-88.0390510246,-15.9558286151,38.9047098667,38.9047098667,14.9301714072
1277,1,150,positive,0.1042102123,-0.0879295317974,-0.0156153931446,104.2102123,-87.9295317974,-15.6153931446,39.1237483211,39.1237483211,15.2706068777
1278,0,150,positive,0.104399905166,-0.0880390510246,-0.0159558286151,104.399905166,-88.0390510246,-15.9558286151,38.9047098667,38.9047098667,14.9301714072
1278,1,150,positive,0.104633071263,-0.0881736695339,-0.0162743755826,104.633071263,-88.1736695339,-16.2743755826,38.6354728482,38.6354728482,14.6116244397
1279,0,150,positive,0.104012456453,-0.0878153574062,-0.0154043045825,104.012456453,-87.8153574062,-15.4043045825,39.3520971035,39.3520971035,15.4816954398
1279,1,150,positive,0.103962133786,-0.0877863036005,-0.0153494482222,103.962133786,-87.7863036005,-15.3494482222,39.4102047151,39.4102047151,15.5365518001
1280,0,150,positive,0.104012456453,-0.0878153574062,-0.0154043045825,104.012456453,-87.8153574062,-15.4043045825,39.3520971035,39.3520971035,15.4816954398
1280,1,150,positive,0.1042102123,-0.0879295317974,-0.0156153931446,104.2102123,-87.9295317974,-15.6153931446,39.1237483211,39.1237483211,15.2706068777
1281,0,150,positive,0.103779656574,-0.0876809503329,-0.0149254745602,103.779656574,-87.6809503329,-14.9254745602,39.6209112501,39.6209112501,15.9605254621
1281,1,150,positive,0.103962133786,-0.0877863036005,-0.0153494482222,103.962133786,-87.7863036005,-15.3494482222,39.4102047151,39.4102047151,15.5365518001
1282,0,150,positive,0.102025725935,-0.0866683180064,-0.0217655560152,102.025725935,-86.6683180064,-21.7655560152,41.6461759031,41.6461759031,9.1204440071
1282,1,150,positive,0.103399427345,-0.0874614248855,-0.0239668208586,103.399427345,-87.4614248855,-23.9668208586,40.059962145,40.059962145,6.91917916366
1283,0,150,positive,0.102025725935,-0.0866683180064,-0.0217655560152,102.025725935,-86.6683180064,-21.7655560152,41.6461759031,41.6461759031,9.1204440071
1283,1,150,positive,0.10201173528,-0.0866602404983,-0.0217419252392,102.01173528,-86.6602404983,-21.7419252392,41.6623309193,41.6623309193,9.14407478305
1284,0,150,positive,0.10201173528,-0.0866602404983,-0.0217419252392,102.01173528,-86.6602404983,-21.7419252392,41.6623309193,41.6623309193,9.14407478305
1284,1,150,positive,0.102002596767,-0.0866549643753,-0.0217269299129,102.002596767,-86.6549643753,-21.7269299129,41.6728831653,41.6728831653,9.15907010938
1285,0,150,positive,0.133620734502,-0.104909704708,-0.0303618443063,133.620734502,-104.909704708,-30.3618443063,5.16340249993,5.16340249993,0.524155716022
1285,1,150,positive,0.134764906247,-0.105570292573,-0.0303232003098,134.764906247,-105.570292573,-30.3232003098,3.84222676998,3.84222676998,0.562799712541
1286,0,150,positive,0.134945198522,-0.105674384366,-0.0302989259767,134.945198522,-105.674384366,-30.2989259767,3.63404318346,3.63404318346,0.587074045557
1286,1,150,positive,0.134764906247,-0.105570292573,-0.0303232003098,134.764906247,-105.570292573,-30.3232003098,3.84222676998,3.84222676998,0.562799712541
1287,0,150,positive,0.133620734502,-0.104909704708,-0.0303618443063,133.620734502,-104.909704708,-30.3618443063,5.16340249993,5.16340249993,0.524155716022
1287,1,150,positive,0.133293351982,-0.104720690322,-0.030350740879,133.293351982,-104.720690322,-30.350740879,5.54143127238,5.54143127238,0.535259143296
1288,0,150,positive,0.132228801464,-0.104106071794,-0.0303987557729,132.228801464,-104.106071794,-30.3987557729,6.77066832882,6.77066832882,0.487244249415
1288,1,150,positive,0.133293351982,-0.104720690322,-0.030350740879,133.293351982,-104.720690322,-30.350740879,5.54143127238,5.54143127238,0.535259143296
1289,0,150,positive,0.131643416165,-0.103768099434,-0.0304367561688,131.643416165,-103.768099434,-30.4367561688,7.44661304839,7.44661304839,0.44924385345
1289,1,150,positive,0.131490744374,-0.103679954334,-0.030450530136,131.490744374,-103.679954334,-30.450530136,7.62290324793,7.62290324793,0.435469886292
1290,0,150,positive,0.131643416165,-0.103768099434,-0.0304367561688,131.643416165,-103.768099434,-30.4367561688,7.44661304839,7.44661304839,0.44924385345
1290,1,150,positive,0.132228801464,-0.104106071794,-0.0303987557729,132.228801464,-104.106071794,-30.3987557729,6.77066832882,6.77066832882,0.487244249415
1291,0,150,positive,0.130298862324,-0.102991820912,-0.0304466669515,130.298862324,-102.991820912,-30.4466669515,8.99917009281,8.99917009281,0.439333070803
1291,1,150,positive,0.131367739612,-0.103608937501,-0.030447803982,131.367739612,-103.608937501,-30.447803982,7.76493691318,7.76493691318,0.438196040267
1292,0,150,positive,0.131490744374,-0.103679954334,-0.030450530136,131.490744374,-103.679954334,-30.450530136,7.62290324793,7.62290324793,0.435469886292
1292,1,150,positive,0.131367739612,-0.103608937501,-0.030447803982,131.367739612,-103.608937501,-30.447803982,7.76493691318,7.76493691318,0.438196040267
1293,0,150,positive,0.134349402046,-0.10533040111,-0.0247846500718,134.349402046,-105.33040111,-24.7846500718,4.32200969496,4.32200969496,6.10134995054
1293,1,150,positive,0.133982735693,-0.105118706193,-0.0246103940255,133.982735693,-105.118706193,-24.6103940255,4.74539953069,4.74539953069,6.27560599676
1294,0,150,positive,0.133982735693,-0.105118706193,-0.0246103940255,133.982735693,-105.118706193,-24.6103940255,4.74539953069,4.74539953069,6.27560599676
1294,1,150,positive,0.133594383739,-0.104894491088,-0.0243933791036,133.594383739,-104.894491088,-24.3933791036,5.19382974078,5.19382974078,6.49262091873
1295,0,150,positive,0.13333785996,-0.104746387015,-0.0244492590539,133.33785996,-104.746387015,-24.4492590539,5.49003788636,5.49003788636,6.43674096839
1295,1,150,positive,0.13328419081,-0.104715401117,-0.0244361391268,133.28419081,-104.715401117,-24.4361391268,5.55200968259,5.55200968259,6.44986089554
1296,0,150,positive,0.133572358539,-0.104881774832,-0.0243956722026,133.572358539,-104.881774832,-24.3956722026,5.21926225117,5.21926225117,6.49032781965
1296,1,150,positive,0.13333785996,-0.104746387015,-0.0244492590539,133.33785996,-104.746387015,-24.4492590539,5.49003788636,5.49003788636,6.43674096839
1297,0,150,positive,0.133593152135,-0.104893780021,-0.0243930783815,133.593152135,-104.893780021,-24.3930783815,5.19525187465,5.19525187465,6.4929216408
1297,1,150,positive,0.133594383739,-0.104894491088,-0.0243933791036,133.594383739,-104.894491088,-24.3933791036,5.19382974078,5.19382974078,6.49262091873
1298,0,150,positive,0.133572358539,-0.104881774832,-0.0243956722026,133.572358539,-104.881774832,-24.3956722026,5.21926225117,5.21926225117,6.49032781965
1298,1,150,positive,0.133593152135,-0.104893780021,-0.0243930783815,133.593152135,-104.893780021,-24.3930783815,5.19525187465,5.19525187465,6.4929216408
1299,0,150,positive,0.13328419081,-0.104715401117,-0.0244361391268,133.28419081,-104.715401117,-24.4361391268,5.55200968259,5.55200968259,6.44986089554
1299,1,150,positive,0.133262330352,-0.104702779976,-0.0244419580838,133.262330352,-104.702779976,-24.4419580838,5.57725196484,5.57725196484,6.44404193845
1300,0,150,positive,0.133048712196,-0.104579447475,-0.0245267779407,133.048712196,-104.579447475,-24.5267779407,5.82391696511,5.82391696511,6.35922208156
1300,1,150,positive,0.133262330352,-0.104702779976,-0.0244419580838,133.262330352,-104.702779976,-24.4419580838,5.57725196484,5.57725196484,6.44404193845
1301,0,150,positive,0.13258276234,-0.104310431201,-0.0245292108151,132.58276234,-104.310431201,-24.5292108151,6.36194951467,6.36194951467,6.35678920718
1301,1,150,positive,0.133048712196,-0.104579447475,-0.0245267779407,133.048712196,-104.579447475,-24.5267779407,5.82391696511,5.82391696511,6.35922208156
1302,0,150,positive,0.13258276234,-0.104310431201,-0.0245292108151,132.58276234,-104.310431201,-24.5292108151,6.36194951467,6.36194951467,6.35678920718
1302,1,150,positive,0.132409354701,-0.104210314254,-0.0245359629316,132.409354701,-104.210314254,-24.5359629316,6.56218340842,6.56218340842,6.35003709068
1303,0,150,positive,0.132409354701,-0.104210314254,-0.0245359629316,132.409354701,-104.210314254,-24.5359629316,6.56218340842,6.56218340842,6.35003709068
1303,1,150,positive,0.132331483169,-0.104165355104,-0.0245455592518,132.331483169,-104.165355104,-24.5455592518,6.65210170891,6.65210170891,6.34044077054
1304,0,150,positive,0.131905551259,-0.103919443201,-0.0246422556655,131.905551259,-103.919443201,-24.6422556655,7.14392551409,7.14392551409,6.24374435677
1304,1,150,positive,0.132331483169,-0.104165355104,-0.0245455592518,132.331483169,-104.165355104,-24.5455592518,6.65210170891,6.65210170891,6.34044077054
1305,0,150,positive,0.131615673108,-0.103752081972,-0.0246532894996,131.615673108,-103.752081972,-24.6532894996,7.47864797175,7.47864797175,6.23271052272
1305,1,150,positive,0.131905551259,-0.103919443201,-0.0246422556655,131.905551259,-103.919443201,-24.6422556655,7.14392551409,7.14392551409,6.24374435677
1306,0,150,positive,0.131615673108,-0.103752081972,-0.0246532894996,131.615673108,-103.752081972,-24.6532894996,7.47864797175,7.47864797175,6.23271052272
1306,1,150,positive,0.131401113526,-0.10362820594,-0.0246434056386,131.401113526,-103.62820594,-24.6434056386,7.72640003656,7.72640003656,6.24259438371
1307,0,150,positive,0.131401113526,-0.10362820594,-0.0246434056386,131.401113526,-103.62820594,-24.6434056386,7.72640003656,7.72640003656,6.24259438371
1307,1,150,positive,0.13119914569,-0.103511599755,-0.0246257450375,131.19914569,-103.511599755,-24.6257450375,7.95961240524,7.95961240524,6.26025498475
1308,0,150,positive,0.131059913051,-0.103431213754,-0.0246093525553,131.059913051,-103.431213754,-24.6093525553,8.12038440828,8.12038440828,6.27664746696
1308,1,150,positive,0.13119914569,-0.103511599755,-0.0246257450375,131.19914569,-103.511599755,-24.6257450375,7.95961240524,7.95961240524,6.26025498475
1309,0,150,positive,0.130923104314,-0.103352227193,-0.0246138667598,130.923104314,-103.352227193,-24.6138667598,8.27835753023,8.27835753023,6.27213326247
1309,1,150,positive,0.131059913051,-0.103431213754,-0.0246093525553,131.059913051,-103.431213754,-24.6093525553,8.12038440828,8.12038440828,6.27664746696
1310,0,150,positive,0.13069246466,-0.103219067326,-0.0246550426389,130.69246466,-103.219067326,-24.6550426389,8.54467726349,8.54467726349,6.23095738336
1310,1,150,positive,0.130314603903,-0.103000909317,-0.0247347171176,130.314603903,-103.000909317,-24.7347171176,8.98099328249,8.98099328249,6.15128290473
1311,0,150,positive,0.130314603903,-0.103000909317,-0.0247347171176,130.314603903,-103.000909317,-24.7347171176,8.98099328249,8.98099328249,6.15128290473
1311,1,150,positive,0.130226959917,-0.102950308037,-0.0247662700938,130.226959917,-102.950308037,-24.7662700938,9.08219584108,9.08219584108,6.11972992847
1312,0,150,positive,0.13069246466,-0.103219067326,-0.0246550426389,130.69246466,-103.219067326,-24.6550426389,8.54467726349,8.54467726349,6.23095738336
1312,1,150,positive,0.130923104314,-0.103352227193,-0.0246138667598,130.923104314,-103.352227193,-24.6138667598,8.27835753023,8.27835753023,6.27213326247
1313,0,150,positive,0.130226959917,-0.102950308037,-0.0247662700938,130.226959917,-102.950308037,-24.7662700938,9.08219584108,9.08219584108,6.11972992847
1313,1,150,positive,0.129726854497,-0.102661572039,-0.0248360241796,129.726854497,-102.661572039,-24.8360241796,9.65966783888,9.65966783888,6.04997584268
1314,0,150,positive,0.129726854497,-0.102661572039,-0.0248360241796,129.726854497,-102.661572039,-24.8360241796,9.65966783888,9.65966783888,6.04997584268
1314,1,150,positive,0.129315883102,-0.102424297593,-0.024917744948,129.315883102,-102.424297593,-24.917744948,10.1342167298,10.1342167298,5.96825507434
1315,0,150,positive,0.125947666993,-0.100479657116,-0.0306600458938,125.947666993,-100.479657116,-30.6600458938,14.0234976836,14.0234976836,0.225954128522
1315,1,150,positive,0.126019508826,-0.100521135018,-0.0306509281237,126.019508826,-100.521135018,-30.6509281237,13.9405418805,13.9405418805,0.235071898597
1316,0,150,positive,0.125858048979,-0.100427916131,-0.0306662006125,125.858048979,-100.427916131,-30.6662006125,14.1269796532,14.1269796532,0.219799409782
1316,1,150,positive,0.125947666993,-0.100479657116,-0.0306600458938,125.947666993,-100.479657116,-30.6600458938,14.0234976836,14.0234976836,0.225954128522
1317,0,150,positive,0.137920666596,-0.10739227166,-0.0303791969859,137.920666596,-107.39227166,-30.3791969859,0.19826859613,0.19826859613,0.506803036408
1317,1,150,positive,0.138092372237,-0.107491405958,-0.0303865153224,138.092372237,-107.491405958,-30.3865153224,0,0,0.499484699907
1318,0,150,positive,0.137920666596,-0.10739227166,-0.0303791969859,137.920666596,-107.39227166,-30.3791969859,0.19826859613,0.19826859613,0.506803036408
1318,1,150,positive,0.137017625411,-0.106870900589,-0.0303194573511,137.017625411,-106.870900589,-30.3194573511,1.2410107385,1.2410107385,0.566542671204
1319,0,150,positive,0.137017625411,-0.106870900589,-0.0303194573511,137.017625411,-106.870900589,-30.3194573511,1.2410107385,1.2410107385,0.566542671204
1319,1,150,positive,0.136693756933,-0.106683915036,-0.0303090705099,136.693756933,-106.683915036,-30.3090705099,1.61498184433,1.61498184433,0.576929512368
1320,0,150,positive,0.135893430457,-0.106221846329,-0.0301973083537,135.893430457,-106.221846329,-30.1973083537,2.53911925737,2.53911925737,0.688691668641
1320,1,150,positive,0.136693756933,-0.106683915036,-0.0303090705099,136.693756933,-106.683915036,-30.3090705099,1.61498184433,1.61498184433,0.576929512368
1321,0,150,positive,0.135893430457,-0.106221846329,-0.0301973083537,135.893430457,-106.221846329,-30.1973083537,2.53911925737,2.53911925737,0.688691668641
1321,1,150,positive,0.135862837785,-0.106204183642,-0.0301958486813,135.862837785,-106.204183642,-30.1958486813,2.57444463174,2.57444463174,0.690151341024
1322,0,150,positive,0.135139420699,-0.105786518593,-0.030288631956,135.139420699,-105.786518593,-30.288631956,3.40977473093,3.40977473093,0.597368066245
1322,1,150,positive,0.135862837785,-0.106204183642,-0.0301958486813,135.862837785,-106.204183642,-30.1958486813,2.57444463174,2.57444463174,0.690151341024
1323,0,150,positive,0.135139420699,-0.105786518593,-0.030288631956,135.139420699,-105.786518593,-30.288631956,3.40977473093,3.40977473093,0.597368066245
1323,1,150,positive,0.134945198522,-0.105674384366,-0.0302989259767,134.945198522,-105.674384366,-30.2989259767,3.63404318346,3.63404318346,0.587074045557
1324,0,150,positive,0.138092372237,-0.107491405958,-0.0246964624861,138.092372237,-107.491405958,-24.6964624861,0,0,6.18953753617
1324,1,150,positive,0.138075064772,-0.107481413488,-0.0246955057346,138.075064772,-107.481413488,-24.6955057346,0.019984939175,0.019984939175,6.19049428773
1325,0,150,positive,0.138075064772,-0.107481413488,-0.0246955057346,138.075064772,-107.481413488,-24.6955057346,0.019984939175,0.019984939175,6.19049428773
1325,1,150,positive,0.138045747145,-0.107464486948,-0.0246974254342,138.045747145,-107.464486948,-24.6974254342,0.0538380192683,0.0538380192683,6.18857458814
1326,0,150,positive,0.138045747145,-0.107464486948,-0.0246974254342,138.045747145,-107.464486948,-24.6974254342,0.0538380192683,0.0538380192683,6.18857458814
1326,1,150,positive,0.137985603569,-0.107429763039,-0.0247034625404,137.985603569,-107.429763039,-24.7034625404,0.123285838895,0.123285838895,6.18253748188
1327,0,150,positive,0.137985603569,-0.107429763039,-0.0247034625404,137.985603569,-107.429763039,-24.7034625404,0.123285838895,0.123285838895,6.18253748188
1327,1,150,positive,0.137819122931,-0.107333645398,-0.0247315204536,137.819122931,-107.333645398,-24.7315204536,0.315521120746,0.315521120746,6.15447956866
1328,0,150,positive,0.13743029545,-0.107109155746,-0.0247800670639,137.43029545,-107.109155746,-24.7800670639,0.764500423019,0.764500423019,6.10593295843
1328,1,150,positive,0.137819122931,-0.107333645398,-0.0247315204536,137.819122931,-107.333645398,-24.7315204536,0.315521120746,0.315521120746,6.15447956866
1329,0,150,positive,0.137264805676,-0.107013610181,-0.0248035968766,137.264805676,-107.013610181,-24.8035968766,0.95559155337,0.95559155337,6.08240314571
1329,1,150,positive,0.13743029545,-0.107109155746,-0.0247800670639,137.43029545,-107.109155746,-24.7800670639,0.764500423019,0.764500423019,6.10593295843
1330,0,150,positive,0.137264805676,-0.107013610181,-0.0248035968766,137.264805676,-107.013610181,-24.8035968766,0.95559155337,0.95559155337,6.08240314571
1330,1,150,positive,0.136659855362,-0.106664341954,-0.0247539642154,136.659855362,-106.664341954,-24.7539642154,1.65412800761,1.65412800761,6.1320358069
1331,0,150,positive,0.136509854624,-0.106577738988,-0.0247379583513,136.509854624,-106.577738988,-24.7379583513,1.82733393991,1.82733393991,6.14804167095
1331,1,150,positive,0.136659855362,-0.106664341954,-0.0247539642154,136.659855362,-106.664341954,-24.7539642154,1.65412800761,1.65412800761,6.1320358069
1332,0,150,positive,0.136509854624,-0.106577738988,-0.0247379583513,136.509854624,-106.577738988,-24.7379583513,1.82733393991,1.82733393991,6.14804167095
1332,1,150,positive,0.135847892454,-0.106195554951,-0.0247548325385,135.847892454,-106.195554951,-24.7548325385,2.59170201363,2.59170201363,6.1311674838
1333,0,150,positive,0.135315501791,-0.105888179058,-0.0246931311445,135.315501791,-105.888179058,-24.6931311445,3.20645379939,3.20645379939,6.19286887776
1333,1,150,positive,0.135274537442,-0.105864528281,-0.0246905044539,135.274537442,-105.864528281,-24.6905044539,3.25375535465,3.25375535465,6.19549556839
1334,0,150,positive,0.135274537442,-0.105864528281,-0.0246905044539,135.274537442,-105.864528281,-24.6905044539,3.25375535465,3.25375535465,6.19549556839
1334,1,150,positive,0.135238261461,-0.105843584333,-0.0247078075207,135.238261461,-105.843584333,-24.7078075207,3.29564324932,3.29564324932,6.17819250163
1335,0,150,positive,0.135315501791,-0.105888179058,-0.0246931311445,135.315501791,-105.888179058,-24.6931311445,3.20645379939,3.20645379939,6.19286887776
1335,1,150,positive,0.135587393519,-0.106045155821,-0.0246865626807,135.587393519,-106.045155821,-24.6865626807,2.8925002741,2.8925002741,6.19943734156
1336,0,150,positive,0.135714828548,-0.106118730469,-0.0247428988915,135.714828548,-106.118730469,-24.7428988915,2.74535097756,2.74535097756,6.14310113082
1336,1,150,positive,0.135847892454,-0.106195554951,-0.0247548325385,135.847892454,-106.195554951,-24.7548325385,2.59170201363,2.59170201363,6.1311674838
1337,0,150,positive,0.135587393519,-0.106045155821,-0.0246865626807,135.587393519,-106.045155821,-24.6865626807,2.8925002741,2.8925002741,6.19943734156
1337,1,150,positive,0.135714828548,-0.106118730469,-0.0247428988915,135.714828548,-106.118730469,-24.7428988915,2.74535097756,2.74535097756,6.14310113082
1338,0,150,positive,0.134996907701,-0.105704238675,-0.0248119257702,134.996907701,-105.704238675,-24.8119257702,3.57433456625,3.57433456625,6.07407425209
1338,1,150,positive,0.135238261461,-0.105843584333,-0.0247078075207,135.238261461,-105.843584333,-24.7078075207,3.29564324932,3.29564324932,6.17819250163
1339,0,150,positive,0.134996907701,-0.105704238675,-0.0248119257702,134.996907701,-105.704238675,-24.8119257702,3.57433456625,3.57433456625,6.07407425209
1339,1,150,positive,0.134392814564,-0.105355465339,-0.02478980731,134.392814564,-105.355465339,-24.78980731,4.27188123712,4.27188123712,6.09619271228
1340,0,150,positive,0.134349402046,-0.10533040111,-0.0247846500718,134.349402046,-105.33040111,-24.7846500718,4.32200969496,4.32200969496,6.10134995054
1340,1,150,positive,0.134392814564,-0.105355465339,-0.02478980731,134.392814564,-105.355465339,-24.78980731,4.27188123712,4.27188123712,6.09619271228
1341,0,150,positive,0.0986282982796,-0.0847068122352,-0.0154623435374,98.6282982796,-84.7068122352,-15.4623435374,45.5691874455,45.5691874455,15.4236564849
1341,1,150,positive,0.0987368028474,-0.0847694573766,-0.015641983884,98.7368028474,-84.7694573766,-15.641983884,45.4438971627,45.4438971627,15.2440161383
1342,0,150,positive,0.0987368028474,-0.0847694573766,-0.015641983884,98.7368028474,-84.7694573766,-15.641983884,45.4438971627,45.4438971627,15.2440161383
1342,1,150,positive,0.09898354595,-0.0849119145734,-0.0161310740803,98.98354595,-84.9119145734,-16.1310740803,45.1589827692,45.1589827692,14.754925942
1343,0,150,positive,0.096809233527,-0.0836565747107,-0.0119819978239,96.809233527,-83.6565747107,-11.9819978239,47.6696624946,47.6696624946,18.9040021984
1343,1,150,positive,0.0968916871077,-0.0837041793077,-0.0121398211388,96.8916871077,-83.7041793077,-12.1398211388,47.5744533006,47.5744533006,18.7461788835
1344,0,150,positive,0.0986282982796,-0.0847068122352,-0.0154623435374,98.6282982796,-84.7068122352,-15.4623435374,45.5691874455,45.5691874455,15.4236564849
1344,1,150,positive,0.0981479926364,-0.0844295076429,-0.0145333121366,98.1479926364,-84.4295076429,-14.5333121366,46.1237966302,46.1237966302,16.3526878857
1345,0,150,positive,0.0975850057065,-0.0841044669873,-0.013481033426,97.5850057065,-84.1044669873,-13.481033426,46.7738779414,46.7738779414,17.4049665963
1345,1,150,positive,0.0981479926364,-0.0844295076429,-0.0145333121366,98.1479926364,-84.4295076429,-14.5333121366,46.1237966302,46.1237966302,16.3526878857
1346,0,150,positive,0.0975850057065,-0.0841044669873,-0.013481033426,97.5850057065,-84.1044669873,-13.481033426,46.7738779414,46.7738779414,17.4049665963
1346,1,150,positive,0.0973777583759,-0.0839848126852,-0.013063313779,97.3777583759,-83.9848126852,-13.063313779,47.0131865456,47.0131865456,17.8226862433
1347,0,150,positive,0.0973777583759,-0.0839848126852,-0.013063313779,97.3777583759,-83.9848126852,-13.063313779,47.0131865456,47.0131865456,17.8226862433
1347,1,150,positive,0.0972658560892,-0.0839202058698,-0.0128799771188,97.2658560892,-83.9202058698,-12.8799771188,47.1424001763,47.1424001763,18.0060229035
1348,0,150,positive,0.0972658560892,-0.0839202058698,-0.0128799771188,97.2658560892,-83.9202058698,-12.8799771188,47.1424001763,47.1424001763,18.0060229035
1348,1,150,positive,0.0968916871077,-0.0837041793077,-0.0121398211388,96.8916871077,-83.7041793077,-12.1398211388,47.5744533006,47.5744533006,18.7461788835
1349,0,150,positive,0.0966860616664,-0.0835854614038,-0.0117758054339,96.6860616664,-83.5854614038,-11.7758054339,47.8118891085,47.8118891085,19.1101945884
1349,1,150,positive,0.0961724951344,-0.0832889536283,-0.0108901231715,96.1724951344,-83.2889536283,-10.8901231715,48.4049046594,48.4049046594,19.9958768508
1350,0,150,positive,0.0966860616664,-0.0835854614038,-0.0117758054339,96.6860616664,-83.5854614038,-11.7758054339,47.8118891085,47.8118891085,19.1101945884
1350,1,150,positive,0.096809233527,-0.0836565747107,-0.0119819978239,96.809233527,-83.6565747107,-11.9819978239,47.6696624946,47.6696624946,18.9040021984
1351,0,150,positive,0.0958253812671,-0.0830885473435,-0.0102573153674,95.8253812671,-83.0885473435,-10.2573153674,48.8057172289,48.8057172289,20.6286846549
1351,1,150,positive,0.0961724951344,-0.0832889536283,-0.0108901231715,96.1724951344,-83.2889536283,-10.8901231715,48.4049046594,48.4049046594,19.9958768508
1352,0,150,positive,0.0958253812671,-0.0830885473435,-0.0102573153674,95.8253812671,-83.0885473435,-10.2573153674,48.8057172289,48.8057172289,20.6286846549
1352,1,150,positive,0.0953942068117,-0.0828396086557,-0.00951583585199,95.3942068117,-82.8396086557,-9.51583585199,49.3035946046,49.3035946046,21.3701641703
1353,0,150,positive,0.0978780202918,-0.084273639037,-0.00584214528553,97.8780202918,-84.273639037,-5.84214528553,46.4355338419,46.4355338419,25.0438547368
1353,1,150,positive,0.0977268066372,-0.0841863357928,-0.00571235304983,97.7268066372,-84.1863357928,-5.71235304983,46.6101403304,46.6101403304,25.1736469725
1354,0,150,positive,0.0976387811468,-0.0841355142523,-0.00564741902224,97.6387811468,-84.1355142523,-5.64741902224,46.7117834114,46.7117834114,25.2385810001
1354,1,150,positive,0.0977268066372,-0.0841863357928,-0.00571235304983,97.7268066372,-84.1863357928,-5.71235304983,46.6101403304,46.6101403304,25.1736469725
1355,0,150,positive,0.0976387811468,-0.0841355142523,-0.00564741902224,97.6387811468,-84.1355142523,-5.64741902224,46.7117834114,46.7117834114,25.2385810001
1355,1,150,positive,0.0975613873515,-0.0840908309237,-0.0055129999422,97.5613873515,-84.0908309237,-5.5129999422,46.8011500685,46.8011500685,25.3730000801
1356,0,150,positive,0.0974437110037,-0.0840228904526,-0.00522972346286,97.4437110037,-84.0228904526,-5.22972346286,46.9370310107,46.9370310107,25.6562765594
1356,1,150,positive,0.0975613873515,-0.0840908309237,-0.0055129999422,97.5613873515,-84.0908309237,-5.5129999422,46.8011500685,46.8011500685,25.3730000801
1357,0,150,positive,0.0951226893031,-0.082682847949,-0.00896552756771,95.1226893031,-82.682847949,-8.96552756771,49.617116018,49.617116018,21.9204724546
1357,1,150,positive,0.0953942068117,-0.0828396086557,-0.00951583585199,95.3942068117,-82.8396086557,-9.51583585199,49.3035946046,49.3035946046,21.3701641703
1358,0,150,positive,0.0951226893031,-0.082682847949,-0.00896552756771,95.1226893031,-82.682847949,-8.96552756771,49.617116018,49.617116018,21.9204724546
1358,1,150,positive,0.094952516408,-0.0825845985822,-0.00857269281416,94.952516408,-82.5845985822,-8.57269281416,49.8136147515,49.8136147515,22.3133072081
1359,0,150,positive,0.0946988477508,-0.0824381429147,-0.00776755312206,94.6988477508,-82.4381429147,-7.76755312206,50.1065260866,50.1065260866,23.1184469002
1359,1,150,positive,0.0946677706062,-0.0824202005168,-0.00764760975155,94.6677706062,-82.4202005168,-7.64760975155,50.1424108823,50.1424108823,23.2383902707
1360,0,150,positive,0.0946677706062,-0.0824202005168,-0.00764760975155,94.6677706062,-82.4202005168,-7.64760975155,50.1424108823,50.1424108823,23.2383902707
1360,1,150,positive,0.0945304926182,-0.0823409430335,-0.0074552661777,94.5304926182,-82.3409430335,-7.4552661777,50.3009258489,50.3009258489,23.4307338446
1361,0,150,positive,0.0942936866853,-0.0822042230644,-0.00706132249417,94.2936866853,-82.2042230644,-7.06132249417,50.5743657871,50.5743657871,23.8246775281
1361,1,150,positive,0.0937562000073,-0.0818939049862,-0.00630604561889,93.7562000073,-81.8939049862,-6.30604561889,51.1950019435,51.1950019435,24.5799544034
1362,0,150,positive,0.0937145870042,-0.0818698797076,-0.00624169643727,93.7145870042,-81.8698797076,-6.24169643727,51.2430525007,51.2430525007,24.644303585
1362,1,150,positive,0.0937562000073,-0.0818939049862,-0.00630604561889,93.7562000073,-81.8939049862,-6.30604561889,51.1950019435,51.1950019435,24.5799544034
1363,0,150,positive,0.093516877452,-0.0817557320445,-0.00571004958911,93.516877452,-81.7557320445,-5.71004958911,51.471347827,51.471347827,25.1759504332
1363,1,150,positive,0.0937145870042,-0.0818698797076,-0.00624169643727,93.7145870042,-81.8698797076,-6.24169643727,51.2430525007,51.2430525007,24.644303585
1364,0,150,positive,0.093516877452,-0.0817557320445,-0.00571004958911,93.516877452,-81.7557320445,-5.71004958911,51.471347827,51.471347827,25.1759504332
1364,1,150,positive,0.0933164592527,-0.0816400205432,-0.00517430937166,93.3164592527,-81.6400205432,-5.17430937166,51.7027708296,51.7027708296,25.7116906506
1365,0,150,positive,0.0973699608203,-0.0839803107644,-0.00496446016047,97.3699608203,-83.9803107644,-4.96446016047,47.0221903872,47.0221903872,25.9215398618
1365,1,150,positive,0.0974437110037,-0.0840228904526,-0.00522972346286,97.4437110037,-84.0228904526,-5.22972346286,46.9370310107,46.9370310107,25.6562765594
1366,0,150,positive,0.0973699608203,-0.0839803107644,-0.00496446016047,97.3699608203,-83.9803107644,-4.96446016047,47.0221903872,47.0221903872,25.9215398618
1366,1,150,positive,0.0971694976342,-0.0838645732899,-0.00448891522499,97.1694976342,-83.8645732899,-4.48891522499,47.2536653361,47.2536653361,26.3970847973
1367,0,150,positive,0.097007391959,-0.0837709815347,-0.00413175668717,97.007391959,-83.7709815347,-4.13175668717,47.4408488466,47.4408488466,26.7542433351
1367,1,150,positive,0.0971694976342,-0.0838645732899,-0.00448891522499,97.1694976342,-83.8645732899,-4.48891522499,47.2536653361,47.2536653361,26.3970847973
1368,0,150,positive,0.0967991639643,-0.0836507610459,-0.00369689006049,96.7991639643,-83.6507610459,-3.69689006049,47.6812898241,47.6812898241,27.1891099618
1368,1,150,positive,0.097007391959,-0.0837709815347,-0.00413175668717,97.007391959,-83.7709815347,-4.13175668717,47.4408488466,47.4408488466,26.7542433351
1369,0,150,positive,0.0967991639643,-0.0836507610459,-0.00369689006049,96.7991639643,-83.6507610459,-3.69689006049,47.6812898241,47.6812898241,27.1891099618
1369,1,150,positive,0.0965446710694,-0.0835038295045,-0.00297861072123,96.5446710694,-83.5038295045,-2.97861072123,47.9751529069,47.9751529069,27.9073893011
1370,0,150,positive,0.0965433607585,-0.0835030729962,-0.00297517585375,96.5433607585,-83.5030729962,-2.97517585375,47.9766659236,47.9766659236,27.9108241685
1370,1,150,positive,0.0965446710694,-0.0835038295045,-0.00297861072123,96.5446710694,-83.5038295045,-2.97861072123,47.9751529069,47.9751529069,27.9073893011
1371,0,150,positive,0.096541371018,-0.083501924219,-0.00297033847236,96.541371018,-83.501924219,-2.97033847236,47.978963478,47.978963478,27.9156615499
1371,1,150,positive,0.0962826289164,-0.083352539397,-0.00227939886843,96.2826289164,-83.352539397,-2.27939886843,48.277733122,48.277733122,28.6066011539
1372,0,150,positive,0.096542920117,-0.0835028185917,-0.0029744635309,96.542920117,-83.5028185917,-2.9744635309,47.9771747326,47.9771747326,27.9115364914
1372,1,150,positive,0.0965433607585,-0.0835030729962,-0.00297517585375,96.5433607585,-83.5030729962,-2.97517585375,47.9766659236,47.9766659236,27.9108241685
1373,0,150,positive,0.096541371018,-0.083501924219,-0.00297033847236,96.541371018,-83.501924219,-2.97033847236,47.978963478,47.978963478,27.9156615499
1373,1,150,positive,0.096542920117,-0.0835028185917,-0.0029744635309,96.542920117,-83.5028185917,-2.9744635309,47.9771747326,47.9771747326,27.9115364914
1374,0,150,positive,0.0960680764892,-0.0832286674954,-0.00190513489483,96.0680764892,-83.2286674954,-1.90513489483,48.5254769252,48.5254769252,28.9808651275
1374,1,150,positive,0.0961553725153,-0.0832790678796,-0.00204093926609,96.1553725153,-83.2790678796,-2.04093926609,48.4246761569,48.4246761569,28.8450607562
1375,0,150,positive,0.0959289982837,-0.083148370656,-0.00152865938985,95.9289982837,-83.148370656,-1.52865938985,48.686070604,48.686070604,29.3573406324
1375,1,150,positive,0.0955789780644,-0.0829462863882,-0.000921750970354,95.5789780644,-82.9462863882,-0.921750970354,49.0902391396,49.0902391396,29.9642490519
1376,0,150,positive,0.0959289982837,-0.083148370656,-0.00152865938985,95.9289982837,-83.148370656,-1.52865938985,48.686070604,48.686070604,29.3573406324
1376,1,150,positive,0.0960680764892,-0.0832286674954,-0.00190513489483,96.0680764892,-83.2286674954,-1.90513489483,48.5254769252,48.5254769252,28.9808651275
1377,0,150,positive,0.0955402187161,-0.082923908668,-0.000856786718675,95.5402187161,-82.923908668,-0.856786718675,49.13499458,49.13499458,30.0292133036
1377,1,150,positive,0.0955789780644,-0.0829462863882,-0.000921750970354,95.5789780644,-82.9462863882,-0.921750970354,49.0902391396,49.0902391396,29.9642490519
1378,0,150,positive,0.0946863349701,-0.0824309186574,0.000555139833095,94.6863349701,-82.4309186574,0.555139833095,50.1209746012,50.1209746012,31.4411398554
1378,1,150,positive,0.0947271192643,-0.0824544654806,0.000447225443101,94.7271192643,-82.4544654806,0.447225443101,50.0738809548,50.0738809548,31.3332254654
1379,0,150,positive,0.0947271192643,-0.0824544654806,0.000447225443101,94.7271192643,-82.4544654806,0.447225443101,50.0738809548,50.0738809548,31.3332254654
1379,1,150,positive,0.0949345615193,-0.0825742323224,0.000151066067556,94.9345615193,-82.5742323224,0.151066067556,49.8343472712,49.8343472712,31.0370660898
1380,0,150,positive,0.0946863349701,-0.0824309186574,0.000555139833095,94.6863349701,-82.4309186574,0.555139833095,50.1209746012,50.1209746012,31.4411398554
1380,1,150,positive,0.0945567242811,-0.0823560878912,0.000826335607861,94.5567242811,-82.3560878912,0.826335607861,50.2706361336,50.2706361336,31.7123356302
1381,0,150,positive,0.0944308578323,-0.0822834188631,0.00104099437027,94.4308578323,-82.2834188631,1.04099437027,50.4159741898,50.4159741898,31.9269943926
1381,1,150,positive,0.0945567242811,-0.0823560878912,0.000826335607861,94.5567242811,-82.3560878912,0.826335607861,50.2706361336,50.2706361336,31.7123356302
1382,0,150,positive,0.0695412248275,-0.0679133825477,0.0570335069074,69.5412248275,-67.9133825477,57.0335069074,79.1560468205,79.1560468205,87.9195069297
1382,1,150,positive,0.0696373419608,-0.0679688758005,0.0569330141785,69.6373419608,-67.9688758005,56.9330141785,79.0450603149,79.0450603149,87.8190142008
1383,0,150,positive,0.0693757691811,-0.0678178566857,0.0573600937541,69.3757691811,-67.8178566857,57.3600937541,79.3470985445,79.3470985445,88.2460937764
1383,1,150,positive,0.0692434193397,-0.0677414444692,0.057625182261,69.2434193397,-67.7414444692,57.625182261,79.4999229776,79.4999229776,88.5111822832
1384,0,150,positive,0.0693757691811,-0.0678178566857,0.0573600937541,69.3757691811,-67.8178566857,57.3600937541,79.3470985445,79.3470985445,88.2460937764
1384,1,150,positive,0.0695412248275,-0.0679133825477,0.0570335069074,69.5412248275,-67.9133825477,57.0335069074,79.1560468205,79.1560468205,87.9195069297
1385,0,150,positive,0.0672701410543,-0.0666021717199,0.054964741722,67.2701410543,-66.6021717199,54.964741722,81.7784684762,81.7784684762,85.8507417443
1385,1,150,positive,0.0676311745539,-0.0668106145081,0.053989898398,67.6311745539,-66.8106145081,53.989898398,81.3615828998,81.3615828998,84.8758984203
1386,0,150,positive,0.0672701410543,-0.0666021717199,0.054964741722,67.2701410543,-66.6021717199,54.964741722,81.7784684762,81.7784684762,85.8507417443
1386,1,150,positive,0.0672057497767,-0.0665649953985,0.0551569120065,67.2057497767,-66.5649953985,55.1569120065,81.8528211191,81.8528211191,86.0429120288
1387,0,150,positive,0.0672057497767,-0.0665649953985,0.0551569120065,67.2057497767,-66.5649953985,55.1569120065,81.8528211191,81.8528211191,86.0429120288
1387,1,150,positive,0.0671507117975,-0.0665332192063,0.0553073797829,67.1507117975,-66.5332192063,55.3073797829,81.9163735033,81.9163735033,86.1933798052
1388,0,150,positive,0.0692877829407,-0.0677670578061,0.0578072954417,69.2877829407,-67.7670578061,57.8072954417,79.4486963037,79.4486963037,88.693295464
1388,1,150,positive,0.0692434193397,-0.0677414444692,0.057625182261,69.2434193397,-67.7414444692,57.625182261,79.4999229776,79.4999229776,88.5111822832
1389,0,150,positive,0.0692877829407,-0.0677670578061,0.0578072954417,69.2877829407,-67.7670578061,57.8072954417,79.4486963037,79.4486963037,88.693295464
1389,1,150,positive,0.0691992170633,-0.067715924273,0.058243681759,69.1992170633,-67.715924273,58.243681759,79.5509633699,79.5509633699,89.1296817813
1390,0,150,positive,0.0663171837671,-0.0660519815736,0.0576865000108,66.3171837671,-66.0519815736,57.6865000108,82.8788487687,82.8788487687,88.5725000331
1390,1,150,positive,0.0671507117975,-0.0665332192063,0.0553073797829,67.1507117975,-66.5332192063,55.3073797829,81.9163735033,81.9163735033,86.1933798052
1391,0,150,positive,0.0663171837671,-0.0660519815736,0.0576865000108,66.3171837671,-66.0519815736,57.6865000108,82.8788487687,82.8788487687,88.5725000331
1391,1,150,positive,0.0661851891432,-0.065975774442,0.0580407088207,66.1851891432,-65.975774442,58.0407088207,83.031263032,83.031263032,88.926708843
1392,0,150,positive,0.0543234457083,-0.0591273936768,0.117783429294,54.3234457083,-59.1273936768,117.783429294,96.7280245624,96.7280245624,148.669429316
1392,1,150,positive,0.0542239426797,-0.0590699455764,0.11847868061,54.2239426797,-59.0699455764,118.47868061,96.8429207631,96.8429207631,149.364680632
1393,0,150,positive,0.054197551472,-0.0590547086056,0.118735982535,54.197551472,-59.0547086056,118.735982535,96.8733947048,96.8733947048,149.621982557
1393,1,150,positive,0.0542239426797,-0.0590699455764,0.11847868061,54.2239426797,-59.0699455764,118.47868061,96.8429207631,96.8429207631,149.364680632
1394,0,150,positive,0.0541406989831,-0.0590218848058,0.119023798123,54.1406989831,-59.0218848058,119.023798123,96.9390423043,96.9390423043,149.909798146
1394,1,150,positive,0.054197551472,-0.0590547086056,0.118735982535,54.197551472,-59.0547086056,118.735982535,96.8733947048,96.8733947048,149.621982557
1395,0,150,positive,0.0541406989831,-0.0590218848058,0.119023798123,54.1406989831,-59.0218848058,119.023798123,96.9390423043,96.9390423043,149.909798146
1395,1,150,positive,0.054000691981,-0.0589410517255,0.119684185975,54.000691981,-58.9410517255,119.684185975,97.100708465,97.100708465,150.570185998
1396,0,150,positive,0.050214746341,-0.0567552349911,0.117592355082,50.214746341,-56.7552349911,117.592355082,101.472341934,101.472341934,148.478355105
1396,1,150,positive,0.0504415078637,-0.0568861558172,0.116844559704,50.4415078637,-56.8861558172,116.844559704,101.210500282,101.210500282,147.730559726
1397,0,150,positive,0.0505563867896,-0.056952481196,0.116343389657,50.5563867896,-56.952481196,116.343389657,101.077849524,101.077849524,147.229389679
1397,1,150,positive,0.0504415078637,-0.0568861558172,0.116844559704,50.4415078637,-56.8861558172,116.844559704,101.210500282,101.210500282,147.730559726
1398,0,150,positive,0.050214746341,-0.0567552349911,0.117592355082,50.214746341,-56.7552349911,117.592355082,101.472341934,101.472341934,148.478355105
1398,1,150,positive,0.0500757401435,-0.0566749797255,0.118364780387,50.0757401435,-56.6749797255,118.364780387,101.632852465,101.632852465,149.250780409
1399,0,150,positive,0.049912324459,-0.0565806316361,0.119252476751,49.912324459,-56.5806316361,119.252476751,101.821548644,101.821548644,150.138476773
1399,1,150,positive,0.0500757401435,-0.0566749797255,0.118364780387,50.0757401435,-56.6749797255,118.364780387,101.632852465,101.632852465,149.250780409
1400,0,150,positive,0.0691992170633,-0.067715924273,0.058243681759,69.1992170633,-67.715924273,58.243681759,79.5509633699,79.5509633699,89.1296817813
1400,1,150,positive,0.0689761854185,-0.0675871568928,0.0585533482919,68.9761854185,-67.5871568928,58.5533482919,79.8084981303,79.8084981303,89.4393483142
1401,0,150,positive,0.0688547008295,-0.0675170177327,0.0588451575582,68.8547008295,-67.5170177327,58.8451575582,79.9487764506,79.9487764506,89.7311575805
1401,1,150,positive,0.0689761854185,-0.0675871568928,0.0585533482919,68.9761854185,-67.5871568928,58.5533482919,79.8084981303,79.8084981303,89.4393483142
1402,0,150,positive,0.0687354759183,-0.0674481831981,0.0595831465547,68.7354759183,-67.4481831981,59.5831465547,80.0864455198,80.0864455198,90.469146577
1402,1,150,positive,0.0685451833093,-0.067338317709,0.0600740720304,68.5451833093,-67.338317709,60.0740720304,80.3061764979,80.3061764979,90.9600720527
1403,0,150,positive,0.0687354759183,-0.0674481831981,0.0595831465547,68.7354759183,-67.4481831981,59.5831465547,80.0864455198,80.0864455198,90.469146577
1403,1,150,positive,0.068763491325,-0.0674643579007,0.0591743150984,68.763491325,-67.4643579007,59.1743150984,80.0540961145,80.0540961145,90.0603151207
1404,0,150,positive,0.068763491325,-0.0674643579007,0.0591743150984,68.763491325,-67.4643579007,59.1743150984,80.0540961145,80.0540961145,90.0603151207
1404,1,150,positive,0.0688547008295,-0.0675170177327,0.0588451575582,68.8547008295,-67.5170177327,58.8451575582,79.9487764506,79.9487764506,89.7311575805
1405,0,150,positive,0.0656827929885,-0.0656857158868,0.0593127179455,65.6827929885,-65.6857158868,59.3127179455,83.6113801423,83.6113801423,90.1987179678
1405,1,150,positive,0.0661851891432,-0.065975774442,0.0580407088207,66.1851891432,-65.975774442,58.0407088207,83.031263032,83.031263032,88.926708843
1406,0,150,positive,0.0656827929885,-0.0656857158868,0.0593127179455,65.6827929885,-65.6857158868,59.3127179455,83.6113801423,83.6113801423,90.1987179678
1406,1,150,positive,0.0656216918845,-0.065650439148,0.0594905269676,65.6216918845,-65.650439148,59.4905269676,83.68193362,83.68193362,90.3765269898
1407,0,150,positive,0.0652176032394,-0.06541713846,0.0606173370692,65.2176032394,-65.41713846,60.6173370692,84.148534996,84.148534996,91.5033370915
1407,1,150,positive,0.0655264579878,-0.0655954558321,0.0597319905069,65.5264579878,-65.5954558321,59.7319905069,83.7919002517,83.7919002517,90.6179905292
1408,0,150,positive,0.0656216918845,-0.065650439148,0.0594905269676,65.6216918845,-65.650439148,59.4905269676,83.68193362,83.68193362,90.3765269898
1408,1,150,positive,0.0655264579878,-0.0655954558321,0.0597319905069,65.5264579878,-65.5954558321,59.7319905069,83.7919002517,83.7919002517,90.6179905292
1409,0,150,positive,0.0441213468661,-0.0532372091639,0.179141362614,44.1213468661,-53.2372091639,179.141362614,108.508393588,108.508393588,210.027362636
1409,1,150,positive,0.0440853992764,-0.0532164548133,0.178548966637,44.0853992764,-53.2164548133,178.548966637,108.549902289,108.549902289,209.434966659
1410,0,150,positive,0.0441213468661,-0.0532372091639,0.179141362614,44.1213468661,-53.2372091639,179.141362614,108.508393588,108.508393588,210.027362636
1410,1,150,positive,0.0441564381216,-0.0532574691098,0.180156748137,44.1564381216,-53.2574691098,180.156748137,108.467873696,108.467873696,211.04274816
1411,0,150,positive,0.054000691981,-0.0589410517255,0.119684185975,54.000691981,-58.9410517255,119.684185975,97.100708465,97.100708465,150.570185998
1411,1,150,positive,0.0538829639319,-0.0588730814046,0.120613455675,53.8829639319,-58.8730814046,120.613455675,97.2366491067,97.2366491067,151.499455697
1412,0,150,positive,0.0498617016287,-0.0565514045314,0.119558010863,49.8617016287,-56.5514045314,119.558010863,101.880002853,101.880002853,150.444010886
1412,1,150,positive,0.049912324459,-0.0565806316361,0.119252476751,49.912324459,-56.5806316361,119.252476751,101.821548644,101.821548644,150.138476773
1413,0,150,positive,0.0498617016287,-0.0565514045314,0.119558010863,49.8617016287,-56.5514045314,119.558010863,101.880002853,101.880002853,150.444010886
1413,1,150,positive,0.0495023269012,-0.0563439194357,0.121342846948,49.5023269012,-56.3439194357,121.342846948,102.294973045,102.294973045,152.22884697
1414,0,150,positive,0.0538779184281,-0.0588701683817,0.120639031211,53.8779184281,-58.8701683817,120.639031211,97.2424751526,97.2424751526,151.525031233
1414,1,150,positive,0.0538829639319,-0.0588730814046,0.120613455675,53.8829639319,-58.8730814046,120.613455675,97.2366491067,97.2366491067,151.499455697
1415,0,150,positive,0.0538756877796,-0.0588688805161,0.120652727536,53.8756877796,-58.8688805161,120.652727536,97.2450508837,97.2450508837,151.538727558
1415,1,150,positive,0.0536651492663,-0.0587473260488,0.121489192572,53.6651492663,-58.7473260488,121.489192572,97.4881598184,97.4881598184,152.375192594
1416,0,150,positive,0.0538756877796,-0.0588688805161,0.120652727536,53.8756877796,-58.8688805161,120.652727536,97.2450508837,97.2450508837,151.538727558
1416,1,150,positive,0.0538779184281,-0.0588701683817,0.120639031211,53.8779184281,-58.8701683817,120.639031211,97.2424751526,97.2424751526,151.525031233
1417,0,150,positive,0.0494909269469,-0.056337337669,0.121392036956,49.4909269469,-56.337337669,121.392036956,102.308136578,102.308136578,152.278036978
1417,1,150,positive,0.0495023269012,-0.0563439194357,0.121342846948,49.5023269012,-56.3439194357,121.342846948,102.294973045,102.294973045,152.22884697
1418,0,150,positive,0.0494780395446,-0.0563298971239,0.121452732017,49.4780395446,-56.3298971239,121.452732017,102.323017668,102.323017668,152.338732039
1418,1,150,positive,0.0494909269469,-0.056337337669,0.121392036956,49.4909269469,-56.337337669,121.392036956,102.308136578,102.308136578,152.278036978
1419,0,150,positive,0.0494330906109,-0.0563039458449,0.121673933167,49.4330906109,-56.3039458449,121.673933167,102.374920226,102.374920226,152.559933189
1419,1,150,positive,0.0491305649651,-0.0561292825818,0.12304720522,49.1305649651,-56.1292825818,123.04720522,102.724246752,102.724246752,153.933205242
1420,0,150,positive,0.0494330906109,-0.0563039458449,0.121673933167,49.4330906109,-56.3039458449,121.673933167,102.374920226,102.374920226,152.559933189
1420,1,150,positive,0.0494780395446,-0.0563298971239,0.121452732017,49.4780395446,-56.3298971239,121.452732017,102.323017668,102.323017668,152.338732039
1421,0,150,positive,0.0475270537813,-0.0552034949682,0.176829940975,47.5270537813,-55.2034949682,176.829940975,104.57582198,104.57582198,207.715940998
1421,1,150,positive,0.0475592262685,-0.0552220697624,0.177207479795,47.5592262685,-55.2220697624,177.207479795,104.538672391,104.538672391,208.093479817
1422,0,150,positive,0.0477118909155,-0.0553102107374,0.177956920501,47.7118909155,-55.3102107374,177.956920501,104.362390441,104.362390441,208.842920523
1422,1,150,positive,0.0475592262685,-0.0552220697624,0.177207479795,47.5592262685,-55.2220697624,177.207479795,104.538672391,104.538672391,208.093479817
1423,0,150,positive,0.047330738882,-0.0550901525083,0.17461744586,47.330738882,-55.0901525083,174.61744586,104.802506899,104.802506899,205.503445883
1423,1,150,positive,0.0474848040553,-0.0551791020775,0.17578768618,47.4848040553,-55.1791020775,175.78768618,104.624607761,104.624607761,206.673686202
1424,0,150,positive,0.0475057125531,-0.0551911736043,0.17628533134,47.5057125531,-55.1911736043,176.28533134,104.600464707,104.600464707,207.171331363
1424,1,150,positive,0.0474848040553,-0.0551791020775,0.17578768618,47.4848040553,-55.1791020775,175.78768618,104.624607761,104.624607761,206.673686202
1425,0,150,positive,0.0475270537813,-0.0552034949682,0.176829940975,47.5270537813,-55.2034949682,176.829940975,104.57582198,104.57582198,207.715940998
1425,1,150,positive,0.0475064430992,-0.0551915953854,0.17641397714,47.5064430992,-55.1915953854,176.41397714,104.599621145,104.599621145,207.299977162
1426,0,150,positive,0.0475064430992,-0.0551915953854,0.17641397714,47.5064430992,-55.1915953854,176.41397714,104.599621145,104.599621145,207.299977162
1426,1,150,positive,0.0475057125531,-0.0551911736043,0.17628533134,47.5057125531,-55.1911736043,176.28533134,104.600464707,104.600464707,207.171331363
1427,0,150,positive,0.0440189621509,-0.0531780973211,0.17688516127,44.0189621509,-53.1780973211,176.88516127,108.626617274,108.626617274,207.771161293
1427,1,150,positive,0.0440295935127,-0.0531842353406,0.17601497675,44.0295935127,-53.1842353406,176.01497675,108.614341235,108.614341235,206.900976772
1428,0,150,positive,0.0440365124354,-0.0531882299825,0.175156456818,44.0365124354,-53.1882299825,175.156456818,108.606351951,108.606351951,206.04245684
1428,1,150,positive,0.0440295935127,-0.0531842353406,0.17601497675,44.0295935127,-53.1842353406,176.01497675,108.614341235,108.614341235,206.900976772
1429,0,150,positive,0.0440740483965,-0.0532099013798,0.178236236669,44.0740483965,-53.2099013798,178.236236669,108.563009156,108.563009156,209.122236691
1429,1,150,positive,0.0440189621509,-0.0531780973211,0.17688516127,44.0189621509,-53.1780973211,176.88516127,108.626617274,108.626617274,207.771161293
1430,0,150,positive,0.0440740483965,-0.0532099013798,0.178236236669,44.0740483965,-53.2099013798,178.236236669,108.563009156,108.563009156,209.122236691
1430,1,150,positive,0.0440853992764,-0.0532164548133,0.178548966637,44.0853992764,-53.2164548133,178.548966637,108.549902289,108.549902289,209.434966659
1431,0,150,positive,0.0479894478441,-0.0554704583048,0.178842489555,47.9894478441,-55.4704583048,178.842489555,104.041895306,104.041895306,209.728489577
1431,1,150,positive,0.0479964567047,-0.0554745048724,0.178867747233,47.9964567047,-55.4745048724,178.867747233,104.033802171,104.033802171,209.753747256
1432,0,150,positive,0.0479964567047,-0.0554745048724,0.178867747233,47.9964567047,-55.4745048724,178.867747233,104.033802171,104.033802171,209.753747256
1432,1,150,positive,0.0479996384619,-0.0554763418608,0.178880516879,47.9996384619,-55.4763418608,178.880516879,104.030128194,104.030128194,209.766516901
1433,0,150,positive,0.0479894478441,-0.0554704583048,0.178842489555,47.9894478441,-55.4704583048,178.842489555,104.041895306,104.041895306,209.728489577
1433,1,150,positive,0.0477118909155,-0.0553102107374,0.177956920501,47.7118909155,-55.3102107374,177.956920501,104.362390441,104.362390441,208.842920523
1434,0,150,positive,0.0480117986188,-0.0554833625306,0.179240043191,48.0117986188,-55.4833625306,179.240043191,104.016086855,104.016086855,210.126043213
1434,1,150,positive,0.0479996384619,-0.0554763418608,0.178880516879,47.9996384619,-55.4763418608,178.880516879,104.030128194,104.030128194,209.766516901
1435,0,150,positive,0.0442677132849,-0.0533217138553,0.181289123097,44.2677132849,-53.3217138553,181.289123097,108.339384205,108.339384205,212.17512312
1435,1,150,positive,0.0441564381216,-0.0532574691098,0.180156748137,44.1564381216,-53.2574691098,180.156748137,108.467873696,108.467873696,211.04274816
1436,0,150,positive,0.0442677132849,-0.0533217138553,0.181289123097,44.2677132849,-53.3217138553,181.289123097,108.339384205,108.339384205,212.17512312
1436,1,150,positive,0.0443125865475,-0.0533476214455,0.181587458626,44.3125865475,-53.3476214455,181.587458626,108.287569025,108.287569025,212.473458648
1437,0,150,positive,0.0444161944974,-0.0534074395232,0.182542781554,44.4161944974,-53.4074395232,182.542781554,108.16793287,108.16793287,213.428781576
1437,1,150,positive,0.0443125865475,-0.0533476214455,0.181587458626,44.3125865475,-53.3476214455,181.587458626,108.287569025,108.287569025,212.473458648
1438,0,150,positive,0.0444161944974,-0.0534074395232,0.182542781554,44.4161944974,-53.4074395232,182.542781554,108.16793287,108.16793287,213.428781576
1438,1,150,positive,0.0444860225927,-0.0534477547929,0.18305383359,44.4860225927,-53.4477547929,183.05383359,108.08730233,108.08730233,213.939833612
1439,0,150,positive,0.102598628657,-0.0869990835476,-0.0134724739955,102.598628657,-86.9990835476,-13.4724739955,40.9846448208,40.9846448208,17.4135260268
1439,1,150,positive,0.102441808485,-0.0869085433787,-0.0132484006142,102.441808485,-86.9085433787,-13.2484006142,41.1657251586,41.1657251586,17.6375994081
1440,0,150,positive,0.102791722182,-0.0871105661459,-0.0136867775465,102.791722182,-87.1105661459,-13.6867775465,40.7616796242,40.7616796242,17.1992224758
1440,1,150,positive,0.102598628657,-0.0869990835476,-0.0134724739955,102.598628657,-86.9990835476,-13.4724739955,40.9846448208,40.9846448208,17.4135260268
1441,0,150,positive,0.100378204427,-0.0857171210207,-0.0101749946378,100.378204427,-85.7171210207,-10.1749946378,43.5485698745,43.5485698745,20.7110053845
1441,1,150,positive,0.0998746240752,-0.0854263787688,-0.00943920285983,99.8746240752,-85.4263787688,-9.43920285983,44.1300543783,44.1300543783,21.4467971625
1442,0,150,positive,0.0996428105408,-0.0852925411623,-0.00892833961858,99.6428105408,-85.2925411623,-8.92833961858,44.3977295913,44.3977295913,21.9576604037
1442,1,150,positive,0.0998746240752,-0.0854263787688,-0.00943920285983,99.8746240752,-85.4263787688,-9.43920285983,44.1300543783,44.1300543783,21.4467971625
1443,0,150,positive,0.0996428105408,-0.0852925411623,-0.00892833961858,99.6428105408,-85.2925411623,-8.92833961858,44.3977295913,44.3977295913,21.9576604037
1443,1,150,positive,0.0992745922028,-0.0850799502058,-0.00846074677618,99.2745922028,-85.0799502058,-8.46074677618,44.8229115044,44.8229115044,22.4252532461
1444,0,150,positive,0.099171963167,-0.0850206973043,-0.00824619045033,99.171963167,-85.0206973043,-8.24619045033,44.9414173074,44.9414173074,22.639809572
1444,1,150,positive,0.0992745922028,-0.0850799502058,-0.00846074677618,99.2745922028,-85.0799502058,-8.46074677618,44.8229115044,44.8229115044,22.4252532461
1445,0,150,positive,0.099171963167,-0.0850206973043,-0.00824619045033,99.171963167,-85.0206973043,-8.24619045033,44.9414173074,44.9414173074,22.639809572
1445,1,150,positive,0.098892894206,-0.0848595767645,-0.00761630325446,98.892894206,-84.8595767645,-7.61630325446,45.2636583869,45.2636583869,23.2696967678
1446,0,150,positive,0.0986613179873,-0.0847258761723,-0.0072115881763,98.6613179873,-84.7258761723,-7.2115881763,45.5310595713,45.5310595713,23.674411846
1446,1,150,positive,0.098892894206,-0.0848595767645,-0.00761630325446,98.892894206,-84.8595767645,-7.61630325446,45.2636583869,45.2636583869,23.2696967678
1447,0,150,positive,0.098605360938,-0.0846935693549,-0.00700657447486,98.605360938,-84.6935693549,-7.00657447486,45.5956732061,45.5956732061,23.8794255474
1447,1,150,positive,0.0986613179873,-0.0847258761723,-0.0072115881763,98.6613179873,-84.7258761723,-7.2115881763,45.5310595713,45.5310595713,23.674411846
1448,0,150,positive,0.101176021414,-0.0861777408729,-0.0203169445274,101.176021414,-86.1777408729,-20.3169445274,42.6273301702,42.6273301702,10.5690554949
1448,1,150,positive,0.102002596767,-0.0866549643753,-0.0217269299129,102.002596767,-86.6549643753,-21.7269299129,41.6728831653,41.6728831653,9.15907010938
1449,0,150,positive,0.101176021414,-0.0861777408729,-0.0203169445274,101.176021414,-86.1777408729,-20.3169445274,42.6273301702,42.6273301702,10.5690554949
1449,1,150,positive,0.100871007432,-0.0860016409679,-0.0197642560005,100.871007432,-86.0016409679,-19.7642560005,42.9795299802,42.9795299802,11.1217440218
1450,0,150,positive,0.100437666186,-0.085751451283,-0.0189216347817,100.437666186,-85.751451283,-18.9216347817,43.47990935,43.47990935,11.9643652406
1450,1,150,positive,0.100871007432,-0.0860016409679,-0.0197642560005,100.871007432,-86.0016409679,-19.7642560005,42.9795299802,42.9795299802,11.1217440218
1451,0,150,positive,0.100322842592,-0.0856851578503,-0.0186783606594,100.322842592,-85.6851578503,-18.6783606594,43.6124962154,43.6124962154,12.2076393629
1451,1,150,positive,0.100437666186,-0.085751451283,-0.0189216347817,100.437666186,-85.751451283,-18.9216347817,43.47990935,43.47990935,11.9643652406
1452,0,150,positive,0.100322842592,-0.0856851578503,-0.0186783606594,100.322842592,-85.6851578503,-18.6783606594,43.6124962154,43.6124962154,12.2076393629
1452,1,150,positive,0.0999129676419,-0.0854485164374,-0.01776301913,99.9129676419,-85.4485164374,-17.76301913,44.0857790412,44.0857790412,13.1229808923
1453,0,150,positive,0.0997054659731,-0.0853287152931,-0.0173750251306,99.7054659731,-85.3287152931,-17.3750251306,44.3253813299,44.3253813299,13.5109748917
1453,1,150,positive,0.0999129676419,-0.0854485164374,-0.01776301913,99.9129676419,-85.4485164374,-17.76301913,44.0857790412,44.0857790412,13.1229808923
1454,0,150,positive,0.0993875980054,-0.0851451941363,-0.0168404440122,99.3875980054,-85.1451941363,-16.8404440122,44.6924236433,44.6924236433,14.0455560101
1454,1,150,positive,0.0997054659731,-0.0853287152931,-0.0173750251306,99.7054659731,-85.3287152931,-17.3750251306,44.3253813299,44.3253813299,13.5109748917
1455,0,150,positive,0.0993875980054,-0.0851451941363,-0.0168404440122,99.3875980054,-85.1451941363,-16.8404440122,44.6924236433,44.6924236433,14.0455560101
1455,1,150,positive,0.0992181724333,-0.0850473762367,-0.0165692477693,99.2181724333,-85.0473762367,-16.5692477693,44.8880594426,44.8880594426,14.316752253
1456,0,150,positive,0.0992181724333,-0.0850473762367,-0.0165692477693,99.2181724333,-85.0473762367,-16.5692477693,44.8880594426,44.8880594426,14.316752253
1456,1,150,positive,0.09898354595,-0.0849119145734,-0.0161310740803,98.98354595,-84.9119145734,-16.1310740803,45.1589827692,45.1589827692,14.754925942
1457,0,150,positive,0.098605360938,-0.0846935693549,-0.00700657447486,98.605360938,-84.6935693549,-7.00657447486,45.5956732061,45.5956732061,23.8794255474
1457,1,150,positive,0.0984198767785,-0.0845864800255,-0.0064846577158,98.4198767785,-84.5864800255,-6.4846577158,45.809851865,45.809851865,24.4013423065
1458,0,150,positive,0.0984198767785,-0.0845864800255,-0.0064846577158,98.4198767785,-84.5864800255,-6.4846577158,45.809851865,45.809851865,24.4013423065
1458,1,150,positive,0.0982927013831,-0.0845130552767,-0.00623622570263,98.2927013831,-84.5130552767,-6.23622570263,45.9567013626,45.9567013626,24.6497743197
1459,0,150,positive,0.0982865717049,-0.0845095163053,-0.00622249762766,98.2865717049,-84.5095163053,-6.22249762766,45.9637793053,45.9637793053,24.6635023946
1459,1,150,positive,0.0982927013831,-0.0845130552767,-0.00623622570263,98.2927013831,-84.5130552767,-6.23622570263,45.9567013626,45.9567013626,24.6497743197
1460,0,150,positive,0.0982631849458,-0.0844960139537,-0.00619070770923,98.2631849458,-84.4960139537,-6.19070770923,45.9907840086,45.9907840086,24.6952923131
1460,1,150,positive,0.0982865717049,-0.0845095163053,-0.00622249762766,98.2865717049,-84.5095163053,-6.22249762766,45.9637793053,45.9637793053,24.6635023946
1461,0,150,positive,0.0982631849458,-0.0844960139537,-0.00619070770923,98.2631849458,-84.4960139537,-6.19070770923,45.9907840086,45.9907840086,24.6952923131
1461,1,150,positive,0.0980113632231,-0.0843506246143,-0.00590817579486,98.0113632231,-84.3506246143,-5.90817579486,46.2815626874,46.2815626874,24.9778242274
1462,0,150,positive,0.0978780202918,-0.084273639037,-0.00584214528553,97.8780202918,-84.273639037,-5.84214528553,46.4355338419,46.4355338419,25.0438547368
1462,1,150,positive,0.0980113632231,-0.0843506246143,-0.00590817579486,98.0113632231,-84.3506246143,-5.90817579486,46.2815626874,46.2815626874,24.9778242274
