segment_id,endpoint,angle_deg,side,x_input,y_input,z_input,x_mm,y_mm,z_mm,signed_r_mm,radial_r_mm,z_from_bottom_mm
0,0,270,positive,0.138092372237,-0.143261280994,-0.0133571190327,138.092372237,-143.261280994,-13.3571190327,35.7698750364,35.7698750364,17.5288809896
0,1,270,positive,0.138092372237,-0.143158188561,-0.0135230857053,138.092372237,-143.158188561,-13.5230857053,35.6667826029,35.6667826029,17.362914317
1,0,270,positive,0.138092372237,-0.143158188561,-0.0135230857053,138.092372237,-143.158188561,-13.5230857053,35.6667826029,35.6667826029,17.362914317
1,1,270,positive,0.138092372237,-0.14303792616,-0.0138317087373,138.092372237,-143.03792616,-13.8317087373,35.5465202019,35.5465202019,17.0542912849
2,0,270,positive,0.138092372237,-0.143261280994,-0.0133571190327,138.092372237,-143.261280994,-13.3571190327,35.7698750364,35.7698750364,17.5288809896
2,1,270,positive,0.138092372237,-0.143477346965,-0.0128693883776,138.092372237,-143.477346965,-12.8693883776,35.9859410075,35.9859410075,18.0166116447
3,0,270,positive,0.138092372237,-0.143477346965,-0.0128693883776,138.092372237,-143.477346965,-12.8693883776,35.9859410075,35.9859410075,18.0166116447
3,1,270,positive,0.138092372237,-0.14372329377,-0.0123232562422,138.092372237,-143.72329377,-12.3232562422,36.2318878124,36.2318878124,18.5627437801
4,0,270,positive,0.138092372237,-0.142826267689,-0.0142620147272,138.092372237,-142.826267689,-14.2620147272,35.3348617309,35.3348617309,16.6239852951
4,1,270,positive,0.138092372237,-0.14303792616,-0.0138317087373,138.092372237,-143.03792616,-13.8317087373,35.5465202019,35.5465202019,17.0542912849
5,0,270,positive,0.138092372237,-0.142826267689,-0.0142620147272,138.092372237,-142.826267689,-14.2620147272,35.3348617309,35.3348617309,16.6239852951
5,1,270,positive,0.138092372237,-0.142581139929,-0.0147362962031,138.092372237,-142.581139929,-14.7362962031,35.0897339712,35.0897339712,16.1497038192
6,0,270,positive,0.138092372237,-0.143954346847,-0.0119959647566,138.092372237,-143.954346847,-11.9959647566,36.4629408892,36.4629408892,18.8900352657
6,1,270,positive,0.138092372237,-0.14372329377,-0.0123232562422,138.092372237,-143.72329377,-12.3232562422,36.2318878124,36.2318878124,18.5627437801
7,0,270,positive,0.138092372237,-0.144206504118,-0.0117379045017,138.092372237,-144.206504118,-11.7379045017,36.7150981602,36.7150981602,19.1480955206
7,1,270,positive,0.138092372237,-0.143954346847,-0.0119959647566,138.092372237,-143.954346847,-11.9959647566,36.4629408892,36.4629408892,18.8900352657
8,0,270,positive,0.138092372237,-0.147723574831,-0.0135273325711,138.092372237,-147.723574831,-13.5273325711,40.2321688727,40.2321688727,17.3586674512
8,1,270,positive,0.138092372237,-0.147713905181,-0.0134794089367,138.092372237,-147.713905181,-13.4794089367,40.2224992226,40.2224992226,17.4065910856
9,0,270,positive,0.138092372237,-0.147665786319,-0.0143383867585,138.092372237,-147.665786319,-14.3383867585,40.1743803613,40.1743803613,16.5476132638
9,1,270,positive,0.138092372237,-0.147723003695,-0.014182653604,138.092372237,-147.723003695,-14.182653604,40.2315977366,40.2315977366,16.7033464183
10,0,270,positive,0.138092372237,-0.147780097466,-0.0140447461312,138.092372237,-147.780097466,-14.0447461312,40.2886915078,40.2886915078,16.8412538911
10,1,270,positive,0.138092372237,-0.147723003695,-0.014182653604,138.092372237,-147.723003695,-14.182653604,40.2315977366,40.2315977366,16.7033464183
11,0,270,positive,0.138092372237,-0.147780097466,-0.0140447461312,138.092372237,-147.780097466,-14.0447461312,40.2886915078,40.2886915078,16.8412538911
11,1,270,positive,0.138092372237,-0.147782677516,-0.0137901372361,138.092372237,-147.782677516,-13.7901372361,40.2912715584,40.2912715584,17.0958627862
12,0,270,positive,0.138092372237,-0.147723574831,-0.0135273325711,138.092372237,-147.723574831,-13.5273325711,40.2321688727,40.2321688727,17.3586674512
12,1,270,positive,0.138092372237,-0.147782677516,-0.0137901372361,138.092372237,-147.782677516,-13.7901372361,40.2912715584,40.2912715584,17.0958627862
13,0,270,positive,0.138092372237,-0.147504957346,-0.0130549440448,138.092372237,-147.504957346,-13.0549440448,40.0135513878,40.0135513878,17.8310559775
13,1,270,positive,0.138092372237,-0.147713905181,-0.0134794089367,138.092372237,-147.713905181,-13.4794089367,40.2224992226,40.2224992226,17.4065910856
14,0,270,positive,0.138092372237,-0.147440239062,-0.0128136571347,138.092372237,-147.440239062,-12.8136571347,39.9488331042,39.9488331042,18.0723428876
14,1,270,positive,0.138092372237,-0.147504957346,-0.0130549440448,138.092372237,-147.504957346,-13.0549440448,40.0135513878,40.0135513878,17.8310559775
15,0,270,positive,0.138092372237,-0.147440239062,-0.0128136571347,138.092372237,-147.440239062,-12.8136571347,39.9488331042,39.9488331042,18.0723428876
15,1,270,positive,0.138092372237,-0.14745245616,-0.0126702312592,138.092372237,-147.45245616,-12.6702312592,39.9610502021,39.9610502021,18.215768763
16,0,270,positive,0.138092372237,-0.14745245616,-0.0126702312592,138.092372237,-147.45245616,-12.6702312592,39.9610502021,39.9610502021,18.215768763
16,1,270,positive,0.138092372237,-0.147462276646,-0.0126064677281,138.092372237,-147.462276646,-12.6064677281,39.9708706881,39.9708706881,18.2795322942
17,0,270,positive,0.138092372237,-0.147997704816,-0.0121976679097,138.092372237,-147.997704816,-12.1976679097,40.5062988575,40.5062988575,18.6883321126
17,1,270,positive,0.138092372237,-0.148214162479,-0.0121119203696,138.092372237,-148.214162479,-12.1119203696,40.7227565208,40.7227565208,18.7740796526
18,0,270,positive,0.138092372237,-0.147997704816,-0.0121976679097,138.092372237,-147.997704816,-12.1976679097,40.5062988575,40.5062988575,18.6883321126
18,1,270,positive,0.138092372237,-0.147595098378,-0.0124180618452,138.092372237,-147.595098378,-12.4180618452,40.1036924197,40.1036924197,18.4679381771
19,0,270,positive,0.138092372237,-0.147543932935,-0.0124544334353,138.092372237,-147.543932935,-12.4544334353,40.0525269773,40.0525269773,18.431566587
19,1,270,positive,0.138092372237,-0.147595098378,-0.0124180618452,138.092372237,-147.595098378,-12.4180618452,40.1036924197,40.1036924197,18.4679381771
20,0,270,positive,0.138092372237,-0.148214162479,-0.0121119203696,138.092372237,-148.214162479,-12.1119203696,40.7227565208,40.7227565208,18.7740796526
20,1,270,positive,0.138092372237,-0.148411588537,-0.0120100969755,138.092372237,-148.411588537,-12.0100969755,40.9201825788,40.9201825788,18.8759030468
21,0,270,positive,0.138092372237,-0.147665786319,-0.0143383867585,138.092372237,-147.665786319,-14.3383867585,40.1743803613,40.1743803613,16.5476132638
21,1,270,positive,0.138092372237,-0.147405900994,-0.0148062595451,138.092372237,-147.405900994,-14.8062595451,39.9144950361,39.9144950361,16.0797404772
22,0,270,positive,0.138092372237,-0.147543932935,-0.0124544334353,138.092372237,-147.543932935,-12.4544334353,40.0525269773,40.0525269773,18.431566587
22,1,270,positive,0.138092372237,-0.147462276646,-0.0126064677281,138.092372237,-147.462276646,-12.6064677281,39.9708706881,39.9708706881,18.2795322942
23,0,270,positive,0.138092372237,-0.145628375632,-0.0103412195538,138.092372237,-145.628375632,-10.3412195538,38.1369696744,38.1369696744,20.5447804685
23,1,270,positive,0.138092372237,-0.145415314619,-0.0105072344037,138.092372237,-145.415314619,-10.5072344037,37.9239086615,37.9239086615,20.3787656186
24,0,270,positive,0.138092372237,-0.145849483365,-0.0099028520435,138.092372237,-145.849483365,-9.9028520435,38.3580774065,38.3580774065,20.9831479788
24,1,270,positive,0.138092372237,-0.1457146994,-0.0102375274235,138.092372237,-145.7146994,-10.2375274235,38.223293442,38.223293442,20.6484725988
25,0,270,positive,0.138092372237,-0.145628375632,-0.0103412195538,138.092372237,-145.628375632,-10.3412195538,38.1369696744,38.1369696744,20.5447804685
25,1,270,positive,0.138092372237,-0.1457146994,-0.0102375274235,138.092372237,-145.7146994,-10.2375274235,38.223293442,38.223293442,20.6484725988
26,0,270,positive,0.138092372237,-0.145415314619,-0.0105072344037,138.092372237,-145.415314619,-10.5072344037,37.9239086615,37.9239086615,20.3787656186
26,1,270,positive,0.138092372237,-0.144534865901,-0.0112817267064,138.092372237,-144.534865901,-11.2817267064,37.043459943,37.043459943,19.6042733159
27,0,270,positive,0.138092372237,-0.144484332314,-0.0113328486645,138.092372237,-144.484332314,-11.3328486645,36.992926356,36.992926356,19.5531513578
27,1,270,positive,0.138092372237,-0.144534865901,-0.0112817267064,138.092372237,-144.534865901,-11.2817267064,37.043459943,37.043459943,19.6042733159
28,0,270,positive,0.138092372237,-0.148876927893,-0.011738591995,138.092372237,-148.876927893,-11.738591995,41.3855219349,41.3855219349,19.1474080273
28,1,270,positive,0.138092372237,-0.149319489846,-0.0113661890669,138.092372237,-149.319489846,-11.3661890669,41.8280838882,41.8280838882,19.5198109554
29,0,270,positive,0.138092372237,-0.149777039772,-0.0109489367683,138.092372237,-149.777039772,-10.9489367683,42.2856338145,42.2856338145,19.937063254
29,1,270,positive,0.138092372237,-0.149837771516,-0.0109011257067,138.092372237,-149.837771516,-10.9011257067,42.3463655583,42.3463655583,19.9848743156
30,0,270,positive,0.138092372237,-0.149777039772,-0.0109489367683,138.092372237,-149.777039772,-10.9489367683,42.2856338145,42.2856338145,19.937063254
30,1,270,positive,0.138092372237,-0.149319489846,-0.0113661890669,138.092372237,-149.319489846,-11.3661890669,41.8280838882,41.8280838882,19.5198109554
31,0,270,positive,0.138092372237,-0.149837771516,-0.0109011257067,138.092372237,-149.837771516,-10.9011257067,42.3463655583,42.3463655583,19.9848743156
31,1,270,positive,0.138092372237,-0.149988453168,-0.0107392230813,138.092372237,-149.988453168,-10.7392230813,42.4970472102,42.4970472102,20.146776941
32,0,270,positive,0.138092372237,-0.148876927893,-0.011738591995,138.092372237,-148.876927893,-11.738591995,41.3855219349,41.3855219349,19.1474080273
32,1,270,positive,0.138092372237,-0.148411588537,-0.0120100969755,138.092372237,-148.411588537,-12.0100969755,40.9201825788,40.9201825788,18.8759030468
33,0,270,positive,0.138092372237,-0.150298520974,-0.0103790227213,138.092372237,-150.298520974,-10.3790227213,42.8071150163,42.8071150163,20.506977301
33,1,270,positive,0.138092372237,-0.150648582384,-0.00974489469413,138.092372237,-150.648582384,-9.74489469413,43.1571764258,43.1571764258,21.1411053282
34,0,270,positive,0.138092372237,-0.150221982387,-0.0104780301279,138.092372237,-150.221982387,-10.4780301279,42.7305764294,42.7305764294,20.4079698944
34,1,270,positive,0.138092372237,-0.149988453168,-0.0107392230813,138.092372237,-149.988453168,-10.7392230813,42.4970472102,42.4970472102,20.146776941
35,0,270,positive,0.138092372237,-0.150298520974,-0.0103790227213,138.092372237,-150.298520974,-10.3790227213,42.8071150163,42.8071150163,20.506977301
35,1,270,positive,0.138092372237,-0.150221982387,-0.0104780301279,138.092372237,-150.221982387,-10.4780301279,42.7305764294,42.7305764294,20.4079698944
36,0,270,positive,0.138092372237,-0.146889089539,-0.00733877503423,138.092372237,-146.889089539,-7.33877503423,39.3976835815,39.3976835815,23.5472249881
36,1,270,positive,0.138092372237,-0.147935434488,-0.00601693610217,138.092372237,-147.935434488,-6.01693610217,40.4440285303,40.4440285303,24.8690639201
37,0,270,positive,0.138092372237,-0.146032986132,-0.00931967069764,138.092372237,-146.032986132,-9.31967069764,38.5415801736,38.5415801736,21.5663293247
37,1,270,positive,0.138092372237,-0.145849483365,-0.0099028520435,138.092372237,-145.849483365,-9.9028520435,38.3580774065,38.3580774065,20.9831479788
38,0,270,positive,0.138092372237,-0.146549429273,-0.00805275118806,138.092372237,-146.549429273,-8.05275118806,39.0580233147,39.0580233147,22.8332488342
38,1,270,positive,0.138092372237,-0.146175564951,-0.00899220296085,138.092372237,-146.175564951,-8.99220296085,38.6841589931,38.6841589931,21.8937970614
39,0,270,positive,0.138092372237,-0.146549429273,-0.00805275118806,138.092372237,-146.549429273,-8.05275118806,39.0580233147,39.0580233147,22.8332488342
39,1,270,positive,0.138092372237,-0.146862181992,-0.00737872079968,138.092372237,-146.862181992,-7.37872079968,39.370776034,39.370776034,23.5072792226
40,0,270,positive,0.138092372237,-0.146032986132,-0.00931967069764,138.092372237,-146.032986132,-9.31967069764,38.5415801736,38.5415801736,21.5663293247
40,1,270,positive,0.138092372237,-0.146081418637,-0.00923105228511,138.092372237,-146.081418637,-9.23105228511,38.590012679,38.590012679,21.6549477372
41,0,270,positive,0.138092372237,-0.146081418637,-0.00923105228511,138.092372237,-146.081418637,-9.23105228511,38.590012679,38.590012679,21.6549477372
41,1,270,positive,0.138092372237,-0.146175564951,-0.00899220296085,138.092372237,-146.175564951,-8.99220296085,38.6841589931,38.6841589931,21.8937970614
42,0,270,positive,0.138092372237,-0.146889089539,-0.00733877503423,138.092372237,-146.889089539,-7.33877503423,39.3976835815,39.3976835815,23.5472249881
42,1,270,positive,0.138092372237,-0.146862181992,-0.00737872079968,138.092372237,-146.862181992,-7.37872079968,39.370776034,39.370776034,23.5072792226
43,0,270,positive,0.138092372237,-0.1508054517,-0.00942809969755,138.092372237,-150.8054517,-9.42809969755,43.3140457416,43.3140457416,21.4579003247
43,1,270,positive,0.138092372237,-0.150648582384,-0.00974489469413,138.092372237,-150.648582384,-9.74489469413,43.1571764258,43.1571764258,21.1411053282
44,0,270,positive,0.138092372237,-0.147985737865,-0.00593559368801,138.092372237,-147.985737865,-5.93559368801,40.4943319072,40.4943319072,24.9504063343
44,1,270,positive,0.138092372237,-0.147935434488,-0.00601693610217,138.092372237,-147.935434488,-6.01693610217,40.4440285303,40.4440285303,24.8690639201
45,0,270,positive,0.138092372237,-0.14811423984,-0.00576410243496,138.092372237,-148.11423984,-5.76410243496,40.622833882,40.622833882,25.1218975873
45,1,270,positive,0.138092372237,-0.147985737865,-0.00593559368801,138.092372237,-147.985737865,-5.93559368801,40.4943319072,40.4943319072,24.9504063343
46,0,270,positive,0.138092372237,-0.14811423984,-0.00576410243496,138.092372237,-148.11423984,-5.76410243496,40.622833882,40.622833882,25.1218975873
46,1,270,positive,0.138092372237,-0.148756629484,-0.00482482542738,138.092372237,-148.756629484,-4.82482542738,41.2652235256,41.2652235256,26.0611745949
47,0,270,positive,0.138092372237,-0.144462003822,-0.0113620180865,138.092372237,-144.462003822,-11.3620180865,36.9705978644,36.9705978644,19.5239819357
47,1,270,positive,0.138092372237,-0.144206504118,-0.0117379045017,138.092372237,-144.206504118,-11.7379045017,36.7150981602,36.7150981602,19.1480955206
48,0,270,positive,0.138092372237,-0.144462003822,-0.0113620180865,138.092372237,-144.462003822,-11.3620180865,36.9705978644,36.9705978644,19.5239819357
48,1,270,positive,0.138092372237,-0.14447821918,-0.0113417203504,138.092372237,-144.47821918,-11.3417203504,36.9868132218,36.9868132218,19.5442796719
49,0,270,positive,0.138092372237,-0.14447821918,-0.0113417203504,138.092372237,-144.47821918,-11.3417203504,36.9868132218,36.9868132218,19.5442796719
49,1,270,positive,0.138092372237,-0.144484332314,-0.0113328486645,138.092372237,-144.484332314,-11.3328486645,36.992926356,36.992926356,19.5531513578
50,0,270,positive,0.138092372237,-0.149155476416,-0.00414743321731,138.092372237,-149.155476416,-4.14743321731,41.6640704585,41.6640704585,26.738566805
50,1,270,positive,0.138092372237,-0.148756629484,-0.00482482542738,138.092372237,-148.756629484,-4.82482542738,41.2652235256,41.2652235256,26.0611745949
51,0,270,positive,0.138092372237,-0.149654521455,-0.003505152591,138.092372237,-149.654521455,-3.505152591,42.1631154969,42.1631154969,27.3808474313
51,1,270,positive,0.138092372237,-0.149205514116,-0.00405898417538,138.092372237,-149.205514116,-4.05898417538,41.7141081581,41.7141081581,26.8270158469
52,0,270,positive,0.138092372237,-0.149672695559,-0.00348588137174,138.092372237,-149.672695559,-3.48588137174,42.1812896013,42.1812896013,27.4001186506
52,1,270,positive,0.138092372237,-0.14969243366,-0.00346110212129,138.092372237,-149.69243366,-3.46110212129,42.2010277022,42.2010277022,27.424897901
53,0,270,positive,0.138092372237,-0.149654521455,-0.003505152591,138.092372237,-149.654521455,-3.505152591,42.1631154969,42.1631154969,27.3808474313
53,1,270,positive,0.138092372237,-0.149672695559,-0.00348588137174,138.092372237,-149.672695559,-3.48588137174,42.1812896013,42.1812896013,27.4001186506
54,0,270,positive,0.138092372237,-0.150256171721,-0.00257676550187,138.092372237,-150.256171721,-2.57676550187,42.7647657632,42.7647657632,28.3092345204
54,1,270,positive,0.138092372237,-0.14969243366,-0.00346110212129,138.092372237,-149.69243366,-3.46110212129,42.2010277022,42.2010277022,27.424897901
55,0,270,positive,0.138092372237,-0.149155476416,-0.00414743321731,138.092372237,-149.155476416,-4.14743321731,41.6640704585,41.6640704585,26.738566805
55,1,270,positive,0.138092372237,-0.149205514116,-0.00405898417538,138.092372237,-149.205514116,-4.05898417538,41.7141081581,41.7141081581,26.8270158469
56,0,270,positive,0.138092372237,-0.150256171721,-0.00257676550187,138.092372237,-150.256171721,-2.57676550187,42.7647657632,42.7647657632,28.3092345204
56,1,270,positive,0.138092372237,-0.150685162844,-0.00192257358328,138.092372237,-150.685162844,-1.92257358328,43.1937568857,43.1937568857,28.963426439
57,0,270,positive,0.138092372237,-0.127666116909,-0.0304182503897,138.092372237,-127.666116909,-30.4182503897,20.1747109512,20.1747109512,0.467749632621
57,1,270,positive,0.138092372237,-0.129808292489,-0.03041778571,138.092372237,-129.808292489,-30.41778571,22.3168865313,22.3168865313,0.468214312311
58,0,270,positive,0.138092372237,-0.127804871326,-0.0252754921112,138.092372237,-127.804871326,-25.2754921112,20.3134653676,20.3134653676,5.61050791108
58,1,270,positive,0.138092372237,-0.127260788435,-0.0252551224859,138.092372237,-127.260788435,-25.2551224859,19.7693824767,19.7693824767,5.63087753643
59,0,270,positive,0.138092372237,-0.126958578284,-0.0252760346187,138.092372237,-126.958578284,-25.2760346187,19.4671723264,19.4671723264,5.60996540359
59,1,270,positive,0.138092372237,-0.127260788435,-0.0252551224859,138.092372237,-127.260788435,-25.2551224859,19.7693824767,19.7693824767,5.63087753643
60,0,270,positive,0.138092372237,-0.128639157807,-0.0252007995184,138.092372237,-128.639157807,-25.2007995184,21.1477518494,21.1477518494,5.68520050388
60,1,270,positive,0.138092372237,-0.128155455292,-0.025257449412,138.092372237,-128.155455292,-25.257449412,20.6640493342,20.6640493342,5.62855061031
61,0,270,positive,0.138092372237,-0.129151127501,-0.0252377045399,138.092372237,-129.151127501,-25.2377045399,21.6597215426,21.6597215426,5.64829548236
61,1,270,positive,0.138092372237,-0.128639157807,-0.0252007995184,138.092372237,-128.639157807,-25.2007995184,21.1477518494,21.1477518494,5.68520050388
62,0,270,positive,0.138092372237,-0.129151127501,-0.0252377045399,138.092372237,-129.151127501,-25.2377045399,21.6597215426,21.6597215426,5.64829548236
62,1,270,positive,0.138092372237,-0.129292519694,-0.0252515170033,138.092372237,-129.292519694,-25.2515170033,21.8011137361,21.8011137361,5.63448301896
63,0,270,positive,0.138092372237,-0.127804871326,-0.0252754921112,138.092372237,-127.804871326,-25.2754921112,20.3134653676,20.3134653676,5.61050791108
63,1,270,positive,0.138092372237,-0.12805185443,-0.0252781846324,138.092372237,-128.05185443,-25.2781846324,20.5604484722,20.5604484722,5.60781538992
64,0,270,positive,0.138092372237,-0.12805185443,-0.0252781846324,138.092372237,-128.05185443,-25.2781846324,20.5604484722,20.5604484722,5.60781538992
64,1,270,positive,0.138092372237,-0.128155455292,-0.025257449412,138.092372237,-128.155455292,-25.257449412,20.6640493342,20.6640493342,5.62855061031
65,0,270,positive,0.138092372237,-0.138772655928,-0.0280692300042,138.092372237,-138.772655928,-28.0692300042,31.2812499695,31.2812499695,2.81677001807
65,1,270,positive,0.138092372237,-0.139446132968,-0.0272678192256,138.092372237,-139.446132968,-27.2678192256,31.9547270099,31.9547270099,3.61818079667
66,0,270,positive,0.138092372237,-0.139964828496,-0.0265928072781,138.092372237,-139.964828496,-26.5928072781,32.4734225382,32.4734225382,4.29319274414
66,1,270,positive,0.138092372237,-0.140300474365,-0.0261182776715,138.092372237,-140.300474365,-26.1182776715,32.8090684068,32.8090684068,4.76772235076
67,0,270,positive,0.138092372237,-0.140741029228,-0.0254491206089,138.092372237,-140.741029228,-25.4491206089,33.2496232699,33.2496232699,5.43687941342
67,1,270,positive,0.138092372237,-0.140300474365,-0.0261182776715,138.092372237,-140.300474365,-26.1182776715,32.8090684068,32.8090684068,4.76772235076
68,0,270,positive,0.138092372237,-0.140741029228,-0.0254491206089,138.092372237,-140.741029228,-25.4491206089,33.2496232699,33.2496232699,5.43687941342
68,1,270,positive,0.138092372237,-0.14096201426,-0.0251271613996,138.092372237,-140.96201426,-25.1271613996,33.4706083016,33.4706083016,5.7588386227
69,0,270,positive,0.138092372237,-0.141557423819,-0.0242121807947,138.092372237,-141.557423819,-24.2121807947,34.066017861,34.066017861,6.67381922756
69,1,270,positive,0.138092372237,-0.14096201426,-0.0251271613996,138.092372237,-140.96201426,-25.1271613996,33.4706083016,33.4706083016,5.7588386227
70,0,270,positive,0.138092372237,-0.139964828496,-0.0265928072781,138.092372237,-139.964828496,-26.5928072781,32.4734225382,32.4734225382,4.29319274414
70,1,270,positive,0.138092372237,-0.139446132968,-0.0272678192256,138.092372237,-139.446132968,-27.2678192256,31.9547270099,31.9547270099,3.61818079667
71,0,270,positive,0.138092372237,-0.144839523708,-0.0190157051129,138.092372237,-144.839523708,-19.0157051129,37.3481177499,37.3481177499,11.8702949094
71,1,270,positive,0.138092372237,-0.144950324491,-0.0188480123055,138.092372237,-144.950324491,-18.8480123055,37.4589185333,37.4589185333,12.0379877168
72,0,270,positive,0.138092372237,-0.141557423819,-0.0242121807947,138.092372237,-141.557423819,-24.2121807947,34.066017861,34.066017861,6.67381922756
72,1,270,positive,0.138092372237,-0.141673099287,-0.0240373195647,138.092372237,-141.673099287,-24.0373195647,34.1816933286,34.1816933286,6.84868045761
73,0,270,positive,0.138092372237,-0.139191165653,-0.0192647696398,138.092372237,-139.191165653,-19.2647696398,31.6997596952,31.6997596952,11.6212303825
73,1,270,positive,0.138092372237,-0.138647891436,-0.0201139166159,138.092372237,-138.647891436,-20.1139166159,31.1564854781,31.1564854781,10.7720834064
74,0,270,positive,0.138092372237,-0.141673099287,-0.0240373195647,138.092372237,-141.673099287,-24.0373195647,34.1816933286,34.1816933286,6.84868045761
74,1,270,positive,0.138092372237,-0.141938262577,-0.0236133260357,138.092372237,-141.938262577,-23.6133260357,34.4468566187,34.4468566187,7.27267398661
75,0,270,positive,0.138092372237,-0.142586813889,-0.0225972937335,138.092372237,-142.586813889,-22.5972937335,35.0954079311,35.0954079311,8.2887062888
75,1,270,positive,0.138092372237,-0.141938262577,-0.0236133260357,138.092372237,-141.938262577,-23.6133260357,34.4468566187,34.4468566187,7.27267398661
76,0,270,positive,0.138092372237,-0.142675196364,-0.0224723567704,138.092372237,-142.675196364,-22.4723567704,35.1837904062,35.1837904062,8.41364325191
76,1,270,positive,0.138092372237,-0.143010308669,-0.0218907162013,138.092372237,-143.010308669,-21.8907162013,35.5189027115,35.5189027115,8.99528382102
77,0,270,positive,0.138092372237,-0.142675196364,-0.0224723567704,138.092372237,-142.675196364,-22.4723567704,35.1837904062,35.1837904062,8.41364325191
77,1,270,positive,0.138092372237,-0.142586813889,-0.0225972937335,138.092372237,-142.586813889,-22.5972937335,35.0954079311,35.0954079311,8.2887062888
78,0,270,positive,0.138092372237,-0.143695128977,-0.0208165843805,138.092372237,-143.695128977,-20.8165843805,36.2037230187,36.2037230187,10.0694156418
78,1,270,positive,0.138092372237,-0.143993511145,-0.0203229157021,138.092372237,-143.993511145,-20.3229157021,36.5021051872,36.5021051872,10.5630843202
79,0,270,positive,0.138092372237,-0.143520391984,-0.0211015743444,138.092372237,-143.520391984,-21.1015743444,36.028986026,36.028986026,9.7844256779
79,1,270,positive,0.138092372237,-0.143695128977,-0.0208165843805,138.092372237,-143.695128977,-20.8165843805,36.2037230187,36.2037230187,10.0694156418
80,0,270,positive,0.138092372237,-0.143520391984,-0.0211015743444,138.092372237,-143.520391984,-21.1015743444,36.028986026,36.028986026,9.7844256779
80,1,270,positive,0.138092372237,-0.143010308669,-0.0218907162013,138.092372237,-143.010308669,-21.8907162013,35.5189027115,35.5189027115,8.99528382102
81,0,270,positive,0.138092372237,-0.144736598673,-0.0191711158382,138.092372237,-144.736598673,-19.1711158382,37.2451927152,37.2451927152,11.7148841841
81,1,270,positive,0.138092372237,-0.144839523708,-0.0190157051129,138.092372237,-144.839523708,-19.0157051129,37.3481177499,37.3481177499,11.8702949094
82,0,270,positive,0.138092372237,-0.144736598673,-0.0191711158382,138.092372237,-144.736598673,-19.1711158382,37.2451927152,37.2451927152,11.7148841841
82,1,270,positive,0.138092372237,-0.144210925304,-0.0199312964334,138.092372237,-144.210925304,-19.9312964334,36.7195193463,36.7195193463,10.9547035889
83,0,270,positive,0.138092372237,-0.144210925304,-0.0199312964334,138.092372237,-144.210925304,-19.9312964334,36.7195193463,36.7195193463,10.9547035889
83,1,270,positive,0.138092372237,-0.143993511145,-0.0203229157021,138.092372237,-143.993511145,-20.3229157021,36.5021051872,36.5021051872,10.5630843202
84,0,270,positive,0.138092372237,-0.140483333272,-0.0173887861788,138.092372237,-140.483333272,-17.3887861788,32.9919273144,32.9919273144,13.4972138435
84,1,270,positive,0.138092372237,-0.14009850051,-0.0180439167545,138.092372237,-140.09850051,-18.0439167545,32.6070945522,32.6070945522,12.8420832678
85,0,270,positive,0.138092372237,-0.139482746561,-0.0188179858023,138.092372237,-139.482746561,-18.8179858023,31.9913406026,31.9913406026,12.06801422
85,1,270,positive,0.138092372237,-0.139211894304,-0.0192293890421,138.092372237,-139.211894304,-19.2293890421,31.7204883465,31.7204883465,11.6566109802
86,0,270,positive,0.138092372237,-0.139923616177,-0.0183224653643,138.092372237,-139.923616177,-18.3224653643,32.4322102186,32.4322102186,12.563534658
86,1,270,positive,0.138092372237,-0.139482746561,-0.0188179858023,138.092372237,-139.482746561,-18.8179858023,31.9913406026,31.9913406026,12.06801422
87,0,270,positive,0.138092372237,-0.139191165653,-0.0192647696398,138.092372237,-139.191165653,-19.2647696398,31.6997596952,31.6997596952,11.6212303825
87,1,270,positive,0.138092372237,-0.139211894304,-0.0192293890421,138.092372237,-139.211894304,-19.2293890421,31.7204883465,31.7204883465,11.6566109802
88,0,270,positive,0.138092372237,-0.139923616177,-0.0183224653643,138.092372237,-139.923616177,-18.3224653643,32.4322102186,32.4322102186,12.563534658
88,1,270,positive,0.138092372237,-0.139961847232,-0.0182603128998,138.092372237,-139.961847232,-18.2603128998,32.4704412745,32.4704412745,12.6256871225
89,0,270,positive,0.138092372237,-0.139961847232,-0.0182603128998,138.092372237,-139.961847232,-18.2603128998,32.4704412745,32.4704412745,12.6256871225
89,1,270,positive,0.138092372237,-0.14009850051,-0.0180439167545,138.092372237,-140.09850051,-18.0439167545,32.6070945522,32.6070945522,12.8420832678
90,0,270,positive,0.138092372237,-0.140640134581,-0.0171992566244,138.092372237,-140.640134581,-17.1992566244,33.1487286231,33.1487286231,13.6867433978
90,1,270,positive,0.138092372237,-0.140483333272,-0.0173887861788,138.092372237,-140.483333272,-17.3887861788,32.9919273144,32.9919273144,13.4972138435
91,0,270,positive,0.138092372237,-0.141926590055,-0.0155859915853,138.092372237,-141.926590055,-15.5859915853,34.4351840974,34.4351840974,15.300008437
91,1,270,positive,0.138092372237,-0.141548896428,-0.0160790168244,138.092372237,-141.548896428,-16.0790168244,34.0574904701,34.0574904701,14.8069831979
92,0,270,positive,0.138092372237,-0.141926590055,-0.0155859915853,138.092372237,-141.926590055,-15.5859915853,34.4351840974,34.4351840974,15.300008437
92,1,270,positive,0.138092372237,-0.142108472256,-0.0154121051631,138.092372237,-142.108472256,-15.4121051631,34.6170662979,34.6170662979,15.4738948592
93,0,270,positive,0.138092372237,-0.142108472256,-0.0154121051631,138.092372237,-142.108472256,-15.4121051631,34.6170662979,34.6170662979,15.4738948592
93,1,270,positive,0.138092372237,-0.142197989876,-0.0152734951119,138.092372237,-142.197989876,-15.2734951119,34.706583918,34.706583918,15.6125049104
94,0,270,positive,0.138092372237,-0.142549332279,-0.0147736367095,138.092372237,-142.549332279,-14.7736367095,35.0579263211,35.0579263211,16.1123633128
94,1,270,positive,0.138092372237,-0.142197989876,-0.0152734951119,138.092372237,-142.197989876,-15.2734951119,34.706583918,34.706583918,15.6125049104
95,0,270,positive,0.138092372237,-0.142549332279,-0.0147736367095,138.092372237,-142.549332279,-14.7736367095,35.0579263211,35.0579263211,16.1123633128
95,1,270,positive,0.138092372237,-0.142581139929,-0.0147362962031,138.092372237,-142.581139929,-14.7362962031,35.0897339712,35.0897339712,16.1497038192
96,0,270,positive,0.138092372237,-0.141403867037,-0.0162661375603,138.092372237,-141.403867037,-16.2661375603,33.9124610793,33.9124610793,14.619862462
96,1,270,positive,0.138092372237,-0.141526512746,-0.0161102871209,138.092372237,-141.526512746,-16.1102871209,34.0351067882,34.0351067882,14.7757129014
97,0,270,positive,0.138092372237,-0.141403867037,-0.0162661375603,138.092372237,-141.403867037,-16.2661375603,33.9124610793,33.9124610793,14.619862462
97,1,270,positive,0.138092372237,-0.140640134581,-0.0171992566244,138.092372237,-140.640134581,-17.1992566244,33.1487286231,33.1487286231,13.6867433978
98,0,270,positive,0.138092372237,-0.141526512746,-0.0161102871209,138.092372237,-141.526512746,-16.1102871209,34.0351067882,34.0351067882,14.7757129014
98,1,270,positive,0.138092372237,-0.141548896428,-0.0160790168244,138.092372237,-141.548896428,-16.0790168244,34.0574904701,34.0574904701,14.8069831979
99,0,270,positive,0.138092372237,-0.134068246648,-0.0302320356988,138.092372237,-134.068246648,-30.2320356988,26.5768406897,26.5768406897,0.65396432353
99,1,270,positive,0.138092372237,-0.134125942301,-0.0302254579219,138.092372237,-134.125942301,-30.2254579219,26.6345363426,26.6345363426,0.660542100388
100,0,270,positive,0.138092372237,-0.134068246648,-0.0302320356988,138.092372237,-134.068246648,-30.2320356988,26.5768406897,26.5768406897,0.65396432353
100,1,270,positive,0.138092372237,-0.132614600705,-0.030326798388,138.092372237,-132.614600705,-30.326798388,25.1231947467,25.1231947467,0.559201634297
101,0,270,positive,0.138092372237,-0.137528357038,-0.0294608473787,138.092372237,-137.528357038,-29.4608473787,30.0369510796,30.0369510796,1.42515264355
101,1,270,positive,0.138092372237,-0.137794452662,-0.0292314579703,138.092372237,-137.794452662,-29.2314579703,30.3030467039,30.3030467039,1.654542052
102,0,270,positive,0.138092372237,-0.137528357038,-0.0294608473787,138.092372237,-137.528357038,-29.4608473787,30.0369510796,30.0369510796,1.42515264355
102,1,270,positive,0.138092372237,-0.137410174301,-0.0295727726286,138.092372237,-137.410174301,-29.5727726286,29.9187683429,29.9187683429,1.31322739374
103,0,270,positive,0.138092372237,-0.136331400932,-0.0299643114992,138.092372237,-136.331400932,-29.9643114992,28.8399949744,28.8399949744,0.92168852307
103,1,270,positive,0.138092372237,-0.136731813737,-0.0298614744156,138.092372237,-136.731813737,-29.8614744156,29.240407779,29.240407779,1.02452560668
104,0,270,positive,0.138092372237,-0.136731813737,-0.0298614744156,138.092372237,-136.731813737,-29.8614744156,29.240407779,29.240407779,1.02452560668
104,1,270,positive,0.138092372237,-0.136999221098,-0.0297425172475,138.092372237,-136.999221098,-29.7425172475,29.5078151404,29.5078151404,1.14348277479
105,0,270,positive,0.138092372237,-0.137249855181,-0.0296600021809,138.092372237,-137.249855181,-29.6600021809,29.7584492232,29.7584492232,1.22599784138
105,1,270,positive,0.138092372237,-0.136999221098,-0.0297425172475,138.092372237,-136.999221098,-29.7425172475,29.5078151404,29.5078151404,1.14348277479
106,0,270,positive,0.138092372237,-0.137410174301,-0.0295727726286,138.092372237,-137.410174301,-29.5727726286,29.9187683429,29.9187683429,1.31322739374
106,1,270,positive,0.138092372237,-0.137249855181,-0.0296600021809,138.092372237,-137.249855181,-29.6600021809,29.7584492232,29.7584492232,1.22599784138
107,0,270,positive,0.138092372237,-0.134730886852,-0.030145956906,138.092372237,-134.730886852,-30.145956906,27.239480894,27.239480894,0.740043116301
107,1,270,positive,0.138092372237,-0.134125942301,-0.0302254579219,138.092372237,-134.125942301,-30.2254579219,26.6345363426,26.6345363426,0.660542100388
108,0,270,positive,0.138092372237,-0.135129697576,-0.0300690639082,138.092372237,-135.129697576,-30.0690639082,27.6382916182,27.6382916182,0.816936114141
108,1,270,positive,0.138092372237,-0.134730886852,-0.030145956906,138.092372237,-134.730886852,-30.145956906,27.239480894,27.239480894,0.740043116301
109,0,270,positive,0.138092372237,-0.135577660041,-0.0300202611642,138.092372237,-135.577660041,-30.0202611642,28.0862540834,28.0862540834,0.865738858081
109,1,270,positive,0.138092372237,-0.136331400932,-0.0299643114992,138.092372237,-136.331400932,-29.9643114992,28.8399949744,28.8399949744,0.92168852307
110,0,270,positive,0.138092372237,-0.135577660041,-0.0300202611642,138.092372237,-135.577660041,-30.0202611642,28.0862540834,28.0862540834,0.865738858081
110,1,270,positive,0.138092372237,-0.135129697576,-0.0300690639082,138.092372237,-135.129697576,-30.0690639082,27.6382916182,27.6382916182,0.816936114141
111,0,270,positive,0.138092372237,-0.133360783988,-0.0259520339157,138.092372237,-133.360783988,-25.9520339157,25.8693780299,25.8693780299,4.93396610657
111,1,270,positive,0.138092372237,-0.133286142094,-0.0260187790636,138.092372237,-133.286142094,-26.0187790636,25.7947361365,25.7947361365,4.86722095869
112,0,270,positive,0.138092372237,-0.133286142094,-0.0260187790636,138.092372237,-133.286142094,-26.0187790636,25.7947361365,25.7947361365,4.86722095869
112,1,270,positive,0.138092372237,-0.132566637683,-0.0259153728072,138.092372237,-132.566637683,-25.9153728072,25.0752317246,25.0752317246,4.97062721509
113,0,270,positive,0.138092372237,-0.132390409862,-0.0258951801895,138.092372237,-132.390409862,-25.8951801895,24.8990039045,24.8990039045,4.99081983274
113,1,270,positive,0.138092372237,-0.132566637683,-0.0259153728072,138.092372237,-132.566637683,-25.9153728072,25.0752317246,25.0752317246,4.97062721509
114,0,270,positive,0.138092372237,-0.137794452662,-0.0292314579703,138.092372237,-137.794452662,-29.2314579703,30.3030467039,30.3030467039,1.654542052
114,1,270,positive,0.138092372237,-0.138017981657,-0.0289860730224,138.092372237,-138.017981657,-28.9860730224,30.5265756987,30.5265756987,1.89992699987
115,0,270,positive,0.138092372237,-0.134213400006,-0.0257259723887,138.092372237,-134.213400006,-25.7259723887,26.7219940479,26.7219940479,5.16002763355
115,1,270,positive,0.138092372237,-0.133746412625,-0.025858074046,138.092372237,-133.746412625,-25.858074046,26.2550066675,26.2550066675,5.02792597629
116,0,270,positive,0.138092372237,-0.13434525132,-0.0255911645249,138.092372237,-134.34525132,-25.5911645249,26.8538453625,26.8538453625,5.29483549741
116,1,270,positive,0.138092372237,-0.134213400006,-0.0257259723887,138.092372237,-134.213400006,-25.7259723887,26.7219940479,26.7219940479,5.16002763355
117,0,270,positive,0.138092372237,-0.134950237572,-0.0248851341992,138.092372237,-134.950237572,-24.8851341992,27.4588316145,27.4588316145,6.00086582306
117,1,270,positive,0.138092372237,-0.134741958322,-0.0252122387602,138.092372237,-134.741958322,-25.2122387602,27.2505523641,27.2505523641,5.67376126212
118,0,270,positive,0.138092372237,-0.134950237572,-0.0248851341992,138.092372237,-134.950237572,-24.8851341992,27.4588316145,27.4588316145,6.00086582306
118,1,270,positive,0.138092372237,-0.135216159171,-0.0245465477444,138.092372237,-135.216159171,-24.5465477444,27.7247532131,27.7247532131,6.33945227791
119,0,270,positive,0.138092372237,-0.13434525132,-0.0255911645249,138.092372237,-134.34525132,-25.5911645249,26.8538453625,26.8538453625,5.29483549741
119,1,270,positive,0.138092372237,-0.134741958322,-0.0252122387602,138.092372237,-134.741958322,-25.2122387602,27.2505523641,27.2505523641,5.67376126212
120,0,270,positive,0.138092372237,-0.133438430409,-0.0259432446402,138.092372237,-133.438430409,-25.9432446402,25.9470244505,25.9470244505,4.94275538208
120,1,270,positive,0.138092372237,-0.133746412625,-0.025858074046,138.092372237,-133.746412625,-25.858074046,26.2550066675,26.2550066675,5.02792597629
121,0,270,positive,0.138092372237,-0.133360783988,-0.0259520339157,138.092372237,-133.360783988,-25.9520339157,25.8693780299,25.8693780299,4.93396610657
121,1,270,positive,0.138092372237,-0.133438430409,-0.0259432446402,138.092372237,-133.438430409,-25.9432446402,25.9470244505,25.9470244505,4.94275538208
122,0,270,positive,0.138092372237,-0.131121175492,-0.0304109215632,138.092372237,-131.121175492,-30.4109215632,23.6297695342,23.6297695342,0.475078459078
122,1,270,positive,0.138092372237,-0.131889654422,-0.0303473500935,138.092372237,-131.889654422,-30.3473500935,24.3982484641,24.3982484641,0.538649928813
123,0,270,positive,0.138092372237,-0.131889654422,-0.0303473500935,138.092372237,-131.889654422,-30.3473500935,24.3982484641,24.3982484641,0.538649928813
123,1,270,positive,0.138092372237,-0.132614600705,-0.030326798388,138.092372237,-132.614600705,-30.326798388,25.1231947467,25.1231947467,0.559201634297
124,0,270,positive,0.138092372237,-0.131121175492,-0.0304109215632,138.092372237,-131.121175492,-30.4109215632,23.6297695342,23.6297695342,0.475078459078
124,1,270,positive,0.138092372237,-0.13067017834,-0.0304284577533,138.092372237,-130.67017834,-30.4284577533,23.1787723817,23.1787723817,0.457542269003
125,0,270,positive,0.138092372237,-0.130554170886,-0.0304312145652,138.092372237,-130.554170886,-30.4312145652,23.0627649282,23.0627649282,0.454785457106
125,1,270,positive,0.138092372237,-0.129808292489,-0.03041778571,138.092372237,-129.808292489,-30.41778571,22.3168865313,22.3168865313,0.468214312311
126,0,270,positive,0.138092372237,-0.13067017834,-0.0304284577533,138.092372237,-130.67017834,-30.4284577533,23.1787723817,23.1787723817,0.457542269003
126,1,270,positive,0.138092372237,-0.130554170886,-0.0304312145652,138.092372237,-130.554170886,-30.4312145652,23.0627649282,23.0627649282,0.454785457106
127,0,270,positive,0.138092372237,-0.127666116909,-0.0304182503897,138.092372237,-127.666116909,-30.4182503897,20.1747109512,20.1747109512,0.467749632621
127,1,270,positive,0.138092372237,-0.127298067925,-0.0304234926973,138.092372237,-127.298067925,-30.4234926973,19.8066619668,19.8066619668,0.462507324996
128,0,270,positive,0.138092372237,-0.127298067925,-0.0304234926973,138.092372237,-127.298067925,-30.4234926973,19.8066619668,19.8066619668,0.462507324996
128,1,270,positive,0.138092372237,-0.127198090201,-0.0304238547707,138.092372237,-127.198090201,-30.4238547707,19.7066842433,19.7066842433,0.462145251571
129,0,270,positive,0.138092372237,-0.13099918176,-0.0257560467574,138.092372237,-130.99918176,-25.7560467574,23.5077758024,23.5077758024,5.12995326485
129,1,270,positive,0.138092372237,-0.130699109976,-0.0257470572743,138.092372237,-130.699109976,-25.7470572743,23.207704018,23.207704018,5.13894274799
130,0,270,positive,0.138092372237,-0.131472588401,-0.0257994592724,138.092372237,-131.472588401,-25.7994592724,23.9811824433,23.9811824433,5.08654074989
130,1,270,positive,0.138092372237,-0.131460803341,-0.0258026351505,138.092372237,-131.460803341,-25.8026351505,23.9693973828,23.9693973828,5.08336487178
131,0,270,positive,0.138092372237,-0.13099918176,-0.0257560467574,138.092372237,-130.99918176,-25.7560467574,23.5077758024,23.5077758024,5.12995326485
131,1,270,positive,0.138092372237,-0.131460803341,-0.0258026351505,138.092372237,-131.460803341,-25.8026351505,23.9693973828,23.9693973828,5.08336487178
132,0,270,positive,0.138092372237,-0.130421353844,-0.0256762504133,138.092372237,-130.421353844,-25.6762504133,22.9299478858,22.9299478858,5.20974960895
132,1,270,positive,0.138092372237,-0.130138749089,-0.0254932791953,138.092372237,-130.138749089,-25.4932791953,22.647343131,22.647343131,5.39272082704
133,0,270,positive,0.138092372237,-0.130421353844,-0.0256762504133,138.092372237,-130.421353844,-25.6762504133,22.9299478858,22.9299478858,5.20974960895
133,1,270,positive,0.138092372237,-0.130699109976,-0.0257470572743,138.092372237,-130.699109976,-25.7470572743,23.207704018,23.207704018,5.13894274799
134,0,270,positive,0.138092372237,-0.130138749089,-0.0254932791953,138.092372237,-130.138749089,-25.4932791953,22.647343131,22.647343131,5.39272082704
134,1,270,positive,0.138092372237,-0.129504055286,-0.0253203873811,138.092372237,-129.504055286,-25.3203873811,22.0126493276,22.0126493276,5.56561264116
135,0,270,positive,0.138092372237,-0.129386995383,-0.0253032438907,138.092372237,-129.386995383,-25.3032438907,21.8955894252,21.8955894252,5.58275613156
135,1,270,positive,0.138092372237,-0.129504055286,-0.0253203873811,138.092372237,-129.504055286,-25.3203873811,22.0126493276,22.0126493276,5.56561264116
136,0,270,positive,0.138092372237,-0.132211015003,-0.0259076164643,138.092372237,-132.211015003,-25.9076164643,24.7196090449,24.7196090449,4.97838355803
136,1,270,positive,0.138092372237,-0.131856819935,-0.0258154332666,138.092372237,-131.856819935,-25.8154332666,24.365413977,24.365413977,5.07056675567
137,0,270,positive,0.138092372237,-0.131472588401,-0.0257994592724,138.092372237,-131.472588401,-25.7994592724,23.9811824433,23.9811824433,5.08654074989
137,1,270,positive,0.138092372237,-0.131856819935,-0.0258154332666,138.092372237,-131.856819935,-25.8154332666,24.365413977,24.365413977,5.07056675567
138,0,270,positive,0.138092372237,-0.132211015003,-0.0259076164643,138.092372237,-132.211015003,-25.9076164643,24.7196090449,24.7196090449,4.97838355803
138,1,270,positive,0.138092372237,-0.132390409862,-0.0258951801895,138.092372237,-132.390409862,-25.8951801895,24.8990039045,24.8990039045,4.99081983274
139,0,270,positive,0.138092372237,-0.129338938226,-0.0252739727676,138.092372237,-129.338938226,-25.2739727676,21.8475322683,21.8475322683,5.61202725468
139,1,270,positive,0.138092372237,-0.129386995383,-0.0253032438907,138.092372237,-129.386995383,-25.3032438907,21.8955894252,21.8955894252,5.58275613156
140,0,270,positive,0.138092372237,-0.129292519694,-0.0252515170033,138.092372237,-129.292519694,-25.2515170033,21.8011137361,21.8011137361,5.63448301896
140,1,270,positive,0.138092372237,-0.129338938226,-0.0252739727676,138.092372237,-129.338938226,-25.2739727676,21.8475322683,21.8475322683,5.61202725468
141,0,270,positive,0.138092372237,-0.138164648454,-0.0287490511238,138.092372237,-138.164648454,-28.7490511238,30.6732424961,30.6732424961,2.13694889845
141,1,270,positive,0.138092372237,-0.13862185279,-0.0282171765486,138.092372237,-138.62185279,-28.2171765486,31.1304468318,31.1304468318,2.6688234737
142,0,270,positive,0.138092372237,-0.138772655928,-0.0280692300042,138.092372237,-138.772655928,-28.0692300042,31.2812499695,31.2812499695,2.81677001807
142,1,270,positive,0.138092372237,-0.13862185279,-0.0282171765486,138.092372237,-138.62185279,-28.2171765486,31.1304468318,31.1304468318,2.6688234737
143,0,270,positive,0.138092372237,-0.138164648454,-0.0287490511238,138.092372237,-138.164648454,-28.7490511238,30.6732424961,30.6732424961,2.13694889845
143,1,270,positive,0.138092372237,-0.138017981657,-0.0289860730224,138.092372237,-138.017981657,-28.9860730224,30.5265756987,30.5265756987,1.89992699987
144,0,270,positive,0.138092372237,-0.13649586374,-0.0228864676227,138.092372237,-136.49586374,-22.8864676227,29.0044577818,29.0044577818,7.99953239959
144,1,270,positive,0.138092372237,-0.136418343677,-0.0229147012789,138.092372237,-136.418343677,-22.9147012789,28.9269377185,28.9269377185,7.97129874344
145,0,270,positive,0.138092372237,-0.136678038533,-0.0227938802123,138.092372237,-136.678038533,-22.7938802123,29.1866325746,29.1866325746,8.09211981
145,1,270,positive,0.138092372237,-0.13649586374,-0.0228864676227,138.092372237,-136.49586374,-22.8864676227,29.0044577818,29.0044577818,7.99953239959
146,0,270,positive,0.138092372237,-0.136418343677,-0.0229147012789,138.092372237,-136.418343677,-22.9147012789,28.9269377185,28.9269377185,7.97129874344
146,1,270,positive,0.138092372237,-0.136161735771,-0.0230864054966,138.092372237,-136.161735771,-23.0864054966,28.6703298126,28.6703298126,7.79959452568
147,0,270,positive,0.138092372237,-0.135752254298,-0.0233552313592,138.092372237,-135.752254298,-23.3552313592,28.2608483399,28.2608483399,7.53076866309
147,1,270,positive,0.138092372237,-0.135903128038,-0.0231923168995,138.092372237,-135.903128038,-23.1923168995,28.4117220798,28.4117220798,7.69368312281
148,0,270,positive,0.138092372237,-0.135903128038,-0.0231923168995,138.092372237,-135.903128038,-23.1923168995,28.4117220798,28.4117220798,7.69368312281
148,1,270,positive,0.138092372237,-0.136161735771,-0.0230864054966,138.092372237,-136.161735771,-23.0864054966,28.6703298126,28.6703298126,7.79959452568
149,0,270,positive,0.138092372237,-0.136678038533,-0.0227938802123,138.092372237,-136.678038533,-22.7938802123,29.1866325746,29.1866325746,8.09211981
149,1,270,positive,0.138092372237,-0.136829073972,-0.0226985029383,138.092372237,-136.829073972,-22.6985029383,29.3376680144,29.3376680144,8.18749708398
150,0,270,positive,0.138092372237,-0.135489191505,-0.023905500531,138.092372237,-135.489191505,-23.905500531,27.997785547,27.997785547,6.98049949133
150,1,270,positive,0.138092372237,-0.135472803781,-0.0239508040253,138.092372237,-135.472803781,-23.9508040253,27.9813978228,27.9813978228,6.93519599699
151,0,270,positive,0.138092372237,-0.135472803781,-0.0239508040253,138.092372237,-135.472803781,-23.9508040253,27.9813978228,27.9813978228,6.93519599699
151,1,270,positive,0.138092372237,-0.135467630209,-0.0239582578824,138.092372237,-135.467630209,-23.9582578824,27.976224251,27.976224251,6.92774213985
152,0,270,positive,0.138092372237,-0.135216159171,-0.0245465477444,138.092372237,-135.216159171,-24.5465477444,27.7247532131,27.7247532131,6.33945227791
152,1,270,positive,0.138092372237,-0.135467630209,-0.0239582578824,138.092372237,-135.467630209,-23.9582578824,27.976224251,27.976224251,6.92774213985
153,0,270,positive,0.138092372237,-0.135489191505,-0.023905500531,138.092372237,-135.489191505,-23.905500531,27.997785547,27.997785547,6.98049949133
153,1,270,positive,0.138092372237,-0.135752254298,-0.0233552313592,138.092372237,-135.752254298,-23.3552313592,28.2608483399,28.2608483399,7.53076866309
154,0,270,positive,0.138092372237,-0.136829073972,-0.0226985029383,138.092372237,-136.829073972,-22.6985029383,29.3376680144,29.3376680144,8.18749708398
154,1,270,positive,0.138092372237,-0.137047163912,-0.0224631373515,138.092372237,-137.047163912,-22.4631373515,29.555757954,29.555757954,8.42286267078
155,0,270,positive,0.138092372237,-0.138294150012,-0.0206756188101,138.092372237,-138.294150012,-20.6756188101,30.8027440544,30.8027440544,10.2103812122
155,1,270,positive,0.138092372237,-0.137850860838,-0.0214870583342,138.092372237,-137.850860838,-21.4870583342,30.3594548802,30.3594548802,9.39894168813
156,0,270,positive,0.138092372237,-0.137689258839,-0.021710051788,138.092372237,-137.689258839,-21.710051788,30.197852881,30.197852881,9.17594823429
156,1,270,positive,0.138092372237,-0.137047163912,-0.0224631373515,138.092372237,-137.047163912,-22.4631373515,29.555757954,29.555757954,8.42286267078
157,0,270,positive,0.138092372237,-0.137689258839,-0.021710051788,138.092372237,-137.689258839,-21.710051788,30.197852881,30.197852881,9.17594823429
157,1,270,positive,0.138092372237,-0.137850860838,-0.0214870583342,138.092372237,-137.850860838,-21.4870583342,30.3594548802,30.3594548802,9.39894168813
158,0,270,positive,0.138092372237,-0.138294150012,-0.0206756188101,138.092372237,-138.294150012,-20.6756188101,30.8027440544,30.8027440544,10.2103812122
158,1,270,positive,0.138092372237,-0.13846830786,-0.0203616601758,138.092372237,-138.46830786,-20.3616601758,30.976901902,30.976901902,10.5243398465
159,0,270,positive,0.138092372237,-0.13846830786,-0.0203616601758,138.092372237,-138.46830786,-20.3616601758,30.976901902,30.976901902,10.5243398465
159,1,270,positive,0.138092372237,-0.138647891436,-0.0201139166159,138.092372237,-138.647891436,-20.1139166159,31.1564854781,31.1564854781,10.7720834064
160,0,270,positive,0.138092372237,-0.120831883533,-0.0304463910406,138.092372237,-120.831883533,-30.4463910406,13.3404775753,13.3404775753,0.439608981689
160,1,270,positive,0.138092372237,-0.12187229483,-0.0304872359204,138.092372237,-121.87229483,-30.4872359204,14.3808888724,14.3808888724,0.398764101903
161,0,270,positive,0.138092372237,-0.121311121652,-0.0254905473066,138.092372237,-121.311121652,-25.4905473066,13.8197156938,13.8197156938,5.39545271571
161,1,270,positive,0.138092372237,-0.120984778528,-0.025386341172,138.092372237,-120.984778528,-25.386341172,13.4933725702,13.4933725702,5.49965885027
162,0,270,positive,0.138092372237,-0.11828707734,-0.0304826739656,138.092372237,-118.28707734,-30.4826739656,10.7956713825,10.7956713825,0.403326056704
162,1,270,positive,0.138092372237,-0.118464080317,-0.0304877419327,138.092372237,-118.464080317,-30.4877419327,10.9726743593,10.9726743593,0.39825808959
163,0,270,positive,0.138092372237,-0.117755672753,-0.0304904584578,138.092372237,-117.755672753,-30.4904584578,10.2642667952,10.2642667952,0.395541564495
163,1,270,positive,0.138092372237,-0.11828707734,-0.0304826739656,138.092372237,-118.28707734,-30.4826739656,10.7956713825,10.7956713825,0.403326056704
164,0,270,positive,0.138092372237,-0.117755672753,-0.0304904584578,138.092372237,-117.755672753,-30.4904584578,10.2642667952,10.2642667952,0.395541564495
164,1,270,positive,0.138092372237,-0.116107655176,-0.0305315171816,138.092372237,-116.107655176,-30.5315171816,8.61624921827,8.61624921827,0.354482840724
165,0,270,positive,0.138092372237,-0.116107655176,-0.0305315171816,138.092372237,-116.107655176,-30.5315171816,8.61624921827,8.61624921827,0.354482840724
165,1,270,positive,0.138092372237,-0.115603127867,-0.0305453972103,138.092372237,-115.603127867,-30.5453972103,8.11172190903,8.11172190903,0.340602811959
166,0,270,positive,0.138092372237,-0.119469561183,-0.0305599254208,138.092372237,-119.469561183,-30.5599254208,11.9781552246,11.9781552246,0.326074601509
166,1,270,positive,0.138092372237,-0.119675118263,-0.0305580788988,138.092372237,-119.675118263,-30.5580788988,12.1837123048,12.1837123048,0.327921123519
167,0,270,positive,0.138092372237,-0.119469561183,-0.0305599254208,138.092372237,-119.469561183,-30.5599254208,11.9781552246,11.9781552246,0.326074601509
167,1,270,positive,0.138092372237,-0.118464080317,-0.0304877419327,138.092372237,-118.464080317,-30.4877419327,10.9726743593,10.9726743593,0.39825808959
168,0,270,positive,0.138092372237,-0.120520183318,-0.0304884915634,138.092372237,-120.520183318,-30.4884915634,13.0287773596,13.0287773596,0.397508458872
168,1,270,positive,0.138092372237,-0.120831883533,-0.0304463910406,138.092372237,-120.831883533,-30.4463910406,13.3404775753,13.3404775753,0.439608981689
169,0,270,positive,0.138092372237,-0.120520183318,-0.0304884915634,138.092372237,-120.520183318,-30.4884915634,13.0287773596,13.0287773596,0.397508458872
169,1,270,positive,0.138092372237,-0.119675118263,-0.0305580788988,138.092372237,-119.675118263,-30.5580788988,12.1837123048,12.1837123048,0.327921123519
170,0,270,positive,0.138092372237,-0.117608887241,-0.0253362193475,138.092372237,-117.608887241,-25.3362193475,10.1174812834,10.1174812834,5.54978067476
170,1,270,positive,0.138092372237,-0.117512343099,-0.0253320802676,138.092372237,-117.512343099,-25.3320802676,10.0209371408,10.0209371408,5.55391975469
171,0,270,positive,0.138092372237,-0.116449616247,-0.0252139929606,138.092372237,-116.449616247,-25.2139929606,8.95821028907,8.95821028907,5.67200706168
171,1,270,positive,0.138092372237,-0.116190601006,-0.0251596339372,138.092372237,-116.190601006,-25.1596339372,8.69919504822,8.69919504822,5.72636608513
172,0,270,positive,0.138092372237,-0.117512343099,-0.0253320802676,138.092372237,-117.512343099,-25.3320802676,10.0209371408,10.0209371408,5.55391975469
172,1,270,positive,0.138092372237,-0.117195802439,-0.0253330227575,138.092372237,-117.195802439,-25.3330227575,9.70439648137,9.70439648137,5.55297726474
173,0,270,positive,0.138092372237,-0.11686377726,-0.0253224669538,138.092372237,-116.86377726,-25.3224669538,9.37237130221,9.37237130221,5.56353306854
173,1,270,positive,0.138092372237,-0.117195802439,-0.0253330227575,138.092372237,-117.195802439,-25.3330227575,9.70439648137,9.70439648137,5.55297726474
174,0,270,positive,0.138092372237,-0.116809337694,-0.0253188480869,138.092372237,-116.809337694,-25.3188480869,9.31793173589,9.31793173589,5.56715193539
174,1,270,positive,0.138092372237,-0.11686377726,-0.0253224669538,138.092372237,-116.86377726,-25.3224669538,9.37237130221,9.37237130221,5.56353306854
175,0,270,positive,0.138092372237,-0.116449616247,-0.0252139929606,138.092372237,-116.449616247,-25.2139929606,8.95821028907,8.95821028907,5.67200706168
175,1,270,positive,0.138092372237,-0.116809337694,-0.0253188480869,138.092372237,-116.809337694,-25.3188480869,9.31793173589,9.31793173589,5.56715193539
176,0,270,positive,0.138092372237,-0.120311354039,-0.0251883907269,138.092372237,-120.311354039,-25.1883907269,12.8199480806,12.8199480806,5.69760929541
176,1,270,positive,0.138092372237,-0.120054476986,-0.0251626705914,138.092372237,-120.054476986,-25.1626705914,12.5630710279,12.5630710279,5.72332943086
177,0,270,positive,0.138092372237,-0.119612258607,-0.0251757894718,138.092372237,-119.612258607,-25.1757894718,12.120852649,12.120852649,5.71021055048
177,1,270,positive,0.138092372237,-0.119395972847,-0.0252036378601,138.092372237,-119.395972847,-25.2036378601,11.9045668892,11.9045668892,5.68236216222
178,0,270,positive,0.138092372237,-0.1190482409,-0.0252021897293,138.092372237,-119.0482409,-25.2021897293,11.5568349419,11.5568349419,5.68381029304
178,1,270,positive,0.138092372237,-0.118350981005,-0.025229922852,138.092372237,-118.350981005,-25.229922852,10.8595750474,10.8595750474,5.6560771703
179,0,270,positive,0.138092372237,-0.117608887241,-0.0253362193475,138.092372237,-117.608887241,-25.3362193475,10.1174812834,10.1174812834,5.54978067476
179,1,270,positive,0.138092372237,-0.118350981005,-0.025229922852,138.092372237,-118.350981005,-25.229922852,10.8595750474,10.8595750474,5.6560771703
180,0,270,positive,0.138092372237,-0.1190482409,-0.0252021897293,138.092372237,-119.0482409,-25.2021897293,11.5568349419,11.5568349419,5.68381029304
180,1,270,positive,0.138092372237,-0.119395972847,-0.0252036378601,138.092372237,-119.395972847,-25.2036378601,11.9045668892,11.9045668892,5.68236216222
181,0,270,positive,0.138092372237,-0.120311354039,-0.0251883907269,138.092372237,-120.311354039,-25.1883907269,12.8199480806,12.8199480806,5.69760929541
181,1,270,positive,0.138092372237,-0.120984778528,-0.025386341172,138.092372237,-120.984778528,-25.386341172,13.4933725702,13.4933725702,5.49965885027
182,0,270,positive,0.138092372237,-0.119612258607,-0.0251757894718,138.092372237,-119.612258607,-25.1757894718,12.120852649,12.120852649,5.71021055048
182,1,270,positive,0.138092372237,-0.120054476986,-0.0251626705914,138.092372237,-120.054476986,-25.1626705914,12.5630710279,12.5630710279,5.72332943086
183,0,270,positive,0.138092372237,-0.125513949834,-0.0303539712427,138.092372237,-125.513949834,-30.3539712427,18.0225438757,18.0225438757,0.532028779595
183,1,270,positive,0.138092372237,-0.126005866388,-0.0303439156247,138.092372237,-126.005866388,-30.3439156247,18.5144604304,18.5144604304,0.542084397637
184,0,270,positive,0.138092372237,-0.12474549523,-0.0304309604957,138.092372237,-124.74549523,-30.4309604957,17.2540892719,17.2540892719,0.455039526632
184,1,270,positive,0.138092372237,-0.125513949834,-0.0303539712427,138.092372237,-125.513949834,-30.3539712427,18.0225438757,18.0225438757,0.532028779595
185,0,270,positive,0.138092372237,-0.12474549523,-0.0304309604957,138.092372237,-124.74549523,-30.4309604957,17.2540892719,17.2540892719,0.455039526632
185,1,270,positive,0.138092372237,-0.124180651103,-0.0304785096984,138.092372237,-124.180651103,-30.4785096984,16.6892451451,16.6892451451,0.40749032389
186,0,270,positive,0.138092372237,-0.122612100781,-0.0304943227759,138.092372237,-122.612100781,-30.4943227759,15.1206948228,15.1206948228,0.391677246392
186,1,270,positive,0.138092372237,-0.124180651103,-0.0304785096984,138.092372237,-124.180651103,-30.4785096984,16.6892451451,16.6892451451,0.40749032389
187,0,270,positive,0.138092372237,-0.122612100781,-0.0304943227759,138.092372237,-122.612100781,-30.4943227759,15.1206948228,15.1206948228,0.391677246392
187,1,270,positive,0.138092372237,-0.12226392448,-0.0304930199243,138.092372237,-122.26392448,-30.4930199243,14.7725185222,14.7725185222,0.392980097948
188,0,270,positive,0.138092372237,-0.12226392448,-0.0304930199243,138.092372237,-122.26392448,-30.4930199243,14.7725185222,14.7725185222,0.392980097948
188,1,270,positive,0.138092372237,-0.12187229483,-0.0304872359204,138.092372237,-121.87229483,-30.4872359204,14.3808888724,14.3808888724,0.398764101903
189,0,270,positive,0.138092372237,-0.126005866388,-0.0303439156247,138.092372237,-126.005866388,-30.3439156247,18.5144604304,18.5144604304,0.542084397637
189,1,270,positive,0.138092372237,-0.127055081608,-0.0304176065603,138.092372237,-127.055081608,-30.4176065603,19.56367565,19.56367565,0.468393462024
190,0,270,positive,0.138092372237,-0.127143348963,-0.0304226609148,138.092372237,-127.143348963,-30.4226609148,19.6519430046,19.6519430046,0.463339107506
190,1,270,positive,0.138092372237,-0.127055081608,-0.0304176065603,138.092372237,-127.055081608,-30.4176065603,19.56367565,19.56367565,0.468393462024
191,0,270,positive,0.138092372237,-0.127198090201,-0.0304238547707,138.092372237,-127.198090201,-30.4238547707,19.7066842433,19.7066842433,0.462145251571
191,1,270,positive,0.138092372237,-0.127143348963,-0.0304226609148,138.092372237,-127.143348963,-30.4226609148,19.6519430046,19.6519430046,0.463339107506
192,0,270,positive,0.138092372237,-0.125311517332,-0.025397156657,138.092372237,-125.311517332,-25.397156657,17.8201113738,17.8201113738,5.48884336528
192,1,270,positive,0.138092372237,-0.12514948269,-0.0254126812638,138.092372237,-125.14948269,-25.4126812638,17.6580767321,17.6580767321,5.47331875852
193,0,270,positive,0.138092372237,-0.125716666765,-0.0253152219091,138.092372237,-125.716666765,-25.3152219091,18.2252608069,18.2252608069,5.57077811316
193,1,270,positive,0.138092372237,-0.125311517332,-0.025397156657,138.092372237,-125.311517332,-25.397156657,17.8201113738,17.8201113738,5.48884336528
194,0,270,positive,0.138092372237,-0.124493846061,-0.0252839192407,138.092372237,-124.493846061,-25.2839192407,17.0024401027,17.0024401027,5.60208078155
194,1,270,positive,0.138092372237,-0.124250278515,-0.0252308355789,138.092372237,-124.250278515,-25.2308355789,16.7588725571,16.7588725571,5.65516444337
195,0,270,positive,0.138092372237,-0.123753308356,-0.0252979476824,138.092372237,-123.753308356,-25.2979476824,16.2619023981,16.2619023981,5.58805233991
195,1,270,positive,0.138092372237,-0.124250278515,-0.0252308355789,138.092372237,-124.250278515,-25.2308355789,16.7588725571,16.7588725571,5.65516444337
196,0,270,positive,0.138092372237,-0.124493846061,-0.0252839192407,138.092372237,-124.493846061,-25.2839192407,17.0024401027,17.0024401027,5.60208078155
196,1,270,positive,0.138092372237,-0.12514948269,-0.0254126812638,138.092372237,-125.14948269,-25.4126812638,17.6580767321,17.6580767321,5.47331875852
197,0,270,positive,0.138092372237,-0.123753308356,-0.0252979476824,138.092372237,-123.753308356,-25.2979476824,16.2619023981,16.2619023981,5.58805233991
197,1,270,positive,0.138092372237,-0.123522309465,-0.025300596562,138.092372237,-123.522309465,-25.300596562,16.0309035067,16.0309035067,5.58540346025
198,0,270,positive,0.138092372237,-0.123273835866,-0.0253327887778,138.092372237,-123.273835866,-25.3327887778,15.7824299083,15.7824299083,5.55321124452
198,1,270,positive,0.138092372237,-0.123522309465,-0.025300596562,138.092372237,-123.522309465,-25.300596562,16.0309035067,16.0309035067,5.58540346025
199,0,270,positive,0.138092372237,-0.12295422333,-0.0252716153652,138.092372237,-122.95422333,-25.2716153652,15.4628173717,15.4628173717,5.61438465709
199,1,270,positive,0.138092372237,-0.122421471129,-0.0253656617803,138.092372237,-122.421471129,-25.3656617803,14.9300651709,14.9300651709,5.52033824196
200,0,270,positive,0.138092372237,-0.12295422333,-0.0252716153652,138.092372237,-122.95422333,-25.2716153652,15.4628173717,15.4628173717,5.61438465709
200,1,270,positive,0.138092372237,-0.123074510439,-0.0252645022903,138.092372237,-123.074510439,-25.2645022903,15.5831044813,15.5831044813,5.62149773202
201,0,270,positive,0.138092372237,-0.123074510439,-0.0252645022903,138.092372237,-123.074510439,-25.2645022903,15.5831044813,15.5831044813,5.62149773202
201,1,270,positive,0.138092372237,-0.123273835866,-0.0253327887778,138.092372237,-123.273835866,-25.3327887778,15.7824299083,15.7824299083,5.55321124452
202,0,270,positive,0.138092372237,-0.122387288901,-0.0253731893392,138.092372237,-122.387288901,-25.3731893392,14.8958829429,14.8958829429,5.51281068308
202,1,270,positive,0.138092372237,-0.121401570029,-0.0255082702271,138.092372237,-121.401570029,-25.5082702271,13.9101640711,13.9101640711,5.37772979518
203,0,270,positive,0.138092372237,-0.121311121652,-0.0254905473066,138.092372237,-121.311121652,-25.4905473066,13.8197156938,13.8197156938,5.39545271571
203,1,270,positive,0.138092372237,-0.121401570029,-0.0255082702271,138.092372237,-121.401570029,-25.5082702271,13.9101640711,13.9101640711,5.37772979518
204,0,270,positive,0.138092372237,-0.122387288901,-0.0253731893392,138.092372237,-122.387288901,-25.3731893392,14.8958829429,14.8958829429,5.51281068308
204,1,270,positive,0.138092372237,-0.122421471129,-0.0253656617803,138.092372237,-122.421471129,-25.3656617803,14.9300651709,14.9300651709,5.52033824196
205,0,270,positive,0.138092372237,-0.126177955798,-0.0253272749263,138.092372237,-126.177955798,-25.3272749263,18.6865498398,18.6865498398,5.55872509596
205,1,270,positive,0.138092372237,-0.126003359182,-0.0253208615551,138.092372237,-126.003359182,-25.3208615551,18.5119532241,18.5119532241,5.56513846722
206,0,270,positive,0.138092372237,-0.126688788037,-0.0253202459643,138.092372237,-126.688788037,-25.3202459643,19.1973820792,19.1973820792,5.56575405802
206,1,270,positive,0.138092372237,-0.126454335032,-0.0253377692309,138.092372237,-126.454335032,-25.3377692309,18.9629290737,18.9629290737,5.54823079139
207,0,270,positive,0.138092372237,-0.126454335032,-0.0253377692309,138.092372237,-126.454335032,-25.3377692309,18.9629290737,18.9629290737,5.54823079139
207,1,270,positive,0.138092372237,-0.126177955798,-0.0253272749263,138.092372237,-126.177955798,-25.3272749263,18.6865498398,18.6865498398,5.55872509596
208,0,270,positive,0.138092372237,-0.125716666765,-0.0253152219091,138.092372237,-125.716666765,-25.3152219091,18.2252608069,18.2252608069,5.57077811316
208,1,270,positive,0.138092372237,-0.126003359182,-0.0253208615551,138.092372237,-126.003359182,-25.3208615551,18.5119532241,18.5119532241,5.56513846722
209,0,270,positive,0.138092372237,-0.126688788037,-0.0253202459643,138.092372237,-126.688788037,-25.3202459643,19.1973820792,19.1973820792,5.56575405802
209,1,270,positive,0.138092372237,-0.126958578284,-0.0252760346187,138.092372237,-126.958578284,-25.2760346187,19.4671723264,19.4671723264,5.60996540359
210,0,270,positive,0.138092372237,-0.116183302281,-0.0251493223283,138.092372237,-116.183302281,-25.1493223283,8.69189632325,8.69189632325,5.73667769397
210,1,270,positive,0.138092372237,-0.11608270332,-0.0251185273036,138.092372237,-116.08270332,-25.1185273036,8.59129736236,8.59129736236,5.76747271868
211,0,270,positive,0.138092372237,-0.116190601006,-0.0251596339372,138.092372237,-116.190601006,-25.1596339372,8.69919504822,8.69919504822,5.72636608513
211,1,270,positive,0.138092372237,-0.116183302281,-0.0251493223283,138.092372237,-116.183302281,-25.1493223283,8.69189632325,8.69189632325,5.73667769397
212,0,270,positive,0.138092372237,-0.11608270332,-0.0251185273036,138.092372237,-116.08270332,-25.1185273036,8.59129736236,8.59129736236,5.76747271868
212,1,270,positive,0.138092372237,-0.115937765369,-0.0250979958283,138.092372237,-115.937765369,-25.0979958283,8.44635941122,8.44635941122,5.788004194
213,0,270,positive,0.138092372237,-0.115475077214,-0.0250384963064,138.092372237,-115.475077214,-25.0384963064,7.98367125588,7.98367125588,5.84750371585
213,1,270,positive,0.138092372237,-0.115937765369,-0.0250979958283,138.092372237,-115.937765369,-25.0979958283,8.44635941122,8.44635941122,5.788004194
214,0,270,positive,0.138092372237,-0.115341725731,-0.0250371961111,138.092372237,-115.341725731,-25.0371961111,7.85031977299,7.85031977299,5.8488039112
214,1,270,positive,0.138092372237,-0.114785811271,-0.0250371776566,138.092372237,-114.785811271,-25.0371776566,7.29440531317,7.29440531317,5.8488223657
215,0,270,positive,0.138092372237,-0.115341725731,-0.0250371961111,138.092372237,-115.341725731,-25.0371961111,7.85031977299,7.85031977299,5.8488039112
215,1,270,positive,0.138092372237,-0.115475077214,-0.0250384963064,138.092372237,-115.475077214,-25.0384963064,7.98367125588,7.98367125588,5.84750371585
216,0,270,positive,0.138092372237,-0.113818197012,-0.0305065044677,138.092372237,-113.818197012,-30.5065044677,6.32679105365,6.32679105365,0.379495554594
216,1,270,positive,0.138092372237,-0.114777646473,-0.0305391509824,138.092372237,-114.777646473,-30.5391509824,7.28624051513,7.28624051513,0.346849039911
217,0,270,positive,0.138092372237,-0.115603127867,-0.0305453972103,138.092372237,-115.603127867,-30.5453972103,8.11172190903,8.11172190903,0.340602811959
217,1,270,positive,0.138092372237,-0.114777646473,-0.0305391509824,138.092372237,-114.777646473,-30.5391509824,7.28624051513,7.28624051513,0.346849039911
218,0,270,positive,0.138092372237,-0.114340104619,-0.0249279146759,138.092372237,-114.340104619,-24.9279146759,6.8486986615,6.8486986615,5.95808534641
218,1,270,positive,0.138092372237,-0.114639902174,-0.0250713995271,138.092372237,-114.639902174,-25.0713995271,7.14849621626,7.14849621626,5.81460049519
219,0,270,positive,0.138092372237,-0.114639902174,-0.0250713995271,138.092372237,-114.639902174,-25.0713995271,7.14849621626,7.14849621626,5.81460049519
219,1,270,positive,0.138092372237,-0.114785811271,-0.0250371776566,138.092372237,-114.785811271,-25.0371776566,7.29440531317,7.29440531317,5.8488223657
220,0,270,positive,0.138092372237,-0.147191930813,-0.015143956305,138.092372237,-147.191930813,-15.143956305,39.7005248551,39.7005248551,15.7420437173
220,1,270,positive,0.138092372237,-0.147405900994,-0.0148062595451,138.092372237,-147.405900994,-14.8062595451,39.9144950361,39.9144950361,16.0797404772
221,0,270,positive,0.138092372237,-0.145480428806,-0.0180038561253,138.092372237,-145.480428806,-18.0038561253,37.9890228478,37.9890228478,12.882143897
221,1,270,positive,0.138092372237,-0.144950324491,-0.0188480123055,138.092372237,-144.950324491,-18.8480123055,37.4589185333,37.4589185333,12.0379877168
222,0,270,positive,0.138092372237,-0.145563601323,-0.0178563411637,138.092372237,-145.563601323,-17.8563411637,38.0721953646,38.0721953646,13.0296588586
222,1,270,positive,0.138092372237,-0.145983951532,-0.0170881304028,138.092372237,-145.983951532,-17.0881304028,38.4925455737,38.4925455737,13.7978696195
223,0,270,positive,0.138092372237,-0.145563601323,-0.0178563411637,138.092372237,-145.563601323,-17.8563411637,38.0721953646,38.0721953646,13.0296588586
223,1,270,positive,0.138092372237,-0.145480428806,-0.0180038561253,138.092372237,-145.480428806,-18.0038561253,37.9890228478,37.9890228478,12.882143897
224,0,270,positive,0.138092372237,-0.146853566621,-0.0157106869115,138.092372237,-146.853566621,-15.7106869115,39.3621606629,39.3621606629,15.1753131107
224,1,270,positive,0.138092372237,-0.147191930813,-0.015143956305,138.092372237,-147.191930813,-15.143956305,39.7005248551,39.7005248551,15.7420437173
225,0,270,positive,0.138092372237,-0.146853566621,-0.0157106869115,138.092372237,-146.853566621,-15.7106869115,39.3621606629,39.3621606629,15.1753131107
225,1,270,positive,0.138092372237,-0.146106645955,-0.0169263005671,138.092372237,-146.106645955,-16.9263005671,38.6152399972,38.6152399972,13.9596994552
226,0,270,positive,0.138092372237,-0.146106645955,-0.0169263005671,138.092372237,-146.106645955,-16.9263005671,38.6152399972,38.6152399972,13.9596994552
226,1,270,positive,0.138092372237,-0.145983951532,-0.0170881304028,138.092372237,-145.983951532,-17.0881304028,38.4925455737,38.4925455737,13.7978696195
227,0,270,positive,0.138092372237,-0.1508054517,-0.00942809969755,138.092372237,-150.8054517,-9.42809969755,43.3140457416,43.3140457416,21.4579003247
227,1,270,positive,0.138092372237,-0.151688339799,-0.00798965792332,138.092372237,-151.688339799,-7.98965792332,44.1969338413,44.1969338413,22.896342099
228,0,270,positive,0.138092372237,-0.151791487943,-0.00783359827808,138.092372237,-151.791487943,-7.83359827808,44.3000819851,44.3000819851,23.0524017442
228,1,270,positive,0.138092372237,-0.151688339799,-0.00798965792332,138.092372237,-151.688339799,-7.98965792332,44.1969338413,44.1969338413,22.896342099
229,0,270,positive,0.138092372237,-0.151809293965,-0.00779703157811,138.092372237,-151.809293965,-7.79703157811,44.3178880066,44.3178880066,23.0889684442
229,1,270,positive,0.138092372237,-0.151791487943,-0.00783359827808,138.092372237,-151.791487943,-7.83359827808,44.3000819851,44.3000819851,23.0524017442
230,0,270,positive,0.138092372237,-0.151935544383,-0.00758057873814,138.092372237,-151.935544383,-7.58057873814,44.4441384252,44.4441384252,23.3054212842
230,1,270,positive,0.138092372237,-0.151809293965,-0.00779703157811,138.092372237,-151.809293965,-7.79703157811,44.3178880066,44.3178880066,23.0889684442
231,0,270,positive,0.138092372237,-0.151935544383,-0.00758057873814,138.092372237,-151.935544383,-7.58057873814,44.4441384252,44.4441384252,23.3054212842
231,1,270,positive,0.138092372237,-0.152286923302,-0.00692008594578,138.092372237,-152.286923302,-6.92008594578,44.7955173436,44.7955173436,23.9659140765
232,0,270,positive,0.138092372237,-0.15271335538,-0.00621540688567,138.092372237,-152.71335538,-6.21540688567,45.2219494222,45.2219494222,24.6705931366
232,1,270,positive,0.138092372237,-0.152286923302,-0.00692008594578,138.092372237,-152.286923302,-6.92008594578,44.7955173436,44.7955173436,23.9659140765
233,0,270,positive,0.138092372237,-0.15271335538,-0.00621540688567,138.092372237,-152.71335538,-6.21540688567,45.2219494222,45.2219494222,24.6705931366
233,1,270,positive,0.138092372237,-0.152831208707,-0.00603686843427,138.092372237,-152.831208707,-6.03686843427,45.3398027488,45.3398027488,24.849131588
234,0,270,positive,0.138092372237,-0.152831208707,-0.00603686843427,138.092372237,-152.831208707,-6.03686843427,45.3398027488,45.3398027488,24.849131588
234,1,270,positive,0.138092372237,-0.152932698213,-0.00590231693438,138.092372237,-152.932698213,-5.90231693438,45.4412922549,45.4412922549,24.9836830879
235,0,270,positive,0.138092372237,-0.152932698213,-0.00590231693438,138.092372237,-152.932698213,-5.90231693438,45.4412922549,45.4412922549,24.9836830879
235,1,270,positive,0.138092372237,-0.153511680494,-0.00493560862188,138.092372237,-153.511680494,-4.93560862188,46.020274536,46.020274536,25.9503914004
236,0,270,positive,0.138092372237,-0.150750938254,-0.00185610732859,138.092372237,-150.750938254,-1.85610732859,43.2595322958,43.2595322958,29.0298926937
236,1,270,positive,0.138092372237,-0.150685162844,-0.00192257358328,138.092372237,-150.685162844,-1.92257358328,43.1937568857,43.1937568857,28.963426439
237,0,270,positive,0.138092372237,-0.150750938254,-0.00185610732859,138.092372237,-150.750938254,-1.85610732859,43.2595322958,43.2595322958,29.0298926937
237,1,270,positive,0.138092372237,-0.151011482398,-0.00144441992784,138.092372237,-151.011482398,-1.44441992784,43.5200764395,43.5200764395,29.4415800945
238,0,270,positive,0.138092372237,-0.15116722976,-0.00111801805374,138.092372237,-151.16722976,-1.11801805374,43.6758238022,43.6758238022,29.7679819686
238,1,270,positive,0.138092372237,-0.151011482398,-0.00144441992784,138.092372237,-151.011482398,-1.44441992784,43.5200764395,43.5200764395,29.4415800945
239,0,270,positive,0.138092372237,-0.151560973236,-0.000214811540389,138.092372237,-151.560973236,-0.214811540389,44.0695672777,44.0695672777,30.6711884819
239,1,270,positive,0.138092372237,-0.15116722976,-0.00111801805374,138.092372237,-151.16722976,-1.11801805374,43.6758238022,43.6758238022,29.7679819686
240,0,270,positive,0.138092372237,-0.158911661957,0.00380073426452,138.092372237,-158.911661957,3.80073426452,51.4202559995,51.4202559995,34.6867342868
240,1,270,positive,0.138092372237,-0.159166978254,0.00431685473481,138.092372237,-159.166978254,4.31685473481,51.6755722956,51.6755722956,35.2028547571
241,0,270,positive,0.138092372237,-0.156681812226,-2.83943534796e-05,138.092372237,-156.681812226,-0.0283943534796,49.190406268,49.190406268,30.8576056688
241,1,270,positive,0.138092372237,-0.157053685885,0.000574686541816,138.092372237,-157.053685885,0.574686541816,49.5622799266,49.5622799266,31.4606865641
242,0,270,positive,0.138092372237,-0.157132153895,0.000769013455325,138.092372237,-157.132153895,0.769013455325,49.6407479371,49.6407479371,31.6550134776
242,1,270,positive,0.138092372237,-0.157053685885,0.000574686541816,138.092372237,-157.053685885,0.574686541816,49.5622799266,49.5622799266,31.4606865641
243,0,270,positive,0.138092372237,-0.157132153895,0.000769013455325,138.092372237,-157.132153895,0.769013455325,49.6407479371,49.6407479371,31.6550134776
243,1,270,positive,0.138092372237,-0.157288472036,0.00106893867087,138.092372237,-157.288472036,1.06893867087,49.7970660782,49.7970660782,31.9549386932
244,0,270,positive,0.138092372237,-0.157401151548,0.00135740090097,138.092372237,-157.401151548,1.35740090097,49.9097455903,49.9097455903,32.2434009233
244,1,270,positive,0.138092372237,-0.157288472036,0.00106893867087,138.092372237,-157.288472036,1.06893867087,49.7970660782,49.7970660782,31.9549386932
245,0,270,positive,0.138092372237,-0.15754876909,0.00146025016243,138.092372237,-157.54876909,1.46025016243,50.0573631317,50.0573631317,32.3462501847
245,1,270,positive,0.138092372237,-0.157844900197,0.00178878721579,138.092372237,-157.844900197,1.78878721579,50.3534942394,50.3534942394,32.6747872381
246,0,270,positive,0.138092372237,-0.15754876909,0.00146025016243,138.092372237,-157.54876909,1.46025016243,50.0573631317,50.0573631317,32.3462501847
246,1,270,positive,0.138092372237,-0.157401151548,0.00135740090097,138.092372237,-157.401151548,1.35740090097,49.9097455903,49.9097455903,32.2434009233
247,0,270,positive,0.138092372237,-0.158019210989,0.00196064337484,138.092372237,-158.019210989,1.96064337484,50.5278050306,50.5278050306,32.8466433971
247,1,270,positive,0.138092372237,-0.157844900197,0.00178878721579,138.092372237,-157.844900197,1.78878721579,50.3534942394,50.3534942394,32.6747872381
248,0,270,positive,0.138092372237,-0.158019210989,0.00196064337484,138.092372237,-158.019210989,1.96064337484,50.5278050306,50.5278050306,32.8466433971
248,1,270,positive,0.138092372237,-0.158304167082,0.00236727108873,138.092372237,-158.304167082,2.36727108873,50.8127611236,50.8127611236,33.253271111
249,0,270,positive,0.138092372237,-0.154189042423,-0.00383374185439,138.092372237,-154.189042423,-3.83374185439,46.6976364654,46.6976364654,27.0522581679
249,1,270,positive,0.138092372237,-0.153927000554,-0.0042534464927,138.092372237,-153.927000554,-4.2534464927,46.4355945961,46.4355945961,26.6325535296
250,0,270,positive,0.138092372237,-0.154189042423,-0.00383374185439,138.092372237,-154.189042423,-3.83374185439,46.6976364654,46.6976364654,27.0522581679
250,1,270,positive,0.138092372237,-0.154608021831,-0.0032063477976,138.092372237,-154.608021831,-3.2063477976,47.116615873,47.116615873,27.6796522247
251,0,270,positive,0.138092372237,-0.154608021831,-0.0032063477976,138.092372237,-154.608021831,-3.2063477976,47.116615873,47.116615873,27.6796522247
251,1,270,positive,0.138092372237,-0.15524353227,-0.00226541685011,138.092372237,-155.24353227,-2.26541685011,47.7521263116,47.7521263116,28.6205831722
252,0,270,positive,0.138092372237,-0.153927000554,-0.0042534464927,138.092372237,-153.927000554,-4.2534464927,46.4355945961,46.4355945961,26.6325535296
252,1,270,positive,0.138092372237,-0.153511680494,-0.00493560862188,138.092372237,-153.511680494,-4.93560862188,46.020274536,46.020274536,25.9503914004
253,0,270,positive,0.138092372237,-0.151560973236,-0.000214811540389,138.092372237,-151.560973236,-0.214811540389,44.0695672777,44.0695672777,30.6711884819
253,1,270,positive,0.138092372237,-0.151686312812,7.50016800037e-05,138.092372237,-151.686312812,0.0750016800037,44.1949068541,44.1949068541,30.9610017023
254,0,270,positive,0.138092372237,-0.155307214393,-0.00217687253047,138.092372237,-155.307214393,-2.17687253047,47.8158084352,47.8158084352,28.7091274918
254,1,270,positive,0.138092372237,-0.15524353227,-0.00226541685011,138.092372237,-155.24353227,-2.26541685011,47.7521263116,47.7521263116,28.6205831722
255,0,270,positive,0.138092372237,-0.15536946849,-0.00208047211456,138.092372237,-155.36946849,-2.08047211456,47.8780625321,47.8780625321,28.8055279077
255,1,270,positive,0.138092372237,-0.156075936513,-0.000979481563977,138.092372237,-156.075936513,-0.979481563977,48.5845305553,48.5845305553,29.9065184583
256,0,270,positive,0.138092372237,-0.156075936513,-0.000979481563977,138.092372237,-156.075936513,-0.979481563977,48.5845305553,48.5845305553,29.9065184583
256,1,270,positive,0.138092372237,-0.156311362099,-0.000597781593069,138.092372237,-156.311362099,-0.597781593069,48.8199561414,48.8199561414,30.2882184292
257,0,270,positive,0.138092372237,-0.156681812226,-2.83943534796e-05,138.092372237,-156.681812226,-0.0283943534796,49.190406268,49.190406268,30.8576056688
257,1,270,positive,0.138092372237,-0.156311362099,-0.000597781593069,138.092372237,-156.311362099,-0.597781593069,48.8199561414,48.8199561414,30.2882184292
258,0,270,positive,0.138092372237,-0.15536946849,-0.00208047211456,138.092372237,-155.36946849,-2.08047211456,47.8780625321,47.8780625321,28.8055279077
258,1,270,positive,0.138092372237,-0.1553323565,-0.00213542538563,138.092372237,-155.3323565,-2.13542538563,47.8409505418,47.8409505418,28.7505746367
259,0,270,positive,0.138092372237,-0.1553323565,-0.00213542538563,138.092372237,-155.3323565,-2.13542538563,47.8409505418,47.8409505418,28.7505746367
259,1,270,positive,0.138092372237,-0.155307214393,-0.00217687253047,138.092372237,-155.307214393,-2.17687253047,47.8158084352,47.8158084352,28.7091274918
260,0,270,positive,0.138092372237,-0.153594423997,0.00253319901583,138.092372237,-153.594423997,2.53319901583,46.103018039,46.103018039,33.4191990381
260,1,270,positive,0.138092372237,-0.153509256794,0.00240730678753,138.092372237,-153.509256794,2.40730678753,46.0178508364,46.0178508364,33.2933068098
261,0,270,positive,0.138092372237,-0.153711114586,0.00274140614164,138.092372237,-153.711114586,2.74140614164,46.2197086283,46.2197086283,33.6274061639
261,1,270,positive,0.138092372237,-0.153594423997,0.00253319901583,138.092372237,-153.594423997,2.53319901583,46.103018039,46.103018039,33.4191990381
262,0,270,positive,0.138092372237,-0.154285780678,0.00396347935877,138.092372237,-154.285780678,3.96347935877,46.7943747202,46.7943747202,34.8494793811
262,1,270,positive,0.138092372237,-0.154209105138,0.00380013050955,138.092372237,-154.209105138,3.80013050955,46.7176991802,46.7176991802,34.6861305318
263,0,270,positive,0.138092372237,-0.154532289457,0.00450474573309,138.092372237,-154.532289457,4.50474573309,47.0408834993,47.0408834993,35.3907457554
263,1,270,positive,0.138092372237,-0.154285780678,0.00396347935877,138.092372237,-154.285780678,3.96347935877,46.7943747202,46.7943747202,34.8494793811
264,0,270,positive,0.138092372237,-0.154532289457,0.00450474573309,138.092372237,-154.532289457,4.50474573309,47.0408834993,47.0408834993,35.3907457554
264,1,270,positive,0.138092372237,-0.154795857544,0.00513668464872,138.092372237,-154.795857544,5.13668464872,47.3044515862,47.3044515862,36.022684671
265,0,270,positive,0.138092372237,-0.152339084387,0.00117730734473,138.092372237,-152.339084387,1.17730734473,44.8476784294,44.8476784294,32.063307367
265,1,270,positive,0.138092372237,-0.152203813084,0.000914889106747,138.092372237,-152.203813084,0.914889106747,44.7124071259,44.7124071259,31.800889129
266,0,270,positive,0.138092372237,-0.152554730033,0.00143495113877,138.092372237,-152.554730033,1.43495113877,45.0633240749,45.0633240749,32.3209511611
266,1,270,positive,0.138092372237,-0.152339084387,0.00117730734473,138.092372237,-152.339084387,1.17730734473,44.8476784294,44.8476784294,32.063307367
267,0,270,positive,0.138092372237,-0.151686312812,7.50016800037e-05,138.092372237,-151.686312812,0.0750016800037,44.1949068541,44.1949068541,30.9610017023
267,1,270,positive,0.138092372237,-0.151852417198,0.000358444357102,138.092372237,-151.852417198,0.358444357102,44.3610112396,44.3610112396,31.2444443794
268,0,270,positive,0.138092372237,-0.151852417198,0.000358444357102,138.092372237,-151.852417198,0.358444357102,44.3610112396,44.3610112396,31.2444443794
268,1,270,positive,0.138092372237,-0.152203813084,0.000914889106747,138.092372237,-152.203813084,0.914889106747,44.7124071259,44.7124071259,31.800889129
269,0,270,positive,0.138092372237,-0.153336002547,0.0022467535118,138.092372237,-153.336002547,2.2467535118,45.8445965887,45.8445965887,33.1327535341
269,1,270,positive,0.138092372237,-0.152931578893,0.00184177679872,138.092372237,-152.931578893,1.84177679872,45.4401729347,45.4401729347,32.727776821
270,0,270,positive,0.138092372237,-0.153336002547,0.0022467535118,138.092372237,-153.336002547,2.2467535118,45.8445965887,45.8445965887,33.1327535341
270,1,270,positive,0.138092372237,-0.153509256794,0.00240730678753,138.092372237,-153.509256794,2.40730678753,46.0178508364,46.0178508364,33.2933068098
271,0,270,positive,0.138092372237,-0.152554730033,0.00143495113877,138.092372237,-152.554730033,1.43495113877,45.0633240749,45.0633240749,32.3209511611
271,1,270,positive,0.138092372237,-0.152710991012,0.0016196238031,138.092372237,-152.710991012,1.6196238031,45.2195850541,45.2195850541,32.5056238254
272,0,270,positive,0.138092372237,-0.152710991012,0.0016196238031,138.092372237,-152.710991012,1.6196238031,45.2195850541,45.2195850541,32.5056238254
272,1,270,positive,0.138092372237,-0.152931578893,0.00184177679872,138.092372237,-152.931578893,1.84177679872,45.4401729347,45.4401729347,32.727776821
273,0,270,positive,0.138092372237,-0.153711114586,0.00274140614164,138.092372237,-153.711114586,2.74140614164,46.2197086283,46.2197086283,33.6274061639
273,1,270,positive,0.138092372237,-0.154041181341,0.00330197105585,138.092372237,-154.041181341,3.30197105585,46.5497753829,46.5497753829,34.1879710781
274,0,270,positive,0.138092372237,-0.154041181341,0.00330197105585,138.092372237,-154.041181341,3.30197105585,46.5497753829,46.5497753829,34.1879710781
274,1,270,positive,0.138092372237,-0.154124483389,0.00348749826858,138.092372237,-154.124483389,3.48749826858,46.633077431,46.633077431,34.3734982909
275,0,270,positive,0.138092372237,-0.154124483389,0.00348749826858,138.092372237,-154.124483389,3.48749826858,46.633077431,46.633077431,34.3734982909
275,1,270,positive,0.138092372237,-0.154209105138,0.00380013050955,138.092372237,-154.209105138,3.80013050955,46.7176991802,46.7176991802,34.6861305318
276,0,270,positive,0.138092372237,-0.158359410559,0.00245865010394,138.092372237,-158.359410559,2.45865010394,50.8680046011,50.8680046011,33.3446501262
276,1,270,positive,0.138092372237,-0.158304167082,0.00236727108873,138.092372237,-158.304167082,2.36727108873,50.8127611236,50.8127611236,33.253271111
277,0,270,positive,0.138092372237,-0.158359410559,0.00245865010394,138.092372237,-158.359410559,2.45865010394,50.8680046011,50.8680046011,33.3446501262
277,1,270,positive,0.138092372237,-0.158668494583,0.00330219698168,138.092372237,-158.668494583,3.30219698168,51.1770886249,51.1770886249,34.188197004
278,0,270,positive,0.138092372237,-0.158911661957,0.00380073426452,138.092372237,-158.911661957,3.80073426452,51.4202559995,51.4202559995,34.6867342868
278,1,270,positive,0.138092372237,-0.158710294369,0.0033829630081,138.092372237,-158.710294369,3.3829630081,51.2188884107,51.2188884107,34.2689630304
279,0,270,positive,0.138092372237,-0.158710294369,0.0033829630081,138.092372237,-158.710294369,3.3829630081,51.2188884107,51.2188884107,34.2689630304
279,1,270,positive,0.138092372237,-0.158683625339,0.0033365629235,138.092372237,-158.683625339,3.3365629235,51.1922193813,51.1922193813,34.2225629458
280,0,270,positive,0.138092372237,-0.158683625339,0.0033365629235,138.092372237,-158.683625339,3.3365629235,51.1922193813,51.1922193813,34.2225629458
280,1,270,positive,0.138092372237,-0.158668494583,0.00330219698168,138.092372237,-158.668494583,3.30219698168,51.1770886249,51.1770886249,34.188197004
281,0,270,positive,0.138092372237,-0.159166978254,0.00431685473481,138.092372237,-159.166978254,4.31685473481,51.6755722956,51.6755722956,35.2028547571
281,1,270,positive,0.138092372237,-0.159226634688,0.00443078914293,138.092372237,-159.226634688,4.43078914293,51.7352287302,51.7352287302,35.3167891652
282,0,270,positive,0.138092372237,-0.157718434582,0.00976476108993,138.092372237,-157.718434582,9.76476108993,50.2270286238,50.2270286238,40.6507611122
282,1,270,positive,0.138092372237,-0.157412366605,0.00931063031036,138.092372237,-157.412366605,9.31063031036,49.9209606471,49.9209606471,40.1966303327
283,0,270,positive,0.138092372237,-0.157051611965,0.00873787420534,138.092372237,-157.051611965,8.73787420534,49.5602060075,49.5602060075,39.6238742276
283,1,270,positive,0.138092372237,-0.157412366605,0.00931063031036,138.092372237,-157.412366605,9.31063031036,49.9209606471,49.9209606471,40.1966303327
284,0,270,positive,0.138092372237,-0.157989580372,0.010116312487,138.092372237,-157.989580372,10.116312487,50.4981744142,50.4981744142,41.0023125093
284,1,270,positive,0.138092372237,-0.157718434582,0.00976476108993,138.092372237,-157.718434582,9.76476108993,50.2270286238,50.2270286238,40.6507611122
285,0,270,positive,0.138092372237,-0.155347918696,0.00610912607798,138.092372237,-155.347918696,6.10912607798,47.8565127381,47.8565127381,36.9951261003
285,1,270,positive,0.138092372237,-0.155322194924,0.00607016038303,138.092372237,-155.322194924,6.07016038303,47.8307889663,47.8307889663,36.9561604053
286,0,270,positive,0.138092372237,-0.155322194924,0.00607016038303,138.092372237,-155.322194924,6.07016038303,47.8307889663,47.8307889663,36.9561604053
286,1,270,positive,0.138092372237,-0.155287201108,0.00600117998636,138.092372237,-155.287201108,6.00117998636,47.7957951504,47.7957951504,36.8871800087
287,0,270,positive,0.138092372237,-0.155787881186,0.00677136377929,138.092372237,-155.787881186,6.77136377929,48.2964752285,48.2964752285,37.6573638016
287,1,270,positive,0.138092372237,-0.155744455457,0.00670121417519,138.092372237,-155.744455457,6.70121417519,48.2530494991,48.2530494991,37.5872141975
288,0,270,positive,0.138092372237,-0.155347918696,0.00610912607798,138.092372237,-155.347918696,6.10912607798,47.8565127381,47.8565127381,36.9951261003
288,1,270,positive,0.138092372237,-0.155744455457,0.00670121417519,138.092372237,-155.744455457,6.70121417519,48.2530494991,48.2530494991,37.5872141975
289,0,270,positive,0.138092372237,-0.155787881186,0.00677136377929,138.092372237,-155.787881186,6.77136377929,48.2964752285,48.2964752285,37.6573638016
289,1,270,positive,0.138092372237,-0.156142359045,0.00745971119902,138.092372237,-156.142359045,7.45971119902,48.6509530875,48.6509530875,38.3457112213
290,0,270,positive,0.138092372237,-0.154795857544,0.00513668464872,138.092372237,-154.795857544,5.13668464872,47.3044515862,47.3044515862,36.022684671
290,1,270,positive,0.138092372237,-0.154914086175,0.00538646232636,138.092372237,-154.914086175,5.38646232636,47.4226802168,47.4226802168,36.2724623487
291,0,270,positive,0.138092372237,-0.155030502192,0.00552955954811,138.092372237,-155.030502192,5.52955954811,47.5390962337,47.5390962337,36.4155595704
291,1,270,positive,0.138092372237,-0.155287201108,0.00600117998636,138.092372237,-155.287201108,6.00117998636,47.7957951504,47.7957951504,36.8871800087
292,0,270,positive,0.138092372237,-0.154914086175,0.00538646232636,138.092372237,-154.914086175,5.38646232636,47.4226802168,47.4226802168,36.2724623487
292,1,270,positive,0.138092372237,-0.155030502192,0.00552955954811,138.092372237,-155.030502192,5.52955954811,47.5390962337,47.5390962337,36.4155595704
293,0,270,positive,0.138092372237,-0.156164248646,0.0074997552361,138.092372237,-156.164248646,7.4997552361,48.6728426883,48.6728426883,38.3857552584
293,1,270,positive,0.138092372237,-0.156142359045,0.00745971119902,138.092372237,-156.142359045,7.45971119902,48.6509530875,48.6509530875,38.3457112213
294,0,270,positive,0.138092372237,-0.156212360591,0.00758092168595,138.092372237,-156.212360591,7.58092168595,48.7209546329,48.7209546329,38.4669217082
294,1,270,positive,0.138092372237,-0.156164248646,0.0074997552361,138.092372237,-156.164248646,7.4997552361,48.6728426883,48.6728426883,38.3857552584
295,0,270,positive,0.138092372237,-0.156212360591,0.00758092168595,138.092372237,-156.212360591,7.58092168595,48.7209546329,48.7209546329,38.4669217082
295,1,270,positive,0.138092372237,-0.156513966907,0.00799293658715,138.092372237,-156.513966907,7.99293658715,49.0225609488,49.0225609488,38.8789366094
296,0,270,positive,0.138092372237,-0.156935926198,0.00856441094202,138.092372237,-156.935926198,8.56441094202,49.4445202404,49.4445202404,39.4504109643
296,1,270,positive,0.138092372237,-0.156513966907,0.00799293658715,138.092372237,-156.513966907,7.99293658715,49.0225609488,49.0225609488,38.8789366094
297,0,270,positive,0.138092372237,-0.156935926198,0.00856441094202,138.092372237,-156.935926198,8.56441094202,49.4445202404,49.4445202404,39.4504109643
297,1,270,positive,0.138092372237,-0.157051611965,0.00873787420534,138.092372237,-157.051611965,8.73787420534,49.5602060075,49.5602060075,39.6238742276
298,0,270,positive,0.138092372237,-0.162339486614,0.0101997198633,138.092372237,-162.339486614,10.1997198633,54.8480806559,54.8480806559,41.0857198856
298,1,270,positive,0.138092372237,-0.16284161932,0.0111345141849,138.092372237,-162.84161932,11.1345141849,55.3502133623,55.3502133623,42.0205142072
299,0,270,positive,0.138092372237,-0.163025744204,0.0114935442001,138.092372237,-163.025744204,11.4935442001,55.5343382464,55.5343382464,42.3795442224
299,1,270,positive,0.138092372237,-0.16284161932,0.0111345141849,138.092372237,-162.84161932,11.1345141849,55.3502133623,55.3502133623,42.0205142072
300,0,270,positive,0.138092372237,-0.163779531559,0.0133647471156,138.092372237,-163.779531559,13.3647471156,56.2881256011,56.2881256011,44.2507471379
300,1,270,positive,0.138092372237,-0.163987563289,0.0137421963552,138.092372237,-163.987563289,13.7421963552,56.4961573315,56.4961573315,44.6281963775
301,0,270,positive,0.138092372237,-0.163987563289,0.0137421963552,138.092372237,-163.987563289,13.7421963552,56.4961573315,56.4961573315,44.6281963775
301,1,270,positive,0.138092372237,-0.16411024315,0.0139906736768,138.092372237,-164.11024315,13.9906736768,56.6188371924,56.6188371924,44.8766736991
302,0,270,positive,0.138092372237,-0.163263242724,0.0120587256792,138.092372237,-163.263242724,12.0587256792,55.7718367656,55.7718367656,42.9447257015
302,1,270,positive,0.138092372237,-0.163779531559,0.0133647471156,138.092372237,-163.779531559,13.3647471156,56.2881256011,56.2881256011,44.2507471379
303,0,270,positive,0.138092372237,-0.163263242724,0.0120587256792,138.092372237,-163.263242724,12.0587256792,55.7718367656,55.7718367656,42.9447257015
303,1,270,positive,0.138092372237,-0.163025744204,0.0114935442001,138.092372237,-163.025744204,11.4935442001,55.5343382464,55.5343382464,42.3795442224
304,0,270,positive,0.138092372237,-0.164398287649,0.0146704067574,138.092372237,-164.398287649,14.6704067574,56.9068816915,56.9068816915,45.5564067797
304,1,270,positive,0.138092372237,-0.16411024315,0.0139906736768,138.092372237,-164.11024315,13.9906736768,56.6188371924,56.6188371924,44.8766736991
305,0,270,positive,0.138092372237,-0.164398287649,0.0146704067574,138.092372237,-164.398287649,14.6704067574,56.9068816915,56.9068816915,45.5564067797
305,1,270,positive,0.138092372237,-0.164889143426,0.0159956601776,138.092372237,-164.889143426,15.9956601776,57.3977374676,57.3977374676,46.8816601999
306,0,270,positive,0.138092372237,-0.164968220736,0.0161994532444,138.092372237,-164.968220736,16.1994532444,57.4768147783,57.4768147783,47.0854532667
306,1,270,positive,0.138092372237,-0.164889143426,0.0159956601776,138.092372237,-164.889143426,15.9956601776,57.3977374676,57.3977374676,46.8816601999
307,0,270,positive,0.138092372237,-0.163219992928,0.0207540137579,138.092372237,-163.219992928,20.7540137579,55.7285869699,55.7285869699,51.6400137802
307,1,270,positive,0.138092372237,-0.162670822049,0.0197118022541,138.092372237,-162.670822049,19.7118022541,55.1794160915,55.1794160915,50.5978022764
308,0,270,positive,0.138092372237,-0.1640907237,0.0221387008443,138.092372237,-164.0907237,22.1387008443,56.599317742,56.599317742,53.0247008666
308,1,270,positive,0.138092372237,-0.163219992928,0.0207540137579,138.092372237,-163.219992928,20.7540137579,55.7285869699,55.7285869699,51.6400137802
309,0,270,positive,0.138092372237,-0.1645655892,0.0231275795581,138.092372237,-164.5655892,23.1275795581,57.0741832425,57.0741832425,54.0135795804
309,1,270,positive,0.138092372237,-0.1640907237,0.0221387008443,138.092372237,-164.0907237,22.1387008443,56.599317742,56.599317742,53.0247008666
310,0,270,positive,0.138092372237,-0.168336625675,0.0220395765493,138.092372237,-168.336625675,22.0395765493,60.8452197174,60.8452197174,52.9255765716
310,1,270,positive,0.138092372237,-0.168664276548,0.0225085511616,138.092372237,-168.664276548,22.5085511616,61.1728705897,61.1728705897,53.3945511839
311,0,270,positive,0.138092372237,-0.168664276548,0.0225085511616,138.092372237,-168.664276548,22.5085511616,61.1728705897,61.1728705897,53.3945511839
311,1,270,positive,0.138092372237,-0.169211655258,0.0232870676564,138.092372237,-169.211655258,23.2870676564,61.7202493003,61.7202493003,54.1730676787
312,0,270,positive,0.138092372237,-0.169996940463,0.0244643682243,138.092372237,-169.996940463,24.4643682243,62.5055345054,62.5055345054,55.3503682466
312,1,270,positive,0.138092372237,-0.169585376355,0.0238218106036,138.092372237,-169.585376355,23.8218106036,62.0939703967,62.0939703967,54.7078106259
313,0,270,positive,0.138092372237,-0.169425998647,0.0235620780878,138.092372237,-169.425998647,23.5620780878,61.9345926888,61.9345926888,54.4480781101
313,1,270,positive,0.138092372237,-0.169585376355,0.0238218106036,138.092372237,-169.585376355,23.8218106036,62.0939703967,62.0939703967,54.7078106259
314,0,270,positive,0.138092372237,-0.169425998647,0.0235620780878,138.092372237,-169.425998647,23.5620780878,61.9345926888,61.9345926888,54.4480781101
314,1,270,positive,0.138092372237,-0.169211655258,0.0232870676564,138.092372237,-169.211655258,23.2870676564,61.7202493003,61.7202493003,54.1730676787
315,0,270,positive,0.138092372237,-0.165876610814,0.0181113148883,138.092372237,-165.876610814,18.1113148883,58.3852048556,58.3852048556,48.9973149106
315,1,270,positive,0.138092372237,-0.166090101797,0.0184432978583,138.092372237,-166.090101797,18.4432978583,58.5986958388,58.5986958388,49.3292978806
316,0,270,positive,0.138092372237,-0.166243981875,0.0187335038302,138.092372237,-166.243981875,18.7335038302,58.7525759168,58.7525759168,49.6195038525
316,1,270,positive,0.138092372237,-0.166090101797,0.0184432978583,138.092372237,-166.090101797,18.4432978583,58.5986958388,58.5986958388,49.3292978806
317,0,270,positive,0.138092372237,-0.166243981875,0.0187335038302,138.092372237,-166.243981875,18.7335038302,58.7525759168,58.7525759168,49.6195038525
317,1,270,positive,0.138092372237,-0.166821855634,0.0198481857161,138.092372237,-166.821855634,19.8481857161,59.3304496759,59.3304496759,50.7341857384
318,0,270,positive,0.138092372237,-0.16501417008,0.0163019906725,138.092372237,-165.01417008,16.3019906725,57.5227641224,57.5227641224,47.1879906948
318,1,270,positive,0.138092372237,-0.165861059379,0.0180826422372,138.092372237,-165.861059379,18.0826422372,58.369653421,58.369653421,48.9686422595
319,0,270,positive,0.138092372237,-0.16501417008,0.0163019906725,138.092372237,-165.01417008,16.3019906725,57.5227641224,57.5227641224,47.1879906948
319,1,270,positive,0.138092372237,-0.164968220736,0.0161994532444,138.092372237,-164.968220736,16.1994532444,57.4768147783,57.4768147783,47.0854532667
320,0,270,positive,0.138092372237,-0.165876610814,0.0181113148883,138.092372237,-165.876610814,18.1113148883,58.3852048556,58.3852048556,48.9973149106
320,1,270,positive,0.138092372237,-0.165861059379,0.0180826422372,138.092372237,-165.861059379,18.0826422372,58.369653421,58.369653421,48.9686422595
321,0,270,positive,0.138092372237,-0.167329857233,0.0205560822778,138.092372237,-167.329857233,20.5560822778,59.8384512754,59.8384512754,51.4420823001
321,1,270,positive,0.138092372237,-0.167394258978,0.0206377430215,138.092372237,-167.394258978,20.6377430215,59.9028530197,59.9028530197,51.5237430438
322,0,270,positive,0.138092372237,-0.167394258978,0.0206377430215,138.092372237,-167.394258978,20.6377430215,59.9028530197,59.9028530197,51.5237430438
322,1,270,positive,0.138092372237,-0.167459196702,0.0207281511892,138.092372237,-167.459196702,20.7281511892,59.9677907438,59.9677907438,51.6141512115
323,0,270,positive,0.138092372237,-0.167459196702,0.0207281511892,138.092372237,-167.459196702,20.7281511892,59.9677907438,59.9677907438,51.6141512115
323,1,270,positive,0.138092372237,-0.167953685949,0.0214695520125,138.092372237,-167.953685949,21.4695520125,60.4622799908,60.4622799908,52.3555520348
324,0,270,positive,0.138092372237,-0.167329857233,0.0205560822778,138.092372237,-167.329857233,20.5560822778,59.8384512754,59.8384512754,51.4420823001
324,1,270,positive,0.138092372237,-0.166821855634,0.0198481857161,138.092372237,-166.821855634,19.8481857161,59.3304496759,59.3304496759,50.7341857384
325,0,270,positive,0.138092372237,-0.16823089175,0.0218853889547,138.092372237,-168.23089175,21.8853889547,60.7394857918,60.7394857918,52.771388977
325,1,270,positive,0.138092372237,-0.167953685949,0.0214695520125,138.092372237,-167.953685949,21.4695520125,60.4622799908,60.4622799908,52.3555520348
326,0,270,positive,0.138092372237,-0.165251070794,0.0244225190012,138.092372237,-165.251070794,24.4225190012,57.7596648364,57.7596648364,55.3085190235
326,1,270,positive,0.138092372237,-0.16475903853,0.0234672736241,138.092372237,-164.75903853,23.4672736241,57.2676325724,57.2676325724,54.3532736464
327,0,270,positive,0.138092372237,-0.1645655892,0.0231275795581,138.092372237,-164.5655892,23.1275795581,57.0741832425,57.0741832425,54.0135795804
327,1,270,positive,0.138092372237,-0.164705701663,0.0233537377225,138.092372237,-164.705701663,23.3537377225,57.2142957053,57.2142957053,54.2397377448
328,0,270,positive,0.138092372237,-0.164705701663,0.0233537377225,138.092372237,-164.705701663,23.3537377225,57.2142957053,57.2142957053,54.2397377448
328,1,270,positive,0.138092372237,-0.16475903853,0.0234672736241,138.092372237,-164.75903853,23.4672736241,57.2676325724,57.2676325724,54.3532736464
329,0,270,positive,0.138092372237,-0.168282954469,0.0219589079093,138.092372237,-168.282954469,21.9589079093,60.7915485112,60.7915485112,52.8449079316
329,1,270,positive,0.138092372237,-0.168271155142,0.0219437325866,138.092372237,-168.271155142,21.9437325866,60.7797491839,60.7797491839,52.8297326088
330,0,270,positive,0.138092372237,-0.168271155142,0.0219437325866,138.092372237,-168.271155142,21.9437325866,60.7797491839,60.7797491839,52.8297326088
330,1,270,positive,0.138092372237,-0.16823089175,0.0218853889547,138.092372237,-168.23089175,21.8853889547,60.7394857918,60.7394857918,52.771388977
331,0,270,positive,0.138092372237,-0.168336625675,0.0220395765493,138.092372237,-168.336625675,22.0395765493,60.8452197174,60.8452197174,52.9255765716
331,1,270,positive,0.138092372237,-0.168282954469,0.0219589079093,138.092372237,-168.282954469,21.9589079093,60.7915485112,60.7915485112,52.8449079316
332,0,270,positive,0.138092372237,-0.160744186496,0.00717430239558,138.092372237,-160.744186496,7.17430239558,53.252780538,53.252780538,38.0603024179
332,1,270,positive,0.138092372237,-0.160274301765,0.00640838937768,138.092372237,-160.274301765,6.40838937768,52.7828958071,52.7828958071,37.2943894
333,0,270,positive,0.138092372237,-0.160744186496,0.00717430239558,138.092372237,-160.744186496,7.17430239558,53.252780538,53.252780538,38.0603024179
333,1,270,positive,0.138092372237,-0.161070058225,0.00766758197827,138.092372237,-161.070058225,7.66758197827,53.5786522673,53.5786522673,38.5535820006
334,0,270,positive,0.138092372237,-0.161277310435,0.00807332321674,138.092372237,-161.277310435,8.07332321674,53.7859044774,53.7859044774,38.959323239
334,1,270,positive,0.138092372237,-0.161070058225,0.00766758197827,138.092372237,-161.070058225,7.66758197827,53.5786522673,53.5786522673,38.5535820006
335,0,270,positive,0.138092372237,-0.161277310435,0.00807332321674,138.092372237,-161.277310435,8.07332321674,53.7859044774,53.7859044774,38.959323239
335,1,270,positive,0.138092372237,-0.161770905787,0.00905061508035,138.092372237,-161.770905787,9.05061508035,54.2794998293,54.2794998293,39.9366151026
336,0,270,positive,0.138092372237,-0.1597256471,0.00527157792486,138.092372237,-159.7256471,5.27157792486,52.2342411424,52.2342411424,36.1575779471
336,1,270,positive,0.138092372237,-0.159226634688,0.00443078914293,138.092372237,-159.226634688,4.43078914293,51.7352287302,51.7352287302,35.3167891652
337,0,270,positive,0.138092372237,-0.159917831227,0.00571886316435,138.092372237,-159.917831227,5.71886316435,52.4264252695,52.4264252695,36.6048631866
337,1,270,positive,0.138092372237,-0.1597256471,0.00527157792486,138.092372237,-159.7256471,5.27157792486,52.2342411424,52.2342411424,36.1575779471
338,0,270,positive,0.138092372237,-0.159917831227,0.00571886316435,138.092372237,-159.917831227,5.71886316435,52.4264252695,52.4264252695,36.6048631866
338,1,270,positive,0.138092372237,-0.160274301765,0.00640838937768,138.092372237,-160.274301765,6.40838937768,52.7828958071,52.7828958071,37.2943894
339,0,270,positive,0.138092372237,-0.162135152847,0.00975112216817,138.092372237,-162.135152847,9.75112216817,54.6437468891,54.6437468891,40.6371221905
339,1,270,positive,0.138092372237,-0.161770905787,0.00905061508035,138.092372237,-161.770905787,9.05061508035,54.2794998293,54.2794998293,39.9366151026
340,0,270,positive,0.138092372237,-0.162339486614,0.0101997198633,138.092372237,-162.339486614,10.1997198633,54.8480806559,54.8480806559,41.0857198856
340,1,270,positive,0.138092372237,-0.162135152847,0.00975112216817,138.092372237,-162.135152847,9.75112216817,54.6437468891,54.6437468891,40.6371221905
341,0,270,positive,0.138092372237,-0.15937909738,0.012683289772,138.092372237,-159.37909738,12.683289772,51.8876914218,51.8876914218,43.5692897943
341,1,270,positive,0.138092372237,-0.159216328426,0.0122188712557,138.092372237,-159.216328426,12.2188712557,51.7249224677,51.7249224677,43.1048712779
342,0,270,positive,0.138092372237,-0.15937909738,0.012683289772,138.092372237,-159.37909738,12.683289772,51.8876914218,51.8876914218,43.5692897943
342,1,270,positive,0.138092372237,-0.159704356413,0.0140508911766,138.092372237,-159.704356413,14.0508911766,52.212950455,52.212950455,44.9368911988
343,0,270,positive,0.138092372237,-0.158559020058,0.0106350348282,138.092372237,-158.559020058,10.6350348282,51.0676140998,51.0676140998,41.5210348505
343,1,270,positive,0.138092372237,-0.158601655676,0.0106795695947,138.092372237,-158.601655676,10.6795695947,51.1102497183,51.1102497183,41.565569617
344,0,270,positive,0.138092372237,-0.159031746007,0.0115946034169,138.092372237,-159.031746007,11.5946034169,51.5403400487,51.5403400487,42.4806034392
344,1,270,positive,0.138092372237,-0.15868982857,0.0108799652679,138.092372237,-158.68982857,10.8799652679,51.1984226117,51.1984226117,41.7659652902
345,0,270,positive,0.138092372237,-0.158601655676,0.0106795695947,138.092372237,-158.601655676,10.6795695947,51.1102497183,51.1102497183,41.565569617
345,1,270,positive,0.138092372237,-0.15868982857,0.0108799652679,138.092372237,-158.68982857,10.8799652679,51.1984226117,51.1984226117,41.7659652902
346,0,270,positive,0.138092372237,-0.159031746007,0.0115946034169,138.092372237,-159.031746007,11.5946034169,51.5403400487,51.5403400487,42.4806034392
346,1,270,positive,0.138092372237,-0.159216328426,0.0122188712557,138.092372237,-159.216328426,12.2188712557,51.7249224677,51.7249224677,43.1048712779
347,0,270,positive,0.138092372237,-0.158472680876,0.010542008815,138.092372237,-158.472680876,10.542008815,50.9812749182,50.9812749182,41.4280088373
347,1,270,positive,0.138092372237,-0.157989580372,0.010116312487,138.092372237,-157.989580372,10.116312487,50.4981744142,50.4981744142,41.0023125093
348,0,270,positive,0.138092372237,-0.158472680876,0.010542008815,138.092372237,-158.472680876,10.542008815,50.9812749182,50.9812749182,41.4280088373
348,1,270,positive,0.138092372237,-0.158559020058,0.0106350348282,138.092372237,-158.559020058,10.6350348282,51.0676140998,51.0676140998,41.5210348505
349,0,270,positive,0.138092372237,-0.160126716615,0.0152656483416,138.092372237,-160.126716615,15.2656483416,52.6353106575,52.6353106575,46.1516483639
349,1,270,positive,0.138092372237,-0.159704356413,0.0140508911766,138.092372237,-159.704356413,14.0508911766,52.212950455,52.212950455,44.9368911988
350,0,270,positive,0.138092372237,-0.160126716615,0.0152656483416,138.092372237,-160.126716615,15.2656483416,52.6353106575,52.6353106575,46.1516483639
350,1,270,positive,0.138092372237,-0.160357477779,0.0158786759861,138.092372237,-160.357477779,15.8786759861,52.8660718214,52.8660718214,46.7646760084
351,0,270,positive,0.138092372237,-0.161087518118,0.0171057063787,138.092372237,-161.087518118,17.1057063787,53.5961121598,53.5961121598,47.991706401
351,1,270,positive,0.138092372237,-0.160357477779,0.0158786759861,138.092372237,-160.357477779,15.8786759861,52.8660718214,52.8660718214,46.7646760084
352,0,270,positive,0.138092372237,-0.161087518118,0.0171057063787,138.092372237,-161.087518118,17.1057063787,53.5961121598,53.5961121598,47.991706401
352,1,270,positive,0.138092372237,-0.161089070733,0.0171079573205,138.092372237,-161.089070733,17.1079573205,53.5976647749,53.5976647749,47.9939573428
353,0,270,positive,0.138092372237,-0.161774342729,0.017805180596,138.092372237,-161.774342729,17.805180596,54.2829367708,54.2829367708,48.6911806183
353,1,270,positive,0.138092372237,-0.161090497679,0.0171090523038,138.092372237,-161.090497679,17.1090523038,53.5990917215,53.5990917215,47.9950523261
354,0,270,positive,0.138092372237,-0.161774342729,0.017805180596,138.092372237,-161.774342729,17.805180596,54.2829367708,54.2829367708,48.6911806183
354,1,270,positive,0.138092372237,-0.162132175695,0.0183042563037,138.092372237,-162.132175695,18.3042563037,54.6407697369,54.6407697369,49.190256326
355,0,270,positive,0.138092372237,-0.162242498007,0.0185613133419,138.092372237,-162.242498007,18.5613133419,54.7510920493,54.7510920493,49.4473133642
355,1,270,positive,0.138092372237,-0.162132175695,0.0183042563037,138.092372237,-162.132175695,18.3042563037,54.6407697369,54.6407697369,49.190256326
356,0,270,positive,0.138092372237,-0.162242498007,0.0185613133419,138.092372237,-162.242498007,18.5613133419,54.7510920493,54.7510920493,49.4473133642
356,1,270,positive,0.138092372237,-0.162418901554,0.0191693161547,138.092372237,-162.418901554,19.1693161547,54.9274955962,54.9274955962,50.0553161769
357,0,270,positive,0.138092372237,-0.161089070733,0.0171079573205,138.092372237,-161.089070733,17.1079573205,53.5976647749,53.5976647749,47.9939573428
357,1,270,positive,0.138092372237,-0.161090497679,0.0171090523038,138.092372237,-161.090497679,17.1090523038,53.5990917215,53.5990917215,47.9950523261
358,0,270,positive,0.138092372237,-0.162418901554,0.0191693161547,138.092372237,-162.418901554,19.1693161547,54.9274955962,54.9274955962,50.0553161769
358,1,270,positive,0.138092372237,-0.162670822049,0.0197118022541,138.092372237,-162.670822049,19.7118022541,55.1794160915,55.1794160915,50.5978022764
359,0,270,positive,0.138092372237,-0.10822300677,-0.0303772841274,138.092372237,-108.22300677,-30.3772841274,0.731600812005,0.731600812005,0.508715894852
359,1,270,positive,0.138092372237,-0.108757659888,-0.0303622657817,138.092372237,-108.757659888,-30.3622657817,1.26625392992,1.26625392992,0.523734240631
360,0,270,positive,0.138092372237,-0.108757659888,-0.0303622657817,138.092372237,-108.757659888,-30.3622657817,1.26625392992,1.26625392992,0.523734240631
360,1,270,positive,0.138092372237,-0.109353251131,-0.0303779706602,138.092372237,-109.353251131,-30.3779706602,1.86184517326,1.86184517326,0.508029362075
361,0,270,positive,0.138092372237,-0.109553017223,-0.0303889828407,138.092372237,-109.553017223,-30.3889828407,2.06161126476,2.06161126476,0.497017181551
361,1,270,positive,0.138092372237,-0.109353251131,-0.0303779706602,138.092372237,-109.353251131,-30.3779706602,1.86184517326,1.86184517326,0.508029362075
362,0,270,positive,0.138092372237,-0.112414189563,-0.0304788906124,138.092372237,-112.414189563,-30.4788906124,4.92278360521,4.92278360521,0.407109409881
362,1,270,positive,0.138092372237,-0.11314451049,-0.0305236039926,138.092372237,-113.14451049,-30.5236039926,5.6531045316,5.6531045316,0.362396029726
363,0,270,positive,0.138092372237,-0.11314451049,-0.0305236039926,138.092372237,-113.14451049,-30.5236039926,5.6531045316,5.6531045316,0.362396029726
363,1,270,positive,0.138092372237,-0.113818197012,-0.0305065044677,138.092372237,-113.818197012,-30.5065044677,6.32679105365,6.32679105365,0.379495554594
364,0,270,positive,0.138092372237,-0.112414189563,-0.0304788906124,138.092372237,-112.414189563,-30.4788906124,4.92278360521,4.92278360521,0.407109409881
364,1,270,positive,0.138092372237,-0.112256050649,-0.0304678613479,138.092372237,-112.256050649,-30.4678613479,4.76464469092,4.76464469092,0.418138674409
365,0,270,positive,0.138092372237,-0.110653490584,-0.0303816330826,138.092372237,-110.653490584,-30.3816330826,3.16208462646,3.16208462646,0.504366939738
365,1,270,positive,0.138092372237,-0.111616251259,-0.0304817942115,138.092372237,-111.616251259,-30.4817942115,4.12484530147,4.12484530147,0.404205810802
366,0,270,positive,0.138092372237,-0.110653490584,-0.0303816330826,138.092372237,-110.653490584,-30.3816330826,3.16208462646,3.16208462646,0.504366939738
366,1,270,positive,0.138092372237,-0.110637885235,-0.0303805849715,138.092372237,-110.637885235,-30.3805849715,3.14647927742,3.14647927742,0.505415050786
367,0,270,positive,0.138092372237,-0.109553017223,-0.0303889828407,138.092372237,-109.553017223,-30.3889828407,2.06161126476,2.06161126476,0.497017181551
367,1,270,positive,0.138092372237,-0.110625076274,-0.0303802403985,138.092372237,-110.625076274,-30.3802403985,3.13367031609,3.13367031609,0.505759623764
368,0,270,positive,0.138092372237,-0.110637885235,-0.0303805849715,138.092372237,-110.637885235,-30.3805849715,3.14647927742,3.14647927742,0.505415050786
368,1,270,positive,0.138092372237,-0.110625076274,-0.0303802403985,138.092372237,-110.625076274,-30.3802403985,3.13367031609,3.13367031609,0.505759623764
369,0,270,positive,0.138092372237,-0.111616251259,-0.0304817942115,138.092372237,-111.616251259,-30.4817942115,4.12484530147,4.12484530147,0.404205810802
369,1,270,positive,0.138092372237,-0.112256050649,-0.0304678613479,138.092372237,-112.256050649,-30.4678613479,4.76464469092,4.76464469092,0.418138674409
370,0,270,positive,0.138092372237,-0.107491405958,-0.0303865153224,138.092372237,-107.491405958,-30.3865153224,0,0,0.499484699907
370,1,270,positive,0.138092372237,-0.107579772747,-0.0303889529253,138.092372237,-107.579772747,-30.3889529253,0.0883667887871,0.0883667887871,0.497047097011
371,0,270,positive,0.138092372237,-0.10822300677,-0.0303772841274,138.092372237,-108.22300677,-30.3772841274,0.731600812005,0.731600812005,0.508715894852
371,1,270,positive,0.138092372237,-0.107579772747,-0.0303889529253,138.092372237,-107.579772747,-30.3889529253,0.0883667887871,0.0883667887871,0.497047097011
372,0,270,positive,0.138092372237,-0.108763133613,-0.0248488409617,138.092372237,-108.763133613,-24.8488409617,1.27172765468,1.27172765468,6.0371590606
372,1,270,positive,0.138092372237,-0.108570880461,-0.0248033288909,138.092372237,-108.570880461,-24.8033288909,1.07947450264,1.07947450264,6.08267113144
373,0,270,positive,0.138092372237,-0.109418972416,-0.0248507097822,138.092372237,-109.418972416,-24.8507097822,1.92756645839,1.92756645839,6.03529024008
373,1,270,positive,0.138092372237,-0.109410635462,-0.0250186087307,138.092372237,-109.410635462,-25.0186087307,1.91922950378,1.91922950378,5.86739129159
374,0,270,positive,0.138092372237,-0.109816081495,-0.0248928834136,138.092372237,-109.816081495,-24.8928834136,2.32467553718,2.32467553718,5.99311660871
374,1,270,positive,0.138092372237,-0.109418972416,-0.0248507097822,138.092372237,-109.418972416,-24.8507097822,1.92756645839,1.92756645839,6.03529024008
375,0,270,positive,0.138092372237,-0.109410635462,-0.0250186087307,138.092372237,-109.410635462,-25.0186087307,1.91922950378,1.91922950378,5.86739129159
375,1,270,positive,0.138092372237,-0.109164738501,-0.0250195312411,138.092372237,-109.164738501,-25.0195312411,1.67333254301,1.67333254301,5.86646878119
376,0,270,positive,0.138092372237,-0.108763133613,-0.0248488409617,138.092372237,-108.763133613,-24.8488409617,1.27172765468,1.27172765468,6.0371590606
376,1,270,positive,0.138092372237,-0.109164738501,-0.0250195312411,138.092372237,-109.164738501,-25.0195312411,1.67333254301,1.67333254301,5.86646878119
377,0,270,positive,0.138092372237,-0.114340104619,-0.0249279146759,138.092372237,-114.340104619,-24.9279146759,6.8486986615,6.8486986615,5.95808534641
377,1,270,positive,0.138092372237,-0.114253422859,-0.0249062114298,138.092372237,-114.253422859,-24.9062114298,6.76201690072,6.76201690072,5.97978859246
378,0,270,positive,0.138092372237,-0.114253422859,-0.0249062114298,138.092372237,-114.253422859,-24.9062114298,6.76201690072,6.76201690072,5.97978859246
378,1,270,positive,0.138092372237,-0.114224458177,-0.0249057601958,138.092372237,-114.224458177,-24.9057601958,6.73305221896,6.73305221896,5.98023982647
379,0,270,positive,0.138092372237,-0.113670417436,-0.0248419379362,138.092372237,-113.670417436,-24.8419379362,6.17901147837,6.17901147837,6.04406208607
379,1,270,positive,0.138092372237,-0.114224458177,-0.0249057601958,138.092372237,-114.224458177,-24.9057601958,6.73305221896,6.73305221896,5.98023982647
380,0,270,positive,0.138092372237,-0.113670417436,-0.0248419379362,138.092372237,-113.670417436,-24.8419379362,6.17901147837,6.17901147837,6.04406208607
380,1,270,positive,0.138092372237,-0.113502046224,-0.0248271085932,138.092372237,-113.502046224,-24.8271085932,6.01064026632,6.01064026632,6.05889142914
381,0,270,positive,0.138092372237,-0.113059572068,-0.024859897113,138.092372237,-113.059572068,-24.859897113,5.56816611039,5.56816611039,6.02610290929
381,1,270,positive,0.138092372237,-0.113502046224,-0.0248271085932,138.092372237,-113.502046224,-24.8271085932,6.01064026632,6.01064026632,6.05889142914
382,0,270,positive,0.138092372237,-0.112249148668,-0.0249833575079,138.092372237,-112.249148668,-24.9833575079,4.75774270952,4.75774270952,5.90264251437
382,1,270,positive,0.138092372237,-0.112113005575,-0.0249625335244,138.092372237,-112.113005575,-24.9625335244,4.62159961725,4.62159961725,5.92346649789
383,0,270,positive,0.138092372237,-0.112113005575,-0.0249625335244,138.092372237,-112.113005575,-24.9625335244,4.62159961725,4.62159961725,5.92346649789
383,1,270,positive,0.138092372237,-0.111935081037,-0.0250471570779,138.092372237,-111.935081037,-25.0471570779,4.44367507857,4.44367507857,5.83884294439
384,0,270,positive,0.138092372237,-0.112591649259,-0.0249114297743,138.092372237,-112.591649259,-24.9114297743,5.10024330091,5.10024330091,5.97457024802
384,1,270,positive,0.138092372237,-0.112249148668,-0.0249833575079,138.092372237,-112.249148668,-24.9833575079,4.75774270952,4.75774270952,5.90264251437
385,0,270,positive,0.138092372237,-0.111935081037,-0.0250471570779,138.092372237,-111.935081037,-25.0471570779,4.44367507857,4.44367507857,5.83884294439
385,1,270,positive,0.138092372237,-0.111644693199,-0.0249527845256,138.092372237,-111.644693199,-24.9527845256,4.15328724086,4.15328724086,5.93321549669
386,0,270,positive,0.138092372237,-0.112591649259,-0.0249114297743,138.092372237,-112.591649259,-24.9114297743,5.10024330091,5.10024330091,5.97457024802
386,1,270,positive,0.138092372237,-0.113059572068,-0.024859897113,138.092372237,-113.059572068,-24.859897113,5.56816611039,5.56816611039,6.02610290929
387,0,270,positive,0.138092372237,-0.110939045311,-0.0248433189158,138.092372237,-110.939045311,-24.8433189158,3.44763935316,3.44763935316,6.04268110646
387,1,270,positive,0.138092372237,-0.110842117632,-0.0248326948033,138.092372237,-110.842117632,-24.8326948033,3.35071167437,3.35071167437,6.05330521903
388,0,270,positive,0.138092372237,-0.110842117632,-0.0248326948033,138.092372237,-110.842117632,-24.8326948033,3.35071167437,3.35071167437,6.05330521903
388,1,270,positive,0.138092372237,-0.110777093495,-0.024835763396,138.092372237,-110.777093495,-24.835763396,3.2856875374,3.2856875374,6.05023662633
389,0,270,positive,0.138092372237,-0.110507974802,-0.0248798376214,138.092372237,-110.507974802,-24.8798376214,3.01656884416,3.01656884416,6.00616240092
389,1,270,positive,0.138092372237,-0.110049939174,-0.0248205590471,138.092372237,-110.049939174,-24.8205590471,2.55853321565,2.55853321565,6.06544097516
390,0,270,positive,0.138092372237,-0.110507974802,-0.0248798376214,138.092372237,-110.507974802,-24.8798376214,3.01656884416,3.01656884416,6.00616240092
390,1,270,positive,0.138092372237,-0.110777093495,-0.024835763396,138.092372237,-110.777093495,-24.835763396,3.2856875374,3.2856875374,6.05023662633
391,0,270,positive,0.138092372237,-0.110939045311,-0.0248433189158,138.092372237,-110.939045311,-24.8433189158,3.44763935316,3.44763935316,6.04268110646
391,1,270,positive,0.138092372237,-0.111401366456,-0.0249392387811,138.092372237,-111.401366456,-24.9392387811,3.90996049763,3.90996049763,5.94676124114
392,0,270,positive,0.138092372237,-0.111401366456,-0.0249392387811,138.092372237,-111.401366456,-24.9392387811,3.90996049763,3.90996049763,5.94676124114
392,1,270,positive,0.138092372237,-0.111424106302,-0.0249838493117,138.092372237,-111.424106302,-24.9838493117,3.93270034429,3.93270034429,5.90215071057
393,0,270,positive,0.138092372237,-0.109816081495,-0.0248928834136,138.092372237,-109.816081495,-24.8928834136,2.32467553718,2.32467553718,5.99311660871
393,1,270,positive,0.138092372237,-0.110049939174,-0.0248205590471,138.092372237,-110.049939174,-24.8205590471,2.55853321565,2.55853321565,6.06544097516
394,0,270,positive,0.138092372237,-0.111424106302,-0.0249838493117,138.092372237,-111.424106302,-24.9838493117,3.93270034429,3.93270034429,5.90215071057
394,1,270,positive,0.138092372237,-0.111644693199,-0.0249527845256,138.092372237,-111.644693199,-24.9527845256,4.15328724086,4.15328724086,5.93321549669
395,0,270,positive,0.138092372237,-0.107584633388,-0.0247094892493,138.092372237,-107.584633388,-24.7094892493,0.093227430321,0.093227430321,6.17651077299
395,1,270,positive,0.138092372237,-0.107533617251,-0.0246985685815,138.092372237,-107.533617251,-24.6985685815,0.042211292815,0.042211292815,6.18743144081
396,0,270,positive,0.138092372237,-0.107639160227,-0.0247177174551,138.092372237,-107.639160227,-24.7177174551,0.14775426854,0.14775426854,6.16828256716
396,1,270,positive,0.138092372237,-0.107584633388,-0.0247094892493,138.092372237,-107.584633388,-24.7094892493,0.093227430321,0.093227430321,6.17651077299
397,0,270,positive,0.138092372237,-0.107533617251,-0.0246985685815,138.092372237,-107.533617251,-24.6985685815,0.042211292815,0.042211292815,6.18743144081
397,1,270,positive,0.138092372237,-0.107491405958,-0.0246964624861,138.092372237,-107.491405958,-24.6964624861,0,0,6.18953753617
398,0,270,positive,0.138092372237,-0.1077413517,-0.0247426250236,138.092372237,-107.7413517,-24.7426250236,0.249945742031,0.249945742031,6.14337499866
398,1,270,positive,0.138092372237,-0.107639160227,-0.0247177174551,138.092372237,-107.639160227,-24.7177174551,0.14775426854,0.14775426854,6.16828256716
399,0,270,positive,0.138092372237,-0.1077413517,-0.0247426250236,138.092372237,-107.7413517,-24.7426250236,0.249945742031,0.249945742031,6.14337499866
399,1,270,positive,0.138092372237,-0.108254954922,-0.0248251462122,138.092372237,-108.254954922,-24.8251462122,0.76354896446,0.76354896446,6.06085381009
400,0,270,positive,0.138092372237,-0.108254954922,-0.0248251462122,138.092372237,-108.254954922,-24.8251462122,0.76354896446,0.76354896446,6.06085381009
400,1,270,positive,0.138092372237,-0.108570880461,-0.0248033288909,138.092372237,-108.570880461,-24.8033288909,1.07947450264,1.07947450264,6.08267113144
401,0,270,positive,0.138092372237,-0.171555984738,0.0267750458439,138.092372237,-171.555984738,26.7750458439,64.0645787798,64.0645787798,57.6610458662
401,1,270,positive,0.138092372237,-0.171556101697,0.0267752181166,138.092372237,-171.556101697,26.7752181166,64.0646957388,64.0646957388,57.6612181389
402,0,270,positive,0.138092372237,-0.171556101697,0.0267752181166,138.092372237,-171.556101697,26.7752181166,64.0646957388,64.0646957388,57.6612181389
402,1,270,positive,0.138092372237,-0.171556579188,0.0267759851641,138.092372237,-171.556579188,26.7759851641,64.0651732301,64.0651732301,57.6619851864
403,0,270,positive,0.138092372237,-0.17229853626,0.0280072074202,138.092372237,-172.29853626,28.0072074202,64.8071303017,64.8071303017,58.8932074425
403,1,270,positive,0.138092372237,-0.171556579188,0.0267759851641,138.092372237,-171.556579188,26.7759851641,64.0651732301,64.0651732301,57.6619851864
404,0,270,positive,0.138092372237,-0.169996940463,0.0244643682243,138.092372237,-169.996940463,24.4643682243,62.5055345054,62.5055345054,55.3503682466
404,1,270,positive,0.138092372237,-0.170572660899,0.0252737097552,138.092372237,-170.572660899,25.2737097552,63.0812549406,63.0812549406,56.1597097775
405,0,270,positive,0.138092372237,-0.170814492389,0.0256056156369,138.092372237,-170.814492389,25.6056156369,63.3230864312,63.3230864312,56.4916156592
405,1,270,positive,0.138092372237,-0.170572660899,0.0252737097552,138.092372237,-170.572660899,25.2737097552,63.0812549406,63.0812549406,56.1597097775
406,0,270,positive,0.138092372237,-0.171555316051,0.0267739235315,138.092372237,-171.555316051,26.7739235315,64.063910093,64.063910093,57.6599235538
406,1,270,positive,0.138092372237,-0.171555984738,0.0267750458439,138.092372237,-171.555984738,26.7750458439,64.0645787798,64.0645787798,57.6610458662
407,0,270,positive,0.138092372237,-0.171555316051,0.0267739235315,138.092372237,-171.555316051,26.7739235315,64.063910093,64.063910093,57.6599235538
407,1,270,positive,0.138092372237,-0.170814492389,0.0256056156369,138.092372237,-170.814492389,25.6056156369,63.3230864312,63.3230864312,56.4916156592
408,0,270,positive,0.138092372237,-0.169292517048,0.0319538679253,138.092372237,-169.292517048,31.9538679253,61.8011110904,61.8011110904,62.8398679476
408,1,270,positive,0.138092372237,-0.169077526773,0.0315717962598,138.092372237,-169.077526773,31.5717962598,61.586120815,61.586120815,62.457796282
409,0,270,positive,0.138092372237,-0.169387183238,0.0320703968889,138.092372237,-169.387183238,32.0703968889,61.89577728,61.89577728,62.9563969111
409,1,270,positive,0.138092372237,-0.169292517048,0.0319538679253,138.092372237,-169.292517048,31.9538679253,61.8011110904,61.8011110904,62.8398679476
410,0,270,positive,0.138092372237,-0.169387183238,0.0320703968889,138.092372237,-169.387183238,32.0703968889,61.89577728,61.89577728,62.9563969111
410,1,270,positive,0.138092372237,-0.169943446637,0.0330771226181,138.092372237,-169.943446637,33.0771226181,62.4520406788,62.4520406788,63.9631226404
411,0,270,positive,0.138092372237,-0.170328139458,0.0336927148982,138.092372237,-170.328139458,33.6927148982,62.8367335,62.8367335,64.5787149205
411,1,270,positive,0.138092372237,-0.169943446637,0.0330771226181,138.092372237,-169.943446637,33.0771226181,62.4520406788,62.4520406788,63.9631226404
412,0,270,positive,0.138092372237,-0.170328139458,0.0336927148982,138.092372237,-170.328139458,33.6927148982,62.8367335,62.8367335,64.5787149205
412,1,270,positive,0.138092372237,-0.170511357469,0.0340064474551,138.092372237,-170.511357469,34.0064474551,63.0199515112,63.0199515112,64.8924474774
413,0,270,positive,0.138092372237,-0.165969974492,0.0257682723815,138.092372237,-165.969974492,25.7682723815,58.478568534,58.478568534,56.6542724038
413,1,270,positive,0.138092372237,-0.16594798784,0.0257760639076,138.092372237,-165.94798784,25.7760639076,58.4565818818,58.4565818818,56.6620639299
414,0,270,positive,0.138092372237,-0.166185624915,0.0262943469436,138.092372237,-166.185624915,26.2943469436,58.6942189575,58.6942189575,57.1803469659
414,1,270,positive,0.138092372237,-0.165969974492,0.0257682723815,138.092372237,-165.969974492,25.7682723815,58.478568534,58.478568534,56.6542724038
415,0,270,positive,0.138092372237,-0.166185624915,0.0262943469436,138.092372237,-166.185624915,26.2943469436,58.6942189575,58.6942189575,57.1803469659
415,1,270,positive,0.138092372237,-0.166472206031,0.026942094032,138.092372237,-166.472206031,26.942094032,58.9808000726,58.9808000726,57.8280940543
416,0,270,positive,0.138092372237,-0.166709955624,0.0276144489786,138.092372237,-166.709955624,27.6144489786,59.2185496656,59.2185496656,58.5004490009
416,1,270,positive,0.138092372237,-0.166472206031,0.026942094032,138.092372237,-166.472206031,26.942094032,58.9808000726,58.9808000726,57.8280940543
417,0,270,positive,0.138092372237,-0.166709955624,0.0276144489786,138.092372237,-166.709955624,27.6144489786,59.2185496656,59.2185496656,58.5004490009
417,1,270,positive,0.138092372237,-0.167368492464,0.0288374243087,138.092372237,-167.368492464,28.8374243087,59.8770865058,59.8770865058,59.723424331
418,0,270,positive,0.138092372237,-0.16594798784,0.0257760639076,138.092372237,-165.94798784,25.7760639076,58.4565818818,58.4565818818,56.6620639299
418,1,270,positive,0.138092372237,-0.165517090048,0.0248828812723,138.092372237,-165.517090048,24.8828812723,58.0256840902,58.0256840902,55.7688812946
419,0,270,positive,0.138092372237,-0.165251070794,0.0244225190012,138.092372237,-165.251070794,24.4225190012,57.7596648364,57.7596648364,55.3085190235
419,1,270,positive,0.138092372237,-0.165517090048,0.0248828812723,138.092372237,-165.517090048,24.8828812723,58.0256840902,58.0256840902,55.7688812946
420,0,270,positive,0.138092372237,-0.168075195553,0.0299724844429,138.092372237,-168.075195553,29.9724844429,60.5837895951,60.5837895951,60.8584844652
420,1,270,positive,0.138092372237,-0.167368492464,0.0288374243087,138.092372237,-167.368492464,28.8374243087,59.8770865058,59.8770865058,59.723424331
421,0,270,positive,0.138092372237,-0.168075195553,0.0299724844429,138.092372237,-168.075195553,29.9724844429,60.5837895951,60.5837895951,60.8584844652
421,1,270,positive,0.138092372237,-0.169077526773,0.0315717962598,138.092372237,-169.077526773,31.5717962598,61.586120815,61.586120815,62.457796282
422,0,270,positive,0.138092372237,-0.170993952649,0.0350439489778,138.092372237,-170.993952649,35.0439489778,63.5025466911,63.5025466911,65.9299490001
422,1,270,positive,0.138092372237,-0.170511357469,0.0340064474551,138.092372237,-170.511357469,34.0064474551,63.0199515112,63.0199515112,64.8924474774
423,0,270,positive,0.138092372237,-0.171689530012,0.0361795930001,138.092372237,-171.689530012,36.1795930001,64.1981240545,64.1981240545,67.0655930224
423,1,270,positive,0.138092372237,-0.170993952649,0.0350439489778,138.092372237,-170.993952649,35.0439489778,63.5025466911,63.5025466911,65.9299490001
424,0,270,positive,0.138092372237,-0.174098175082,0.0310708936993,138.092372237,-174.098175082,31.0708936993,66.6067691239,66.6067691239,61.9568937216
424,1,270,positive,0.138092372237,-0.174213706737,0.0312957020044,138.092372237,-174.213706737,31.2957020044,66.7223007788,66.7223007788,62.1817020267
425,0,270,positive,0.138092372237,-0.174677536132,0.0322944892632,138.092372237,-174.677536132,32.2944892632,67.1861301739,67.1861301739,63.1804892855
425,1,270,positive,0.138092372237,-0.174840787357,0.0326963447292,138.092372237,-174.840787357,32.6963447292,67.3493813986,67.3493813986,63.5823447515
426,0,270,positive,0.138092372237,-0.174677536132,0.0322944892632,138.092372237,-174.677536132,32.2944892632,67.1861301739,67.1861301739,63.1804892855
426,1,270,positive,0.138092372237,-0.174213706737,0.0312957020044,138.092372237,-174.213706737,31.2957020044,66.7223007788,66.7223007788,62.1817020267
427,0,270,positive,0.138092372237,-0.175494719311,0.0341510924693,138.092372237,-175.494719311,34.1510924693,68.0033133531,68.0033133531,65.0370924916
427,1,270,positive,0.138092372237,-0.175790242628,0.0347663622756,138.092372237,-175.790242628,34.7663622756,68.29883667,68.29883667,65.6523622979
428,0,270,positive,0.138092372237,-0.17519090248,0.0334220435227,138.092372237,-175.19090248,33.4220435227,67.6994965222,67.6994965222,64.308043545
428,1,270,positive,0.138092372237,-0.174840787357,0.0326963447292,138.092372237,-174.840787357,32.6963447292,67.3493813986,67.3493813986,63.5823447515
429,0,270,positive,0.138092372237,-0.175494719311,0.0341510924693,138.092372237,-175.494719311,34.1510924693,68.0033133531,68.0033133531,65.0370924916
429,1,270,positive,0.138092372237,-0.17519090248,0.0334220435227,138.092372237,-175.19090248,33.4220435227,67.6994965222,67.6994965222,64.308043545
430,0,270,positive,0.138092372237,-0.175790242628,0.0347663622756,138.092372237,-175.790242628,34.7663622756,68.29883667,68.29883667,65.6523622979
430,1,270,positive,0.138092372237,-0.17601011912,0.0353019903076,138.092372237,-176.01011912,35.3019903076,68.5187131622,68.5187131622,66.1879903299
431,0,270,positive,0.138092372237,-0.177803504756,0.0386494512961,138.092372237,-177.803504756,38.6494512961,70.3120987975,70.3120987975,69.5354513184
431,1,270,positive,0.138092372237,-0.177884505872,0.0387908831609,138.092372237,-177.884505872,38.7908831609,70.3930999139,70.3930999139,69.6768831832
432,0,270,positive,0.138092372237,-0.176384011607,0.0360933407841,138.092372237,-176.384011607,36.0933407841,68.8926056486,68.8926056486,66.9793408064
432,1,270,positive,0.138092372237,-0.1768086951,0.0368759061683,138.092372237,-176.8086951,36.8759061683,69.3172891415,69.3172891415,67.7619061906
433,0,270,positive,0.138092372237,-0.176230061257,0.0357897629848,138.092372237,-176.230061257,35.7897629848,68.7386552987,68.7386552987,66.6757630071
433,1,270,positive,0.138092372237,-0.17601011912,0.0353019903076,138.092372237,-176.01011912,35.3019903076,68.5187131622,68.5187131622,66.1879903299
434,0,270,positive,0.138092372237,-0.176384011607,0.0360933407841,138.092372237,-176.384011607,36.0933407841,68.8926056486,68.8926056486,66.9793408064
434,1,270,positive,0.138092372237,-0.176230061257,0.0357897629848,138.092372237,-176.230061257,35.7897629848,68.7386552987,68.7386552987,66.6757630071
435,0,270,positive,0.138092372237,-0.1768086951,0.0368759061683,138.092372237,-176.8086951,36.8759061683,69.3172891415,69.3172891415,67.7619061906
435,1,270,positive,0.138092372237,-0.176962379828,0.0372114732199,138.092372237,-176.962379828,37.2114732199,69.4709738703,69.4709738703,68.0974732422
436,0,270,positive,0.138092372237,-0.177053040711,0.037374663221,138.092372237,-177.053040711,37.374663221,69.5616347531,69.5616347531,68.2606632433
436,1,270,positive,0.138092372237,-0.176962379828,0.0372114732199,138.092372237,-176.962379828,37.2114732199,69.4709738703,69.4709738703,68.0974732422
437,0,270,positive,0.138092372237,-0.177053040711,0.037374663221,138.092372237,-177.053040711,37.374663221,69.5616347531,69.5616347531,68.2606632433
437,1,270,positive,0.138092372237,-0.177297101316,0.0377517167594,138.092372237,-177.297101316,37.7517167594,69.805695358,69.805695358,68.6377167817
438,0,270,positive,0.138092372237,-0.177803504756,0.0386494512961,138.092372237,-177.803504756,38.6494512961,70.3120987975,70.3120987975,69.5354513184
438,1,270,positive,0.138092372237,-0.177297101316,0.0377517167594,138.092372237,-177.297101316,37.7517167594,69.805695358,69.805695358,68.6377167817
439,0,270,positive,0.138092372237,-0.179403010854,0.0415762671642,138.092372237,-179.403010854,41.5762671642,71.9116048956,71.9116048956,72.4622671865
439,1,270,positive,0.138092372237,-0.179589858792,0.0419142523142,138.092372237,-179.589858792,41.9142523142,72.0984528335,72.0984528335,72.8002523365
440,0,270,positive,0.138092372237,-0.177884505872,0.0387908831609,138.092372237,-177.884505872,38.7908831609,70.3930999139,70.3930999139,69.6768831832
440,1,270,positive,0.138092372237,-0.178013932998,0.0390699753781,138.092372237,-178.013932998,39.0699753781,70.5225270403,70.5225270403,69.9559754003
441,0,270,positive,0.138092372237,-0.178608200937,0.0403120999568,138.092372237,-178.608200937,40.3120999568,71.1167949787,71.1167949787,71.1980999791
441,1,270,positive,0.138092372237,-0.178013932998,0.0390699753781,138.092372237,-178.013932998,39.0699753781,70.5225270403,70.5225270403,69.9559754003
442,0,270,positive,0.138092372237,-0.1764486868,0.0439092794254,138.092372237,-176.4486868,43.9092794254,68.9572808418,68.9572808418,74.7952794477
442,1,270,positive,0.138092372237,-0.176233564225,0.0434404304993,138.092372237,-176.233564225,43.4404304993,68.7421582667,68.7421582667,74.3264305216
443,0,270,positive,0.138092372237,-0.175589250801,0.0427006629654,138.092372237,-175.589250801,42.7006629654,68.097844843,68.097844843,73.5866629876
443,1,270,positive,0.138092372237,-0.175077152307,0.0418778161197,138.092372237,-175.077152307,41.8778161197,67.585746349,67.585746349,72.763816142
444,0,270,positive,0.138092372237,-0.174917496737,0.0416098113373,138.092372237,-174.917496737,41.6098113373,67.4260907794,67.4260907794,72.4958113595
444,1,270,positive,0.138092372237,-0.175077152307,0.0418778161197,138.092372237,-175.077152307,41.8778161197,67.585746349,67.585746349,72.763816142
445,0,270,positive,0.138092372237,-0.175845123166,0.042944967982,138.092372237,-175.845123166,42.944967982,68.353717208,68.353717208,73.8309680043
445,1,270,positive,0.138092372237,-0.175589250801,0.0427006629654,138.092372237,-175.589250801,42.7006629654,68.097844843,68.097844843,73.5866629876
446,0,270,positive,0.138092372237,-0.175845123166,0.042944967982,138.092372237,-175.845123166,42.944967982,68.353717208,68.353717208,73.8309680043
446,1,270,positive,0.138092372237,-0.175977356309,0.0431430528775,138.092372237,-175.977356309,43.1430528775,68.4859503508,68.4859503508,74.0290528998
447,0,270,positive,0.138092372237,-0.175977356309,0.0431430528775,138.092372237,-175.977356309,43.1430528775,68.4859503508,68.4859503508,74.0290528998
447,1,270,positive,0.138092372237,-0.176087211812,0.0431956198476,138.092372237,-176.087211812,43.1956198476,68.5958058543,68.5958058543,74.0816198699
448,0,270,positive,0.138092372237,-0.176087211812,0.0431956198476,138.092372237,-176.087211812,43.1956198476,68.5958058543,68.5958058543,74.0816198699
448,1,270,positive,0.138092372237,-0.176233564225,0.0434404304993,138.092372237,-176.233564225,43.4404304993,68.7421582667,68.7421582667,74.3264305216
449,0,270,positive,0.138092372237,-0.179079950625,0.0410691731099,138.092372237,-179.079950625,41.0691731099,71.5885446668,71.5885446668,71.9551731322
449,1,270,positive,0.138092372237,-0.179403010854,0.0415762671642,138.092372237,-179.403010854,41.5762671642,71.9116048956,71.9116048956,72.4622671865
450,0,270,positive,0.138092372237,-0.179079950625,0.0410691731099,138.092372237,-179.079950625,41.0691731099,71.5885446668,71.5885446668,71.9551731322
450,1,270,positive,0.138092372237,-0.178608200937,0.0403120999568,138.092372237,-178.608200937,40.3120999568,71.1167949787,71.1167949787,71.1980999791
451,0,270,positive,0.138092372237,-0.180111438232,0.0428932453315,138.092372237,-180.111438232,42.8932453315,72.6200322741,72.6200322741,73.7792453538
451,1,270,positive,0.138092372237,-0.180207558281,0.043052723133,138.092372237,-180.207558281,43.052723133,72.7161523228,72.7161523228,73.9387231553
452,0,270,positive,0.138092372237,-0.180207558281,0.043052723133,138.092372237,-180.207558281,43.052723133,72.7161523228,72.7161523228,73.9387231553
452,1,270,positive,0.138092372237,-0.180441025907,0.0435037280353,138.092372237,-180.441025907,43.5037280353,72.9496199488,72.9496199488,74.3897280576
453,0,270,positive,0.138092372237,-0.180111438232,0.0428932453315,138.092372237,-180.111438232,42.8932453315,72.6200322741,72.6200322741,73.7792453538
453,1,270,positive,0.138092372237,-0.179589858792,0.0419142523142,138.092372237,-179.589858792,41.9142523142,72.0984528335,72.0984528335,72.8002523365
454,0,270,positive,0.138092372237,-0.180813657864,0.0441965813318,138.092372237,-180.813657864,44.1965813318,73.322251906,73.322251906,75.0825813541
454,1,270,positive,0.138092372237,-0.180441025907,0.0435037280353,138.092372237,-180.441025907,43.5037280353,72.9496199488,72.9496199488,74.3897280576
455,0,270,positive,0.138092372237,-0.178157197159,0.0476052358225,138.092372237,-178.157197159,47.6052358225,70.6657912014,70.6657912014,78.4912358448
455,1,270,positive,0.138092372237,-0.177742681699,0.0468997746676,138.092372237,-177.742681699,46.8997746676,70.2512757411,70.2512757411,77.7857746899
456,0,270,positive,0.138092372237,-0.176518444985,0.0441080417962,138.092372237,-176.518444985,44.1080417962,69.0270390273,69.0270390273,74.9940418185
456,1,270,positive,0.138092372237,-0.1764486868,0.0439092794254,138.092372237,-176.4486868,43.9092794254,68.9572808418,68.9572808418,74.7952794477
457,0,270,positive,0.138092372237,-0.176518444985,0.0441080417962,138.092372237,-176.518444985,44.1080417962,69.0270390273,69.0270390273,74.9940418185
457,1,270,positive,0.138092372237,-0.17690167365,0.0450022344514,138.092372237,-176.90167365,45.0022344514,69.4102676924,69.4102676924,75.8882344737
458,0,270,positive,0.138092372237,-0.177128467912,0.0455398825687,138.092372237,-177.128467912,45.5398825687,69.6370619535,69.6370619535,76.425882591
458,1,270,positive,0.138092372237,-0.17690167365,0.0450022344514,138.092372237,-176.90167365,45.0022344514,69.4102676924,69.4102676924,75.8882344737
459,0,270,positive,0.138092372237,-0.177128467912,0.0455398825687,138.092372237,-177.128467912,45.5398825687,69.6370619535,69.6370619535,76.425882591
459,1,270,positive,0.138092372237,-0.177345383837,0.0459812317211,138.092372237,-177.345383837,45.9812317211,69.8539778795,69.8539778795,76.8672317434
460,0,270,positive,0.138092372237,-0.177345383837,0.0459812317211,138.092372237,-177.345383837,45.9812317211,69.8539778795,69.8539778795,76.8672317434
460,1,270,positive,0.138092372237,-0.177457745663,0.0462502122041,138.092372237,-177.457745663,46.2502122041,69.9663397054,69.9663397054,77.1362122264
461,0,270,positive,0.138092372237,-0.177457745663,0.0462502122041,138.092372237,-177.457745663,46.2502122041,69.9663397054,69.9663397054,77.1362122264
461,1,270,positive,0.138092372237,-0.177742681699,0.0468997746676,138.092372237,-177.742681699,46.8997746676,70.2512757411,70.2512757411,77.7857746899
462,0,270,positive,0.138092372237,-0.18121584144,0.0450065151737,138.092372237,-181.21584144,45.0065151737,73.7244354825,73.7244354825,75.892515196
462,1,270,positive,0.138092372237,-0.181737370822,0.0460221223746,138.092372237,-181.737370822,46.0221223746,74.2459648642,74.2459648642,76.9081223968
463,0,270,positive,0.138092372237,-0.18121584144,0.0450065151737,138.092372237,-181.21584144,45.0065151737,73.7244354825,73.7244354825,75.892515196
463,1,270,positive,0.138092372237,-0.180813657864,0.0441965813318,138.092372237,-180.813657864,44.1965813318,73.322251906,73.322251906,75.0825813541
464,0,270,positive,0.138092372237,-0.181737370822,0.0460221223746,138.092372237,-181.737370822,46.0221223746,74.2459648642,74.2459648642,76.9081223968
464,1,270,positive,0.138092372237,-0.182120885883,0.0468158462995,138.092372237,-182.120885883,46.8158462995,74.6294799254,74.6294799254,77.7018463218
465,0,270,positive,0.138092372237,-0.182757766785,0.0480362106507,138.092372237,-182.757766785,48.0362106507,75.266360827,75.266360827,78.922210673
465,1,270,positive,0.138092372237,-0.183232102139,0.0490873203354,138.092372237,-183.232102139,49.0873203354,75.740696181,75.740696181,79.9733203577
466,0,270,positive,0.138092372237,-0.182548065095,0.0476134915361,138.092372237,-182.548065095,47.6134915361,75.0566591366,75.0566591366,78.4994915583
466,1,270,positive,0.138092372237,-0.182120885883,0.0468158462995,138.092372237,-182.120885883,46.8158462995,74.6294799254,74.6294799254,77.7018463218
467,0,270,positive,0.138092372237,-0.182757766785,0.0480362106507,138.092372237,-182.757766785,48.0362106507,75.266360827,75.266360827,78.922210673
467,1,270,positive,0.138092372237,-0.182548065095,0.0476134915361,138.092372237,-182.548065095,47.6134915361,75.0566591366,75.0566591366,78.4994915583
468,0,270,positive,0.138092372237,-0.172812725988,0.02882694246,138.092372237,-172.812725988,28.82694246,65.3213200304,65.3213200304,59.7129424823
468,1,270,positive,0.138092372237,-0.17229853626,0.0280072074202,138.092372237,-172.29853626,28.0072074202,64.8071303017,64.8071303017,58.8932074425
469,0,270,positive,0.138092372237,-0.172812725988,0.02882694246,138.092372237,-172.812725988,28.82694246,65.3213200304,65.3213200304,59.7129424823
469,1,270,positive,0.138092372237,-0.173210948159,0.0294618571561,138.092372237,-173.210948159,29.4618571561,65.7195422009,65.7195422009,60.3478571784
470,0,270,positive,0.138092372237,-0.173456247999,0.029905178975,138.092372237,-173.456247999,29.905178975,65.9648420408,65.9648420408,60.7911789973
470,1,270,positive,0.138092372237,-0.173210948159,0.0294618571561,138.092372237,-173.210948159,29.4618571561,65.7195422009,65.7195422009,60.3478571784
471,0,270,positive,0.138092372237,-0.173781919492,0.0304815379997,138.092372237,-173.781919492,30.4815379997,66.2905135342,66.2905135342,61.367538022
471,1,270,positive,0.138092372237,-0.174098175082,0.0310708936993,138.092372237,-174.098175082,31.0708936993,66.6067691239,66.6067691239,61.9568937216
472,0,270,positive,0.138092372237,-0.173781919492,0.0304815379997,138.092372237,-173.781919492,30.4815379997,66.2905135342,66.2905135342,61.367538022
472,1,270,positive,0.138092372237,-0.173456247999,0.029905178975,138.092372237,-173.456247999,29.905178975,65.9648420408,65.9648420408,60.7911789973
473,0,270,positive,0.138092372237,-0.172651000678,0.0375813983194,138.092372237,-172.651000678,37.5813983194,65.1595947204,65.1595947204,68.4673983417
473,1,270,positive,0.138092372237,-0.17199098769,0.0366415926225,138.092372237,-171.99098769,36.6415926225,64.499581732,64.499581732,67.5275926448
474,0,270,positive,0.138092372237,-0.172651000678,0.0375813983194,138.092372237,-172.651000678,37.5813983194,65.1595947204,65.1595947204,68.4673983417
474,1,270,positive,0.138092372237,-0.172753869377,0.0377645477031,138.092372237,-172.753869377,37.7645477031,65.2624634192,65.2624634192,68.6505477254
475,0,270,positive,0.138092372237,-0.17355283293,0.0391348118809,138.092372237,-173.55283293,39.1348118809,66.0614269719,66.0614269719,70.0208119032
475,1,270,positive,0.138092372237,-0.172753869377,0.0377645477031,138.092372237,-172.753869377,37.7645477031,65.2624634192,65.2624634192,68.6505477254
476,0,270,positive,0.138092372237,-0.17355283293,0.0391348118809,138.092372237,-173.55283293,39.1348118809,66.0614269719,66.0614269719,70.0208119032
476,1,270,positive,0.138092372237,-0.173691336683,0.0394300017308,138.092372237,-173.691336683,39.4300017308,66.1999307254,66.1999307254,70.3160017531
477,0,270,positive,0.138092372237,-0.171689530012,0.0361795930001,138.092372237,-171.689530012,36.1795930001,64.1981240545,64.1981240545,67.0655930224
477,1,270,positive,0.138092372237,-0.17199098769,0.0366415926225,138.092372237,-171.99098769,36.6415926225,64.499581732,64.499581732,67.5275926448
478,0,270,positive,0.138092372237,-0.174895007347,0.0415627142353,138.092372237,-174.895007347,41.5627142353,67.4036013894,67.4036013894,72.4487142576
478,1,270,positive,0.138092372237,-0.173691336683,0.0394300017308,138.092372237,-173.691336683,39.4300017308,66.1999307254,66.1999307254,70.3160017531
479,0,270,positive,0.138092372237,-0.174901473522,0.041576412864,138.092372237,-174.901473522,41.576412864,67.4100675641,67.4100675641,72.4624128863
479,1,270,positive,0.138092372237,-0.174917496737,0.0416098113373,138.092372237,-174.917496737,41.6098113373,67.4260907794,67.4260907794,72.4958113595
480,0,270,positive,0.138092372237,-0.174895007347,0.0415627142353,138.092372237,-174.895007347,41.5627142353,67.4036013894,67.4036013894,72.4487142576
480,1,270,positive,0.138092372237,-0.174901473522,0.041576412864,138.092372237,-174.901473522,41.576412864,67.4100675641,67.4100675641,72.4624128863
481,0,270,positive,0.138092372237,-0.198544169807,0.0882029142407,138.092372237,-198.544169807,88.2029142407,91.052763849,91.052763849,119.088914263
481,1,270,positive,0.138092372237,-0.199041339117,0.0895645052962,138.092372237,-199.041339117,89.5645052962,91.5499331595,91.5499331595,120.450505318
482,0,270,positive,0.138092372237,-0.199141525031,0.089905748895,138.092372237,-199.141525031,89.905748895,91.6501190727,91.6501190727,120.791748917
482,1,270,positive,0.138092372237,-0.199041339117,0.0895645052962,138.092372237,-199.041339117,89.5645052962,91.5499331595,91.5499331595,120.450505318
483,0,270,positive,0.138092372237,-0.199141525031,0.089905748895,138.092372237,-199.141525031,89.905748895,91.6501190727,91.6501190727,120.791748917
483,1,270,positive,0.138092372237,-0.199435588548,0.0911917873452,138.092372237,-199.435588548,91.1917873452,91.9441825899,91.9441825899,122.077787368
484,0,270,positive,0.138092372237,-0.19954551824,0.091724257447,138.092372237,-199.54551824,91.724257447,92.0541122816,92.0541122816,122.610257469
484,1,270,positive,0.138092372237,-0.199897370969,0.0936870040841,138.092372237,-199.897370969,93.6870040841,92.4059650106,92.4059650106,124.573004106
485,0,270,positive,0.138092372237,-0.199498066706,0.0915294329909,138.092372237,-199.498066706,91.5294329909,92.0066607481,92.0066607481,122.415433013
485,1,270,positive,0.138092372237,-0.199435588548,0.0911917873452,138.092372237,-199.435588548,91.1917873452,91.9441825899,91.9441825899,122.077787368
486,0,270,positive,0.138092372237,-0.19954551824,0.091724257447,138.092372237,-199.54551824,91.724257447,92.0541122816,92.0541122816,122.610257469
486,1,270,positive,0.138092372237,-0.199498066706,0.0915294329909,138.092372237,-199.498066706,91.5294329909,92.0066607481,92.0066607481,122.415433013
487,0,270,positive,0.138092372237,-0.199901700546,0.093713341947,138.092372237,-199.901700546,93.713341947,92.4102945875,92.4102945875,124.599341969
487,1,270,positive,0.138092372237,-0.20019996138,0.0955800814292,138.092372237,-200.19996138,95.5800814292,92.7085554221,92.7085554221,126.466081451
488,0,270,positive,0.138092372237,-0.199901700546,0.093713341947,138.092372237,-199.901700546,93.713341947,92.4102945875,92.4102945875,124.599341969
488,1,270,positive,0.138092372237,-0.199897370969,0.0936870040841,138.092372237,-199.897370969,93.6870040841,92.4059650106,92.4059650106,124.573004106
489,0,270,positive,0.138092372237,-0.200252172777,0.0958705899927,138.092372237,-200.252172777,95.8705899927,92.7607668193,92.7607668193,126.756590015
489,1,270,positive,0.138092372237,-0.200579840642,0.0978043858569,138.092372237,-200.579840642,97.8043858569,93.0884346836,93.0884346836,128.690385879
490,0,270,positive,0.138092372237,-0.200609937163,0.0979701201659,138.092372237,-200.609937163,97.9701201659,93.1185312054,93.1185312054,128.856120188
490,1,270,positive,0.138092372237,-0.200579840642,0.0978043858569,138.092372237,-200.579840642,97.8043858569,93.0884346836,93.0884346836,128.690385879
491,0,270,positive,0.138092372237,-0.200252172777,0.0958705899927,138.092372237,-200.252172777,95.8705899927,92.7607668193,92.7607668193,126.756590015
491,1,270,positive,0.138092372237,-0.20019996138,0.0955800814292,138.092372237,-200.19996138,95.5800814292,92.7085554221,92.7085554221,126.466081451
492,0,270,positive,0.138092372237,-0.200609937163,0.0979701201659,138.092372237,-200.609937163,97.9701201659,93.1185312054,93.1185312054,128.856120188
492,1,270,positive,0.138092372237,-0.2008322693,0.0990856659988,138.092372237,-200.8322693,99.0856659988,93.3408633416,93.3408633416,129.971666021
493,0,270,positive,0.138092372237,-0.200929675715,0.0996171058044,138.092372237,-200.929675715,99.6171058044,93.4382697571,93.4382697571,130.503105827
493,1,270,positive,0.138092372237,-0.2008322693,0.0990856659988,138.092372237,-200.8322693,99.0856659988,93.3408633416,93.3408633416,129.971666021
494,0,270,positive,0.138092372237,-0.2010463313,0.100150134615,138.092372237,-201.0463313,100.150134615,93.5549253421,93.5549253421,131.036134638
494,1,270,positive,0.138092372237,-0.200929675715,0.0996171058044,138.092372237,-200.929675715,99.6171058044,93.4382697571,93.4382697571,130.503105827
495,0,270,positive,0.138092372237,-0.2010463313,0.100150134615,138.092372237,-201.0463313,100.150134615,93.5549253421,93.5549253421,131.036134638
495,1,270,positive,0.138092372237,-0.201220613261,0.101027914035,138.092372237,-201.220613261,101.027914035,93.7292073035,93.7292073035,131.913914057
496,0,270,positive,0.138092372237,-0.201220613261,0.101027914035,138.092372237,-201.220613261,101.027914035,93.7292073035,93.7292073035,131.913914057
496,1,270,positive,0.138092372237,-0.201553514562,0.102416554118,138.092372237,-201.553514562,102.416554118,94.0621086043,94.0621086043,133.302554141
497,0,270,positive,0.138092372237,-0.201871327844,0.103605659564,138.092372237,-201.871327844,103.605659564,94.3799218863,94.3799218863,134.491659586
497,1,270,positive,0.138092372237,-0.202074524689,0.104308662606,138.092372237,-202.074524689,104.308662606,94.5831187312,94.5831187312,135.194662628
498,0,270,positive,0.138092372237,-0.202074524689,0.104308662606,138.092372237,-202.074524689,104.308662606,94.5831187312,94.5831187312,135.194662628
498,1,270,positive,0.138092372237,-0.2023471931,0.10512552613,138.092372237,-202.3471931,105.12552613,94.8557871417,94.8557871417,136.011526152
499,0,270,positive,0.138092372237,-0.202735395505,0.106202719574,138.092372237,-202.735395505,106.202719574,95.243989547,95.243989547,137.088719596
499,1,270,positive,0.138092372237,-0.202849970412,0.106481612647,138.092372237,-202.849970412,106.481612647,95.3585644545,95.3585644545,137.367612669
500,0,270,positive,0.138092372237,-0.202504129831,0.1056673907,138.092372237,-202.504129831,105.6673907,95.0127238732,95.0127238732,136.553390722
500,1,270,positive,0.138092372237,-0.2023471931,0.10512552613,138.092372237,-202.3471931,105.12552613,94.8557871417,94.8557871417,136.011526152
501,0,270,positive,0.138092372237,-0.202735395505,0.106202719574,138.092372237,-202.735395505,106.202719574,95.243989547,95.243989547,137.088719596
501,1,270,positive,0.138092372237,-0.202504129831,0.1056673907,138.092372237,-202.504129831,105.6673907,95.0127238732,95.0127238732,136.553390722
502,0,270,positive,0.138092372237,-0.201680273304,0.102966953973,138.092372237,-201.680273304,102.966953973,94.1888673464,94.1888673464,133.852953995
502,1,270,positive,0.138092372237,-0.201553514562,0.102416554118,138.092372237,-201.553514562,102.416554118,94.0621086043,94.0621086043,133.302554141
503,0,270,positive,0.138092372237,-0.201871327844,0.103605659564,138.092372237,-201.871327844,103.605659564,94.3799218863,94.3799218863,134.491659586
503,1,270,positive,0.138092372237,-0.201680273304,0.102966953973,138.092372237,-201.680273304,102.966953973,94.1888673464,94.1888673464,133.852953995
504,0,270,positive,0.138092372237,-0.198549630146,0.107806083652,138.092372237,-198.549630146,107.806083652,91.0582241883,91.0582241883,138.692083674
504,1,270,positive,0.138092372237,-0.198508315606,0.107679111596,138.092372237,-198.508315606,107.679111596,91.0169096481,91.0169096481,138.565111618
505,0,270,positive,0.138092372237,-0.198578801056,0.107927184304,138.092372237,-198.578801056,107.927184304,91.0873950983,91.0873950983,138.813184327
505,1,270,positive,0.138092372237,-0.198549630146,0.107806083652,138.092372237,-198.549630146,107.806083652,91.0582241883,91.0582241883,138.692083674
506,0,270,positive,0.138092372237,-0.202849970412,0.106481612647,138.092372237,-202.849970412,106.481612647,95.3585644545,95.3585644545,137.367612669
506,1,270,positive,0.138092372237,-0.203054961601,0.107026163285,138.092372237,-203.054961601,107.026163285,95.5635556432,95.5635556432,137.912163307
507,0,270,positive,0.138092372237,-0.20359947366,0.108531962827,138.092372237,-203.59947366,108.531962827,96.1080677023,96.1080677023,139.417962849
507,1,270,positive,0.138092372237,-0.203054961601,0.107026163285,138.092372237,-203.054961601,107.026163285,95.5635556432,95.5635556432,137.912163307
508,0,270,positive,0.138092372237,-0.20426402683,0.110536242569,138.092372237,-204.26402683,110.536242569,96.7726208718,96.7726208718,141.422242591
508,1,270,positive,0.138092372237,-0.204325767136,0.110728027882,138.092372237,-204.325767136,110.728027882,96.8343611776,96.8343611776,141.614027905
509,0,270,positive,0.138092372237,-0.204101127317,0.110009305334,138.092372237,-204.101127317,110.009305334,96.6097213589,96.6097213589,140.895305356
509,1,270,positive,0.138092372237,-0.20426402683,0.110536242569,138.092372237,-204.26402683,110.536242569,96.7726208718,96.7726208718,141.422242591
510,0,270,positive,0.138092372237,-0.204101127317,0.110009305334,138.092372237,-204.101127317,110.009305334,96.6097213589,96.6097213589,140.895305356
510,1,270,positive,0.138092372237,-0.20359947366,0.108531962827,138.092372237,-203.59947366,108.531962827,96.1080677023,96.1080677023,139.417962849
511,0,270,positive,0.138092372237,-0.204325767136,0.110728027882,138.092372237,-204.325767136,110.728027882,96.8343611776,96.8343611776,141.614027905
511,1,270,positive,0.138092372237,-0.204468339196,0.111226914927,138.092372237,-204.468339196,111.226914927,96.9769332385,96.9769332385,142.112914949
512,0,270,positive,0.138092372237,-0.204468339196,0.111226914927,138.092372237,-204.468339196,111.226914927,96.9769332385,96.9769332385,142.112914949
512,1,270,positive,0.138092372237,-0.204684329872,0.112055515697,138.092372237,-204.684329872,112.055515697,97.1929239143,97.1929239143,142.941515719
513,0,270,positive,0.138092372237,-0.204802508933,0.112556277366,138.092372237,-204.802508933,112.556277366,97.3111029752,97.3111029752,143.442277389
513,1,270,positive,0.138092372237,-0.204684329872,0.112055515697,138.092372237,-204.684329872,112.055515697,97.1929239143,97.1929239143,142.941515719
514,0,270,positive,0.138092372237,-0.199378154343,0.112991485069,138.092372237,-199.378154343,112.991485069,91.8867483852,91.8867483852,143.877485092
514,1,270,positive,0.138092372237,-0.199158150872,0.11194656321,138.092372237,-199.158150872,111.94656321,91.6667449139,91.6667449139,142.832563232
515,0,270,positive,0.138092372237,-0.199378154343,0.112991485069,138.092372237,-199.378154343,112.991485069,91.8867483852,91.8867483852,143.877485092
515,1,270,positive,0.138092372237,-0.199396768572,0.113298022162,138.092372237,-199.396768572,113.298022162,91.9053626144,91.9053626144,144.184022184
516,0,270,positive,0.138092372237,-0.199396768572,0.113298022162,138.092372237,-199.396768572,113.298022162,91.9053626144,91.9053626144,144.184022184
516,1,270,positive,0.138092372237,-0.199599077354,0.113931438194,138.092372237,-199.599077354,113.931438194,92.1076713965,92.1076713965,144.817438217
517,0,270,positive,0.138092372237,-0.199818751231,0.114652506477,138.092372237,-199.818751231,114.652506477,92.327345273,92.327345273,145.5385065
517,1,270,positive,0.138092372237,-0.199599077354,0.113931438194,138.092372237,-199.599077354,113.931438194,92.1076713965,92.1076713965,144.817438217
518,0,270,positive,0.138092372237,-0.199958848978,0.114989998519,138.092372237,-199.958848978,114.989998519,92.4674430202,92.4674430202,145.875998541
518,1,270,positive,0.138092372237,-0.199818751231,0.114652506477,138.092372237,-199.818751231,114.652506477,92.327345273,92.327345273,145.5385065
519,0,270,positive,0.138092372237,-0.199958848978,0.114989998519,138.092372237,-199.958848978,114.989998519,92.4674430202,92.4674430202,145.875998541
519,1,270,positive,0.138092372237,-0.2000345825,0.115204823335,138.092372237,-200.0345825,115.204823335,92.5431765423,92.5431765423,146.090823357
520,0,270,positive,0.138092372237,-0.2000345825,0.115204823335,138.092372237,-200.0345825,115.204823335,92.5431765423,92.5431765423,146.090823357
520,1,270,positive,0.138092372237,-0.200029398798,0.115666512204,138.092372237,-200.029398798,115.666512204,92.5379928398,92.5379928398,146.552512226
521,0,270,positive,0.138092372237,-0.200020990819,0.115985674797,138.092372237,-200.020990819,115.985674797,92.5295848614,92.5295848614,146.87167482
521,1,270,positive,0.138092372237,-0.200029398798,0.115666512204,138.092372237,-200.029398798,115.666512204,92.5379928398,92.5379928398,146.552512226
522,0,270,positive,0.138092372237,-0.200030673869,0.116226199092,138.092372237,-200.030673869,116.226199092,92.5392679114,92.5392679114,147.112199114
522,1,270,positive,0.138092372237,-0.200020990819,0.115985674797,138.092372237,-200.020990819,115.985674797,92.5295848614,92.5295848614,146.87167482
523,0,270,positive,0.138092372237,-0.200030673869,0.116226199092,138.092372237,-200.030673869,116.226199092,92.5392679114,92.5392679114,147.112199114
523,1,270,positive,0.138092372237,-0.200056674525,0.116437246177,138.092372237,-200.056674525,116.437246177,92.5652685672,92.5652685672,147.323246199
524,0,270,positive,0.138092372237,-0.200299700346,0.117281803015,138.092372237,-200.299700346,117.281803015,92.808294388,92.808294388,148.167803037
524,1,270,positive,0.138092372237,-0.20018051061,0.116906442037,138.092372237,-200.18051061,116.906442037,92.689104652,92.689104652,147.792442059
525,0,270,positive,0.138092372237,-0.200327418442,0.117442897539,138.092372237,-200.327418442,117.442897539,92.8360124844,92.8360124844,148.328897561
525,1,270,positive,0.138092372237,-0.200299700346,0.117281803015,138.092372237,-200.299700346,117.281803015,92.808294388,92.808294388,148.167803037
526,0,270,positive,0.138092372237,-0.200444700562,0.117971308469,138.092372237,-200.444700562,117.971308469,92.9532946043,92.9532946043,148.857308491
526,1,270,positive,0.138092372237,-0.200327418442,0.117442897539,138.092372237,-200.327418442,117.442897539,92.8360124844,92.8360124844,148.328897561
527,0,270,positive,0.138092372237,-0.200474958049,0.118110870268,138.092372237,-200.474958049,118.110870268,92.9835520911,92.9835520911,148.99687029
527,1,270,positive,0.138092372237,-0.200502798798,0.118161100001,138.092372237,-200.502798798,118.161100001,93.0113928405,93.0113928405,149.047100023
528,0,270,positive,0.138092372237,-0.200732737412,0.118805661246,138.092372237,-200.732737412,118.805661246,93.2413314535,93.2413314535,149.691661268
528,1,270,positive,0.138092372237,-0.200502798798,0.118161100001,138.092372237,-200.502798798,118.161100001,93.0113928405,93.0113928405,149.047100023
529,0,270,positive,0.138092372237,-0.200732737412,0.118805661246,138.092372237,-200.732737412,118.805661246,93.2413314535,93.2413314535,149.691661268
529,1,270,positive,0.138092372237,-0.200791174137,0.118891192208,138.092372237,-200.791174137,118.891192208,93.2997681795,93.2997681795,149.77719223
530,0,270,positive,0.138092372237,-0.200056674525,0.116437246177,138.092372237,-200.056674525,116.437246177,92.5652685672,92.5652685672,147.323246199
530,1,270,positive,0.138092372237,-0.200076662004,0.116534039747,138.092372237,-200.076662004,116.534039747,92.585256046,92.585256046,147.420039769
531,0,270,positive,0.138092372237,-0.20018051061,0.116906442037,138.092372237,-200.18051061,116.906442037,92.689104652,92.689104652,147.792442059
531,1,270,positive,0.138092372237,-0.200076662004,0.116534039747,138.092372237,-200.076662004,116.534039747,92.585256046,92.585256046,147.420039769
532,0,270,positive,0.138092372237,-0.200444700562,0.117971308469,138.092372237,-200.444700562,117.971308469,92.9532946043,92.9532946043,148.857308491
532,1,270,positive,0.138092372237,-0.200474958049,0.118110870268,138.092372237,-200.474958049,118.110870268,92.9835520911,92.9835520911,148.99687029
533,0,270,positive,0.138092372237,-0.200944336137,0.119439927484,138.092372237,-200.944336137,119.439927484,93.4529301787,93.4529301787,150.325927507
533,1,270,positive,0.138092372237,-0.200791174137,0.118891192208,138.092372237,-200.791174137,118.891192208,93.2997681795,93.2997681795,149.77719223
534,0,270,positive,0.138092372237,-0.201334876447,0.120764060382,138.092372237,-201.334876447,120.764060382,93.8434704895,93.8434704895,151.650060404
534,1,270,positive,0.138092372237,-0.201169364512,0.120279128947,138.092372237,-201.169364512,120.279128947,93.6779585536,93.6779585536,151.16512897
535,0,270,positive,0.138092372237,-0.200944336137,0.119439927484,138.092372237,-200.944336137,119.439927484,93.4529301787,93.4529301787,150.325927507
535,1,270,positive,0.138092372237,-0.201016608827,0.119883312244,138.092372237,-201.016608827,119.883312244,93.5252028692,93.5252028692,150.769312266
536,0,270,positive,0.138092372237,-0.201016608827,0.119883312244,138.092372237,-201.016608827,119.883312244,93.5252028692,93.5252028692,150.769312266
536,1,270,positive,0.138092372237,-0.201169364512,0.120279128947,138.092372237,-201.169364512,120.279128947,93.6779585536,93.6779585536,151.16512897
537,0,270,positive,0.138092372237,-0.201334876447,0.120764060382,138.092372237,-201.334876447,120.764060382,93.8434704895,93.8434704895,151.650060404
537,1,270,positive,0.138092372237,-0.201548879095,0.121460336481,138.092372237,-201.548879095,121.460336481,94.0574731368,94.0574731368,152.346336504
538,0,270,positive,0.138092372237,-0.204836797829,0.11270900496,138.092372237,-204.836797829,112.70900496,97.3453918714,97.3453918714,143.595004983
538,1,270,positive,0.138092372237,-0.205034933444,0.113707760585,138.092372237,-205.034933444,113.707760585,97.5435274856,97.5435274856,144.593760608
539,0,270,positive,0.138092372237,-0.205034933444,0.113707760585,138.092372237,-205.034933444,113.707760585,97.5435274856,97.5435274856,144.593760608
539,1,270,positive,0.138092372237,-0.205335263265,0.115130815668,138.092372237,-205.335263265,115.130815668,97.8438573071,97.8438573071,146.01681569
540,0,270,positive,0.138092372237,-0.205338522615,0.115148148291,138.092372237,-205.338522615,115.148148291,97.8471166568,97.8471166568,146.034148313
540,1,270,positive,0.138092372237,-0.205335263265,0.115130815668,138.092372237,-205.335263265,115.130815668,97.8438573071,97.8438573071,146.01681569
541,0,270,positive,0.138092372237,-0.205349293958,0.11520531591,138.092372237,-205.349293958,115.20531591,97.8578879999,97.8578879999,146.091315933
541,1,270,positive,0.138092372237,-0.205338522615,0.115148148291,138.092372237,-205.338522615,115.148148291,97.8471166568,97.8471166568,146.034148313
542,0,270,positive,0.138092372237,-0.205349293958,0.11520531591,138.092372237,-205.349293958,115.20531591,97.8578879999,97.8578879999,146.091315933
542,1,270,positive,0.138092372237,-0.20572174511,0.11731803492,138.092372237,-205.72174511,117.31803492,98.2303391515,98.2303391515,148.204034942
543,0,270,positive,0.138092372237,-0.20598023149,0.118564291814,138.092372237,-205.98023149,118.564291814,98.4888255322,98.4888255322,149.450291836
543,1,270,positive,0.138092372237,-0.20572174511,0.11731803492,138.092372237,-205.72174511,117.31803492,98.2303391515,98.2303391515,148.204034942
544,0,270,positive,0.138092372237,-0.20647959296,0.121648785735,138.092372237,-206.47959296,121.648785735,98.9881870017,98.9881870017,152.534785757
544,1,270,positive,0.138092372237,-0.206632661516,0.122019177519,138.092372237,-206.632661516,122.019177519,99.1412555577,99.1412555577,152.905177541
545,0,270,positive,0.138092372237,-0.20598023149,0.118564291814,138.092372237,-205.98023149,118.564291814,98.4888255322,98.4888255322,149.450291836
545,1,270,positive,0.138092372237,-0.206150548192,0.119540762645,138.092372237,-206.150548192,119.540762645,98.6591422345,98.6591422345,150.426762667
546,0,270,positive,0.138092372237,-0.206253303698,0.120216446307,138.092372237,-206.253303698,120.216446307,98.7618977403,98.7618977403,151.102446329
546,1,270,positive,0.138092372237,-0.206150548192,0.119540762645,138.092372237,-206.150548192,119.540762645,98.6591422345,98.6591422345,150.426762667
547,0,270,positive,0.138092372237,-0.206253303698,0.120216446307,138.092372237,-206.253303698,120.216446307,98.7618977403,98.7618977403,151.102446329
547,1,270,positive,0.138092372237,-0.206285369419,0.12098111153,138.092372237,-206.285369419,120.98111153,98.7939634611,98.7939634611,151.867111552
548,0,270,positive,0.138092372237,-0.206299873416,0.1211738729,138.092372237,-206.299873416,121.1738729,98.8084674577,98.8084674577,152.059872922
548,1,270,positive,0.138092372237,-0.206285369419,0.12098111153,138.092372237,-206.285369419,120.98111153,98.7939634611,98.7939634611,151.867111552
549,0,270,positive,0.138092372237,-0.20647959296,0.121648785735,138.092372237,-206.47959296,121.648785735,98.9881870017,98.9881870017,152.534785757
549,1,270,positive,0.138092372237,-0.206299873416,0.1211738729,138.092372237,-206.299873416,121.1738729,98.8084674577,98.8084674577,152.059872922
550,0,270,positive,0.138092372237,-0.204836797829,0.11270900496,138.092372237,-204.836797829,112.70900496,97.3453918714,97.3453918714,143.595004983
550,1,270,positive,0.138092372237,-0.204802508933,0.112556277366,138.092372237,-204.802508933,112.556277366,97.3111029752,97.3111029752,143.442277389
551,0,270,positive,0.138092372237,-0.201748269576,0.12200028933,138.092372237,-201.748269576,122.00028933,94.2568636181,94.2568636181,152.886289353
551,1,270,positive,0.138092372237,-0.201548879095,0.121460336481,138.092372237,-201.548879095,121.460336481,94.0574731368,94.0574731368,152.346336504
552,0,270,positive,0.138092372237,-0.201943287906,0.12266369373,138.092372237,-201.943287906,122.66369373,94.4518819481,94.4518819481,153.549693752
552,1,270,positive,0.138092372237,-0.20190463972,0.122481206647,138.092372237,-201.90463972,122.481206647,94.4132337621,94.4132337621,153.367206669
553,0,270,positive,0.138092372237,-0.201913756621,0.122947007349,138.092372237,-201.913756621,122.947007349,94.4223506627,94.4223506627,153.833007371
553,1,270,positive,0.138092372237,-0.201943287906,0.12266369373,138.092372237,-201.943287906,122.66369373,94.4518819481,94.4518819481,153.549693752
554,0,270,positive,0.138092372237,-0.201913756621,0.122947007349,138.092372237,-201.913756621,122.947007349,94.4223506627,94.4223506627,153.833007371
554,1,270,positive,0.138092372237,-0.201953529628,0.123267377207,138.092372237,-201.953529628,123.267377207,94.4621236699,94.4621236699,154.153377229
555,0,270,positive,0.138092372237,-0.201931721393,0.123419349126,138.092372237,-201.931721393,123.419349126,94.4403154348,94.4403154348,154.305349149
555,1,270,positive,0.138092372237,-0.201953529628,0.123267377207,138.092372237,-201.953529628,123.267377207,94.4621236699,94.4621236699,154.153377229
556,0,270,positive,0.138092372237,-0.201931721393,0.123419349126,138.092372237,-201.931721393,123.419349126,94.4403154348,94.4403154348,154.305349149
556,1,270,positive,0.138092372237,-0.201998852154,0.124151416249,138.092372237,-201.998852154,124.151416249,94.5074461965,94.5074461965,155.037416272
557,0,270,positive,0.138092372237,-0.201748269576,0.12200028933,138.092372237,-201.748269576,122.00028933,94.2568636181,94.2568636181,152.886289353
557,1,270,positive,0.138092372237,-0.20190463972,0.122481206647,138.092372237,-201.90463972,122.481206647,94.4132337621,94.4132337621,153.367206669
558,0,270,positive,0.138092372237,-0.206632661516,0.122019177519,138.092372237,-206.632661516,122.019177519,99.1412555577,99.1412555577,152.905177541
558,1,270,positive,0.138092372237,-0.206734650187,0.12249273627,138.092372237,-206.734650187,122.49273627,99.2432442288,99.2432442288,153.378736292
559,0,270,positive,0.138092372237,-0.206926132505,0.123405162308,138.092372237,-206.926132505,123.405162308,99.4347265474,99.4347265474,154.29116233
559,1,270,positive,0.138092372237,-0.206734650187,0.12249273627,138.092372237,-206.734650187,122.49273627,99.2432442288,99.2432442288,153.378736292
560,0,270,positive,0.138092372237,-0.207026575106,0.123850096744,138.092372237,-207.026575106,123.850096744,99.5351691475,99.5351691475,154.736096766
560,1,270,positive,0.138092372237,-0.206926132505,0.123405162308,138.092372237,-206.926132505,123.405162308,99.4347265474,99.4347265474,154.29116233
561,0,270,positive,0.138092372237,-0.197541152228,0.105113895677,138.092372237,-197.541152228,105.113895677,90.0497462698,90.0497462698,135.999895699
561,1,270,positive,0.138092372237,-0.19749299586,0.104921373854,138.092372237,-197.49299586,104.921373854,90.0015899016,90.0015899016,135.807373876
562,0,270,positive,0.138092372237,-0.19760695678,0.105270491672,138.092372237,-197.60695678,105.270491672,90.1155508223,90.1155508223,136.156491694
562,1,270,positive,0.138092372237,-0.197541152228,0.105113895677,138.092372237,-197.541152228,105.113895677,90.0497462698,90.0497462698,135.999895699
563,0,270,positive,0.138092372237,-0.197373765409,0.10443940453,138.092372237,-197.373765409,104.43940453,89.8823594514,89.8823594514,135.325404552
563,1,270,positive,0.138092372237,-0.197216854503,0.103692082343,138.092372237,-197.216854503,103.692082343,89.7254485454,89.7254485454,134.578082365
564,0,270,positive,0.138092372237,-0.196876427627,0.102174380843,138.092372237,-196.876427627,102.174380843,89.3850216692,89.3850216692,133.060380865
564,1,270,positive,0.138092372237,-0.196935167988,0.102566418189,138.092372237,-196.935167988,102.566418189,89.4437620298,89.4437620298,133.452418211
565,0,270,positive,0.138092372237,-0.19700037695,0.102978427123,138.092372237,-197.00037695,102.978427123,89.5089709916,89.5089709916,133.864427145
565,1,270,positive,0.138092372237,-0.196935167988,0.102566418189,138.092372237,-196.935167988,102.566418189,89.4437620298,89.4437620298,133.452418211
566,0,270,positive,0.138092372237,-0.197120127529,0.103224197434,138.092372237,-197.120127529,103.224197434,89.628721571,89.628721571,134.110197456
566,1,270,positive,0.138092372237,-0.19700037695,0.102978427123,138.092372237,-197.00037695,102.978427123,89.5089709916,89.5089709916,133.864427145
567,0,270,positive,0.138092372237,-0.197120127529,0.103224197434,138.092372237,-197.120127529,103.224197434,89.628721571,89.628721571,134.110197456
567,1,270,positive,0.138092372237,-0.197134037448,0.10333319106,138.092372237,-197.134037448,103.33319106,89.6426314903,89.6426314903,134.219191083
568,0,270,positive,0.138092372237,-0.197134037448,0.10333319106,138.092372237,-197.134037448,103.33319106,89.6426314903,89.6426314903,134.219191083
568,1,270,positive,0.138092372237,-0.197216854503,0.103692082343,138.092372237,-197.216854503,103.692082343,89.7254485454,89.7254485454,134.578082365
569,0,270,positive,0.138092372237,-0.197373765409,0.10443940453,138.092372237,-197.373765409,104.43940453,89.8823594514,89.8823594514,135.325404552
569,1,270,positive,0.138092372237,-0.19749299586,0.104921373854,138.092372237,-197.49299586,104.921373854,90.0015899016,90.0015899016,135.807373876
570,0,270,positive,0.138092372237,-0.19760695678,0.105270491672,138.092372237,-197.60695678,105.270491672,90.1155508223,90.1155508223,136.156491694
570,1,270,positive,0.138092372237,-0.197820810675,0.105808777472,138.092372237,-197.820810675,105.808777472,90.3294047173,90.3294047173,136.694777494
571,0,270,positive,0.138092372237,-0.198185030318,0.106942381287,138.092372237,-198.185030318,106.942381287,90.6936243602,90.6936243602,137.828381309
571,1,270,positive,0.138092372237,-0.198173892558,0.106891234661,138.092372237,-198.173892558,106.891234661,90.6824865996,90.6824865996,137.777234684
572,0,270,positive,0.138092372237,-0.197990368333,0.106369331237,138.092372237,-197.990368333,106.369331237,90.4989623749,90.4989623749,137.255331259
572,1,270,positive,0.138092372237,-0.197911984872,0.106162977452,138.092372237,-197.911984872,106.162977452,90.4205789141,90.4205789141,137.048977475
573,0,270,positive,0.138092372237,-0.197990368333,0.106369331237,138.092372237,-197.990368333,106.369331237,90.4989623749,90.4989623749,137.255331259
573,1,270,positive,0.138092372237,-0.198173892558,0.106891234661,138.092372237,-198.173892558,106.891234661,90.6824865996,90.6824865996,137.777234684
574,0,270,positive,0.138092372237,-0.197820810675,0.105808777472,138.092372237,-197.820810675,105.808777472,90.3294047173,90.3294047173,136.694777494
574,1,270,positive,0.138092372237,-0.197911984872,0.106162977452,138.092372237,-197.911984872,106.162977452,90.4205789141,90.4205789141,137.048977475
575,0,270,positive,0.138092372237,-0.198236162776,0.107056424899,138.092372237,-198.236162776,107.056424899,90.744756818,90.744756818,137.942424921
575,1,270,positive,0.138092372237,-0.198185030318,0.106942381287,138.092372237,-198.185030318,106.942381287,90.6936243602,90.6936243602,137.828381309
576,0,270,positive,0.138092372237,-0.198236162776,0.107056424899,138.092372237,-198.236162776,107.056424899,90.744756818,90.744756818,137.942424921
576,1,270,positive,0.138092372237,-0.198508315606,0.107679111596,138.092372237,-198.508315606,107.679111596,91.0169096481,91.0169096481,138.565111618
577,0,270,positive,0.138092372237,-0.198578801056,0.107927184304,138.092372237,-198.578801056,107.927184304,91.0873950983,91.0873950983,138.813184327
577,1,270,positive,0.138092372237,-0.198622023536,0.108117883873,138.092372237,-198.622023536,108.117883873,91.1306175781,91.1306175781,139.003883895
578,0,270,positive,0.138092372237,-0.198647989903,0.109271372178,138.092372237,-198.647989903,109.271372178,91.156583945,91.156583945,140.1573722
578,1,270,positive,0.138092372237,-0.198622023536,0.108117883873,138.092372237,-198.622023536,108.117883873,91.1306175781,91.1306175781,139.003883895
579,0,270,positive,0.138092372237,-0.198647989903,0.109271372178,138.092372237,-198.647989903,109.271372178,91.156583945,91.156583945,140.1573722
579,1,270,positive,0.138092372237,-0.19865592621,0.10936706881,138.092372237,-198.65592621,109.36706881,91.1645202515,91.1645202515,140.253068832
580,0,270,positive,0.138092372237,-0.19865592621,0.10936706881,138.092372237,-198.65592621,109.36706881,91.1645202515,91.1645202515,140.253068832
580,1,270,positive,0.138092372237,-0.198675114831,0.109449050464,138.092372237,-198.675114831,109.449050464,91.1837088727,91.1837088727,140.335050487
581,0,270,positive,0.138092372237,-0.198727634423,0.109974597166,138.092372237,-198.727634423,109.974597166,91.2362284652,91.2362284652,140.860597188
581,1,270,positive,0.138092372237,-0.198675114831,0.109449050464,138.092372237,-198.675114831,109.449050464,91.1837088727,91.1837088727,140.335050487
582,0,270,positive,0.138092372237,-0.198727634423,0.109974597166,138.092372237,-198.727634423,109.974597166,91.2362284652,91.2362284652,140.860597188
582,1,270,positive,0.138092372237,-0.198762372593,0.110056938248,138.092372237,-198.762372593,110.056938248,91.2709666348,91.2709666348,140.94293827
583,0,270,positive,0.138092372237,-0.199058243744,0.111552643387,138.092372237,-199.058243744,111.552643387,91.5668377857,91.5668377857,142.43864341
583,1,270,positive,0.138092372237,-0.198762372593,0.110056938248,138.092372237,-198.762372593,110.056938248,91.2709666348,91.2709666348,140.94293827
584,0,270,positive,0.138092372237,-0.199058243744,0.111552643387,138.092372237,-199.058243744,111.552643387,91.5668377857,91.5668377857,142.43864341
584,1,270,positive,0.138092372237,-0.199096556822,0.11172192982,138.092372237,-199.096556822,111.72192982,91.6051508641,91.6051508641,142.607929843
585,0,270,positive,0.138092372237,-0.199096556822,0.11172192982,138.092372237,-199.096556822,111.72192982,91.6051508641,91.6051508641,142.607929843
585,1,270,positive,0.138092372237,-0.199158150872,0.11194656321,138.092372237,-199.158150872,111.94656321,91.6667449139,91.6667449139,142.832563232
586,0,270,positive,0.138092372237,-0.186173213829,0.0552886593325,138.092372237,-186.173213829,55.2886593325,78.6818078711,78.6818078711,86.1746593548
586,1,270,positive,0.138092372237,-0.186326957597,0.0556406301632,138.092372237,-186.326957597,55.6406301632,78.8355516386,78.8355516386,86.5266301855
587,0,270,positive,0.138092372237,-0.181668501041,0.0555023625492,138.092372237,-181.668501041,55.5023625492,74.1770950835,74.1770950835,86.3883625715
587,1,270,positive,0.138092372237,-0.181344087675,0.0545764740428,138.092372237,-181.344087675,54.5764740428,73.8526817175,73.8526817175,85.4624740651
588,0,270,positive,0.138092372237,-0.18605332379,0.0550318656124,138.092372237,-186.05332379,55.0318656124,78.5619178323,78.5619178323,85.9178656347
588,1,270,positive,0.138092372237,-0.186173213829,0.0552886593325,138.092372237,-186.173213829,55.2886593325,78.6818078711,78.6818078711,86.1746593548
589,0,270,positive,0.138092372237,-0.181668501041,0.0555023625492,138.092372237,-181.668501041,55.5023625492,74.1770950835,74.1770950835,86.3883625715
589,1,270,positive,0.138092372237,-0.18193881785,0.0561543087505,138.092372237,-181.93881785,56.1543087505,74.4474118921,74.4474118921,87.0403087728
590,0,270,positive,0.138092372237,-0.182842358682,0.0584999565768,138.092372237,-182.842358682,58.4999565768,75.350952724,75.350952724,89.3859565991
590,1,270,positive,0.138092372237,-0.182484656132,0.0578212806047,138.092372237,-182.484656132,57.8212806047,74.9932501738,74.9932501738,88.707280627
591,0,270,positive,0.138092372237,-0.18217367031,0.0571070175003,138.092372237,-182.17367031,57.1070175003,74.682264352,74.682264352,87.9930175226
591,1,270,positive,0.138092372237,-0.18193881785,0.0561543087505,138.092372237,-181.93881785,56.1543087505,74.4474118921,74.4474118921,87.0403087728
592,0,270,positive,0.138092372237,-0.18217367031,0.0571070175003,138.092372237,-182.17367031,57.1070175003,74.682264352,74.682264352,87.9930175226
592,1,270,positive,0.138092372237,-0.182484656132,0.0578212806047,138.092372237,-182.484656132,57.8212806047,74.9932501738,74.9932501738,88.707280627
593,0,270,positive,0.138092372237,-0.184606617337,0.0610814486467,138.092372237,-184.606617337,61.0814486467,77.1152113793,77.1152113793,91.967448669
593,1,270,positive,0.138092372237,-0.18417807007,0.0603778350913,138.092372237,-184.17807007,60.3778350913,76.6866641124,76.6866641124,91.2638351136
594,0,270,positive,0.138092372237,-0.183872467616,0.0599554339933,138.092372237,-183.872467616,59.9554339933,76.381061658,76.381061658,90.8414340156
594,1,270,positive,0.138092372237,-0.18417807007,0.0603778350913,138.092372237,-184.17807007,60.3778350913,76.6866641124,76.6866641124,91.2638351136
595,0,270,positive,0.138092372237,-0.185279670821,0.0634025965751,138.092372237,-185.279670821,63.4025965751,77.788264863,77.788264863,94.2885965974
595,1,270,positive,0.138092372237,-0.184888330658,0.0621319394175,138.092372237,-184.888330658,62.1319394175,77.3969246996,77.3969246996,93.0179394398
596,0,270,positive,0.138092372237,-0.18358678399,0.0595645876486,138.092372237,-183.58678399,59.5645876486,76.0953780317,76.0953780317,90.4505876709
596,1,270,positive,0.138092372237,-0.182842358682,0.0584999565768,138.092372237,-182.842358682,58.4999565768,75.350952724,75.350952724,89.3859565991
597,0,270,positive,0.138092372237,-0.18358678399,0.0595645876486,138.092372237,-183.58678399,59.5645876486,76.0953780317,76.0953780317,90.4505876709
597,1,270,positive,0.138092372237,-0.183736768523,0.0598078963662,138.092372237,-183.736768523,59.8078963662,76.2453625651,76.2453625651,90.6938963885
598,0,270,positive,0.138092372237,-0.183736768523,0.0598078963662,138.092372237,-183.736768523,59.8078963662,76.2453625651,76.2453625651,90.6938963885
598,1,270,positive,0.138092372237,-0.183872467616,0.0599554339933,138.092372237,-183.872467616,59.9554339933,76.381061658,76.381061658,90.8414340156
599,0,270,positive,0.138092372237,-0.186938551153,0.05689225082,138.092372237,-186.938551153,56.89225082,79.4471451954,79.4471451954,87.7782508423
599,1,270,positive,0.138092372237,-0.186576816982,0.0562211497909,138.092372237,-186.576816982,56.2211497909,79.085411024,79.085411024,87.1071498132
600,0,270,positive,0.138092372237,-0.186938551153,0.05689225082,138.092372237,-186.938551153,56.89225082,79.4471451954,79.4471451954,87.7782508423
600,1,270,positive,0.138092372237,-0.187126884396,0.0572490231423,138.092372237,-187.126884396,57.2490231423,79.6354784379,79.6354784379,88.1350231646
601,0,270,positive,0.138092372237,-0.187205554639,0.0574796683057,138.092372237,-187.205554639,57.4796683057,79.7141486805,79.7141486805,88.365668328
601,1,270,positive,0.138092372237,-0.187126884396,0.0572490231423,138.092372237,-187.126884396,57.2490231423,79.6354784379,79.6354784379,88.1350231646
602,0,270,positive,0.138092372237,-0.187205554639,0.0574796683057,138.092372237,-187.205554639,57.4796683057,79.7141486805,79.7141486805,88.365668328
602,1,270,positive,0.138092372237,-0.187366326241,0.0578624600691,138.092372237,-187.366326241,57.8624600691,79.8749202834,79.8749202834,88.7484600914
603,0,270,positive,0.138092372237,-0.187846949082,0.0588501565293,138.092372237,-187.846949082,58.8501565293,80.3555431244,80.3555431244,89.7361565516
603,1,270,positive,0.138092372237,-0.187366326241,0.0578624600691,138.092372237,-187.366326241,57.8624600691,79.8749202834,79.8749202834,88.7484600914
604,0,270,positive,0.138092372237,-0.188974365903,0.0612194031937,138.092372237,-188.974365903,61.2194031937,81.4829599453,81.4829599453,92.105403216
604,1,270,positive,0.138092372237,-0.18902678374,0.0613366912299,138.092372237,-189.02678374,61.3366912299,81.5353777816,81.5353777816,92.2226912522
605,0,270,positive,0.138092372237,-0.188974365903,0.0612194031937,138.092372237,-188.974365903,61.2194031937,81.4829599453,81.4829599453,92.105403216
605,1,270,positive,0.138092372237,-0.1883151791,0.0597410510371,138.092372237,-188.3151791,59.7410510371,80.823773142,80.823773142,90.6270510594
606,0,270,positive,0.138092372237,-0.187846949082,0.0588501565293,138.092372237,-187.846949082,58.8501565293,80.3555431244,80.3555431244,89.7361565516
606,1,270,positive,0.138092372237,-0.188067722663,0.0592846805316,138.092372237,-188.067722663,59.2846805316,80.5763167054,80.5763167054,90.1706805539
607,0,270,positive,0.138092372237,-0.1883151791,0.0597410510371,138.092372237,-188.3151791,59.7410510371,80.823773142,80.823773142,90.6270510594
607,1,270,positive,0.138092372237,-0.188067722663,0.0592846805316,138.092372237,-188.067722663,59.2846805316,80.5763167054,80.5763167054,90.1706805539
608,0,270,positive,0.138092372237,-0.189986995699,0.0633547500369,138.092372237,-189.986995699,63.3547500369,82.4955897412,82.4955897412,94.2407500592
608,1,270,positive,0.138092372237,-0.19012525257,0.0636517929745,138.092372237,-190.12525257,63.6517929745,82.6338466119,82.6338466119,94.5377929968
609,0,270,positive,0.138092372237,-0.189857281826,0.063106884518,138.092372237,-189.857281826,63.106884518,82.3658758678,82.3658758678,93.9928845403
609,1,270,positive,0.138092372237,-0.18902678374,0.0613366912299,138.092372237,-189.02678374,61.3366912299,81.5353777816,81.5353777816,92.2226912522
610,0,270,positive,0.138092372237,-0.189857281826,0.063106884518,138.092372237,-189.857281826,63.106884518,82.3658758678,82.3658758678,93.9928845403
610,1,270,positive,0.138092372237,-0.189986995699,0.0633547500369,138.092372237,-189.986995699,63.3547500369,82.4955897412,82.4955897412,94.2407500592
611,0,270,positive,0.138092372237,-0.18605332379,0.0550318656124,138.092372237,-186.05332379,55.0318656124,78.5619178323,78.5619178323,85.9178656347
611,1,270,positive,0.138092372237,-0.185623279826,0.0541727316703,138.092372237,-185.623279826,54.1727316703,78.1318738683,78.1318738683,85.0587316926
612,0,270,positive,0.138092372237,-0.186576816982,0.0562211497909,138.092372237,-186.576816982,56.2211497909,79.085411024,79.085411024,87.1071498132
612,1,270,positive,0.138092372237,-0.186326957597,0.0556406301632,138.092372237,-186.326957597,55.6406301632,78.8355516386,78.8355516386,86.5266301855
613,0,270,positive,0.138092372237,-0.184606617337,0.0610814486467,138.092372237,-184.606617337,61.0814486467,77.1152113793,77.1152113793,91.967448669
613,1,270,positive,0.138092372237,-0.184803139683,0.0614608482356,138.092372237,-184.803139683,61.4608482356,77.3117337251,77.3117337251,92.3468482579
614,0,270,positive,0.138092372237,-0.184803139683,0.0614608482356,138.092372237,-184.803139683,61.4608482356,77.3117337251,77.3117337251,92.3468482579
614,1,270,positive,0.138092372237,-0.184888330658,0.0621319394175,138.092372237,-184.888330658,62.1319394175,77.3969246996,77.3969246996,93.0179394398
615,0,270,positive,0.138092372237,-0.186379730216,0.0651804462602,138.092372237,-186.379730216,65.1804462602,78.8883242576,78.8883242576,96.0664462825
615,1,270,positive,0.138092372237,-0.185279670821,0.0634025965751,138.092372237,-185.279670821,63.4025965751,77.788264863,77.788264863,94.2885965974
616,0,270,positive,0.138092372237,-0.192192799663,0.0677792148774,138.092372237,-192.192799663,67.7792148774,84.7013937051,84.7013937051,98.6652148997
616,1,270,positive,0.138092372237,-0.192234323405,0.0678905791081,138.092372237,-192.234323405,67.8905791081,84.7429174471,84.7429174471,98.7765791304
617,0,270,positive,0.138092372237,-0.192234323405,0.0678905791081,138.092372237,-192.234323405,67.8905791081,84.7429174471,84.7429174471,98.7765791304
617,1,270,positive,0.138092372237,-0.192304942136,0.0680545976866,138.092372237,-192.304942136,68.0545976866,84.8135361777,84.8135361777,98.9405977089
618,0,270,positive,0.138092372237,-0.186989460351,0.0671600703544,138.092372237,-186.989460351,67.1600703544,79.4980543935,79.4980543935,98.0460703767
618,1,270,positive,0.138092372237,-0.187366057424,0.0683419349603,138.092372237,-187.366057424,68.3419349603,79.8746514658,79.8746514658,99.2279349826
619,0,270,positive,0.138092372237,-0.186989460351,0.0671600703544,138.092372237,-186.989460351,67.1600703544,79.4980543935,79.4980543935,98.0460703767
619,1,270,positive,0.138092372237,-0.186626793963,0.065719105094,138.092372237,-186.626793963,65.719105094,79.1353880055,79.1353880055,96.6051051162
620,0,270,positive,0.138092372237,-0.190458811276,0.0643063246344,138.092372237,-190.458811276,64.3063246344,82.967405318,82.967405318,95.1923246567
620,1,270,positive,0.138092372237,-0.19012525257,0.0636517929745,138.092372237,-190.12525257,63.6517929745,82.6338466119,82.6338466119,94.5377929968
621,0,270,positive,0.138092372237,-0.190458811276,0.0643063246344,138.092372237,-190.458811276,64.3063246344,82.967405318,82.967405318,95.1923246567
621,1,270,positive,0.138092372237,-0.190916708145,0.06522295153,138.092372237,-190.916708145,65.22295153,83.4253021869,83.4253021869,96.1089515523
622,0,270,positive,0.138092372237,-0.191226552597,0.0657709337071,138.092372237,-191.226552597,65.7709337071,83.7351466389,83.7351466389,96.6569337294
622,1,270,positive,0.138092372237,-0.190916708145,0.06522295153,138.092372237,-190.916708145,65.22295153,83.4253021869,83.4253021869,96.1089515523
623,0,270,positive,0.138092372237,-0.191226552597,0.0657709337071,138.092372237,-191.226552597,65.7709337071,83.7351466389,83.7351466389,96.6569337294
623,1,270,positive,0.138092372237,-0.191520511662,0.0663434873423,138.092372237,-191.520511662,66.3434873423,84.0291057045,84.0291057045,97.2294873646
624,0,270,positive,0.138092372237,-0.191727278419,0.0668253466416,138.092372237,-191.727278419,66.8253466416,84.2358724608,84.2358724608,97.7113466639
624,1,270,positive,0.138092372237,-0.191520511662,0.0663434873423,138.092372237,-191.520511662,66.3434873423,84.0291057045,84.0291057045,97.2294873646
625,0,270,positive,0.138092372237,-0.192008029921,0.0674094667605,138.092372237,-192.008029921,67.4094667605,84.5166239634,84.5166239634,98.2954667828
625,1,270,positive,0.138092372237,-0.192192799663,0.0677792148774,138.092372237,-192.192799663,67.7792148774,84.7013937051,84.7013937051,98.6652148997
626,0,270,positive,0.138092372237,-0.192008029921,0.0674094667605,138.092372237,-192.008029921,67.4094667605,84.5166239634,84.5166239634,98.2954667828
626,1,270,positive,0.138092372237,-0.191727278419,0.0668253466416,138.092372237,-191.727278419,66.8253466416,84.2358724608,84.2358724608,97.7113466639
627,0,270,positive,0.138092372237,-0.18817809234,0.0699763223382,138.092372237,-188.17809234,69.9763223382,80.6866863816,80.6866863816,100.86232236
627,1,270,positive,0.138092372237,-0.187366057424,0.0683419349603,138.092372237,-187.366057424,68.3419349603,79.8746514658,79.8746514658,99.2279349826
628,0,270,positive,0.138092372237,-0.18817809234,0.0699763223382,138.092372237,-188.17809234,69.9763223382,80.6866863816,80.6866863816,100.86232236
628,1,270,positive,0.138092372237,-0.188396323911,0.070435893782,138.092372237,-188.396323911,70.435893782,80.904917953,80.904917953,101.321893804
629,0,270,positive,0.138092372237,-0.188729000493,0.0719079445386,138.092372237,-188.729000493,71.9079445386,81.2375945349,81.2375945349,102.793944561
629,1,270,positive,0.138092372237,-0.188479698937,0.070766601188,138.092372237,-188.479698937,70.766601188,80.9882929791,80.9882929791,101.65260121
630,0,270,positive,0.138092372237,-0.188786609803,0.0725642344748,138.092372237,-188.786609803,72.5642344748,81.2952038451,81.2952038451,103.450234497
630,1,270,positive,0.138092372237,-0.188729000493,0.0719079445386,138.092372237,-188.729000493,71.9079445386,81.2375945349,81.2375945349,102.793944561
631,0,270,positive,0.138092372237,-0.188885280895,0.0729603082307,138.092372237,-188.885280895,72.9603082307,81.3938749375,81.3938749375,103.846308253
631,1,270,positive,0.138092372237,-0.188894630733,0.0730973304939,138.092372237,-188.894630733,73.0973304939,81.4032247748,81.4032247748,103.983330516
632,0,270,positive,0.138092372237,-0.188885280895,0.0729603082307,138.092372237,-188.885280895,72.9603082307,81.3938749375,81.3938749375,103.846308253
632,1,270,positive,0.138092372237,-0.188786609803,0.0725642344748,138.092372237,-188.786609803,72.5642344748,81.2952038451,81.2952038451,103.450234497
633,0,270,positive,0.138092372237,-0.188396323911,0.070435893782,138.092372237,-188.396323911,70.435893782,80.904917953,80.904917953,101.321893804
633,1,270,positive,0.138092372237,-0.188479698937,0.070766601188,138.092372237,-188.479698937,70.766601188,80.9882929791,80.9882929791,101.65260121
634,0,270,positive,0.138092372237,-0.192304942136,0.0680545976866,138.092372237,-192.304942136,68.0545976866,84.8135361777,84.8135361777,98.9405977089
634,1,270,positive,0.138092372237,-0.192607288056,0.0687172899578,138.092372237,-192.607288056,68.7172899578,85.1158820975,85.1158820975,99.6032899801
635,0,270,positive,0.138092372237,-0.193164969698,0.0698503363521,138.092372237,-193.164969698,69.8503363521,85.6735637397,85.6735637397,100.736336374
635,1,270,positive,0.138092372237,-0.192607288056,0.0687172899578,138.092372237,-192.607288056,68.7172899578,85.1158820975,85.1158820975,99.6032899801
636,0,270,positive,0.138092372237,-0.193377780346,0.070421964125,138.092372237,-193.377780346,70.421964125,85.8863743884,85.8863743884,101.307964147
636,1,270,positive,0.138092372237,-0.193164969698,0.0698503363521,138.092372237,-193.164969698,69.8503363521,85.6735637397,85.6735637397,100.736336374
637,0,270,positive,0.138092372237,-0.193517807001,0.0706884897474,138.092372237,-193.517807001,70.6884897474,86.0264010435,86.0264010435,101.57448977
637,1,270,positive,0.138092372237,-0.193377780346,0.070421964125,138.092372237,-193.377780346,70.421964125,85.8863743884,85.8863743884,101.307964147
638,0,270,positive,0.138092372237,-0.194386197556,0.0726484060939,138.092372237,-194.386197556,72.6484060939,86.8947915977,86.8947915977,103.534406116
638,1,270,positive,0.138092372237,-0.194470165907,0.0728964586962,138.092372237,-194.470165907,72.8964586962,86.9787599493,86.9787599493,103.782458719
639,0,270,positive,0.138092372237,-0.194463887997,0.0731136738888,138.092372237,-194.463887997,73.1136738888,86.9724820387,86.9724820387,103.999673911
639,1,270,positive,0.138092372237,-0.194443580859,0.0733946851705,138.092372237,-194.443580859,73.3946851705,86.9521749006,86.9521749006,104.280685193
640,0,270,positive,0.138092372237,-0.193517807001,0.0706884897474,138.092372237,-193.517807001,70.6884897474,86.0264010435,86.0264010435,101.57448977
640,1,270,positive,0.138092372237,-0.194057211593,0.0718274943101,138.092372237,-194.057211593,71.8274943101,86.5658056346,86.5658056346,102.713494332
641,0,270,positive,0.138092372237,-0.194133744105,0.0720128701035,138.092372237,-194.133744105,72.0128701035,86.6423381469,86.6423381469,102.898870126
641,1,270,positive,0.138092372237,-0.194057211593,0.0718274943101,138.092372237,-194.057211593,71.8274943101,86.5658056346,86.5658056346,102.713494332
642,0,270,positive,0.138092372237,-0.194133744105,0.0720128701035,138.092372237,-194.133744105,72.0128701035,86.6423381469,86.6423381469,102.898870126
642,1,270,positive,0.138092372237,-0.194386197556,0.0726484060939,138.092372237,-194.386197556,72.6484060939,86.8947915977,86.8947915977,103.534406116
643,0,270,positive,0.138092372237,-0.194481691563,0.0730120666225,138.092372237,-194.481691563,73.0120666225,86.9902856054,86.9902856054,103.898066645
643,1,270,positive,0.138092372237,-0.194470165907,0.0728964586962,138.092372237,-194.470165907,72.8964586962,86.9787599493,86.9787599493,103.782458719
644,0,270,positive,0.138092372237,-0.194463887997,0.0731136738888,138.092372237,-194.463887997,73.1136738888,86.9724820387,86.9724820387,103.999673911
644,1,270,positive,0.138092372237,-0.194481691563,0.0730120666225,138.092372237,-194.481691563,73.0120666225,86.9902856054,86.9902856054,103.898066645
645,0,270,positive,0.138092372237,-0.19050197471,0.0758415700185,138.092372237,-190.50197471,75.8415700185,83.0105687515,83.0105687515,106.727570041
645,1,270,positive,0.138092372237,-0.190493148274,0.0758080716671,138.092372237,-190.493148274,75.8080716671,83.0017423164,83.0017423164,106.694071689
646,0,270,positive,0.138092372237,-0.190133496968,0.0749044709426,138.092372237,-190.133496968,74.9044709426,82.6420910096,82.6420910096,105.790470965
646,1,270,positive,0.138092372237,-0.18992573762,0.0749041729382,138.092372237,-189.92573762,74.9041729382,82.4343316619,82.4343316619,105.79017296
647,0,270,positive,0.138092372237,-0.18992573762,0.0749041729382,138.092372237,-189.92573762,74.9041729382,82.4343316619,82.4343316619,105.79017296
647,1,270,positive,0.138092372237,-0.189706144208,0.0750033836161,138.092372237,-189.706144208,75.0033836161,82.2147382502,82.2147382502,105.889383638
648,0,270,positive,0.138092372237,-0.190295431762,0.075165753196,138.092372237,-190.295431762,75.165753196,82.804025804,82.804025804,106.051753218
648,1,270,positive,0.138092372237,-0.19016238085,0.0749299105198,138.092372237,-190.16238085,74.9299105198,82.6709748919,82.6709748919,105.815910542
649,0,270,positive,0.138092372237,-0.190295431762,0.075165753196,138.092372237,-190.295431762,75.165753196,82.804025804,82.804025804,106.051753218
649,1,270,positive,0.138092372237,-0.190493148274,0.0758080716671,138.092372237,-190.493148274,75.8080716671,83.0017423164,83.0017423164,106.694071689
650,0,270,positive,0.138092372237,-0.190133496968,0.0749044709426,138.092372237,-190.133496968,74.9044709426,82.6420910096,82.6420910096,105.790470965
650,1,270,positive,0.138092372237,-0.19016238085,0.0749299105198,138.092372237,-190.16238085,74.9299105198,82.6709748919,82.6709748919,105.815910542
651,0,270,positive,0.138092372237,-0.190505889906,0.0758563590106,138.092372237,-190.505889906,75.8563590106,83.0144839477,83.0144839477,106.742359033
651,1,270,positive,0.138092372237,-0.19050197471,0.0758415700185,138.092372237,-190.50197471,75.8415700185,83.0105687515,83.0105687515,106.727570041
652,0,270,positive,0.138092372237,-0.190505889906,0.0758563590106,138.092372237,-190.505889906,75.8563590106,83.0144839477,83.0144839477,106.742359033
652,1,270,positive,0.138092372237,-0.190671137651,0.0761503482516,138.092372237,-190.671137651,76.1503482516,83.1797316925,83.1797316925,107.036348274
653,0,270,positive,0.138092372237,-0.190675346676,0.0762943957155,138.092372237,-190.675346676,76.2943957155,83.1839407181,83.1839407181,107.180395738
653,1,270,positive,0.138092372237,-0.190899666739,0.0768481235018,138.092372237,-190.899666739,76.8481235018,83.4082607815,83.4082607815,107.734123524
654,0,270,positive,0.138092372237,-0.190675346676,0.0762943957155,138.092372237,-190.675346676,76.2943957155,83.1839407181,83.1839407181,107.180395738
654,1,270,positive,0.138092372237,-0.190671137651,0.0761503482516,138.092372237,-190.671137651,76.1503482516,83.1797316925,83.1797316925,107.036348274
655,0,270,positive,0.138092372237,-0.190989660512,0.0774788814714,138.092372237,-190.989660512,77.4788814714,83.4982545537,83.4982545537,108.364881494
655,1,270,positive,0.138092372237,-0.190899666739,0.0768481235018,138.092372237,-190.899666739,76.8481235018,83.4082607815,83.4082607815,107.734123524
656,0,270,positive,0.138092372237,-0.190989660512,0.0774788814714,138.092372237,-190.989660512,77.4788814714,83.4982545537,83.4982545537,108.364881494
656,1,270,positive,0.138092372237,-0.191091563294,0.0782657059383,138.092372237,-191.091563294,78.2657059383,83.6001573363,83.6001573363,109.151705961
657,0,270,positive,0.138092372237,-0.189051999993,0.0742931232009,138.092372237,-189.051999993,74.2931232009,81.560594035,81.560594035,105.179123223
657,1,270,positive,0.138092372237,-0.188997416078,0.0740973105935,138.092372237,-188.997416078,74.0973105935,81.5060101202,81.5060101202,104.983310616
658,0,270,positive,0.138092372237,-0.188847424291,0.0735952275445,138.092372237,-188.847424291,73.5952275445,81.3560183334,81.3560183334,104.481227567
658,1,270,positive,0.138092372237,-0.188852845999,0.0737169723898,138.092372237,-188.852845999,73.7169723898,81.3614400412,81.3614400412,104.602972412
659,0,270,positive,0.138092372237,-0.188847424291,0.0735952275445,138.092372237,-188.847424291,73.5952275445,81.3560183334,81.3560183334,104.481227567
659,1,270,positive,0.138092372237,-0.188894630733,0.0730973304939,138.092372237,-188.894630733,73.0973304939,81.4032247748,81.4032247748,103.983330516
660,0,270,positive,0.138092372237,-0.188852845999,0.0737169723898,138.092372237,-188.852845999,73.7169723898,81.3614400412,81.3614400412,104.602972412
660,1,270,positive,0.138092372237,-0.188997416078,0.0740973105935,138.092372237,-188.997416078,74.0973105935,81.5060101202,81.5060101202,104.983310616
661,0,270,positive,0.138092372237,-0.189045569732,0.0743501793254,138.092372237,-189.045569732,74.3501793254,81.5541637739,81.5541637739,105.236179348
661,1,270,positive,0.138092372237,-0.189051999993,0.0742931232009,138.092372237,-189.051999993,74.2931232009,81.560594035,81.560594035,105.179123223
662,0,270,positive,0.138092372237,-0.189048921737,0.0744475828448,138.092372237,-189.048921737,74.4475828448,81.5575157795,81.5575157795,105.333582867
662,1,270,positive,0.138092372237,-0.189045569732,0.0743501793254,138.092372237,-189.045569732,74.3501793254,81.5541637739,81.5541637739,105.236179348
663,0,270,positive,0.138092372237,-0.189048921737,0.0744475828448,138.092372237,-189.048921737,74.4475828448,81.5575157795,81.5575157795,105.333582867
663,1,270,positive,0.138092372237,-0.189313355807,0.0749500120549,138.092372237,-189.313355807,74.9500120549,81.8219498491,81.8219498491,105.836012077
664,0,270,positive,0.138092372237,-0.189591734266,0.0750239325419,138.092372237,-189.591734266,75.0239325419,82.1003283082,82.1003283082,105.909932564
664,1,270,positive,0.138092372237,-0.189462006089,0.0751259046903,138.092372237,-189.462006089,75.1259046903,81.9706001315,81.9706001315,106.011904713
665,0,270,positive,0.138092372237,-0.189462006089,0.0751259046903,138.092372237,-189.462006089,75.1259046903,81.9706001315,81.9706001315,106.011904713
665,1,270,positive,0.138092372237,-0.189384209919,0.0750775384628,138.092372237,-189.384209919,75.0775384628,81.8928039611,81.8928039611,105.963538485
666,0,270,positive,0.138092372237,-0.189384209919,0.0750775384628,138.092372237,-189.384209919,75.0775384628,81.8928039611,81.8928039611,105.963538485
666,1,270,positive,0.138092372237,-0.189313355807,0.0749500120549,138.092372237,-189.313355807,74.9500120549,81.8219498491,81.8219498491,105.836012077
667,0,270,positive,0.138092372237,-0.189591734266,0.0750239325419,138.092372237,-189.591734266,75.0239325419,82.1003283082,82.1003283082,105.909932564
667,1,270,positive,0.138092372237,-0.189706144208,0.0750033836161,138.092372237,-189.706144208,75.0033836161,82.2147382502,82.2147382502,105.889383638
668,0,270,positive,0.138092372237,-0.191091563294,0.0782657059383,138.092372237,-191.091563294,78.2657059383,83.6001573363,83.6001573363,109.151705961
668,1,270,positive,0.138092372237,-0.19097954016,0.0792411255872,138.092372237,-190.97954016,79.2411255872,83.4881342024,83.4881342024,110.127125609
669,0,270,positive,0.138092372237,-0.190971185768,0.0794941790895,138.092372237,-190.971185768,79.4941790895,83.4797798101,83.4797798101,110.380179112
669,1,270,positive,0.138092372237,-0.19097954016,0.0792411255872,138.092372237,-190.97954016,79.2411255872,83.4881342024,83.4881342024,110.127125609
670,0,270,positive,0.138092372237,-0.190971185768,0.0794941790895,138.092372237,-190.971185768,79.4941790895,83.4797798101,83.4797798101,110.380179112
670,1,270,positive,0.138092372237,-0.1908513411,0.0799231817909,138.092372237,-190.8513411,79.9231817909,83.3599351421,83.3599351421,110.809181813
671,0,270,positive,0.138092372237,-0.190808355195,0.0803756126869,138.092372237,-190.808355195,80.3756126869,83.3169492372,83.3169492372,111.261612709
671,1,270,positive,0.138092372237,-0.1908513411,0.0799231817909,138.092372237,-190.8513411,79.9231817909,83.3599351421,83.3599351421,110.809181813
672,0,270,positive,0.138092372237,-0.190808355195,0.0803756126869,138.092372237,-190.808355195,80.3756126869,83.3169492372,83.3169492372,111.261612709
672,1,270,positive,0.138092372237,-0.19070950162,0.0807978670894,138.092372237,-190.70950162,80.7978670894,83.2180956623,83.2180956623,111.683867112
673,0,270,positive,0.138092372237,-0.19070950162,0.0807978670894,138.092372237,-190.70950162,80.7978670894,83.2180956623,83.2180956623,111.683867112
673,1,270,positive,0.138092372237,-0.190786452611,0.0813880471322,138.092372237,-190.786452611,81.3880471322,83.2950466526,83.2950466526,112.274047154
674,0,270,positive,0.138092372237,-0.19078384588,0.0815479962378,138.092372237,-190.78384588,81.5479962378,83.2924399218,83.2924399218,112.43399626
674,1,270,positive,0.138092372237,-0.190786452611,0.0813880471322,138.092372237,-190.786452611,81.3880471322,83.2950466526,83.2950466526,112.274047154
675,0,270,positive,0.138092372237,-0.190946223516,0.0824734333538,138.092372237,-190.946223516,82.4734333538,83.4548175583,83.4548175583,113.359433376
675,1,270,positive,0.138092372237,-0.19078384588,0.0815479962378,138.092372237,-190.78384588,81.5479962378,83.2924399218,83.2924399218,112.43399626
676,0,270,positive,0.138092372237,-0.194443580859,0.0733946851705,138.092372237,-194.443580859,73.3946851705,86.9521749006,86.9521749006,104.280685193
676,1,270,positive,0.138092372237,-0.194413208525,0.0735813033248,138.092372237,-194.413208525,73.5813033248,86.9218025672,86.9218025672,104.467303347
677,0,270,positive,0.138092372237,-0.194422043421,0.0737171331184,138.092372237,-194.422043421,73.7171331184,86.9306374629,86.9306374629,104.603133141
677,1,270,positive,0.138092372237,-0.194401377066,0.0738775053482,138.092372237,-194.401377066,73.8775053482,86.9099711081,86.9099711081,104.76350537
678,0,270,positive,0.138092372237,-0.194485913174,0.0740689167224,138.092372237,-194.485913174,74.0689167224,86.9945072163,86.9945072163,104.954916745
678,1,270,positive,0.138092372237,-0.194515651746,0.0742360496761,138.092372237,-194.515651746,74.2360496761,87.0242457882,87.0242457882,105.122049698
679,0,270,positive,0.138092372237,-0.194485913174,0.0740689167224,138.092372237,-194.485913174,74.0689167224,86.9945072163,86.9945072163,104.954916745
679,1,270,positive,0.138092372237,-0.194401377066,0.0738775053482,138.092372237,-194.401377066,73.8775053482,86.9099711081,86.9099711081,104.76350537
680,0,270,positive,0.138092372237,-0.194515651746,0.0742360496761,138.092372237,-194.515651746,74.2360496761,87.0242457882,87.0242457882,105.122049698
680,1,270,positive,0.138092372237,-0.194605003019,0.0745367312245,138.092372237,-194.605003019,74.5367312245,87.1135970606,87.1135970606,105.422731247
681,0,270,positive,0.138092372237,-0.194734629672,0.0752645264367,138.092372237,-194.734629672,75.2645264367,87.2432237138,87.2432237138,106.150526459
681,1,270,positive,0.138092372237,-0.194765704388,0.0754127272521,138.092372237,-194.765704388,75.4127272521,87.2742984299,87.2742984299,106.298727274
682,0,270,positive,0.138092372237,-0.194734629672,0.0752645264367,138.092372237,-194.734629672,75.2645264367,87.2432237138,87.2432237138,106.150526459
682,1,270,positive,0.138092372237,-0.194605003019,0.0745367312245,138.092372237,-194.605003019,74.5367312245,87.1135970606,87.1135970606,105.422731247
683,0,270,positive,0.138092372237,-0.194422043421,0.0737171331184,138.092372237,-194.422043421,73.7171331184,86.9306374629,86.9306374629,104.603133141
683,1,270,positive,0.138092372237,-0.194413208525,0.0735813033248,138.092372237,-194.413208525,73.5813033248,86.9218025672,86.9218025672,104.467303347
684,0,270,positive,0.138092372237,-0.194895526126,0.0760420376499,138.092372237,-194.895526126,76.0420376499,87.4041201682,87.4041201682,106.928037672
684,1,270,positive,0.138092372237,-0.195138093834,0.0766363293563,138.092372237,-195.138093834,76.6363293563,87.6466878759,87.6466878759,107.522329379
685,0,270,positive,0.138092372237,-0.19528630893,0.077134217155,138.092372237,-195.28630893,77.134217155,87.7949029716,87.7949029716,108.020217177
685,1,270,positive,0.138092372237,-0.195138093834,0.0766363293563,138.092372237,-195.138093834,76.6363293563,87.6466878759,87.6466878759,107.522329379
686,0,270,positive,0.138092372237,-0.194765704388,0.0754127272521,138.092372237,-194.765704388,75.4127272521,87.2742984299,87.2742984299,106.298727274
686,1,270,positive,0.138092372237,-0.194883306104,0.0759919740446,138.092372237,-194.883306104,75.9919740446,87.3919001461,87.3919001461,106.877974067
687,0,270,positive,0.138092372237,-0.194895526126,0.0760420376499,138.092372237,-194.895526126,76.0420376499,87.4041201682,87.4041201682,106.928037672
687,1,270,positive,0.138092372237,-0.194883306104,0.0759919740446,138.092372237,-194.883306104,75.9919740446,87.3919001461,87.3919001461,106.877974067
688,0,270,positive,0.138092372237,-0.19528630893,0.077134217155,138.092372237,-195.28630893,77.134217155,87.7949029716,87.7949029716,108.020217177
688,1,270,positive,0.138092372237,-0.195358411257,0.0773703385893,138.092372237,-195.358411257,77.3703385893,87.8670052991,87.8670052991,108.256338612
689,0,270,positive,0.138092372237,-0.195646086849,0.078457881711,138.092372237,-195.646086849,78.457881711,88.1546808907,88.1546808907,109.343881733
689,1,270,positive,0.138092372237,-0.195358411257,0.0773703385893,138.092372237,-195.358411257,77.3703385893,87.8670052991,87.8670052991,108.256338612
690,0,270,positive,0.138092372237,-0.195646086849,0.078457881711,138.092372237,-195.646086849,78.457881711,88.1546808907,88.1546808907,109.343881733
690,1,270,positive,0.138092372237,-0.195747928689,0.078908840313,138.092372237,-195.747928689,78.908840313,88.256522731,88.256522731,109.794840335
691,0,270,positive,0.138092372237,-0.195850771529,0.0793668718972,138.092372237,-195.850771529,79.3668718972,88.3593655706,88.3593655706,110.252871919
691,1,270,positive,0.138092372237,-0.195747928689,0.078908840313,138.092372237,-195.747928689,78.908840313,88.256522731,88.256522731,109.794840335
692,0,270,positive,0.138092372237,-0.195981072987,0.0797495332263,138.092372237,-195.981072987,79.7495332263,88.4896670288,88.4896670288,110.635533249
692,1,270,positive,0.138092372237,-0.195850771529,0.0793668718972,138.092372237,-195.850771529,79.3668718972,88.3593655706,88.3593655706,110.252871919
693,0,270,positive,0.138092372237,-0.195981072987,0.0797495332263,138.092372237,-195.981072987,79.7495332263,88.4896670288,88.4896670288,110.635533249
693,1,270,positive,0.138092372237,-0.196172704274,0.0803000256493,138.092372237,-196.172704274,80.3000256493,88.6812983163,88.6812983163,111.186025672
694,0,270,positive,0.138092372237,-0.196172704274,0.0803000256493,138.092372237,-196.172704274,80.3000256493,88.6812983163,88.6812983163,111.186025672
694,1,270,positive,0.138092372237,-0.196334533704,0.0809051512446,138.092372237,-196.334533704,80.9051512446,88.8431277456,88.8431277456,111.791151267
695,0,270,positive,0.138092372237,-0.19665870049,0.0820531135902,138.092372237,-196.65870049,82.0531135902,89.1672945316,89.1672945316,112.939113612
695,1,270,positive,0.138092372237,-0.196334533704,0.0809051512446,138.092372237,-196.334533704,80.9051512446,88.8431277456,88.8431277456,111.791151267
696,0,270,positive,0.138092372237,-0.19665870049,0.0820531135902,138.092372237,-196.65870049,82.0531135902,89.1672945316,89.1672945316,112.939113612
696,1,270,positive,0.138092372237,-0.196941497988,0.0827754933314,138.092372237,-196.941497988,82.7754933314,89.4500920298,89.4500920298,113.661493354
697,0,270,positive,0.138092372237,-0.196983675505,0.0828978362476,138.092372237,-196.983675505,82.8978362476,89.4922695468,89.4922695468,113.78383627
697,1,270,positive,0.138092372237,-0.196941497988,0.0827754933314,138.092372237,-196.941497988,82.7754933314,89.4500920298,89.4500920298,113.661493354
698,0,270,positive,0.138092372237,-0.190946223516,0.0824734333538,138.092372237,-190.946223516,82.4734333538,83.4548175583,83.4548175583,113.359433376
698,1,270,positive,0.138092372237,-0.190999768285,0.0827445350221,138.092372237,-190.999768285,82.7445350221,83.5083623273,83.5083623273,113.630535044
699,0,270,positive,0.138092372237,-0.190999768285,0.0827445350221,138.092372237,-190.999768285,82.7445350221,83.5083623273,83.5083623273,113.630535044
699,1,270,positive,0.138092372237,-0.191014865177,0.0827844570084,138.092372237,-191.014865177,82.7844570084,83.5234592187,83.5234592187,113.670457031
700,0,270,positive,0.138092372237,-0.191014865177,0.0827844570084,138.092372237,-191.014865177,82.7844570084,83.5234592187,83.5234592187,113.670457031
700,1,270,positive,0.138092372237,-0.191015320778,0.0828142206668,138.092372237,-191.015320778,82.8142206668,83.5239148199,83.5239148199,113.700220689
701,0,270,positive,0.138092372237,-0.186379730216,0.0651804462602,138.092372237,-186.379730216,65.1804462602,78.8883242576,78.8883242576,96.0664462825
701,1,270,positive,0.138092372237,-0.18651031883,0.0654107018591,138.092372237,-186.51031883,65.4107018591,79.0189128724,79.0189128724,96.2967018814
702,0,270,positive,0.138092372237,-0.18651031883,0.0654107018591,138.092372237,-186.51031883,65.4107018591,79.0189128724,79.0189128724,96.2967018814
702,1,270,positive,0.138092372237,-0.186576519732,0.0655966168542,138.092372237,-186.576519732,65.5966168542,79.0851137738,79.0851137738,96.4826168765
703,0,270,positive,0.138092372237,-0.186576519732,0.0655966168542,138.092372237,-186.576519732,65.5966168542,79.0851137738,79.0851137738,96.4826168765
703,1,270,positive,0.138092372237,-0.186626793963,0.065719105094,138.092372237,-186.626793963,65.719105094,79.1353880055,79.1353880055,96.6051051162
704,0,270,positive,0.138092372237,-0.197465662509,0.0845869906563,138.092372237,-197.465662509,84.5869906563,89.9742565509,89.9742565509,115.472990679
704,1,270,positive,0.138092372237,-0.197719394059,0.0854448795198,138.092372237,-197.719394059,85.4448795198,90.2279881007,90.2279881007,116.330879542
705,0,270,positive,0.138092372237,-0.197006282492,0.0829771574173,138.092372237,-197.006282492,82.9771574173,89.5148765345,89.5148765345,113.86315744
705,1,270,positive,0.138092372237,-0.197216011325,0.0837585010074,138.092372237,-197.216011325,83.7585010074,89.7246053668,89.7246053668,114.64450103
706,0,270,positive,0.138092372237,-0.197257940307,0.0838641596692,138.092372237,-197.257940307,83.8641596692,89.7665343486,89.7665343486,114.750159692
706,1,270,positive,0.138092372237,-0.197216011325,0.0837585010074,138.092372237,-197.216011325,83.7585010074,89.7246053668,89.7246053668,114.64450103
707,0,270,positive,0.138092372237,-0.197006282492,0.0829771574173,138.092372237,-197.006282492,82.9771574173,89.5148765345,89.5148765345,113.86315744
707,1,270,positive,0.138092372237,-0.196983675505,0.0828978362476,138.092372237,-196.983675505,82.8978362476,89.4922695468,89.4922695468,113.78383627
708,0,270,positive,0.138092372237,-0.197308093077,0.0840558623297,138.092372237,-197.308093077,84.0558623297,89.8166871191,89.8166871191,114.941862352
708,1,270,positive,0.138092372237,-0.197257940307,0.0838641596692,138.092372237,-197.257940307,83.8641596692,89.7665343486,89.7665343486,114.750159692
709,0,270,positive,0.138092372237,-0.197465662509,0.0845869906563,138.092372237,-197.465662509,84.5869906563,89.9742565509,89.9742565509,115.472990679
709,1,270,positive,0.138092372237,-0.197308093077,0.0840558623297,138.092372237,-197.308093077,84.0558623297,89.8166871191,89.8166871191,114.941862352
710,0,270,positive,0.138092372237,-0.197719394059,0.0854448795198,138.092372237,-197.719394059,85.4448795198,90.2279881007,90.2279881007,116.330879542
710,1,270,positive,0.138092372237,-0.197837268427,0.0858020290524,138.092372237,-197.837268427,85.8020290524,90.3458624688,90.3458624688,116.688029075
711,0,270,positive,0.138092372237,-0.197837268427,0.0858020290524,138.092372237,-197.837268427,85.8020290524,90.3458624688,90.3458624688,116.688029075
711,1,270,positive,0.138092372237,-0.19797887315,0.0863185805501,138.092372237,-197.97887315,86.3185805501,90.4874671925,90.4874671925,117.204580572
712,0,270,positive,0.138092372237,-0.198078306985,0.0867462301081,138.092372237,-198.078306985,86.7462301081,90.5869010274,90.5869010274,117.63223013
712,1,270,positive,0.138092372237,-0.19797887315,0.0863185805501,138.092372237,-197.97887315,86.3185805501,90.4874671925,90.4874671925,117.204580572
713,0,270,positive,0.138092372237,-0.198078306985,0.0867462301081,138.092372237,-198.078306985,86.7462301081,90.5869010274,90.5869010274,117.63223013
713,1,270,positive,0.138092372237,-0.198383423822,0.0877904778516,138.092372237,-198.383423822,87.7904778516,90.8920178645,90.8920178645,118.676477874
714,0,270,positive,0.138092372237,-0.19303521265,0.0887780254458,138.092372237,-193.03521265,88.7780254458,85.5438066919,85.5438066919,119.664025468
714,1,270,positive,0.138092372237,-0.192795129699,0.0883704888119,138.092372237,-192.795129699,88.3704888119,85.303723741,85.303723741,119.256488834
715,0,270,positive,0.138092372237,-0.193374299174,0.0896500733273,138.092372237,-193.374299174,89.6500733273,85.8828932162,85.8828932162,120.53607335
715,1,270,positive,0.138092372237,-0.193303777501,0.0895035786439,138.092372237,-193.303777501,89.5035786439,85.8123715427,85.8123715427,120.389578666
716,0,270,positive,0.138092372237,-0.193111240757,0.0890986594601,138.092372237,-193.111240757,89.0986594601,85.6198347992,85.6198347992,119.984659482
716,1,270,positive,0.138092372237,-0.19303521265,0.0887780254458,138.092372237,-193.03521265,88.7780254458,85.5438066919,85.5438066919,119.664025468
717,0,270,positive,0.138092372237,-0.193111240757,0.0890986594601,138.092372237,-193.111240757,89.0986594601,85.6198347992,85.6198347992,119.984659482
717,1,270,positive,0.138092372237,-0.193303777501,0.0895035786439,138.092372237,-193.303777501,89.5035786439,85.8123715427,85.8123715427,120.389578666
718,0,270,positive,0.138092372237,-0.193374299174,0.0896500733273,138.092372237,-193.374299174,89.6500733273,85.8828932162,85.8828932162,120.53607335
718,1,270,positive,0.138092372237,-0.19343775424,0.0900270704619,138.092372237,-193.43775424,90.0270704619,85.9463482822,85.9463482822,120.913070484
719,0,270,positive,0.138092372237,-0.193602166193,0.0905350936103,138.092372237,-193.602166193,90.5350936103,86.1107602353,86.1107602353,121.421093633
719,1,270,positive,0.138092372237,-0.193548384748,0.090395550476,138.092372237,-193.548384748,90.395550476,86.05697879,86.05697879,121.281550498
720,0,270,positive,0.138092372237,-0.193730122814,0.0908983516781,138.092372237,-193.730122814,90.8983516781,86.2387168556,86.2387168556,121.7843517
720,1,270,positive,0.138092372237,-0.19361013905,0.0906378803537,138.092372237,-193.61013905,90.6378803537,86.118733092,86.118733092,121.523880376
721,0,270,positive,0.138092372237,-0.19361013905,0.0906378803537,138.092372237,-193.61013905,90.6378803537,86.118733092,86.118733092,121.523880376
721,1,270,positive,0.138092372237,-0.193602166193,0.0905350936103,138.092372237,-193.602166193,90.5350936103,86.1107602353,86.1107602353,121.421093633
722,0,270,positive,0.138092372237,-0.19343775424,0.0900270704619,138.092372237,-193.43775424,90.0270704619,85.9463482822,85.9463482822,120.913070484
722,1,270,positive,0.138092372237,-0.193548384748,0.090395550476,138.092372237,-193.548384748,90.395550476,86.05697879,86.05697879,121.281550498
723,0,270,positive,0.138092372237,-0.193730122814,0.0908983516781,138.092372237,-193.730122814,90.8983516781,86.2387168556,86.2387168556,121.7843517
723,1,270,positive,0.138092372237,-0.193903961376,0.0912948327875,138.092372237,-193.903961376,91.2948327875,86.4125554182,86.4125554182,122.18083281
724,0,270,positive,0.138092372237,-0.193903961376,0.0912948327875,138.092372237,-193.903961376,91.2948327875,86.4125554182,86.4125554182,122.18083281
724,1,270,positive,0.138092372237,-0.193922775184,0.0914267773497,138.092372237,-193.922775184,91.4267773497,86.4313692255,86.4313692255,122.312777372
725,0,270,positive,0.138092372237,-0.194090252802,0.0923945251002,138.092372237,-194.090252802,92.3945251002,86.5988468445,86.5988468445,123.280525122
725,1,270,positive,0.138092372237,-0.193922775184,0.0914267773497,138.092372237,-193.922775184,91.4267773497,86.4313692255,86.4313692255,122.312777372
726,0,270,positive,0.138092372237,-0.191367445437,0.084145019967,138.092372237,-191.367445437,84.145019967,83.8760394787,83.8760394787,115.031019989
726,1,270,positive,0.138092372237,-0.191097010806,0.0831495386571,138.092372237,-191.097010806,83.1495386571,83.6056048478,83.6056048478,114.035538679
727,0,270,positive,0.138092372237,-0.191367445437,0.084145019967,138.092372237,-191.367445437,84.145019967,83.8760394787,83.8760394787,115.031019989
727,1,270,positive,0.138092372237,-0.19149689112,0.0848927693869,138.092372237,-191.49689112,84.8927693869,84.0054851618,84.0054851618,115.778769409
728,0,270,positive,0.138092372237,-0.191015320778,0.0828142206668,138.092372237,-191.015320778,82.8142206668,83.5239148199,83.5239148199,113.700220689
728,1,270,positive,0.138092372237,-0.191097010806,0.0831495386571,138.092372237,-191.097010806,83.1495386571,83.6056048478,83.6056048478,114.035538679
729,0,270,positive,0.138092372237,-0.191860864151,0.0867363031325,138.092372237,-191.860864151,86.7363031325,84.3694581934,84.3694581934,117.622303155
729,1,270,positive,0.138092372237,-0.191671642834,0.0860489789235,138.092372237,-191.671642834,86.0489789235,84.1802368761,84.1802368761,116.934978946
730,0,270,positive,0.138092372237,-0.191607148586,0.08551811814,138.092372237,-191.607148586,85.51811814,84.1157426281,84.1157426281,116.404118162
730,1,270,positive,0.138092372237,-0.19149689112,0.0848927693869,138.092372237,-191.49689112,84.8927693869,84.0054851618,84.0054851618,115.778769409
731,0,270,positive,0.138092372237,-0.191607148586,0.08551811814,138.092372237,-191.607148586,85.51811814,84.1157426281,84.1157426281,116.404118162
731,1,270,positive,0.138092372237,-0.191631068476,0.0858677471288,138.092372237,-191.631068476,85.8677471288,84.1396625176,84.1396625176,116.753747151
732,0,270,positive,0.138092372237,-0.191631068476,0.0858677471288,138.092372237,-191.631068476,85.8677471288,84.1396625176,84.1396625176,116.753747151
732,1,270,positive,0.138092372237,-0.191671642834,0.0860489789235,138.092372237,-191.671642834,86.0489789235,84.1802368761,84.1802368761,116.934978946
733,0,270,positive,0.138092372237,-0.191954362996,0.0869844771085,138.092372237,-191.954362996,86.9844771085,84.4629570384,84.4629570384,117.870477131
733,1,270,positive,0.138092372237,-0.191860864151,0.0867363031325,138.092372237,-191.860864151,86.7363031325,84.3694581934,84.3694581934,117.622303155
734,0,270,positive,0.138092372237,-0.192108451681,0.0873170319552,138.092372237,-192.108451681,87.3170319552,84.6170457232,84.6170457232,118.203031977
734,1,270,positive,0.138092372237,-0.191954362996,0.0869844771085,138.092372237,-191.954362996,86.9844771085,84.4629570384,84.4629570384,117.870477131
735,0,270,positive,0.138092372237,-0.192108451681,0.0873170319552,138.092372237,-192.108451681,87.3170319552,84.6170457232,84.6170457232,118.203031977
735,1,270,positive,0.138092372237,-0.19223035825,0.087571002543,138.092372237,-192.23035825,87.571002543,84.7389522923,84.7389522923,118.457002565
736,0,270,positive,0.138092372237,-0.192496372081,0.0879891627597,138.092372237,-192.496372081,87.9891627597,85.0049661227,85.0049661227,118.875162782
736,1,270,positive,0.138092372237,-0.19223035825,0.087571002543,138.092372237,-192.23035825,87.571002543,84.7389522923,84.7389522923,118.457002565
737,0,270,positive,0.138092372237,-0.192496372081,0.0879891627597,138.092372237,-192.496372081,87.9891627597,85.0049661227,85.0049661227,118.875162782
737,1,270,positive,0.138092372237,-0.19259345302,0.0881302313704,138.092372237,-192.59345302,88.1302313704,85.1020470618,85.1020470618,119.016231393
738,0,270,positive,0.138092372237,-0.19259345302,0.0881302313704,138.092372237,-192.59345302,88.1302313704,85.1020470618,85.1020470618,119.016231393
738,1,270,positive,0.138092372237,-0.192795129699,0.0883704888119,138.092372237,-192.795129699,88.3704888119,85.303723741,85.303723741,119.256488834
739,0,270,positive,0.138092372237,-0.19448932821,0.0939305513787,138.092372237,-194.48932821,93.9305513787,86.9979222517,86.9979222517,124.816551401
739,1,270,positive,0.138092372237,-0.194290599079,0.0935433148396,138.092372237,-194.290599079,93.5433148396,86.7991931213,86.7991931213,124.429314862
740,0,270,positive,0.138092372237,-0.194758607271,0.0947960611381,138.092372237,-194.758607271,94.7960611381,87.2672013129,87.2672013129,125.68206116
740,1,270,positive,0.138092372237,-0.19448932821,0.0939305513787,138.092372237,-194.48932821,93.9305513787,86.9979222517,86.9979222517,124.816551401
741,0,270,positive,0.138092372237,-0.194125982204,0.0928868235253,138.092372237,-194.125982204,92.8868235253,86.6345762463,86.6345762463,123.772823548
741,1,270,positive,0.138092372237,-0.194090252802,0.0923945251002,138.092372237,-194.090252802,92.3945251002,86.5988468445,86.5988468445,123.280525122
742,0,270,positive,0.138092372237,-0.194125982204,0.0928868235253,138.092372237,-194.125982204,92.8868235253,86.6345762463,86.6345762463,123.772823548
742,1,270,positive,0.138092372237,-0.194215870932,0.0932180016534,138.092372237,-194.215870932,93.2180016534,86.724464974,86.724464974,124.104001676
743,0,270,positive,0.138092372237,-0.194215870932,0.0932180016534,138.092372237,-194.215870932,93.2180016534,86.724464974,86.724464974,124.104001676
743,1,270,positive,0.138092372237,-0.194290599079,0.0935433148396,138.092372237,-194.290599079,93.5433148396,86.7991931213,86.7991931213,124.429314862
744,0,270,positive,0.138092372237,-0.194758607271,0.0947960611381,138.092372237,-194.758607271,94.7960611381,87.2672013129,87.2672013129,125.68206116
744,1,270,positive,0.138092372237,-0.194789251945,0.0948923486014,138.092372237,-194.789251945,94.8923486014,87.2978459866,87.2978459866,125.778348624
745,0,270,positive,0.138092372237,-0.194789251945,0.0948923486014,138.092372237,-194.789251945,94.8923486014,87.2978459866,87.2978459866,125.778348624
745,1,270,positive,0.138092372237,-0.194800322233,0.0949307221905,138.092372237,-194.800322233,94.9307221905,87.3089162746,87.3089162746,125.816722213
746,0,270,positive,0.138092372237,-0.195088549158,0.0955838212897,138.092372237,-195.088549158,95.5838212897,87.5971431996,87.5971431996,126.469821312
746,1,270,positive,0.138092372237,-0.194835963673,0.0950057696896,138.092372237,-194.835963673,95.0057696896,87.3445577147,87.3445577147,125.891769712
747,0,270,positive,0.138092372237,-0.195130609193,0.0958023463761,138.092372237,-195.130609193,95.8023463761,87.6392032348,87.6392032348,126.688346398
747,1,270,positive,0.138092372237,-0.195088549158,0.0955838212897,138.092372237,-195.088549158,95.5838212897,87.5971431996,87.5971431996,126.469821312
748,0,270,positive,0.138092372237,-0.195130609193,0.0958023463761,138.092372237,-195.130609193,95.8023463761,87.6392032348,87.6392032348,126.688346398
748,1,270,positive,0.138092372237,-0.195165069408,0.0960098166759,138.092372237,-195.165069408,96.0098166759,87.6736634503,87.6736634503,126.895816698
749,0,270,positive,0.138092372237,-0.195165069408,0.0960098166759,138.092372237,-195.165069408,96.0098166759,87.6736634503,87.6736634503,126.895816698
749,1,270,positive,0.138092372237,-0.195166886135,0.0961195078181,138.092372237,-195.166886135,96.1195078181,87.6754801766,87.6754801766,127.00550784
750,0,270,positive,0.138092372237,-0.195180724183,0.0965358677278,138.092372237,-195.180724183,96.5358677278,87.6893182249,87.6893182249,127.42186775
750,1,270,positive,0.138092372237,-0.19523032633,0.096718448502,138.092372237,-195.23032633,96.718448502,87.7389203716,87.7389203716,127.604448524
751,0,270,positive,0.138092372237,-0.195180724183,0.0965358677278,138.092372237,-195.180724183,96.5358677278,87.6893182249,87.6893182249,127.42186775
751,1,270,positive,0.138092372237,-0.195166886135,0.0961195078181,138.092372237,-195.166886135,96.1195078181,87.6754801766,87.6754801766,127.00550784
752,0,270,positive,0.138092372237,-0.195633721992,0.0973233933257,138.092372237,-195.633721992,97.3233933257,88.142316034,88.142316034,128.209393348
752,1,270,positive,0.138092372237,-0.195442784406,0.0970730519513,138.092372237,-195.442784406,97.0730519513,87.951378448,87.951378448,127.959051974
753,0,270,positive,0.138092372237,-0.195314939145,0.0968943694941,138.092372237,-195.314939145,96.8943694941,87.8235331871,87.8235331871,127.780369516
753,1,270,positive,0.138092372237,-0.19523032633,0.096718448502,138.092372237,-195.23032633,96.718448502,87.7389203716,87.7389203716,127.604448524
754,0,270,positive,0.138092372237,-0.194807396561,0.0949472223985,138.092372237,-194.807396561,94.9472223985,87.3159906028,87.3159906028,125.833222421
754,1,270,positive,0.138092372237,-0.194835963673,0.0950057696896,138.092372237,-194.835963673,95.0057696896,87.3445577147,87.3445577147,125.891769712
755,0,270,positive,0.138092372237,-0.195314939145,0.0968943694941,138.092372237,-195.314939145,96.8943694941,87.8235331871,87.8235331871,127.780369516
755,1,270,positive,0.138092372237,-0.195442784406,0.0970730519513,138.092372237,-195.442784406,97.0730519513,87.951378448,87.951378448,127.959051974
756,0,270,positive,0.138092372237,-0.194800322233,0.0949307221905,138.092372237,-194.800322233,94.9307221905,87.3089162746,87.3089162746,125.816722213
756,1,270,positive,0.138092372237,-0.194807396561,0.0949472223985,138.092372237,-194.807396561,94.9472223985,87.3159906028,87.3159906028,125.833222421
757,0,270,positive,0.138092372237,-0.195700334144,0.0976062230019,138.092372237,-195.700334144,97.6062230019,88.2089281856,88.2089281856,128.492223024
757,1,270,positive,0.138092372237,-0.195633721992,0.0973233933257,138.092372237,-195.633721992,97.3233933257,88.142316034,88.142316034,128.209393348
758,0,270,positive,0.138092372237,-0.195700334144,0.0976062230019,138.092372237,-195.700334144,97.6062230019,88.2089281856,88.2089281856,128.492223024
758,1,270,positive,0.138092372237,-0.195798155141,0.0979194598445,138.092372237,-195.798155141,97.9194598445,88.3067491829,88.3067491829,128.805459867
759,0,270,positive,0.138092372237,-0.195798155141,0.0979194598445,138.092372237,-195.798155141,97.9194598445,88.3067491829,88.3067491829,128.805459867
759,1,270,positive,0.138092372237,-0.195898292691,0.0984168778699,138.092372237,-195.898292691,98.4168778699,88.406886733,88.406886733,129.302877892
760,0,270,positive,0.138092372237,-0.19604736932,0.0987469726523,138.092372237,-196.04736932,98.7469726523,88.5559633624,88.5559633624,129.632972675
760,1,270,positive,0.138092372237,-0.195898292691,0.0984168778699,138.092372237,-195.898292691,98.4168778699,88.406886733,88.406886733,129.302877892
761,0,270,positive,0.138092372237,-0.19604736932,0.0987469726523,138.092372237,-196.04736932,98.7469726523,88.5559633624,88.5559633624,129.632972675
761,1,270,positive,0.138092372237,-0.196149559133,0.0990986207649,138.092372237,-196.149559133,99.0986207649,88.658153175,88.658153175,129.984620787
762,0,270,positive,0.138092372237,-0.196310175363,0.0994895398035,138.092372237,-196.310175363,99.4895398035,88.8187694053,88.8187694053,130.375539826
762,1,270,positive,0.138092372237,-0.196149559133,0.0990986207649,138.092372237,-196.149559133,99.0986207649,88.658153175,88.658153175,129.984620787
763,0,270,positive,0.138092372237,-0.196310175363,0.0994895398035,138.092372237,-196.310175363,99.4895398035,88.8187694053,88.8187694053,130.375539826
763,1,270,positive,0.138092372237,-0.196404205795,0.0997249113534,138.092372237,-196.404205795,99.7249113534,88.9127998366,88.9127998366,130.610911376
764,0,270,positive,0.138092372237,-0.196392979717,0.100185861941,138.092372237,-196.392979717,100.185861941,88.9015737587,88.9015737587,131.071861963
764,1,270,positive,0.138092372237,-0.196404205795,0.0997249113534,138.092372237,-196.404205795,99.7249113534,88.9127998366,88.9127998366,130.610911376
765,0,270,positive,0.138092372237,-0.196392979717,0.100185861941,138.092372237,-196.392979717,100.185861941,88.9015737587,88.9015737587,131.071861963
765,1,270,positive,0.138092372237,-0.196606520419,0.101296141748,138.092372237,-196.606520419,101.296141748,89.1151144613,89.1151144613,132.18214177
766,0,270,positive,0.138092372237,-0.196620230241,0.101464239078,138.092372237,-196.620230241,101.464239078,89.1288242829,89.1288242829,132.350239101
766,1,270,positive,0.138092372237,-0.196606520419,0.101296141748,138.092372237,-196.606520419,101.296141748,89.1151144613,89.1151144613,132.18214177
767,0,270,positive,0.138092372237,-0.196743679354,0.101846459613,138.092372237,-196.743679354,101.846459613,89.2522733959,89.2522733959,132.732459636
767,1,270,positive,0.138092372237,-0.196620230241,0.101464239078,138.092372237,-196.620230241,101.464239078,89.1288242829,89.1288242829,132.350239101
768,0,270,positive,0.138092372237,-0.196743679354,0.101846459613,138.092372237,-196.743679354,101.846459613,89.2522733959,89.2522733959,132.732459636
768,1,270,positive,0.138092372237,-0.196876427627,0.102174380843,138.092372237,-196.876427627,102.174380843,89.3850216692,89.3850216692,133.060380865
769,0,270,positive,0.138092372237,-0.198502357354,0.0881078315341,138.092372237,-198.502357354,88.1078315341,91.0109513959,91.0109513959,118.993831556
769,1,270,positive,0.138092372237,-0.198383423822,0.0877904778516,138.092372237,-198.383423822,87.7904778516,90.8920178645,90.8920178645,118.676477874
770,0,270,positive,0.138092372237,-0.198544169807,0.0882029142407,138.092372237,-198.544169807,88.2029142407,91.052763849,91.052763849,119.088914263
770,1,270,positive,0.138092372237,-0.198502357354,0.0881078315341,138.092372237,-198.502357354,88.1078315341,91.0109513959,91.0109513959,118.993831556
771,0,270,positive,0.138092372237,-0.208460726388,0.130704307999,138.092372237,-208.460726388,130.704307999,100.96932043,100.96932043,161.590308021
771,1,270,positive,0.138092372237,-0.208615413264,0.131351171144,138.092372237,-208.615413264,131.351171144,101.124007306,101.124007306,162.237171166
772,0,270,positive,0.138092372237,-0.203667491045,0.129229684333,138.092372237,-203.667491045,129.229684333,96.1760850866,96.1760850866,160.115684355
772,1,270,positive,0.138092372237,-0.203446405015,0.128481420294,138.092372237,-203.446405015,128.481420294,95.9549990573,95.9549990573,159.367420316
773,0,270,positive,0.138092372237,-0.204116062181,0.131084855381,138.092372237,-204.116062181,131.084855381,96.624656223,96.624656223,161.970855404
773,1,270,positive,0.138092372237,-0.204000018615,0.130590709457,138.092372237,-204.000018615,130.590709457,96.5086126566,96.5086126566,161.476709479
774,0,270,positive,0.138092372237,-0.203840689515,0.12991492096,138.092372237,-203.840689515,129.91492096,96.3492835569,96.3492835569,160.800920983
774,1,270,positive,0.138092372237,-0.204000018615,0.130590709457,138.092372237,-204.000018615,130.590709457,96.5086126566,96.5086126566,161.476709479
775,0,270,positive,0.138092372237,-0.203667491045,0.129229684333,138.092372237,-203.667491045,129.229684333,96.1760850866,96.1760850866,160.115684355
775,1,270,positive,0.138092372237,-0.203807922024,0.12978964374,138.092372237,-203.807922024,129.78964374,96.3165160656,96.3165160656,160.675643762
776,0,270,positive,0.138092372237,-0.203807922024,0.12978964374,138.092372237,-203.807922024,129.78964374,96.3165160656,96.3165160656,160.675643762
776,1,270,positive,0.138092372237,-0.203819776673,0.129832326697,138.092372237,-203.819776673,129.832326697,96.3283707153,96.3283707153,160.718326719
777,0,270,positive,0.138092372237,-0.203819776673,0.129832326697,138.092372237,-203.819776673,129.832326697,96.3283707153,96.3283707153,160.718326719
777,1,270,positive,0.138092372237,-0.203840689515,0.12991492096,138.092372237,-203.840689515,129.91492096,96.3492835569,96.3492835569,160.800920983
778,0,270,positive,0.138092372237,-0.204794308085,0.132829434781,138.092372237,-204.794308085,132.829434781,97.3029021273,97.3029021273,163.715434803
778,1,270,positive,0.138092372237,-0.204660108811,0.132409157407,138.092372237,-204.660108811,132.409157407,97.1687028534,97.1687028534,163.295157429
779,0,270,positive,0.138092372237,-0.204794308085,0.132829434781,138.092372237,-204.794308085,132.829434781,97.3029021273,97.3029021273,163.715434803
779,1,270,positive,0.138092372237,-0.204818492858,0.133467848495,138.092372237,-204.818492858,133.467848495,97.3270868995,97.3270868995,164.353848517
780,0,270,positive,0.138092372237,-0.204855286579,0.13359737403,138.092372237,-204.855286579,133.59737403,97.3638806207,97.3638806207,164.483374052
780,1,270,positive,0.138092372237,-0.204818492858,0.133467848495,138.092372237,-204.818492858,133.467848495,97.3270868995,97.3270868995,164.353848517
781,0,270,positive,0.138092372237,-0.205034605104,0.134354449279,138.092372237,-205.034605104,134.354449279,97.5431991459,97.5431991459,165.240449301
781,1,270,positive,0.138092372237,-0.204891218486,0.133891735616,138.092372237,-204.891218486,133.891735616,97.3998125284,97.3998125284,164.777735638
782,0,270,positive,0.138092372237,-0.205034605104,0.134354449279,138.092372237,-205.034605104,134.354449279,97.5431991459,97.5431991459,165.240449301
782,1,270,positive,0.138092372237,-0.205241399156,0.13488109633,138.092372237,-205.241399156,134.88109633,97.7499931984,97.7499931984,165.767096353
783,0,270,positive,0.138092372237,-0.205438711431,0.135649515407,138.092372237,-205.438711431,135.649515407,97.9473054734,97.9473054734,166.535515429
783,1,270,positive,0.138092372237,-0.205400341318,0.135482797616,138.092372237,-205.400341318,135.482797616,97.9089353603,97.9089353603,166.368797638
784,0,270,positive,0.138092372237,-0.205308481083,0.135216477121,138.092372237,-205.308481083,135.216477121,97.8170751248,97.8170751248,166.102477143
784,1,270,positive,0.138092372237,-0.205241399156,0.13488109633,138.092372237,-205.241399156,134.88109633,97.7499931984,97.7499931984,165.767096353
785,0,270,positive,0.138092372237,-0.205308481083,0.135216477121,138.092372237,-205.308481083,135.216477121,97.8170751248,97.8170751248,166.102477143
785,1,270,positive,0.138092372237,-0.205400341318,0.135482797616,138.092372237,-205.400341318,135.482797616,97.9089353603,97.9089353603,166.368797638
786,0,270,positive,0.138092372237,-0.208615413264,0.131351171144,138.092372237,-208.615413264,131.351171144,101.124007306,101.124007306,162.237171166
786,1,270,positive,0.138092372237,-0.208832208732,0.132288372192,138.092372237,-208.832208732,132.288372192,101.340802774,101.340802774,163.174372215
787,0,270,positive,0.138092372237,-0.208923780706,0.132680655132,138.092372237,-208.923780706,132.680655132,101.432374748,101.432374748,163.566655154
787,1,270,positive,0.138092372237,-0.209137294566,0.133693087362,138.092372237,-209.137294566,133.693087362,101.645888608,101.645888608,164.579087385
788,0,270,positive,0.138092372237,-0.208877702849,0.132447738935,138.092372237,-208.877702849,132.447738935,101.386296891,101.386296891,163.333738958
788,1,270,positive,0.138092372237,-0.208832208732,0.132288372192,138.092372237,-208.832208732,132.288372192,101.340802774,101.340802774,163.174372215
789,0,270,positive,0.138092372237,-0.209137294566,0.133693087362,138.092372237,-209.137294566,133.693087362,101.645888608,101.645888608,164.579087385
789,1,270,positive,0.138092372237,-0.209662203036,0.135638463837,138.092372237,-209.662203036,135.638463837,102.170797078,102.170797078,166.524463859
790,0,270,positive,0.138092372237,-0.205438711431,0.135649515407,138.092372237,-205.438711431,135.649515407,97.9473054734,97.9473054734,166.535515429
790,1,270,positive,0.138092372237,-0.205560874683,0.136318583536,138.092372237,-205.560874683,136.318583536,98.0694687253,98.0694687253,167.204583558
791,0,270,positive,0.138092372237,-0.205665904441,0.136614741251,138.092372237,-205.665904441,136.614741251,98.1744984826,98.1744984826,167.500741274
791,1,270,positive,0.138092372237,-0.205560874683,0.136318583536,138.092372237,-205.560874683,136.318583536,98.0694687253,98.0694687253,167.204583558
792,0,270,positive,0.138092372237,-0.205665904441,0.136614741251,138.092372237,-205.665904441,136.614741251,98.1744984826,98.1744984826,167.500741274
792,1,270,positive,0.138092372237,-0.205838685108,0.137094416245,138.092372237,-205.838685108,137.094416245,98.3472791503,98.3472791503,167.980416267
793,0,270,positive,0.138092372237,-0.205962094055,0.137690623326,138.092372237,-205.962094055,137.690623326,98.4706880972,98.4706880972,168.576623348
793,1,270,positive,0.138092372237,-0.206025281772,0.137990414301,138.092372237,-206.025281772,137.990414301,98.5338758138,98.5338758138,168.876414324
794,0,270,positive,0.138092372237,-0.205962094055,0.137690623326,138.092372237,-205.962094055,137.690623326,98.4706880972,98.4706880972,168.576623348
794,1,270,positive,0.138092372237,-0.205838685108,0.137094416245,138.092372237,-205.838685108,137.094416245,98.3472791503,98.3472791503,167.980416267
795,0,270,positive,0.138092372237,-0.206025281772,0.137990414301,138.092372237,-206.025281772,137.990414301,98.5338758138,98.5338758138,168.876414324
795,1,270,positive,0.138092372237,-0.206039035239,0.138286764529,138.092372237,-206.039035239,138.286764529,98.5476292812,98.5476292812,169.172764551
796,0,270,positive,0.138092372237,-0.206647106477,0.140534860621,138.092372237,-206.647106477,140.534860621,99.1557005191,99.1557005191,171.420860643
796,1,270,positive,0.138092372237,-0.206381208204,0.139955096253,138.092372237,-206.381208204,139.955096253,98.8898022464,98.8898022464,170.841096275
797,0,270,positive,0.138092372237,-0.206647106477,0.140534860621,138.092372237,-206.647106477,140.534860621,99.1557005191,99.1557005191,171.420860643
797,1,270,positive,0.138092372237,-0.206726649842,0.141085649523,138.092372237,-206.726649842,141.085649523,99.2352438841,99.2352438841,171.971649546
798,0,270,positive,0.138092372237,-0.206039035239,0.138286764529,138.092372237,-206.039035239,138.286764529,98.5476292812,98.5476292812,169.172764551
798,1,270,positive,0.138092372237,-0.206132745077,0.138706246196,138.092372237,-206.132745077,138.706246196,98.6413391187,98.6413391187,169.592246218
799,0,270,positive,0.138092372237,-0.206188375347,0.139197993712,138.092372237,-206.188375347,139.197993712,98.696969389,98.696969389,170.083993735
799,1,270,positive,0.138092372237,-0.206132745077,0.138706246196,138.092372237,-206.132745077,138.706246196,98.6413391187,98.6413391187,169.592246218
800,0,270,positive,0.138092372237,-0.20626907703,0.139577088925,138.092372237,-206.26907703,139.577088925,98.7776710717,98.7776710717,170.463088947
800,1,270,positive,0.138092372237,-0.206188375347,0.139197993712,138.092372237,-206.188375347,139.197993712,98.696969389,98.696969389,170.083993735
801,0,270,positive,0.138092372237,-0.20626907703,0.139577088925,138.092372237,-206.26907703,139.577088925,98.7776710717,98.7776710717,170.463088947
801,1,270,positive,0.138092372237,-0.206304793073,0.139760845566,138.092372237,-206.304793073,139.760845566,98.8133871151,98.8133871151,170.646845589
802,0,270,positive,0.138092372237,-0.206304793073,0.139760845566,138.092372237,-206.304793073,139.760845566,98.8133871151,98.8133871151,170.646845589
802,1,270,positive,0.138092372237,-0.206381208204,0.139955096253,138.092372237,-206.381208204,139.955096253,98.8898022464,98.8898022464,170.841096275
803,0,270,positive,0.138092372237,-0.20413874347,0.131137264241,138.092372237,-204.13874347,131.137264241,96.6473375122,96.6473375122,162.023264263
803,1,270,positive,0.138092372237,-0.204116062181,0.131084855381,138.092372237,-204.116062181,131.084855381,96.624656223,96.624656223,161.970855404
804,0,270,positive,0.138092372237,-0.204481384867,0.132125361668,138.092372237,-204.481384867,132.125361668,96.9899789089,96.9899789089,163.01136169
804,1,270,positive,0.138092372237,-0.204301744461,0.131689569051,138.092372237,-204.301744461,131.689569051,96.8103385033,96.8103385033,162.575569073
805,0,270,positive,0.138092372237,-0.204481384867,0.132125361668,138.092372237,-204.481384867,132.125361668,96.9899789089,96.9899789089,163.01136169
805,1,270,positive,0.138092372237,-0.204626582851,0.1323228853,138.092372237,-204.626582851,132.3228853,97.1351768928,97.1351768928,163.208885322
806,0,270,positive,0.138092372237,-0.20413874347,0.131137264241,138.092372237,-204.13874347,131.137264241,96.6473375122,96.6473375122,162.023264263
806,1,270,positive,0.138092372237,-0.204301744461,0.131689569051,138.092372237,-204.301744461,131.689569051,96.8103385033,96.8103385033,162.575569073
807,0,270,positive,0.138092372237,-0.204626582851,0.1323228853,138.092372237,-204.626582851,132.3228853,97.1351768928,97.1351768928,163.208885322
807,1,270,positive,0.138092372237,-0.204660108811,0.132409157407,138.092372237,-204.660108811,132.409157407,97.1687028534,97.1687028534,163.295157429
808,0,270,positive,0.138092372237,-0.204855286579,0.13359737403,138.092372237,-204.855286579,133.59737403,97.3638806207,97.3638806207,164.483374052
808,1,270,positive,0.138092372237,-0.204891218486,0.133891735616,138.092372237,-204.891218486,133.891735616,97.3998125284,97.3998125284,164.777735638
809,0,270,positive,0.138092372237,-0.208923780706,0.132680655132,138.092372237,-208.923780706,132.680655132,101.432374748,101.432374748,163.566655154
809,1,270,positive,0.138092372237,-0.208908706838,0.132602088833,138.092372237,-208.908706838,132.602088833,101.41730088,101.41730088,163.488088856
810,0,270,positive,0.138092372237,-0.208908706838,0.132602088833,138.092372237,-208.908706838,132.602088833,101.41730088,101.41730088,163.488088856
810,1,270,positive,0.138092372237,-0.208877702849,0.132447738935,138.092372237,-208.877702849,132.447738935,101.386296891,101.386296891,163.333738958
811,0,270,positive,0.138092372237,-0.20970975682,0.135840873819,138.092372237,-209.70975682,135.840873819,102.218350862,102.218350862,166.726873842
811,1,270,positive,0.138092372237,-0.209662203036,0.135638463837,138.092372237,-209.662203036,135.638463837,102.170797078,102.170797078,166.524463859
812,0,270,positive,0.138092372237,-0.210078133039,0.137250599471,138.092372237,-210.078133039,137.250599471,102.586727081,102.586727081,168.136599494
812,1,270,positive,0.138092372237,-0.20970975682,0.135840873819,138.092372237,-209.70975682,135.840873819,102.218350862,102.218350862,166.726873842
813,0,270,positive,0.138092372237,-0.210078133039,0.137250599471,138.092372237,-210.078133039,137.250599471,102.586727081,102.586727081,168.136599494
813,1,270,positive,0.138092372237,-0.210174327801,0.137630604274,138.092372237,-210.174327801,137.630604274,102.682921843,102.682921843,168.516604296
814,0,270,positive,0.138092372237,-0.210174327801,0.137630604274,138.092372237,-210.174327801,137.630604274,102.682921843,102.682921843,168.516604296
814,1,270,positive,0.138092372237,-0.210198942674,0.137710387741,138.092372237,-210.198942674,137.710387741,102.707536716,102.707536716,168.596387764
815,0,270,positive,0.138092372237,-0.210544515438,0.138882819488,138.092372237,-210.544515438,138.882819488,103.05310948,103.05310948,169.76881951
815,1,270,positive,0.138092372237,-0.210198942674,0.137710387741,138.092372237,-210.198942674,137.710387741,102.707536716,102.707536716,168.596387764
816,0,270,positive,0.138092372237,-0.210544515438,0.138882819488,138.092372237,-210.544515438,138.882819488,103.05310948,103.05310948,169.76881951
816,1,270,positive,0.138092372237,-0.210856859089,0.139756708293,138.092372237,-210.856859089,139.756708293,103.365453131,103.365453131,170.642708315
817,0,270,positive,0.138092372237,-0.210857110616,0.139757482316,138.092372237,-210.857110616,139.757482316,103.365704658,103.365704658,170.643482338
817,1,270,positive,0.138092372237,-0.210856859089,0.139756708293,138.092372237,-210.856859089,139.756708293,103.365453131,103.365453131,170.642708315
818,0,270,positive,0.138092372237,-0.207636089784,0.145005711141,138.092372237,-207.636089784,145.005711141,100.144683826,100.144683826,175.891711164
818,1,270,positive,0.138092372237,-0.207600193241,0.144772689583,138.092372237,-207.600193241,144.772689583,100.108787283,100.108787283,175.658689605
819,0,270,positive,0.138092372237,-0.207636089784,0.145005711141,138.092372237,-207.636089784,145.005711141,100.144683826,100.144683826,175.891711164
819,1,270,positive,0.138092372237,-0.207865832615,0.145668559593,138.092372237,-207.865832615,145.668559593,100.374426657,100.374426657,176.554559615
820,0,270,positive,0.138092372237,-0.206727856335,0.141098489246,138.092372237,-206.727856335,141.098489246,99.2364503771,99.2364503771,171.984489269
820,1,270,positive,0.138092372237,-0.206726649842,0.141085649523,138.092372237,-206.726649842,141.085649523,99.2352438841,99.2352438841,171.971649546
821,0,270,positive,0.138092372237,-0.20672852005,0.141101362609,138.092372237,-206.72852005,141.101362609,99.2371140921,99.2371140921,171.987362631
821,1,270,positive,0.138092372237,-0.206727856335,0.141098489246,138.092372237,-206.727856335,141.098489246,99.2364503771,99.2364503771,171.984489269
822,0,270,positive,0.138092372237,-0.206730271284,0.141117418849,138.092372237,-206.730271284,141.117418849,99.2388653263,99.2388653263,172.003418871
822,1,270,positive,0.138092372237,-0.20672852005,0.141101362609,138.092372237,-206.72852005,141.101362609,99.2371140921,99.2371140921,171.987362631
823,0,270,positive,0.138092372237,-0.206730271284,0.141117418849,138.092372237,-206.730271284,141.117418849,99.2388653263,99.2388653263,172.003418871
823,1,270,positive,0.138092372237,-0.206826356699,0.142069429544,138.092372237,-206.826356699,142.069429544,99.3349507409,99.3349507409,172.955429566
824,0,270,positive,0.138092372237,-0.207123616531,0.142974355783,138.092372237,-207.123616531,142.974355783,99.6322105729,99.6322105729,173.860355805
824,1,270,positive,0.138092372237,-0.206984278197,0.142677359023,138.092372237,-206.984278197,142.677359023,99.4928722385,99.4928722385,173.563359045
825,0,270,positive,0.138092372237,-0.206826356699,0.142069429544,138.092372237,-206.826356699,142.069429544,99.3349507409,99.3349507409,172.955429566
825,1,270,positive,0.138092372237,-0.206897295902,0.142400335423,138.092372237,-206.897295902,142.400335423,99.4058899439,99.4058899439,173.286335446
826,0,270,positive,0.138092372237,-0.206897295902,0.142400335423,138.092372237,-206.897295902,142.400335423,99.4058899439,99.4058899439,173.286335446
826,1,270,positive,0.138092372237,-0.206984278197,0.142677359023,138.092372237,-206.984278197,142.677359023,99.4928722385,99.4928722385,173.563359045
827,0,270,positive,0.138092372237,-0.207322732705,0.143481613848,138.092372237,-207.322732705,143.481613848,99.8313267472,99.8313267472,174.367613871
827,1,270,positive,0.138092372237,-0.207123616531,0.142974355783,138.092372237,-207.123616531,142.974355783,99.6322105729,99.6322105729,173.860355805
828,0,270,positive,0.138092372237,-0.207322732705,0.143481613848,138.092372237,-207.322732705,143.481613848,99.8313267472,99.8313267472,174.367613871
828,1,270,positive,0.138092372237,-0.207480590486,0.143798710066,138.092372237,-207.480590486,143.798710066,99.9891845279,99.9891845279,174.684710089
829,0,270,positive,0.138092372237,-0.207480590486,0.143798710066,138.092372237,-207.480590486,143.798710066,99.9891845279,99.9891845279,174.684710089
829,1,270,positive,0.138092372237,-0.207505883358,0.14395896954,138.092372237,-207.505883358,143.95896954,100.0144774,100.0144774,174.844969563
830,0,270,positive,0.138092372237,-0.207505883358,0.14395896954,138.092372237,-207.505883358,143.95896954,100.0144774,100.0144774,174.844969563
830,1,270,positive,0.138092372237,-0.207600193241,0.144772689583,138.092372237,-207.600193241,144.772689583,100.108787283,100.108787283,175.658689605
831,0,270,positive,0.138092372237,-0.207938219476,0.145857498485,138.092372237,-207.938219476,145.857498485,100.446813518,100.446813518,176.743498507
831,1,270,positive,0.138092372237,-0.207865832615,0.145668559593,138.092372237,-207.865832615,145.668559593,100.374426657,100.374426657,176.554559615
832,0,270,positive,0.138092372237,-0.207938219476,0.145857498485,138.092372237,-207.938219476,145.857498485,100.446813518,100.446813518,176.743498507
832,1,270,positive,0.138092372237,-0.208129852595,0.146458352918,138.092372237,-208.129852595,146.458352918,100.638446637,100.638446637,177.34435294
833,0,270,positive,0.138092372237,-0.208129852595,0.146458352918,138.092372237,-208.129852595,146.458352918,100.638446637,100.638446637,177.34435294
833,1,270,positive,0.138092372237,-0.208230762969,0.146688468252,138.092372237,-208.230762969,146.688468252,100.739357011,100.739357011,177.574468274
834,0,270,positive,0.138092372237,-0.208230762969,0.146688468252,138.092372237,-208.230762969,146.688468252,100.739357011,100.739357011,177.574468274
834,1,270,positive,0.138092372237,-0.208329353977,0.14718913676,138.092372237,-208.329353977,147.18913676,100.837948019,100.837948019,178.075136783
835,0,270,positive,0.138092372237,-0.208359474209,0.147486932228,138.092372237,-208.359474209,147.486932228,100.868068251,100.868068251,178.372932251
835,1,270,positive,0.138092372237,-0.208329353977,0.14718913676,138.092372237,-208.329353977,147.18913676,100.837948019,100.837948019,178.075136783
836,0,270,positive,0.138092372237,-0.208572644967,0.14932035791,138.092372237,-208.572644967,149.32035791,101.081239009,101.081239009,180.206357932
836,1,270,positive,0.138092372237,-0.208502621521,0.148672382669,138.092372237,-208.502621521,148.672382669,101.011215563,101.011215563,179.558382691
837,0,270,positive,0.138092372237,-0.208621948543,0.149464285534,138.092372237,-208.621948543,149.464285534,101.130542585,101.130542585,180.350285556
837,1,270,positive,0.138092372237,-0.208572644967,0.14932035791,138.092372237,-208.572644967,149.32035791,101.081239009,101.081239009,180.206357932
838,0,270,positive,0.138092372237,-0.208746306715,0.150005394614,138.092372237,-208.746306715,150.005394614,101.254900757,101.254900757,180.891394636
838,1,270,positive,0.138092372237,-0.208621948543,0.149464285534,138.092372237,-208.621948543,149.464285534,101.130542585,101.130542585,180.350285556
839,0,270,positive,0.138092372237,-0.211685123975,0.142222599829,138.092372237,-211.685123975,142.222599829,104.193718017,104.193718017,173.108599851
839,1,270,positive,0.138092372237,-0.211762864072,0.142445498826,138.092372237,-211.762864072,142.445498826,104.271458114,104.271458114,173.331498848
840,0,270,positive,0.138092372237,-0.210857361989,0.139758216515,138.092372237,-210.857361989,139.758216515,103.365956031,103.365956031,170.644216537
840,1,270,positive,0.138092372237,-0.2111332382,0.140645064653,138.092372237,-211.1332382,140.645064653,103.641832242,103.641832242,171.531064676
841,0,270,positive,0.138092372237,-0.211685123975,0.142222599829,138.092372237,-211.685123975,142.222599829,104.193718017,104.193718017,173.108599851
841,1,270,positive,0.138092372237,-0.2111332382,0.140645064653,138.092372237,-211.1332382,140.645064653,103.641832242,103.641832242,171.531064676
842,0,270,positive,0.138092372237,-0.211762864072,0.142445498826,138.092372237,-211.762864072,142.445498826,104.271458114,104.271458114,173.331498848
842,1,270,positive,0.138092372237,-0.211876720524,0.14280064434,138.092372237,-211.876720524,142.80064434,104.385314566,104.385314566,173.686644362
843,0,270,positive,0.138092372237,-0.212319675165,0.144215645472,138.092372237,-212.319675165,144.215645472,104.828269207,104.828269207,175.101645494
843,1,270,positive,0.138092372237,-0.211876720524,0.14280064434,138.092372237,-211.876720524,142.80064434,104.385314566,104.385314566,173.686644362
844,0,270,positive,0.138092372237,-0.212319675165,0.144215645472,138.092372237,-212.319675165,144.215645472,104.828269207,104.828269207,175.101645494
844,1,270,positive,0.138092372237,-0.212632021716,0.145341152407,138.092372237,-212.632021716,145.341152407,105.140615758,105.140615758,176.22715243
845,0,270,positive,0.138092372237,-0.212644267674,0.145389302542,138.092372237,-212.644267674,145.389302542,105.152861716,105.152861716,176.275302564
845,1,270,positive,0.138092372237,-0.212632021716,0.145341152407,138.092372237,-212.632021716,145.341152407,105.140615758,105.140615758,176.22715243
846,0,270,positive,0.138092372237,-0.212657863199,0.145452390259,138.092372237,-212.657863199,145.452390259,105.166457241,105.166457241,176.338390282
846,1,270,positive,0.138092372237,-0.212990979207,0.14710289441,138.092372237,-212.990979207,147.10289441,105.499573249,105.499573249,177.988894432
847,0,270,positive,0.138092372237,-0.212657863199,0.145452390259,138.092372237,-212.657863199,145.452390259,105.166457241,105.166457241,176.338390282
847,1,270,positive,0.138092372237,-0.212644267674,0.145389302542,138.092372237,-212.644267674,145.389302542,105.152861716,105.152861716,176.275302564
848,0,270,positive,0.138092372237,-0.212990979207,0.14710289441,138.092372237,-212.990979207,147.10289441,105.499573249,105.499573249,177.988894432
848,1,270,positive,0.138092372237,-0.213067932949,0.147884024601,138.092372237,-213.067932949,147.884024601,105.576526991,105.576526991,178.770024624
849,0,270,positive,0.138092372237,-0.213205733059,0.149061959123,138.092372237,-213.205733059,149.061959123,105.714327101,105.714327101,179.947959145
849,1,270,positive,0.138092372237,-0.213067932949,0.147884024601,138.092372237,-213.067932949,147.884024601,105.576526991,105.576526991,178.770024624
850,0,270,positive,0.138092372237,-0.213222708205,0.149573252474,138.092372237,-213.222708205,149.573252474,105.731302247,105.731302247,180.459252497
850,1,270,positive,0.138092372237,-0.213205733059,0.149061959123,138.092372237,-213.205733059,149.061959123,105.714327101,105.714327101,179.947959145
851,0,270,positive,0.138092372237,-0.213222708205,0.149573252474,138.092372237,-213.222708205,149.573252474,105.731302247,105.731302247,180.459252497
851,1,270,positive,0.138092372237,-0.213228213724,0.150015523842,138.092372237,-213.228213724,150.015523842,105.736807766,105.736807766,180.901523864
852,0,270,positive,0.138092372237,-0.213745883531,0.153022645645,138.092372237,-213.745883531,153.022645645,106.254477573,106.254477573,183.908645668
852,1,270,positive,0.138092372237,-0.213921264041,0.153837994357,138.092372237,-213.921264041,153.837994357,106.429858083,106.429858083,184.72399438
853,0,270,positive,0.138092372237,-0.214079410102,0.154890982772,138.092372237,-214.079410102,154.890982772,106.588004144,106.588004144,185.776982794
853,1,270,positive,0.138092372237,-0.213921264041,0.153837994357,138.092372237,-213.921264041,153.837994357,106.429858083,106.429858083,184.72399438
854,0,270,positive,0.138092372237,-0.214079410102,0.154890982772,138.092372237,-214.079410102,154.890982772,106.588004144,106.588004144,185.776982794
854,1,270,positive,0.138092372237,-0.214246214683,0.155635541695,138.092372237,-214.246214683,155.635541695,106.754808725,106.754808725,186.521541717
855,0,270,positive,0.138092372237,-0.2142732329,0.155745858363,138.092372237,-214.2732329,155.745858363,106.781826942,106.781826942,186.631858385
855,1,270,positive,0.138092372237,-0.214246214683,0.155635541695,138.092372237,-214.246214683,155.635541695,106.754808725,106.754808725,186.521541717
856,0,270,positive,0.138092372237,-0.213228213724,0.150015523842,138.092372237,-213.228213724,150.015523842,105.736807766,105.736807766,180.901523864
856,1,270,positive,0.138092372237,-0.213302797805,0.150501364816,138.092372237,-213.302797805,150.501364816,105.811391847,105.811391847,181.387364838
857,0,270,positive,0.138092372237,-0.213460078095,0.151485740698,138.092372237,-213.460078095,151.485740698,105.968672137,105.968672137,182.37174072
857,1,270,positive,0.138092372237,-0.213302797805,0.150501364816,138.092372237,-213.302797805,150.501364816,105.811391847,105.811391847,181.387364838
858,0,270,positive,0.138092372237,-0.213460078095,0.151485740698,138.092372237,-213.460078095,151.485740698,105.968672137,105.968672137,182.37174072
858,1,270,positive,0.138092372237,-0.213628849365,0.152375184686,138.092372237,-213.628849365,152.375184686,106.137443407,106.137443407,183.261184708
859,0,270,positive,0.138092372237,-0.213658813403,0.152579527725,138.092372237,-213.658813403,152.579527725,106.167407445,106.167407445,183.465527748
859,1,270,positive,0.138092372237,-0.213628849365,0.152375184686,138.092372237,-213.628849365,152.375184686,106.137443407,106.137443407,183.261184708
860,0,270,positive,0.138092372237,-0.213745883531,0.153022645645,138.092372237,-213.745883531,153.022645645,106.254477573,106.254477573,183.908645668
860,1,270,positive,0.138092372237,-0.213658813403,0.152579527725,138.092372237,-213.658813403,152.579527725,106.167407445,106.167407445,183.465527748
861,0,270,positive,0.138092372237,-0.214278180039,0.155776667349,138.092372237,-214.278180039,155.776667349,106.786774081,106.786774081,186.662667371
861,1,270,positive,0.138092372237,-0.2142732329,0.155745858363,138.092372237,-214.2732329,155.745858363,106.781826942,106.781826942,186.631858385
862,0,270,positive,0.138092372237,-0.214279441871,0.155789237266,138.092372237,-214.279441871,155.789237266,106.788035913,106.788035913,186.675237288
862,1,270,positive,0.138092372237,-0.214278180039,0.155776667349,138.092372237,-214.278180039,155.776667349,106.786774081,106.786774081,186.662667371
863,0,270,positive,0.138092372237,-0.214651453857,0.158307773388,138.092372237,-214.651453857,158.307773388,107.160047899,107.160047899,189.19377341
863,1,270,positive,0.138092372237,-0.214752923356,0.158797341095,138.092372237,-214.752923356,158.797341095,107.261517398,107.261517398,189.683341118
864,0,270,positive,0.138092372237,-0.214752923356,0.158797341095,138.092372237,-214.752923356,158.797341095,107.261517398,107.261517398,189.683341118
864,1,270,positive,0.138092372237,-0.214860724537,0.159545104056,138.092372237,-214.860724537,159.545104056,107.369318579,107.369318579,190.431104079
865,0,270,positive,0.138092372237,-0.214279441871,0.155789237266,138.092372237,-214.279441871,155.789237266,106.788035913,106.788035913,186.675237288
865,1,270,positive,0.138092372237,-0.214598368397,0.157945810636,138.092372237,-214.598368397,157.945810636,107.106962439,107.106962439,188.831810659
866,0,270,positive,0.138092372237,-0.214651453857,0.158307773388,138.092372237,-214.651453857,158.307773388,107.160047899,107.160047899,189.19377341
866,1,270,positive,0.138092372237,-0.214598368397,0.157945810636,138.092372237,-214.598368397,157.945810636,107.106962439,107.106962439,188.831810659
867,0,270,positive,0.138092372237,-0.210857361989,0.139758216515,138.092372237,-210.857361989,139.758216515,103.365956031,103.365956031,170.644216537
867,1,270,positive,0.138092372237,-0.210857110616,0.139757482316,138.092372237,-210.857110616,139.757482316,103.365704658,103.365704658,170.643482338
868,0,270,positive,0.138092372237,-0.208359474209,0.147486932228,138.092372237,-208.359474209,147.486932228,100.868068251,100.868068251,178.372932251
868,1,270,positive,0.138092372237,-0.20836981543,0.147585628648,138.092372237,-208.36981543,147.585628648,100.878409472,100.878409472,178.47162867
869,0,270,positive,0.138092372237,-0.208496686325,0.148603619855,138.092372237,-208.496686325,148.603619855,101.005280367,101.005280367,179.489619878
869,1,270,positive,0.138092372237,-0.20836981543,0.147585628648,138.092372237,-208.36981543,147.585628648,100.878409472,100.878409472,178.47162867
870,0,270,positive,0.138092372237,-0.208496686325,0.148603619855,138.092372237,-208.496686325,148.603619855,101.005280367,101.005280367,179.489619878
870,1,270,positive,0.138092372237,-0.208498040024,0.148625906768,138.092372237,-208.498040024,148.625906768,101.006634066,101.006634066,179.511906791
871,0,270,positive,0.138092372237,-0.208498040024,0.148625906768,138.092372237,-208.498040024,148.625906768,101.006634066,101.006634066,179.511906791
871,1,270,positive,0.138092372237,-0.208502621521,0.148672382669,138.092372237,-208.502621521,148.672382669,101.011215563,101.011215563,179.558382691
872,0,270,positive,0.138092372237,-0.208746306715,0.150005394614,138.092372237,-208.746306715,150.005394614,101.254900757,101.254900757,180.891394636
872,1,270,positive,0.138092372237,-0.208930476941,0.150766153345,138.092372237,-208.930476941,150.766153345,101.439070983,101.439070983,181.652153367
873,0,270,positive,0.138092372237,-0.209040937905,0.152532963431,138.092372237,-209.040937905,152.532963431,101.549531947,101.549531947,183.418963453
873,1,270,positive,0.138092372237,-0.209006984521,0.152445487107,138.092372237,-209.006984521,152.445487107,101.515578563,101.515578563,183.331487129
874,0,270,positive,0.138092372237,-0.208930476941,0.150766153345,138.092372237,-208.930476941,150.766153345,101.439070983,101.439070983,181.652153367
874,1,270,positive,0.138092372237,-0.208991039243,0.152142854535,138.092372237,-208.991039243,152.142854535,101.499633285,101.499633285,183.028854558
875,0,270,positive,0.138092372237,-0.209006984521,0.152445487107,138.092372237,-209.006984521,152.445487107,101.515578563,101.515578563,183.331487129
875,1,270,positive,0.138092372237,-0.208991039243,0.152142854535,138.092372237,-208.991039243,152.142854535,101.499633285,101.499633285,183.028854558
876,0,270,positive,0.138092372237,-0.209419261569,0.153746223545,138.092372237,-209.419261569,153.746223545,101.927855611,101.927855611,184.632223568
876,1,270,positive,0.138092372237,-0.209419751147,0.153688366334,138.092372237,-209.419751147,153.688366334,101.928345189,101.928345189,184.574366356
877,0,270,positive,0.138092372237,-0.209042460141,0.152579627472,138.092372237,-209.042460141,152.579627472,101.551054183,101.551054183,183.465627494
877,1,270,positive,0.138092372237,-0.209419751147,0.153688366334,138.092372237,-209.419751147,153.688366334,101.928345189,101.928345189,184.574366356
878,0,270,positive,0.138092372237,-0.209042460141,0.152579627472,138.092372237,-209.042460141,152.579627472,101.551054183,101.551054183,183.465627494
878,1,270,positive,0.138092372237,-0.209040937905,0.152532963431,138.092372237,-209.040937905,152.532963431,101.549531947,101.549531947,183.418963453
879,0,270,positive,0.138092372237,-0.209451481486,0.153952241305,138.092372237,-209.451481486,153.952241305,101.960075528,101.960075528,184.838241327
879,1,270,positive,0.138092372237,-0.209419261569,0.153746223545,138.092372237,-209.419261569,153.746223545,101.927855611,101.927855611,184.632223568
880,0,270,positive,0.138092372237,-0.209451481486,0.153952241305,138.092372237,-209.451481486,153.952241305,101.960075528,101.960075528,184.838241327
880,1,270,positive,0.138092372237,-0.209574853054,0.154549908158,138.092372237,-209.574853054,154.549908158,102.083447096,102.083447096,185.43590818
881,0,270,positive,0.138092372237,-0.209758601977,0.155721583363,138.092372237,-209.758601977,155.721583363,102.267196019,102.267196019,186.607583385
881,1,270,positive,0.138092372237,-0.209574853054,0.154549908158,138.092372237,-209.574853054,154.549908158,102.083447096,102.083447096,185.43590818
882,0,270,positive,0.138092372237,-0.209758601977,0.155721583363,138.092372237,-209.758601977,155.721583363,102.267196019,102.267196019,186.607583385
882,1,270,positive,0.138092372237,-0.209781713175,0.15597363426,138.092372237,-209.781713175,155.97363426,102.290307217,102.290307217,186.859634282
883,0,270,positive,0.138092372237,-0.209910703071,0.156375356842,138.092372237,-209.910703071,156.375356842,102.419297113,102.419297113,187.261356864
883,1,270,positive,0.138092372237,-0.209781713175,0.15597363426,138.092372237,-209.781713175,155.97363426,102.290307217,102.290307217,186.859634282
884,0,270,positive,0.138092372237,-0.209910703071,0.156375356842,138.092372237,-209.910703071,156.375356842,102.419297113,102.419297113,187.261356864
884,1,270,positive,0.138092372237,-0.209939331902,0.156557111328,138.092372237,-209.939331902,156.557111328,102.447925944,102.447925944,187.44311135
885,0,270,positive,0.138092372237,-0.210176318541,0.157345224346,138.092372237,-210.176318541,157.345224346,102.684912583,102.684912583,188.231224369
885,1,270,positive,0.138092372237,-0.210102522492,0.157099538326,138.092372237,-210.102522492,157.099538326,102.611116534,102.611116534,187.985538349
886,0,270,positive,0.138092372237,-0.209939331902,0.156557111328,138.092372237,-209.939331902,156.557111328,102.447925944,102.447925944,187.44311135
886,1,270,positive,0.138092372237,-0.209982123601,0.156740716443,138.092372237,-209.982123601,156.740716443,102.490717643,102.490717643,187.626716465
887,0,270,positive,0.138092372237,-0.209982123601,0.156740716443,138.092372237,-209.982123601,156.740716443,102.490717643,102.490717643,187.626716465
887,1,270,positive,0.138092372237,-0.210102522492,0.157099538326,138.092372237,-210.102522492,157.099538326,102.611116534,102.611116534,187.985538349
888,0,270,positive,0.138092372237,-0.210155840494,0.157532096276,138.092372237,-210.155840494,157.532096276,102.664434536,102.664434536,188.418096299
888,1,270,positive,0.138092372237,-0.210176318541,0.157345224346,138.092372237,-210.176318541,157.345224346,102.684912583,102.684912583,188.231224369
889,0,270,positive,0.138092372237,-0.210155840494,0.157532096276,138.092372237,-210.155840494,157.532096276,102.664434536,102.664434536,188.418096299
889,1,270,positive,0.138092372237,-0.210092425371,0.158266572265,138.092372237,-210.092425371,158.266572265,102.601019413,102.601019413,189.152572287
890,0,270,positive,0.138092372237,-0.210157269319,0.158518027276,138.092372237,-210.157269319,158.518027276,102.665863361,102.665863361,189.404027298
890,1,270,positive,0.138092372237,-0.210092425371,0.158266572265,138.092372237,-210.092425371,158.266572265,102.601019413,102.601019413,189.152572287
891,0,270,positive,0.138092372237,-0.210157269319,0.158518027276,138.092372237,-210.157269319,158.518027276,102.665863361,102.665863361,189.404027298
891,1,270,positive,0.138092372237,-0.210279305853,0.158858606271,138.092372237,-210.279305853,158.858606271,102.787899895,102.787899895,189.744606293
892,0,270,positive,0.138092372237,-0.210303920279,0.159148125392,138.092372237,-210.303920279,159.148125392,102.812514321,102.812514321,190.034125415
892,1,270,positive,0.138092372237,-0.210279305853,0.158858606271,138.092372237,-210.279305853,158.858606271,102.787899895,102.787899895,189.744606293
893,0,270,positive,0.138092372237,-0.210303920279,0.159148125392,138.092372237,-210.303920279,159.148125392,102.812514321,102.812514321,190.034125415
893,1,270,positive,0.138092372237,-0.210343678234,0.159470526112,138.092372237,-210.343678234,159.470526112,102.852272276,102.852272276,190.356526134
894,0,270,positive,0.138092372237,-0.21045520999,0.159960318512,138.092372237,-210.45520999,159.960318512,102.963804032,102.963804032,190.846318534
894,1,270,positive,0.138092372237,-0.210343678234,0.159470526112,138.092372237,-210.343678234,159.470526112,102.852272276,102.852272276,190.356526134
895,0,270,positive,0.138092372237,-0.215794505423,0.164867843881,138.092372237,-215.794505423,164.867843881,108.303099465,108.303099465,195.753843903
895,1,270,positive,0.138092372237,-0.215798747229,0.164897547658,138.092372237,-215.798747229,164.897547658,108.307341271,108.307341271,195.78354768
896,0,270,positive,0.138092372237,-0.215798747229,0.164897547658,138.092372237,-215.798747229,164.897547658,108.307341271,108.307341271,195.78354768
896,1,270,positive,0.138092372237,-0.21580665044,0.164936779103,138.092372237,-215.80665044,164.936779103,108.315244482,108.315244482,195.822779125
897,0,270,positive,0.138092372237,-0.210612914768,0.160782061954,138.092372237,-210.612914768,160.782061954,103.121508811,103.121508811,191.668061976
897,1,270,positive,0.138092372237,-0.210602121229,0.160702822708,138.092372237,-210.602121229,160.702822708,103.110715271,103.110715271,191.58882273
898,0,270,positive,0.138092372237,-0.210675012814,0.161398602262,138.092372237,-210.675012814,161.398602262,103.183606856,103.183606856,192.284602285
898,1,270,positive,0.138092372237,-0.210611259203,0.160849803296,138.092372237,-210.611259203,160.849803296,103.119853245,103.119853245,191.735803318
899,0,270,positive,0.138092372237,-0.210611259203,0.160849803296,138.092372237,-210.611259203,160.849803296,103.119853245,103.119853245,191.735803318
899,1,270,positive,0.138092372237,-0.210612914768,0.160782061954,138.092372237,-210.612914768,160.782061954,103.121508811,103.121508811,191.668061976
900,0,270,positive,0.138092372237,-0.210875524281,0.163024331499,138.092372237,-210.875524281,163.024331499,103.384118323,103.384118323,193.910331521
900,1,270,positive,0.138092372237,-0.210686774315,0.16150505913,138.092372237,-210.686774315,161.50505913,103.195368357,103.195368357,192.391059152
901,0,270,positive,0.138092372237,-0.21094007782,0.163319101578,138.092372237,-210.94007782,163.319101578,103.448671862,103.448671862,194.205101601
901,1,270,positive,0.138092372237,-0.210875524281,0.163024331499,138.092372237,-210.875524281,163.024331499,103.384118323,103.384118323,193.910331521
902,0,270,positive,0.138092372237,-0.21094007782,0.163319101578,138.092372237,-210.94007782,163.319101578,103.448671862,103.448671862,194.205101601
902,1,270,positive,0.138092372237,-0.210935964714,0.163859288838,138.092372237,-210.935964714,163.859288838,103.444558756,103.444558756,194.74528886
903,0,270,positive,0.138092372237,-0.211065991361,0.164449126918,138.092372237,-211.065991361,164.449126918,103.574585403,103.574585403,195.33512694
903,1,270,positive,0.138092372237,-0.210935964714,0.163859288838,138.092372237,-210.935964714,163.859288838,103.444558756,103.444558756,194.74528886
904,0,270,positive,0.138092372237,-0.214860724537,0.159545104056,138.092372237,-214.860724537,159.545104056,107.369318579,107.369318579,190.431104079
904,1,270,positive,0.138092372237,-0.21494188358,0.160202158652,138.092372237,-214.94188358,160.202158652,107.450477622,107.450477622,191.088158675
905,0,270,positive,0.138092372237,-0.215671200641,0.16423564245,138.092372237,-215.671200641,164.23564245,108.179794683,108.179794683,195.121642472
905,1,270,positive,0.138092372237,-0.215794505423,0.164867843881,138.092372237,-215.794505423,164.867843881,108.303099465,108.303099465,195.753843903
906,0,270,positive,0.138092372237,-0.211065991361,0.164449126918,138.092372237,-211.065991361,164.449126918,103.574585403,103.574585403,195.33512694
906,1,270,positive,0.138092372237,-0.211125952225,0.164611366371,138.092372237,-211.125952225,164.611366371,103.634546267,103.634546267,195.497366393
907,0,270,positive,0.138092372237,-0.211125952225,0.164611366371,138.092372237,-211.125952225,164.611366371,103.634546267,103.634546267,195.497366393
907,1,270,positive,0.138092372237,-0.211213565276,0.165110615722,138.092372237,-211.213565276,165.110615722,103.722159318,103.722159318,195.996615744
908,0,270,positive,0.138092372237,-0.211245752642,0.165462374626,138.092372237,-211.245752642,165.462374626,103.754346684,103.754346684,196.348374648
908,1,270,positive,0.138092372237,-0.211213565276,0.165110615722,138.092372237,-211.213565276,165.110615722,103.722159318,103.722159318,195.996615744
909,0,270,positive,0.138092372237,-0.211184030741,0.165842202753,138.092372237,-211.184030741,165.842202753,103.692624783,103.692624783,196.728202775
909,1,270,positive,0.138092372237,-0.211245752642,0.165462374626,138.092372237,-211.245752642,165.462374626,103.754346684,103.754346684,196.348374648
910,0,270,positive,0.138092372237,-0.211184030741,0.165842202753,138.092372237,-211.184030741,165.842202753,103.692624783,103.692624783,196.728202775
910,1,270,positive,0.138092372237,-0.211254019883,0.166138699138,138.092372237,-211.254019883,166.138699138,103.762613925,103.762613925,197.02469916
911,0,270,positive,0.138092372237,-0.211485156931,0.167681099132,138.092372237,-211.485156931,167.681099132,103.993750973,103.993750973,198.567099154
911,1,270,positive,0.138092372237,-0.211464478326,0.167620235601,138.092372237,-211.464478326,167.620235601,103.973072368,103.973072368,198.506235623
912,0,270,positive,0.138092372237,-0.211269693461,0.166438468903,138.092372237,-211.269693461,166.438468903,103.778287503,103.778287503,197.324468926
912,1,270,positive,0.138092372237,-0.211254019883,0.166138699138,138.092372237,-211.254019883,166.138699138,103.762613925,103.762613925,197.02469916
913,0,270,positive,0.138092372237,-0.211269693461,0.166438468903,138.092372237,-211.269693461,166.438468903,103.778287503,103.778287503,197.324468926
913,1,270,positive,0.138092372237,-0.211464478326,0.167620235601,138.092372237,-211.464478326,167.620235601,103.973072368,103.973072368,198.506235623
914,0,270,positive,0.138092372237,-0.211486852005,0.167698754021,138.092372237,-211.486852005,167.698754021,103.995446047,103.995446047,198.584754043
914,1,270,positive,0.138092372237,-0.211620853498,0.168244959547,138.092372237,-211.620853498,168.244959547,104.12944754,104.12944754,199.130959569
915,0,270,positive,0.138092372237,-0.211486852005,0.167698754021,138.092372237,-211.486852005,167.698754021,103.995446047,103.995446047,198.584754043
915,1,270,positive,0.138092372237,-0.211485156931,0.167681099132,138.092372237,-211.485156931,167.681099132,103.993750973,103.993750973,198.567099154
916,0,270,positive,0.138092372237,-0.211685200195,0.169130121739,138.092372237,-211.685200195,169.130121739,104.193794237,104.193794237,200.016121761
916,1,270,positive,0.138092372237,-0.211620853498,0.168244959547,138.092372237,-211.620853498,168.244959547,104.12944754,104.12944754,199.130959569
917,0,270,positive,0.138092372237,-0.211685200195,0.169130121739,138.092372237,-211.685200195,169.130121739,104.193794237,104.193794237,200.016121761
917,1,270,positive,0.138092372237,-0.211690793391,0.169240404251,138.092372237,-211.690793391,169.240404251,104.199387433,104.199387433,200.126404274
918,0,270,positive,0.138092372237,-0.215061141981,0.160849056751,138.092372237,-215.061141981,160.849056751,107.569736023,107.569736023,191.735056773
918,1,270,positive,0.138092372237,-0.215259680745,0.161830798305,138.092372237,-215.259680745,161.830798305,107.768274787,107.768274787,192.716798328
919,0,270,positive,0.138092372237,-0.215061141981,0.160849056751,138.092372237,-215.061141981,160.849056751,107.569736023,107.569736023,191.735056773
919,1,270,positive,0.138092372237,-0.21494188358,0.160202158652,138.092372237,-214.94188358,160.202158652,107.450477622,107.450477622,191.088158675
920,0,270,positive,0.138092372237,-0.215259680745,0.161830798305,138.092372237,-215.259680745,161.830798305,107.768274787,107.768274787,192.716798328
920,1,270,positive,0.138092372237,-0.215562827159,0.163664829433,138.092372237,-215.562827159,163.664829433,108.071421201,108.071421201,194.550829456
921,0,270,positive,0.138092372237,-0.215575810688,0.163736159411,138.092372237,-215.575810688,163.736159411,108.08440473,108.08440473,194.622159433
921,1,270,positive,0.138092372237,-0.215562827159,0.163664829433,138.092372237,-215.562827159,163.664829433,108.071421201,108.071421201,194.550829456
922,0,270,positive,0.138092372237,-0.215583241836,0.163782530689,138.092372237,-215.583241836,163.782530689,108.091835878,108.091835878,194.668530711
922,1,270,positive,0.138092372237,-0.215575810688,0.163736159411,138.092372237,-215.575810688,163.736159411,108.08440473,108.08440473,194.622159433
923,0,270,positive,0.138092372237,-0.215671200641,0.16423564245,138.092372237,-215.671200641,164.23564245,108.179794683,108.179794683,195.121642472
923,1,270,positive,0.138092372237,-0.215583241836,0.163782530689,138.092372237,-215.583241836,163.782530689,108.091835878,108.091835878,194.668530711
924,0,270,positive,0.138092372237,-0.21580665044,0.164936779103,138.092372237,-215.80665044,164.936779103,108.315244482,108.315244482,195.822779125
924,1,270,positive,0.138092372237,-0.215812649091,0.164986163965,138.092372237,-215.812649091,164.986163965,108.321243133,108.321243133,195.872163987
925,0,270,positive,0.138092372237,-0.215812649091,0.164986163965,138.092372237,-215.812649091,164.986163965,108.321243133,108.321243133,195.872163987
925,1,270,positive,0.138092372237,-0.215855961547,0.165275925073,138.092372237,-215.855961547,165.275925073,108.364555589,108.364555589,196.161925096
926,0,270,positive,0.138092372237,-0.216064880409,0.166611126012,138.092372237,-216.064880409,166.611126012,108.573474451,108.573474451,197.497126034
926,1,270,positive,0.138092372237,-0.215855961547,0.165275925073,138.092372237,-215.855961547,165.275925073,108.364555589,108.364555589,196.161925096
927,0,270,positive,0.138092372237,-0.216144674596,0.167584117413,138.092372237,-216.144674596,167.584117413,108.653268638,108.653268638,198.470117435
927,1,270,positive,0.138092372237,-0.216064880409,0.166611126012,138.092372237,-216.064880409,166.611126012,108.573474451,108.573474451,197.497126034
928,0,270,positive,0.138092372237,-0.216144674596,0.167584117413,138.092372237,-216.144674596,167.584117413,108.653268638,108.653268638,198.470117435
928,1,270,positive,0.138092372237,-0.21633412072,0.169901246995,138.092372237,-216.33412072,169.901246995,108.842714763,108.842714763,200.787247017
929,0,270,positive,0.138092372237,-0.211832515804,0.17180324674,138.092372237,-211.832515804,171.80324674,104.341109846,104.341109846,202.689246762
929,1,270,positive,0.138092372237,-0.211770199812,0.170899952421,138.092372237,-211.770199812,170.899952421,104.278793854,104.278793854,201.785952443
930,0,270,positive,0.138092372237,-0.211722880899,0.170223587492,138.092372237,-211.722880899,170.223587492,104.231474941,104.231474941,201.109587514
930,1,270,positive,0.138092372237,-0.211690793391,0.169240404251,138.092372237,-211.690793391,169.240404251,104.199387433,104.199387433,200.126404274
931,0,270,positive,0.138092372237,-0.211722880899,0.170223587492,138.092372237,-211.722880899,170.223587492,104.231474941,104.231474941,201.109587514
931,1,270,positive,0.138092372237,-0.211740002231,0.17052909537,138.092372237,-211.740002231,170.52909537,104.248596273,104.248596273,201.415095392
932,0,270,positive,0.138092372237,-0.211740002231,0.17052909537,138.092372237,-211.740002231,170.52909537,104.248596273,104.248596273,201.415095392
932,1,270,positive,0.138092372237,-0.211742530799,0.170630359235,138.092372237,-211.742530799,170.630359235,104.251124841,104.251124841,201.516359257
933,0,270,positive,0.138092372237,-0.211742530799,0.170630359235,138.092372237,-211.742530799,170.630359235,104.251124841,104.251124841,201.516359257
933,1,270,positive,0.138092372237,-0.211770199812,0.170899952421,138.092372237,-211.770199812,170.899952421,104.278793854,104.278793854,201.785952443
934,0,270,positive,0.138092372237,-0.211780038932,0.172461127313,138.092372237,-211.780038932,172.461127313,104.288632974,104.288632974,203.347127335
934,1,270,positive,0.138092372237,-0.211622832142,0.173472276351,138.092372237,-211.622832142,173.472276351,104.131426184,104.131426184,204.358276373
935,0,270,positive,0.138092372237,-0.211780038932,0.172461127313,138.092372237,-211.780038932,172.461127313,104.288632974,104.288632974,203.347127335
935,1,270,positive,0.138092372237,-0.211832515804,0.17180324674,138.092372237,-211.832515804,171.80324674,104.341109846,104.341109846,202.689246762
936,0,270,positive,0.138092372237,-0.211547655171,0.173830688144,138.092372237,-211.547655171,173.830688144,104.056249213,104.056249213,204.716688166
936,1,270,positive,0.138092372237,-0.211622832142,0.173472276351,138.092372237,-211.622832142,173.472276351,104.131426184,104.131426184,204.358276373
937,0,270,positive,0.138092372237,-0.211547655171,0.173830688144,138.092372237,-211.547655171,173.830688144,104.056249213,104.056249213,204.716688166
937,1,270,positive,0.138092372237,-0.211465048915,0.174472539079,138.092372237,-211.465048915,174.472539079,103.973642957,103.973642957,205.358539102
938,0,270,positive,0.138092372237,-0.211450971238,0.174906746433,138.092372237,-211.450971238,174.906746433,103.95956528,103.95956528,205.792746455
938,1,270,positive,0.138092372237,-0.211465048915,0.174472539079,138.092372237,-211.465048915,174.472539079,103.973642957,103.973642957,205.358539102
939,0,270,positive,0.138092372237,-0.2113621528,0.175953272759,138.092372237,-211.3621528,175.953272759,103.870746842,103.870746842,206.839272781
939,1,270,positive,0.138092372237,-0.211408918316,0.175596596061,138.092372237,-211.408918316,175.596596061,103.917512358,103.917512358,206.482596083
940,0,270,positive,0.138092372237,-0.211450971238,0.174906746433,138.092372237,-211.450971238,174.906746433,103.95956528,103.95956528,205.792746455
940,1,270,positive,0.138092372237,-0.211454574448,0.175195781794,138.092372237,-211.454574448,175.195781794,103.96316849,103.96316849,206.081781816
941,0,270,positive,0.138092372237,-0.211454574448,0.175195781794,138.092372237,-211.454574448,175.195781794,103.96316849,103.96316849,206.081781816
941,1,270,positive,0.138092372237,-0.211408918316,0.175596596061,138.092372237,-211.408918316,175.596596061,103.917512358,103.917512358,206.482596083
942,0,270,positive,0.138092372237,-0.211379930091,0.176060898622,138.092372237,-211.379930091,176.060898622,103.888524133,103.888524133,206.946898645
942,1,270,positive,0.138092372237,-0.2113621528,0.175953272759,138.092372237,-211.3621528,175.953272759,103.870746842,103.870746842,206.839272781
943,0,270,positive,0.138092372237,-0.211531018348,0.176481686276,138.092372237,-211.531018348,176.481686276,104.03961239,104.03961239,207.367686299
943,1,270,positive,0.138092372237,-0.211379930091,0.176060898622,138.092372237,-211.379930091,176.060898622,103.888524133,103.888524133,206.946898645
944,0,270,positive,0.138092372237,-0.211531018348,0.176481686276,138.092372237,-211.531018348,176.481686276,104.03961239,104.03961239,207.367686299
944,1,270,positive,0.138092372237,-0.211563789575,0.176594649061,138.092372237,-211.563789575,176.594649061,104.072383617,104.072383617,207.480649083
945,0,270,positive,0.138092372237,-0.211511677213,0.177463443363,138.092372237,-211.511677213,177.463443363,104.020271255,104.020271255,208.349443385
945,1,270,positive,0.138092372237,-0.211540604925,0.177030511127,138.092372237,-211.540604925,177.030511127,104.049198967,104.049198967,207.91651115
946,0,270,positive,0.138092372237,-0.211512171791,0.177537385607,138.092372237,-211.512171791,177.537385607,104.020765833,104.020765833,208.42338563
946,1,270,positive,0.138092372237,-0.211511677213,0.177463443363,138.092372237,-211.511677213,177.463443363,104.020271255,104.020271255,208.349443385
947,0,270,positive,0.138092372237,-0.211493011896,0.178750970575,138.092372237,-211.493011896,178.750970575,104.001605938,104.001605938,209.636970597
947,1,270,positive,0.138092372237,-0.211492627165,0.178742039092,138.092372237,-211.492627165,178.742039092,104.001221207,104.001221207,209.628039115
948,0,270,positive,0.138092372237,-0.211489030569,0.178780669763,138.092372237,-211.489030569,178.780669763,103.997624611,103.997624611,209.666669785
948,1,270,positive,0.138092372237,-0.211493011896,0.178750970575,138.092372237,-211.493011896,178.750970575,104.001605938,104.001605938,209.636970597
949,0,270,positive,0.138092372237,-0.211563789575,0.176594649061,138.092372237,-211.563789575,176.594649061,104.072383617,104.072383617,207.480649083
949,1,270,positive,0.138092372237,-0.211540604925,0.177030511127,138.092372237,-211.540604925,177.030511127,104.049198967,104.049198967,207.91651115
950,0,270,positive,0.138092372237,-0.211512171791,0.177537385607,138.092372237,-211.512171791,177.537385607,104.020765833,104.020765833,208.42338563
950,1,270,positive,0.138092372237,-0.211482373182,0.177966496356,138.092372237,-211.482373182,177.966496356,103.990967224,103.990967224,208.852496379
951,0,270,positive,0.138092372237,-0.211482373182,0.177966496356,138.092372237,-211.482373182,177.966496356,103.990967224,103.990967224,208.852496379
951,1,270,positive,0.138092372237,-0.211492627165,0.178742039092,138.092372237,-211.492627165,178.742039092,104.001221207,104.001221207,209.628039115
952,0,270,positive,0.138092372237,-0.216356852809,0.170143816994,138.092372237,-216.356852809,170.143816994,108.865446851,108.865446851,201.029817016
952,1,270,positive,0.138092372237,-0.216535897268,0.172149617791,138.092372237,-216.535897268,172.149617791,109.04449131,109.04449131,203.035617814
953,0,270,positive,0.138092372237,-0.216897575992,0.17726787541,138.092372237,-216.897575992,177.26787541,109.406170034,109.406170034,208.153875432
953,1,270,positive,0.138092372237,-0.216930759182,0.178067708833,138.092372237,-216.930759182,178.067708833,109.439353224,109.439353224,208.953708855
954,0,270,positive,0.138092372237,-0.216947328848,0.178706075981,138.092372237,-216.947328848,178.706075981,109.45592289,109.45592289,209.592076003
954,1,270,positive,0.138092372237,-0.216952878186,0.179445735102,138.092372237,-216.952878186,179.445735102,109.461472228,109.461472228,210.331735124
955,0,270,positive,0.138092372237,-0.216952878186,0.179445735102,138.092372237,-216.952878186,179.445735102,109.461472228,109.461472228,210.331735124
955,1,270,positive,0.138092372237,-0.216885103592,0.179791539833,138.092372237,-216.885103592,179.791539833,109.393697634,109.393697634,210.677539855
956,0,270,positive,0.138092372237,-0.216947328848,0.178706075981,138.092372237,-216.947328848,178.706075981,109.45592289,109.45592289,209.592076003
956,1,270,positive,0.138092372237,-0.216930759182,0.178067708833,138.092372237,-216.930759182,178.067708833,109.439353224,109.439353224,208.953708855
957,0,270,positive,0.138092372237,-0.216343758295,0.170013788182,138.092372237,-216.343758295,170.013788182,108.852352337,108.852352337,200.899788205
957,1,270,positive,0.138092372237,-0.21633412072,0.169901246995,138.092372237,-216.33412072,169.901246995,108.842714763,108.842714763,200.787247017
958,0,270,positive,0.138092372237,-0.216535897268,0.172149617791,138.092372237,-216.535897268,172.149617791,109.04449131,109.04449131,203.035617814
958,1,270,positive,0.138092372237,-0.216596155504,0.172625280418,138.092372237,-216.596155504,172.625280418,109.104749546,109.104749546,203.51128044
959,0,270,positive,0.138092372237,-0.216356852809,0.170143816994,138.092372237,-216.356852809,170.143816994,108.865446851,108.865446851,201.029817016
959,1,270,positive,0.138092372237,-0.216343758295,0.170013788182,138.092372237,-216.343758295,170.013788182,108.852352337,108.852352337,200.899788205
960,0,270,positive,0.138092372237,-0.216596155504,0.172625280418,138.092372237,-216.596155504,172.625280418,109.104749546,109.104749546,203.51128044
960,1,270,positive,0.138092372237,-0.216642546329,0.173662443906,138.092372237,-216.642546329,173.662443906,109.151140371,109.151140371,204.548443928
961,0,270,positive,0.138092372237,-0.216678539949,0.17413447786,138.092372237,-216.678539949,174.13447786,109.187133991,109.187133991,205.020477883
961,1,270,positive,0.138092372237,-0.216642546329,0.173662443906,138.092372237,-216.642546329,173.662443906,109.151140371,109.151140371,204.548443928
962,0,270,positive,0.138092372237,-0.216701510373,0.174575618061,138.092372237,-216.701510373,174.575618061,109.210104415,109.210104415,205.461618083
962,1,270,positive,0.138092372237,-0.216678539949,0.17413447786,138.092372237,-216.678539949,174.13447786,109.187133991,109.187133991,205.020477883
963,0,270,positive,0.138092372237,-0.216701510373,0.174575618061,138.092372237,-216.701510373,174.575618061,109.210104415,109.210104415,205.461618083
963,1,270,positive,0.138092372237,-0.216804956935,0.175888118121,138.092372237,-216.804956935,175.888118121,109.313550977,109.313550977,206.774118144
964,0,270,positive,0.138092372237,-0.216897575992,0.17726787541,138.092372237,-216.897575992,177.26787541,109.406170034,109.406170034,208.153875432
964,1,270,positive,0.138092372237,-0.216804956935,0.175888118121,138.092372237,-216.804956935,175.888118121,109.313550977,109.313550977,206.774118144
965,0,270,positive,0.138092372237,-0.21045520999,0.159960318512,138.092372237,-210.45520999,159.960318512,102.963804032,102.963804032,190.846318534
965,1,270,positive,0.138092372237,-0.210602121229,0.160702822708,138.092372237,-210.602121229,160.702822708,103.110715271,103.110715271,191.58882273
966,0,270,positive,0.138092372237,-0.210675012814,0.161398602262,138.092372237,-210.675012814,161.398602262,103.183606856,103.183606856,192.284602285
966,1,270,positive,0.138092372237,-0.210679130657,0.161449394049,138.092372237,-210.679130657,161.449394049,103.187724699,103.187724699,192.335394071
967,0,270,positive,0.138092372237,-0.210681730159,0.161467613875,138.092372237,-210.681730159,161.467613875,103.190324201,103.190324201,192.353613898
967,1,270,positive,0.138092372237,-0.210683485056,0.161468736293,138.092372237,-210.683485056,161.468736293,103.192079098,103.192079098,192.354736315
968,0,270,positive,0.138092372237,-0.210679130657,0.161449394049,138.092372237,-210.679130657,161.449394049,103.187724699,103.187724699,192.335394071
968,1,270,positive,0.138092372237,-0.210681730159,0.161467613875,138.092372237,-210.681730159,161.467613875,103.190324201,103.190324201,192.353613898
969,0,270,positive,0.138092372237,-0.210683485056,0.161468736293,138.092372237,-210.683485056,161.468736293,103.192079098,103.192079098,192.354736315
969,1,270,positive,0.138092372237,-0.210686774315,0.16150505913,138.092372237,-210.686774315,161.50505913,103.195368357,103.195368357,192.391059152
970,0,270,positive,0.138092372237,-0.197382195819,0.216988282071,138.092372237,-197.382195819,216.988282071,89.8907898607,89.8907898607,247.874282093
970,1,270,positive,0.138092372237,-0.198295795999,0.215824372177,138.092372237,-198.295795999,215.824372177,90.8043900412,90.8043900412,246.710372199
971,0,270,positive,0.138092372237,-0.198727928295,0.215263147436,138.092372237,-198.727928295,215.263147436,91.2365223374,91.2365223374,246.149147458
971,1,270,positive,0.138092372237,-0.198594085667,0.21540736286,138.092372237,-198.594085667,215.40736286,91.1026797091,91.1026797091,246.293362882
972,0,270,positive,0.138092372237,-0.198594085667,0.21540736286,138.092372237,-198.594085667,215.40736286,91.1026797091,91.1026797091,246.293362882
972,1,270,positive,0.138092372237,-0.198295795999,0.215824372177,138.092372237,-198.295795999,215.824372177,90.8043900412,90.8043900412,246.710372199
973,0,270,positive,0.138092372237,-0.197319115779,0.217216151261,138.092372237,-197.319115779,217.216151261,89.8277098211,89.8277098211,248.102151284
973,1,270,positive,0.138092372237,-0.197382195819,0.216988282071,138.092372237,-197.382195819,216.988282071,89.8907898607,89.8907898607,247.874282093
974,0,270,positive,0.138092372237,-0.197221507964,0.217629480837,138.092372237,-197.221507964,217.629480837,89.7301020055,89.7301020055,248.515480859
974,1,270,positive,0.138092372237,-0.197319115779,0.217216151261,138.092372237,-197.319115779,217.216151261,89.8277098211,89.8277098211,248.102151284
975,0,270,positive,0.138092372237,-0.196681790082,0.21845639802,138.092372237,-196.681790082,218.45639802,89.1903841237,89.1903841237,249.342398042
975,1,270,positive,0.138092372237,-0.19711949307,0.217810006651,138.092372237,-197.11949307,217.810006651,89.6280871118,89.6280871118,248.696006673
976,0,270,positive,0.138092372237,-0.197221507964,0.217629480837,138.092372237,-197.221507964,217.629480837,89.7301020055,89.7301020055,248.515480859
976,1,270,positive,0.138092372237,-0.197180065911,0.217701832943,138.092372237,-197.180065911,217.701832943,89.6886599526,89.6886599526,248.587832966
977,0,270,positive,0.138092372237,-0.197180065911,0.217701832943,138.092372237,-197.180065911,217.701832943,89.6886599526,89.6886599526,248.587832966
977,1,270,positive,0.138092372237,-0.19711949307,0.217810006651,138.092372237,-197.11949307,217.810006651,89.6280871118,89.6280871118,248.696006673
978,0,270,positive,0.138092372237,-0.196554783802,0.218707666668,138.092372237,-196.554783802,218.707666668,89.0633778443,89.0633778443,249.59366669
978,1,270,positive,0.138092372237,-0.196681790082,0.21845639802,138.092372237,-196.681790082,218.45639802,89.1903841237,89.1903841237,249.342398042
979,0,270,positive,0.138092372237,-0.196521164752,0.218825608956,138.092372237,-196.521164752,218.825608956,89.0297587935,89.0297587935,249.711608979
979,1,270,positive,0.138092372237,-0.196554783802,0.218707666668,138.092372237,-196.554783802,218.707666668,89.0633778443,89.0633778443,249.59366669
980,0,270,positive,0.138092372237,-0.196521164752,0.218825608956,138.092372237,-196.521164752,218.825608956,89.0297587935,89.0297587935,249.711608979
980,1,270,positive,0.138092372237,-0.19612444233,0.219680359302,138.092372237,-196.12444233,219.680359302,88.633036372,88.633036372,250.566359325
981,0,270,positive,0.138092372237,-0.195838980368,0.221197714612,138.092372237,-195.838980368,221.197714612,88.3475744103,88.3475744103,252.083714634
981,1,270,positive,0.138092372237,-0.195873615736,0.220747061674,138.092372237,-195.873615736,220.747061674,88.382209778,88.382209778,251.633061697
982,0,270,positive,0.138092372237,-0.196068153934,0.219860365034,138.092372237,-196.068153934,219.860365034,88.576747976,88.576747976,250.746365056
982,1,270,positive,0.138092372237,-0.19612444233,0.219680359302,138.092372237,-196.12444233,219.680359302,88.633036372,88.633036372,250.566359325
983,0,270,positive,0.138092372237,-0.196068153934,0.219860365034,138.092372237,-196.068153934,219.860365034,88.576747976,88.576747976,250.746365056
983,1,270,positive,0.138092372237,-0.195977751151,0.220141886863,138.092372237,-195.977751151,220.141886863,88.4863451928,88.4863451928,251.027886885
984,0,270,positive,0.138092372237,-0.195977751151,0.220141886863,138.092372237,-195.977751151,220.141886863,88.4863451928,88.4863451928,251.027886885
984,1,270,positive,0.138092372237,-0.195873615736,0.220747061674,138.092372237,-195.873615736,220.747061674,88.382209778,88.382209778,251.633061697
985,0,270,positive,0.138092372237,-0.195838980368,0.221197714612,138.092372237,-195.838980368,221.197714612,88.3475744103,88.3475744103,252.083714634
985,1,270,positive,0.138092372237,-0.195842082799,0.221473193637,138.092372237,-195.842082799,221.473193637,88.3506768412,88.3506768412,252.35919366
986,0,270,positive,0.138092372237,-0.195779085082,0.222799022179,138.092372237,-195.779085082,222.799022179,88.2876791238,88.2876791238,253.685022201
986,1,270,positive,0.138092372237,-0.195802894186,0.222162252935,138.092372237,-195.802894186,222.162252935,88.3114882279,88.3114882279,253.048252958
987,0,270,positive,0.138092372237,-0.195779085082,0.222799022179,138.092372237,-195.779085082,222.799022179,88.2876791238,88.2876791238,253.685022201
987,1,270,positive,0.138092372237,-0.195813876674,0.223587950466,138.092372237,-195.813876674,223.587950466,88.3224707163,88.3224707163,254.473950489
988,0,270,positive,0.138092372237,-0.195775021434,0.224457435171,138.092372237,-195.775021434,224.457435171,88.2836154758,88.2836154758,255.343435194
988,1,270,positive,0.138092372237,-0.195813876674,0.223587950466,138.092372237,-195.813876674,223.587950466,88.3224707163,88.3224707163,254.473950489
989,0,270,positive,0.138092372237,-0.195746681612,0.225920942841,138.092372237,-195.746681612,225.920942841,88.2552756545,88.2552756545,256.806942863
989,1,270,positive,0.138092372237,-0.195746515621,0.225158219362,138.092372237,-195.746515621,225.158219362,88.2551096629,88.2551096629,256.044219384
990,0,270,positive,0.138092372237,-0.195734925328,0.226217867684,138.092372237,-195.734925328,226.217867684,88.24351937,88.24351937,257.103867707
990,1,270,positive,0.138092372237,-0.195746681612,0.225920942841,138.092372237,-195.746681612,225.920942841,88.2552756545,88.2552756545,256.806942863
991,0,270,positive,0.138092372237,-0.195734925328,0.226217867684,138.092372237,-195.734925328,226.217867684,88.24351937,88.24351937,257.103867707
991,1,270,positive,0.138092372237,-0.195784248132,0.226838970287,138.092372237,-195.784248132,226.838970287,88.2928421739,88.2928421739,257.72497031
992,0,270,positive,0.138092372237,-0.195842082799,0.221473193637,138.092372237,-195.842082799,221.473193637,88.3506768412,88.3506768412,252.35919366
992,1,270,positive,0.138092372237,-0.195802894186,0.222162252935,138.092372237,-195.802894186,222.162252935,88.3114882279,88.3114882279,253.048252958
993,0,270,positive,0.138092372237,-0.195746617001,0.224660696065,138.092372237,-195.746617001,224.660696065,88.2552110427,88.2552110427,255.546696087
993,1,270,positive,0.138092372237,-0.195746515621,0.225158219362,138.092372237,-195.746515621,225.158219362,88.2551096629,88.2551096629,256.044219384
994,0,270,positive,0.138092372237,-0.195775021434,0.224457435171,138.092372237,-195.775021434,224.457435171,88.2836154758,88.2836154758,255.343435194
994,1,270,positive,0.138092372237,-0.195746617001,0.224660696065,138.092372237,-195.746617001,224.660696065,88.2552110427,88.2552110427,255.546696087
995,0,270,positive,0.138092372237,-0.195803610446,0.227290662851,138.092372237,-195.803610446,227.290662851,88.3122044885,88.3122044885,258.176662873
995,1,270,positive,0.138092372237,-0.195784248132,0.226838970287,138.092372237,-195.784248132,226.838970287,88.2928421739,88.2928421739,257.72497031
996,0,270,positive,0.138092372237,-0.195838009033,0.227716127541,138.092372237,-195.838009033,227.716127541,88.3466030748,88.3466030748,258.602127564
996,1,270,positive,0.138092372237,-0.195803610446,0.227290662851,138.092372237,-195.803610446,227.290662851,88.3122044885,88.3122044885,258.176662873
997,0,270,positive,0.138092372237,-0.195838009033,0.227716127541,138.092372237,-195.838009033,227.716127541,88.3466030748,88.3466030748,258.602127564
997,1,270,positive,0.138092372237,-0.195975243536,0.229237783905,138.092372237,-195.975243536,229.237783905,88.4838375777,88.4838375777,260.123783928
998,0,270,positive,0.138092372237,-0.196066965625,0.229944826732,138.092372237,-196.066965625,229.944826732,88.5755596672,88.5755596672,260.830826754
998,1,270,positive,0.138092372237,-0.195975243536,0.229237783905,138.092372237,-195.975243536,229.237783905,88.4838375777,88.4838375777,260.123783928
999,0,270,positive,0.138092372237,-0.196066965625,0.229944826732,138.092372237,-196.066965625,229.944826732,88.5755596672,88.5755596672,260.830826754
999,1,270,positive,0.138092372237,-0.196210216557,0.230772808857,138.092372237,-196.210216557,230.772808857,88.7188105987,88.7188105987,261.658808879
1000,0,270,positive,0.138092372237,-0.196210216557,0.230772808857,138.092372237,-196.210216557,230.772808857,88.7188105987,88.7188105987,261.658808879
1000,1,270,positive,0.138092372237,-0.196394916505,0.231864862236,138.092372237,-196.394916505,231.864862236,88.9035105471,88.9035105471,262.750862258
1001,0,270,positive,0.138092372237,-0.196797365125,0.233547669956,138.092372237,-196.797365125,233.547669956,89.3059591674,89.3059591674,264.433669978
1001,1,270,positive,0.138092372237,-0.196783575574,0.233498272583,138.092372237,-196.783575574,233.498272583,89.2921696164,89.2921696164,264.384272605
1002,0,270,positive,0.138092372237,-0.196475645464,0.23232722229,138.092372237,-196.475645464,232.32722229,88.9842395061,88.9842395061,263.213222312
1002,1,270,positive,0.138092372237,-0.196394916505,0.231864862236,138.092372237,-196.394916505,231.864862236,88.9035105471,88.9035105471,262.750862258
1003,0,270,positive,0.138092372237,-0.196475645464,0.23232722229,138.092372237,-196.475645464,232.32722229,88.9842395061,88.9842395061,263.213222312
1003,1,270,positive,0.138092372237,-0.196783575574,0.233498272583,138.092372237,-196.783575574,233.498272583,89.2921696164,89.2921696164,264.384272605
1004,0,270,positive,0.138092372237,-0.196831883819,0.233611533058,138.092372237,-196.831883819,233.611533058,89.3404778611,89.3404778611,264.49753308
1004,1,270,positive,0.138092372237,-0.196797365125,0.233547669956,138.092372237,-196.797365125,233.547669956,89.3059591674,89.3059591674,264.433669978
1005,0,270,positive,0.138092372237,-0.197222690305,0.234672945049,138.092372237,-197.222690305,234.672945049,89.7312843472,89.7312843472,265.558945072
1005,1,270,positive,0.138092372237,-0.197121119283,0.23423309953,138.092372237,-197.121119283,234.23309953,89.629713325,89.629713325,265.119099552
1006,0,270,positive,0.138092372237,-0.197718903706,0.236083128424,138.092372237,-197.718903706,236.083128424,90.2274977476,90.2274977476,266.969128447
1006,1,270,positive,0.138092372237,-0.19748964384,0.235444010716,138.092372237,-197.48964384,235.444010716,89.998237882,89.998237882,266.330010738
1007,0,270,positive,0.138092372237,-0.196831883819,0.233611533058,138.092372237,-196.831883819,233.611533058,89.3404778611,89.3404778611,264.49753308
1007,1,270,positive,0.138092372237,-0.197121119283,0.23423309953,138.092372237,-197.121119283,234.23309953,89.629713325,89.629713325,265.119099552
1008,0,270,positive,0.138092372237,-0.197222690305,0.234672945049,138.092372237,-197.222690305,234.672945049,89.7312843472,89.7312843472,265.558945072
1008,1,270,positive,0.138092372237,-0.19738037409,0.235192842195,138.092372237,-197.38037409,235.192842195,89.8889681317,89.8889681317,266.078842218
1009,0,270,positive,0.138092372237,-0.19738037409,0.235192842195,138.092372237,-197.38037409,235.192842195,89.8889681317,89.8889681317,266.078842218
1009,1,270,positive,0.138092372237,-0.19748964384,0.235444010716,138.092372237,-197.48964384,235.444010716,89.998237882,89.998237882,266.330010738
1010,0,270,positive,0.138092372237,-0.197846490079,0.23662055517,138.092372237,-197.846490079,236.62055517,90.3550841211,90.3550841211,267.506555193
1010,1,270,positive,0.138092372237,-0.197837733621,0.236577641651,138.092372237,-197.837733621,236.577641651,90.3463276629,90.3463276629,267.463641673
1011,0,270,positive,0.138092372237,-0.197829289928,0.236760855013,138.092372237,-197.829289928,236.760855013,90.3378839698,90.3378839698,267.646855035
1011,1,270,positive,0.138092372237,-0.197846490079,0.23662055517,138.092372237,-197.846490079,236.62055517,90.3550841211,90.3550841211,267.506555193
1012,0,270,positive,0.138092372237,-0.198001919391,0.237458022548,138.092372237,-198.001919391,237.458022548,90.5105134335,90.5105134335,268.34402257
1012,1,270,positive,0.138092372237,-0.197901001108,0.237338691161,138.092372237,-197.901001108,237.338691161,90.4095951497,90.4095951497,268.224691183
1013,0,270,positive,0.138092372237,-0.197718903706,0.236083128424,138.092372237,-197.718903706,236.083128424,90.2274977476,90.2274977476,266.969128447
1013,1,270,positive,0.138092372237,-0.197837733621,0.236577641651,138.092372237,-197.837733621,236.577641651,90.3463276629,90.3463276629,267.463641673
1014,0,270,positive,0.138092372237,-0.197829289928,0.236760855013,138.092372237,-197.829289928,236.760855013,90.3378839698,90.3378839698,267.646855035
1014,1,270,positive,0.138092372237,-0.197813206553,0.237119421399,138.092372237,-197.813206553,237.119421399,90.3218005954,90.3218005954,268.005421422
1015,0,270,positive,0.138092372237,-0.198115526116,0.237507337465,138.092372237,-198.115526116,237.507337465,90.6241201584,90.6241201584,268.393337487
1015,1,270,positive,0.138092372237,-0.198001919391,0.237458022548,138.092372237,-198.001919391,237.458022548,90.5105134335,90.5105134335,268.34402257
1016,0,270,positive,0.138092372237,-0.197863127132,0.237256659879,138.092372237,-197.863127132,237.256659879,90.3717211735,90.3717211735,268.142659901
1016,1,270,positive,0.138092372237,-0.197901001108,0.237338691161,138.092372237,-197.901001108,237.338691161,90.4095951497,90.4095951497,268.224691183
1017,0,270,positive,0.138092372237,-0.197813206553,0.237119421399,138.092372237,-197.813206553,237.119421399,90.3218005954,90.3218005954,268.005421422
1017,1,270,positive,0.138092372237,-0.197840342258,0.237221160173,138.092372237,-197.840342258,237.221160173,90.3489362998,90.3489362998,268.107160195
1018,0,270,positive,0.138092372237,-0.197840342258,0.237221160173,138.092372237,-197.840342258,237.221160173,90.3489362998,90.3489362998,268.107160195
1018,1,270,positive,0.138092372237,-0.197863127132,0.237256659879,138.092372237,-197.863127132,237.256659879,90.3717211735,90.3717211735,268.142659901
1019,0,270,positive,0.138092372237,-0.198115526116,0.237507337465,138.092372237,-198.115526116,237.507337465,90.6241201584,90.6241201584,268.393337487
1019,1,270,positive,0.138092372237,-0.198634352731,0.237734941312,138.092372237,-198.634352731,237.734941312,91.1429467725,91.1429467725,268.620941334
1020,0,270,positive,0.138092372237,-0.211489030569,0.178780669763,138.092372237,-211.489030569,178.780669763,103.997624611,103.997624611,209.666669785
1020,1,270,positive,0.138092372237,-0.211295510429,0.17960663441,138.092372237,-211.295510429,179.60663441,103.804104471,103.804104471,210.492634433
1021,0,270,positive,0.138092372237,-0.211136224096,0.180070803218,138.092372237,-211.136224096,180.070803218,103.644818138,103.644818138,210.95680324
1021,1,270,positive,0.138092372237,-0.211295510429,0.17960663441,138.092372237,-211.295510429,179.60663441,103.804104471,103.804104471,210.492634433
1022,0,270,positive,0.138092372237,-0.211097391115,0.180431418374,138.092372237,-211.097391115,180.431418374,103.605985157,103.605985157,211.317418397
1022,1,270,positive,0.138092372237,-0.211136224096,0.180070803218,138.092372237,-211.136224096,180.070803218,103.644818138,103.644818138,210.95680324
1023,0,270,positive,0.138092372237,-0.211102481653,0.180597859904,138.092372237,-211.102481653,180.597859904,103.611075695,103.611075695,211.483859926
1023,1,270,positive,0.138092372237,-0.211097391115,0.180431418374,138.092372237,-211.097391115,180.431418374,103.605985157,103.605985157,211.317418397
1024,0,270,positive,0.138092372237,-0.211102481653,0.180597859904,138.092372237,-211.102481653,180.597859904,103.611075695,103.611075695,211.483859926
1024,1,270,positive,0.138092372237,-0.211034660528,0.181047488105,138.092372237,-211.034660528,181.047488105,103.54325457,103.54325457,211.933488128
1025,0,270,positive,0.138092372237,-0.21110803143,0.181347836682,138.092372237,-211.10803143,181.347836682,103.616625472,103.616625472,212.233836704
1025,1,270,positive,0.138092372237,-0.211187778403,0.181665203597,138.092372237,-211.187778403,181.665203597,103.696372445,103.696372445,212.551203619
1026,0,270,positive,0.138092372237,-0.21110803143,0.181347836682,138.092372237,-211.10803143,181.347836682,103.616625472,103.616625472,212.233836704
1026,1,270,positive,0.138092372237,-0.211034660528,0.181047488105,138.092372237,-211.034660528,181.047488105,103.54325457,103.54325457,211.933488128
1027,0,270,positive,0.138092372237,-0.211219405007,0.1822093807,138.092372237,-211.219405007,182.2093807,103.727999049,103.727999049,213.095380722
1027,1,270,positive,0.138092372237,-0.211187778403,0.181665203597,138.092372237,-211.187778403,181.665203597,103.696372445,103.696372445,212.551203619
1028,0,270,positive,0.138092372237,-0.210964973205,0.182927712728,138.092372237,-210.964973205,182.927712728,103.473567247,103.473567247,213.81371275
1028,1,270,positive,0.138092372237,-0.211200574045,0.182299835218,138.092372237,-211.200574045,182.299835218,103.709168087,103.709168087,213.18583524
1029,0,270,positive,0.138092372237,-0.21083879856,0.183532016451,138.092372237,-210.83879856,183.532016451,103.347392602,103.347392602,214.418016474
1029,1,270,positive,0.138092372237,-0.210964973205,0.182927712728,138.092372237,-210.964973205,182.927712728,103.473567247,103.473567247,213.81371275
1030,0,270,positive,0.138092372237,-0.211219405007,0.1822093807,138.092372237,-211.219405007,182.2093807,103.727999049,103.727999049,213.095380722
1030,1,270,positive,0.138092372237,-0.211200574045,0.182299835218,138.092372237,-211.200574045,182.299835218,103.709168087,103.709168087,213.18583524
1031,0,270,positive,0.138092372237,-0.210706235996,0.186414939474,138.092372237,-210.706235996,186.414939474,103.214830038,103.214830038,217.300939497
1031,1,270,positive,0.138092372237,-0.210735820575,0.186248834943,138.092372237,-210.735820575,186.248834943,103.244414617,103.244414617,217.134834965
1032,0,270,positive,0.138092372237,-0.210733697939,0.186601666594,138.092372237,-210.733697939,186.601666594,103.242291981,103.242291981,217.487666616
1032,1,270,positive,0.138092372237,-0.210706235996,0.186414939474,138.092372237,-210.706235996,186.414939474,103.214830038,103.214830038,217.300939497
1033,0,270,positive,0.138092372237,-0.21101416036,0.187237843901,138.092372237,-211.01416036,187.237843901,103.522754402,103.522754402,218.123843923
1033,1,270,positive,0.138092372237,-0.210819459359,0.186976210824,138.092372237,-210.819459359,186.976210824,103.328053401,103.328053401,217.862210847
1034,0,270,positive,0.138092372237,-0.211508919308,0.188230899899,138.092372237,-211.508919308,188.230899899,104.01751335,104.01751335,219.116899921
1034,1,270,positive,0.138092372237,-0.211435874371,0.187984994308,138.092372237,-211.435874371,187.984994308,103.944468414,103.944468414,218.87099433
1035,0,270,positive,0.138092372237,-0.21101416036,0.187237843901,138.092372237,-211.01416036,187.237843901,103.522754402,103.522754402,218.123843923
1035,1,270,positive,0.138092372237,-0.21125625103,0.18757333366,138.092372237,-211.25625103,187.57333366,103.764845072,103.764845072,218.459333682
1036,0,270,positive,0.138092372237,-0.211508919308,0.188230899899,138.092372237,-211.508919308,188.230899899,104.01751335,104.01751335,219.116899921
1036,1,270,positive,0.138092372237,-0.211627329691,0.188774596579,138.092372237,-211.627329691,188.774596579,104.135923733,104.135923733,219.660596601
1037,0,270,positive,0.138092372237,-0.21125625103,0.18757333366,138.092372237,-211.25625103,187.57333366,103.764845072,103.764845072,218.459333682
1037,1,270,positive,0.138092372237,-0.211435874371,0.187984994308,138.092372237,-211.435874371,187.984994308,103.944468414,103.944468414,218.87099433
1038,0,270,positive,0.138092372237,-0.216569186278,0.181035629968,138.092372237,-216.569186278,181.035629968,109.07778032,109.07778032,211.92162999
1038,1,270,positive,0.138092372237,-0.21656085,0.181077592331,138.092372237,-216.56085,181.077592331,109.069444042,109.069444042,211.963592353
1039,0,270,positive,0.138092372237,-0.21656085,0.181077592331,138.092372237,-216.56085,181.077592331,109.069444042,109.069444042,211.963592353
1039,1,270,positive,0.138092372237,-0.216564004212,0.181091940635,138.092372237,-216.564004212,181.091940635,109.072598254,109.072598254,211.977940657
1040,0,270,positive,0.138092372237,-0.216476708653,0.184006583573,138.092372237,-216.476708653,184.006583573,108.985302695,108.985302695,214.892583596
1040,1,270,positive,0.138092372237,-0.216451464947,0.184291830206,138.092372237,-216.451464947,184.291830206,108.960058989,108.960058989,215.177830228
1041,0,270,positive,0.138092372237,-0.216451464947,0.184291830206,138.092372237,-216.451464947,184.291830206,108.960058989,108.960058989,215.177830228
1041,1,270,positive,0.138092372237,-0.216409706973,0.184569229961,138.092372237,-216.409706973,184.569229961,108.918301015,108.918301015,215.455229984
1042,0,270,positive,0.138092372237,-0.216865692215,0.180029137397,138.092372237,-216.865692215,180.029137397,109.374286257,109.374286257,210.915137419
1042,1,270,positive,0.138092372237,-0.216675637289,0.180528893845,138.092372237,-216.675637289,180.528893845,109.184231331,109.184231331,211.414893867
1043,0,270,positive,0.138092372237,-0.216865692215,0.180029137397,138.092372237,-216.865692215,180.029137397,109.374286257,109.374286257,210.915137419
1043,1,270,positive,0.138092372237,-0.216885103592,0.179791539833,138.092372237,-216.885103592,179.791539833,109.393697634,109.393697634,210.677539855
1044,0,270,positive,0.138092372237,-0.216569186278,0.181035629968,138.092372237,-216.569186278,181.035629968,109.07778032,109.07778032,211.92162999
1044,1,270,positive,0.138092372237,-0.216628262502,0.180658468555,138.092372237,-216.628262502,180.658468555,109.136856544,109.136856544,211.544468577
1045,0,270,positive,0.138092372237,-0.216628262502,0.180658468555,138.092372237,-216.628262502,180.658468555,109.136856544,109.136856544,211.544468577
1045,1,270,positive,0.138092372237,-0.216675637289,0.180528893845,138.092372237,-216.675637289,180.528893845,109.184231331,109.184231331,211.414893867
1046,0,270,positive,0.138092372237,-0.216555555653,0.181424678931,138.092372237,-216.555555653,181.424678931,109.064149695,109.064149695,212.310678954
1046,1,270,positive,0.138092372237,-0.216623647371,0.181805192194,138.092372237,-216.623647371,181.805192194,109.132241413,109.132241413,212.691192216
1047,0,270,positive,0.138092372237,-0.216555555653,0.181424678931,138.092372237,-216.555555653,181.424678931,109.064149695,109.064149695,212.310678954
1047,1,270,positive,0.138092372237,-0.216564004212,0.181091940635,138.092372237,-216.564004212,181.091940635,109.072598254,109.072598254,211.977940657
1048,0,270,positive,0.138092372237,-0.216627481057,0.181840612822,138.092372237,-216.627481057,181.840612822,109.1360751,109.1360751,212.726612845
1048,1,270,positive,0.138092372237,-0.216623647371,0.181805192194,138.092372237,-216.623647371,181.805192194,109.132241413,109.132241413,212.691192216
1049,0,270,positive,0.138092372237,-0.216638366348,0.182026876601,138.092372237,-216.638366348,182.026876601,109.14696039,109.14696039,212.912876624
1049,1,270,positive,0.138092372237,-0.216647144852,0.182476339785,138.092372237,-216.647144852,182.476339785,109.155738894,109.155738894,213.362339807
1050,0,270,positive,0.138092372237,-0.216647144852,0.182476339785,138.092372237,-216.647144852,182.476339785,109.155738894,109.155738894,213.362339807
1050,1,270,positive,0.138092372237,-0.216625336434,0.182673775455,138.092372237,-216.625336434,182.673775455,109.133930476,109.133930476,213.559775477
1051,0,270,positive,0.138092372237,-0.216476708653,0.184006583573,138.092372237,-216.476708653,184.006583573,108.985302695,108.985302695,214.892583596
1051,1,270,positive,0.138092372237,-0.216625336434,0.182673775455,138.092372237,-216.625336434,182.673775455,109.133930476,109.133930476,213.559775477
1052,0,270,positive,0.138092372237,-0.216633064296,0.181863069558,138.092372237,-216.633064296,181.863069558,109.141658338,109.141658338,212.74906958
1052,1,270,positive,0.138092372237,-0.216627481057,0.181840612822,138.092372237,-216.627481057,181.840612822,109.1360751,109.1360751,212.726612845
1053,0,270,positive,0.138092372237,-0.216638366348,0.182026876601,138.092372237,-216.638366348,182.026876601,109.14696039,109.14696039,212.912876624
1053,1,270,positive,0.138092372237,-0.216633064296,0.181863069558,138.092372237,-216.633064296,181.863069558,109.141658338,109.141658338,212.74906958
1054,0,270,positive,0.138092372237,-0.216107821708,0.186660896111,138.092372237,-216.107821708,186.660896111,108.61641575,108.61641575,217.546896133
1054,1,270,positive,0.138092372237,-0.216409706973,0.184569229961,138.092372237,-216.409706973,184.569229961,108.918301015,108.918301015,215.455229984
1055,0,270,positive,0.138092372237,-0.216107821708,0.186660896111,138.092372237,-216.107821708,186.660896111,108.61641575,108.61641575,217.546896133
1055,1,270,positive,0.138092372237,-0.216045618728,0.187246744997,138.092372237,-216.045618728,187.246744997,108.55421277,108.55421277,218.132745019
1056,0,270,positive,0.138092372237,-0.215951677838,0.187727461226,138.092372237,-215.951677838,187.727461226,108.46027188,108.46027188,218.613461248
1056,1,270,positive,0.138092372237,-0.216045618728,0.187246744997,138.092372237,-216.045618728,187.246744997,108.55421277,108.55421277,218.132745019
1057,0,270,positive,0.138092372237,-0.215951677838,0.187727461226,138.092372237,-215.951677838,187.727461226,108.46027188,108.46027188,218.613461248
1057,1,270,positive,0.138092372237,-0.215848932146,0.188361327111,138.092372237,-215.848932146,188.361327111,108.357526188,108.357526188,219.247327133
1058,0,270,positive,0.138092372237,-0.215817962116,0.188647185285,138.092372237,-215.817962116,188.647185285,108.326556158,108.326556158,219.533185307
1058,1,270,positive,0.138092372237,-0.215848932146,0.188361327111,138.092372237,-215.848932146,188.361327111,108.357526188,108.357526188,219.247327133
1059,0,270,positive,0.138092372237,-0.211670519349,0.189137079377,138.092372237,-211.670519349,189.137079377,104.179113391,104.179113391,220.0230794
1059,1,270,positive,0.138092372237,-0.211639682527,0.188975495794,138.092372237,-211.639682527,188.975495794,104.148276569,104.148276569,219.861495816
1060,0,270,positive,0.138092372237,-0.211639682527,0.188975495794,138.092372237,-211.639682527,188.975495794,104.148276569,104.148276569,219.861495816
1060,1,270,positive,0.138092372237,-0.211627329691,0.188774596579,138.092372237,-211.627329691,188.774596579,104.135923733,104.135923733,219.660596601
1061,0,270,positive,0.138092372237,-0.211670519349,0.189137079377,138.092372237,-211.670519349,189.137079377,104.179113391,104.179113391,220.0230794
1061,1,270,positive,0.138092372237,-0.211674596963,0.189148853254,138.092372237,-211.674596963,189.148853254,104.183191005,104.183191005,220.034853276
1062,0,270,positive,0.138092372237,-0.211667998973,0.189692230667,138.092372237,-211.667998973,189.692230667,104.176593015,104.176593015,220.57823069
1062,1,270,positive,0.138092372237,-0.211674596963,0.189148853254,138.092372237,-211.674596963,189.148853254,104.183191005,104.183191005,220.034853276
1063,0,270,positive,0.138092372237,-0.211750456292,0.190020876198,138.092372237,-211.750456292,190.020876198,104.259050334,104.259050334,220.906876221
1063,1,270,positive,0.138092372237,-0.211667998973,0.189692230667,138.092372237,-211.667998973,189.692230667,104.176593015,104.176593015,220.57823069
1064,0,270,positive,0.138092372237,-0.211750456292,0.190020876198,138.092372237,-211.750456292,190.020876198,104.259050334,104.259050334,220.906876221
1064,1,270,positive,0.138092372237,-0.211828468389,0.19019051055,138.092372237,-211.828468389,190.19051055,104.337062431,104.337062431,221.076510572
1065,0,270,positive,0.138092372237,-0.211828468389,0.19019051055,138.092372237,-211.828468389,190.19051055,104.337062431,104.337062431,221.076510572
1065,1,270,positive,0.138092372237,-0.211932161281,0.19054832292,138.092372237,-211.932161281,190.54832292,104.440755323,104.440755323,221.434322943
1066,0,270,positive,0.138092372237,-0.211970668053,0.190793932486,138.092372237,-211.970668053,190.793932486,104.479262095,104.479262095,221.679932508
1066,1,270,positive,0.138092372237,-0.211932161281,0.19054832292,138.092372237,-211.932161281,190.54832292,104.440755323,104.440755323,221.434322943
1067,0,270,positive,0.138092372237,-0.211970668053,0.190793932486,138.092372237,-211.970668053,190.793932486,104.479262095,104.479262095,221.679932508
1067,1,270,positive,0.138092372237,-0.211893896597,0.191270052393,138.092372237,-211.893896597,191.270052393,104.402490639,104.402490639,222.156052415
1068,0,270,positive,0.138092372237,-0.211881265828,0.19140802757,138.092372237,-211.881265828,191.40802757,104.38985987,104.38985987,222.294027593
1068,1,270,positive,0.138092372237,-0.211893896597,0.191270052393,138.092372237,-211.893896597,191.270052393,104.402490639,104.402490639,222.156052415
1069,0,270,positive,0.138092372237,-0.211830236263,0.191613116199,138.092372237,-211.830236263,191.613116199,104.338830305,104.338830305,222.499116221
1069,1,270,positive,0.138092372237,-0.211881265828,0.19140802757,138.092372237,-211.881265828,191.40802757,104.38985987,104.38985987,222.294027593
1070,0,270,positive,0.138092372237,-0.211830236263,0.191613116199,138.092372237,-211.830236263,191.613116199,104.338830305,104.338830305,222.499116221
1070,1,270,positive,0.138092372237,-0.211701583295,0.192083489626,138.092372237,-211.701583295,192.083489626,104.210177337,104.210177337,222.969489649
1071,0,270,positive,0.138092372237,-0.211701583295,0.192083489626,138.092372237,-211.701583295,192.083489626,104.210177337,104.210177337,222.969489649
1071,1,270,positive,0.138092372237,-0.211371716206,0.192795934981,138.092372237,-211.371716206,192.795934981,103.880310248,103.880310248,223.681935003
1072,0,270,positive,0.138092372237,-0.210723869534,0.194043453517,138.092372237,-210.723869534,194.043453517,103.232463576,103.232463576,224.92945354
1072,1,270,positive,0.138092372237,-0.211371716206,0.192795934981,138.092372237,-211.371716206,192.795934981,103.880310248,103.880310248,223.681935003
1073,0,270,positive,0.138092372237,-0.210723869534,0.194043453517,138.092372237,-210.723869534,194.043453517,103.232463576,103.232463576,224.92945354
1073,1,270,positive,0.138092372237,-0.21068607942,0.194125373756,138.092372237,-210.68607942,194.125373756,103.194673462,103.194673462,225.011373778
1074,0,270,positive,0.138092372237,-0.215753712411,0.189470346725,138.092372237,-215.753712411,189.470346725,108.262306453,108.262306453,220.356346747
1074,1,270,positive,0.138092372237,-0.215734783597,0.189646880856,138.092372237,-215.734783597,189.646880856,108.243377639,108.243377639,220.532880878
1075,0,270,positive,0.138092372237,-0.215753712411,0.189470346725,138.092372237,-215.753712411,189.470346725,108.262306453,108.262306453,220.356346747
1075,1,270,positive,0.138092372237,-0.215817962116,0.188647185285,138.092372237,-215.817962116,188.647185285,108.326556158,108.326556158,219.533185307
1076,0,270,positive,0.138092372237,-0.215734783597,0.189646880856,138.092372237,-215.734783597,189.646880856,108.243377639,108.243377639,220.532880878
1076,1,270,positive,0.138092372237,-0.215709184079,0.189796140635,138.092372237,-215.709184079,189.796140635,108.217778121,108.217778121,220.682140658
1077,0,270,positive,0.138092372237,-0.215514200526,0.191144883694,138.092372237,-215.514200526,191.144883694,108.022794568,108.022794568,222.030883716
1077,1,270,positive,0.138092372237,-0.215709184079,0.189796140635,138.092372237,-215.709184079,189.796140635,108.217778121,108.217778121,220.682140658
1078,0,270,positive,0.138092372237,-0.215514200526,0.191144883694,138.092372237,-215.514200526,191.144883694,108.022794568,108.022794568,222.030883716
1078,1,270,positive,0.138092372237,-0.215502306151,0.191500844005,138.092372237,-215.502306151,191.500844005,108.010900193,108.010900193,222.386844027
1079,0,270,positive,0.138092372237,-0.215316998985,0.192089258845,138.092372237,-215.316998985,192.089258845,107.825593027,107.825593027,222.975258867
1079,1,270,positive,0.138092372237,-0.215267038284,0.192394261379,138.092372237,-215.267038284,192.394261379,107.775632326,107.775632326,223.280261401
1080,0,270,positive,0.138092372237,-0.215502306151,0.191500844005,138.092372237,-215.502306151,191.500844005,108.010900193,108.010900193,222.386844027
1080,1,270,positive,0.138092372237,-0.215366596291,0.191825549418,138.092372237,-215.366596291,191.825549418,107.875190333,107.875190333,222.71154944
1081,0,270,positive,0.138092372237,-0.215267038284,0.192394261379,138.092372237,-215.267038284,192.394261379,107.775632326,107.775632326,223.280261401
1081,1,270,positive,0.138092372237,-0.215248903657,0.192711244272,138.092372237,-215.248903657,192.711244272,107.757497699,107.757497699,223.597244294
1082,0,270,positive,0.138092372237,-0.215248903657,0.192711244272,138.092372237,-215.248903657,192.711244272,107.757497699,107.757497699,223.597244294
1082,1,270,positive,0.138092372237,-0.215026167317,0.193555576608,138.092372237,-215.026167317,193.555576608,107.534761359,107.534761359,224.44157663
1083,0,270,positive,0.138092372237,-0.215316998985,0.192089258845,138.092372237,-215.316998985,192.089258845,107.825593027,107.825593027,222.975258867
1083,1,270,positive,0.138092372237,-0.215366596291,0.191825549418,138.092372237,-215.366596291,191.825549418,107.875190333,107.875190333,222.71154944
1084,0,270,positive,0.138092372237,-0.214976277687,0.193760400206,138.092372237,-214.976277687,193.760400206,107.484871729,107.484871729,224.646400228
1084,1,270,positive,0.138092372237,-0.215026167317,0.193555576608,138.092372237,-215.026167317,193.555576608,107.534761359,107.534761359,224.44157663
1085,0,270,positive,0.138092372237,-0.214966596066,0.193827290226,138.092372237,-214.966596066,193.827290226,107.475190108,107.475190108,224.713290248
1085,1,270,positive,0.138092372237,-0.214976277687,0.193760400206,138.092372237,-214.976277687,193.760400206,107.484871729,107.484871729,224.646400228
1086,0,270,positive,0.138092372237,-0.214589492963,0.194900631132,138.092372237,-214.589492963,194.900631132,107.098087005,107.098087005,225.786631154
1086,1,270,positive,0.138092372237,-0.214328304019,0.195570464963,138.092372237,-214.328304019,195.570464963,106.836898061,106.836898061,226.456464986
1087,0,270,positive,0.138092372237,-0.214966596066,0.193827290226,138.092372237,-214.966596066,193.827290226,107.475190108,107.475190108,224.713290248
1087,1,270,positive,0.138092372237,-0.214802615182,0.194401622213,138.092372237,-214.802615182,194.401622213,107.311209224,107.311209224,225.287622236
1088,0,270,positive,0.138092372237,-0.214328304019,0.195570464963,138.092372237,-214.328304019,195.570464963,106.836898061,106.836898061,226.456464986
1088,1,270,positive,0.138092372237,-0.214219127331,0.195933840867,138.092372237,-214.219127331,195.933840867,106.727721373,106.727721373,226.81984089
1089,0,270,positive,0.138092372237,-0.214097855172,0.196393750755,138.092372237,-214.097855172,196.393750755,106.606449214,106.606449214,227.279750777
1089,1,270,positive,0.138092372237,-0.214219127331,0.195933840867,138.092372237,-214.219127331,195.933840867,106.727721373,106.727721373,226.81984089
1090,0,270,positive,0.138092372237,-0.214589492963,0.194900631132,138.092372237,-214.589492963,194.900631132,107.098087005,107.098087005,225.786631154
1090,1,270,positive,0.138092372237,-0.214781792707,0.194477566639,138.092372237,-214.781792707,194.477566639,107.290386749,107.290386749,225.363566661
1091,0,270,positive,0.138092372237,-0.213863670676,0.196935443863,138.092372237,-213.863670676,196.935443863,106.372264718,106.372264718,227.821443885
1091,1,270,positive,0.138092372237,-0.213778189181,0.197151999031,138.092372237,-213.778189181,197.151999031,106.286783223,106.286783223,228.037999053
1092,0,270,positive,0.138092372237,-0.213863670676,0.196935443863,138.092372237,-213.863670676,196.935443863,106.372264718,106.372264718,227.821443885
1092,1,270,positive,0.138092372237,-0.214097855172,0.196393750755,138.092372237,-214.097855172,196.393750755,106.606449214,106.606449214,227.279750777
1093,0,270,positive,0.138092372237,-0.213753011019,0.197312858631,138.092372237,-213.753011019,197.312858631,106.261605061,106.261605061,228.198858653
1093,1,270,positive,0.138092372237,-0.213778189181,0.197151999031,138.092372237,-213.778189181,197.151999031,106.286783223,106.286783223,228.037999053
1094,0,270,positive,0.138092372237,-0.213753011019,0.197312858631,138.092372237,-213.753011019,197.312858631,106.261605061,106.261605061,228.198858653
1094,1,270,positive,0.138092372237,-0.213525143051,0.198424092937,138.092372237,-213.525143051,198.424092937,106.033737093,106.033737093,229.310092959
1095,0,270,positive,0.138092372237,-0.213500743264,0.198590715789,138.092372237,-213.500743264,198.590715789,106.009337306,106.009337306,229.476715811
1095,1,270,positive,0.138092372237,-0.213525143051,0.198424092937,138.092372237,-213.525143051,198.424092937,106.033737093,106.033737093,229.310092959
1096,0,270,positive,0.138092372237,-0.214801827695,0.194425255512,138.092372237,-214.801827695,194.425255512,107.310421737,107.310421737,225.311255535
1096,1,270,positive,0.138092372237,-0.214802615182,0.194401622213,138.092372237,-214.802615182,194.401622213,107.311209224,107.311209224,225.287622236
1097,0,270,positive,0.138092372237,-0.214781792707,0.194477566639,138.092372237,-214.781792707,194.477566639,107.290386749,107.290386749,225.363566661
1097,1,270,positive,0.138092372237,-0.214801827695,0.194425255512,138.092372237,-214.801827695,194.425255512,107.310421737,107.310421737,225.311255535
1098,0,270,positive,0.138092372237,-0.21083879856,0.183532016451,138.092372237,-210.83879856,183.532016451,103.347392602,103.347392602,214.418016474
1098,1,270,positive,0.138092372237,-0.210828067753,0.183599609693,138.092372237,-210.828067753,183.599609693,103.336661795,103.336661795,214.485609715
1099,0,270,positive,0.138092372237,-0.210828067753,0.183599609693,138.092372237,-210.828067753,183.599609693,103.336661795,103.336661795,214.485609715
1099,1,270,positive,0.138092372237,-0.210824625117,0.183626506954,138.092372237,-210.824625117,183.626506954,103.333219159,103.333219159,214.512506976
1100,0,270,positive,0.138092372237,-0.21075273004,0.184938395822,138.092372237,-210.75273004,184.938395822,103.261324082,103.261324082,215.824395844
1100,1,270,positive,0.138092372237,-0.210816416537,0.183707317024,138.092372237,-210.816416537,183.707317024,103.325010579,103.325010579,214.593317047
1101,0,270,positive,0.138092372237,-0.210721789182,0.185291023097,138.092372237,-210.721789182,185.291023097,103.230383224,103.230383224,216.177023119
1101,1,270,positive,0.138092372237,-0.21075273004,0.184938395822,138.092372237,-210.75273004,184.938395822,103.261324082,103.261324082,215.824395844
1102,0,270,positive,0.138092372237,-0.210824625117,0.183626506954,138.092372237,-210.824625117,183.626506954,103.333219159,103.333219159,214.512506976
1102,1,270,positive,0.138092372237,-0.21082431713,0.183647290472,138.092372237,-210.82431713,183.647290472,103.332911172,103.332911172,214.533290494
1103,0,270,positive,0.138092372237,-0.21082431713,0.183647290472,138.092372237,-210.82431713,183.647290472,103.332911172,103.332911172,214.533290494
1103,1,270,positive,0.138092372237,-0.210816416537,0.183707317024,138.092372237,-210.816416537,183.707317024,103.325010579,103.325010579,214.593317047
1104,0,270,positive,0.138092372237,-0.210721789182,0.185291023097,138.092372237,-210.721789182,185.291023097,103.230383224,103.230383224,216.177023119
1104,1,270,positive,0.138092372237,-0.210723349621,0.185301606724,138.092372237,-210.723349621,185.301606724,103.231943663,103.231943663,216.187606746
1105,0,270,positive,0.138092372237,-0.210768695199,0.18573607566,138.092372237,-210.768695199,185.73607566,103.277289241,103.277289241,216.622075682
1105,1,270,positive,0.138092372237,-0.210724750387,0.185308806897,138.092372237,-210.724750387,185.308806897,103.233344429,103.233344429,216.194806919
1106,0,270,positive,0.138092372237,-0.210723349621,0.185301606724,138.092372237,-210.723349621,185.301606724,103.231943663,103.231943663,216.187606746
1106,1,270,positive,0.138092372237,-0.210724750387,0.185308806897,138.092372237,-210.724750387,185.308806897,103.233344429,103.233344429,216.194806919
1107,0,270,positive,0.138092372237,-0.210768695199,0.18573607566,138.092372237,-210.768695199,185.73607566,103.277289241,103.277289241,216.622075682
1107,1,270,positive,0.138092372237,-0.210735820575,0.186248834943,138.092372237,-210.735820575,186.248834943,103.244414617,103.244414617,217.134834965
1108,0,270,positive,0.138092372237,-0.210733697939,0.186601666594,138.092372237,-210.733697939,186.601666594,103.242291981,103.242291981,217.487666616
1108,1,270,positive,0.138092372237,-0.210745297332,0.186814363099,138.092372237,-210.745297332,186.814363099,103.253891374,103.253891374,217.700363121
1109,0,270,positive,0.138092372237,-0.210745297332,0.186814363099,138.092372237,-210.745297332,186.814363099,103.253891374,103.253891374,217.700363121
1109,1,270,positive,0.138092372237,-0.210819459359,0.186976210824,138.092372237,-210.819459359,186.976210824,103.328053401,103.328053401,217.862210847
1110,0,270,positive,0.138092372237,-0.210416703008,0.195120744207,138.092372237,-210.416703008,195.120744207,102.92529705,102.92529705,226.00674423
1110,1,270,positive,0.138092372237,-0.21064791358,0.194249827056,138.092372237,-210.64791358,194.249827056,103.156507622,103.156507622,225.135827078
1111,0,270,positive,0.138092372237,-0.210370510235,0.195623001547,138.092372237,-210.370510235,195.623001547,102.879104277,102.879104277,226.509001569
1111,1,270,positive,0.138092372237,-0.210416703008,0.195120744207,138.092372237,-210.416703008,195.120744207,102.92529705,102.92529705,226.00674423
1112,0,270,positive,0.138092372237,-0.210370510235,0.195623001547,138.092372237,-210.370510235,195.623001547,102.879104277,102.879104277,226.509001569
1112,1,270,positive,0.138092372237,-0.210325984206,0.195835950453,138.092372237,-210.325984206,195.835950453,102.834578248,102.834578248,226.721950476
1113,0,270,positive,0.138092372237,-0.21068607942,0.194125373756,138.092372237,-210.68607942,194.125373756,103.194673462,103.194673462,225.011373778
1113,1,270,positive,0.138092372237,-0.21064791358,0.194249827056,138.092372237,-210.64791358,194.249827056,103.156507622,103.156507622,225.135827078
1114,0,270,positive,0.138092372237,-0.210356725208,0.19603545755,138.092372237,-210.356725208,196.03545755,102.86531925,102.86531925,226.921457573
1114,1,270,positive,0.138092372237,-0.210325984206,0.195835950453,138.092372237,-210.325984206,195.835950453,102.834578248,102.834578248,226.721950476
1115,0,270,positive,0.138092372237,-0.210356725208,0.19603545755,138.092372237,-210.356725208,196.03545755,102.86531925,102.86531925,226.921457573
1115,1,270,positive,0.138092372237,-0.210351688951,0.196424158048,138.092372237,-210.351688951,196.424158048,102.860282993,102.860282993,227.31015807
1116,0,270,positive,0.138092372237,-0.2104798061,0.196940409593,138.092372237,-210.4798061,196.940409593,102.988400142,102.988400142,227.826409615
1116,1,270,positive,0.138092372237,-0.210351688951,0.196424158048,138.092372237,-210.351688951,196.424158048,102.860282993,102.860282993,227.31015807
1117,0,270,positive,0.138092372237,-0.2104798061,0.196940409593,138.092372237,-210.4798061,196.940409593,102.988400142,102.988400142,227.826409615
1117,1,270,positive,0.138092372237,-0.210488429922,0.197011733996,138.092372237,-210.488429922,197.011733996,102.997023964,102.997023964,227.897734018
1118,0,270,positive,0.138092372237,-0.210514975224,0.197549799689,138.092372237,-210.514975224,197.549799689,103.023569266,103.023569266,228.435799711
1118,1,270,positive,0.138092372237,-0.210502940904,0.197695393029,138.092372237,-210.502940904,197.695393029,103.011534946,103.011534946,228.581393051
1119,0,270,positive,0.138092372237,-0.210514975224,0.197549799689,138.092372237,-210.514975224,197.549799689,103.023569266,103.023569266,228.435799711
1119,1,270,positive,0.138092372237,-0.210488429922,0.197011733996,138.092372237,-210.488429922,197.011733996,102.997023964,102.997023964,227.897734018
1120,0,270,positive,0.138092372237,-0.210302000234,0.19806948131,138.092372237,-210.302000234,198.06948131,102.810594276,102.810594276,228.955481332
1120,1,270,positive,0.138092372237,-0.210502940904,0.197695393029,138.092372237,-210.502940904,197.695393029,103.011534946,103.011534946,228.581393051
1121,0,270,positive,0.138092372237,-0.210302000234,0.19806948131,138.092372237,-210.302000234,198.06948131,102.810594276,102.810594276,228.955481332
1121,1,270,positive,0.138092372237,-0.21013475549,0.198426694657,138.092372237,-210.13475549,198.426694657,102.643349532,102.643349532,229.312694679
1122,0,270,positive,0.138092372237,-0.200770766257,0.213325967501,138.092372237,-200.770766257,213.325967501,93.2793602988,93.2793602988,244.211967524
1122,1,270,positive,0.138092372237,-0.19931861033,0.214612677147,138.092372237,-199.31861033,214.612677147,91.8272043716,91.8272043716,245.498677169
1123,0,270,positive,0.138092372237,-0.198727928295,0.215263147436,138.092372237,-198.727928295,215.263147436,91.2365223374,91.2365223374,246.149147458
1123,1,270,positive,0.138092372237,-0.19931861033,0.214612677147,138.092372237,-199.31861033,214.612677147,91.8272043716,91.8272043716,245.498677169
1124,0,270,positive,0.138092372237,-0.213479945482,0.19902573538,138.092372237,-213.479945482,199.02573538,105.988539524,105.988539524,229.911735403
1124,1,270,positive,0.138092372237,-0.213454189547,0.199462006527,138.092372237,-213.454189547,199.462006527,105.962783589,105.962783589,230.348006549
1125,0,270,positive,0.138092372237,-0.213479945482,0.19902573538,138.092372237,-213.479945482,199.02573538,105.988539524,105.988539524,229.911735403
1125,1,270,positive,0.138092372237,-0.213500743264,0.198590715789,138.092372237,-213.500743264,198.590715789,106.009337306,106.009337306,229.476715811
1126,0,270,positive,0.138092372237,-0.213402009062,0.199850819337,138.092372237,-213.402009062,199.850819337,105.910603104,105.910603104,230.736819359
1126,1,270,positive,0.138092372237,-0.213454189547,0.199462006527,138.092372237,-213.454189547,199.462006527,105.962783589,105.962783589,230.348006549
1127,0,270,positive,0.138092372237,-0.213322987624,0.200161187795,138.092372237,-213.322987624,200.161187795,105.831581666,105.831581666,231.047187817
1127,1,270,positive,0.138092372237,-0.213402009062,0.199850819337,138.092372237,-213.402009062,199.850819337,105.910603104,105.910603104,230.736819359
1128,0,270,positive,0.138092372237,-0.21313120748,0.200980527315,138.092372237,-213.13120748,200.980527315,105.639801522,105.639801522,231.866527337
1128,1,270,positive,0.138092372237,-0.212988555934,0.201748441842,138.092372237,-212.988555934,201.748441842,105.497149977,105.497149977,232.634441864
1129,0,270,positive,0.138092372237,-0.212988555934,0.201748441842,138.092372237,-212.988555934,201.748441842,105.497149977,105.497149977,232.634441864
1129,1,270,positive,0.138092372237,-0.212850934372,0.202960799215,138.092372237,-212.850934372,202.960799215,105.359528414,105.359528414,233.846799238
1130,0,270,positive,0.138092372237,-0.2128427234,0.203073412436,138.092372237,-212.8427234,203.073412436,105.351317442,105.351317442,233.959412458
1130,1,270,positive,0.138092372237,-0.212850934372,0.202960799215,138.092372237,-212.850934372,202.960799215,105.359528414,105.359528414,233.846799238
1131,0,270,positive,0.138092372237,-0.212837630476,0.203159597737,138.092372237,-212.837630476,203.159597737,105.346224518,105.346224518,234.045597759
1131,1,270,positive,0.138092372237,-0.2128427234,0.203073412436,138.092372237,-212.8427234,203.073412436,105.351317442,105.351317442,233.959412458
1132,0,270,positive,0.138092372237,-0.21313120748,0.200980527315,138.092372237,-213.13120748,200.980527315,105.639801522,105.639801522,231.866527337
1132,1,270,positive,0.138092372237,-0.213322987624,0.200161187795,138.092372237,-213.322987624,200.161187795,105.831581666,105.831581666,231.047187817
1133,0,270,positive,0.138092372237,-0.212688181834,0.203897431279,138.092372237,-212.688181834,203.897431279,105.196775876,105.196775876,234.783431301
1133,1,270,positive,0.138092372237,-0.21268234442,0.203923625119,138.092372237,-212.68234442,203.923625119,105.190938462,105.190938462,234.809625142
1134,0,270,positive,0.138092372237,-0.212726516605,0.203690926977,138.092372237,-212.726516605,203.690926977,105.235110647,105.235110647,234.576927
1134,1,270,positive,0.138092372237,-0.212688181834,0.203897431279,138.092372237,-212.688181834,203.897431279,105.196775876,105.196775876,234.783431301
1135,0,270,positive,0.138092372237,-0.212726516605,0.203690926977,138.092372237,-212.726516605,203.690926977,105.235110647,105.235110647,234.576927
1135,1,270,positive,0.138092372237,-0.212837630476,0.203159597737,138.092372237,-212.837630476,203.159597737,105.346224518,105.346224518,234.045597759
1136,0,270,positive,0.138092372237,-0.212325523382,0.205181377443,138.092372237,-212.325523382,205.181377443,104.834117424,104.834117424,236.067377465
1136,1,270,positive,0.138092372237,-0.212166431278,0.205624697349,138.092372237,-212.166431278,205.624697349,104.67502532,104.67502532,236.510697372
1137,0,270,positive,0.138092372237,-0.212581497665,0.204357514628,138.092372237,-212.581497665,204.357514628,105.090091707,105.090091707,235.24351465
1137,1,270,positive,0.138092372237,-0.21268234442,0.203923625119,138.092372237,-212.68234442,203.923625119,105.190938462,105.190938462,234.809625142
1138,0,270,positive,0.138092372237,-0.212325523382,0.205181377443,138.092372237,-212.325523382,205.181377443,104.834117424,104.834117424,236.067377465
1138,1,270,positive,0.138092372237,-0.212581497665,0.204357514628,138.092372237,-212.581497665,204.357514628,105.090091707,105.090091707,235.24351465
1139,0,270,positive,0.138092372237,-0.212166431278,0.205624697349,138.092372237,-212.166431278,205.624697349,104.67502532,104.67502532,236.510697372
1139,1,270,positive,0.138092372237,-0.212108796025,0.205835742292,138.092372237,-212.108796025,205.835742292,104.617390067,104.617390067,236.721742315
1140,0,270,positive,0.138092372237,-0.212108796025,0.205835742292,138.092372237,-212.108796025,205.835742292,104.617390067,104.617390067,236.721742315
1140,1,270,positive,0.138092372237,-0.21170465245,0.207270102802,138.092372237,-211.70465245,207.270102802,104.213246492,104.213246492,238.156102824
1141,0,270,positive,0.138092372237,-0.211639776321,0.207484072142,138.092372237,-211.639776321,207.484072142,104.148370363,104.148370363,238.370072164
1141,1,270,positive,0.138092372237,-0.21170465245,0.207270102802,138.092372237,-211.70465245,207.270102802,104.213246492,104.213246492,238.156102824
1142,0,270,positive,0.138092372237,-0.211583086532,0.207645756114,138.092372237,-211.583086532,207.645756114,104.091680574,104.091680574,238.531756137
1142,1,270,positive,0.138092372237,-0.211639776321,0.207484072142,138.092372237,-211.639776321,207.484072142,104.148370363,104.148370363,238.370072164
1143,0,270,positive,0.138092372237,-0.211583086532,0.207645756114,138.092372237,-211.583086532,207.645756114,104.091680574,104.091680574,238.531756137
1143,1,270,positive,0.138092372237,-0.211312211035,0.208467110254,138.092372237,-211.312211035,208.467110254,103.820805077,103.820805077,239.353110276
1144,0,270,positive,0.138092372237,-0.211312211035,0.208467110254,138.092372237,-211.312211035,208.467110254,103.820805077,103.820805077,239.353110276
1144,1,270,positive,0.138092372237,-0.211120427059,0.209202342902,138.092372237,-211.120427059,209.202342902,103.629021101,103.629021101,240.088342924
1145,0,270,positive,0.138092372237,-0.209340194479,0.200115876105,138.092372237,-209.340194479,200.115876105,101.848788521,101.848788521,231.001876128
1145,1,270,positive,0.138092372237,-0.209508105256,0.199598235301,138.092372237,-209.508105256,199.598235301,102.016699298,102.016699298,230.484235324
1146,0,270,positive,0.138092372237,-0.209309694165,0.200327040224,138.092372237,-209.309694165,200.327040224,101.818288207,101.818288207,231.213040246
1146,1,270,positive,0.138092372237,-0.209340194479,0.200115876105,138.092372237,-209.340194479,200.115876105,101.848788521,101.848788521,231.001876128
1147,0,270,positive,0.138092372237,-0.209309694165,0.200327040224,138.092372237,-209.309694165,200.327040224,101.818288207,101.818288207,231.213040246
1147,1,270,positive,0.138092372237,-0.209166895714,0.200657558449,138.092372237,-209.166895714,200.657558449,101.675489756,101.675489756,231.543558471
1148,0,270,positive,0.138092372237,-0.209846256887,0.198908419076,138.092372237,-209.846256887,198.908419076,102.354850929,102.354850929,229.794419098
1148,1,270,positive,0.138092372237,-0.21013475549,0.198426694657,138.092372237,-210.13475549,198.426694657,102.643349532,102.643349532,229.312694679
1149,0,270,positive,0.138092372237,-0.209846256887,0.198908419076,138.092372237,-209.846256887,198.908419076,102.354850929,102.354850929,229.794419098
1149,1,270,positive,0.138092372237,-0.209830661006,0.198957747669,138.092372237,-209.830661006,198.957747669,102.339255048,102.339255048,229.843747691
1150,0,270,positive,0.138092372237,-0.209678568501,0.199203804718,138.092372237,-209.678568501,199.203804718,102.187162543,102.187162543,230.08980474
1150,1,270,positive,0.138092372237,-0.209508105256,0.199598235301,138.092372237,-209.508105256,199.598235301,102.016699298,102.016699298,230.484235324
1151,0,270,positive,0.138092372237,-0.209678568501,0.199203804718,138.092372237,-209.678568501,199.203804718,102.187162543,102.187162543,230.08980474
1151,1,270,positive,0.138092372237,-0.209830661006,0.198957747669,138.092372237,-209.830661006,198.957747669,102.339255048,102.339255048,229.843747691
1152,0,270,positive,0.138092372237,-0.208883326842,0.201322323974,138.092372237,-208.883326842,201.322323974,101.391920884,101.391920884,232.208323997
1152,1,270,positive,0.138092372237,-0.209166895714,0.200657558449,138.092372237,-209.166895714,200.657558449,101.675489756,101.675489756,231.543558471
1153,0,270,positive,0.138092372237,-0.208883326842,0.201322323974,138.092372237,-208.883326842,201.322323974,101.391920884,101.391920884,232.208323997
1153,1,270,positive,0.138092372237,-0.20870003363,0.201666023911,138.092372237,-208.70003363,201.666023911,101.208627672,101.208627672,232.552023934
1154,0,270,positive,0.138092372237,-0.208422720958,0.202531483072,138.092372237,-208.422720958,202.531483072,100.931315,100.931315,233.417483095
1154,1,270,positive,0.138092372237,-0.20870003363,0.201666023911,138.092372237,-208.70003363,201.666023911,101.208627672,101.208627672,232.552023934
1155,0,270,positive,0.138092372237,-0.208422720958,0.202531483072,138.092372237,-208.422720958,202.531483072,100.931315,100.931315,233.417483095
1155,1,270,positive,0.138092372237,-0.208351932012,0.202827703899,138.092372237,-208.351932012,202.827703899,100.860526054,100.860526054,233.713703921
1156,0,270,positive,0.138092372237,-0.208267887544,0.203263303728,138.092372237,-208.267887544,203.263303728,100.776481586,100.776481586,234.14930375
1156,1,270,positive,0.138092372237,-0.208351932012,0.202827703899,138.092372237,-208.351932012,202.827703899,100.860526054,100.860526054,233.713703921
1157,0,270,positive,0.138092372237,-0.208267887544,0.203263303728,138.092372237,-208.267887544,203.263303728,100.776481586,100.776481586,234.14930375
1157,1,270,positive,0.138092372237,-0.208255592542,0.2033913584,138.092372237,-208.255592542,203.3913584,100.764186584,100.764186584,234.277358423
1158,0,270,positive,0.138092372237,-0.207946293268,0.204935879342,138.092372237,-207.946293268,204.935879342,100.45488731,100.45488731,235.821879364
1158,1,270,positive,0.138092372237,-0.207997301446,0.20470092499,138.092372237,-207.997301446,204.70092499,100.505895488,100.505895488,235.586925012
1159,0,270,positive,0.138092372237,-0.206938488688,0.207830841806,138.092372237,-206.938488688,207.830841806,99.4470827298,99.4470827298,238.716841828
1159,1,270,positive,0.138092372237,-0.20698819824,0.207725851389,138.092372237,-206.98819824,207.725851389,99.496792282,99.496792282,238.611851412
1160,0,270,positive,0.138092372237,-0.207997301446,0.20470092499,138.092372237,-207.997301446,204.70092499,100.505895488,100.505895488,235.586925012
1160,1,270,positive,0.138092372237,-0.208175979403,0.203840348555,138.092372237,-208.175979403,203.840348555,100.684573445,100.684573445,234.726348577
1161,0,270,positive,0.138092372237,-0.208255592542,0.2033913584,138.092372237,-208.255592542,203.3913584,100.764186584,100.764186584,234.277358423
1161,1,270,positive,0.138092372237,-0.208234803852,0.203500263867,138.092372237,-208.234803852,203.500263867,100.743397894,100.743397894,234.386263889
1162,0,270,positive,0.138092372237,-0.208234803852,0.203500263867,138.092372237,-208.234803852,203.500263867,100.743397894,100.743397894,234.386263889
1162,1,270,positive,0.138092372237,-0.208175979403,0.203840348555,138.092372237,-208.175979403,203.840348555,100.684573445,100.684573445,234.726348577
1163,0,270,positive,0.138092372237,-0.207820965795,0.205382576863,138.092372237,-207.820965795,205.382576863,100.329559837,100.329559837,236.268576885
1163,1,270,positive,0.138092372237,-0.207946293268,0.204935879342,138.092372237,-207.946293268,204.935879342,100.45488731,100.45488731,235.821879364
1164,0,270,positive,0.138092372237,-0.207820965795,0.205382576863,138.092372237,-207.820965795,205.382576863,100.329559837,100.329559837,236.268576885
1164,1,270,positive,0.138092372237,-0.207377844887,0.206645543429,138.092372237,-207.377844887,206.645543429,99.8864389293,99.8864389293,237.531543452
1165,0,270,positive,0.138092372237,-0.207377844887,0.206645543429,138.092372237,-207.377844887,206.645543429,99.8864389293,99.8864389293,237.531543452
1165,1,270,positive,0.138092372237,-0.20698819824,0.207725851389,138.092372237,-206.98819824,207.725851389,99.496792282,99.496792282,238.611851412
1166,0,270,positive,0.138092372237,-0.206863853481,0.207930176475,138.092372237,-206.863853481,207.930176475,99.3724475226,99.3724475226,238.816176497
1166,1,270,positive,0.138092372237,-0.206938488688,0.207830841806,138.092372237,-206.938488688,207.830841806,99.4470827298,99.4470827298,238.716841828
1167,0,270,positive,0.138092372237,-0.206863853481,0.207930176475,138.092372237,-206.863853481,207.930176475,99.3724475226,99.3724475226,238.816176497
1167,1,270,positive,0.138092372237,-0.206309268309,0.208717683336,138.092372237,-206.309268309,208.717683336,98.8178623507,98.8178623507,239.603683359
1168,0,270,positive,0.138092372237,-0.206309268309,0.208717683336,138.092372237,-206.309268309,208.717683336,98.8178623507,98.8178623507,239.603683359
1168,1,270,positive,0.138092372237,-0.205858348849,0.209149343883,138.092372237,-205.858348849,209.149343883,98.3669428906,98.3669428906,240.035343906
1169,0,270,positive,0.138092372237,-0.204824773408,0.210194232129,138.092372237,-204.824773408,210.194232129,97.33336745,97.33336745,241.080232151
1169,1,270,positive,0.138092372237,-0.205858348849,0.209149343883,138.092372237,-205.858348849,209.149343883,98.3669428906,98.3669428906,240.035343906
1170,0,270,positive,0.138092372237,-0.210545137948,0.21058239436,138.092372237,-210.545137948,210.58239436,103.05373199,103.05373199,241.468394382
1170,1,270,positive,0.138092372237,-0.210260843348,0.211153440296,138.092372237,-210.260843348,211.153440296,102.769437391,102.769437391,242.039440319
1171,0,270,positive,0.138092372237,-0.210062866038,0.211471498994,138.092372237,-210.062866038,211.471498994,102.57146008,102.57146008,242.357499016
1171,1,270,positive,0.138092372237,-0.210260843348,0.211153440296,138.092372237,-210.260843348,211.153440296,102.769437391,102.769437391,242.039440319
1172,0,270,positive,0.138092372237,-0.210062866038,0.211471498994,138.092372237,-210.062866038,211.471498994,102.57146008,102.57146008,242.357499016
1172,1,270,positive,0.138092372237,-0.209550047237,0.212411783726,138.092372237,-209.550047237,212.411783726,102.05864128,102.05864128,243.297783748
1173,0,270,positive,0.138092372237,-0.206821144139,0.216685726692,138.092372237,-206.821144139,216.685726692,99.3297381807,99.3297381807,247.571726714
1173,1,270,positive,0.138092372237,-0.206733123303,0.216799596889,138.092372237,-206.733123303,216.799596889,99.2417173454,99.2417173454,247.685596911
1174,0,270,positive,0.138092372237,-0.206733123303,0.216799596889,138.092372237,-206.733123303,216.799596889,99.2417173454,99.2417173454,247.685596911
1174,1,270,positive,0.138092372237,-0.206638264109,0.216933541831,138.092372237,-206.638264109,216.933541831,99.1468581514,99.1468581514,247.819541853
1175,0,270,positive,0.138092372237,-0.208090500998,0.214908714508,138.092372237,-208.090500998,214.908714508,100.59909504,100.59909504,245.794714531
1175,1,270,positive,0.138092372237,-0.207999213576,0.215032706147,138.092372237,-207.999213576,215.032706147,100.507807618,100.507807618,245.918706169
1176,0,270,positive,0.138092372237,-0.209267045895,0.21299484307,138.092372237,-209.267045895,212.99484307,101.775639937,101.775639937,243.880843093
1176,1,270,positive,0.138092372237,-0.208920072993,0.213598160223,138.092372237,-208.920072993,213.598160223,101.428667035,101.428667035,244.484160246
1177,0,270,positive,0.138092372237,-0.209267045895,0.21299484307,138.092372237,-209.267045895,212.99484307,101.775639937,101.775639937,243.880843093
1177,1,270,positive,0.138092372237,-0.209550047237,0.212411783726,138.092372237,-209.550047237,212.411783726,102.05864128,102.05864128,243.297783748
1178,0,270,positive,0.138092372237,-0.208090500998,0.214908714508,138.092372237,-208.090500998,214.908714508,100.59909504,100.59909504,245.794714531
1178,1,270,positive,0.138092372237,-0.208920072993,0.213598160223,138.092372237,-208.920072993,213.598160223,101.428667035,101.428667035,244.484160246
1179,0,270,positive,0.138092372237,-0.207759925624,0.215427281026,138.092372237,-207.759925624,215.427281026,100.268519666,100.268519666,246.313281048
1179,1,270,positive,0.138092372237,-0.207999213576,0.215032706147,138.092372237,-207.999213576,215.032706147,100.507807618,100.507807618,245.918706169
1180,0,270,positive,0.138092372237,-0.207759925624,0.215427281026,138.092372237,-207.759925624,215.427281026,100.268519666,100.268519666,246.313281048
1180,1,270,positive,0.138092372237,-0.20762149301,0.215698717211,138.092372237,-207.62149301,215.698717211,100.130087052,100.130087052,246.584717234
1181,0,270,positive,0.138092372237,-0.207434516075,0.215951223877,138.092372237,-207.434516075,215.951223877,99.9431101168,99.9431101168,246.837223899
1181,1,270,positive,0.138092372237,-0.20762149301,0.215698717211,138.092372237,-207.62149301,215.698717211,100.130087052,100.130087052,246.584717234
1182,0,270,positive,0.138092372237,-0.207017517981,0.216461505107,138.092372237,-207.017517981,216.461505107,99.5261120229,99.5261120229,247.347505129
1182,1,270,positive,0.138092372237,-0.207434516075,0.215951223877,138.092372237,-207.434516075,215.951223877,99.9431101168,99.9431101168,246.837223899
1183,0,270,positive,0.138092372237,-0.207017517981,0.216461505107,138.092372237,-207.017517981,216.461505107,99.5261120229,99.5261120229,247.347505129
1183,1,270,positive,0.138092372237,-0.206821144139,0.216685726692,138.092372237,-206.821144139,216.685726692,99.3297381807,99.3297381807,247.571726714
1184,0,270,positive,0.138092372237,-0.206308437742,0.217410925287,138.092372237,-206.308437742,217.410925287,98.8170317844,98.8170317844,248.296925309
1184,1,270,positive,0.138092372237,-0.206638264109,0.216933541831,138.092372237,-206.638264109,216.933541831,99.1468581514,99.1468581514,247.819541853
1185,0,270,positive,0.138092372237,-0.204824773408,0.210194232129,138.092372237,-204.824773408,210.194232129,97.33336745,97.33336745,241.080232151
1185,1,270,positive,0.138092372237,-0.204769731751,0.210246845306,138.092372237,-204.769731751,210.246845306,97.2783257926,97.2783257926,241.132845328
1186,0,270,positive,0.138092372237,-0.202754282466,0.211586951403,138.092372237,-202.754282466,211.586951403,95.2628765079,95.2628765079,242.472951426
1186,1,270,positive,0.138092372237,-0.204597312455,0.210367392623,138.092372237,-204.597312455,210.367392623,97.105906497,97.105906497,241.253392646
1187,0,270,positive,0.138092372237,-0.204769731751,0.210246845306,138.092372237,-204.769731751,210.246845306,97.2783257926,97.2783257926,241.132845328
1187,1,270,positive,0.138092372237,-0.204597312455,0.210367392623,138.092372237,-204.597312455,210.367392623,97.105906497,97.105906497,241.253392646
1188,0,270,positive,0.138092372237,-0.211104583833,0.209251128193,138.092372237,-211.104583833,209.251128193,103.613177875,103.613177875,240.137128215
1188,1,270,positive,0.138092372237,-0.211120427059,0.209202342902,138.092372237,-211.120427059,209.202342902,103.629021101,103.629021101,240.088342924
1189,0,270,positive,0.138092372237,-0.211069318018,0.209342996884,138.092372237,-211.069318018,209.342996884,103.57791206,103.57791206,240.228996906
1189,1,270,positive,0.138092372237,-0.210545137948,0.21058239436,138.092372237,-210.545137948,210.58239436,103.05373199,103.05373199,241.468394382
1190,0,270,positive,0.138092372237,-0.211069318018,0.209342996884,138.092372237,-211.069318018,209.342996884,103.57791206,103.57791206,240.228996906
1190,1,270,positive,0.138092372237,-0.211104583833,0.209251128193,138.092372237,-211.104583833,209.251128193,103.613177875,103.613177875,240.137128215
1191,0,270,positive,0.138092372237,-0.201905678983,0.223844000926,138.092372237,-201.905678983,223.844000926,94.4142730249,94.4142730249,254.730000948
1191,1,270,positive,0.138092372237,-0.201901815954,0.223852678796,138.092372237,-201.901815954,223.852678796,94.4104099963,94.4104099963,254.738678818
1192,0,270,positive,0.138092372237,-0.201643638931,0.224594134986,138.092372237,-201.643638931,224.594134986,94.1522329728,94.1522329728,255.480135009
1192,1,270,positive,0.138092372237,-0.201901815954,0.223852678796,138.092372237,-201.901815954,223.852678796,94.4104099963,94.4104099963,254.738678818
1193,0,270,positive,0.138092372237,-0.201643638931,0.224594134986,138.092372237,-201.643638931,224.594134986,94.1522329728,94.1522329728,255.480135009
1193,1,270,positive,0.138092372237,-0.201522979231,0.22508292997,138.092372237,-201.522979231,225.08292997,94.0315732726,94.0315732726,255.968929992
1194,0,270,positive,0.138092372237,-0.201297935639,0.225860993626,138.092372237,-201.297935639,225.860993626,93.806529681,93.806529681,256.746993649
1194,1,270,positive,0.138092372237,-0.201275525793,0.226057267128,138.092372237,-201.275525793,226.057267128,93.7841198349,93.7841198349,256.943267151
1195,0,270,positive,0.138092372237,-0.201275525793,0.226057267128,138.092372237,-201.275525793,226.057267128,93.7841198349,93.7841198349,256.943267151
1195,1,270,positive,0.138092372237,-0.201335197185,0.226595653296,138.092372237,-201.335197185,226.595653296,93.8437912272,93.8437912272,257.481653318
1196,0,270,positive,0.138092372237,-0.201626432247,0.228586135046,138.092372237,-201.626432247,228.586135046,94.1350262895,94.1350262895,259.472135068
1196,1,270,positive,0.138092372237,-0.201635251899,0.228631023175,138.092372237,-201.635251899,228.631023175,94.1438459411,94.1438459411,259.517023197
1197,0,270,positive,0.138092372237,-0.201615353826,0.228498423782,138.092372237,-201.615353826,228.498423782,94.1239478675,94.1239478675,259.384423804
1197,1,270,positive,0.138092372237,-0.201626432247,0.228586135046,138.092372237,-201.626432247,228.586135046,94.1350262895,94.1350262895,259.472135068
1198,0,270,positive,0.138092372237,-0.201803930323,0.229654565413,138.092372237,-201.803930323,229.654565413,94.3125243645,94.3125243645,260.540565435
1198,1,270,positive,0.138092372237,-0.201635251899,0.228631023175,138.092372237,-201.635251899,228.631023175,94.1438459411,94.1438459411,259.517023197
1199,0,270,positive,0.138092372237,-0.201803930323,0.229654565413,138.092372237,-201.803930323,229.654565413,94.3125243645,94.3125243645,260.540565435
1199,1,270,positive,0.138092372237,-0.201933544397,0.230305724084,138.092372237,-201.933544397,230.305724084,94.4421384387,94.4421384387,261.191724106
1200,0,270,positive,0.138092372237,-0.209265989827,0.235476222217,138.092372237,-209.265989827,235.476222217,101.774583869,101.774583869,266.36222224
1200,1,270,positive,0.138092372237,-0.209278498069,0.23547746198,138.092372237,-209.278498069,235.47746198,101.787092111,101.787092111,266.363462003
1201,0,270,positive,0.138092372237,-0.209259396432,0.235475049924,138.092372237,-209.259396432,235.475049924,101.767990474,101.767990474,266.361049946
1201,1,270,positive,0.138092372237,-0.209265989827,0.235476222217,138.092372237,-209.265989827,235.476222217,101.774583869,101.774583869,266.36222224
1202,0,270,positive,0.138092372237,-0.210767552119,0.235630548584,138.092372237,-210.767552119,235.630548584,103.276146161,103.276146161,266.516548607
1202,1,270,positive,0.138092372237,-0.209278498069,0.23547746198,138.092372237,-209.278498069,235.47746198,101.787092111,101.787092111,266.363462003
1203,0,270,positive,0.138092372237,-0.212060066998,0.235673147192,138.092372237,-212.060066998,235.673147192,104.56866104,104.56866104,266.559147214
1203,1,270,positive,0.138092372237,-0.212331435431,0.235719732943,138.092372237,-212.331435431,235.719732943,104.840029473,104.840029473,266.605732965
1204,0,270,positive,0.138092372237,-0.212060066998,0.235673147192,138.092372237,-212.060066998,235.673147192,104.56866104,104.56866104,266.559147214
1204,1,270,positive,0.138092372237,-0.210767552119,0.235630548584,138.092372237,-210.767552119,235.630548584,103.276146161,103.276146161,266.516548607
1205,0,270,positive,0.138092372237,-0.21321786849,0.23591692745,138.092372237,-213.21786849,235.91692745,105.726462532,105.726462532,266.802927472
1205,1,270,positive,0.138092372237,-0.21458133313,0.236309022112,138.092372237,-214.58133313,236.309022112,107.089927172,107.089927172,267.195022134
1206,0,270,positive,0.138092372237,-0.215197416524,0.236510382814,138.092372237,-215.197416524,236.510382814,107.706010566,107.706010566,267.396382836
1206,1,270,positive,0.138092372237,-0.21458133313,0.236309022112,138.092372237,-214.58133313,236.309022112,107.089927172,107.089927172,267.195022134
1207,0,270,positive,0.138092372237,-0.215853477523,0.236729594939,138.092372237,-215.853477523,236.729594939,108.362071565,108.362071565,267.615594961
1207,1,270,positive,0.138092372237,-0.216632348692,0.236969205898,138.092372237,-216.632348692,236.969205898,109.140942734,109.140942734,267.855205921
1208,0,270,positive,0.138092372237,-0.21321786849,0.23591692745,138.092372237,-213.21786849,235.91692745,105.726462532,105.726462532,266.802927472
1208,1,270,positive,0.138092372237,-0.212331435431,0.235719732943,138.092372237,-212.331435431,235.719732943,104.840029473,104.840029473,266.605732965
1209,0,270,positive,0.138092372237,-0.205799029175,0.217987631609,138.092372237,-205.799029175,217.987631609,98.3076232172,98.3076232172,248.873631631
1209,1,270,positive,0.138092372237,-0.205514197074,0.218346395289,138.092372237,-205.514197074,218.346395289,98.0227911156,98.0227911156,249.232395312
1210,0,270,positive,0.138092372237,-0.205224559952,0.218757889605,138.092372237,-205.224559952,218.757889605,97.7331539944,97.7331539944,249.643889627
1210,1,270,positive,0.138092372237,-0.205514197074,0.218346395289,138.092372237,-205.514197074,218.346395289,98.0227911156,98.0227911156,249.232395312
1211,0,270,positive,0.138092372237,-0.205224559952,0.218757889605,138.092372237,-205.224559952,218.757889605,97.7331539944,97.7331539944,249.643889627
1211,1,270,positive,0.138092372237,-0.204819709621,0.219298803106,138.092372237,-204.819709621,219.298803106,97.3283036628,97.3283036628,250.184803128
1212,0,270,positive,0.138092372237,-0.204053567745,0.22041710646,138.092372237,-204.053567745,220.41710646,96.5621617867,96.5621617867,251.303106483
1212,1,270,positive,0.138092372237,-0.203935198384,0.220598925345,138.092372237,-203.935198384,220.598925345,96.4437924261,96.4437924261,251.484925368
1213,0,270,positive,0.138092372237,-0.203935198384,0.220598925345,138.092372237,-203.935198384,220.598925345,96.4437924261,96.4437924261,251.484925368
1213,1,270,positive,0.138092372237,-0.203854102275,0.220717261469,138.092372237,-203.854102275,220.717261469,96.3626963174,96.3626963174,251.603261491
1214,0,270,positive,0.138092372237,-0.205799029175,0.217987631609,138.092372237,-205.799029175,217.987631609,98.3076232172,98.3076232172,248.873631631
1214,1,270,positive,0.138092372237,-0.206308437742,0.217410925287,138.092372237,-206.308437742,217.410925287,98.8170317844,98.8170317844,248.296925309
1215,0,270,positive,0.138092372237,-0.204461674454,0.219809481693,138.092372237,-204.461674454,219.809481693,96.9702684963,96.9702684963,250.695481715
1215,1,270,positive,0.138092372237,-0.204819709621,0.219298803106,138.092372237,-204.819709621,219.298803106,97.3283036628,97.3283036628,250.184803128
1216,0,270,positive,0.138092372237,-0.203854102275,0.220717261469,138.092372237,-203.854102275,220.717261469,96.3626963174,96.3626963174,251.603261491
1216,1,270,positive,0.138092372237,-0.203773744757,0.220855793979,138.092372237,-203.773744757,220.855793979,96.2823387993,96.2823387993,251.741794001
1217,0,270,positive,0.138092372237,-0.202671039722,0.222501137456,138.092372237,-202.671039722,222.501137456,95.1796337642,95.1796337642,253.387137478
1217,1,270,positive,0.138092372237,-0.203176364868,0.221772610388,138.092372237,-203.176364868,221.772610388,95.6849589103,95.6849589103,252.65861041
1218,0,270,positive,0.138092372237,-0.204053567745,0.22041710646,138.092372237,-204.053567745,220.41710646,96.5621617867,96.5621617867,251.303106483
1218,1,270,positive,0.138092372237,-0.204461674454,0.219809481693,138.092372237,-204.461674454,219.809481693,96.9702684963,96.9702684963,250.695481715
1219,0,270,positive,0.138092372237,-0.203176364868,0.221772610388,138.092372237,-203.176364868,221.772610388,95.6849589103,95.6849589103,252.65861041
1219,1,270,positive,0.138092372237,-0.203773744757,0.220855793979,138.092372237,-203.773744757,220.855793979,96.2823387993,96.2823387993,251.741794001
1220,0,270,positive,0.138092372237,-0.202671039722,0.222501137456,138.092372237,-202.671039722,222.501137456,95.1796337642,95.1796337642,253.387137478
1220,1,270,positive,0.138092372237,-0.202498151355,0.222790247688,138.092372237,-202.498151355,222.790247688,95.0067453973,95.0067453973,253.676247711
1221,0,270,positive,0.138092372237,-0.201933838397,0.223794444236,138.092372237,-201.933838397,223.794444236,94.4424324388,94.4424324388,254.680444258
1221,1,270,positive,0.138092372237,-0.201905678983,0.223844000926,138.092372237,-201.905678983,223.844000926,94.4142730249,94.4142730249,254.730000948
1222,0,270,positive,0.138092372237,-0.201933838397,0.223794444236,138.092372237,-201.933838397,223.794444236,94.4424324388,94.4424324388,254.680444258
1222,1,270,positive,0.138092372237,-0.202498151355,0.222790247688,138.092372237,-202.498151355,222.790247688,95.0067453973,95.0067453973,253.676247711
1223,0,270,positive,0.138092372237,-0.201352449891,0.225682499066,138.092372237,-201.352449891,225.682499066,93.8610439333,93.8610439333,256.568499089
1223,1,270,positive,0.138092372237,-0.201522979231,0.22508292997,138.092372237,-201.522979231,225.08292997,94.0315732726,94.0315732726,255.968929992
1224,0,270,positive,0.138092372237,-0.201297935639,0.225860993626,138.092372237,-201.297935639,225.860993626,93.806529681,93.806529681,256.746993649
1224,1,270,positive,0.138092372237,-0.201352449891,0.225682499066,138.092372237,-201.352449891,225.682499066,93.8610439333,93.8610439333,256.568499089
1225,0,270,positive,0.138092372237,-0.209253292277,0.235474214183,138.092372237,-209.253292277,235.474214183,101.761886319,101.761886319,266.360214205
1225,1,270,positive,0.138092372237,-0.209259396432,0.235475049924,138.092372237,-209.259396432,235.475049924,101.767990474,101.767990474,266.361049946
1226,0,270,positive,0.138092372237,-0.20489029348,0.233962453545,138.092372237,-204.89029348,233.962453545,97.398887522,97.398887522,264.848453568
1226,1,270,positive,0.138092372237,-0.205463639148,0.234167796019,138.092372237,-205.463639148,234.167796019,97.9722331904,97.9722331904,265.053796042
1227,0,270,positive,0.138092372237,-0.205975009171,0.234422536447,138.092372237,-205.975009171,234.422536447,98.4836032128,98.4836032128,265.308536469
1227,1,270,positive,0.138092372237,-0.205463639148,0.234167796019,138.092372237,-205.463639148,234.167796019,97.9722331904,97.9722331904,265.053796042
1228,0,270,positive,0.138092372237,-0.205975009171,0.234422536447,138.092372237,-205.975009171,234.422536447,98.4836032128,98.4836032128,265.308536469
1228,1,270,positive,0.138092372237,-0.206838402691,0.234873521818,138.092372237,-206.838402691,234.873521818,99.3469967332,99.3469967332,265.759521841
1229,0,270,positive,0.138092372237,-0.206838402691,0.234873521818,138.092372237,-206.838402691,234.873521818,99.3469967332,99.3469967332,265.759521841
1229,1,270,positive,0.138092372237,-0.207120539397,0.234975605828,138.092372237,-207.120539397,234.975605828,99.6291334391,99.6291334391,265.86160585
1230,0,270,positive,0.138092372237,-0.207450286788,0.23510527462,138.092372237,-207.450286788,235.10527462,99.9588808299,99.9588808299,265.991274642
1230,1,270,positive,0.138092372237,-0.207120539397,0.234975605828,138.092372237,-207.120539397,234.975605828,99.6291334391,99.6291334391,265.86160585
1231,0,270,positive,0.138092372237,-0.207519279402,0.235121576839,138.092372237,-207.519279402,235.121576839,100.027873444,100.027873444,266.007576861
1231,1,270,positive,0.138092372237,-0.207450286788,0.23510527462,138.092372237,-207.450286788,235.10527462,99.9588808299,99.9588808299,265.991274642
1232,0,270,positive,0.138092372237,-0.202047878276,0.230842847549,138.092372237,-202.047878276,230.842847549,94.5564723183,94.5564723183,261.728847571
1232,1,270,positive,0.138092372237,-0.201933544397,0.230305724084,138.092372237,-201.933544397,230.305724084,94.4421384387,94.4421384387,261.191724106
1233,0,270,positive,0.138092372237,-0.202081255565,0.23110798609,138.092372237,-202.081255565,231.10798609,94.5898496068,94.5898496068,261.993986112
1233,1,270,positive,0.138092372237,-0.202100921388,0.23145292999,138.092372237,-202.100921388,231.45292999,94.6095154301,94.6095154301,262.338930013
1234,0,270,positive,0.138092372237,-0.202081255565,0.23110798609,138.092372237,-202.081255565,231.10798609,94.5898496068,94.5898496068,261.993986112
1234,1,270,positive,0.138092372237,-0.202047878276,0.230842847549,138.092372237,-202.047878276,230.842847549,94.5564723183,94.5564723183,261.728847571
1235,0,270,positive,0.138092372237,-0.202099349357,0.231640190541,138.092372237,-202.099349357,231.640190541,94.6079433989,94.6079433989,262.526190563
1235,1,270,positive,0.138092372237,-0.202100921388,0.23145292999,138.092372237,-202.100921388,231.45292999,94.6095154301,94.6095154301,262.338930013
1236,0,270,positive,0.138092372237,-0.201405811052,0.227013770292,138.092372237,-201.405811052,227.013770292,93.914405094,93.914405094,257.899770314
1236,1,270,positive,0.138092372237,-0.201335197185,0.226595653296,138.092372237,-201.335197185,226.595653296,93.8437912272,93.8437912272,257.481653318
1237,0,270,positive,0.138092372237,-0.201405811052,0.227013770292,138.092372237,-201.405811052,227.013770292,93.914405094,93.914405094,257.899770314
1237,1,270,positive,0.138092372237,-0.201498941989,0.227546571045,138.092372237,-201.498941989,227.546571045,94.0075360306,94.0075360306,258.432571067
1238,0,270,positive,0.138092372237,-0.201560254351,0.227937052754,138.092372237,-201.560254351,227.937052754,94.0688483926,94.0688483926,258.823052776
1238,1,270,positive,0.138092372237,-0.201498941989,0.227546571045,138.092372237,-201.498941989,227.546571045,94.0075360306,94.0075360306,258.432571067
1239,0,270,positive,0.138092372237,-0.201615353826,0.228498423782,138.092372237,-201.615353826,228.498423782,94.1239478675,94.1239478675,259.384423804
1239,1,270,positive,0.138092372237,-0.201560254351,0.227937052754,138.092372237,-201.560254351,227.937052754,94.0688483926,94.0688483926,258.823052776
1240,0,270,positive,0.138092372237,-0.203003692903,0.232531857912,138.092372237,-203.003692903,232.531857912,95.5122869454,95.5122869454,263.417857934
1240,1,270,positive,0.138092372237,-0.203099992823,0.232574719427,138.092372237,-203.099992823,232.574719427,95.6085868649,95.6085868649,263.460719449
1241,0,270,positive,0.138092372237,-0.202263746221,0.232084124882,138.092372237,-202.263746221,232.084124882,94.7723402628,94.7723402628,262.970124905
1241,1,270,positive,0.138092372237,-0.20238877139,0.232243770075,138.092372237,-202.38877139,232.243770075,94.8973654321,94.8973654321,263.129770097
1242,0,270,positive,0.138092372237,-0.203003692903,0.232531857912,138.092372237,-203.003692903,232.531857912,95.5122869454,95.5122869454,263.417857934
1242,1,270,positive,0.138092372237,-0.20238877139,0.232243770075,138.092372237,-202.38877139,232.243770075,94.8973654321,94.8973654321,263.129770097
1243,0,270,positive,0.138092372237,-0.202099349357,0.231640190541,138.092372237,-202.099349357,231.640190541,94.6079433989,94.6079433989,262.526190563
1243,1,270,positive,0.138092372237,-0.202145984656,0.231931809063,138.092372237,-202.145984656,231.931809063,94.6545786979,94.6545786979,262.817809085
1244,0,270,positive,0.138092372237,-0.203415660814,0.232801165322,138.092372237,-203.415660814,232.801165322,95.9242548555,95.9242548555,263.687165344
1244,1,270,positive,0.138092372237,-0.203099992823,0.232574719427,138.092372237,-203.099992823,232.574719427,95.6085868649,95.6085868649,263.460719449
1245,0,270,positive,0.138092372237,-0.203415660814,0.232801165322,138.092372237,-203.415660814,232.801165322,95.9242548555,95.9242548555,263.687165344
1245,1,270,positive,0.138092372237,-0.203706897951,0.233019526806,138.092372237,-203.706897951,233.019526806,96.2154919934,96.2154919934,263.905526829
1246,0,270,positive,0.138092372237,-0.203706897951,0.233019526806,138.092372237,-203.706897951,233.019526806,96.2154919934,96.2154919934,263.905526829
1246,1,270,positive,0.138092372237,-0.204034540233,0.233304470115,138.092372237,-204.034540233,233.304470115,96.5431342754,96.5431342754,264.190470137
1247,0,270,positive,0.138092372237,-0.204230520079,0.233503055204,138.092372237,-204.230520079,233.503055204,96.7391141208,96.7391141208,264.389055226
1247,1,270,positive,0.138092372237,-0.204034540233,0.233304470115,138.092372237,-204.034540233,233.304470115,96.5431342754,96.5431342754,264.190470137
1248,0,270,positive,0.138092372237,-0.204230520079,0.233503055204,138.092372237,-204.230520079,233.503055204,96.7391141208,96.7391141208,264.389055226
1248,1,270,positive,0.138092372237,-0.204486879048,0.233709269542,138.092372237,-204.486879048,233.709269542,96.99547309,96.99547309,264.595269564
1249,0,270,positive,0.138092372237,-0.202263746221,0.232084124882,138.092372237,-202.263746221,232.084124882,94.7723402628,94.7723402628,262.970124905
1249,1,270,positive,0.138092372237,-0.202164520887,0.23196945447,138.092372237,-202.164520887,231.96945447,94.6731149287,94.6731149287,262.855454493
1250,0,270,positive,0.138092372237,-0.202147484618,0.231946356632,138.092372237,-202.147484618,231.946356632,94.6560786602,94.6560786602,262.832356655
1250,1,270,positive,0.138092372237,-0.202145984656,0.231931809063,138.092372237,-202.145984656,231.931809063,94.6545786979,94.6545786979,262.817809085
1251,0,270,positive,0.138092372237,-0.202164520887,0.23196945447,138.092372237,-202.164520887,231.96945447,94.6731149287,94.6731149287,262.855454493
1251,1,270,positive,0.138092372237,-0.202147484618,0.231946356632,138.092372237,-202.147484618,231.946356632,94.6560786602,94.6560786602,262.832356655
1252,0,270,positive,0.138092372237,-0.204659231042,0.233885278687,138.092372237,-204.659231042,233.885278687,97.1678250837,97.1678250837,264.77127871
1252,1,270,positive,0.138092372237,-0.204486879048,0.233709269542,138.092372237,-204.486879048,233.709269542,96.99547309,96.99547309,264.595269564
1253,0,270,positive,0.138092372237,-0.20489029348,0.233962453545,138.092372237,-204.89029348,233.962453545,97.398887522,97.398887522,264.848453568
1253,1,270,positive,0.138092372237,-0.204659231042,0.233885278687,138.092372237,-204.659231042,233.885278687,97.1678250837,97.1678250837,264.77127871
1254,0,270,positive,0.138092372237,-0.209180843515,0.235458721126,138.092372237,-209.180843515,235.458721126,101.689437557,101.689437557,266.344721148
1254,1,270,positive,0.138092372237,-0.209253292277,0.235474214183,138.092372237,-209.253292277,235.474214183,101.761886319,101.761886319,266.360214205
1255,0,270,positive,0.138092372237,-0.209180843515,0.235458721126,138.092372237,-209.180843515,235.458721126,101.689437557,101.689437557,266.344721148
1255,1,270,positive,0.138092372237,-0.207519279402,0.235121576839,138.092372237,-207.519279402,235.121576839,100.027873444,100.027873444,266.007576861
1256,0,270,positive,0.138092372237,-0.201029021535,0.239668733243,138.092372237,-201.029021535,239.668733243,93.5376155768,93.5376155768,270.554733265
1256,1,270,positive,0.138092372237,-0.200970218362,0.239628500683,138.092372237,-200.970218362,239.628500683,93.4788124039,93.4788124039,270.514500705
1257,0,270,positive,0.138092372237,-0.20109956302,0.239711285753,138.092372237,-201.09956302,239.711285753,93.608157062,93.608157062,270.597285776
1257,1,270,positive,0.138092372237,-0.201029021535,0.239668733243,138.092372237,-201.029021535,239.668733243,93.5376155768,93.5376155768,270.554733265
1258,0,270,positive,0.138092372237,-0.199060193462,0.23827528966,138.092372237,-199.060193462,238.27528966,91.5687875039,91.5687875039,269.161289682
1258,1,270,positive,0.138092372237,-0.199052396467,0.238266707298,138.092372237,-199.052396467,238.266707298,91.5609905095,91.5609905095,269.15270732
1259,0,270,positive,0.138092372237,-0.19915501154,0.238358691289,138.092372237,-199.15501154,238.358691289,91.6636055822,91.6636055822,269.244691312
1259,1,270,positive,0.138092372237,-0.199060193462,0.23827528966,138.092372237,-199.060193462,238.27528966,91.5687875039,91.5687875039,269.161289682
1260,0,270,positive,0.138092372237,-0.199052396467,0.238266707298,138.092372237,-199.052396467,238.266707298,91.5609905095,91.5609905095,269.15270732
1260,1,270,positive,0.138092372237,-0.199007004918,0.238213777729,138.092372237,-199.007004918,238.213777729,91.5155989602,91.5155989602,269.099777751
1261,0,270,positive,0.138092372237,-0.198634352731,0.237734941312,138.092372237,-198.634352731,237.734941312,91.1429467725,91.1429467725,268.620941334
1261,1,270,positive,0.138092372237,-0.199007004918,0.238213777729,138.092372237,-199.007004918,238.213777729,91.5155989602,91.5155989602,269.099777751
1262,0,270,positive,0.138092372237,-0.19915501154,0.238358691289,138.092372237,-199.15501154,238.358691289,91.6636055822,91.6636055822,269.244691312
1262,1,270,positive,0.138092372237,-0.199742659424,0.238893007537,138.092372237,-199.742659424,238.893007537,92.2512534664,92.2512534664,269.779007559
1263,0,270,positive,0.138092372237,-0.200970218362,0.239628500683,138.092372237,-200.970218362,239.628500683,93.4788124039,93.4788124039,270.514500705
1263,1,270,positive,0.138092372237,-0.200906427555,0.239585214529,138.092372237,-200.906427555,239.585214529,93.4150215967,93.4150215967,270.471214551
1264,0,270,positive,0.138092372237,-0.200183855521,0.239137564629,138.092372237,-200.183855521,239.137564629,92.6924495627,92.6924495627,270.023564652
1264,1,270,positive,0.138092372237,-0.199942714114,0.238996287073,138.092372237,-199.942714114,238.996287073,92.4513081558,92.4513081558,269.882287095
1265,0,270,positive,0.138092372237,-0.211343092278,0.242468877699,138.092372237,-211.343092278,242.468877699,103.85168632,103.85168632,273.354877722
1265,1,270,positive,0.138092372237,-0.21112947802,0.242446519402,138.092372237,-211.12947802,242.446519402,103.638072062,103.638072062,273.332519424
1266,0,270,positive,0.138092372237,-0.21112947802,0.242446519402,138.092372237,-211.12947802,242.446519402,103.638072062,103.638072062,273.332519424
1266,1,270,positive,0.138092372237,-0.210921165893,0.242416351442,138.092372237,-210.921165893,242.416351442,103.429759936,103.429759936,273.302351464
1267,0,270,positive,0.138092372237,-0.215337214389,0.242701552198,138.092372237,-215.337214389,242.701552198,107.845808431,107.845808431,273.587552221
1267,1,270,positive,0.138092372237,-0.214301108964,0.242638132352,138.092372237,-214.301108964,242.638132352,106.809703006,106.809703006,273.524132374
1268,0,270,positive,0.138092372237,-0.215721269245,0.242756477254,138.092372237,-215.721269245,242.756477254,108.229863287,108.229863287,273.642477277
1268,1,270,positive,0.138092372237,-0.215337214389,0.242701552198,138.092372237,-215.337214389,242.701552198,107.845808431,107.845808431,273.587552221
1269,0,270,positive,0.138092372237,-0.213894796526,0.242625592868,138.092372237,-213.894796526,242.625592868,106.403390568,106.403390568,273.51159289
1269,1,270,positive,0.138092372237,-0.214301108964,0.242638132352,138.092372237,-214.301108964,242.638132352,106.809703006,106.809703006,273.524132374
1270,0,270,positive,0.138092372237,-0.21337444227,0.242561654981,138.092372237,-213.37444227,242.561654981,105.883036312,105.883036312,273.447655003
1270,1,270,positive,0.138092372237,-0.212293256992,0.24247900923,138.092372237,-212.293256992,242.47900923,104.801851034,104.801851034,273.365009252
1271,0,270,positive,0.138092372237,-0.21337444227,0.242561654981,138.092372237,-213.37444227,242.561654981,105.883036312,105.883036312,273.447655003
1271,1,270,positive,0.138092372237,-0.213643569078,0.242594579117,138.092372237,-213.643569078,242.594579117,106.15216312,106.15216312,273.480579139
1272,0,270,positive,0.138092372237,-0.211982237815,0.242479787354,138.092372237,-211.982237815,242.479787354,104.490831857,104.490831857,273.365787376
1272,1,270,positive,0.138092372237,-0.211343092278,0.242468877699,138.092372237,-211.343092278,242.468877699,103.85168632,103.85168632,273.354877722
1273,0,270,positive,0.138092372237,-0.211982237815,0.242479787354,138.092372237,-211.982237815,242.479787354,104.490831857,104.490831857,273.365787376
1273,1,270,positive,0.138092372237,-0.212293256992,0.24247900923,138.092372237,-212.293256992,242.47900923,104.801851034,104.801851034,273.365009252
1274,0,270,positive,0.138092372237,-0.213643569078,0.242594579117,138.092372237,-213.643569078,242.594579117,106.15216312,106.15216312,273.480579139
1274,1,270,positive,0.138092372237,-0.213894796526,0.242625592868,138.092372237,-213.894796526,242.625592868,106.403390568,106.403390568,273.51159289
1275,0,270,positive,0.138092372237,-0.205036289732,0.241255573485,138.092372237,-205.036289732,241.255573485,97.5448837745,97.5448837745,272.141573507
1275,1,270,positive,0.138092372237,-0.205755269309,0.241462426686,138.092372237,-205.755269309,241.462426686,98.2638633507,98.2638633507,272.348426708
1276,0,270,positive,0.138092372237,-0.205036289732,0.241255573485,138.092372237,-205.036289732,241.255573485,97.5448837745,97.5448837745,272.141573507
1276,1,270,positive,0.138092372237,-0.204710717805,0.241156232653,138.092372237,-204.710717805,241.156232653,97.2193118467,97.2193118467,272.042232676
1277,0,270,positive,0.138092372237,-0.207759270279,0.241871101247,138.092372237,-207.759270279,241.871101247,100.267864321,100.267864321,272.75710127
1277,1,270,positive,0.138092372237,-0.206028232342,0.241520818285,138.092372237,-206.028232342,241.520818285,98.5368263839,98.5368263839,272.406818308
1278,0,270,positive,0.138092372237,-0.205755269309,0.241462426686,138.092372237,-205.755269309,241.462426686,98.2638633507,98.2638633507,272.348426708
1278,1,270,positive,0.138092372237,-0.205904434467,0.241497761676,138.092372237,-205.904434467,241.497761676,98.4130285085,98.4130285085,272.383761698
1279,0,270,positive,0.138092372237,-0.201429523825,0.239886157166,138.092372237,-201.429523825,239.886157166,93.9381178668,93.9381178668,270.772157189
1279,1,270,positive,0.138092372237,-0.20109956302,0.239711285753,138.092372237,-201.09956302,239.711285753,93.608157062,93.608157062,270.597285776
1280,0,270,positive,0.138092372237,-0.201429523825,0.239886157166,138.092372237,-201.429523825,239.886157166,93.9381178668,93.9381178668,270.772157189
1280,1,270,positive,0.138092372237,-0.202380149954,0.24037444983,138.092372237,-202.380149954,240.37444983,94.888743996,94.888743996,271.260449852
1281,0,270,positive,0.138092372237,-0.203111035176,0.240681962965,138.092372237,-203.111035176,240.681962965,95.6196292185,95.6196292185,271.567962987
1281,1,270,positive,0.138092372237,-0.202380149954,0.24037444983,138.092372237,-202.380149954,240.37444983,94.888743996,94.888743996,271.260449852
1282,0,270,positive,0.138092372237,-0.203111035176,0.240681962965,138.092372237,-203.111035176,240.681962965,95.6196292185,95.6196292185,271.567962987
1282,1,270,positive,0.138092372237,-0.203506564558,0.240859612426,138.092372237,-203.506564558,240.859612426,96.0151586005,96.0151586005,271.745612448
1283,0,270,positive,0.138092372237,-0.200183855521,0.239137564629,138.092372237,-200.183855521,239.137564629,92.6924495627,92.6924495627,270.023564652
1283,1,270,positive,0.138092372237,-0.200906427555,0.239585214529,138.092372237,-200.906427555,239.585214529,93.4150215967,93.4150215967,270.471214551
1284,0,270,positive,0.138092372237,-0.199742659424,0.238893007537,138.092372237,-199.742659424,238.893007537,92.2512534664,92.2512534664,269.779007559
1284,1,270,positive,0.138092372237,-0.199942714114,0.238996287073,138.092372237,-199.942714114,238.996287073,92.4513081558,92.4513081558,269.882287095
1285,0,270,positive,0.138092372237,-0.204710717805,0.241156232653,138.092372237,-204.710717805,241.156232653,97.2193118467,97.2193118467,272.042232676
1285,1,270,positive,0.138092372237,-0.204420049104,0.241089562234,138.092372237,-204.420049104,241.089562234,96.9286431462,96.9286431462,271.975562256
1286,0,270,positive,0.138092372237,-0.203677194379,0.240912975865,138.092372237,-203.677194379,240.912975865,96.1857884208,96.1857884208,271.798975887
1286,1,270,positive,0.138092372237,-0.204420049104,0.241089562234,138.092372237,-204.420049104,241.089562234,96.9286431462,96.9286431462,271.975562256
1287,0,270,positive,0.138092372237,-0.203506564558,0.240859612426,138.092372237,-203.506564558,240.859612426,96.0151586005,96.0151586005,271.745612448
1287,1,270,positive,0.138092372237,-0.203677194379,0.240912975865,138.092372237,-203.677194379,240.912975865,96.1857884208,96.1857884208,271.798975887
1288,0,270,positive,0.138092372237,-0.210044943517,0.242328614168,138.092372237,-210.044943517,242.328614168,102.553537559,102.553537559,273.214614191
1288,1,270,positive,0.138092372237,-0.209477417445,0.242228190826,138.092372237,-209.477417445,242.228190826,101.986011487,101.986011487,273.114190848
1289,0,270,positive,0.138092372237,-0.210590376021,0.242377517266,138.092372237,-210.590376021,242.377517266,103.098970063,103.098970063,273.263517288
1289,1,270,positive,0.138092372237,-0.210044943517,0.242328614168,138.092372237,-210.044943517,242.328614168,102.553537559,102.553537559,273.214614191
1290,0,270,positive,0.138092372237,-0.20879610812,0.242112566954,138.092372237,-208.79610812,242.112566954,101.304702162,101.304702162,272.998566976
1290,1,270,positive,0.138092372237,-0.208193729995,0.241975812134,138.092372237,-208.193729995,241.975812134,100.702324037,100.702324037,272.861812156
1291,0,270,positive,0.138092372237,-0.207759270279,0.241871101247,138.092372237,-207.759270279,241.871101247,100.267864321,100.267864321,272.75710127
1291,1,270,positive,0.138092372237,-0.208193729995,0.241975812134,138.092372237,-208.193729995,241.975812134,100.702324037,100.702324037,272.861812156
1292,0,270,positive,0.138092372237,-0.20879610812,0.242112566954,138.092372237,-208.79610812,242.112566954,101.304702162,101.304702162,272.998566976
1292,1,270,positive,0.138092372237,-0.209477417445,0.242228190826,138.092372237,-209.477417445,242.228190826,101.986011487,101.986011487,273.114190848
1293,0,270,positive,0.138092372237,-0.210748538505,0.242416410806,138.092372237,-210.748538505,242.416410806,103.257132547,103.257132547,273.302410828
1293,1,270,positive,0.138092372237,-0.210921165893,0.242416351442,138.092372237,-210.921165893,242.416351442,103.429759936,103.429759936,273.302351464
1294,0,270,positive,0.138092372237,-0.210590376021,0.242377517266,138.092372237,-210.590376021,242.377517266,103.098970063,103.098970063,273.263517288
1294,1,270,positive,0.138092372237,-0.210688418238,0.242401862098,138.092372237,-210.688418238,242.401862098,103.19701228,103.19701228,273.28786212
1295,0,270,positive,0.138092372237,-0.210688418238,0.242401862098,138.092372237,-210.688418238,242.401862098,103.19701228,103.19701228,273.28786212
1295,1,270,positive,0.138092372237,-0.210748538505,0.242416410806,138.092372237,-210.748538505,242.416410806,103.257132547,103.257132547,273.302410828
1296,0,270,positive,0.138092372237,-0.205904434467,0.241497761676,138.092372237,-205.904434467,241.497761676,98.4130285085,98.4130285085,272.383761698
1296,1,270,positive,0.138092372237,-0.206028232342,0.241520818285,138.092372237,-206.028232342,241.520818285,98.5368263839,98.5368263839,272.406818308
1297,0,270,positive,0.138092372237,-0.222369242741,0.238767585928,138.092372237,-222.369242741,238.767585928,114.877836783,114.877836783,269.65358595
1297,1,270,positive,0.138092372237,-0.222882461723,0.239051228233,138.092372237,-222.882461723,239.051228233,115.391055765,115.391055765,269.937228255
1298,0,270,positive,0.138092372237,-0.223556761394,0.23939598201,138.092372237,-223.556761394,239.39598201,116.065355436,116.065355436,270.281982033
1298,1,270,positive,0.138092372237,-0.222882461723,0.239051228233,138.092372237,-222.882461723,239.051228233,115.391055765,115.391055765,269.937228255
1299,0,270,positive,0.138092372237,-0.224065831717,0.239800946221,138.092372237,-224.065831717,239.800946221,116.574425759,116.574425759,270.686946243
1299,1,270,positive,0.138092372237,-0.224133471675,0.239869726894,138.092372237,-224.133471675,239.869726894,116.642065717,116.642065717,270.755726916
1300,0,270,positive,0.138092372237,-0.224133471675,0.239869726894,138.092372237,-224.133471675,239.869726894,116.642065717,116.642065717,270.755726916
1300,1,270,positive,0.138092372237,-0.224183646019,0.239937029487,138.092372237,-224.183646019,239.937029487,116.692240061,116.692240061,270.823029509
1301,0,270,positive,0.138092372237,-0.223967790942,0.239713990978,138.092372237,-223.967790942,239.713990978,116.476384984,116.476384984,270.599991001
1301,1,270,positive,0.138092372237,-0.224065831717,0.239800946221,138.092372237,-224.065831717,239.800946221,116.574425759,116.574425759,270.686946243
1302,0,270,positive,0.138092372237,-0.223291947379,0.244184088411,138.092372237,-223.291947379,244.184088411,115.800541421,115.800541421,275.070088433
1302,1,270,positive,0.138092372237,-0.22327155284,0.244200674336,138.092372237,-223.27155284,244.200674336,115.780146882,115.780146882,275.086674358
1303,0,270,positive,0.138092372237,-0.223337807531,0.244171027502,138.092372237,-223.337807531,244.171027502,115.846401573,115.846401573,275.057027524
1303,1,270,positive,0.138092372237,-0.223291947379,0.244184088411,138.092372237,-223.291947379,244.184088411,115.800541421,115.800541421,275.070088433
1304,0,270,positive,0.138092372237,-0.22327155284,0.244200674336,138.092372237,-223.27155284,244.200674336,115.780146882,115.780146882,275.086674358
1304,1,270,positive,0.138092372237,-0.223126849086,0.244346186592,138.092372237,-223.126849086,244.346186592,115.635443128,115.635443128,275.232186615
1305,0,270,positive,0.138092372237,-0.222915139774,0.244573270337,138.092372237,-222.915139774,244.573270337,115.423733816,115.423733816,275.45927036
1305,1,270,positive,0.138092372237,-0.223126849086,0.244346186592,138.092372237,-223.126849086,244.346186592,115.635443128,115.635443128,275.232186615
1306,0,270,positive,0.138092372237,-0.223556761394,0.23939598201,138.092372237,-223.556761394,239.39598201,116.065355436,116.065355436,270.281982033
1306,1,270,positive,0.138092372237,-0.223778440181,0.239558281148,138.092372237,-223.778440181,239.558281148,116.287034223,116.287034223,270.44428117
1307,0,270,positive,0.138092372237,-0.224425097895,0.240216790276,138.092372237,-224.425097895,240.216790276,116.933691937,116.933691937,271.102790299
1307,1,270,positive,0.138092372237,-0.224183646019,0.239937029487,138.092372237,-224.183646019,239.937029487,116.692240061,116.692240061,270.823029509
1308,0,270,positive,0.138092372237,-0.224425097895,0.240216790276,138.092372237,-224.425097895,240.216790276,116.933691937,116.933691937,271.102790299
1308,1,270,positive,0.138092372237,-0.224727427706,0.240779426677,138.092372237,-224.727427706,240.779426677,117.236021748,117.236021748,271.665426699
1309,0,270,positive,0.138092372237,-0.224824780955,0.240938830266,138.092372237,-224.824780955,240.938830266,117.333374997,117.333374997,271.824830288
1309,1,270,positive,0.138092372237,-0.224727427706,0.240779426677,138.092372237,-224.727427706,240.779426677,117.236021748,117.236021748,271.665426699
1310,0,270,positive,0.138092372237,-0.224824780955,0.240938830266,138.092372237,-224.824780955,240.938830266,117.333374997,117.333374997,271.824830288
1310,1,270,positive,0.138092372237,-0.22497056425,0.241414799399,138.092372237,-224.97056425,241.414799399,117.479158292,117.479158292,272.300799422
1311,0,270,positive,0.138092372237,-0.224977042154,0.241454144756,138.092372237,-224.977042154,241.454144756,117.485636196,117.485636196,272.340144778
1311,1,270,positive,0.138092372237,-0.224985399882,0.241707563788,138.092372237,-224.985399882,241.707563788,117.493993924,117.493993924,272.59356381
1312,0,270,positive,0.138092372237,-0.224985399882,0.241707563788,138.092372237,-224.985399882,241.707563788,117.493993924,117.493993924,272.59356381
1312,1,270,positive,0.138092372237,-0.224902195372,0.242589058757,138.092372237,-224.902195372,242.589058757,117.410789414,117.410789414,273.475058779
1313,0,270,positive,0.138092372237,-0.224838301883,0.2429775647,138.092372237,-224.838301883,242.9775647,117.346895925,117.346895925,273.863564723
1313,1,270,positive,0.138092372237,-0.224902195372,0.242589058757,138.092372237,-224.902195372,242.589058757,117.410789414,117.410789414,273.475058779
1314,0,270,positive,0.138092372237,-0.223967790942,0.239713990978,138.092372237,-223.967790942,239.713990978,116.476384984,116.476384984,270.599991001
1314,1,270,positive,0.138092372237,-0.223778440181,0.239558281148,138.092372237,-223.778440181,239.558281148,116.287034223,116.287034223,270.44428117
1315,0,270,positive,0.138092372237,-0.224976940192,0.241446815086,138.092372237,-224.976940192,241.446815086,117.485534234,117.485534234,272.332815108
1315,1,270,positive,0.138092372237,-0.22497056425,0.241414799399,138.092372237,-224.97056425,241.414799399,117.479158292,117.479158292,272.300799422
1316,0,270,positive,0.138092372237,-0.224977042154,0.241454144756,138.092372237,-224.977042154,241.454144756,117.485636196,117.485636196,272.340144778
1316,1,270,positive,0.138092372237,-0.224976940192,0.241446815086,138.092372237,-224.976940192,241.446815086,117.485534234,117.485534234,272.332815108
1317,0,270,positive,0.138092372237,-0.224766683088,0.243205500856,138.092372237,-224.766683088,243.205500856,117.27527713,117.27527713,274.091500878
1317,1,270,positive,0.138092372237,-0.22468897239,0.243492197709,138.092372237,-224.68897239,243.492197709,117.197566432,117.197566432,274.378197732
1318,0,270,positive,0.138092372237,-0.224766683088,0.243205500856,138.092372237,-224.766683088,243.205500856,117.27527713,117.27527713,274.091500878
1318,1,270,positive,0.138092372237,-0.224838301883,0.2429775647,138.092372237,-224.838301883,242.9775647,117.346895925,117.346895925,273.863564723
1319,0,270,positive,0.138092372237,-0.22468897239,0.243492197709,138.092372237,-224.68897239,243.492197709,117.197566432,117.197566432,274.378197732
1319,1,270,positive,0.138092372237,-0.224586781906,0.24367134861,138.092372237,-224.586781906,243.67134861,117.095375948,117.095375948,274.557348632
1320,0,270,positive,0.138092372237,-0.224438650544,0.243845061576,138.092372237,-224.438650544,243.845061576,116.947244586,116.947244586,274.731061598
1320,1,270,positive,0.138092372237,-0.224586781906,0.24367134861,138.092372237,-224.586781906,243.67134861,117.095375948,117.095375948,274.557348632
1321,0,270,positive,0.138092372237,-0.224438650544,0.243845061576,138.092372237,-224.438650544,243.845061576,116.947244586,116.947244586,274.731061598
1321,1,270,positive,0.138092372237,-0.224224166478,0.244062787695,138.092372237,-224.224166478,244.062787695,116.73276052,116.73276052,274.948787717
1322,0,270,positive,0.138092372237,-0.224154809501,0.244090335849,138.092372237,-224.154809501,244.090335849,116.663403543,116.663403543,274.976335872
1322,1,270,positive,0.138092372237,-0.223937992667,0.244065806596,138.092372237,-223.937992667,244.065806596,116.446586709,116.446586709,274.951806618
1323,0,270,positive,0.138092372237,-0.223337807531,0.244171027502,138.092372237,-223.337807531,244.171027502,115.846401573,115.846401573,275.057027524
1323,1,270,positive,0.138092372237,-0.223937992667,0.244065806596,138.092372237,-223.937992667,244.065806596,116.446586709,116.446586709,274.951806618
1324,0,270,positive,0.138092372237,-0.224154809501,0.244090335849,138.092372237,-224.154809501,244.090335849,116.663403543,116.663403543,274.976335872
1324,1,270,positive,0.138092372237,-0.224224166478,0.244062787695,138.092372237,-224.224166478,244.062787695,116.73276052,116.73276052,274.948787717
1325,0,270,positive,0.138092372237,-0.215853477523,0.236729594939,138.092372237,-215.853477523,236.729594939,108.362071565,108.362071565,267.615594961
1325,1,270,positive,0.138092372237,-0.215197416524,0.236510382814,138.092372237,-215.197416524,236.510382814,107.706010566,107.706010566,267.396382836
1326,0,270,positive,0.138092372237,-0.220817014206,0.238151292108,138.092372237,-220.817014206,238.151292108,113.325608248,113.325608248,269.037292131
1326,1,270,positive,0.138092372237,-0.22081842847,0.238151777454,138.092372237,-220.81842847,238.151777454,113.327022512,113.327022512,269.037777476
1327,0,270,positive,0.138092372237,-0.220817014206,0.238151292108,138.092372237,-220.817014206,238.151292108,113.325608248,113.325608248,269.037292131
1327,1,270,positive,0.138092372237,-0.219617391471,0.237798191303,138.092372237,-219.617391471,237.798191303,112.125985513,112.125985513,268.684191325
1328,0,270,positive,0.138092372237,-0.219487213616,0.237756915874,138.092372237,-219.487213616,237.756915874,111.995807658,111.995807658,268.642915896
1328,1,270,positive,0.138092372237,-0.219617391471,0.237798191303,138.092372237,-219.617391471,237.798191303,112.125985513,112.125985513,268.684191325
1329,0,270,positive,0.138092372237,-0.218110830557,0.237392396109,138.092372237,-218.110830557,237.392396109,110.619424599,110.619424599,268.278396131
1329,1,270,positive,0.138092372237,-0.218191352634,0.237416242188,138.092372237,-218.191352634,237.416242188,110.699946676,110.699946676,268.30224221
1330,0,270,positive,0.138092372237,-0.218191352634,0.237416242188,138.092372237,-218.191352634,237.416242188,110.699946676,110.699946676,268.30224221
1330,1,270,positive,0.138092372237,-0.218223243873,0.237424138115,138.092372237,-218.223243873,237.424138115,110.731837915,110.731837915,268.310138137
1331,0,270,positive,0.138092372237,-0.218110830557,0.237392396109,138.092372237,-218.110830557,237.392396109,110.619424599,110.619424599,268.278396131
1331,1,270,positive,0.138092372237,-0.216632348692,0.236969205898,138.092372237,-216.632348692,236.969205898,109.140942734,109.140942734,267.855205921
1332,0,270,positive,0.138092372237,-0.219487213616,0.237756915874,138.092372237,-219.487213616,237.756915874,111.995807658,111.995807658,268.642915896
1332,1,270,positive,0.138092372237,-0.218223243873,0.237424138115,138.092372237,-218.223243873,237.424138115,110.731837915,110.731837915,268.310138137
1333,0,270,positive,0.138092372237,-0.22081842847,0.238151777454,138.092372237,-220.81842847,238.151777454,113.327022512,113.327022512,269.037777476
1333,1,270,positive,0.138092372237,-0.220828109338,0.23815540045,138.092372237,-220.828109338,238.15540045,113.33670338,113.33670338,269.041400473
1334,0,270,positive,0.138092372237,-0.221858033425,0.238536384088,138.092372237,-221.858033425,238.536384088,114.366627467,114.366627467,269.422384111
1334,1,270,positive,0.138092372237,-0.220828109338,0.23815540045,138.092372237,-220.828109338,238.15540045,113.33670338,113.33670338,269.041400473
1335,0,270,positive,0.138092372237,-0.222369242741,0.238767585928,138.092372237,-222.369242741,238.767585928,114.877836783,114.877836783,269.65358595
1335,1,270,positive,0.138092372237,-0.221858033425,0.238536384088,138.092372237,-221.858033425,238.536384088,114.366627467,114.366627467,269.422384111
1336,0,270,positive,0.138092372237,-0.218861488501,0.243570022996,138.092372237,-218.861488501,243.570022996,111.370082543,111.370082543,274.456023018
1336,1,270,positive,0.138092372237,-0.218541889286,0.243501549009,138.092372237,-218.541889286,243.501549009,111.050483328,111.050483328,274.387549031
1337,0,270,positive,0.138092372237,-0.218171613525,0.243498680687,138.092372237,-218.171613525,243.498680687,110.680207567,110.680207567,274.384680709
1337,1,270,positive,0.138092372237,-0.218541889286,0.243501549009,138.092372237,-218.541889286,243.501549009,111.050483328,111.050483328,274.387549031
1338,0,270,positive,0.138092372237,-0.218171613525,0.243498680687,138.092372237,-218.171613525,243.498680687,110.680207567,110.680207567,274.384680709
1338,1,270,positive,0.138092372237,-0.21677143312,0.243065657845,138.092372237,-216.77143312,243.065657845,109.280027162,109.280027162,273.951657868
1339,0,270,positive,0.138092372237,-0.216599309628,0.243016558857,138.092372237,-216.599309628,243.016558857,109.10790367,109.10790367,273.90255888
1339,1,270,positive,0.138092372237,-0.21677143312,0.243065657845,138.092372237,-216.77143312,243.065657845,109.280027162,109.280027162,273.951657868
1340,0,270,positive,0.138092372237,-0.21653524745,0.242989307272,138.092372237,-216.53524745,242.989307272,109.043841492,109.043841492,273.875307294
1340,1,270,positive,0.138092372237,-0.216599309628,0.243016558857,138.092372237,-216.599309628,243.016558857,109.10790367,109.10790367,273.90255888
1341,0,270,positive,0.138092372237,-0.2209979486,0.244116417905,138.092372237,-220.9979486,244.116417905,113.506542642,113.506542642,275.002417927
1341,1,270,positive,0.138092372237,-0.220841424311,0.244080325275,138.092372237,-220.841424311,244.080325275,113.350018353,113.350018353,274.966325297
1342,0,270,positive,0.138092372237,-0.220841424311,0.244080325275,138.092372237,-220.841424311,244.080325275,113.350018353,113.350018353,274.966325297
1342,1,270,positive,0.138092372237,-0.220627571128,0.244104940122,138.092372237,-220.627571128,244.104940122,113.13616517,113.13616517,274.990940145
1343,0,270,positive,0.138092372237,-0.220079259632,0.24423944563,138.092372237,-220.079259632,244.23944563,112.587853674,112.587853674,275.125445653
1343,1,270,positive,0.138092372237,-0.219743463245,0.244071513104,138.092372237,-219.743463245,244.071513104,112.252057287,112.252057287,274.957513126
1344,0,270,positive,0.138092372237,-0.221137548245,0.244108086863,138.092372237,-221.137548245,244.108086863,113.646142287,113.646142287,274.994086885
1344,1,270,positive,0.138092372237,-0.2209979486,0.244116417905,138.092372237,-220.9979486,244.116417905,113.506542642,113.506542642,275.002417927
1345,0,270,positive,0.138092372237,-0.220627571128,0.244104940122,138.092372237,-220.627571128,244.104940122,113.13616517,113.13616517,274.990940145
1345,1,270,positive,0.138092372237,-0.220308962151,0.24424149174,138.092372237,-220.308962151,244.24149174,112.817556193,112.817556193,275.127491762
1346,0,270,positive,0.138092372237,-0.220301724122,0.244243412913,138.092372237,-220.301724122,244.243412913,112.810318164,112.810318164,275.129412935
1346,1,270,positive,0.138092372237,-0.220308962151,0.24424149174,138.092372237,-220.308962151,244.24149174,112.817556193,112.817556193,275.127491762
1347,0,270,positive,0.138092372237,-0.221546041667,0.244215687686,138.092372237,-221.546041667,244.215687686,114.054635709,114.054635709,275.101687709
1347,1,270,positive,0.138092372237,-0.221339709174,0.244144152709,138.092372237,-221.339709174,244.144152709,113.848303216,113.848303216,275.030152732
1348,0,270,positive,0.138092372237,-0.221137548245,0.244108086863,138.092372237,-221.137548245,244.108086863,113.646142287,113.646142287,274.994086885
1348,1,270,positive,0.138092372237,-0.221339709174,0.244144152709,138.092372237,-221.339709174,244.144152709,113.848303216,113.848303216,275.030152732
1349,0,270,positive,0.138092372237,-0.220301724122,0.244243412913,138.092372237,-220.301724122,244.243412913,112.810318164,112.810318164,275.129412935
1349,1,270,positive,0.138092372237,-0.220088586225,0.244243697488,138.092372237,-220.088586225,244.243697488,112.597180267,112.597180267,275.12969751
1350,0,270,positive,0.138092372237,-0.220079259632,0.24423944563,138.092372237,-220.079259632,244.23944563,112.587853674,112.587853674,275.125445653
1350,1,270,positive,0.138092372237,-0.220088586225,0.244243697488,138.092372237,-220.088586225,244.243697488,112.597180267,112.597180267,275.12969751
1351,0,270,positive,0.138092372237,-0.22263614434,0.244561924237,138.092372237,-222.63614434,244.561924237,115.144738382,115.144738382,275.447924259
1351,1,270,positive,0.138092372237,-0.222342773743,0.244495653049,138.092372237,-222.342773743,244.495653049,114.851367785,114.851367785,275.381653071
1352,0,270,positive,0.138092372237,-0.222342773743,0.244495653049,138.092372237,-222.342773743,244.495653049,114.851367785,114.851367785,275.381653071
1352,1,270,positive,0.138092372237,-0.222201051843,0.24447631758,138.092372237,-222.201051843,244.47631758,114.709645885,114.709645885,275.362317603
1353,0,270,positive,0.138092372237,-0.2221032712,0.244444276526,138.092372237,-222.1032712,244.444276526,114.611865242,114.611865242,275.330276548
1353,1,270,positive,0.138092372237,-0.222201051843,0.24447631758,138.092372237,-222.201051843,244.47631758,114.709645885,114.709645885,275.362317603
1354,0,270,positive,0.138092372237,-0.221733243682,0.244332544206,138.092372237,-221.733243682,244.332544206,114.241837724,114.241837724,275.218544229
1354,1,270,positive,0.138092372237,-0.221546041667,0.244215687686,138.092372237,-221.546041667,244.215687686,114.054635709,114.054635709,275.101687709
1355,0,270,positive,0.138092372237,-0.221733243682,0.244332544206,138.092372237,-221.733243682,244.332544206,114.241837724,114.241837724,275.218544229
1355,1,270,positive,0.138092372237,-0.2221032712,0.244444276526,138.092372237,-222.1032712,244.444276526,114.611865242,114.611865242,275.330276548
1356,0,270,positive,0.138092372237,-0.22282387981,0.244582618997,138.092372237,-222.82387981,244.582618997,115.332473852,115.332473852,275.468619019
1356,1,270,positive,0.138092372237,-0.22263614434,0.244561924237,138.092372237,-222.63614434,244.561924237,115.144738382,115.144738382,275.447924259
1357,0,270,positive,0.138092372237,-0.22282387981,0.244582618997,138.092372237,-222.82387981,244.582618997,115.332473852,115.332473852,275.468619019
1357,1,270,positive,0.138092372237,-0.222915139774,0.244573270337,138.092372237,-222.915139774,244.573270337,115.423733816,115.423733816,275.45927036
1358,0,270,positive,0.138092372237,-0.219609052627,0.243951878183,138.092372237,-219.609052627,243.951878183,112.117646669,112.117646669,274.837878205
1358,1,270,positive,0.138092372237,-0.21937309636,0.243760080626,138.092372237,-219.37309636,243.760080626,111.881690402,111.881690402,274.646080648
1359,0,270,positive,0.138092372237,-0.219609052627,0.243951878183,138.092372237,-219.609052627,243.951878183,112.117646669,112.117646669,274.837878205
1359,1,270,positive,0.138092372237,-0.219743463245,0.244071513104,138.092372237,-219.743463245,244.071513104,112.252057287,112.252057287,274.957513126
1360,0,270,positive,0.138092372237,-0.21937309636,0.243760080626,138.092372237,-219.37309636,243.760080626,111.881690402,111.881690402,274.646080648
1360,1,270,positive,0.138092372237,-0.219145138143,0.243674007041,138.092372237,-219.145138143,243.674007041,111.653732185,111.653732185,274.560007064
1361,0,270,positive,0.138092372237,-0.219013766332,0.243593259383,138.092372237,-219.013766332,243.593259383,111.522360374,111.522360374,274.479259405
1361,1,270,positive,0.138092372237,-0.219145138143,0.243674007041,138.092372237,-219.145138143,243.674007041,111.653732185,111.653732185,274.560007064
1362,0,270,positive,0.138092372237,-0.218861488501,0.243570022996,138.092372237,-218.861488501,243.570022996,111.370082543,111.370082543,274.456023018
1362,1,270,positive,0.138092372237,-0.219013766332,0.243593259383,138.092372237,-219.013766332,243.593259383,111.522360374,111.522360374,274.479259405
1363,0,270,positive,0.138092372237,-0.215721269245,0.242756477254,138.092372237,-215.721269245,242.756477254,108.229863287,108.229863287,273.642477277
1363,1,270,positive,0.138092372237,-0.216062630504,0.242838182395,138.092372237,-216.062630504,242.838182395,108.571224546,108.571224546,273.724182417
1364,0,270,positive,0.138092372237,-0.216453508681,0.242953860699,138.092372237,-216.453508681,242.953860699,108.962102723,108.962102723,273.839860721
1364,1,270,positive,0.138092372237,-0.216062630504,0.242838182395,138.092372237,-216.062630504,242.838182395,108.571224546,108.571224546,273.724182417
1365,0,270,positive,0.138092372237,-0.216453508681,0.242953860699,138.092372237,-216.453508681,242.953860699,108.962102723,108.962102723,273.839860721
1365,1,270,positive,0.138092372237,-0.21653524745,0.242989307272,138.092372237,-216.53524745,242.989307272,109.043841492,109.043841492,273.875307294
1366,0,270,positive,0.138092372237,-0.178471643783,0.048278191771,138.092372237,-178.471643783,48.278191771,70.9802378249,70.9802378249,79.1641917933
1366,1,270,positive,0.138092372237,-0.178157197159,0.0476052358225,138.092372237,-178.157197159,47.6052358225,70.6657912014,70.6657912014,78.4912358448
1367,0,270,positive,0.138092372237,-0.179479572799,0.0508885799899,138.092372237,-179.479572799,50.8885799899,71.9881668406,71.9881668406,81.7745800121
1367,1,270,positive,0.138092372237,-0.179392605557,0.0506189509992,138.092372237,-179.392605557,50.6189509992,71.9011995987,71.9011995987,81.5049510215
1368,0,270,positive,0.138092372237,-0.179500014714,0.0509606310464,138.092372237,-179.500014714,50.9606310464,72.0086087562,72.0086087562,81.8466310687
1368,1,270,positive,0.138092372237,-0.179479572799,0.0508885799899,138.092372237,-179.479572799,50.8885799899,71.9881668406,71.9881668406,81.7745800121
1369,0,270,positive,0.138092372237,-0.183266808853,0.0491720257278,138.092372237,-183.266808853,49.1720257278,75.7754028952,75.7754028952,80.0580257501
1369,1,270,positive,0.138092372237,-0.183232102139,0.0490873203354,138.092372237,-183.232102139,49.0873203354,75.740696181,75.740696181,79.9733203577
1370,0,270,positive,0.138092372237,-0.183885758057,0.0503679318042,138.092372237,-183.885758057,50.3679318042,76.3943520994,76.3943520994,81.2539318265
1370,1,270,positive,0.138092372237,-0.184297321927,0.0513005355641,138.092372237,-184.297321927,51.3005355641,76.8059159685,76.8059159685,82.1865355864
1371,0,270,positive,0.138092372237,-0.183266808853,0.0491720257278,138.092372237,-183.266808853,49.1720257278,75.7754028952,75.7754028952,80.0580257501
1371,1,270,positive,0.138092372237,-0.183641478383,0.0498727659611,138.092372237,-183.641478383,49.8727659611,76.1500724245,76.1500724245,80.7587659834
1372,0,270,positive,0.138092372237,-0.183885758057,0.0503679318042,138.092372237,-183.885758057,50.3679318042,76.3943520994,76.3943520994,81.2539318265
1372,1,270,positive,0.138092372237,-0.183641478383,0.0498727659611,138.092372237,-183.641478383,49.8727659611,76.1500724245,76.1500724245,80.7587659834
1373,0,270,positive,0.138092372237,-0.178471643783,0.048278191771,138.092372237,-178.471643783,48.278191771,70.9802378249,70.9802378249,79.1641917933
1373,1,270,positive,0.138092372237,-0.178771087063,0.0487856939207,138.092372237,-178.771087063,48.7856939207,71.2796811052,71.2796811052,79.671693943
1374,0,270,positive,0.138092372237,-0.178771087063,0.0487856939207,138.092372237,-178.771087063,48.7856939207,71.2796811052,71.2796811052,79.671693943
1374,1,270,positive,0.138092372237,-0.179392605557,0.0506189509992,138.092372237,-179.392605557,50.6189509992,71.9011995987,71.9011995987,81.5049510215
1375,0,270,positive,0.138092372237,-0.202172994614,0.124847014729,138.092372237,-202.172994614,124.847014729,94.6815886557,94.6815886557,155.733014751
1375,1,270,positive,0.138092372237,-0.202236754033,0.125181725858,138.092372237,-202.236754033,125.181725858,94.7453480746,94.7453480746,156.067725881
1376,0,270,positive,0.138092372237,-0.202172994614,0.124847014729,138.092372237,-202.172994614,124.847014729,94.6815886557,94.6815886557,155.733014751
1376,1,270,positive,0.138092372237,-0.201998852154,0.124151416249,138.092372237,-201.998852154,124.151416249,94.5074461965,94.5074461965,155.037416272
1377,0,270,positive,0.138092372237,-0.202481743494,0.125684269234,138.092372237,-202.481743494,125.684269234,94.9903375363,94.9903375363,156.570269256
1377,1,270,positive,0.138092372237,-0.202236754033,0.125181725858,138.092372237,-202.236754033,125.181725858,94.7453480746,94.7453480746,156.067725881
1378,0,270,positive,0.138092372237,-0.207026575106,0.123850096744,138.092372237,-207.026575106,123.850096744,99.5351691475,99.5351691475,154.736096766
1378,1,270,positive,0.138092372237,-0.207211329114,0.124725619939,138.092372237,-207.211329114,124.725619939,99.7199231558,99.7199231558,155.611619961
1379,0,270,positive,0.138092372237,-0.207274376482,0.125134727376,138.092372237,-207.274376482,125.134727376,99.7829705236,99.7829705236,156.020727398
1379,1,270,positive,0.138092372237,-0.207211329114,0.124725619939,138.092372237,-207.211329114,124.725619939,99.7199231558,99.7199231558,155.611619961
1380,0,270,positive,0.138092372237,-0.207694370058,0.126995679979,138.092372237,-207.694370058,126.995679979,100.2029641,100.2029641,157.881680001
1380,1,270,positive,0.138092372237,-0.207274376482,0.125134727376,138.092372237,-207.274376482,125.134727376,99.7829705236,99.7829705236,156.020727398
1381,0,270,positive,0.138092372237,-0.207694370058,0.126995679979,138.092372237,-207.694370058,126.995679979,100.2029641,100.2029641,157.881680001
1381,1,270,positive,0.138092372237,-0.207799302111,0.127457918479,138.092372237,-207.799302111,127.457918479,100.307896153,100.307896153,158.343918502
1382,0,270,positive,0.138092372237,-0.202481743494,0.125684269234,138.092372237,-202.481743494,125.684269234,94.9903375363,94.9903375363,156.570269256
1382,1,270,positive,0.138092372237,-0.202748542337,0.12623252765,138.092372237,-202.748542337,126.23252765,95.2571363792,95.2571363792,157.118527672
1383,0,270,positive,0.138092372237,-0.181344087675,0.0545764740428,138.092372237,-181.344087675,54.5764740428,73.8526817175,73.8526817175,85.4624740651
1383,1,270,positive,0.138092372237,-0.180714570868,0.0535783699991,138.092372237,-180.714570868,53.5783699991,73.2231649098,73.2231649098,84.4643700214
1384,0,270,positive,0.138092372237,-0.184970867572,0.0527714929922,138.092372237,-184.970867572,52.7714929922,77.4794616145,77.4794616145,83.6574930145
1384,1,270,positive,0.138092372237,-0.185012196458,0.0528429188639,138.092372237,-185.012196458,52.8429188639,77.5207905004,77.5207905004,83.7289188862
1385,0,270,positive,0.138092372237,-0.185012196458,0.0528429188639,138.092372237,-185.012196458,52.8429188639,77.5207905004,77.5207905004,83.7289188862
1385,1,270,positive,0.138092372237,-0.185028237453,0.0528851678044,138.092372237,-185.028237453,52.8851678044,77.5368314948,77.5368314948,83.7711678267
1386,0,270,positive,0.138092372237,-0.185028237453,0.0528851678044,138.092372237,-185.028237453,52.8851678044,77.5368314948,77.5368314948,83.7711678267
1386,1,270,positive,0.138092372237,-0.185073522668,0.0529773674766,138.092372237,-185.073522668,52.9773674766,77.5821167097,77.5821167097,83.8633674989
1387,0,270,positive,0.138092372237,-0.184935952841,0.0526872065397,138.092372237,-184.935952841,52.6872065397,77.4445468827,77.4445468827,83.573206562
1387,1,270,positive,0.138092372237,-0.184970867572,0.0527714929922,138.092372237,-184.970867572,52.7714929922,77.4794616145,77.4794616145,83.6574930145
1388,0,270,positive,0.138092372237,-0.184935952841,0.0526872065397,138.092372237,-184.935952841,52.6872065397,77.4445468827,77.4445468827,83.573206562
1388,1,270,positive,0.138092372237,-0.184297321927,0.0513005355641,138.092372237,-184.297321927,51.3005355641,76.8059159685,76.8059159685,82.1865355864
1389,0,270,positive,0.138092372237,-0.179568687907,0.0511165927951,138.092372237,-179.568687907,51.1165927951,72.0772819493,72.0772819493,82.0025928174
1389,1,270,positive,0.138092372237,-0.179500014714,0.0509606310464,138.092372237,-179.500014714,50.9606310464,72.0086087562,72.0086087562,81.8466310687
1390,0,270,positive,0.138092372237,-0.179568687907,0.0511165927951,138.092372237,-179.568687907,51.1165927951,72.0772819493,72.0772819493,82.0025928174
1390,1,270,positive,0.138092372237,-0.180279220198,0.0526948745103,138.092372237,-180.279220198,52.6948745103,72.7878142397,72.7878142397,83.5808745326
1391,0,270,positive,0.138092372237,-0.180279220198,0.0526948745103,138.092372237,-180.279220198,52.6948745103,72.7878142397,72.7878142397,83.5808745326
1391,1,270,positive,0.138092372237,-0.180714570868,0.0535783699991,138.092372237,-180.714570868,53.5783699991,73.2231649098,73.2231649098,84.4643700214
1392,0,270,positive,0.138092372237,-0.185278095276,0.0534121350257,138.092372237,-185.278095276,53.4121350257,77.7866893182,77.7866893182,84.298135048
1392,1,270,positive,0.138092372237,-0.185073522668,0.0529773674766,138.092372237,-185.073522668,52.9773674766,77.5821167097,77.5821167097,83.8633674989
1393,0,270,positive,0.138092372237,-0.185623279826,0.0541727316703,138.092372237,-185.623279826,54.1727316703,78.1318738683,78.1318738683,85.0587316926
1393,1,270,positive,0.138092372237,-0.185278095276,0.0534121350257,138.092372237,-185.278095276,53.4121350257,77.7866893182,77.7866893182,84.298135048
1394,0,270,positive,0.138092372237,-0.20798561224,0.128400590828,138.092372237,-207.98561224,128.400590828,100.494206283,100.494206283,159.28659085
1394,1,270,positive,0.138092372237,-0.207799302111,0.127457918479,138.092372237,-207.799302111,127.457918479,100.307896153,100.307896153,158.343918502
1395,0,270,positive,0.138092372237,-0.20798561224,0.128400590828,138.092372237,-207.98561224,128.400590828,100.494206283,100.494206283,159.28659085
1395,1,270,positive,0.138092372237,-0.208038547107,0.128765130859,138.092372237,-208.038547107,128.765130859,100.547141149,100.547141149,159.651130881
1396,0,270,positive,0.138092372237,-0.208038547107,0.128765130859,138.092372237,-208.038547107,128.765130859,100.547141149,100.547141149,159.651130881
1396,1,270,positive,0.138092372237,-0.208163706471,0.129314931958,138.092372237,-208.163706471,129.314931958,100.672300513,100.672300513,160.200931981
1397,0,270,positive,0.138092372237,-0.208460726388,0.130704307999,138.092372237,-208.460726388,130.704307999,100.96932043,100.96932043,161.590308021
1397,1,270,positive,0.138092372237,-0.208163706471,0.129314931958,138.092372237,-208.163706471,129.314931958,100.672300513,100.672300513,160.200931981
1398,0,270,positive,0.138092372237,-0.202815258408,0.126282265676,138.092372237,-202.815258408,126.282265676,95.3238524498,95.3238524498,157.168265699
1398,1,270,positive,0.138092372237,-0.202748542337,0.12623252765,138.092372237,-202.748542337,126.23252765,95.2571363792,95.2571363792,157.118527672
1399,0,270,positive,0.138092372237,-0.203205809881,0.12782376413,138.092372237,-203.205809881,127.82376413,95.7144039226,95.7144039226,158.709764152
1399,1,270,positive,0.138092372237,-0.203446405015,0.128481420294,138.092372237,-203.446405015,128.481420294,95.9549990573,95.9549990573,159.367420316
1400,0,270,positive,0.138092372237,-0.203205809881,0.12782376413,138.092372237,-203.205809881,127.82376413,95.7144039226,95.7144039226,158.709764152
1400,1,270,positive,0.138092372237,-0.203160202379,0.127644352437,138.092372237,-203.160202379,127.644352437,95.6687964206,95.6687964206,158.53035246
1401,0,270,positive,0.138092372237,-0.202949414645,0.126788414853,138.092372237,-202.949414645,126.788414853,95.4580086875,95.4580086875,157.674414875
1401,1,270,positive,0.138092372237,-0.202815258408,0.126282265676,138.092372237,-202.815258408,126.282265676,95.3238524498,95.3238524498,157.168265699
1402,0,270,positive,0.138092372237,-0.202949414645,0.126788414853,138.092372237,-202.949414645,126.788414853,95.4580086875,95.4580086875,157.674414875
1402,1,270,positive,0.138092372237,-0.203160202379,0.127644352437,138.092372237,-203.160202379,127.644352437,95.6687964206,95.6687964206,158.53035246
1403,0,270,positive,0.138092372237,-0.201832391547,0.212374424698,138.092372237,-201.832391547,212.374424698,94.340985589,94.340985589,243.26042472
1403,1,270,positive,0.138092372237,-0.202754282466,0.211586951403,138.092372237,-202.754282466,211.586951403,95.2628765079,95.2628765079,242.472951426
1404,0,270,positive,0.138092372237,-0.200770766257,0.213325967501,138.092372237,-200.770766257,213.325967501,93.2793602988,93.2793602988,244.211967524
1404,1,270,positive,0.138092372237,-0.201832391547,0.212374424698,138.092372237,-201.832391547,212.374424698,94.340985589,94.340985589,243.26042472
