segment_id,endpoint,angle_deg,side,x_input,y_input,z_input,x_mm,y_mm,z_mm,signed_r_mm,radial_r_mm,z_from_bottom_mm
0,0,180,positive,0.0993776494055,-0.107491405958,-0.0136557341299,99.3776494055,-107.491405958,-13.6557341299,38.7147228317,38.7147228317,17.2302658924
0,1,180,positive,0.0993984455886,-0.107491405958,-0.0136921779872,99.3984455886,-107.491405958,-13.6921779872,38.6939266486,38.6939266486,17.1938220351
1,0,180,positive,0.0993598875952,-0.107491405958,-0.0136345467348,99.3598875952,-107.491405958,-13.6345467348,38.7324846421,38.7324846421,17.2514532875
1,1,180,positive,0.0993776494055,-0.107491405958,-0.0136557341299,99.3776494055,-107.491405958,-13.6557341299,38.7147228317,38.7147228317,17.2302658924
2,0,180,positive,0.0996365585271,-0.107491405958,-0.0141806932259,99.6365585271,-107.491405958,-14.1806932259,38.4558137101,38.4558137101,16.7053067964
2,1,180,positive,0.0993984455886,-0.107491405958,-0.0136921779872,99.3984455886,-107.491405958,-13.6921779872,38.6939266486,38.6939266486,17.1938220351
3,0,180,positive,0.0993598875952,-0.107491405958,-0.0136345467348,99.3598875952,-107.491405958,-13.6345467348,38.7324846421,38.7324846421,17.2514532875
3,1,180,positive,0.0989231928554,-0.107491405958,-0.0132554927352,98.9231928554,-107.491405958,-13.2554927352,39.1691793818,39.1691793818,17.6305072871
4,0,180,positive,0.0984884372435,-0.107491405958,-0.0128515185423,98.4884372435,-107.491405958,-12.8515185423,39.6039349937,39.6039349937,18.03448148
4,1,180,positive,0.0989231928554,-0.107491405958,-0.0132554927352,98.9231928554,-107.491405958,-13.2554927352,39.1691793818,39.1691793818,17.6305072871
5,0,180,positive,0.0984884372435,-0.107491405958,-0.0128515185423,98.4884372435,-107.491405958,-12.8515185423,39.6039349937,39.6039349937,18.03448148
5,1,180,positive,0.0981106176702,-0.107491405958,-0.0124486874361,98.1106176702,-107.491405958,-12.4486874361,39.981754567,39.981754567,18.4373125862
6,0,180,positive,0.0981106176702,-0.107491405958,-0.0124486874361,98.1106176702,-107.491405958,-12.4486874361,39.981754567,39.981754567,18.4373125862
6,1,180,positive,0.0977363881172,-0.107491405958,-0.0121822257682,97.7363881172,-107.491405958,-12.1822257682,40.35598412,40.35598412,18.7037742541
7,0,180,positive,0.0972702195104,-0.107491405958,-0.0117639579602,97.2702195104,-107.491405958,-11.7639579602,40.8221527268,40.8221527268,19.1220420621
7,1,180,positive,0.0977363881172,-0.107491405958,-0.0121822257682,97.7363881172,-107.491405958,-12.1822257682,40.35598412,40.35598412,18.7037742541
8,0,180,positive,0.0972702195104,-0.107491405958,-0.0117639579602,97.2702195104,-107.491405958,-11.7639579602,40.8221527268,40.8221527268,19.1220420621
8,1,180,positive,0.097232031897,-0.107491405958,-0.0117283846889,97.232031897,-107.491405958,-11.7283846889,40.8603403402,40.8603403402,19.1576153334
9,0,180,positive,0.0969046977882,-0.107491405958,-0.0110353747151,96.9046977882,-107.491405958,-11.0353747151,41.1876744491,41.1876744491,19.8506253072
9,1,180,positive,0.0968419242724,-0.107491405958,-0.0108699876515,96.8419242724,-107.491405958,-10.8699876515,41.2504479648,41.2504479648,20.0160123708
10,0,180,positive,0.0969046977882,-0.107491405958,-0.0110353747151,96.9046977882,-107.491405958,-11.0353747151,41.1876744491,41.1876744491,19.8506253072
10,1,180,positive,0.097232031897,-0.107491405958,-0.0117283846889,97.232031897,-107.491405958,-11.7283846889,40.8603403402,40.8603403402,19.1576153334
11,0,180,positive,0.0968419242724,-0.107491405958,-0.0108699876515,96.8419242724,-107.491405958,-10.8699876515,41.2504479648,41.2504479648,20.0160123708
11,1,180,positive,0.0967740938108,-0.107491405958,-0.0106170759476,96.7740938108,-107.491405958,-10.6170759476,41.3182784264,41.3182784264,20.2689240746
12,0,180,positive,0.0967740938108,-0.107491405958,-0.0106170759476,96.7740938108,-107.491405958,-10.6170759476,41.3182784264,41.3182784264,20.2689240746
12,1,180,positive,0.0966564995105,-0.107491405958,-0.0102931187583,96.6564995105,-107.491405958,-10.2931187583,41.4358727268,41.4358727268,20.592881264
13,0,180,positive,0.0965295880622,-0.107491405958,-0.00988239838173,96.5295880622,-107.491405958,-9.88239838173,41.562784175,41.562784175,21.0036016406
13,1,180,positive,0.0966564995105,-0.107491405958,-0.0102931187583,96.6564995105,-107.491405958,-10.2931187583,41.4358727268,41.4358727268,20.592881264
14,0,180,positive,0.0964215006798,-0.107491405958,-0.00966161931297,96.4215006798,-107.491405958,-9.66161931297,41.6708715574,41.6708715574,21.2243807093
14,1,180,positive,0.0965295880622,-0.107491405958,-0.00988239838173,96.5295880622,-107.491405958,-9.88239838173,41.562784175,41.562784175,21.0036016406
15,0,180,positive,0.0964215006798,-0.107491405958,-0.00966161931297,96.4215006798,-107.491405958,-9.66161931297,41.6708715574,41.6708715574,21.2243807093
15,1,180,positive,0.0962784972439,-0.107491405958,-0.00942372865388,96.2784972439,-107.491405958,-9.42372865388,41.8138749933,41.8138749933,21.4622713684
16,0,180,positive,0.0931945716015,-0.107491405958,-0.0132690897704,93.1945716015,-107.491405958,-13.2690897704,44.8978006358,44.8978006358,17.6169102519
16,1,180,positive,0.0933993188946,-0.107491405958,-0.013631339198,93.3993188946,-107.491405958,-13.631339198,44.6930533427,44.6930533427,17.2546608243
17,0,180,positive,0.0931945716015,-0.107491405958,-0.0132690897704,93.1945716015,-107.491405958,-13.2690897704,44.8978006358,44.8978006358,17.6169102519
17,1,180,positive,0.0928251653329,-0.107491405958,-0.0125861540686,92.8251653329,-107.491405958,-12.5861540686,45.2672069043,45.2672069043,18.2998459537
18,0,180,positive,0.0928251653329,-0.107491405958,-0.0125861540686,92.8251653329,-107.491405958,-12.5861540686,45.2672069043,45.2672069043,18.2998459537
18,1,180,positive,0.0921588541909,-0.107491405958,-0.0114820445341,92.1588541909,-107.491405958,-11.4820445341,45.9335180463,45.9335180463,19.4039554882
19,0,180,positive,0.0962784972439,-0.107491405958,-0.00942372865388,96.2784972439,-107.491405958,-9.42372865388,41.8138749933,41.8138749933,21.4622713684
19,1,180,positive,0.0962072098266,-0.107491405958,-0.00914352115942,96.2072098266,-107.491405958,-9.14352115942,41.8851624106,41.8851624106,21.7424788629
20,0,180,positive,0.0958939642888,-0.107491405958,-0.00853125667783,95.8939642888,-107.491405958,-8.53125667783,42.1984079484,42.1984079484,22.3547433445
20,1,180,positive,0.0962072098266,-0.107491405958,-0.00914352115942,96.2072098266,-107.491405958,-9.14352115942,41.8851624106,41.8851624106,21.7424788629
21,0,180,positive,0.0958939642888,-0.107491405958,-0.00853125667783,95.8939642888,-107.491405958,-8.53125667783,42.1984079484,42.1984079484,22.3547433445
21,1,180,positive,0.0957522778433,-0.107491405958,-0.00830870188117,95.7522778433,-107.491405958,-8.30870188117,42.3400943939,42.3400943939,22.5772981411
22,0,180,positive,0.09533609615,-0.107491405958,-0.00772419122269,95.33609615,-107.491405958,-7.72419122269,42.7562760872,42.7562760872,23.1618087996
22,1,180,positive,0.0957522778433,-0.107491405958,-0.00830870188117,95.7522778433,-107.491405958,-8.30870188117,42.3400943939,42.3400943939,22.5772981411
23,0,180,positive,0.0950795652227,-0.107491405958,-0.00728416008359,95.0795652227,-107.491405958,-7.28416008359,43.0128070145,43.0128070145,23.6018399387
23,1,180,positive,0.09533609615,-0.107491405958,-0.00772419122269,95.33609615,-107.491405958,-7.72419122269,42.7562760872,42.7562760872,23.1618087996
24,0,180,positive,0.0950795652227,-0.107491405958,-0.00728416008359,95.0795652227,-107.491405958,-7.28416008359,43.0128070145,43.0128070145,23.6018399387
24,1,180,positive,0.0949912664066,-0.107491405958,-0.00707020270928,94.9912664066,-107.491405958,-7.07020270928,43.1011058306,43.1011058306,23.815797313
25,0,180,positive,0.0947300377654,-0.107491405958,-0.00638012015527,94.7300377654,-107.491405958,-6.38012015527,43.3623344718,43.3623344718,24.505879867
25,1,180,positive,0.0949912664066,-0.107491405958,-0.00707020270928,94.9912664066,-107.491405958,-7.07020270928,43.1011058306,43.1011058306,23.815797313
26,0,180,positive,0.0947300377654,-0.107491405958,-0.00638012015527,94.7300377654,-107.491405958,-6.38012015527,43.3623344718,43.3623344718,24.505879867
26,1,180,positive,0.0946077207999,-0.107491405958,-0.00606613839739,94.6077207999,-107.491405958,-6.06613839739,43.4846514373,43.4846514373,24.8198616249
27,0,180,positive,0.0941152071492,-0.107491405958,-0.00493924599897,94.1152071492,-107.491405958,-4.93924599897,43.977165088,43.977165088,25.9467540233
27,1,180,positive,0.0946077207999,-0.107491405958,-0.00606613839739,94.6077207999,-107.491405958,-6.06613839739,43.4846514373,43.4846514373,24.8198616249
28,0,180,positive,0.093723750374,-0.107491405958,-0.00423871554478,93.723750374,-107.491405958,-4.23871554478,44.3686218632,44.3686218632,26.6472844775
28,1,180,positive,0.0941152071492,-0.107491405958,-0.00493924599897,94.1152071492,-107.491405958,-4.93924599897,43.977165088,43.977165088,25.9467540233
29,0,180,positive,0.0921362442667,-0.107491405958,-0.0114413617801,92.1362442667,-107.491405958,-11.4413617801,45.9561279705,45.9561279705,19.4446382422
29,1,180,positive,0.0921413450186,-0.107491405958,-0.0114519481344,92.1413450186,-107.491405958,-11.4519481344,45.9510272186,45.9510272186,19.4340518879
30,0,180,positive,0.0921413450186,-0.107491405958,-0.0114519481344,92.1413450186,-107.491405958,-11.4519481344,45.9510272186,45.9510272186,19.4340518879
30,1,180,positive,0.0921588541909,-0.107491405958,-0.0114820445341,92.1588541909,-107.491405958,-11.4820445341,45.9335180463,45.9335180463,19.4039554882
31,0,180,positive,0.0921262788832,-0.107491405958,-0.0114190922236,92.1262788832,-107.491405958,-11.4190922236,45.966093354,45.966093354,19.4669077987
31,1,180,positive,0.0921362442667,-0.107491405958,-0.0114413617801,92.1362442667,-107.491405958,-11.4413617801,45.9561279705,45.9561279705,19.4446382422
32,0,180,positive,0.0918943725887,-0.107491405958,-0.010838081243,91.8943725887,-107.491405958,-10.838081243,46.1979996485,46.1979996485,20.0479187792
32,1,180,positive,0.0921262788832,-0.107491405958,-0.0114190922236,92.1262788832,-107.491405958,-11.4190922236,45.966093354,45.966093354,19.4669077987
33,0,180,positive,0.0918943725887,-0.107491405958,-0.010838081243,91.8943725887,-107.491405958,-10.838081243,46.1979996485,46.1979996485,20.0479187792
33,1,180,positive,0.0914845238708,-0.107491405958,-0.00980522985651,91.4845238708,-107.491405958,-9.80522985651,46.6078483664,46.6078483664,21.0807701658
34,0,180,positive,0.0914845238708,-0.107491405958,-0.00980522985651,91.4845238708,-107.491405958,-9.80522985651,46.6078483664,46.6078483664,21.0807701658
34,1,180,positive,0.0914732956939,-0.107491405958,-0.00978116473548,91.4732956939,-107.491405958,-9.78116473548,46.6190765433,46.6190765433,21.1048352868
35,0,180,positive,0.0910935980589,-0.107491405958,-0.00911437841291,91.0935980589,-107.491405958,-9.11437841291,46.9987741783,46.9987741783,21.7716216094
35,1,180,positive,0.0914732956939,-0.107491405958,-0.00978116473548,91.4732956939,-107.491405958,-9.78116473548,46.6190765433,46.6190765433,21.1048352868
36,0,180,positive,0.0905971189568,-0.107491405958,-0.00811156018089,90.5971189568,-107.491405958,-8.11156018089,47.4952532804,47.4952532804,22.7744398414
36,1,180,positive,0.0910935980589,-0.107491405958,-0.00911437841291,91.0935980589,-107.491405958,-9.11437841291,46.9987741783,46.9987741783,21.7716216094
37,0,180,positive,0.0905971189568,-0.107491405958,-0.00811156018089,90.5971189568,-107.491405958,-8.11156018089,47.4952532804,47.4952532804,22.7744398414
37,1,180,positive,0.0903963391323,-0.107491405958,-0.00774406666552,90.3963391323,-107.491405958,-7.74406666552,47.6960331049,47.6960331049,23.1419333568
38,0,180,positive,0.0903963391323,-0.107491405958,-0.00774406666552,90.3963391323,-107.491405958,-7.74406666552,47.6960331049,47.6960331049,23.1419333568
38,1,180,positive,0.0902367782569,-0.107491405958,-0.00743701905767,90.2367782569,-107.491405958,-7.43701905767,47.8555939803,47.8555939803,23.4489809646
39,0,180,positive,0.0896449218132,-0.107491405958,-0.00626350793028,89.6449218132,-107.491405958,-6.26350793028,48.447450424,48.447450424,24.622492092
39,1,180,positive,0.0902367782569,-0.107491405958,-0.00743701905767,90.2367782569,-107.491405958,-7.43701905767,47.8555939803,47.8555939803,23.4489809646
40,0,180,positive,0.0896449218132,-0.107491405958,-0.00626350793028,89.6449218132,-107.491405958,-6.26350793028,48.447450424,48.447450424,24.622492092
40,1,180,positive,0.0892116786468,-0.107491405958,-0.00540516022812,89.2116786468,-107.491405958,-5.40516022812,48.8806935904,48.8806935904,25.4808397942
41,0,180,positive,0.0889102652388,-0.107491405958,-0.00477363097984,88.9102652388,-107.491405958,-4.77363097984,49.1821069984,49.1821069984,26.1123690425
41,1,180,positive,0.0886874259966,-0.107491405958,-0.00431665897981,88.6874259966,-107.491405958,-4.31665897981,49.4049462406,49.4049462406,26.5693410425
42,0,180,positive,0.0889102652388,-0.107491405958,-0.00477363097984,88.9102652388,-107.491405958,-4.77363097984,49.1821069984,49.1821069984,26.1123690425
42,1,180,positive,0.0892116786468,-0.107491405958,-0.00540516022812,89.2116786468,-107.491405958,-5.40516022812,48.8806935904,48.8806935904,25.4808397942
43,0,180,positive,0.093723750374,-0.107491405958,-0.00423871554478,93.723750374,-107.491405958,-4.23871554478,44.3686218632,44.3686218632,26.6472844775
43,1,180,positive,0.093550755696,-0.107491405958,-0.0039647562968,93.550755696,-107.491405958,-3.9647562968,44.5416165412,44.5416165412,26.9212437255
44,0,180,positive,0.093550755696,-0.107491405958,-0.0039647562968,93.550755696,-107.491405958,-3.9647562968,44.5416165412,44.5416165412,26.9212437255
44,1,180,positive,0.0935093413931,-0.107491405958,-0.00391397092535,93.5093413931,-107.491405958,-3.91397092535,44.5830308441,44.5830308441,26.9720290969
45,0,180,positive,0.0931753239702,-0.107491405958,-0.00350823647448,93.1753239702,-107.491405958,-3.50823647448,44.917048267,44.917048267,27.3777635478
45,1,180,positive,0.0935093413931,-0.107491405958,-0.00391397092535,93.5093413931,-107.491405958,-3.91397092535,44.5830308441,44.5830308441,26.9720290969
46,0,180,positive,0.0931753239702,-0.107491405958,-0.00350823647448,93.1753239702,-107.491405958,-3.50823647448,44.917048267,44.917048267,27.3777635478
46,1,180,positive,0.0931661229054,-0.107491405958,-0.00350329225888,93.1661229054,-107.491405958,-3.50329225888,44.9262493318,44.9262493318,27.3827077634
47,0,180,positive,0.0928544759683,-0.107491405958,-0.00304592291269,92.8544759683,-107.491405958,-3.04592291269,45.2378962689,45.2378962689,27.8400771096
47,1,180,positive,0.0928342636917,-0.107491405958,-0.00301179016246,92.8342636917,-107.491405958,-3.01179016246,45.2581085456,45.2581085456,27.8742098598
48,0,180,positive,0.0928544759683,-0.107491405958,-0.00304592291269,92.8544759683,-107.491405958,-3.04592291269,45.2378962689,45.2378962689,27.8400771096
48,1,180,positive,0.0931661229054,-0.107491405958,-0.00350329225888,93.1661229054,-107.491405958,-3.50329225888,44.9262493318,44.9262493318,27.3827077634
49,0,180,positive,0.0928342636917,-0.107491405958,-0.00301179016246,92.8342636917,-107.491405958,-3.01179016246,45.2581085456,45.2581085456,27.8742098598
49,1,180,positive,0.0928041970991,-0.107491405958,-0.00296096077928,92.8041970991,-107.491405958,-2.96096077928,45.2881751382,45.2881751382,27.925039243
50,0,180,positive,0.0920517933317,-0.107491405958,-0.00176469662911,92.0517933317,-107.491405958,-1.76469662911,46.0405789055,46.0405789055,29.1213033932
50,1,180,positive,0.0928041970991,-0.107491405958,-0.00296096077928,92.8041970991,-107.491405958,-2.96096077928,45.2881751382,45.2881751382,27.925039243
51,0,180,positive,0.0920517933317,-0.107491405958,-0.00176469662911,92.0517933317,-107.491405958,-1.76469662911,46.0405789055,46.0405789055,29.1213033932
51,1,180,positive,0.0918614185754,-0.107491405958,-0.00147113674136,91.8614185754,-107.491405958,-1.47113674136,46.2309536618,46.2309536618,29.4148632809
52,0,180,positive,0.0918614185754,-0.107491405958,-0.00147113674136,91.8614185754,-107.491405958,-1.47113674136,46.2309536618,46.2309536618,29.4148632809
52,1,180,positive,0.0917828492871,-0.107491405958,-0.00131681910468,91.7828492871,-107.491405958,-1.31681910468,46.3095229502,46.3095229502,29.5691809176
53,0,180,positive,0.0915280484491,-0.107491405958,-0.000851999527461,91.5280484491,-107.491405958,-0.851999527461,46.5643237882,46.5643237882,30.0340004948
53,1,180,positive,0.0914298430054,-0.107491405958,-0.000504471775534,91.4298430054,-107.491405958,-0.504471775534,46.6625292318,46.6625292318,30.3815282468
54,0,180,positive,0.0915280484491,-0.107491405958,-0.000851999527461,91.5280484491,-107.491405958,-0.851999527461,46.5643237882,46.5643237882,30.0340004948
54,1,180,positive,0.0917828492871,-0.107491405958,-0.00131681910468,91.7828492871,-107.491405958,-1.31681910468,46.3095229502,46.3095229502,29.5691809176
55,0,180,positive,0.091176595412,-0.107491405958,-3.13796483211e-05,91.176595412,-107.491405958,-0.0313796483211,46.9157768252,46.9157768252,30.854620374
55,1,180,positive,0.0914298430054,-0.107491405958,-0.000504471775534,91.4298430054,-107.491405958,-0.504471775534,46.6625292318,46.6625292318,30.3815282468
56,0,180,positive,0.0886874259966,-0.107491405958,-0.00431665897981,88.6874259966,-107.491405958,-4.31665897981,49.4049462406,49.4049462406,26.5693410425
56,1,180,positive,0.0881578461083,-0.107491405958,-0.00326158710613,88.1578461083,-107.491405958,-3.26158710613,49.9345261289,49.9345261289,27.6244129162
57,0,180,positive,0.0880763782042,-0.107491405958,-0.00308964408731,88.0763782042,-107.491405958,-3.08964408731,50.0159940331,50.0159940331,27.796355935
57,1,180,positive,0.0881578461083,-0.107491405958,-0.00326158710613,88.1578461083,-107.491405958,-3.26158710613,49.9345261289,49.9345261289,27.6244129162
58,0,180,positive,0.0880763782042,-0.107491405958,-0.00308964408731,88.0763782042,-107.491405958,-3.08964408731,50.0159940331,50.0159940331,27.796355935
58,1,180,positive,0.0874796126917,-0.107491405958,-0.00171838237771,87.4796126917,-107.491405958,-1.71838237771,50.6127595455,50.6127595455,29.1676176446
59,0,180,positive,0.0873402175529,-0.107491405958,-0.00144424840591,87.3402175529,-107.491405958,-1.44424840591,50.7521546843,50.7521546843,29.4417516164
59,1,180,positive,0.0874796126917,-0.107491405958,-0.00171838237771,87.4796126917,-107.491405958,-1.71838237771,50.6127595455,50.6127595455,29.1676176446
60,0,180,positive,0.0872515146386,-0.107491405958,-0.00126405591137,87.2515146386,-107.491405958,-1.26405591137,50.8408575986,50.8408575986,29.6219441109
60,1,180,positive,0.0862554219003,-0.107491405958,0.000772641385346,86.2554219003,-107.491405958,0.772641385346,51.8369503369,51.8369503369,31.6586414076
61,0,180,positive,0.0872515146386,-0.107491405958,-0.00126405591137,87.2515146386,-107.491405958,-1.26405591137,50.8408575986,50.8408575986,29.6219441109
61,1,180,positive,0.0873402175529,-0.107491405958,-0.00144424840591,87.3402175529,-107.491405958,-1.44424840591,50.7521546843,50.7521546843,29.4417516164
62,0,180,positive,0.0862445295941,-0.107491405958,0.000799654855902,86.2445295941,-107.491405958,0.799654855902,51.8478426431,51.8478426431,31.6856548782
62,1,180,positive,0.0862554219003,-0.107491405958,0.000772641385346,86.2554219003,-107.491405958,0.772641385346,51.8369503369,51.8369503369,31.6586414076
63,0,180,positive,0.091176595412,-0.107491405958,-3.13796483211e-05,91.176595412,-107.491405958,-0.0313796483211,46.9157768252,46.9157768252,30.854620374
63,1,180,positive,0.0908117027377,-0.107491405958,0.000658608667053,90.8117027377,-107.491405958,0.658608667053,47.2806694995,47.2806694995,31.5446086893
64,0,180,positive,0.0904924392683,-0.107491405958,0.0013549861447,90.4924392683,-107.491405958,1.3549861447,47.5999329689,47.5999329689,32.240986167
64,1,180,positive,0.0908117027377,-0.107491405958,0.000658608667053,90.8117027377,-107.491405958,0.658608667053,47.2806694995,47.2806694995,31.5446086893
65,0,180,positive,0.0904924392683,-0.107491405958,0.0013549861447,90.4924392683,-107.491405958,1.3549861447,47.5999329689,47.5999329689,32.240986167
65,1,180,positive,0.0902166808477,-0.107491405958,0.00189888323448,90.2166808477,-107.491405958,1.89888323448,47.8756913895,47.8756913895,32.7848832568
66,0,180,positive,0.0897496736376,-0.107491405958,0.00272002421556,89.7496736376,-107.491405958,2.72002421556,48.3426985996,48.3426985996,33.6060242379
66,1,180,positive,0.0902166808477,-0.107491405958,0.00189888323448,90.2166808477,-107.491405958,1.89888323448,47.8756913895,47.8756913895,32.7848832568
67,0,180,positive,0.0897496736376,-0.107491405958,0.00272002421556,89.7496736376,-107.491405958,2.72002421556,48.3426985996,48.3426985996,33.6060242379
67,1,180,positive,0.0895046896321,-0.107491405958,0.00334178316274,89.5046896321,-107.491405958,3.34178316274,48.5876826051,48.5876826051,34.227783185
68,0,180,positive,0.0894900394664,-0.107491405958,0.00339031000184,89.4900394664,-107.491405958,3.39031000184,48.6023327708,48.6023327708,34.2763100241
68,1,180,positive,0.0895046896321,-0.107491405958,0.00334178316274,89.5046896321,-107.491405958,3.34178316274,48.5876826051,48.5876826051,34.227783185
69,0,180,positive,0.0894900394664,-0.107491405958,0.00339031000184,89.4900394664,-107.491405958,3.39031000184,48.6023327708,48.6023327708,34.2763100241
69,1,180,positive,0.0888606850789,-0.107491405958,0.00491564145154,88.8606850789,-107.491405958,4.91564145154,49.2316871583,49.2316871583,35.8016414738
70,0,180,positive,0.0887991406125,-0.107491405958,0.00518675552833,88.7991406125,-107.491405958,5.18675552833,49.2932316247,49.2932316247,36.0727555506
70,1,180,positive,0.0888606850789,-0.107491405958,0.00491564145154,88.8606850789,-107.491405958,4.91564145154,49.2316871583,49.2316871583,35.8016414738
71,0,180,positive,0.0885447447772,-0.107491405958,0.00588266702492,88.5447447772,-107.491405958,5.88266702492,49.54762746,49.54762746,36.7686670472
71,1,180,positive,0.088490264467,-0.107491405958,0.00605336182515,88.490264467,-107.491405958,6.05336182515,49.6021077702,49.6021077702,36.9393618474
72,0,180,positive,0.0887569726195,-0.107491405958,0.00529975078069,88.7569726195,-107.491405958,5.29975078069,49.3353996177,49.3353996177,36.185750803
72,1,180,positive,0.0887991406125,-0.107491405958,0.00518675552833,88.7991406125,-107.491405958,5.18675552833,49.2932316247,49.2932316247,36.0727555506
73,0,180,positive,0.0885447447772,-0.107491405958,0.00588266702492,88.5447447772,-107.491405958,5.88266702492,49.54762746,49.54762746,36.7686670472
73,1,180,positive,0.0887569726195,-0.107491405958,0.00529975078069,88.7569726195,-107.491405958,5.29975078069,49.3353996177,49.3353996177,36.185750803
74,0,180,positive,0.088490264467,-0.107491405958,0.00605336182515,88.490264467,-107.491405958,6.05336182515,49.6021077702,49.6021077702,36.9393618474
74,1,180,positive,0.0884560356309,-0.107491405958,0.00615864135588,88.4560356309,-107.491405958,6.15864135588,49.6363366063,49.6363366063,37.0446413782
75,0,180,positive,0.0884560356309,-0.107491405958,0.00615864135588,88.4560356309,-107.491405958,6.15864135588,49.6363366063,49.6363366063,37.0446413782
75,1,180,positive,0.0883791996703,-0.107491405958,0.00633070261236,88.3791996703,-107.491405958,6.33070261236,49.7131725669,49.7131725669,37.2167026347
76,0,180,positive,0.0880208771182,-0.107491405958,0.0070180194762,88.0208771182,-107.491405958,7.0180194762,50.0714951191,50.0714951191,37.9040194985
76,1,180,positive,0.0883791996703,-0.107491405958,0.00633070261236,88.3791996703,-107.491405958,6.33070261236,49.7131725669,49.7131725669,37.2167026347
77,0,180,positive,0.0877984070006,-0.107491405958,0.00760439486206,87.7984070006,-107.491405958,7.60439486206,50.2939652366,50.2939652366,38.4903948844
77,1,180,positive,0.0880208771182,-0.107491405958,0.0070180194762,88.0208771182,-107.491405958,7.0180194762,50.0714951191,50.0714951191,37.9040194985
78,0,180,positive,0.0877984070006,-0.107491405958,0.00760439486206,87.7984070006,-107.491405958,7.60439486206,50.2939652366,50.2939652366,38.4903948844
78,1,180,positive,0.0873929302725,-0.107491405958,0.00834019658134,87.3929302725,-107.491405958,8.34019658134,50.6994419648,50.6994419648,39.2261966036
79,0,180,positive,0.132339112153,-0.107491405958,-0.0304035149181,132.339112153,-107.491405958,-30.4035149181,5.75326008404,5.75326008404,0.482485104226
79,1,180,positive,0.132539405844,-0.107491405958,-0.0304012786543,132.539405844,-107.491405958,-30.4012786543,5.55296639347,5.55296639347,0.484721367983
80,0,180,positive,0.131660882427,-0.107491405958,-0.0304145782153,131.660882427,-107.491405958,-30.4145782153,6.43148981049,6.43148981049,0.471421807018
80,1,180,positive,0.130010762332,-0.107491405958,-0.0304557324408,130.010762332,-107.491405958,-30.4557324408,8.08160990496,8.08160990496,0.430267581535
81,0,180,positive,0.131660882427,-0.107491405958,-0.0304145782153,131.660882427,-107.491405958,-30.4145782153,6.43148981049,6.43148981049,0.471421807018
81,1,180,positive,0.132339112153,-0.107491405958,-0.0304035149181,132.339112153,-107.491405958,-30.4035149181,5.75326008404,5.75326008404,0.482485104226
82,0,180,positive,0.130010762332,-0.107491405958,-0.0304557324408,130.010762332,-107.491405958,-30.4557324408,8.08160990496,8.08160990496,0.430267581535
82,1,180,positive,0.129752552119,-0.107491405958,-0.0304562491232,129.752552119,-107.491405958,-30.4562491232,8.3398201185,8.3398201185,0.429750899071
83,0,180,positive,0.12896591427,-0.107491405958,-0.0305046990797,128.96591427,-107.491405958,-30.5046990797,9.12645796698,9.12645796698,0.381300942584
83,1,180,positive,0.129752552119,-0.107491405958,-0.0304562491232,129.752552119,-107.491405958,-30.4562491232,8.3398201185,8.3398201185,0.429750899071
84,0,180,positive,0.12896591427,-0.107491405958,-0.0305046990797,128.96591427,-107.491405958,-30.5046990797,9.12645796698,9.12645796698,0.381300942584
84,1,180,positive,0.128427201373,-0.107491405958,-0.0304916559672,128.427201373,-107.491405958,-30.4916559672,9.6651708642,9.6651708642,0.394344055133
85,0,180,positive,0.128427201373,-0.107491405958,-0.0304916559672,128.427201373,-107.491405958,-30.4916559672,9.6651708642,9.6651708642,0.394344055133
85,1,180,positive,0.127889199158,-0.107491405958,-0.0304691700273,127.889199158,-107.491405958,-30.4691700273,10.2031730797,10.2031730797,0.416829995004
86,0,180,positive,0.12659168621,-0.107491405958,-0.0304914886227,126.59168621,-107.491405958,-30.4914886227,11.5006860272,11.5006860272,0.394511399608
86,1,180,positive,0.127889199158,-0.107491405958,-0.0304691700273,127.889199158,-107.491405958,-30.4691700273,10.2031730797,10.2031730797,0.416829995004
87,0,180,positive,0.12659168621,-0.107491405958,-0.0304914886227,126.59168621,-107.491405958,-30.4914886227,11.5006860272,11.5006860272,0.394511399608
87,1,180,positive,0.126544567089,-0.107491405958,-0.0304963698954,126.544567089,-107.491405958,-30.4963698954,11.5478051484,11.5478051484,0.389630126855
88,0,180,positive,0.124867068067,-0.107491405958,-0.0305715202015,124.867068067,-107.491405958,-30.5715202015,13.2253041702,13.2253041702,0.314479820832
88,1,180,positive,0.126494335469,-0.107491405958,-0.0304988564058,126.494335469,-107.491405958,-30.4988564058,11.5980367687,11.5980367687,0.387143616502
89,0,180,positive,0.126544567089,-0.107491405958,-0.0304963698954,126.544567089,-107.491405958,-30.4963698954,11.5478051484,11.5478051484,0.389630126855
89,1,180,positive,0.126494335469,-0.107491405958,-0.0304988564058,126.494335469,-107.491405958,-30.4988564058,11.5980367687,11.5980367687,0.387143616502
90,0,180,positive,0.124504595155,-0.107491405958,-0.0305296500204,124.504595155,-107.491405958,-30.5296500204,13.5877770824,13.5877770824,0.356350001861
90,1,180,positive,0.124867068067,-0.107491405958,-0.0305715202015,124.867068067,-107.491405958,-30.5715202015,13.2253041702,13.2253041702,0.314479820832
91,0,180,positive,0.123951377315,-0.107491405958,-0.0305580376617,123.951377315,-107.491405958,-30.5580376617,14.140994922,14.140994922,0.327962360611
91,1,180,positive,0.124504595155,-0.107491405958,-0.0305296500204,124.504595155,-107.491405958,-30.5296500204,13.5877770824,13.5877770824,0.356350001861
92,0,180,positive,0.123951377315,-0.107491405958,-0.0305580376617,123.951377315,-107.491405958,-30.5580376617,14.140994922,14.140994922,0.327962360611
92,1,180,positive,0.12288882148,-0.107491405958,-0.0305557220673,122.88882148,-107.491405958,-30.5557220673,15.2035507572,15.2035507572,0.330277954957
93,0,180,positive,0.126974966082,-0.107491405958,-0.0249380831296,126.974966082,-107.491405958,-24.9380831296,11.1174061552,11.1174061552,5.94791689266
93,1,180,positive,0.127191306983,-0.107491405958,-0.0249512365749,127.191306983,-107.491405958,-24.9512365749,10.9010652538,10.9010652538,5.93476344742
94,0,180,positive,0.126974966082,-0.107491405958,-0.0249380831296,126.974966082,-107.491405958,-24.9380831296,11.1174061552,11.1174061552,5.94791689266
94,1,180,positive,0.126535574988,-0.107491405958,-0.0250228495633,126.535574988,-107.491405958,-25.0228495633,11.5567972493,11.5567972493,5.86315045902
95,0,180,positive,0.126472577472,-0.107491405958,-0.0250413983162,126.472577472,-107.491405958,-25.0413983162,11.6197947651,11.6197947651,5.84460170608
95,1,180,positive,0.126535574988,-0.107491405958,-0.0250228495633,126.535574988,-107.491405958,-25.0228495633,11.5567972493,11.5567972493,5.86315045902
96,0,180,positive,0.126388766638,-0.107491405958,-0.0250908273492,126.388766638,-107.491405958,-25.0908273492,11.7036055994,11.7036055994,5.79517267311
96,1,180,positive,0.126472577472,-0.107491405958,-0.0250413983162,126.472577472,-107.491405958,-25.0413983162,11.6197947651,11.6197947651,5.84460170608
97,0,180,positive,0.126388766638,-0.107491405958,-0.0250908273492,126.388766638,-107.491405958,-25.0908273492,11.7036055994,11.7036055994,5.79517267311
97,1,180,positive,0.12591304122,-0.107491405958,-0.025271013585,125.91304122,-107.491405958,-25.271013585,12.1793310168,12.1793310168,5.61498643725
98,0,180,positive,0.125589795605,-0.107491405958,-0.025337135028,125.589795605,-107.491405958,-25.337135028,12.5025766322,12.5025766322,5.54886499425
98,1,180,positive,0.12591304122,-0.107491405958,-0.025271013585,125.91304122,-107.491405958,-25.271013585,12.1793310168,12.1793310168,5.61498643725
99,0,180,positive,0.124958041397,-0.107491405958,-0.0254568867088,124.958041397,-107.491405958,-25.4568867088,13.1343308398,13.1343308398,5.42911331353
99,1,180,positive,0.125106422493,-0.107491405958,-0.0254004137747,125.106422493,-107.491405958,-25.4004137747,12.9859497442,12.9859497442,5.48558624764
100,0,180,positive,0.125589795605,-0.107491405958,-0.025337135028,125.589795605,-107.491405958,-25.337135028,12.5025766322,12.5025766322,5.54886499425
100,1,180,positive,0.125106422493,-0.107491405958,-0.0254004137747,125.106422493,-107.491405958,-25.4004137747,12.9859497442,12.9859497442,5.48558624764
101,0,180,positive,0.124796098018,-0.107491405958,-0.0254440286171,124.796098018,-107.491405958,-25.4440286171,13.2962742192,13.2962742192,5.4419714052
101,1,180,positive,0.124958041397,-0.107491405958,-0.0254568867088,124.958041397,-107.491405958,-25.4568867088,13.1343308398,13.1343308398,5.42911331353
102,0,180,positive,0.124796098018,-0.107491405958,-0.0254440286171,124.796098018,-107.491405958,-25.4440286171,13.2962742192,13.2962742192,5.4419714052
102,1,180,positive,0.124684335301,-0.107491405958,-0.0254613104816,124.684335301,-107.491405958,-25.4613104816,13.4080369364,13.4080369364,5.42468954074
103,0,180,positive,0.124684335301,-0.107491405958,-0.0254613104816,124.684335301,-107.491405958,-25.4613104816,13.4080369364,13.4080369364,5.42468954074
103,1,180,positive,0.124432490935,-0.107491405958,-0.0254173136894,124.432490935,-107.491405958,-25.4173136894,13.6598813018,13.6598813018,5.46868633289
104,0,180,positive,0.123893818454,-0.107491405958,-0.0252691217021,123.893818454,-107.491405958,-25.2691217021,14.1985537832,14.1985537832,5.61687832018
104,1,180,positive,0.124432490935,-0.107491405958,-0.0254173136894,124.432490935,-107.491405958,-25.4173136894,13.6598813018,13.6598813018,5.46868633289
105,0,180,positive,0.12261764126,-0.107491405958,-0.0305528128213,122.61764126,-107.491405958,-30.5528128213,15.4747309776,15.4747309776,0.333187201026
105,1,180,positive,0.12288882148,-0.107491405958,-0.0305557220673,122.88882148,-107.491405958,-30.5557220673,15.2035507572,15.2035507572,0.330277954957
106,0,180,positive,0.122529755865,-0.107491405958,-0.030559241693,122.529755865,-107.491405958,-30.559241693,15.5626163723,15.5626163723,0.326758329315
106,1,180,positive,0.12261764126,-0.107491405958,-0.0305528128213,122.61764126,-107.491405958,-30.5528128213,15.4747309776,15.4747309776,0.333187201026
107,0,180,positive,0.121961147603,-0.107491405958,-0.0305475359719,121.961147603,-107.491405958,-30.5475359719,16.1312246345,16.1312246345,0.338464050363
107,1,180,positive,0.121330342478,-0.107491405958,-0.030539340766,121.330342478,-107.491405958,-30.539340766,16.7620297589,16.7620297589,0.346659256272
108,0,180,positive,0.121330342478,-0.107491405958,-0.030539340766,121.330342478,-107.491405958,-30.539340766,16.7620297589,16.7620297589,0.346659256272
108,1,180,positive,0.121197318837,-0.107491405958,-0.0305435496747,121.197318837,-107.491405958,-30.5435496747,16.8950534006,16.8950534006,0.342450347562
109,0,180,positive,0.121197318837,-0.107491405958,-0.0305435496747,121.197318837,-107.491405958,-30.5435496747,16.8950534006,16.8950534006,0.342450347562
109,1,180,positive,0.121094951298,-0.107491405958,-0.0305451645024,121.094951298,-107.491405958,-30.5451645024,16.9974209388,16.9974209388,0.3408355199
110,0,180,positive,0.121961147603,-0.107491405958,-0.0305475359719,121.961147603,-107.491405958,-30.5475359719,16.1312246345,16.1312246345,0.338464050363
110,1,180,positive,0.122529755865,-0.107491405958,-0.030559241693,122.529755865,-107.491405958,-30.559241693,15.5626163723,15.5626163723,0.326758329315
111,0,180,positive,0.123893818454,-0.107491405958,-0.0252691217021,123.893818454,-107.491405958,-25.2691217021,14.1985537832,14.1985537832,5.61687832018
111,1,180,positive,0.123595229295,-0.107491405958,-0.0253101532418,123.595229295,-107.491405958,-25.3101532418,14.4971429424,14.4971429424,5.57584678048
112,0,180,positive,0.123595229295,-0.107491405958,-0.0253101532418,123.595229295,-107.491405958,-25.3101532418,14.4971429424,14.4971429424,5.57584678048
112,1,180,positive,0.1235283646,-0.107491405958,-0.0253503092223,123.5283646,-107.491405958,-25.3503092223,14.564007637,14.564007637,5.53569080003
113,0,180,positive,0.1235283646,-0.107491405958,-0.0253503092223,123.5283646,-107.491405958,-25.3503092223,14.564007637,14.564007637,5.53569080003
113,1,180,positive,0.123118992411,-0.107491405958,-0.0253865629154,123.118992411,-107.491405958,-25.3865629154,14.9733798265,14.9733798265,5.49943710687
114,0,180,positive,0.123039756956,-0.107491405958,-0.0254009051972,123.039756956,-107.491405958,-25.4009051972,15.0526152808,15.0526152808,5.48509482512
114,1,180,positive,0.122685801309,-0.107491405958,-0.0254928908789,122.685801309,-107.491405958,-25.4928908789,15.4065709286,15.4065709286,5.39310914339
115,0,180,positive,0.123039756956,-0.107491405958,-0.0254009051972,123.039756956,-107.491405958,-25.4009051972,15.0526152808,15.0526152808,5.48509482512
115,1,180,positive,0.123118992411,-0.107491405958,-0.0253865629154,123.118992411,-107.491405958,-25.3865629154,14.9733798265,14.9733798265,5.49943710687
116,0,180,positive,0.122517461595,-0.107491405958,-0.0255264465722,122.517461595,-107.491405958,-25.5264465722,15.5749106424,15.5749106424,5.35955345006
116,1,180,positive,0.122685801309,-0.107491405958,-0.0254928908789,122.685801309,-107.491405958,-25.4928908789,15.4065709286,15.4065709286,5.39310914339
117,0,180,positive,0.122291248644,-0.107491405958,-0.0255375232951,122.291248644,-107.491405958,-25.5375232951,15.8011235934,15.8011235934,5.34847672718
117,1,180,positive,0.122517461595,-0.107491405958,-0.0255264465722,122.517461595,-107.491405958,-25.5264465722,15.5749106424,15.5749106424,5.35955345006
118,0,180,positive,0.122291248644,-0.107491405958,-0.0255375232951,122.291248644,-107.491405958,-25.5375232951,15.8011235934,15.8011235934,5.34847672718
118,1,180,positive,0.121782181082,-0.107491405958,-0.0254419347153,121.782181082,-107.491405958,-25.4419347153,16.3101911556,16.3101911556,5.44406530704
119,0,180,positive,0.121480946708,-0.107491405958,-0.0254704467976,121.480946708,-107.491405958,-25.4704467976,16.6114255293,16.6114255293,5.41555322471
119,1,180,positive,0.121782181082,-0.107491405958,-0.0254419347153,121.782181082,-107.491405958,-25.4419347153,16.3101911556,16.3101911556,5.44406530704
120,0,180,positive,0.121480946708,-0.107491405958,-0.0254704467976,121.480946708,-107.491405958,-25.4704467976,16.6114255293,16.6114255293,5.41555322471
120,1,180,positive,0.121419312499,-0.107491405958,-0.0254777387811,121.419312499,-107.491405958,-25.4777387811,16.6730597384,16.6730597384,5.40826124121
121,0,180,positive,0.121419312499,-0.107491405958,-0.0254777387811,121.419312499,-107.491405958,-25.4777387811,16.6730597384,16.6730597384,5.40826124121
121,1,180,positive,0.121413197154,-0.107491405958,-0.025476675209,121.413197154,-107.491405958,-25.476675209,16.6791750832,16.6791750832,5.40932481331
122,0,180,positive,0.131803688701,-0.107491405958,-0.0246057588977,131.803688701,-107.491405958,-24.6057588977,6.2886835363,6.2886835363,6.28024112464
122,1,180,positive,0.131614217514,-0.107491405958,-0.0246070216448,131.614217514,-107.491405958,-24.6070216448,6.47815472282,6.47815472282,6.27897837747
123,0,180,positive,0.131614217514,-0.107491405958,-0.0246070216448,131.614217514,-107.491405958,-24.6070216448,6.47815472282,6.47815472282,6.27897837747
123,1,180,positive,0.131548057425,-0.107491405958,-0.0246207373436,131.548057425,-107.491405958,-24.6207373436,6.54431481269,6.54431481269,6.26526267867
124,0,180,positive,0.131548057425,-0.107491405958,-0.0246207373436,131.548057425,-107.491405958,-24.6207373436,6.54431481269,6.54431481269,6.26526267867
124,1,180,positive,0.131543240312,-0.107491405958,-0.0246232986726,131.543240312,-107.491405958,-24.6232986726,6.54913192562,6.54913192562,6.26270134965
125,0,180,positive,0.130505698624,-0.107491405958,-0.0248272343129,130.505698624,-107.491405958,-24.8272343129,7.5866736131,7.5866736131,6.05876570936
125,1,180,positive,0.131543240312,-0.107491405958,-0.0246232986726,131.543240312,-107.491405958,-24.6232986726,6.54913192562,6.54913192562,6.26270134965
126,0,180,positive,0.130206402915,-0.107491405958,-0.0248676073525,130.206402915,-107.491405958,-24.8676073525,7.88596932188,7.88596932188,6.01839266979
126,1,180,positive,0.130505698624,-0.107491405958,-0.0248272343129,130.505698624,-107.491405958,-24.8272343129,7.5866736131,7.5866736131,6.05876570936
127,0,180,positive,0.130206402915,-0.107491405958,-0.0248676073525,130.206402915,-107.491405958,-24.8676073525,7.88596932188,7.88596932188,6.01839266979
127,1,180,positive,0.13011965014,-0.107491405958,-0.0248568678924,130.11965014,-107.491405958,-24.8568678924,7.97272209697,7.97272209697,6.02913212986
128,0,180,positive,0.129810957396,-0.107491405958,-0.0248591421522,129.810957396,-107.491405958,-24.8591421522,8.28141484113,8.28141484113,6.02685787009
128,1,180,positive,0.13011965014,-0.107491405958,-0.0248568678924,130.11965014,-107.491405958,-24.8568678924,7.97272209697,7.97272209697,6.02913212986
129,0,180,positive,0.129232191359,-0.107491405958,-0.0247176521374,129.232191359,-107.491405958,-24.7176521374,8.86018087833,8.86018087833,6.16834788492
129,1,180,positive,0.129810957396,-0.107491405958,-0.0248591421522,129.810957396,-107.491405958,-24.8591421522,8.28141484113,8.28141484113,6.02685787009
130,0,180,positive,0.129232191359,-0.107491405958,-0.0247176521374,129.232191359,-107.491405958,-24.7176521374,8.86018087833,8.86018087833,6.16834788492
130,1,180,positive,0.129169939068,-0.107491405958,-0.0247136649489,129.169939068,-107.491405958,-24.7136649489,8.92243316923,8.92243316923,6.17233507336
131,0,180,positive,0.129169939068,-0.107491405958,-0.0247136649489,129.169939068,-107.491405958,-24.7136649489,8.92243316923,8.92243316923,6.17233507336
131,1,180,positive,0.129143957541,-0.107491405958,-0.0247140915791,129.143957541,-107.491405958,-24.7140915791,8.94841469661,8.94841469661,6.17190844321
132,0,180,positive,0.128959330555,-0.107491405958,-0.0247985904262,128.959330555,-107.491405958,-24.7985904262,9.13304168251,9.13304168251,6.08740959613
132,1,180,positive,0.129143957541,-0.107491405958,-0.0247140915791,129.143957541,-107.491405958,-24.7140915791,8.94841469661,8.94841469661,6.17190844321
133,0,180,positive,0.128756899637,-0.107491405958,-0.0248245904098,128.756899637,-107.491405958,-24.8245904098,9.3354725999,9.3354725999,6.06140961253
133,1,180,positive,0.128959330555,-0.107491405958,-0.0247985904262,128.959330555,-107.491405958,-24.7985904262,9.13304168251,9.13304168251,6.08740959613
134,0,180,positive,0.12850954829,-0.107491405958,-0.0248227811972,128.50954829,-107.491405958,-24.8227811972,9.58282394721,9.58282394721,6.06321882508
134,1,180,positive,0.128756899637,-0.107491405958,-0.0248245904098,128.756899637,-107.491405958,-24.8245904098,9.3354725999,9.3354725999,6.06140961253
135,0,180,positive,0.12850954829,-0.107491405958,-0.0248227811972,128.50954829,-107.491405958,-24.8227811972,9.58282394721,9.58282394721,6.06321882508
135,1,180,positive,0.128278183422,-0.107491405958,-0.024755023804,128.278183422,-107.491405958,-24.755023804,9.8141888152,9.8141888152,6.13097621834
136,0,180,positive,0.128006634251,-0.107491405958,-0.0247635502796,128.006634251,-107.491405958,-24.7635502796,10.0857379863,10.0857379863,6.12244974272
136,1,180,positive,0.128278183422,-0.107491405958,-0.024755023804,128.278183422,-107.491405958,-24.755023804,9.8141888152,9.8141888152,6.13097621834
137,0,180,positive,0.128006634251,-0.107491405958,-0.0247635502796,128.006634251,-107.491405958,-24.7635502796,10.0857379863,10.0857379863,6.12244974272
137,1,180,positive,0.127989452709,-0.107491405958,-0.0247675833069,127.989452709,-107.491405958,-24.7675833069,10.1029195282,10.1029195282,6.11841671535
138,0,180,positive,0.127567738702,-0.107491405958,-0.0249599287025,127.567738702,-107.491405958,-24.9599287025,10.5246335353,10.5246335353,5.92607131976
138,1,180,positive,0.127989452709,-0.107491405958,-0.0247675833069,127.989452709,-107.491405958,-24.7675833069,10.1029195282,10.1029195282,6.11841671535
139,0,180,positive,0.127567738702,-0.107491405958,-0.0249599287025,127.567738702,-107.491405958,-24.9599287025,10.5246335353,10.5246335353,5.92607131976
139,1,180,positive,0.127191306983,-0.107491405958,-0.0249512365749,127.191306983,-107.491405958,-24.9512365749,10.9010652538,10.9010652538,5.93476344742
140,0,180,positive,0.121094951298,-0.107491405958,-0.0305451645024,121.094951298,-107.491405958,-30.5451645024,16.9974209388,16.9974209388,0.3408355199
140,1,180,positive,0.120688097044,-0.107491405958,-0.0304898852853,120.688097044,-107.491405958,-30.4898852853,17.4042751928,17.4042751928,0.396114736968
141,0,180,positive,0.120305061272,-0.107491405958,-0.0304590048085,120.305061272,-107.491405958,-30.4590048085,17.7873109656,17.7873109656,0.426995213833
141,1,180,positive,0.120688097044,-0.107491405958,-0.0304898852853,120.688097044,-107.491405958,-30.4898852853,17.4042751928,17.4042751928,0.396114736968
142,0,180,positive,0.120305061272,-0.107491405958,-0.0304590048085,120.305061272,-107.491405958,-30.4590048085,17.7873109656,17.7873109656,0.426995213833
142,1,180,positive,0.120018724965,-0.107491405958,-0.0304692188877,120.018724965,-107.491405958,-30.4692188877,18.0736472723,18.0736472723,0.416781134614
143,0,180,positive,0.120018724965,-0.107491405958,-0.0304692188877,120.018724965,-107.491405958,-30.4692188877,18.0736472723,18.0736472723,0.416781134614
143,1,180,positive,0.119776381689,-0.107491405958,-0.0304481174039,119.776381689,-107.491405958,-30.4481174039,18.3159905484,18.3159905484,0.437882618414
144,0,180,positive,0.119776381689,-0.107491405958,-0.0304481174039,119.776381689,-107.491405958,-30.4481174039,18.3159905484,18.3159905484,0.437882618414
144,1,180,positive,0.119516448565,-0.107491405958,-0.0304862848125,119.516448565,-107.491405958,-30.4862848125,18.5759236718,18.5759236718,0.399715209795
145,0,180,positive,0.118612428729,-0.107491405958,-0.030546536313,118.612428729,-107.491405958,-30.546536313,19.4799435083,19.4799435083,0.339463709248
145,1,180,positive,0.119516448565,-0.107491405958,-0.0304862848125,119.516448565,-107.491405958,-30.4862848125,18.5759236718,18.5759236718,0.399715209795
146,0,180,positive,0.118612428729,-0.107491405958,-0.030546536313,118.612428729,-107.491405958,-30.546536313,19.4799435083,19.4799435083,0.339463709248
146,1,180,positive,0.117715570323,-0.107491405958,-0.0306486431017,117.715570323,-107.491405958,-30.6486431017,20.3768019142,20.3768019142,0.237356920629
147,0,180,positive,0.117175014809,-0.107491405958,-0.0307339723325,117.175014809,-107.491405958,-30.7339723325,20.9173574282,20.9173574282,0.152027689791
147,1,180,positive,0.117196002373,-0.107491405958,-0.0307310548499,117.196002373,-107.491405958,-30.7310548499,20.8963698642,20.8963698642,0.154945172359
148,0,180,positive,0.117715570323,-0.107491405958,-0.0306486431017,117.715570323,-107.491405958,-30.6486431017,20.3768019142,20.3768019142,0.237356920629
148,1,180,positive,0.117196002373,-0.107491405958,-0.0307310548499,117.196002373,-107.491405958,-30.7310548499,20.8963698642,20.8963698642,0.154945172359
149,0,180,positive,0.12065582772,-0.107491405958,-0.0253762463384,120.65582772,-107.491405958,-25.3762463384,17.4365445176,17.4365445176,5.50975368389
149,1,180,positive,0.121140094348,-0.107491405958,-0.0254429874055,121.140094348,-107.491405958,-25.4429874055,16.952277889,16.952277889,5.44301261683
150,0,180,positive,0.121413197154,-0.107491405958,-0.025476675209,121.413197154,-107.491405958,-25.476675209,16.6791750832,16.6791750832,5.40932481331
150,1,180,positive,0.121140094348,-0.107491405958,-0.0254429874055,121.140094348,-107.491405958,-25.4429874055,16.952277889,16.952277889,5.44301261683
151,0,180,positive,0.120483692639,-0.107491405958,-0.0253710299407,120.483692639,-107.491405958,-25.3710299407,17.6086795979,17.6086795979,5.51497008155
151,1,180,positive,0.12065582772,-0.107491405958,-0.0253762463384,120.65582772,-107.491405958,-25.3762463384,17.4365445176,17.4365445176,5.50975368389
152,0,180,positive,0.120433368989,-0.107491405958,-0.0253537013094,120.433368989,-107.491405958,-25.3537013094,17.6590032479,17.6590032479,5.53229871288
152,1,180,positive,0.120483692639,-0.107491405958,-0.0253710299407,120.483692639,-107.491405958,-25.3710299407,17.6086795979,17.6086795979,5.51497008155
153,0,180,positive,0.120433368989,-0.107491405958,-0.0253537013094,120.433368989,-107.491405958,-25.3537013094,17.6590032479,17.6590032479,5.53229871288
153,1,180,positive,0.12007808928,-0.107491405958,-0.0254299393323,120.07808928,-107.491405958,-25.4299393323,18.0142829577,18.0142829577,5.45606068996
154,0,180,positive,0.119917848522,-0.107491405958,-0.0254359234409,119.917848522,-107.491405958,-25.4359234409,18.1745237154,18.1745237154,5.45007658143
154,1,180,positive,0.12007808928,-0.107491405958,-0.0254299393323,120.07808928,-107.491405958,-25.4299393323,18.0142829577,18.0142829577,5.45606068996
155,0,180,positive,0.119917848522,-0.107491405958,-0.0254359234409,119.917848522,-107.491405958,-25.4359234409,18.1745237154,18.1745237154,5.45007658143
155,1,180,positive,0.119548199502,-0.107491405958,-0.0254444907878,119.548199502,-107.491405958,-25.4444907878,18.5441727356,18.5441727356,5.44150923447
156,0,180,positive,0.119178613413,-0.107491405958,-0.0254252964753,119.178613413,-107.491405958,-25.4252964753,18.9137588238,18.9137588238,5.46070354696
156,1,180,positive,0.119548199502,-0.107491405958,-0.0254444907878,119.548199502,-107.491405958,-25.4444907878,18.5441727356,18.5441727356,5.44150923447
157,0,180,positive,0.119178613413,-0.107491405958,-0.0254252964753,119.178613413,-107.491405958,-25.4252964753,18.9137588238,18.9137588238,5.46070354696
157,1,180,positive,0.118736867671,-0.107491405958,-0.0253552202374,118.736867671,-107.491405958,-25.3552202374,19.3555045661,19.3555045661,5.53077978487
158,0,180,positive,0.118507032899,-0.107491405958,-0.0254226586431,118.507032899,-107.491405958,-25.4226586431,19.5853393383,19.5853393383,5.46334137917
158,1,180,positive,0.118736867671,-0.107491405958,-0.0253552202374,118.736867671,-107.491405958,-25.3552202374,19.3555045661,19.3555045661,5.53077978487
159,0,180,positive,0.118507032899,-0.107491405958,-0.0254226586431,118.507032899,-107.491405958,-25.4226586431,19.5853393383,19.5853393383,5.46334137917
159,1,180,positive,0.118270313716,-0.107491405958,-0.025519962292,118.270313716,-107.491405958,-25.519962292,19.822058521,19.822058521,5.36603773029
160,0,180,positive,0.118270313716,-0.107491405958,-0.025519962292,118.270313716,-107.491405958,-25.519962292,19.822058521,19.822058521,5.36603773029
160,1,180,positive,0.118112365348,-0.107491405958,-0.0255858289534,118.112365348,-107.491405958,-25.5858289534,19.9800068889,19.9800068889,5.3001710689
161,0,180,positive,0.117927592303,-0.107491405958,-0.025639130675,117.927592303,-107.491405958,-25.639130675,20.1647799344,20.1647799344,5.24686934726
161,1,180,positive,0.118112365348,-0.107491405958,-0.0255858289534,118.112365348,-107.491405958,-25.5858289534,19.9800068889,19.9800068889,5.3001710689
162,0,180,positive,0.11656354846,-0.107491405958,-0.0258725238604,116.56354846,-107.491405958,-25.8725238604,21.5288237771,21.5288237771,5.01347616188
162,1,180,positive,0.116416922098,-0.107491405958,-0.025930149924,116.416922098,-107.491405958,-25.930149924,21.6754501389,21.6754501389,4.95585009832
163,0,180,positive,0.117445076047,-0.107491405958,-0.0256771898508,117.445076047,-107.491405958,-25.6771898508,20.6472961905,20.6472961905,5.20881017147
163,1,180,positive,0.117927592303,-0.107491405958,-0.025639130675,117.927592303,-107.491405958,-25.639130675,20.1647799344,20.1647799344,5.24686934726
164,0,180,positive,0.117445076047,-0.107491405958,-0.0256771898508,117.445076047,-107.491405958,-25.6771898508,20.6472961905,20.6472961905,5.20881017147
164,1,180,positive,0.117238314564,-0.107491405958,-0.0256776586921,117.238314564,-107.491405958,-25.6776586921,20.854057673,20.854057673,5.20834133021
165,0,180,positive,0.117238314564,-0.107491405958,-0.0256776586921,117.238314564,-107.491405958,-25.6776586921,20.854057673,20.854057673,5.20834133021
165,1,180,positive,0.117079765947,-0.107491405958,-0.0257464482631,117.079765947,-107.491405958,-25.7464482631,21.0126062901,21.0126062901,5.1395517592
166,0,180,positive,0.11656354846,-0.107491405958,-0.0258725238604,116.56354846,-107.491405958,-25.8725238604,21.5288237771,21.5288237771,5.01347616188
166,1,180,positive,0.117079765947,-0.107491405958,-0.0257464482631,117.079765947,-107.491405958,-25.7464482631,21.0126062901,21.0126062901,5.1395517592
167,0,180,positive,0.116416922098,-0.107491405958,-0.025930149924,116.416922098,-107.491405958,-25.930149924,21.6754501389,21.6754501389,4.95585009832
167,1,180,positive,0.116027965395,-0.107491405958,-0.0259586507191,116.027965395,-107.491405958,-25.9586507191,22.0644068421,22.0644068421,4.92734930317
168,0,180,positive,0.115727699446,-0.107491405958,-0.0259937889636,115.727699446,-107.491405958,-25.9937889636,22.364672791,22.364672791,4.89221105865
168,1,180,positive,0.116027965395,-0.107491405958,-0.0259586507191,116.027965395,-107.491405958,-25.9586507191,22.0644068421,22.0644068421,4.92734930317
169,0,180,positive,0.117161692545,-0.107491405958,-0.0307338606824,117.161692545,-107.491405958,-30.7338606824,20.9306796927,20.9306796927,0.152139339889
169,1,180,positive,0.117175014809,-0.107491405958,-0.0307339723325,117.175014809,-107.491405958,-30.7339723325,20.9173574282,20.9173574282,0.152027689791
170,0,180,positive,0.117117923459,-0.107491405958,-0.0307343777767,117.117923459,-107.491405958,-30.7343777767,20.9744487785,20.9744487785,0.151622245642
170,1,180,positive,0.117161692545,-0.107491405958,-0.0307338606824,117.161692545,-107.491405958,-30.7338606824,20.9306796927,20.9306796927,0.152139339889
171,0,180,positive,0.117117923459,-0.107491405958,-0.0307343777767,117.117923459,-107.491405958,-30.7343777767,20.9744487785,20.9744487785,0.151622245642
171,1,180,positive,0.115214487395,-0.107491405958,-0.0307070645257,115.214487395,-107.491405958,-30.7070645257,22.8778848424,22.8778848424,0.178935496557
172,0,180,positive,0.115214487395,-0.107491405958,-0.0307070645257,115.214487395,-107.491405958,-30.7070645257,22.8778848424,22.8778848424,0.178935496557
172,1,180,positive,0.114615777836,-0.107491405958,-0.0307381206976,114.615777836,-107.491405958,-30.7381206976,23.4765944015,23.4765944015,0.147879324736
173,0,180,positive,0.115252884209,-0.107491405958,-0.0258891074337,115.252884209,-107.491405958,-25.8891074337,22.839488028,22.839488028,4.99689258855
173,1,180,positive,0.115216454344,-0.107491405958,-0.0258860743104,115.216454344,-107.491405958,-25.8860743104,22.8759178935,22.8759178935,4.99992571187
174,0,180,positive,0.115252884209,-0.107491405958,-0.0258891074337,115.252884209,-107.491405958,-25.8891074337,22.839488028,22.839488028,4.99689258855
174,1,180,positive,0.115727699446,-0.107491405958,-0.0259937889636,115.727699446,-107.491405958,-25.9937889636,22.364672791,22.364672791,4.89221105865
175,0,180,positive,0.115216454344,-0.107491405958,-0.0258860743104,115.216454344,-107.491405958,-25.8860743104,22.8759178935,22.8759178935,4.99992571187
175,1,180,positive,0.115195725388,-0.107491405958,-0.0258911300642,115.195725388,-107.491405958,-25.8911300642,22.8966468493,22.8966468493,4.9948699581
176,0,180,positive,0.114168402199,-0.107491405958,-0.0307367120676,114.168402199,-107.491405958,-30.7367120676,23.9239700381,23.9239700381,0.149287954726
176,1,180,positive,0.114615777836,-0.107491405958,-0.0307381206976,114.615777836,-107.491405958,-30.7381206976,23.4765944015,23.4765944015,0.147879324736
177,0,180,positive,0.114168402199,-0.107491405958,-0.0307367120676,114.168402199,-107.491405958,-30.7367120676,23.9239700381,23.9239700381,0.149287954726
177,1,180,positive,0.112816412989,-0.107491405958,-0.030738793221,112.816412989,-107.491405958,-30.738793221,25.2759592482,25.2759592482,0.14720680126
178,0,180,positive,0.11280697986,-0.107491405958,-0.0307426533868,112.80697986,-107.491405958,-30.7426533868,25.2853923768,25.2853923768,0.143346635467
178,1,180,positive,0.112816412989,-0.107491405958,-0.030738793221,112.816412989,-107.491405958,-30.738793221,25.2759592482,25.2759592482,0.14720680126
179,0,180,positive,0.112628018217,-0.107491405958,-0.0307432892047,112.628018217,-107.491405958,-30.7432892047,25.46435402,25.46435402,0.142710817591
179,1,180,positive,0.11280697986,-0.107491405958,-0.0307426533868,112.80697986,-107.491405958,-30.7426533868,25.2853923768,25.2853923768,0.143346635467
180,0,180,positive,0.112628018217,-0.107491405958,-0.0307432892047,112.628018217,-107.491405958,-30.7432892047,25.46435402,25.46435402,0.142710817591
180,1,180,positive,0.110996438255,-0.107491405958,-0.0306230328599,110.996438255,-107.491405958,-30.6230328599,27.0959339821,27.0959339821,0.262967162369
181,0,180,positive,0.110801057429,-0.107491405958,-0.0306016431414,110.801057429,-107.491405958,-30.6016431414,27.2913148078,27.2913148078,0.284356880919
181,1,180,positive,0.110996438255,-0.107491405958,-0.0306230328599,110.996438255,-107.491405958,-30.6230328599,27.0959339821,27.0959339821,0.262967162369
182,0,180,positive,0.110801057429,-0.107491405958,-0.0306016431414,110.801057429,-107.491405958,-30.6016431414,27.2913148078,27.2913148078,0.284356880919
182,1,180,positive,0.10974502657,-0.107491405958,-0.0305282095103,109.74502657,-107.491405958,-30.5282095103,28.3473456668,28.3473456668,0.357790511945
183,0,180,positive,0.109246221564,-0.107491405958,-0.0304935676997,109.246221564,-107.491405958,-30.4935676997,28.8461506736,28.8461506736,0.392432322641
183,1,180,positive,0.10974502657,-0.107491405958,-0.0305282095103,109.74502657,-107.491405958,-30.5282095103,28.3473456668,28.3473456668,0.357790511945
184,0,180,positive,0.109246221564,-0.107491405958,-0.0304935676997,109.246221564,-107.491405958,-30.4935676997,28.8461506736,28.8461506736,0.392432322641
184,1,180,positive,0.108178145436,-0.107491405958,-0.0303824757269,108.178145436,-107.491405958,-30.3824757269,29.914226801,29.914226801,0.503524295367
185,0,180,positive,0.114583251947,-0.107491405958,-0.0260990662314,114.583251947,-107.491405958,-26.0990662314,23.5091202898,23.5091202898,4.78693379088
185,1,180,positive,0.115195725388,-0.107491405958,-0.0258911300642,115.195725388,-107.491405958,-25.8911300642,22.8966468493,22.8966468493,4.9948699581
186,0,180,positive,0.114583251947,-0.107491405958,-0.0260990662314,114.583251947,-107.491405958,-26.0990662314,23.5091202898,23.5091202898,4.78693379088
186,1,180,positive,0.114373087207,-0.107491405958,-0.0261429837772,114.373087207,-107.491405958,-26.1429837772,23.7192850305,23.7192850305,4.74301624513
187,0,180,positive,0.114169431194,-0.107491405958,-0.0261840089389,114.169431194,-107.491405958,-26.1840089389,23.9229410432,23.9229410432,4.70199108343
187,1,180,positive,0.114373087207,-0.107491405958,-0.0261429837772,114.373087207,-107.491405958,-26.1429837772,23.7192850305,23.7192850305,4.74301624513
188,0,180,positive,0.11396022499,-0.107491405958,-0.0261609331153,113.96022499,-107.491405958,-26.1609331153,24.1321472475,24.1321472475,4.72506690696
188,1,180,positive,0.114169431194,-0.107491405958,-0.0261840089389,114.169431194,-107.491405958,-26.1840089389,23.9229410432,23.9229410432,4.70199108343
189,0,180,positive,0.11396022499,-0.107491405958,-0.0261609331153,113.96022499,-107.491405958,-26.1609331153,24.1321472475,24.1321472475,4.72506690696
189,1,180,positive,0.113680090436,-0.107491405958,-0.0261191350952,113.680090436,-107.491405958,-26.1191350952,24.4122818014,24.4122818014,4.76686492712
190,0,180,positive,0.113128738236,-0.107491405958,-0.0260665416558,113.128738236,-107.491405958,-26.0665416558,24.9636340016,24.9636340016,4.81945836648
190,1,180,positive,0.113680090436,-0.107491405958,-0.0261191350952,113.680090436,-107.491405958,-26.1191350952,24.4122818014,24.4122818014,4.76686492712
191,0,180,positive,0.113128738236,-0.107491405958,-0.0260665416558,113.128738236,-107.491405958,-26.0665416558,24.9636340016,24.9636340016,4.81945836648
191,1,180,positive,0.112552136396,-0.107491405958,-0.0260798917766,112.552136396,-107.491405958,-26.0798917766,25.5402358409,25.5402358409,4.80610824574
192,0,180,positive,0.112552136396,-0.107491405958,-0.0260798917766,112.552136396,-107.491405958,-26.0798917766,25.5402358409,25.5402358409,4.80610824574
192,1,180,positive,0.112126426035,-0.107491405958,-0.0260294628079,112.126426035,-107.491405958,-26.0294628079,25.9659462023,25.9659462023,4.85653721435
193,0,180,positive,0.111934039446,-0.107491405958,-0.0260877957805,111.934039446,-107.491405958,-26.0877957805,26.1583327916,26.1583327916,4.79820424178
193,1,180,positive,0.112126426035,-0.107491405958,-0.0260294628079,112.126426035,-107.491405958,-26.0294628079,25.9659462023,25.9659462023,4.85653721435
194,0,180,positive,0.111616696186,-0.107491405958,-0.0264027232304,111.616696186,-107.491405958,-26.4027232304,26.4756760507,26.4756760507,4.48327679192
194,1,180,positive,0.11179095344,-0.107491405958,-0.0261987012966,111.79095344,-107.491405958,-26.1987012966,26.3014187974,26.3014187974,4.68729872571
195,0,180,positive,0.111616696186,-0.107491405958,-0.0264027232304,111.616696186,-107.491405958,-26.4027232304,26.4756760507,26.4756760507,4.48327679192
195,1,180,positive,0.111556720603,-0.107491405958,-0.0264709245464,111.556720603,-107.491405958,-26.4709245464,26.5356516343,26.5356516343,4.4150754759
196,0,180,positive,0.111934039446,-0.107491405958,-0.0260877957805,111.934039446,-107.491405958,-26.0877957805,26.1583327916,26.1583327916,4.79820424178
196,1,180,positive,0.11179095344,-0.107491405958,-0.0261987012966,111.79095344,-107.491405958,-26.1987012966,26.3014187974,26.3014187974,4.68729872571
197,0,180,positive,0.111278264557,-0.107491405958,-0.0264222945914,111.278264557,-107.491405958,-26.4222945914,26.8141076799,26.8141076799,4.46370543088
197,1,180,positive,0.111556720603,-0.107491405958,-0.0264709245464,111.556720603,-107.491405958,-26.4709245464,26.5356516343,26.5356516343,4.4150754759
198,0,180,positive,0.111278264557,-0.107491405958,-0.0264222945914,111.278264557,-107.491405958,-26.4222945914,26.8141076799,26.8141076799,4.46370543088
198,1,180,positive,0.111011958421,-0.107491405958,-0.0264446783116,111.011958421,-107.491405958,-26.4446783116,27.0804138159,27.0804138159,4.44132171066
199,0,180,positive,0.111011958421,-0.107491405958,-0.0264446783116,111.011958421,-107.491405958,-26.4446783116,27.0804138159,27.0804138159,4.44132171066
199,1,180,positive,0.110936943285,-0.107491405958,-0.0263677730891,110.936943285,-107.491405958,-26.3677730891,27.1554289522,27.1554289522,4.51822693314
200,0,180,positive,0.110936943285,-0.107491405958,-0.0263677730891,110.936943285,-107.491405958,-26.3677730891,27.1554289522,27.1554289522,4.51822693314
200,1,180,positive,0.110649798908,-0.107491405958,-0.0261046392854,110.649798908,-107.491405958,-26.1046392854,27.442573329,27.442573329,4.7813607369
201,0,180,positive,0.110559420638,-0.107491405958,-0.0260577800662,110.559420638,-107.491405958,-26.0577800662,27.5329515994,27.5329515994,4.82821995607
201,1,180,positive,0.110649798908,-0.107491405958,-0.0261046392854,110.649798908,-107.491405958,-26.1046392854,27.442573329,27.442573329,4.7813607369
202,0,180,positive,0.110200761388,-0.107491405958,-0.0259667646394,110.200761388,-107.491405958,-25.9667646394,27.8916108491,27.8916108491,4.91923538288
202,1,180,positive,0.110559420638,-0.107491405958,-0.0260577800662,110.559420638,-107.491405958,-26.0577800662,27.5329515994,27.5329515994,4.82821995607
203,0,180,positive,0.110200761388,-0.107491405958,-0.0259667646394,110.200761388,-107.491405958,-25.9667646394,27.8916108491,27.8916108491,4.91923538288
203,1,180,positive,0.109292416622,-0.107491405958,-0.0257499504573,109.292416622,-107.491405958,-25.7499504573,28.7999556152,28.7999556152,5.13604956501
204,0,180,positive,0.109292416622,-0.107491405958,-0.0257499504573,109.292416622,-107.491405958,-25.7499504573,28.7999556152,28.7999556152,5.13604956501
204,1,180,positive,0.1092441195,-0.107491405958,-0.0257304417814,109.2441195,-107.491405958,-25.7304417814,28.848252737,28.848252737,5.15555824094
205,0,180,positive,0.108623864696,-0.107491405958,-0.0256040615439,108.623864696,-107.491405958,-25.6040615439,29.4685075412,29.4685075412,5.28193847835
205,1,180,positive,0.1092441195,-0.107491405958,-0.0257304417814,109.2441195,-107.491405958,-25.7304417814,28.848252737,28.848252737,5.15555824094
206,0,180,positive,0.108623864696,-0.107491405958,-0.0256040615439,108.623864696,-107.491405958,-25.6040615439,29.4685075412,29.4685075412,5.28193847835
206,1,180,positive,0.108590825646,-0.107491405958,-0.0256029837238,108.590825646,-107.491405958,-25.6029837238,29.5015465915,29.5015465915,5.28301629848
207,0,180,positive,0.108161510613,-0.107491405958,-0.0255781777304,108.161510613,-107.491405958,-25.5781777304,29.9308616243,29.9308616243,5.30782229188
207,1,180,positive,0.108528616464,-0.107491405958,-0.0256030273992,108.528616464,-107.491405958,-25.6030273992,29.5637557728,29.5637557728,5.28297262307
208,0,180,positive,0.108060836708,-0.107491405958,-0.0255105370989,108.060836708,-107.491405958,-25.5105370989,30.0315355295,30.0315355295,5.37546292336
208,1,180,positive,0.108161510613,-0.107491405958,-0.0255781777304,108.161510613,-107.491405958,-25.5781777304,29.9308616243,29.9308616243,5.30782229188
209,0,180,positive,0.108178145436,-0.107491405958,-0.0303824757269,108.178145436,-107.491405958,-30.3824757269,29.914226801,29.914226801,0.503524295367
209,1,180,positive,0.107193360598,-0.107491405958,-0.0302774170035,107.193360598,-107.491405958,-30.2774170035,30.8990116395,30.8990116395,0.608583018764
210,0,180,positive,0.10718202354,-0.107491405958,-0.0302733691405,107.18202354,-107.491405958,-30.2733691405,30.9103486974,30.9103486974,0.612630881803
210,1,180,positive,0.107193360598,-0.107491405958,-0.0302774170035,107.193360598,-107.491405958,-30.2774170035,30.8990116395,30.8990116395,0.608583018764
211,0,180,positive,0.107092960334,-0.107491405958,-0.0302527259028,107.092960334,-107.491405958,-30.2527259028,30.9994119033,30.9994119033,0.633274119534
211,1,180,positive,0.10718202354,-0.107491405958,-0.0302733691405,107.18202354,-107.491405958,-30.2733691405,30.9103486974,30.9103486974,0.612630881803
212,0,180,positive,0.107049768001,-0.107491405958,-0.0302388360363,107.049768001,-107.491405958,-30.2388360363,31.0426042363,31.0426042363,0.647163985996
212,1,180,positive,0.106230617019,-0.107491405958,-0.0299364874317,106.230617019,-107.491405958,-29.9364874317,31.8617552184,31.8617552184,0.949512590561
213,0,180,positive,0.107049768001,-0.107491405958,-0.0302388360363,107.049768001,-107.491405958,-30.2388360363,31.0426042363,31.0426042363,0.647163985996
213,1,180,positive,0.107092960334,-0.107491405958,-0.0302527259028,107.092960334,-107.491405958,-30.2527259028,30.9994119033,30.9994119033,0.633274119534
214,0,180,positive,0.105899634845,-0.107491405958,-0.0297701027554,105.899634845,-107.491405958,-29.7701027554,32.1927373919,32.1927373919,1.11589726694
214,1,180,positive,0.106230617019,-0.107491405958,-0.0299364874317,106.230617019,-107.491405958,-29.9364874317,31.8617552184,31.8617552184,0.949512590561
215,0,180,positive,0.105899634845,-0.107491405958,-0.0297701027554,105.899634845,-107.491405958,-29.7701027554,32.1927373919,32.1927373919,1.11589726694
215,1,180,positive,0.105461423715,-0.107491405958,-0.0295548819708,105.461423715,-107.491405958,-29.5548819708,32.6309485218,32.6309485218,1.33111805149
216,0,180,positive,0.105251036937,-0.107491405958,-0.029435878265,105.251036937,-107.491405958,-29.435878265,32.8413352998,32.8413352998,1.45012175726
216,1,180,positive,0.105461423715,-0.107491405958,-0.0295548819708,105.461423715,-107.491405958,-29.5548819708,32.6309485218,32.6309485218,1.33111805149
217,0,180,positive,0.104698053572,-0.107491405958,-0.0290563106138,104.698053572,-107.491405958,-29.0563106138,33.3943186656,33.3943186656,1.82968940848
217,1,180,positive,0.105251036937,-0.107491405958,-0.029435878265,105.251036937,-107.491405958,-29.435878265,32.8413352998,32.8413352998,1.45012175726
218,0,180,positive,0.104698053572,-0.107491405958,-0.0290563106138,104.698053572,-107.491405958,-29.0563106138,33.3943186656,33.3943186656,1.82968940848
218,1,180,positive,0.104581561882,-0.107491405958,-0.0289709414731,104.581561882,-107.491405958,-28.9709414731,33.5108103548,33.5108103548,1.91505854922
219,0,180,positive,0.104581561882,-0.107491405958,-0.0289709414731,104.581561882,-107.491405958,-28.9709414731,33.5108103548,33.5108103548,1.91505854922
219,1,180,positive,0.104476593875,-0.107491405958,-0.0288729834771,104.476593875,-107.491405958,-28.8729834771,33.6157783627,33.6157783627,2.01301654517
220,0,180,positive,0.108590825646,-0.107491405958,-0.0256029837238,108.590825646,-107.491405958,-25.6029837238,29.5015465915,29.5015465915,5.28301629848
220,1,180,positive,0.108528616464,-0.107491405958,-0.0256030273992,108.528616464,-107.491405958,-25.6030273992,29.5637557728,29.5637557728,5.28297262307
221,0,180,positive,0.108060836708,-0.107491405958,-0.0255105370989,108.060836708,-107.491405958,-25.5105370989,30.0315355295,30.0315355295,5.37546292336
221,1,180,positive,0.107837051118,-0.107491405958,-0.0253652398953,107.837051118,-107.491405958,-25.3652398953,30.2553211189,30.2553211189,5.52076012695
222,0,180,positive,0.107584618618,-0.107491405958,-0.0251832350021,107.584618618,-107.491405958,-25.1832350021,30.5077536197,30.5077536197,5.70276502023
222,1,180,positive,0.107837051118,-0.107491405958,-0.0253652398953,107.837051118,-107.491405958,-25.3652398953,30.2553211189,30.2553211189,5.52076012695
223,0,180,positive,0.107584618618,-0.107491405958,-0.0251832350021,107.584618618,-107.491405958,-25.1832350021,30.5077536197,30.5077536197,5.70276502023
223,1,180,positive,0.107222601702,-0.107491405958,-0.0247240975063,107.222601702,-107.491405958,-24.7240975063,30.8697705355,30.8697705355,6.16190251603
224,0,180,positive,0.107222601702,-0.107491405958,-0.0247240975063,107.222601702,-107.491405958,-24.7240975063,30.8697705355,30.8697705355,6.16190251603
224,1,180,positive,0.10697688495,-0.107491405958,-0.0245811232045,106.97688495,-107.491405958,-24.5811232045,31.115487287,31.115487287,6.3048768178
225,0,180,positive,0.106815484202,-0.107491405958,-0.0244934460697,106.815484202,-107.491405958,-24.4934460697,31.2768880353,31.2768880353,6.39255395262
225,1,180,positive,0.10697688495,-0.107491405958,-0.0245811232045,106.97688495,-107.491405958,-24.5811232045,31.115487287,31.115487287,6.3048768178
226,0,180,positive,0.106815484202,-0.107491405958,-0.0244934460697,106.815484202,-107.491405958,-24.4934460697,31.2768880353,31.2768880353,6.39255395262
226,1,180,positive,0.10649740139,-0.107491405958,-0.024147429659,106.49740139,-107.491405958,-24.147429659,31.5949708475,31.5949708475,6.73857036332
227,0,180,positive,0.106404111401,-0.107491405958,-0.0240568591902,106.404111401,-107.491405958,-24.0568591902,31.6882608364,31.6882608364,6.82914083213
227,1,180,positive,0.10649740139,-0.107491405958,-0.024147429659,106.49740139,-107.491405958,-24.147429659,31.5949708475,31.5949708475,6.73857036332
228,0,180,positive,0.103835773829,-0.107491405958,-0.0281638945198,103.835773829,-107.491405958,-28.1638945198,34.2565984085,34.2565984085,2.72210550248
228,1,180,positive,0.104476593875,-0.107491405958,-0.0288729834771,104.476593875,-107.491405958,-28.8729834771,33.6157783627,33.6157783627,2.01301654517
229,0,180,positive,0.103835773829,-0.107491405958,-0.0281638945198,103.835773829,-107.491405958,-28.1638945198,34.2565984085,34.2565984085,2.72210550248
229,1,180,positive,0.102894408008,-0.107491405958,-0.0270665389712,102.894408008,-107.491405958,-27.0665389712,35.1979642292,35.1979642292,3.81946105114
230,0,180,positive,0.102662940787,-0.107491405958,-0.0267484625804,102.662940787,-107.491405958,-26.7484625804,35.4294314506,35.4294314506,4.1375374419
230,1,180,positive,0.102894408008,-0.107491405958,-0.0270665389712,102.894408008,-107.491405958,-27.0665389712,35.1979642292,35.1979642292,3.81946105114
231,0,180,positive,0.102662940787,-0.107491405958,-0.0267484625804,102.662940787,-107.491405958,-26.7484625804,35.4294314506,35.4294314506,4.1375374419
231,1,180,positive,0.102303757741,-0.107491405958,-0.0262093765028,102.303757741,-107.491405958,-26.2093765028,35.7886144962,35.7886144962,4.67662351948
232,0,180,positive,0.102303757741,-0.107491405958,-0.0262093765028,102.303757741,-107.491405958,-26.2093765028,35.7886144962,35.7886144962,4.67662351948
232,1,180,positive,0.101891201192,-0.107491405958,-0.0256526137906,101.891201192,-107.491405958,-25.6526137906,36.2011710449,36.2011710449,5.23338623166
233,0,180,positive,0.101617310255,-0.107491405958,-0.0252996695579,101.617310255,-107.491405958,-25.2996695579,36.4750619823,36.4750619823,5.58633046437
233,1,180,positive,0.101891201192,-0.107491405958,-0.0256526137906,101.891201192,-107.491405958,-25.6526137906,36.2011710449,36.2011710449,5.23338623166
234,0,180,positive,0.101242211934,-0.107491405958,-0.0248500553286,101.242211934,-107.491405958,-24.8500553286,36.8501603036,36.8501603036,6.03594469367
234,1,180,positive,0.101617310255,-0.107491405958,-0.0252996695579,101.617310255,-107.491405958,-25.2996695579,36.4750619823,36.4750619823,5.58633046437
235,0,180,positive,0.101242211934,-0.107491405958,-0.0248500553286,101.242211934,-107.491405958,-24.8500553286,36.8501603036,36.8501603036,6.03594469367
235,1,180,positive,0.100782639537,-0.107491405958,-0.0242684651078,100.782639537,-107.491405958,-24.2684651078,37.3097327005,37.3097327005,6.61753491448
236,0,180,positive,0.106404111401,-0.107491405958,-0.0240568591902,106.404111401,-107.491405958,-24.0568591902,31.6882608364,31.6882608364,6.82914083213
236,1,180,positive,0.10611641469,-0.107491405958,-0.0236736342029,106.11641469,-107.491405958,-23.6736342029,31.9759575477,31.9759575477,7.21236581937
237,0,180,positive,0.10585194947,-0.107491405958,-0.0232688520047,105.85194947,-107.491405958,-23.2688520047,32.2404227673,32.2404227673,7.61714801758
237,1,180,positive,0.10611641469,-0.107491405958,-0.0236736342029,106.11641469,-107.491405958,-23.6736342029,31.9759575477,31.9759575477,7.21236581937
238,0,180,positive,0.10560767243,-0.107491405958,-0.0229405814087,105.60767243,-107.491405958,-22.9405814087,32.4846998068,32.4846998068,7.94541861358
238,1,180,positive,0.10585194947,-0.107491405958,-0.0232688520047,105.85194947,-107.491405958,-23.2688520047,32.2404227673,32.2404227673,7.61714801758
239,0,180,positive,0.10560767243,-0.107491405958,-0.0229405814087,105.60767243,-107.491405958,-22.9405814087,32.4846998068,32.4846998068,7.94541861358
239,1,180,positive,0.105371581603,-0.107491405958,-0.022648524978,105.371581603,-107.491405958,-22.648524978,32.7207906343,32.7207906343,8.23747504433
240,0,180,positive,0.10483737419,-0.107491405958,-0.0219979572848,104.83737419,-107.491405958,-21.9979572848,33.2549980468,33.2549980468,8.88804273751
240,1,180,positive,0.104953006077,-0.107491405958,-0.0221358150198,104.953006077,-107.491405958,-22.1358150198,33.1393661607,33.1393661607,8.75018500253
241,0,180,positive,0.105371581603,-0.107491405958,-0.022648524978,105.371581603,-107.491405958,-22.648524978,32.7207906343,32.7207906343,8.23747504433
241,1,180,positive,0.104953006077,-0.107491405958,-0.0221358150198,104.953006077,-107.491405958,-22.1358150198,33.1393661607,33.1393661607,8.75018500253
242,0,180,positive,0.104636115896,-0.107491405958,-0.0216945986061,104.636115896,-107.491405958,-21.6945986061,33.4562563408,33.4562563408,9.19140141624
242,1,180,positive,0.10483737419,-0.107491405958,-0.0219979572848,104.83737419,-107.491405958,-21.9979572848,33.2549980468,33.2549980468,8.88804273751
243,0,180,positive,0.104636115896,-0.107491405958,-0.0216945986061,104.636115896,-107.491405958,-21.6945986061,33.4562563408,33.4562563408,9.19140141624
243,1,180,positive,0.104392774595,-0.107491405958,-0.0213149486157,104.392774595,-107.491405958,-21.3149486157,33.6995976418,33.6995976418,9.5710514066
244,0,180,positive,0.104314055008,-0.107491405958,-0.0212175127477,104.314055008,-107.491405958,-21.2175127477,33.778317229,33.778317229,9.66848727455
244,1,180,positive,0.104392774595,-0.107491405958,-0.0213149486157,104.392774595,-107.491405958,-21.3149486157,33.6995976418,33.6995976418,9.5710514066
245,0,180,positive,0.104314055008,-0.107491405958,-0.0212175127477,104.314055008,-107.491405958,-21.2175127477,33.778317229,33.778317229,9.66848727455
245,1,180,positive,0.104096513144,-0.107491405958,-0.0208687524419,104.096513144,-107.491405958,-20.8687524419,33.9958590931,33.9958590931,10.0172475804
246,0,180,positive,0.104096513144,-0.107491405958,-0.0208687524419,104.096513144,-107.491405958,-20.8687524419,33.9958590931,33.9958590931,10.0172475804
246,1,180,positive,0.103895898457,-0.107491405958,-0.0205527412354,103.895898457,-107.491405958,-20.5527412354,34.1964737804,34.1964737804,10.3332587869
247,0,180,positive,0.103668740222,-0.107491405958,-0.0200827302498,103.668740222,-107.491405958,-20.0827302498,34.4236320152,34.4236320152,10.8032697725
247,1,180,positive,0.103895898457,-0.107491405958,-0.0205527412354,103.895898457,-107.491405958,-20.5527412354,34.1964737804,34.1964737804,10.3332587869
248,0,180,positive,0.103411222387,-0.107491405958,-0.0196291061278,103.411222387,-107.491405958,-19.6291061278,34.6811498501,34.6811498501,11.2568938944
248,1,180,positive,0.103668740222,-0.107491405958,-0.0200827302498,103.668740222,-107.491405958,-20.0827302498,34.4236320152,34.4236320152,10.8032697725
249,0,180,positive,0.103411222387,-0.107491405958,-0.0196291061278,103.411222387,-107.491405958,-19.6291061278,34.6811498501,34.6811498501,11.2568938944
249,1,180,positive,0.103198612435,-0.107491405958,-0.0193888667071,103.198612435,-107.491405958,-19.3888667071,34.8937598025,34.8937598025,11.4971333152
250,0,180,positive,0.099391919756,-0.107491405958,-0.0223516613756,99.391919756,-107.491405958,-22.3516613756,38.7004524812,38.7004524812,8.53433864665
250,1,180,positive,0.100782639537,-0.107491405958,-0.0242684651078,100.782639537,-107.491405958,-24.2684651078,37.3097327005,37.3097327005,6.61753491448
251,0,180,positive,0.099391919756,-0.107491405958,-0.0223516613756,99.391919756,-107.491405958,-22.3516613756,38.7004524812,38.7004524812,8.53433864665
251,1,180,positive,0.0992950427876,-0.107491405958,-0.0222188669619,99.2950427876,-107.491405958,-22.2188669619,38.7973294496,38.7973294496,8.6671330604
252,0,180,positive,0.0988690639142,-0.107491405958,-0.0215485733112,98.8690639142,-107.491405958,-21.5485733112,39.223308323,39.223308323,9.33742671112
252,1,180,positive,0.0992950427876,-0.107491405958,-0.0222188669619,99.2950427876,-107.491405958,-22.2188669619,38.7973294496,38.7973294496,8.6671330604
253,0,180,positive,0.0988690639142,-0.107491405958,-0.0215485733112,98.8690639142,-107.491405958,-21.5485733112,39.223308323,39.223308323,9.33742671112
253,1,180,positive,0.0988499185518,-0.107491405958,-0.0215202170713,98.8499185518,-107.491405958,-21.5202170713,39.2424536854,39.2424536854,9.36578295103
254,0,180,positive,0.0988499185518,-0.107491405958,-0.0215202170713,98.8499185518,-107.491405958,-21.5202170713,39.2424536854,39.2424536854,9.36578295103
254,1,180,positive,0.0988316074818,-0.107491405958,-0.0214922013417,98.8316074818,-107.491405958,-21.4922013417,39.2607647554,39.2607647554,9.39379868064
255,0,180,positive,0.102919902913,-0.107491405958,-0.0188960969496,102.919902913,-107.491405958,-18.8960969496,35.1724693246,35.1724693246,11.9899030726
255,1,180,positive,0.103198612435,-0.107491405958,-0.0193888667071,103.198612435,-107.491405958,-19.3888667071,34.8937598025,34.8937598025,11.4971333152
256,0,180,positive,0.102919902913,-0.107491405958,-0.0188960969496,102.919902913,-107.491405958,-18.8960969496,35.1724693246,35.1724693246,11.9899030726
256,1,180,positive,0.102721085391,-0.107491405958,-0.0184419366781,102.721085391,-107.491405958,-18.4419366781,35.371286846,35.371286846,12.4440633442
257,0,180,positive,0.102687390804,-0.107491405958,-0.0184012144822,102.687390804,-107.491405958,-18.4012144822,35.4049814333,35.4049814333,12.4847855401
257,1,180,positive,0.102721085391,-0.107491405958,-0.0184419366781,102.721085391,-107.491405958,-18.4419366781,35.371286846,35.371286846,12.4440633442
258,0,180,positive,0.10256135578,-0.107491405958,-0.0181778947879,102.56135578,-107.491405958,-18.1778947879,35.5310164573,35.5310164573,12.7081052344
258,1,180,positive,0.102434965464,-0.107491405958,-0.0179089996964,102.434965464,-107.491405958,-17.9089996964,35.6574067731,35.6574067731,12.9770003259
259,0,180,positive,0.10256135578,-0.107491405958,-0.0181778947879,102.56135578,-107.491405958,-18.1778947879,35.5310164573,35.5310164573,12.7081052344
259,1,180,positive,0.102687390804,-0.107491405958,-0.0184012144822,102.687390804,-107.491405958,-18.4012144822,35.4049814333,35.4049814333,12.4847855401
260,0,180,positive,0.101852291946,-0.107491405958,-0.0171159020809,101.852291946,-107.491405958,-17.1159020809,36.2400802911,36.2400802911,13.7700979414
260,1,180,positive,0.101849498712,-0.107491405958,-0.0171117361848,101.849498712,-107.491405958,-17.1117361848,36.2428735256,36.2428735256,13.7742638375
261,0,180,positive,0.101849498712,-0.107491405958,-0.0171117361848,101.849498712,-107.491405958,-17.1117361848,36.2428735256,36.2428735256,13.7742638375
261,1,180,positive,0.101845849033,-0.107491405958,-0.0171053521629,101.845849033,-107.491405958,-17.1053521629,36.2465232046,36.2465232046,13.7806478593
262,0,180,positive,0.101873341282,-0.107491405958,-0.0171416757699,101.873341282,-107.491405958,-17.1416757699,36.2190309556,36.2190309556,13.7443242524
262,1,180,positive,0.102434965464,-0.107491405958,-0.0179089996964,102.434965464,-107.491405958,-17.9089996964,35.6574067731,35.6574067731,12.9770003259
263,0,180,positive,0.101873341282,-0.107491405958,-0.0171416757699,101.873341282,-107.491405958,-17.1416757699,36.2190309556,36.2190309556,13.7443242524
263,1,180,positive,0.101852291946,-0.107491405958,-0.0171159020809,101.852291946,-107.491405958,-17.1159020809,36.2400802911,36.2400802911,13.7700979414
264,0,180,positive,0.101409251136,-0.107491405958,-0.0166308882862,101.409251136,-107.491405958,-16.6308882862,36.6831211009,36.6831211009,14.2551117361
264,1,180,positive,0.101845849033,-0.107491405958,-0.0171053521629,101.845849033,-107.491405958,-17.1053521629,36.2465232046,36.2465232046,13.7806478593
265,0,180,positive,0.101233256599,-0.107491405958,-0.0163232691883,101.233256599,-107.491405958,-16.3232691883,36.8591156387,36.8591156387,14.5627308339
265,1,180,positive,0.101409251136,-0.107491405958,-0.0166308882862,101.409251136,-107.491405958,-16.6308882862,36.6831211009,36.6831211009,14.2551117361
266,0,180,positive,0.101233256599,-0.107491405958,-0.0163232691883,101.233256599,-107.491405958,-16.3232691883,36.8591156387,36.8591156387,14.5627308339
266,1,180,positive,0.10076386478,-0.107491405958,-0.0155956925977,100.76386478,-107.491405958,-15.5956925977,37.3285074574,37.3285074574,15.2903074246
267,0,180,positive,0.100704572234,-0.107491405958,-0.0154545195391,100.704572234,-107.491405958,-15.4545195391,37.3878000036,37.3878000036,15.4314804832
267,1,180,positive,0.10076386478,-0.107491405958,-0.0155956925977,100.76386478,-107.491405958,-15.5956925977,37.3285074574,37.3285074574,15.2903074246
268,0,180,positive,0.100370738657,-0.107491405958,-0.0150347659646,100.370738657,-107.491405958,-15.0347659646,37.7216335801,37.7216335801,15.8512340577
268,1,180,positive,0.100704572234,-0.107491405958,-0.0154545195391,100.704572234,-107.491405958,-15.4545195391,37.3878000036,37.3878000036,15.4314804832
269,0,180,positive,0.100370738657,-0.107491405958,-0.0150347659646,100.370738657,-107.491405958,-15.0347659646,37.7216335801,37.7216335801,15.8512340577
269,1,180,positive,0.100250850989,-0.107491405958,-0.0148611946991,100.250850989,-107.491405958,-14.8611946991,37.8415212477,37.8415212477,16.0248053232
270,0,180,positive,0.0978720294058,-0.107491405958,-0.0202468749366,97.8720294058,-107.491405958,-20.2468749366,40.2203428314,40.2203428314,10.6391250857
270,1,180,positive,0.0988316074818,-0.107491405958,-0.0214922013417,98.8316074818,-107.491405958,-21.4922013417,39.2607647554,39.2607647554,9.39379868064
271,0,180,positive,0.100250850989,-0.107491405958,-0.0148611946991,100.250850989,-107.491405958,-14.8611946991,37.8415212477,37.8415212477,16.0248053232
271,1,180,positive,0.100189669226,-0.107491405958,-0.0148069194113,100.189669226,-107.491405958,-14.8069194113,37.902703011,37.902703011,16.079080611
272,0,180,positive,0.0998084030041,-0.107491405958,-0.0143725336494,99.8084030041,-107.491405958,-14.3725336494,38.2839692331,38.2839692331,16.5134663729
272,1,180,positive,0.100189669226,-0.107491405958,-0.0148069194113,100.189669226,-107.491405958,-14.8069194113,37.902703011,37.902703011,16.079080611
273,0,180,positive,0.0998084030041,-0.107491405958,-0.0143725336494,99.8084030041,-107.491405958,-14.3725336494,38.2839692331,38.2839692331,16.5134663729
273,1,180,positive,0.0996365585271,-0.107491405958,-0.0141806932259,99.6365585271,-107.491405958,-14.1806932259,38.4558137101,38.4558137101,16.7053067964
274,0,180,positive,0.0978720294058,-0.107491405958,-0.0202468749366,97.8720294058,-107.491405958,-20.2468749366,40.2203428314,40.2203428314,10.6391250857
274,1,180,positive,0.0975548928837,-0.107491405958,-0.019850251406,97.5548928837,-107.491405958,-19.850251406,40.5374793535,40.5374793535,11.0357486163
275,0,180,positive,0.0968860476588,-0.107491405958,-0.0189346626656,96.8860476588,-107.491405958,-18.9346626656,41.2063245784,41.2063245784,11.9513373567
275,1,180,positive,0.0975548928837,-0.107491405958,-0.019850251406,97.5548928837,-107.491405958,-19.850251406,40.5374793535,40.5374793535,11.0357486163
276,0,180,positive,0.0968143171365,-0.107491405958,-0.0188019887831,96.8143171365,-107.491405958,-18.8019887831,41.2780551007,41.2780551007,12.0840112392
276,1,180,positive,0.0968860476588,-0.107491405958,-0.0189346626656,96.8860476588,-107.491405958,-18.9346626656,41.2063245784,41.2063245784,11.9513373567
277,0,180,positive,0.0968143171365,-0.107491405958,-0.0188019887831,96.8143171365,-107.491405958,-18.8019887831,41.2780551007,41.2780551007,12.0840112392
277,1,180,positive,0.0967050825646,-0.107491405958,-0.018560145441,96.7050825646,-107.491405958,-18.560145441,41.3872896726,41.3872896726,12.3258545812
278,0,180,positive,0.0967050825646,-0.107491405958,-0.018560145441,96.7050825646,-107.491405958,-18.560145441,41.3872896726,41.3872896726,12.3258545812
278,1,180,positive,0.096619011639,-0.107491405958,-0.0182890965456,96.619011639,-107.491405958,-18.2890965456,41.4733605982,41.4733605982,12.5969034767
279,0,180,positive,0.0965998364003,-0.107491405958,-0.0181620547262,96.5998364003,-107.491405958,-18.1620547262,41.4925358369,41.4925358369,12.7239452961
279,1,180,positive,0.0965948216777,-0.107491405958,-0.0179552145258,96.5948216777,-107.491405958,-17.9552145258,41.4975505595,41.4975505595,12.9307854965
280,0,180,positive,0.0966122781144,-0.107491405958,-0.0178787517756,96.6122781144,-107.491405958,-17.8787517756,41.4800941228,41.4800941228,13.0072482467
280,1,180,positive,0.0969090641826,-0.107491405958,-0.0172153760572,96.9090641826,-107.491405958,-17.2153760572,41.1833080546,41.1833080546,13.6706239651
281,0,180,positive,0.0969101258493,-0.107491405958,-0.0171890217849,96.9101258493,-107.491405958,-17.1890217849,41.1822463879,41.1822463879,13.6969782374
281,1,180,positive,0.0969090641826,-0.107491405958,-0.0172153760572,96.9090641826,-107.491405958,-17.2153760572,41.1833080546,41.1833080546,13.6706239651
282,0,180,positive,0.0969122075986,-0.107491405958,-0.0170196636618,96.9122075986,-107.491405958,-17.0196636618,41.1801646386,41.1801646386,13.8663363605
282,1,180,positive,0.0969101258493,-0.107491405958,-0.0171890217849,96.9101258493,-107.491405958,-17.1890217849,41.1822463879,41.1822463879,13.6969782374
283,0,180,positive,0.0969122075986,-0.107491405958,-0.0170196636618,96.9122075986,-107.491405958,-17.0196636618,41.1801646386,41.1801646386,13.8663363605
283,1,180,positive,0.0969120857324,-0.107491405958,-0.0167487118753,96.9120857324,-107.491405958,-16.7487118753,41.1802865048,41.1802865048,14.1372881469
284,0,180,positive,0.0969120857324,-0.107491405958,-0.0167487118753,96.9120857324,-107.491405958,-16.7487118753,41.1802865048,41.1802865048,14.1372881469
284,1,180,positive,0.0968235771845,-0.107491405958,-0.0166443114269,96.8235771845,-107.491405958,-16.6443114269,41.2687950527,41.2687950527,14.2416885954
285,0,180,positive,0.0965145972161,-0.107491405958,-0.0164635683488,96.5145972161,-107.491405958,-16.4635683488,41.5777750212,41.5777750212,14.4224316735
285,1,180,positive,0.0959902433117,-0.107491405958,-0.0162219529796,95.9902433117,-107.491405958,-16.2219529796,42.1021289255,42.1021289255,14.6640470427
286,0,180,positive,0.0966117402993,-0.107491405958,-0.0182438043174,96.6117402993,-107.491405958,-18.2438043174,41.4806319379,41.4806319379,12.6421957049
286,1,180,positive,0.096619011639,-0.107491405958,-0.0182890965456,96.619011639,-107.491405958,-18.2890965456,41.4733605982,41.4733605982,12.5969034767
287,0,180,positive,0.0966122781144,-0.107491405958,-0.0178787517756,96.6122781144,-107.491405958,-17.8787517756,41.4800941228,41.4800941228,13.0072482467
287,1,180,positive,0.0965948216777,-0.107491405958,-0.0179552145258,96.5948216777,-107.491405958,-17.9552145258,41.4975505595,41.4975505595,12.9307854965
288,0,180,positive,0.0965998364003,-0.107491405958,-0.0181620547262,96.5998364003,-107.491405958,-18.1620547262,41.4925358369,41.4925358369,12.7239452961
288,1,180,positive,0.0966117402993,-0.107491405958,-0.0182438043174,96.6117402993,-107.491405958,-18.2438043174,41.4806319379,41.4806319379,12.6421957049
289,0,180,positive,0.0966792473198,-0.107491405958,-0.016519111766,96.6792473198,-107.491405958,-16.519111766,41.4131249174,41.4131249174,14.3668882563
289,1,180,positive,0.0968235771845,-0.107491405958,-0.0166443114269,96.8235771845,-107.491405958,-16.6443114269,41.2687950527,41.2687950527,14.2416885954
290,0,180,positive,0.0965145972161,-0.107491405958,-0.0164635683488,96.5145972161,-107.491405958,-16.4635683488,41.5777750212,41.5777750212,14.4224316735
290,1,180,positive,0.0966792473198,-0.107491405958,-0.016519111766,96.6792473198,-107.491405958,-16.519111766,41.4131249174,41.4131249174,14.3668882563
291,0,180,positive,0.0951444146943,-0.107491405958,-0.0155744656291,95.1444146943,-107.491405958,-15.5744656291,42.9479575429,42.9479575429,15.3115343932
291,1,180,positive,0.0956903960796,-0.107491405958,-0.0160103316172,95.6903960796,-107.491405958,-16.0103316172,42.4019761576,42.4019761576,14.8756684051
292,0,180,positive,0.0959902433117,-0.107491405958,-0.0162219529796,95.9902433117,-107.491405958,-16.2219529796,42.1021289255,42.1021289255,14.6640470427
292,1,180,positive,0.0956903960796,-0.107491405958,-0.0160103316172,95.6903960796,-107.491405958,-16.0103316172,42.4019761576,42.4019761576,14.8756684051
293,0,180,positive,0.094922863735,-0.107491405958,-0.0154268498684,94.922863735,-107.491405958,-15.4268498684,43.1695085022,43.1695085022,15.4591501539
293,1,180,positive,0.0951444146943,-0.107491405958,-0.0155744656291,95.1444146943,-107.491405958,-15.5744656291,42.9479575429,42.9479575429,15.3115343932
294,0,180,positive,0.094922863735,-0.107491405958,-0.0154268498684,94.922863735,-107.491405958,-15.4268498684,43.1695085022,43.1695085022,15.4591501539
294,1,180,positive,0.0945995887829,-0.107491405958,-0.0152402878004,94.5995887829,-107.491405958,-15.2402878004,43.4927834543,43.4927834543,15.6457122219
295,0,180,positive,0.094209109624,-0.107491405958,-0.014818100561,94.209109624,-107.491405958,-14.818100561,43.8832626132,43.8832626132,16.0678994612
295,1,180,positive,0.0945995887829,-0.107491405958,-0.0152402878004,94.5995887829,-107.491405958,-15.2402878004,43.4927834543,43.4927834543,15.6457122219
296,0,180,positive,0.094209109624,-0.107491405958,-0.014818100561,94.209109624,-107.491405958,-14.818100561,43.8832626132,43.8832626132,16.0678994612
296,1,180,positive,0.0939612601206,-0.107491405958,-0.0145005545319,93.9612601206,-107.491405958,-14.5005545319,44.1311121166,44.1311121166,16.3854454904
297,0,180,positive,0.0939612601206,-0.107491405958,-0.0145005545319,93.9612601206,-107.491405958,-14.5005545319,44.1311121166,44.1311121166,16.3854454904
297,1,180,positive,0.0936592205262,-0.107491405958,-0.0140479420353,93.6592205262,-107.491405958,-14.0479420353,44.433151711,44.433151711,16.838057987
298,0,180,positive,0.0933993188946,-0.107491405958,-0.013631339198,93.3993188946,-107.491405958,-13.631339198,44.6930533427,44.6930533427,17.2546608243
298,1,180,positive,0.0936592205262,-0.107491405958,-0.0140479420353,93.6592205262,-107.491405958,-14.0479420353,44.433151711,44.433151711,16.838057987
299,0,180,positive,0.133040064623,-0.107491405958,-0.0248119874167,133.040064623,-107.491405958,-24.8119874167,5.05230761436,5.05230761436,6.07401260555
299,1,180,positive,0.133345065999,-0.107491405958,-0.0247737214105,133.345065999,-107.491405958,-24.7737214105,4.7473062382,4.7473062382,6.11227861184
300,0,180,positive,0.133040064623,-0.107491405958,-0.0248119874167,133.040064623,-107.491405958,-24.8119874167,5.05230761436,5.05230761436,6.07401260555
300,1,180,positive,0.132675098212,-0.107491405958,-0.0246654371509,132.675098212,-107.491405958,-24.6654371509,5.4172740253,5.4172740253,6.22056287137
301,0,180,positive,0.132497102479,-0.107491405958,-0.0246213637204,132.497102479,-107.491405958,-24.6213637204,5.59526975832,5.59526975832,6.26463630184
301,1,180,positive,0.132675098212,-0.107491405958,-0.0246654371509,132.675098212,-107.491405958,-24.6654371509,5.4172740253,5.4172740253,6.22056287137
302,0,180,positive,0.132325443071,-0.107491405958,-0.0246069582663,132.325443071,-107.491405958,-24.6069582663,5.76692916591,5.76692916591,6.27904175604
302,1,180,positive,0.132497102479,-0.107491405958,-0.0246213637204,132.497102479,-107.491405958,-24.6213637204,5.59526975832,5.59526975832,6.26463630184
303,0,180,positive,0.131803688701,-0.107491405958,-0.0246057588977,131.803688701,-107.491405958,-24.6057588977,6.2886835363,6.2886835363,6.28024112464
303,1,180,positive,0.132325443071,-0.107491405958,-0.0246069582663,132.325443071,-107.491405958,-24.6069582663,5.76692916591,5.76692916591,6.27904175604
304,0,180,positive,0.0862385485291,-0.107491405958,0.000812218741143,86.2385485291,-107.491405958,0.812218741143,51.8538237081,51.8538237081,31.6982187634
304,1,180,positive,0.085957704135,-0.107491405958,0.00158765544206,85.957704135,-107.491405958,1.58765544206,52.1346681022,52.1346681022,32.4736554644
305,0,180,positive,0.0862385485291,-0.107491405958,0.000812218741143,86.2385485291,-107.491405958,0.812218741143,51.8538237081,51.8538237081,31.6982187634
305,1,180,positive,0.0862445295941,-0.107491405958,0.000799654855902,86.2445295941,-107.491405958,0.799654855902,51.8478426431,51.8478426431,31.6856548782
306,0,180,positive,0.0857319358622,-0.107491405958,0.00212069339487,85.7319358622,-107.491405958,2.12069339487,52.360436375,52.360436375,33.0066934172
306,1,180,positive,0.085957704135,-0.107491405958,0.00158765544206,85.957704135,-107.491405958,1.58765544206,52.1346681022,52.1346681022,32.4736554644
307,0,180,positive,0.0857319358622,-0.107491405958,0.00212069339487,85.7319358622,-107.491405958,2.12069339487,52.360436375,52.360436375,33.0066934172
307,1,180,positive,0.085651452231,-0.107491405958,0.00253924255714,85.651452231,-107.491405958,2.53924255714,52.4409200062,52.4409200062,33.4252425794
308,0,180,positive,0.0856119574325,-0.107491405958,0.00279788629222,85.6119574325,-107.491405958,2.79788629222,52.4804148047,52.4804148047,33.6838863145
308,1,180,positive,0.0854858693543,-0.107491405958,0.00318320718419,85.4858693543,-107.491405958,3.18320718419,52.6065028829,52.6065028829,34.0692072065
309,0,180,positive,0.0856119574325,-0.107491405958,0.00279788629222,85.6119574325,-107.491405958,2.79788629222,52.4804148047,52.4804148047,33.6838863145
309,1,180,positive,0.085651452231,-0.107491405958,0.00253924255714,85.651452231,-107.491405958,2.53924255714,52.4409200062,52.4409200062,33.4252425794
310,0,180,positive,0.0854653998118,-0.107491405958,0.00329611692129,85.4653998118,-107.491405958,3.29611692129,52.6269724254,52.6269724254,34.1821169436
310,1,180,positive,0.0854858693543,-0.107491405958,0.00318320718419,85.4858693543,-107.491405958,3.18320718419,52.6065028829,52.6065028829,34.0692072065
311,0,180,positive,0.085351833178,-0.107491405958,0.00353336340284,85.351833178,-107.491405958,3.53336340284,52.7405390592,52.7405390592,34.4193634251
311,1,180,positive,0.0854653998118,-0.107491405958,0.00329611692129,85.4653998118,-107.491405958,3.29611692129,52.6269724254,52.6269724254,34.1821169436
312,0,180,positive,0.085351833178,-0.107491405958,0.00353336340284,85.351833178,-107.491405958,3.53336340284,52.7405390592,52.7405390592,34.4193634251
312,1,180,positive,0.0848780392599,-0.107491405958,0.00442687536468,84.8780392599,-107.491405958,4.42687536468,53.2143329773,53.2143329773,35.312875387
313,0,180,positive,0.0842338926844,-0.107491405958,0.00561524944149,84.2338926844,-107.491405958,5.61524944149,53.8584795528,53.8584795528,36.5012494638
313,1,180,positive,0.0848780392599,-0.107491405958,0.00442687536468,84.8780392599,-107.491405958,4.42687536468,53.2143329773,53.2143329773,35.312875387
314,0,180,positive,0.0873862338217,-0.107491405958,0.00835186597819,87.3862338217,-107.491405958,8.35186597819,50.7061384155,50.7061384155,39.2378660005
314,1,180,positive,0.0873928740111,-0.107491405958,0.00833857184618,87.3928740111,-107.491405958,8.33857184618,50.6994982261,50.6994982261,39.2245718685
315,0,180,positive,0.0873928740111,-0.107491405958,0.00833857184618,87.3928740111,-107.491405958,8.33857184618,50.6994982261,50.6994982261,39.2245718685
315,1,180,positive,0.0873929302725,-0.107491405958,0.00834019658134,87.3929302725,-107.491405958,8.34019658134,50.6994419648,50.6994419648,39.2261966036
316,0,180,positive,0.0873837543916,-0.107491405958,0.00835815133069,87.3837543916,-107.491405958,8.35815133069,50.7086178456,50.7086178456,39.244151353
316,1,180,positive,0.0873862338217,-0.107491405958,0.00835186597819,87.3862338217,-107.491405958,8.35186597819,50.7061384155,50.7061384155,39.2378660005
317,0,180,positive,0.0873784082925,-0.107491405958,0.00837156235263,87.3784082925,-107.491405958,8.37156235263,50.7139639447,50.7139639447,39.2575623749
317,1,180,positive,0.0873837543916,-0.107491405958,0.00835815133069,87.3837543916,-107.491405958,8.35815133069,50.7086178456,50.7086178456,39.244151353
318,0,180,positive,0.087370723229,-0.107491405958,0.00839071764071,87.370723229,-107.491405958,8.39071764071,50.7216490082,50.7216490082,39.276717663
318,1,180,positive,0.0873784082925,-0.107491405958,0.00837156235263,87.3784082925,-107.491405958,8.37156235263,50.7139639447,50.7139639447,39.2575623749
319,0,180,positive,0.087370723229,-0.107491405958,0.00839071764071,87.370723229,-107.491405958,8.39071764071,50.7216490082,50.7216490082,39.276717663
319,1,180,positive,0.0869637990691,-0.107491405958,0.00928426092691,86.9637990691,-107.491405958,9.28426092691,51.1285731681,51.1285731681,40.1702609492
320,0,180,positive,0.0869637990691,-0.107491405958,0.00928426092691,86.9637990691,-107.491405958,9.28426092691,51.1285731681,51.1285731681,40.1702609492
320,1,180,positive,0.086781734988,-0.107491405958,0.00967891519758,86.781734988,-107.491405958,9.67891519758,51.3106372493,51.3106372493,40.5649152199
321,0,180,positive,0.086781734988,-0.107491405958,0.00967891519758,86.781734988,-107.491405958,9.67891519758,51.3106372493,51.3106372493,40.5649152199
321,1,180,positive,0.086655203106,-0.107491405958,0.0100883313094,86.655203106,-107.491405958,10.0883313094,51.4371691312,51.4371691312,40.9743313317
322,0,180,positive,0.0865421166701,-0.107491405958,0.0103018981288,86.5421166701,-107.491405958,10.3018981288,51.5502555671,51.5502555671,41.1878981511
322,1,180,positive,0.086655203106,-0.107491405958,0.0100883313094,86.655203106,-107.491405958,10.0883313094,51.4371691312,51.4371691312,40.9743313317
323,0,180,positive,0.0842338926844,-0.107491405958,0.00561524944149,84.2338926844,-107.491405958,5.61524944149,53.8584795528,53.8584795528,36.5012494638
323,1,180,positive,0.0840400637853,-0.107491405958,0.00605101163591,84.0400637853,-107.491405958,6.05101163591,54.0523084519,54.0523084519,36.9370116582
324,0,180,positive,0.0840400637853,-0.107491405958,0.00605101163591,84.0400637853,-107.491405958,6.05101163591,54.0523084519,54.0523084519,36.9370116582
324,1,180,positive,0.0836367573805,-0.107491405958,0.00688715513837,83.6367573805,-107.491405958,6.88715513837,54.4556148567,54.4556148567,37.7731551607
325,0,180,positive,0.0865421166701,-0.107491405958,0.0103018981288,86.5421166701,-107.491405958,10.3018981288,51.5502555671,51.5502555671,41.1878981511
325,1,180,positive,0.0863421956164,-0.107491405958,0.010631566347,86.3421956164,-107.491405958,10.631566347,51.7501766208,51.7501766208,41.5175663693
326,0,180,positive,0.0861358268829,-0.107491405958,0.0112101680772,86.1358268829,-107.491405958,11.2101680772,51.9565453543,51.9565453543,42.0961680995
326,1,180,positive,0.0863421956164,-0.107491405958,0.010631566347,86.3421956164,-107.491405958,10.631566347,51.7501766208,51.7501766208,41.5175663693
327,0,180,positive,0.0861358268829,-0.107491405958,0.0112101680772,86.1358268829,-107.491405958,11.2101680772,51.9565453543,51.9565453543,42.0961680995
327,1,180,positive,0.0860407704458,-0.107491405958,0.0114426662312,86.0407704458,-107.491405958,11.4426662312,52.0516017914,52.0516017914,42.3286662535
328,0,180,positive,0.0857257180446,-0.107491405958,0.0119641282881,85.7257180446,-107.491405958,11.9641282881,52.3666541926,52.3666541926,42.8501283104
328,1,180,positive,0.0856336140957,-0.107491405958,0.0122834284765,85.6336140957,-107.491405958,12.2834284765,52.4587581415,52.4587581415,43.1694284988
329,0,180,positive,0.0857257180446,-0.107491405958,0.0119641282881,85.7257180446,-107.491405958,11.9641282881,52.3666541926,52.3666541926,42.8501283104
329,1,180,positive,0.0857989556608,-0.107491405958,0.0117858214217,85.7989556608,-107.491405958,11.7858214217,52.2934165764,52.2934165764,42.671821444
330,0,180,positive,0.0857989556608,-0.107491405958,0.0117858214217,85.7989556608,-107.491405958,11.7858214217,52.2934165764,52.2934165764,42.671821444
330,1,180,positive,0.0860407704458,-0.107491405958,0.0114426662312,86.0407704458,-107.491405958,11.4426662312,52.0516017914,52.0516017914,42.3286662535
331,0,180,positive,0.0854536483405,-0.107491405958,0.0126685675899,85.4536483405,-107.491405958,12.6685675899,52.6387238967,52.6387238967,43.5545676122
331,1,180,positive,0.0856336140957,-0.107491405958,0.0122834284765,85.6336140957,-107.491405958,12.2834284765,52.4587581415,52.4587581415,43.1694284988
332,0,180,positive,0.0854536483405,-0.107491405958,0.0126685675899,85.4536483405,-107.491405958,12.6685675899,52.6387238967,52.6387238967,43.5545676122
332,1,180,positive,0.085385008201,-0.107491405958,0.0127430558499,85.385008201,-107.491405958,12.7430558499,52.7073640362,52.7073640362,43.6290558721
333,0,180,positive,0.085385008201,-0.107491405958,0.0127430558499,85.385008201,-107.491405958,12.7430558499,52.7073640362,52.7073640362,43.6290558721
333,1,180,positive,0.0853277435406,-0.107491405958,0.0128165912155,85.3277435406,-107.491405958,12.8165912155,52.7646286966,52.7646286966,43.7025912378
334,0,180,positive,0.0851752663509,-0.107491405958,0.0131047641261,85.1752663509,-107.491405958,13.1047641261,52.9171058864,52.9171058864,43.9907641484
334,1,180,positive,0.0853277435406,-0.107491405958,0.0128165912155,85.3277435406,-107.491405958,12.8165912155,52.7646286966,52.7646286966,43.7025912378
335,0,180,positive,0.0849575144283,-0.107491405958,0.0135759565877,84.9575144283,-107.491405958,13.5759565877,53.1348578089,53.1348578089,44.4619566099
335,1,180,positive,0.0851752663509,-0.107491405958,0.0131047641261,85.1752663509,-107.491405958,13.1047641261,52.9171058864,52.9171058864,43.9907641484
336,0,180,positive,0.0849575144283,-0.107491405958,0.0135759565877,84.9575144283,-107.491405958,13.5759565877,53.1348578089,53.1348578089,44.4619566099
336,1,180,positive,0.0848103910752,-0.107491405958,0.0137966842622,84.8103910752,-107.491405958,13.7966842622,53.281981162,53.281981162,44.6826842845
337,0,180,positive,0.0846315545318,-0.107491405958,0.014018286912,84.6315545318,-107.491405958,14.018286912,53.4608177054,53.4608177054,44.9042869343
337,1,180,positive,0.0848103910752,-0.107491405958,0.0137966842622,84.8103910752,-107.491405958,13.7966842622,53.281981162,53.281981162,44.6826842845
338,0,180,positive,0.0846315545318,-0.107491405958,0.014018286912,84.6315545318,-107.491405958,14.018286912,53.4608177054,53.4608177054,44.9042869343
338,1,180,positive,0.0844533618125,-0.107491405958,0.0141344481641,84.4533618125,-107.491405958,14.1344481641,53.6390104247,53.6390104247,45.0204481864
339,0,180,positive,0.0842699161012,-0.107491405958,0.014415179858,84.2699161012,-107.491405958,14.415179858,53.822456136,53.822456136,45.3011798803
339,1,180,positive,0.0844533618125,-0.107491405958,0.0141344481641,84.4533618125,-107.491405958,14.1344481641,53.6390104247,53.6390104247,45.0204481864
340,0,180,positive,0.0832280982541,-0.107491405958,0.00774665149113,83.2280982541,-107.491405958,7.74665149113,54.8642739831,54.8642739831,38.6326515134
340,1,180,positive,0.0836367573805,-0.107491405958,0.00688715513837,83.6367573805,-107.491405958,6.88715513837,54.4556148567,54.4556148567,37.7731551607
341,0,180,positive,0.0829792864623,-0.107491405958,0.00822769902522,82.9792864623,-107.491405958,8.22769902522,55.1130857749,55.1130857749,39.1136990475
341,1,180,positive,0.0832280982541,-0.107491405958,0.00774665149113,83.2280982541,-107.491405958,7.74665149113,54.8642739831,54.8642739831,38.6326515134
342,0,180,positive,0.0828402235932,-0.107491405958,0.00848473922142,82.8402235932,-107.491405958,8.48473922142,55.252148644,55.252148644,39.3707392437
342,1,180,positive,0.0829792864623,-0.107491405958,0.00822769902522,82.9792864623,-107.491405958,8.22769902522,55.1130857749,55.1130857749,39.1136990475
343,0,180,positive,0.0828402235932,-0.107491405958,0.00848473922142,82.8402235932,-107.491405958,8.48473922142,55.252148644,55.252148644,39.3707392437
343,1,180,positive,0.0825320841879,-0.107491405958,0.00901543925103,82.5320841879,-107.491405958,9.01543925103,55.5602880494,55.5602880494,39.9014392733
344,0,180,positive,0.0825320841879,-0.107491405958,0.00901543925103,82.5320841879,-107.491405958,9.01543925103,55.5602880494,55.5602880494,39.9014392733
344,1,180,positive,0.0823854814877,-0.107491405958,0.00928547904171,82.3854814877,-107.491405958,9.28547904171,55.7068907495,55.7068907495,40.171479064
345,0,180,positive,0.0818154517386,-0.107491405958,0.0104508160354,81.8154517386,-107.491405958,10.4508160354,56.2769204986,56.2769204986,41.3368160577
345,1,180,positive,0.0819446130178,-0.107491405958,0.0101687970918,81.9446130178,-107.491405958,10.1687970918,56.1477592194,56.1477592194,41.054797114
346,0,180,positive,0.0816596067181,-0.107491405958,0.0106870997323,81.6596067181,-107.491405958,10.6870997323,56.4327655191,56.4327655191,41.5730997546
346,1,180,positive,0.0818154517386,-0.107491405958,0.0104508160354,81.8154517386,-107.491405958,10.4508160354,56.2769204986,56.2769204986,41.3368160577
347,0,180,positive,0.08422446394,-0.107491405958,0.0145830282363,84.22446394,-107.491405958,14.5830282363,53.8679082973,53.8679082973,45.4690282586
347,1,180,positive,0.0840727386797,-0.107491405958,0.0147325639359,84.0727386797,-107.491405958,14.7325639359,54.0196335576,54.0196335576,45.6185639582
348,0,180,positive,0.0842699161012,-0.107491405958,0.014415179858,84.2699161012,-107.491405958,14.415179858,53.822456136,53.822456136,45.3011798803
348,1,180,positive,0.08422446394,-0.107491405958,0.0145830282363,84.22446394,-107.491405958,14.5830282363,53.8679082973,53.8679082973,45.4690282586
349,0,180,positive,0.0840727386797,-0.107491405958,0.0147325639359,84.0727386797,-107.491405958,14.7325639359,54.0196335576,54.0196335576,45.6185639582
349,1,180,positive,0.0839630070085,-0.107491405958,0.0150366900992,83.9630070085,-107.491405958,15.0366900992,54.1293652287,54.1293652287,45.9226901215
350,0,180,positive,0.0823854814877,-0.107491405958,0.00928547904171,82.3854814877,-107.491405958,9.28547904171,55.7068907495,55.7068907495,40.171479064
350,1,180,positive,0.0819446130178,-0.107491405958,0.0101687970918,81.9446130178,-107.491405958,10.1687970918,56.1477592194,56.1477592194,41.054797114
351,0,180,positive,0.0816596067181,-0.107491405958,0.0106870997323,81.6596067181,-107.491405958,10.6870997323,56.4327655191,56.4327655191,41.5730997546
351,1,180,positive,0.081231966675,-0.107491405958,0.0114687502262,81.231966675,-107.491405958,11.4687502262,56.8604055623,56.8604055623,42.3547502485
352,0,180,positive,0.0809328491255,-0.107491405958,0.0119627218748,80.9328491255,-107.491405958,11.9627218748,57.1595231117,57.1595231117,42.8487218971
352,1,180,positive,0.081231966675,-0.107491405958,0.0114687502262,81.231966675,-107.491405958,11.4687502262,56.8604055623,56.8604055623,42.3547502485
353,0,180,positive,0.0809328491255,-0.107491405958,0.0119627218748,80.9328491255,-107.491405958,11.9627218748,57.1595231117,57.1595231117,42.8487218971
353,1,180,positive,0.0805114023285,-0.107491405958,0.0126300555377,80.5114023285,-107.491405958,12.6300555377,57.5809699087,57.5809699087,43.51605556
354,0,180,positive,0.080407177843,-0.107491405958,0.0128150819846,80.407177843,-107.491405958,12.8150819846,57.6851943942,57.6851943942,43.7010820069
354,1,180,positive,0.0805114023285,-0.107491405958,0.0126300555377,80.5114023285,-107.491405958,12.6300555377,57.5809699087,57.5809699087,43.51605556
355,0,180,positive,0.080407177843,-0.107491405958,0.0128150819846,80.407177843,-107.491405958,12.8150819846,57.6851943942,57.6851943942,43.7010820069
355,1,180,positive,0.0798067825473,-0.107491405958,0.013924588968,79.8067825473,-107.491405958,13.924588968,58.2855896899,58.2855896899,44.8105889903
356,0,180,positive,0.0797288568347,-0.107491405958,0.0140894559546,79.7288568347,-107.491405958,14.0894559546,58.3635154025,58.3635154025,44.9754559769
356,1,180,positive,0.0798067825473,-0.107491405958,0.013924588968,79.8067825473,-107.491405958,13.924588968,58.2855896899,58.2855896899,44.8105889903
357,0,180,positive,0.0795813821813,-0.107491405958,0.0143745747838,79.5813821813,-107.491405958,14.3745747838,58.5109900559,58.5109900559,45.2605748061
357,1,180,positive,0.0797288568347,-0.107491405958,0.0140894559546,79.7288568347,-107.491405958,14.0894559546,58.3635154025,58.3635154025,44.9754559769
358,0,180,positive,0.0795813821813,-0.107491405958,0.0143745747838,79.5813821813,-107.491405958,14.3745747838,58.5109900559,58.5109900559,45.2605748061
358,1,180,positive,0.0791682084715,-0.107491405958,0.0152301021918,79.1682084715,-107.491405958,15.2301021918,58.9241637657,58.9241637657,46.1161022141
359,0,180,positive,0.0835949398677,-0.107491405958,0.0156192981806,83.5949398677,-107.491405958,15.6192981806,54.4974323695,54.4974323695,46.5052982029
359,1,180,positive,0.0839630070085,-0.107491405958,0.0150366900992,83.9630070085,-107.491405958,15.0366900992,54.1293652287,54.1293652287,45.9226901215
360,0,180,positive,0.0833039768345,-0.107491405958,0.0158835102082,83.3039768345,-107.491405958,15.8835102082,54.7883954027,54.7883954027,46.7695102304
360,1,180,positive,0.0835949398677,-0.107491405958,0.0156192981806,83.5949398677,-107.491405958,15.6192981806,54.4974323695,54.4974323695,46.5052982029
361,0,180,positive,0.0833039768345,-0.107491405958,0.0158835102082,83.3039768345,-107.491405958,15.8835102082,54.7883954027,54.7883954027,46.7695102304
361,1,180,positive,0.0830238306441,-0.107491405958,0.0161907061906,83.0238306441,-107.491405958,16.1907061906,55.0685415932,55.0685415932,47.0767062129
362,0,180,positive,0.0830238306441,-0.107491405958,0.0161907061906,83.0238306441,-107.491405958,16.1907061906,55.0685415932,55.0685415932,47.0767062129
362,1,180,positive,0.0830028844634,-0.107491405958,0.0161955741122,83.0028844634,-107.491405958,16.1955741122,55.0894877738,55.0894877738,47.0815741345
363,0,180,positive,0.0827988348743,-0.107491405958,0.0165312684059,82.7988348743,-107.491405958,16.5312684059,55.2935373629,55.2935373629,47.4172684282
363,1,180,positive,0.0830028844634,-0.107491405958,0.0161955741122,83.0028844634,-107.491405958,16.1955741122,55.0894877738,55.0894877738,47.0815741345
364,0,180,positive,0.0827988348743,-0.107491405958,0.0165312684059,82.7988348743,-107.491405958,16.5312684059,55.2935373629,55.2935373629,47.4172684282
364,1,180,positive,0.0826671108572,-0.107491405958,0.0168067360277,82.6671108572,-107.491405958,16.8067360277,55.42526138,55.42526138,47.69273605
365,0,180,positive,0.0823249891036,-0.107491405958,0.0175585297138,82.3249891036,-107.491405958,17.5585297138,55.7673831336,55.7673831336,48.4445297361
365,1,180,positive,0.082306467419,-0.107491405958,0.017655974387,82.306467419,-107.491405958,17.655974387,55.7859048182,55.7859048182,48.5419744093
366,0,180,positive,0.0823249891036,-0.107491405958,0.0175585297138,82.3249891036,-107.491405958,17.5585297138,55.7673831336,55.7673831336,48.4445297361
366,1,180,positive,0.0826671108572,-0.107491405958,0.0168067360277,82.6671108572,-107.491405958,16.8067360277,55.42526138,55.42526138,47.69273605
367,0,180,positive,0.082306467419,-0.107491405958,0.017655974387,82.306467419,-107.491405958,17.655974387,55.7859048182,55.7859048182,48.5419744093
367,1,180,positive,0.0822142381415,-0.107491405958,0.0177715869807,82.2142381415,-107.491405958,17.7715869807,55.8781340957,55.8781340957,48.657587003
368,0,180,positive,0.0822142381415,-0.107491405958,0.0177715869807,82.2142381415,-107.491405958,17.7715869807,55.8781340957,55.8781340957,48.657587003
368,1,180,positive,0.0821457247818,-0.107491405958,0.0178735579973,82.1457247818,-107.491405958,17.8735579973,55.9466474554,55.9466474554,48.7595580196
369,0,180,positive,0.0818481994547,-0.107491405958,0.0183710153657,81.8481994547,-107.491405958,18.3710153657,56.2441727825,56.2441727825,49.257015388
369,1,180,positive,0.0821457247818,-0.107491405958,0.0178735579973,82.1457247818,-107.491405958,17.8735579973,55.9466474554,55.9466474554,48.7595580196
370,0,180,positive,0.0814366703015,-0.107491405958,0.019100282717,81.4366703015,-107.491405958,19.100282717,56.6557019357,56.6557019357,49.9862827393
370,1,180,positive,0.0817212953564,-0.107491405958,0.0186936448283,81.7212953564,-107.491405958,18.6936448283,56.3710768808,56.3710768808,49.5796448506
371,0,180,positive,0.0817212953564,-0.107491405958,0.0186936448283,81.7212953564,-107.491405958,18.6936448283,56.3710768808,56.3710768808,49.5796448506
371,1,180,positive,0.0818481994547,-0.107491405958,0.0183710153657,81.8481994547,-107.491405958,18.3710153657,56.2441727825,56.2441727825,49.257015388
372,0,180,positive,0.0814366703015,-0.107491405958,0.019100282717,81.4366703015,-107.491405958,19.100282717,56.6557019357,56.6557019357,49.9862827393
372,1,180,positive,0.0813176010832,-0.107491405958,0.0192682982096,81.3176010832,-107.491405958,19.2682982096,56.774771154,56.774771154,50.1542982319
373,0,180,positive,0.0813176010832,-0.107491405958,0.0192682982096,81.3176010832,-107.491405958,19.2682982096,56.774771154,56.774771154,50.1542982319
373,1,180,positive,0.0812154186871,-0.107491405958,0.019460494044,81.2154186871,-107.491405958,19.460494044,56.8769535502,56.8769535502,50.3464940663
374,0,180,positive,0.0810439514904,-0.107491405958,0.019879655159,81.0439514904,-107.491405958,19.879655159,57.0484207468,57.0484207468,50.7656551813
374,1,180,positive,0.0809399352002,-0.107491405958,0.0200601592763,80.9399352002,-107.491405958,20.0601592763,57.152437037,57.152437037,50.9461592986
375,0,180,positive,0.0810439514904,-0.107491405958,0.019879655159,81.0439514904,-107.491405958,19.879655159,57.0484207468,57.0484207468,50.7656551813
375,1,180,positive,0.0812154186871,-0.107491405958,0.019460494044,81.2154186871,-107.491405958,19.460494044,56.8769535502,56.8769535502,50.3464940663
376,0,180,positive,0.0791682084715,-0.107491405958,0.0152301021918,79.1682084715,-107.491405958,15.2301021918,58.9241637657,58.9241637657,46.1161022141
376,1,180,positive,0.0786302547038,-0.107491405958,0.0162859202861,78.6302547038,-107.491405958,16.2859202861,59.4621175335,59.4621175335,47.1719203084
377,0,180,positive,0.0781694337868,-0.107491405958,0.0171657613962,78.1694337868,-107.491405958,17.1657613962,59.9229384504,59.9229384504,48.0517614184
377,1,180,positive,0.0786302547038,-0.107491405958,0.0162859202861,78.6302547038,-107.491405958,16.2859202861,59.4621175335,59.4621175335,47.1719203084
378,0,180,positive,0.0779861079153,-0.107491405958,0.0175209800094,77.9861079153,-107.491405958,17.5209800094,60.1062643219,60.1062643219,48.4069800317
378,1,180,positive,0.0781694337868,-0.107491405958,0.0171657613962,78.1694337868,-107.491405958,17.1657613962,59.9229384504,59.9229384504,48.0517614184
379,0,180,positive,0.0779861079153,-0.107491405958,0.0175209800094,77.9861079153,-107.491405958,17.5209800094,60.1062643219,60.1062643219,48.4069800317
379,1,180,positive,0.0771997088894,-0.107491405958,0.0189911224779,77.1997088894,-107.491405958,18.9911224779,60.8926633478,60.8926633478,49.8771225002
380,0,180,positive,0.0769420854686,-0.107491405958,0.0194738410702,76.9420854686,-107.491405958,19.4738410702,61.1502867686,61.1502867686,50.3598410925
380,1,180,positive,0.0766294163879,-0.107491405958,0.0199717403813,76.6294163879,-107.491405958,19.9717403813,61.4629558493,61.4629558493,50.8577404036
381,0,180,positive,0.0762464640551,-0.107491405958,0.0205921461775,76.2464640551,-107.491405958,20.5921461775,61.8459081821,61.8459081821,51.4781461998
381,1,180,positive,0.0766294163879,-0.107491405958,0.0199717403813,76.6294163879,-107.491405958,19.9717403813,61.4629558493,61.4629558493,50.8577404036
382,0,180,positive,0.0805474783037,-0.107491405958,0.0208647469725,80.5474783037,-107.491405958,20.8647469725,57.5448939335,57.5448939335,51.7507469948
382,1,180,positive,0.0809399352002,-0.107491405958,0.0200601592763,80.9399352002,-107.491405958,20.0601592763,57.152437037,57.152437037,50.9461592986
383,0,180,positive,0.0802974249411,-0.107491405958,0.0213281292695,80.2974249411,-107.491405958,21.3281292695,57.7949472961,57.7949472961,52.2141292918
383,1,180,positive,0.0805124486996,-0.107491405958,0.0209390313132,80.5124486996,-107.491405958,20.9390313132,57.5799235376,57.5799235376,51.8250313355
384,0,180,positive,0.0802451848056,-0.107491405958,0.0214573947392,80.2451848056,-107.491405958,21.4573947392,57.8471874316,57.8471874316,52.3433947615
384,1,180,positive,0.0802974249411,-0.107491405958,0.0213281292695,80.2974249411,-107.491405958,21.3281292695,57.7949472961,57.7949472961,52.2141292918
385,0,180,positive,0.0801090794657,-0.107491405958,0.0216882826558,80.1090794657,-107.491405958,21.6882826558,57.9832927715,57.9832927715,52.5742826781
385,1,180,positive,0.0802451848056,-0.107491405958,0.0214573947392,80.2451848056,-107.491405958,21.4573947392,57.8471874316,57.8471874316,52.3433947615
386,0,180,positive,0.0805474783037,-0.107491405958,0.0208647469725,80.5474783037,-107.491405958,20.8647469725,57.5448939335,57.5448939335,51.7507469948
386,1,180,positive,0.0805339077002,-0.107491405958,0.0208910145436,80.5339077002,-107.491405958,20.8910145436,57.558464537,57.558464537,51.7770145659
387,0,180,positive,0.0805339077002,-0.107491405958,0.0208910145436,80.5339077002,-107.491405958,20.8910145436,57.558464537,57.558464537,51.7770145659
387,1,180,positive,0.0805124486996,-0.107491405958,0.0209390313132,80.5124486996,-107.491405958,20.9390313132,57.5799235376,57.5799235376,51.8250313355
388,0,180,positive,0.0801090794657,-0.107491405958,0.0216882826558,80.1090794657,-107.491405958,21.6882826558,57.9832927715,57.9832927715,52.5742826781
388,1,180,positive,0.0799238963289,-0.107491405958,0.0219390214388,79.9238963289,-107.491405958,21.9390214388,58.1684759083,58.1684759083,52.8250214611
389,0,180,positive,0.0799238963289,-0.107491405958,0.0219390214388,79.9238963289,-107.491405958,21.9390214388,58.1684759083,58.1684759083,52.8250214611
389,1,180,positive,0.0798420011997,-0.107491405958,0.0220109927868,79.8420011997,-107.491405958,22.0109927868,58.2503710375,58.2503710375,52.8969928091
390,0,180,positive,0.0798420011997,-0.107491405958,0.0220109927868,79.8420011997,-107.491405958,22.0109927868,58.2503710375,58.2503710375,52.8969928091
390,1,180,positive,0.0797551906962,-0.107491405958,0.0221630074398,79.7551906962,-107.491405958,22.1630074398,58.337181541,58.337181541,53.0490074621
391,0,180,positive,0.0797551906962,-0.107491405958,0.0221630074398,79.7551906962,-107.491405958,22.1630074398,58.337181541,58.337181541,53.0490074621
391,1,180,positive,0.0793485064724,-0.107491405958,0.0230042197932,79.3485064724,-107.491405958,23.0042197932,58.7438657648,58.7438657648,53.8902198155
392,0,180,positive,0.0793218249311,-0.107491405958,0.0230510744719,79.3218249311,-107.491405958,23.0510744719,58.7705473061,58.7705473061,53.9370744942
392,1,180,positive,0.0793485064724,-0.107491405958,0.0230042197932,79.3485064724,-107.491405958,23.0042197932,58.7438657648,58.7438657648,53.8902198155
393,0,180,positive,0.0793071896301,-0.107491405958,0.0230812357913,79.3071896301,-107.491405958,23.0812357913,58.7851826071,58.7851826071,53.9672358136
393,1,180,positive,0.0793218249311,-0.107491405958,0.0230510744719,79.3218249311,-107.491405958,23.0510744719,58.7705473061,58.7705473061,53.9370744942
394,0,180,positive,0.0792946670578,-0.107491405958,0.0231055021995,79.2946670578,-107.491405958,23.1055021995,58.7977051794,58.7977051794,53.9915022218
394,1,180,positive,0.0793071896301,-0.107491405958,0.0230812357913,79.3071896301,-107.491405958,23.0812357913,58.7851826071,58.7851826071,53.9672358136
395,0,180,positive,0.0792946670578,-0.107491405958,0.0231055021995,79.2946670578,-107.491405958,23.1055021995,58.7977051794,58.7977051794,53.9915022218
395,1,180,positive,0.0790333645891,-0.107491405958,0.0236098957488,79.0333645891,-107.491405958,23.6098957488,59.0590076481,59.0590076481,54.4958957711
396,0,180,positive,0.0790333645891,-0.107491405958,0.0236098957488,79.0333645891,-107.491405958,23.6098957488,59.0590076481,59.0590076481,54.4958957711
396,1,180,positive,0.0786811558556,-0.107491405958,0.023979294271,78.6811558556,-107.491405958,23.979294271,59.4112163816,59.4112163816,54.8652942933
397,0,180,positive,0.0786549807346,-0.107491405958,0.024008567619,78.6549807346,-107.491405958,24.008567619,59.4373915026,59.4373915026,54.8945676413
397,1,180,positive,0.0786811558556,-0.107491405958,0.023979294271,78.6811558556,-107.491405958,23.979294271,59.4112163816,59.4112163816,54.8652942933
398,0,180,positive,0.0786259575667,-0.107491405958,0.0240837141012,78.6259575667,-107.491405958,24.0837141012,59.4664146705,59.4664146705,54.9697141235
398,1,180,positive,0.0786549807346,-0.107491405958,0.024008567619,78.6549807346,-107.491405958,24.008567619,59.4373915026,59.4373915026,54.8945676413
399,0,180,positive,0.0783407441646,-0.107491405958,0.0246352327704,78.3407441646,-107.491405958,24.6352327704,59.7516280726,59.7516280726,55.5212327927
399,1,180,positive,0.0786259575667,-0.107491405958,0.0240837141012,78.6259575667,-107.491405958,24.0837141012,59.4664146705,59.4664146705,54.9697141235
400,0,180,positive,0.0783407441646,-0.107491405958,0.0246352327704,78.3407441646,-107.491405958,24.6352327704,59.7516280726,59.7516280726,55.5212327927
400,1,180,positive,0.078210945399,-0.107491405958,0.0248964407433,78.210945399,-107.491405958,24.8964407433,59.8814268382,59.8814268382,55.7824407656
401,0,180,positive,0.0769420854686,-0.107491405958,0.0194738410702,76.9420854686,-107.491405958,19.4738410702,61.1502867686,61.1502867686,50.3598410925
401,1,180,positive,0.0771997088894,-0.107491405958,0.0189911224779,77.1997088894,-107.491405958,18.9911224779,60.8926633478,60.8926633478,49.8771225002
402,0,180,positive,0.0762464640551,-0.107491405958,0.0205921461775,76.2464640551,-107.491405958,20.5921461775,61.8459081821,61.8459081821,51.4781461998
402,1,180,positive,0.0760460758733,-0.107491405958,0.0209366262009,76.0460758733,-107.491405958,20.9366262009,62.0462963639,62.0462963639,51.8226262232
403,0,180,positive,0.0752215996769,-0.107491405958,0.0222385832823,75.2215996769,-107.491405958,22.2385832823,62.8707725603,62.8707725603,53.1245833046
403,1,180,positive,0.0760460758733,-0.107491405958,0.0209366262009,76.0460758733,-107.491405958,20.9366262009,62.0462963639,62.0462963639,51.8226262232
404,0,180,positive,0.0752215996769,-0.107491405958,0.0222385832823,75.2215996769,-107.491405958,22.2385832823,62.8707725603,62.8707725603,53.1245833046
404,1,180,positive,0.0749682552266,-0.107491405958,0.0226465488017,74.9682552266,-107.491405958,22.6465488017,63.1241170106,63.1241170106,53.5325488239
405,0,180,positive,0.0744311068687,-0.107491405958,0.0235162542937,74.4311068687,-107.491405958,23.5162542937,63.6612653685,63.6612653685,54.402254316
405,1,180,positive,0.0749682552266,-0.107491405958,0.0226465488017,74.9682552266,-107.491405958,22.6465488017,63.1241170106,63.1241170106,53.5325488239
406,0,180,positive,0.0744311068687,-0.107491405958,0.0235162542937,74.4311068687,-107.491405958,23.5162542937,63.6612653685,63.6612653685,54.402254316
406,1,180,positive,0.0741202293892,-0.107491405958,0.0239341084053,74.1202293892,-107.491405958,23.9341084053,63.972142848,63.972142848,54.8201084276
407,0,180,positive,0.0739635702743,-0.107491405958,0.0241750754549,73.9635702743,-107.491405958,24.1750754549,64.1288019629,64.1288019629,55.0610754772
407,1,180,positive,0.0741202293892,-0.107491405958,0.0239341084053,74.1202293892,-107.491405958,23.9341084053,63.972142848,63.972142848,54.8201084276
408,0,180,positive,0.0737602969595,-0.107491405958,0.0245306496765,73.7602969595,-107.491405958,24.5306496765,64.3320752777,64.3320752777,55.4166496988
408,1,180,positive,0.0739635702743,-0.107491405958,0.0241750754549,73.9635702743,-107.491405958,24.1750754549,64.1288019629,64.1288019629,55.0610754772
409,0,180,positive,0.0737602969595,-0.107491405958,0.0245306496765,73.7602969595,-107.491405958,24.5306496765,64.3320752777,64.3320752777,55.4166496988
409,1,180,positive,0.0734465223,-0.107491405958,0.025088184282,73.4465223,-107.491405958,25.088184282,64.6458499372,64.6458499372,55.9741843043
410,0,180,positive,0.138011449634,-0.107491405958,-0.0303843550797,138.011449634,-107.491405958,-30.3843550797,0.0809226035349,0.0809226035349,0.501644942552
410,1,180,positive,0.138092372237,-0.107491405958,-0.0303865153224,138.092372237,-107.491405958,-30.3865153224,0,0,0.499484699907
411,0,180,positive,0.138011449634,-0.107491405958,-0.0303843550797,138.011449634,-107.491405958,-30.3843550797,0.0809226035349,0.0809226035349,0.501644942552
411,1,180,positive,0.137128890583,-0.107491405958,-0.0303167268355,137.128890583,-107.491405958,-30.3167268355,0.963481654581,0.963481654581,0.569273186762
412,0,180,positive,0.136670730648,-0.107491405958,-0.0302990378142,136.670730648,-107.491405958,-30.2990378142,1.4216415893,1.4216415893,0.58696220808
412,1,180,positive,0.137128890583,-0.107491405958,-0.0303167268355,137.128890583,-107.491405958,-30.3167268355,0.963481654581,0.963481654581,0.569273186762
413,0,180,positive,0.136670730648,-0.107491405958,-0.0302990378142,136.670730648,-107.491405958,-30.2990378142,1.4216415893,1.4216415893,0.58696220808
413,1,180,positive,0.136255822476,-0.107491405958,-0.0303177797772,136.255822476,-107.491405958,-30.3177797772,1.83654976119,1.83654976119,0.568220245089
414,0,180,positive,0.135651199721,-0.107491405958,-0.0303192771598,135.651199721,-107.491405958,-30.3192771598,2.44117251629,2.44117251629,0.566722862513
414,1,180,positive,0.136255822476,-0.107491405958,-0.0303177797772,136.255822476,-107.491405958,-30.3177797772,1.83654976119,1.83654976119,0.568220245089
415,0,180,positive,0.1348144312,-0.107491405958,-0.0304073648792,134.8144312,-107.491405958,-30.4073648792,3.27794103676,3.27794103676,0.478635143052
415,1,180,positive,0.134533716881,-0.107491405958,-0.030410898202,134.533716881,-107.491405958,-30.410898202,3.55865535625,3.55865535625,0.475101820243
416,0,180,positive,0.1348144312,-0.107491405958,-0.0304073648792,134.8144312,-107.491405958,-30.4073648792,3.27794103676,3.27794103676,0.478635143052
416,1,180,positive,0.135651199721,-0.107491405958,-0.0303192771598,135.651199721,-107.491405958,-30.3192771598,2.44117251629,2.44117251629,0.566722862513
417,0,180,positive,0.134533716881,-0.107491405958,-0.030410898202,134.533716881,-107.491405958,-30.410898202,3.55865535625,3.55865535625,0.475101820243
417,1,180,positive,0.134393777843,-0.107491405958,-0.0304182050701,134.393777843,-107.491405958,-30.4182050701,3.69859439431,3.69859439431,0.467794952145
418,0,180,positive,0.134393777843,-0.107491405958,-0.0304182050701,134.393777843,-107.491405958,-30.4182050701,3.69859439431,3.69859439431,0.467794952145
418,1,180,positive,0.134284635042,-0.107491405958,-0.0304200853887,134.284635042,-107.491405958,-30.4200853887,3.80773719529,3.80773719529,0.465914633621
419,0,180,positive,0.134284635042,-0.107491405958,-0.0304200853887,134.284635042,-107.491405958,-30.4200853887,3.80773719529,3.80773719529,0.465914633621
419,1,180,positive,0.133600581653,-0.107491405958,-0.0304081960299,133.600581653,-107.491405958,-30.4081960299,4.49179058413,4.49179058413,0.477803992377
420,0,180,positive,0.13273657693,-0.107491405958,-0.0303853978851,132.73657693,-107.491405958,-30.3853978851,5.35579530691,5.35579530691,0.500602137175
420,1,180,positive,0.133600581653,-0.107491405958,-0.0304081960299,133.600581653,-107.491405958,-30.4081960299,4.49179058413,4.49179058413,0.477803992377
421,0,180,positive,0.132539405844,-0.107491405958,-0.0304012786543,132.539405844,-107.491405958,-30.4012786543,5.55296639347,5.55296639347,0.484721367983
421,1,180,positive,0.13273657693,-0.107491405958,-0.0303853978851,132.73657693,-107.491405958,-30.3853978851,5.35579530691,5.35579530691,0.500602137175
422,0,180,positive,0.138092372237,-0.107491405958,-0.0246964624861,138.092372237,-107.491405958,-24.6964624861,0,0,6.18953753617
422,1,180,positive,0.138067234352,-0.107491405958,-0.0246957970028,138.067234352,-107.491405958,-24.6957970028,0.0251378847557,0.0251378847557,6.19020301945
423,0,180,positive,0.138067234352,-0.107491405958,-0.0246957970028,138.067234352,-107.491405958,-24.6957970028,0.0251378847557,0.0251378847557,6.19020301945
423,1,180,positive,0.138035834429,-0.107491405958,-0.0246975764192,138.035834429,-107.491405958,-24.6975764192,0.0565378079253,0.0565378079253,6.18842360311
424,0,180,positive,0.138035834429,-0.107491405958,-0.0246975764192,138.035834429,-107.491405958,-24.6975764192,0.0565378079253,0.0565378079253,6.18842360311
424,1,180,positive,0.137995662906,-0.107491405958,-0.0247010090573,137.995662906,-107.491405958,-24.7010090573,0.0967093307158,0.0967093307158,6.18499096495
425,0,180,positive,0.137995662906,-0.107491405958,-0.0247010090573,137.995662906,-107.491405958,-24.7010090573,0.0967093307158,0.0967093307158,6.18499096495
425,1,180,positive,0.137946814611,-0.107491405958,-0.0247088588009,137.946814611,-107.491405958,-24.7088588009,0.145557626266,0.145557626266,6.1771412214
426,0,180,positive,0.137442215992,-0.107491405958,-0.0247485679093,137.442215992,-107.491405958,-24.7485679093,0.650156245628,0.650156245628,6.13743211298
426,1,180,positive,0.137946814611,-0.107491405958,-0.0247088588009,137.946814611,-107.491405958,-24.7088588009,0.145557626266,0.145557626266,6.1771412214
427,0,180,positive,0.136824588519,-0.107491405958,-0.0248080708789,136.824588519,-107.491405958,-24.8080708789,1.26778371837,1.26778371837,6.07792914344
427,1,180,positive,0.137442215992,-0.107491405958,-0.0247485679093,137.442215992,-107.491405958,-24.7485679093,0.650156245628,0.650156245628,6.13743211298
428,0,180,positive,0.136824588519,-0.107491405958,-0.0248080708789,136.824588519,-107.491405958,-24.8080708789,1.26778371837,1.26778371837,6.07792914344
428,1,180,positive,0.136512668928,-0.107491405958,-0.0247924665726,136.512668928,-107.491405958,-24.7924665726,1.5797033089,1.5797033089,6.09353344968
429,0,180,positive,0.136512668928,-0.107491405958,-0.0247924665726,136.512668928,-107.491405958,-24.7924665726,1.5797033089,1.5797033089,6.09353344968
429,1,180,positive,0.135983905612,-0.107491405958,-0.0247541894058,135.983905612,-107.491405958,-24.7541894058,2.10846662524,2.10846662524,6.13181061647
430,0,180,positive,0.135935823052,-0.107491405958,-0.0247475672076,135.935823052,-107.491405958,-24.7475672076,2.15654918504,2.15654918504,6.13843281472
430,1,180,positive,0.135983905612,-0.107491405958,-0.0247541894058,135.983905612,-107.491405958,-24.7541894058,2.10846662524,2.10846662524,6.13181061647
431,0,180,positive,0.135891577978,-0.107491405958,-0.0247507282632,135.891577978,-107.491405958,-24.7507282632,2.20079425935,2.20079425935,6.13527175909
431,1,180,positive,0.135935823052,-0.107491405958,-0.0247475672076,135.935823052,-107.491405958,-24.7475672076,2.15654918504,2.15654918504,6.13843281472
432,0,180,positive,0.135891577978,-0.107491405958,-0.0247507282632,135.891577978,-107.491405958,-24.7507282632,2.20079425935,2.20079425935,6.13527175909
432,1,180,positive,0.135116803446,-0.107491405958,-0.0247137343515,135.116803446,-107.491405958,-24.7137343515,2.97556879104,2.97556879104,6.17226567077
433,0,180,positive,0.134881013733,-0.107491405958,-0.0246929826468,134.881013733,-107.491405958,-24.6929826468,3.21135850408,3.21135850408,6.19301737551
433,1,180,positive,0.135116803446,-0.107491405958,-0.0247137343515,135.116803446,-107.491405958,-24.7137343515,2.97556879104,2.97556879104,6.17226567077
434,0,180,positive,0.134881013733,-0.107491405958,-0.0246929826468,134.881013733,-107.491405958,-24.6929826468,3.21135850408,3.21135850408,6.19301737551
434,1,180,positive,0.134295792716,-0.107491405958,-0.0246639801762,134.295792716,-107.491405958,-24.6639801762,3.79657952149,3.79657952149,6.2220198461
435,0,180,positive,0.133512783918,-0.107491405958,-0.0247441550263,133.512783918,-107.491405958,-24.7441550263,4.57958831935,4.57958831935,6.14184499596
435,1,180,positive,0.134295792716,-0.107491405958,-0.0246639801762,134.295792716,-107.491405958,-24.6639801762,3.79657952149,3.79657952149,6.2220198461
436,0,180,positive,0.133512783918,-0.107491405958,-0.0247441550263,133.512783918,-107.491405958,-24.7441550263,4.57958831935,4.57958831935,6.14184499596
436,1,180,positive,0.133470518021,-0.107491405958,-0.0247402849897,133.470518021,-107.491405958,-24.7402849897,4.62185421575,4.62185421575,6.1457150326
437,0,180,positive,0.133457528311,-0.107491405958,-0.0247526243765,133.457528311,-107.491405958,-24.7526243765,4.63484392659,4.63484392659,6.13337564581
437,1,180,positive,0.133345065999,-0.107491405958,-0.0247737214105,133.345065999,-107.491405958,-24.7737214105,4.7473062382,4.7473062382,6.11227861184
438,0,180,positive,0.133470518021,-0.107491405958,-0.0247402849897,133.470518021,-107.491405958,-24.7402849897,4.62185421575,4.62185421575,6.1457150326
438,1,180,positive,0.133457528311,-0.107491405958,-0.0247526243765,133.457528311,-107.491405958,-24.7526243765,4.63484392659,4.63484392659,6.13337564581
439,0,180,positive,0.068097056042,-0.107491405958,0.0352209166938,68.097056042,-107.491405958,35.2209166938,69.9953161952,69.9953161952,66.1069167161
439,1,180,positive,0.0685443225085,-0.107491405958,0.0343409244445,68.5443225085,-107.491405958,34.3409244445,69.5480497287,69.5480497287,65.2269244668
440,0,180,positive,0.0678917529224,-0.107491405958,0.0357416684128,67.8917529224,-107.491405958,35.7416684128,70.2006193148,70.2006193148,66.6276684351
440,1,180,positive,0.068097056042,-0.107491405958,0.0352209166938,68.097056042,-107.491405958,35.2209166938,69.9953161952,69.9953161952,66.1069167161
441,0,180,positive,0.0678917529224,-0.107491405958,0.0357416684128,67.8917529224,-107.491405958,35.7416684128,70.2006193148,70.2006193148,66.6276684351
441,1,180,positive,0.0675023655082,-0.107491405958,0.0366811373612,67.5023655082,-107.491405958,36.6811373612,70.590006729,70.590006729,67.5671373835
442,0,180,positive,0.0672239556401,-0.107491405958,0.037365996965,67.2239556401,-107.491405958,37.365996965,70.8684165971,70.8684165971,68.2519969872
442,1,180,positive,0.0675023655082,-0.107491405958,0.0366811373612,67.5023655082,-107.491405958,36.6811373612,70.590006729,70.590006729,67.5671373835
443,0,180,positive,0.0672239556401,-0.107491405958,0.037365996965,67.2239556401,-107.491405958,37.365996965,70.8684165971,70.8684165971,68.2519969872
443,1,180,positive,0.0667196432123,-0.107491405958,0.038404630363,66.7196432123,-107.491405958,38.404630363,71.3727290249,71.3727290249,69.2906303852
444,0,180,positive,0.066355785325,-0.107491405958,0.0391734717449,66.355785325,-107.491405958,39.1734717449,71.7365869122,71.7365869122,70.0594717672
444,1,180,positive,0.0667196432123,-0.107491405958,0.038404630363,66.7196432123,-107.491405958,38.404630363,71.3727290249,71.3727290249,69.2906303852
445,0,180,positive,0.0661440032719,-0.107491405958,0.0395912259287,66.1440032719,-107.491405958,39.5912259287,71.9483689654,71.9483689654,70.477225951
445,1,180,positive,0.066355785325,-0.107491405958,0.0391734717449,66.355785325,-107.491405958,39.1734717449,71.7365869122,71.7365869122,70.0594717672
446,0,180,positive,0.0661440032719,-0.107491405958,0.0395912259287,66.1440032719,-107.491405958,39.5912259287,71.9483689654,71.9483689654,70.477225951
446,1,180,positive,0.0656422174062,-0.107491405958,0.0406886430715,65.6422174062,-107.491405958,40.6886430715,72.450154831,72.450154831,71.5746430937
447,0,180,positive,0.0654005063855,-0.107491405958,0.0412807042346,65.4005063855,-107.491405958,41.2807042346,72.6918658517,72.6918658517,72.1667042569
447,1,180,positive,0.0656422174062,-0.107491405958,0.0406886430715,65.6422174062,-107.491405958,40.6886430715,72.450154831,72.450154831,71.5746430937
448,0,180,positive,0.0684606421993,-0.107491405958,0.0438784226794,68.4606421993,-107.491405958,43.8784226794,69.6317300379,69.6317300379,74.7644227017
448,1,180,positive,0.068323057615,-0.107491405958,0.044134183222,68.323057615,-107.491405958,44.134183222,69.7693146222,69.7693146222,75.0201832443
449,0,180,positive,0.068323057615,-0.107491405958,0.044134183222,68.323057615,-107.491405958,44.134183222,69.7693146222,69.7693146222,75.0201832443
449,1,180,positive,0.0682299864825,-0.107491405958,0.0442966497247,68.2299864825,-107.491405958,44.2966497247,69.8623857548,69.8623857548,75.182649747
450,0,180,positive,0.0679649884883,-0.107491405958,0.0447509968035,67.9649884883,-107.491405958,44.7509968035,70.127383749,70.127383749,75.6369968257
450,1,180,positive,0.0682299864825,-0.107491405958,0.0442966497247,68.2299864825,-107.491405958,44.2966497247,69.8623857548,69.8623857548,75.182649747
451,0,180,positive,0.0652595530185,-0.107491405958,0.0426671296963,65.2595530185,-107.491405958,42.6671296963,72.8328192187,72.8328192187,73.5531297186
451,1,180,positive,0.0653272580131,-0.107491405958,0.0424574961108,65.3272580131,-107.491405958,42.4574961108,72.7651142241,72.7651142241,73.3434961331
452,0,180,positive,0.0652443139254,-0.107491405958,0.0427217491533,65.2443139254,-107.491405958,42.7217491533,72.8480583118,72.8480583118,73.6077491756
452,1,180,positive,0.0652595530185,-0.107491405958,0.0426671296963,65.2595530185,-107.491405958,42.6671296963,72.8328192187,72.8328192187,73.5531297186
453,0,180,positive,0.0650996114719,-0.107491405958,0.042912956004,65.0996114719,-107.491405958,42.912956004,72.9927607653,72.9927607653,73.7989560263
453,1,180,positive,0.0652443139254,-0.107491405958,0.0427217491533,65.2443139254,-107.491405958,42.7217491533,72.8480583118,72.8480583118,73.6077491756
454,0,180,positive,0.0679649884883,-0.107491405958,0.0447509968035,67.9649884883,-107.491405958,44.7509968035,70.127383749,70.127383749,75.6369968257
454,1,180,positive,0.0674822326754,-0.107491405958,0.0452856659393,67.4822326754,-107.491405958,45.2856659393,70.6101395618,70.6101395618,76.1716659616
455,0,180,positive,0.0674724785995,-0.107491405958,0.0453012730595,67.4724785995,-107.491405958,45.3012730595,70.6198936377,70.6198936377,76.1872730818
455,1,180,positive,0.0674822326754,-0.107491405958,0.0452856659393,67.4822326754,-107.491405958,45.2856659393,70.6101395618,70.6101395618,76.1716659616
456,0,180,positive,0.0674621565017,-0.107491405958,0.0453151398991,67.4621565017,-107.491405958,45.3151398991,70.6302157355,70.6302157355,76.2011399214
456,1,180,positive,0.0674724785995,-0.107491405958,0.0453012730595,67.4724785995,-107.491405958,45.3012730595,70.6198936377,70.6198936377,76.1872730818
457,0,180,positive,0.0674621565017,-0.107491405958,0.0453151398991,67.4621565017,-107.491405958,45.3151398991,70.6302157355,70.6302157355,76.2011399214
457,1,180,positive,0.0671154284006,-0.107491405958,0.0458514266735,67.1154284006,-107.491405958,45.8514266735,70.9769438366,70.9769438366,76.7374266958
458,0,180,positive,0.0671154284006,-0.107491405958,0.0458514266735,67.1154284006,-107.491405958,45.8514266735,70.9769438366,70.9769438366,76.7374266958
458,1,180,positive,0.0667972986457,-0.107491405958,0.0466483870955,66.7972986457,-107.491405958,46.6483870955,71.2950735915,71.2950735915,77.5343871178
459,0,180,positive,0.0666785037959,-0.107491405958,0.0469297214202,66.6785037959,-107.491405958,46.9297214202,71.4138684413,71.4138684413,77.8157214425
459,1,180,positive,0.0667972986457,-0.107491405958,0.0466483870955,66.7972986457,-107.491405958,46.6483870955,71.2950735915,71.2950735915,77.5343871178
460,0,180,positive,0.0666785037959,-0.107491405958,0.0469297214202,66.6785037959,-107.491405958,46.9297214202,71.4138684413,71.4138684413,77.8157214425
460,1,180,positive,0.0661027926032,-0.107491405958,0.0477869006969,66.1027926032,-107.491405958,47.7869006969,71.989579634,71.989579634,78.6729007192
461,0,180,positive,0.0653253578823,-0.107491405958,0.0416765357174,65.3253578823,-107.491405958,41.6765357174,72.7670143549,72.7670143549,72.5625357397
461,1,180,positive,0.0653300041983,-0.107491405958,0.0417024029015,65.3300041983,-107.491405958,41.7024029015,72.7623680389,72.7623680389,72.5884029238
462,0,180,positive,0.0653327673215,-0.107491405958,0.0416219104507,65.3327673215,-107.491405958,41.6219104507,72.7596049157,72.7596049157,72.507910473
462,1,180,positive,0.0654005063855,-0.107491405958,0.0412807042346,65.4005063855,-107.491405958,41.2807042346,72.6918658517,72.6918658517,72.1667042569
463,0,180,positive,0.0653300041983,-0.107491405958,0.0417024029015,65.3300041983,-107.491405958,41.7024029015,72.7623680389,72.7623680389,72.5884029238
463,1,180,positive,0.0653317928205,-0.107491405958,0.0417226825942,65.3317928205,-107.491405958,41.7226825942,72.7605794167,72.7605794167,72.6086826165
464,0,180,positive,0.0653452599758,-0.107491405958,0.0424284090406,65.3452599758,-107.491405958,42.4284090406,72.7471122614,72.7471122614,73.3144090629
464,1,180,positive,0.0653317928205,-0.107491405958,0.0417226825942,65.3317928205,-107.491405958,41.7226825942,72.7605794167,72.7605794167,72.6086826165
465,0,180,positive,0.0653327673215,-0.107491405958,0.0416219104507,65.3327673215,-107.491405958,41.6219104507,72.7596049157,72.7596049157,72.507910473
465,1,180,positive,0.0653253578823,-0.107491405958,0.0416765357174,65.3253578823,-107.491405958,41.6765357174,72.7670143549,72.7670143549,72.5625357397
466,0,180,positive,0.0653452599758,-0.107491405958,0.0424284090406,65.3452599758,-107.491405958,42.4284090406,72.7471122614,72.7471122614,73.3144090629
466,1,180,positive,0.0653272580131,-0.107491405958,0.0424574961108,65.3272580131,-107.491405958,42.4574961108,72.7651142241,72.7651142241,73.3434961331
467,0,180,positive,0.0650996114719,-0.107491405958,0.042912956004,65.0996114719,-107.491405958,42.912956004,72.9927607653,72.9927607653,73.7989560263
467,1,180,positive,0.0648749208181,-0.107491405958,0.043204970914,64.8749208181,-107.491405958,43.204970914,73.2174514191,73.2174514191,74.0909709363
468,0,180,positive,0.0648749208181,-0.107491405958,0.043204970914,64.8749208181,-107.491405958,43.204970914,73.2174514191,73.2174514191,74.0909709363
468,1,180,positive,0.0645621870288,-0.107491405958,0.0437092151567,64.5621870288,-107.491405958,43.7092151567,73.5301852084,73.5301852084,74.595215179
469,0,180,positive,0.0644709876765,-0.107491405958,0.0438842820641,64.4709876765,-107.491405958,43.8842820641,73.6213845607,73.6213845607,74.7702820864
469,1,180,positive,0.0645621870288,-0.107491405958,0.0437092151567,64.5621870288,-107.491405958,43.7092151567,73.5301852084,73.5301852084,74.595215179
470,0,180,positive,0.064338132101,-0.107491405958,0.0441828537684,64.338132101,-107.491405958,44.1828537684,73.7542401362,73.7542401362,75.0688537907
470,1,180,positive,0.0644709876765,-0.107491405958,0.0438842820641,64.4709876765,-107.491405958,43.8842820641,73.6213845607,73.6213845607,74.7702820864
471,0,180,positive,0.0660805492307,-0.107491405958,0.0478148754691,66.0805492307,-107.491405958,47.8148754691,72.0118230065,72.0118230065,78.7008754914
471,1,180,positive,0.0661027926032,-0.107491405958,0.0477869006969,66.1027926032,-107.491405958,47.7869006969,71.989579634,71.989579634,78.6729007192
472,0,180,positive,0.0660727655975,-0.107491405958,0.0478342525386,66.0727655975,-107.491405958,47.8342525386,72.0196066397,72.0196066397,78.7202525609
472,1,180,positive,0.0660805492307,-0.107491405958,0.0478148754691,66.0805492307,-107.491405958,47.8148754691,72.0118230065,72.0118230065,78.7008754914
473,0,180,positive,0.0660727655975,-0.107491405958,0.0478342525386,66.0727655975,-107.491405958,47.8342525386,72.0196066397,72.0196066397,78.7202525609
473,1,180,positive,0.0658646421234,-0.107491405958,0.0483389758008,65.8646421234,-107.491405958,48.3389758008,72.2277301138,72.2277301138,79.2249758231
474,0,180,positive,0.0658646421234,-0.107491405958,0.0483389758008,65.8646421234,-107.491405958,48.3389758008,72.2277301138,72.2277301138,79.2249758231
474,1,180,positive,0.0658377824208,-0.107491405958,0.0485910359091,65.8377824208,-107.491405958,48.5910359091,72.2545898164,72.2545898164,79.4770359314
475,0,180,positive,0.064338132101,-0.107491405958,0.0441828537684,64.338132101,-107.491405958,44.1828537684,73.7542401362,73.7542401362,75.0688537907
475,1,180,positive,0.063642419895,-0.107491405958,0.0458331664568,63.642419895,-107.491405958,45.8331664568,74.4499523422,74.4499523422,76.7191664791
476,0,180,positive,0.0635160958598,-0.107491405958,0.0461427888953,63.5160958598,-107.491405958,46.1427888953,74.5762763774,74.5762763774,77.0287889176
476,1,180,positive,0.063642419895,-0.107491405958,0.0458331664568,63.642419895,-107.491405958,45.8331664568,74.4499523422,74.4499523422,76.7191664791
477,0,180,positive,0.0631356551837,-0.107491405958,0.0469904147695,63.1356551837,-107.491405958,46.9904147695,74.9567170535,74.9567170535,77.8764147918
477,1,180,positive,0.0635160958598,-0.107491405958,0.0461427888953,63.5160958598,-107.491405958,46.1427888953,74.5762763774,74.5762763774,77.0287889176
478,0,180,positive,0.0631356551837,-0.107491405958,0.0469904147695,63.1356551837,-107.491405958,46.9904147695,74.9567170535,74.9567170535,77.8764147918
478,1,180,positive,0.0626714846537,-0.107491405958,0.048099000405,62.6714846537,-107.491405958,48.099000405,75.4208875835,75.4208875835,78.9850004273
479,0,180,positive,0.0624413739246,-0.107491405958,0.0486344729549,62.4413739246,-107.491405958,48.6344729549,75.6509983126,75.6509983126,79.5204729772
479,1,180,positive,0.0626714846537,-0.107491405958,0.048099000405,62.6714846537,-107.491405958,48.099000405,75.4208875835,75.4208875835,78.9850004273
480,0,180,positive,0.078210945399,-0.107491405958,0.0248964407433,78.210945399,-107.491405958,24.8964407433,59.8814268382,59.8814268382,55.7824407656
480,1,180,positive,0.078107817267,-0.107491405958,0.0250926952065,78.107817267,-107.491405958,25.0926952065,59.9845549702,59.9845549702,55.9786952288
481,0,180,positive,0.0776536923738,-0.107491405958,0.0259406859973,77.6536923738,-107.491405958,25.9406859973,60.4386798634,60.4386798634,56.8266860196
481,1,180,positive,0.078107817267,-0.107491405958,0.0250926952065,78.107817267,-107.491405958,25.0926952065,59.9845549702,59.9845549702,55.9786952288
482,0,180,positive,0.0775342474464,-0.107491405958,0.026169285891,77.5342474464,-107.491405958,26.169285891,60.5581247908,60.5581247908,57.0552859133
482,1,180,positive,0.0776536923738,-0.107491405958,0.0259406859973,77.6536923738,-107.491405958,25.9406859973,60.4386798634,60.4386798634,56.8266860196
483,0,180,positive,0.0773474123093,-0.107491405958,0.0265323562571,77.3474123093,-107.491405958,26.5323562571,60.7449599279,60.7449599279,57.4183562794
483,1,180,positive,0.0775342474464,-0.107491405958,0.026169285891,77.5342474464,-107.491405958,26.169285891,60.5581247908,60.5581247908,57.0552859133
484,0,180,positive,0.0770003940149,-0.107491405958,0.0272858171921,77.0003940149,-107.491405958,27.2858171921,61.0919782223,61.0919782223,58.1718172144
484,1,180,positive,0.0766868018859,-0.107491405958,0.0279559364351,76.6868018859,-107.491405958,27.9559364351,61.4055703513,61.4055703513,58.8419364574
485,0,180,positive,0.0773474123093,-0.107491405958,0.0265323562571,77.3474123093,-107.491405958,26.5323562571,60.7449599279,60.7449599279,57.4183562794
485,1,180,positive,0.0770003940149,-0.107491405958,0.0272858171921,77.0003940149,-107.491405958,27.2858171921,61.0919782223,61.0919782223,58.1718172144
486,0,180,positive,0.076505899385,-0.107491405958,0.0282961219543,76.505899385,-107.491405958,28.2961219543,61.5864728522,61.5864728522,59.1821219765
486,1,180,positive,0.0766868018859,-0.107491405958,0.0279559364351,76.6868018859,-107.491405958,27.9559364351,61.4055703513,61.4055703513,58.8419364574
487,0,180,positive,0.076324522807,-0.107491405958,0.0285720333547,76.324522807,-107.491405958,28.5720333547,61.7678494302,61.7678494302,59.458033377
487,1,180,positive,0.076505899385,-0.107491405958,0.0282961219543,76.505899385,-107.491405958,28.2961219543,61.5864728522,61.5864728522,59.1821219765
488,0,180,positive,0.076324522807,-0.107491405958,0.0285720333547,76.324522807,-107.491405958,28.5720333547,61.7678494302,61.7678494302,59.458033377
488,1,180,positive,0.076134222023,-0.107491405958,0.0288031420553,76.134222023,-107.491405958,28.8031420553,61.9581502142,61.9581502142,59.6891420775
489,0,180,positive,0.076134222023,-0.107491405958,0.0288031420553,76.134222023,-107.491405958,28.8031420553,61.9581502142,61.9581502142,59.6891420775
489,1,180,positive,0.0760642658454,-0.107491405958,0.0289174322892,76.0642658454,-107.491405958,28.9174322892,62.0281063918,62.0281063918,59.8034323115
490,0,180,positive,0.0754906961492,-0.107491405958,0.0299117637172,75.4906961492,-107.491405958,29.9117637172,62.601676088,62.601676088,60.7977637395
490,1,180,positive,0.0759134269881,-0.107491405958,0.029176347089,75.9134269881,-107.491405958,29.176347089,62.1789452492,62.1789452492,60.0623471113
491,0,180,positive,0.0760642658454,-0.107491405958,0.0289174322892,76.0642658454,-107.491405958,28.9174322892,62.0281063918,62.0281063918,59.8034323115
491,1,180,positive,0.0759134269881,-0.107491405958,0.029176347089,75.9134269881,-107.491405958,29.176347089,62.1789452492,62.1789452492,60.0623471113
492,0,180,positive,0.0734465223,-0.107491405958,0.025088184282,73.4465223,-107.491405958,25.088184282,64.6458499372,64.6458499372,55.9741843043
492,1,180,positive,0.0730413027992,-0.107491405958,0.0256374282847,73.0413027992,-107.491405958,25.6374282847,65.0510694381,65.0510694381,56.523428307
493,0,180,positive,0.0730056478733,-0.107491405958,0.0256954741843,73.0056478733,-107.491405958,25.6954741843,65.0867243639,65.0867243639,56.5814742066
493,1,180,positive,0.0730413027992,-0.107491405958,0.0256374282847,73.0413027992,-107.491405958,25.6374282847,65.0510694381,65.0510694381,56.523428307
494,0,180,positive,0.0730056478733,-0.107491405958,0.0256954741843,73.0056478733,-107.491405958,25.6954741843,65.0867243639,65.0867243639,56.5814742066
494,1,180,positive,0.0726825714685,-0.107491405958,0.0262890139641,72.6825714685,-107.491405958,26.2890139641,65.4098007687,65.4098007687,57.1750139864
495,0,180,positive,0.0726825714685,-0.107491405958,0.0262890139641,72.6825714685,-107.491405958,26.2890139641,65.4098007687,65.4098007687,57.1750139864
495,1,180,positive,0.0723407598517,-0.107491405958,0.0269737854352,72.3407598517,-107.491405958,26.9737854352,65.7516123855,65.7516123855,57.8597854575
496,0,180,positive,0.0723189866339,-0.107491405958,0.0270110290228,72.3189866339,-107.491405958,27.0110290228,65.7733856033,65.7733856033,57.8970290451
496,1,180,positive,0.0723407598517,-0.107491405958,0.0269737854352,72.3407598517,-107.491405958,26.9737854352,65.7516123855,65.7516123855,57.8597854575
497,0,180,positive,0.0723189866339,-0.107491405958,0.0270110290228,72.3189866339,-107.491405958,27.0110290228,65.7733856033,65.7733856033,57.8970290451
497,1,180,positive,0.0720028810792,-0.107491405958,0.0275681398001,72.0028810792,-107.491405958,27.5681398001,66.0894911581,66.0894911581,58.4541398224
498,0,180,positive,0.0720028810792,-0.107491405958,0.0275681398001,72.0028810792,-107.491405958,27.5681398001,66.0894911581,66.0894911581,58.4541398224
498,1,180,positive,0.0716715955197,-0.107491405958,0.0281547976807,71.6715955197,-107.491405958,28.1547976807,66.4207767175,66.4207767175,59.0407977029
499,0,180,positive,0.0708340841263,-0.107491405958,0.0297552261003,70.8340841263,-107.491405958,29.7552261003,67.2582881109,67.2582881109,60.6412261226
499,1,180,positive,0.0716715955197,-0.107491405958,0.0281547976807,71.6715955197,-107.491405958,28.1547976807,66.4207767175,66.4207767175,59.0407977029
500,0,180,positive,0.0753518848488,-0.107491405958,0.0301617876366,75.3518848488,-107.491405958,30.1617876366,62.7404873884,62.7404873884,61.0477876589
500,1,180,positive,0.0754906961492,-0.107491405958,0.0299117637172,75.4906961492,-107.491405958,29.9117637172,62.601676088,62.601676088,60.7977637395
501,0,180,positive,0.0753518848488,-0.107491405958,0.0301617876366,75.3518848488,-107.491405958,30.1617876366,62.7404873884,62.7404873884,61.0477876589
501,1,180,positive,0.0752031693017,-0.107491405958,0.0303443431207,75.2031693017,-107.491405958,30.3443431207,62.8892029355,62.8892029355,61.230343143
502,0,180,positive,0.0752031693017,-0.107491405958,0.0303443431207,75.2031693017,-107.491405958,30.3443431207,62.8892029355,62.8892029355,61.230343143
502,1,180,positive,0.074771793105,-0.107491405958,0.031103752343,74.771793105,-107.491405958,31.103752343,63.3205791322,63.3205791322,61.9897523653
503,0,180,positive,0.0747082584007,-0.107491405958,0.0312186260164,74.7082584007,-107.491405958,31.2186260164,63.3841138365,63.3841138365,62.1046260387
503,1,180,positive,0.074771793105,-0.107491405958,0.031103752343,74.771793105,-107.491405958,31.103752343,63.3205791322,63.3205791322,61.9897523653
504,0,180,positive,0.0746189057862,-0.107491405958,0.0314121499278,74.6189057862,-107.491405958,31.4121499278,63.473466451,63.473466451,62.2981499501
504,1,180,positive,0.0747082584007,-0.107491405958,0.0312186260164,74.7082584007,-107.491405958,31.2186260164,63.3841138365,63.3841138365,62.1046260387
505,0,180,positive,0.0746189057862,-0.107491405958,0.0314121499278,74.6189057862,-107.491405958,31.4121499278,63.473466451,63.473466451,62.2981499501
505,1,180,positive,0.0745054524908,-0.107491405958,0.0315899781475,74.5054524908,-107.491405958,31.5899781475,63.5869197464,63.5869197464,62.4759781697
506,0,180,positive,0.0745054524908,-0.107491405958,0.0315899781475,74.5054524908,-107.491405958,31.5899781475,63.5869197464,63.5869197464,62.4759781697
506,1,180,positive,0.0743085756786,-0.107491405958,0.0319054289867,74.3085756786,-107.491405958,31.9054289867,63.7837965586,63.7837965586,62.791429009
507,0,180,positive,0.0739315226239,-0.107491405958,0.032276391231,73.9315226239,-107.491405958,32.276391231,64.1608496134,64.1608496134,63.1623912533
507,1,180,positive,0.0743085756786,-0.107491405958,0.0319054289867,74.3085756786,-107.491405958,31.9054289867,63.7837965586,63.7837965586,62.791429009
508,0,180,positive,0.0738683110696,-0.107491405958,0.0323732987016,73.8683110696,-107.491405958,32.3732987016,64.2240611676,64.2240611676,63.2592987239
508,1,180,positive,0.0739315226239,-0.107491405958,0.032276391231,73.9315226239,-107.491405958,32.276391231,64.1608496134,64.1608496134,63.1623912533
509,0,180,positive,0.0736818619295,-0.107491405958,0.0329561195633,73.6818619295,-107.491405958,32.9561195633,64.4105103077,64.4105103077,63.8421195856
509,1,180,positive,0.0738683110696,-0.107491405958,0.0323732987016,73.8683110696,-107.491405958,32.3732987016,64.2240611676,64.2240611676,63.2592987239
510,0,180,positive,0.0736818619295,-0.107491405958,0.0329561195633,73.6818619295,-107.491405958,32.9561195633,64.4105103077,64.4105103077,63.8421195856
510,1,180,positive,0.0735870884621,-0.107491405958,0.0331939854245,73.5870884621,-107.491405958,33.1939854245,64.5052837751,64.5052837751,64.0799854468
511,0,180,positive,0.0733834315122,-0.107491405958,0.0337599086688,73.3834315122,-107.491405958,33.7599086688,64.708940725,64.708940725,64.6459086911
511,1,180,positive,0.0735870884621,-0.107491405958,0.0331939854245,73.5870884621,-107.491405958,33.1939854245,64.5052837751,64.5052837751,64.0799854468
512,0,180,positive,0.0733834315122,-0.107491405958,0.0337599086688,73.3834315122,-107.491405958,33.7599086688,64.708940725,64.708940725,64.6459086911
512,1,180,positive,0.0729997149364,-0.107491405958,0.0347381267831,72.9997149364,-107.491405958,34.7381267831,65.0926573008,65.0926573008,65.6241268054
513,0,180,positive,0.0708340841263,-0.107491405958,0.0297552261003,70.8340841263,-107.491405958,29.7552261003,67.2582881109,67.2582881109,60.6412261226
513,1,180,positive,0.0706285213215,-0.107491405958,0.0301117729208,70.6285213215,-107.491405958,30.1117729208,67.4638509157,67.4638509157,60.9977729431
514,0,180,positive,0.0699756956036,-0.107491405958,0.0315323453795,69.9756956036,-107.491405958,31.5323453795,68.1166766336,68.1166766336,62.4183454018
514,1,180,positive,0.0699742640571,-0.107491405958,0.0315357883126,69.9742640571,-107.491405958,31.5357883126,68.1181081801,68.1181081801,62.4217883349
515,0,180,positive,0.0699756956036,-0.107491405958,0.0315323453795,69.9756956036,-107.491405958,31.5323453795,68.1166766336,68.1166766336,62.4183454018
515,1,180,positive,0.0706285213215,-0.107491405958,0.0301117729208,70.6285213215,-107.491405958,30.1117729208,67.4638509157,67.4638509157,60.9977729431
516,0,180,positive,0.0699742640571,-0.107491405958,0.0315357883126,69.9742640571,-107.491405958,31.5357883126,68.1181081801,68.1181081801,62.4217883349
516,1,180,positive,0.0699738083832,-0.107491405958,0.0315366264381,69.9738083832,-107.491405958,31.5366264381,68.118563854,68.118563854,62.4226264604
517,0,180,positive,0.0699738083832,-0.107491405958,0.0315366264381,69.9738083832,-107.491405958,31.5366264381,68.118563854,68.118563854,62.4226264604
517,1,180,positive,0.0699731775308,-0.107491405958,0.0315380224262,69.9731775308,-107.491405958,31.5380224262,68.1191947065,68.1191947065,62.4240224485
518,0,180,positive,0.069478698577,-0.107491405958,0.0325125928966,69.478698577,-107.491405958,32.5125928966,68.6136736602,68.6136736602,63.3985929189
518,1,180,positive,0.0699731775308,-0.107491405958,0.0315380224262,69.9731775308,-107.491405958,31.5380224262,68.1191947065,68.1191947065,62.4240224485
519,0,180,positive,0.0691804491379,-0.107491405958,0.0330211110644,69.1804491379,-107.491405958,33.0211110644,68.9119230993,68.9119230993,63.9071110867
519,1,180,positive,0.069478698577,-0.107491405958,0.0325125928966,69.478698577,-107.491405958,32.5125928966,68.6136736602,68.6136736602,63.3985929189
520,0,180,positive,0.0691804491379,-0.107491405958,0.0330211110644,69.1804491379,-107.491405958,33.0211110644,68.9119230993,68.9119230993,63.9071110867
520,1,180,positive,0.068955189945,-0.107491405958,0.0334489801183,68.955189945,-107.491405958,33.4489801183,69.1371822922,69.1371822922,64.3349801406
521,0,180,positive,0.068788360821,-0.107491405958,0.0338043781985,68.788360821,-107.491405958,33.8043781985,69.3040114162,69.3040114162,64.6903782208
521,1,180,positive,0.068955189945,-0.107491405958,0.0334489801183,68.955189945,-107.491405958,33.4489801183,69.1371822922,69.1371822922,64.3349801406
522,0,180,positive,0.068788360821,-0.107491405958,0.0338043781985,68.788360821,-107.491405958,33.8043781985,69.3040114162,69.3040114162,64.6903782208
522,1,180,positive,0.0685443225085,-0.107491405958,0.0343409244445,68.5443225085,-107.491405958,34.3409244445,69.5480497287,69.5480497287,65.2269244668
523,0,180,positive,0.0729997149364,-0.107491405958,0.0347381267831,72.9997149364,-107.491405958,34.7381267831,65.0926573008,65.0926573008,65.6241268054
523,1,180,positive,0.0726059364849,-0.107491405958,0.0353716768485,72.6059364849,-107.491405958,35.3716768485,65.4864357523,65.4864357523,66.2576768708
524,0,180,positive,0.0721697145899,-0.107491405958,0.0361417862435,72.1697145899,-107.491405958,36.1417862435,65.9226576473,65.9226576473,67.0277862658
524,1,180,positive,0.0726059364849,-0.107491405958,0.0353716768485,72.6059364849,-107.491405958,35.3716768485,65.4864357523,65.4864357523,66.2576768708
525,0,180,positive,0.0714596646917,-0.107491405958,0.0367734268035,71.4596646917,-107.491405958,36.7734268035,66.6327075455,66.6327075455,67.6594268258
525,1,180,positive,0.0716357090258,-0.107491405958,0.0366184171428,71.6357090258,-107.491405958,36.6184171428,66.4566632114,66.4566632114,67.5044171651
526,0,180,positive,0.0721697145899,-0.107491405958,0.0361417862435,72.1697145899,-107.491405958,36.1417862435,65.9226576473,65.9226576473,67.0277862658
526,1,180,positive,0.0716357090258,-0.107491405958,0.0366184171428,71.6357090258,-107.491405958,36.6184171428,66.4566632114,66.4566632114,67.5044171651
527,0,180,positive,0.0714596646917,-0.107491405958,0.0367734268035,71.4596646917,-107.491405958,36.7734268035,66.6327075455,66.6327075455,67.6594268258
527,1,180,positive,0.0711517539572,-0.107491405958,0.0371098544873,71.1517539572,-107.491405958,37.1098544873,66.94061828,66.94061828,67.9958545096
528,0,180,positive,0.0710202425343,-0.107491405958,0.0373569501831,71.0202425343,-107.491405958,37.3569501831,67.0721297029,67.0721297029,68.2429502054
528,1,180,positive,0.0711517539572,-0.107491405958,0.0371098544873,71.1517539572,-107.491405958,37.1098544873,66.94061828,66.94061828,67.9958545096
529,0,180,positive,0.0709310211825,-0.107491405958,0.0377794278192,70.9310211825,-107.491405958,37.7794278192,67.1613510547,67.1613510547,68.6654278415
529,1,180,positive,0.0710202425343,-0.107491405958,0.0373569501831,71.0202425343,-107.491405958,37.3569501831,67.0721297029,67.0721297029,68.2429502054
530,0,180,positive,0.0709310211825,-0.107491405958,0.0377794278192,70.9310211825,-107.491405958,37.7794278192,67.1613510547,67.1613510547,68.6654278415
530,1,180,positive,0.0707087346254,-0.107491405958,0.0383212277298,70.7087346254,-107.491405958,38.3212277298,67.3836376118,67.3836376118,69.2072277521
531,0,180,positive,0.0706532371638,-0.107491405958,0.0385903118876,70.6532371638,-107.491405958,38.5903118876,67.4391350734,67.4391350734,69.4763119099
531,1,180,positive,0.0707087346254,-0.107491405958,0.0383212277298,70.7087346254,-107.491405958,38.3212277298,67.3836376118,67.3836376118,69.2072277521
532,0,180,positive,0.0704894778122,-0.107491405958,0.0387936412159,70.4894778122,-107.491405958,38.7936412159,67.6028944251,67.6028944251,69.6796412382
532,1,180,positive,0.0706532371638,-0.107491405958,0.0385903118876,70.6532371638,-107.491405958,38.5903118876,67.4391350734,67.4391350734,69.4763119099
533,0,180,positive,0.0704894778122,-0.107491405958,0.0387936412159,70.4894778122,-107.491405958,38.7936412159,67.6028944251,67.6028944251,69.6796412382
533,1,180,positive,0.0702917942488,-0.107491405958,0.0391697316095,70.2917942488,-107.491405958,39.1697316095,67.8005779884,67.8005779884,70.0557316318
534,0,180,positive,0.0702917942488,-0.107491405958,0.0391697316095,70.2917942488,-107.491405958,39.1697316095,67.8005779884,67.8005779884,70.0557316318
534,1,180,positive,0.0700700037104,-0.107491405958,0.0395354132437,70.0700037104,-107.491405958,39.5354132437,68.0223685268,68.0223685268,70.421413266
535,0,180,positive,0.0699772933522,-0.107491405958,0.0397253464158,69.9772933522,-107.491405958,39.7253464158,68.115078885,68.115078885,70.6113464381
535,1,180,positive,0.0700700037104,-0.107491405958,0.0395354132437,70.0700037104,-107.491405958,39.5354132437,68.0223685268,68.0223685268,70.421413266
536,0,180,positive,0.0696546718008,-0.107491405958,0.0401946249347,69.6546718008,-107.491405958,40.1946249347,68.4377004364,68.4377004364,71.080624957
536,1,180,positive,0.0699772933522,-0.107491405958,0.0397253464158,69.9772933522,-107.491405958,39.7253464158,68.115078885,68.115078885,70.6113464381
537,0,180,positive,0.0694959874227,-0.107491405958,0.0404343205932,69.4959874227,-107.491405958,40.4343205932,68.5963848145,68.5963848145,71.3203206154
537,1,180,positive,0.0694773781735,-0.107491405958,0.0404788323477,69.4773781735,-107.491405958,40.4788323477,68.6149940637,68.6149940637,71.36483237
538,0,180,positive,0.0696546718008,-0.107491405958,0.0401946249347,69.6546718008,-107.491405958,40.1946249347,68.4377004364,68.4377004364,71.080624957
538,1,180,positive,0.0694959874227,-0.107491405958,0.0404343205932,69.4959874227,-107.491405958,40.4343205932,68.5963848145,68.5963848145,71.3203206154
539,0,180,positive,0.0694773781735,-0.107491405958,0.0404788323477,69.4773781735,-107.491405958,40.4788323477,68.6149940637,68.6149940637,71.36483237
539,1,180,positive,0.0694651290128,-0.107491405958,0.0405192413532,69.4651290128,-107.491405958,40.5192413532,68.6272432244,68.6272432244,71.4052413755
540,0,180,positive,0.0692596508735,-0.107491405958,0.0410490457347,69.2596508735,-107.491405958,41.0490457347,68.8327213638,68.8327213638,71.935045757
540,1,180,positive,0.0694651290128,-0.107491405958,0.0405192413532,69.4651290128,-107.491405958,40.5192413532,68.6272432244,68.6272432244,71.4052413755
541,0,180,positive,0.0693571016536,-0.107491405958,0.0413038460023,69.3571016536,-107.491405958,41.3038460023,68.7352705837,68.7352705837,72.1898460246
541,1,180,positive,0.0692596508735,-0.107491405958,0.0410490457347,69.2596508735,-107.491405958,41.0490457347,68.8327213638,68.8327213638,71.935045757
542,0,180,positive,0.0693571016536,-0.107491405958,0.0413038460023,69.3571016536,-107.491405958,41.3038460023,68.7352705837,68.7352705837,72.1898460246
542,1,180,positive,0.0691504647998,-0.107491405958,0.0421479862645,69.1504647998,-107.491405958,42.1479862645,68.9419074374,68.9419074374,73.0339862868
543,0,180,positive,0.0690828018102,-0.107491405958,0.0423195017649,69.0828018102,-107.491405958,42.3195017649,69.009570427,69.009570427,73.2055017872
543,1,180,positive,0.0691504647998,-0.107491405958,0.0421479862645,69.1504647998,-107.491405958,42.1479862645,68.9419074374,68.9419074374,73.0339862868
544,0,180,positive,0.0689263922313,-0.107491405958,0.0427577360545,68.9263922313,-107.491405958,42.7577360545,69.1659800059,69.1659800059,73.6437360768
544,1,180,positive,0.0690828018102,-0.107491405958,0.0423195017649,69.0828018102,-107.491405958,42.3195017649,69.009570427,69.009570427,73.2055017872
545,0,180,positive,0.0689263922313,-0.107491405958,0.0427577360545,68.9263922313,-107.491405958,42.7577360545,69.1659800059,69.1659800059,73.6437360768
545,1,180,positive,0.0688318761963,-0.107491405958,0.0430652386125,68.8318761963,-107.491405958,43.0652386125,69.2604960409,69.2604960409,73.9512386348
546,0,180,positive,0.0685930794605,-0.107491405958,0.0434770763289,68.5930794605,-107.491405958,43.4770763289,69.4992927767,69.4992927767,74.3630763512
546,1,180,positive,0.0688318761963,-0.107491405958,0.0430652386125,68.8318761963,-107.491405958,43.0652386125,69.2604960409,69.2604960409,73.9512386348
547,0,180,positive,0.0684606421993,-0.107491405958,0.0438784226794,68.4606421993,-107.491405958,43.8784226794,69.6317300379,69.6317300379,74.7644227017
547,1,180,positive,0.0685930794605,-0.107491405958,0.0434770763289,68.5930794605,-107.491405958,43.4770763289,69.4992927767,69.4992927767,74.3630763512
548,0,180,positive,0.0451787785952,-0.107491405958,0.0901152515022,45.1787785952,-107.491405958,90.1152515022,92.913593642,92.913593642,121.001251525
548,1,180,positive,0.0447002694971,-0.107491405958,0.0914676728835,44.7002694971,-107.491405958,91.4676728835,93.3921027401,93.3921027401,122.353672906
549,0,180,positive,0.0442148973594,-0.107491405958,0.0928556608685,44.2148973594,-107.491405958,92.8556608685,93.8774748778,93.8774748778,123.741660891
549,1,180,positive,0.0441620736691,-0.107491405958,0.093005855564,44.1620736691,-107.491405958,93.005855564,93.9302985681,93.9302985681,123.891855586
550,0,180,positive,0.0442148973594,-0.107491405958,0.0928556608685,44.2148973594,-107.491405958,92.8556608685,93.8774748778,93.8774748778,123.741660891
550,1,180,positive,0.0447002694971,-0.107491405958,0.0914676728835,44.7002694971,-107.491405958,91.4676728835,93.3921027401,93.3921027401,122.353672906
551,0,180,positive,0.0441620736691,-0.107491405958,0.093005855564,44.1620736691,-107.491405958,93.005855564,93.9302985681,93.9302985681,123.891855586
551,1,180,positive,0.0439424189598,-0.107491405958,0.0935600910036,43.9424189598,-107.491405958,93.5600910036,94.1499532774,94.1499532774,124.446091026
552,0,180,positive,0.0438526388885,-0.107491405958,0.0937949958723,43.8526388885,-107.491405958,93.7949958723,94.2397333487,94.2397333487,124.680995895
552,1,180,positive,0.0439424189598,-0.107491405958,0.0935600910036,43.9424189598,-107.491405958,93.5600910036,94.1499532774,94.1499532774,124.446091026
553,0,180,positive,0.0438397139574,-0.107491405958,0.0938355164582,43.8397139574,-107.491405958,93.8355164582,94.2526582798,94.2526582798,124.721516481
553,1,180,positive,0.0438526388885,-0.107491405958,0.0937949958723,43.8526388885,-107.491405958,93.7949958723,94.2397333487,94.2397333487,124.680995895
554,0,180,positive,0.0438117270756,-0.107491405958,0.0939255739779,43.8117270756,-107.491405958,93.9255739779,94.2806451616,94.2806451616,124.811574
554,1,180,positive,0.0438397139574,-0.107491405958,0.0938355164582,43.8397139574,-107.491405958,93.8355164582,94.2526582798,94.2526582798,124.721516481
555,0,180,positive,0.0438117270756,-0.107491405958,0.0939255739779,43.8117270756,-107.491405958,93.9255739779,94.2806451616,94.2806451616,124.811574
555,1,180,positive,0.0435195803305,-0.107491405958,0.0949718718886,43.5195803305,-107.491405958,94.9718718886,94.5727919067,94.5727919067,125.857871911
556,0,180,positive,0.0435195803305,-0.107491405958,0.0949718718886,43.5195803305,-107.491405958,94.9718718886,94.5727919067,94.5727919067,125.857871911
556,1,180,positive,0.0431936787843,-0.107491405958,0.0959661187888,43.1936787843,-107.491405958,95.9661187888,94.8986934529,94.8986934529,126.852118811
557,0,180,positive,0.0430651836096,-0.107491405958,0.096389596735,43.0651836096,-107.491405958,96.389596735,95.0271886276,95.0271886276,127.275596757
557,1,180,positive,0.0431936787843,-0.107491405958,0.0959661187888,43.1936787843,-107.491405958,95.9661187888,94.8986934529,94.8986934529,126.852118811
558,0,180,positive,0.0430189754348,-0.107491405958,0.0965576214267,43.0189754348,-107.491405958,96.5576214267,95.0733968024,95.0733968024,127.443621449
558,1,180,positive,0.0430651836096,-0.107491405958,0.096389596735,43.0651836096,-107.491405958,96.389596735,95.0271886276,95.0271886276,127.275596757
559,0,180,positive,0.0430189754348,-0.107491405958,0.0965576214267,43.0189754348,-107.491405958,96.5576214267,95.0733968024,95.0733968024,127.443621449
559,1,180,positive,0.0427527866838,-0.107491405958,0.0975113108899,42.7527866838,-107.491405958,97.5113108899,95.3395855534,95.3395855534,128.397310912
560,0,180,positive,0.0426531253973,-0.107491405958,0.0977842123345,42.6531253973,-107.491405958,97.7842123345,95.43924684,95.43924684,128.670212357
560,1,180,positive,0.0427527866838,-0.107491405958,0.0975113108899,42.7527866838,-107.491405958,97.5113108899,95.3395855534,95.3395855534,128.397310912
561,0,180,positive,0.0426531253973,-0.107491405958,0.0977842123345,42.6531253973,-107.491405958,97.7842123345,95.43924684,95.43924684,128.670212357
561,1,180,positive,0.0422568001199,-0.107491405958,0.0988063977414,42.2568001199,-107.491405958,98.8063977414,95.8355721173,95.8355721173,129.692397764
562,0,180,positive,0.0422568001199,-0.107491405958,0.0988063977414,42.2568001199,-107.491405958,98.8063977414,95.8355721173,95.8355721173,129.692397764
562,1,180,positive,0.0419866686356,-0.107491405958,0.0999419156428,41.9866686356,-107.491405958,99.9419156428,96.1057036016,96.1057036016,130.827915665
563,0,180,positive,0.0419110018422,-0.107491405958,0.100210181103,41.9110018422,-107.491405958,100.210181103,96.1813703951,96.1813703951,131.096181126
563,1,180,positive,0.0419866686356,-0.107491405958,0.0999419156428,41.9866686356,-107.491405958,99.9419156428,96.1057036016,96.1057036016,130.827915665
564,0,180,positive,0.0418672520059,-0.107491405958,0.100443256191,41.8672520059,-107.491405958,100.443256191,96.2251202313,96.2251202313,131.329256213
564,1,180,positive,0.0419110018422,-0.107491405958,0.100210181103,41.9110018422,-107.491405958,100.210181103,96.1813703951,96.1813703951,131.096181126
565,0,180,positive,0.0418672520059,-0.107491405958,0.100443256191,41.8672520059,-107.491405958,100.443256191,96.2251202313,96.2251202313,131.329256213
565,1,180,positive,0.041778946416,-0.107491405958,0.100941520969,41.778946416,-107.491405958,100.941520969,96.3134258212,96.3134258212,131.827520992
566,0,180,positive,0.0414913938318,-0.107491405958,0.102038587749,41.4913938318,-107.491405958,102.038587749,96.6009784054,96.6009784054,132.924587772
566,1,180,positive,0.0416362355788,-0.107491405958,0.101518622911,41.6362355788,-107.491405958,101.518622911,96.4561366584,96.4561366584,132.404622933
567,0,180,positive,0.041778946416,-0.107491405958,0.100941520969,41.778946416,-107.491405958,100.941520969,96.3134258212,96.3134258212,131.827520992
567,1,180,positive,0.0416362355788,-0.107491405958,0.101518622911,41.6362355788,-107.491405958,101.518622911,96.4561366584,96.4561366584,132.404622933
568,0,180,positive,0.0413381791902,-0.107491405958,0.102877123147,41.3381791902,-107.491405958,102.877123147,96.754193047,96.754193047,133.76312317
568,1,180,positive,0.0414913938318,-0.107491405958,0.102038587749,41.4913938318,-107.491405958,102.038587749,96.6009784054,96.6009784054,132.924587772
569,0,180,positive,0.0413381791902,-0.107491405958,0.102877123147,41.3381791902,-107.491405958,102.877123147,96.754193047,96.754193047,133.76312317
569,1,180,positive,0.0412490224327,-0.107491405958,0.103314392131,41.2490224327,-107.491405958,103.314392131,96.8433498045,96.8433498045,134.200392153
570,0,180,positive,0.0461736249267,-0.107491405958,0.103566819927,46.1736249267,-107.491405958,103.566819927,91.9187473105,91.9187473105,134.45281995
570,1,180,positive,0.0461722858125,-0.107491405958,0.103578212832,46.1722858125,-107.491405958,103.578212832,91.9200864248,91.9200864248,134.464212854
571,0,180,positive,0.0461791386204,-0.107491405958,0.103543552593,46.1791386204,-107.491405958,103.543552593,91.9132336168,91.9132336168,134.429552615
571,1,180,positive,0.0461736249267,-0.107491405958,0.103566819927,46.1736249267,-107.491405958,103.566819927,91.9187473105,91.9187473105,134.45281995
572,0,180,positive,0.0461722858125,-0.107491405958,0.103578212832,46.1722858125,-107.491405958,103.578212832,91.9200864248,91.9200864248,134.464212854
572,1,180,positive,0.0461685002186,-0.107491405958,0.103599426774,46.1685002186,-107.491405958,103.599426774,91.9238720186,91.9238720186,134.485426796
573,0,180,positive,0.0602859548843,-0.107491405958,0.0534965401579,60.2859548843,-107.491405958,53.4965401579,77.8064173529,77.8064173529,84.3825401802
573,1,180,positive,0.0601337109697,-0.107491405958,0.0537670538784,60.1337109697,-107.491405958,53.7670538784,77.9586612675,77.9586612675,84.6530539007
574,0,180,positive,0.0601337109697,-0.107491405958,0.0537670538784,60.1337109697,-107.491405958,53.7670538784,77.9586612675,77.9586612675,84.6530539007
574,1,180,positive,0.0599883966921,-0.107491405958,0.0541827613148,59.9883966921,-107.491405958,54.1827613148,78.1039755451,78.1039755451,85.0687613371
575,0,180,positive,0.0594887853996,-0.107491405958,0.0553923764931,59.4887853996,-107.491405958,55.3923764931,78.6035868376,78.6035868376,86.2783765154
575,1,180,positive,0.0599883966921,-0.107491405958,0.0541827613148,59.9883966921,-107.491405958,54.1827613148,78.1039755451,78.1039755451,85.0687613371
576,0,180,positive,0.0633613199743,-0.107491405958,0.0550478887017,63.3613199743,-107.491405958,55.0478887017,74.7310522629,74.7310522629,85.933888724
576,1,180,positive,0.0632190405928,-0.107491405958,0.0551658034582,63.2190405928,-107.491405958,55.1658034582,74.8733316444,74.8733316444,86.0518034805
577,0,180,positive,0.0632190405928,-0.107491405958,0.0551658034582,63.2190405928,-107.491405958,55.1658034582,74.8733316444,74.8733316444,86.0518034805
577,1,180,positive,0.0630718642567,-0.107491405958,0.0554045817888,63.0718642567,-107.491405958,55.4045817888,75.0205079805,75.0205079805,86.2905818111
578,0,180,positive,0.0628170818845,-0.107491405958,0.0557196957413,62.8170818845,-107.491405958,55.7196957413,75.2752903528,75.2752903528,86.6056957636
578,1,180,positive,0.0630718642567,-0.107491405958,0.0554045817888,63.0718642567,-107.491405958,55.4045817888,75.0205079805,75.0205079805,86.2905818111
579,0,180,positive,0.062536742075,-0.107491405958,0.0561255722207,62.536742075,-107.491405958,56.1255722207,75.5556301622,75.5556301622,87.011572243
579,1,180,positive,0.0628170818845,-0.107491405958,0.0557196957413,62.8170818845,-107.491405958,55.7196957413,75.2752903528,75.2752903528,86.6056957636
580,0,180,positive,0.0624736751128,-0.107491405958,0.0562385811172,62.4736751128,-107.491405958,56.2385811172,75.6186971244,75.6186971244,87.1245811395
580,1,180,positive,0.0624344735274,-0.107491405958,0.0563238306521,62.4344735274,-107.491405958,56.3238306521,75.6578987098,75.6578987098,87.2098306744
581,0,180,positive,0.062536742075,-0.107491405958,0.0561255722207,62.536742075,-107.491405958,56.1255722207,75.5556301622,75.5556301622,87.011572243
581,1,180,positive,0.0624736751128,-0.107491405958,0.0562385811172,62.4736751128,-107.491405958,56.2385811172,75.6186971244,75.6186971244,87.1245811395
582,0,180,positive,0.0623321050829,-0.107491405958,0.0571290963122,62.3321050829,-107.491405958,57.1290963122,75.7602671543,75.7602671543,88.0150963345
582,1,180,positive,0.0624344735274,-0.107491405958,0.0563238306521,62.4344735274,-107.491405958,56.3238306521,75.6578987098,75.6578987098,87.2098306744
583,0,180,positive,0.0623321050829,-0.107491405958,0.0571290963122,62.3321050829,-107.491405958,57.1290963122,75.7602671543,75.7602671543,88.0150963345
583,1,180,positive,0.0622495051191,-0.107491405958,0.057544855679,62.2495051191,-107.491405958,57.544855679,75.8428671182,75.8428671182,88.4308557013
584,0,180,positive,0.0620408017364,-0.107491405958,0.0580673779524,62.0408017364,-107.491405958,58.0673779524,76.0515705009,76.0515705009,88.9533779747
584,1,180,positive,0.0622495051191,-0.107491405958,0.057544855679,62.2495051191,-107.491405958,57.544855679,75.8428671182,75.8428671182,88.4308557013
585,0,180,positive,0.0619789614167,-0.107491405958,0.0585680809253,61.9789614167,-107.491405958,58.5680809253,76.1134108205,76.1134108205,89.4540809476
585,1,180,positive,0.0618231166708,-0.107491405958,0.0592165742927,61.8231166708,-107.491405958,59.2165742927,76.2692555664,76.2692555664,90.102574315
586,0,180,positive,0.0619789614167,-0.107491405958,0.0585680809253,61.9789614167,-107.491405958,58.5680809253,76.1134108205,76.1134108205,89.4540809476
586,1,180,positive,0.0620408017364,-0.107491405958,0.0580673779524,62.0408017364,-107.491405958,58.0673779524,76.0515705009,76.0515705009,88.9533779747
587,0,180,positive,0.0614415142739,-0.107491405958,0.0600728721749,61.4415142739,-107.491405958,60.0728721749,76.6508579634,76.6508579634,90.9588721972
587,1,180,positive,0.0618231166708,-0.107491405958,0.0592165742927,61.8231166708,-107.491405958,59.2165742927,76.2692555664,76.2692555664,90.102574315
588,0,180,positive,0.0614415142739,-0.107491405958,0.0600728721749,61.4415142739,-107.491405958,60.0728721749,76.6508579634,76.6508579634,90.9588721972
588,1,180,positive,0.0613287766751,-0.107491405958,0.0604385653148,61.3287766751,-107.491405958,60.4385653148,76.7635955621,76.7635955621,91.3245653371
589,0,180,positive,0.0613287766751,-0.107491405958,0.0604385653148,61.3287766751,-107.491405958,60.4385653148,76.7635955621,76.7635955621,91.3245653371
589,1,180,positive,0.0609145420688,-0.107491405958,0.0610179956071,60.9145420688,-107.491405958,61.0179956071,77.1778301684,77.1778301684,91.9039956294
590,0,180,positive,0.0605096801194,-0.107491405958,0.0616294384999,60.5096801194,-107.491405958,61.6294384999,77.5826921178,77.5826921178,92.5154385222
590,1,180,positive,0.0609145420688,-0.107491405958,0.0610179956071,60.9145420688,-107.491405958,61.0179956071,77.1778301684,77.1778301684,91.9039956294
591,0,180,positive,0.0593217894843,-0.107491405958,0.0558113779368,59.3217894843,-107.491405958,55.8113779368,78.7705827529,78.7705827529,86.6973779591
591,1,180,positive,0.0594887853996,-0.107491405958,0.0553923764931,59.4887853996,-107.491405958,55.3923764931,78.6035868376,78.6035868376,86.2783765154
592,0,180,positive,0.0593217894843,-0.107491405958,0.0558113779368,59.3217894843,-107.491405958,55.8113779368,78.7705827529,78.7705827529,86.6973779591
592,1,180,positive,0.0589007277663,-0.107491405958,0.0567534406071,58.9007277663,-107.491405958,56.7534406071,79.1916444709,79.1916444709,87.6394406294
593,0,180,positive,0.0589007277663,-0.107491405958,0.0567534406071,58.9007277663,-107.491405958,56.7534406071,79.1916444709,79.1916444709,87.6394406294
593,1,180,positive,0.0587936015317,-0.107491405958,0.0570618924475,58.7936015317,-107.491405958,57.0618924475,79.2987707055,79.2987707055,87.9478924698
594,0,180,positive,0.0587205915699,-0.107491405958,0.0572191761567,58.7205915699,-107.491405958,57.2191761567,79.3717806673,79.3717806673,88.105176179
594,1,180,positive,0.0587936015317,-0.107491405958,0.0570618924475,58.7936015317,-107.491405958,57.0618924475,79.2987707055,79.2987707055,87.9478924698
595,0,180,positive,0.0585821271354,-0.107491405958,0.0575257323883,58.5821271354,-107.491405958,57.5257323883,79.5102451018,79.5102451018,88.4117324106
595,1,180,positive,0.0581906213029,-0.107491405958,0.0583409653503,58.1906213029,-107.491405958,58.3409653503,79.9017509343,79.9017509343,89.2269653726
596,0,180,positive,0.0585821271354,-0.107491405958,0.0575257323883,58.5821271354,-107.491405958,57.5257323883,79.5102451018,79.5102451018,88.4117324106
596,1,180,positive,0.0587205915699,-0.107491405958,0.0572191761567,58.7205915699,-107.491405958,57.2191761567,79.3717806673,79.3717806673,88.105176179
597,0,180,positive,0.057783813124,-0.107491405958,0.05938929294,57.783813124,-107.491405958,59.38929294,80.3085591132,80.3085591132,90.2752929623
597,1,180,positive,0.0581906213029,-0.107491405958,0.0583409653503,58.1906213029,-107.491405958,58.3409653503,79.9017509343,79.9017509343,89.2269653726
598,0,180,positive,0.057783813124,-0.107491405958,0.05938929294,57.783813124,-107.491405958,59.38929294,80.3085591132,80.3085591132,90.2752929623
598,1,180,positive,0.0577554293724,-0.107491405958,0.0594564731627,57.7554293724,-107.491405958,59.4564731627,80.3369428648,80.3369428648,90.342473185
599,0,180,positive,0.0605096801194,-0.107491405958,0.0616294384999,60.5096801194,-107.491405958,61.6294384999,77.5826921178,77.5826921178,92.5154385222
599,1,180,positive,0.0602825515936,-0.107491405958,0.0619925327155,60.2825515936,-107.491405958,61.9925327155,77.8098206436,77.8098206436,92.8785327377
600,0,180,positive,0.0602825515936,-0.107491405958,0.0619925327155,60.2825515936,-107.491405958,61.9925327155,77.8098206436,77.8098206436,92.8785327377
600,1,180,positive,0.0602056778846,-0.107491405958,0.0621474440472,60.2056778846,-107.491405958,62.1474440472,77.8866943526,77.8866943526,93.0334440695
601,0,180,positive,0.0596240513474,-0.107491405958,0.0633885473527,59.6240513474,-107.491405958,63.3885473527,78.4683208898,78.4683208898,94.274547375
601,1,180,positive,0.0602056778846,-0.107491405958,0.0621474440472,60.2056778846,-107.491405958,62.1474440472,77.8866943526,77.8866943526,93.0334440695
602,0,180,positive,0.0596240513474,-0.107491405958,0.0633885473527,59.6240513474,-107.491405958,63.3885473527,78.4683208898,78.4683208898,94.274547375
602,1,180,positive,0.0596228793021,-0.107491405958,0.0633924839283,59.6228793021,-107.491405958,63.3924839283,78.4694929351,78.4694929351,94.2784839506
603,0,180,positive,0.0596228793021,-0.107491405958,0.0633924839283,59.6228793021,-107.491405958,63.3924839283,78.4694929351,78.4694929351,94.2784839506
603,1,180,positive,0.0596191511066,-0.107491405958,0.0634018937597,59.6191511066,-107.491405958,63.4018937597,78.4732211306,78.4732211306,94.287893782
604,0,180,positive,0.0596191511066,-0.107491405958,0.0634018937597,59.6191511066,-107.491405958,63.4018937597,78.4732211306,78.4732211306,94.287893782
604,1,180,positive,0.0596089854798,-0.107491405958,0.0634160774866,59.6089854798,-107.491405958,63.4160774866,78.4833867574,78.4833867574,94.3020775089
605,0,180,positive,0.0590376219499,-0.107491405958,0.064383165473,59.0376219499,-107.491405958,64.383165473,79.0547502873,79.0547502873,95.2691654953
605,1,180,positive,0.0596089854798,-0.107491405958,0.0634160774866,59.6089854798,-107.491405958,63.4160774866,78.4833867574,78.4833867574,94.3020775089
606,0,180,positive,0.0577554293724,-0.107491405958,0.0594564731627,57.7554293724,-107.491405958,59.4564731627,80.3369428648,80.3369428648,90.342473185
606,1,180,positive,0.0577257821318,-0.107491405958,0.0595161696185,57.7257821318,-107.491405958,59.5161696185,80.3665901054,80.3665901054,90.4021696408
607,0,180,positive,0.0571008865928,-0.107491405958,0.0606591688643,57.1008865928,-107.491405958,60.6591688643,80.9914856444,80.9914856444,91.5451688866
607,1,180,positive,0.0577257821318,-0.107491405958,0.0595161696185,57.7257821318,-107.491405958,59.5161696185,80.3665901054,80.3665901054,90.4021696408
608,0,180,positive,0.0571008865928,-0.107491405958,0.0606591688643,57.1008865928,-107.491405958,60.6591688643,80.9914856444,80.9914856444,91.5451688866
608,1,180,positive,0.0570982911857,-0.107491405958,0.0606650319495,57.0982911857,-107.491405958,60.6650319495,80.9940810515,80.9940810515,91.5510319718
609,0,180,positive,0.0570982911857,-0.107491405958,0.0606650319495,57.0982911857,-107.491405958,60.6650319495,80.9940810515,80.9940810515,91.5510319718
609,1,180,positive,0.0570963888457,-0.107491405958,0.0606681700927,57.0963888457,-107.491405958,60.6681700927,80.9959833916,80.9959833916,91.554170115
610,0,180,positive,0.0570963888457,-0.107491405958,0.0606681700927,57.0963888457,-107.491405958,60.6681700927,80.9959833916,80.9959833916,91.554170115
610,1,180,positive,0.0570855742288,-0.107491405958,0.060689437249,57.0855742288,-107.491405958,60.689437249,81.0067980084,81.0067980084,91.5754372712
611,0,180,positive,0.0564925982675,-0.107491405958,0.0619407484635,56.4925982675,-107.491405958,61.9407484635,81.5997739697,81.5997739697,92.8267484857
611,1,180,positive,0.0570855742288,-0.107491405958,0.060689437249,57.0855742288,-107.491405958,60.689437249,81.0067980084,81.0067980084,91.5754372712
612,0,180,positive,0.0564925982675,-0.107491405958,0.0619407484635,56.4925982675,-107.491405958,61.9407484635,81.5997739697,81.5997739697,92.8267484857
612,1,180,positive,0.0561949483548,-0.107491405958,0.0624677502348,56.1949483548,-107.491405958,62.4677502348,81.8974238824,81.8974238824,93.3537502571
613,0,180,positive,0.0557879462292,-0.107491405958,0.0631746155517,55.7879462292,-107.491405958,63.1746155517,82.304426008,82.304426008,94.060615574
613,1,180,positive,0.0561949483548,-0.107491405958,0.0624677502348,56.1949483548,-107.491405958,62.4677502348,81.8974238824,81.8974238824,93.3537502571
614,0,180,positive,0.0554763722219,-0.107491405958,0.0637608030251,55.4763722219,-107.491405958,63.7608030251,82.6160000153,82.6160000153,94.6468030474
614,1,180,positive,0.0557879462292,-0.107491405958,0.0631746155517,55.7879462292,-107.491405958,63.1746155517,82.304426008,82.304426008,94.060615574
615,0,180,positive,0.045935634572,-0.107491405958,0.104776923961,45.935634572,-107.491405958,104.776923961,92.1567376652,92.1567376652,135.662923983
615,1,180,positive,0.0457902216918,-0.107491405958,0.105357172068,45.7902216918,-107.491405958,105.357172068,92.3021505454,92.3021505454,136.243172091
616,0,180,positive,0.045935634572,-0.107491405958,0.104776923961,45.935634572,-107.491405958,104.776923961,92.1567376652,92.1567376652,135.662923983
616,1,180,positive,0.0461685002186,-0.107491405958,0.103599426774,46.1685002186,-107.491405958,103.599426774,91.9238720186,91.9238720186,134.485426796
617,0,180,positive,0.0457474558411,-0.107491405958,0.105563814967,45.7474558411,-107.491405958,105.563814967,92.3449163961,92.3449163961,136.449814989
617,1,180,positive,0.0457902216918,-0.107491405958,0.105357172068,45.7902216918,-107.491405958,105.357172068,92.3021505454,92.3021505454,136.243172091
618,0,180,positive,0.0457474558411,-0.107491405958,0.105563814967,45.7474558411,-107.491405958,105.563814967,92.3449163961,92.3449163961,136.449814989
618,1,180,positive,0.0456252295526,-0.107491405958,0.106260978005,45.6252295526,-107.491405958,106.260978005,92.4671426846,92.4671426846,137.146978027
619,0,180,positive,0.0456252295526,-0.107491405958,0.106260978005,45.6252295526,-107.491405958,106.260978005,92.4671426846,92.4671426846,137.146978027
619,1,180,positive,0.0454953810708,-0.107491405958,0.106671065541,45.4953810708,-107.491405958,106.671065541,92.5969911664,92.5969911664,137.557065564
620,0,180,positive,0.0454098947863,-0.107491405958,0.106966440444,45.4098947863,-107.491405958,106.966440444,92.6824774509,92.6824774509,137.852440467
620,1,180,positive,0.0454953810708,-0.107491405958,0.106671065541,45.4953810708,-107.491405958,106.671065541,92.5969911664,92.5969911664,137.557065564
621,0,180,positive,0.0453883380037,-0.107491405958,0.107158776295,45.3883380037,-107.491405958,107.158776295,92.7040342335,92.7040342335,138.044776317
621,1,180,positive,0.0454098947863,-0.107491405958,0.106966440444,45.4098947863,-107.491405958,106.966440444,92.6824774509,92.6824774509,137.852440467
622,0,180,positive,0.0452585457445,-0.107491405958,0.107951351643,45.2585457445,-107.491405958,107.951351643,92.8338264927,92.8338264927,138.837351666
622,1,180,positive,0.0453883380037,-0.107491405958,0.107158776295,45.3883380037,-107.491405958,107.158776295,92.7040342335,92.7040342335,138.044776317
623,0,180,positive,0.0450863326825,-0.107491405958,0.109627634855,45.0863326825,-107.491405958,109.627634855,93.0060395547,93.0060395547,140.513634878
623,1,180,positive,0.0451660133804,-0.107491405958,0.108651827998,45.1660133804,-107.491405958,108.651827998,92.9263588568,92.9263588568,139.537828021
624,0,180,positive,0.0450863326825,-0.107491405958,0.109627634855,45.0863326825,-107.491405958,109.627634855,93.0060395547,93.0060395547,140.513634878
624,1,180,positive,0.0450587130785,-0.107491405958,0.109781100956,45.0587130785,-107.491405958,109.781100956,93.0336591587,93.0336591587,140.667100978
625,0,180,positive,0.0450701087542,-0.107491405958,0.109598281479,45.0701087542,-107.491405958,109.598281479,93.022263483,93.022263483,140.484281502
625,1,180,positive,0.0450587130785,-0.107491405958,0.109781100956,45.0587130785,-107.491405958,109.781100956,93.0336591587,93.0336591587,140.667100978
626,0,180,positive,0.0449817279047,-0.107491405958,0.11025678571,44.9817279047,-107.491405958,110.25678571,93.1106443325,93.1106443325,141.142785732
626,1,180,positive,0.0450701087542,-0.107491405958,0.109598281479,45.0701087542,-107.491405958,109.598281479,93.022263483,93.022263483,140.484281502
627,0,180,positive,0.0448382713357,-0.107491405958,0.111096998687,44.8382713357,-107.491405958,111.096998687,93.2541009015,93.2541009015,141.98299871
627,1,180,positive,0.0448694786242,-0.107491405958,0.110916627468,44.8694786242,-107.491405958,110.916627468,93.222893613,93.222893613,141.80262749
628,0,180,positive,0.0448322832183,-0.107491405958,0.111192213034,44.8322832183,-107.491405958,111.192213034,93.2600890189,93.2600890189,142.078213057
628,1,180,positive,0.0448382713357,-0.107491405958,0.111096998687,44.8382713357,-107.491405958,111.096998687,93.2541009015,93.2541009015,141.98299871
629,0,180,positive,0.0447372044475,-0.107491405958,0.112325339907,44.7372044475,-107.491405958,112.325339907,93.3551677897,93.3551677897,143.211339929
629,1,180,positive,0.0448322832183,-0.107491405958,0.111192213034,44.8322832183,-107.491405958,111.192213034,93.2600890189,93.2600890189,142.078213057
630,0,180,positive,0.0452585457445,-0.107491405958,0.107951351643,45.2585457445,-107.491405958,107.951351643,92.8338264927,92.8338264927,138.837351666
630,1,180,positive,0.0451839226026,-0.107491405958,0.108450208256,45.1839226026,-107.491405958,108.450208256,92.9084496346,92.9084496346,139.336208278
631,0,180,positive,0.0411306243894,-0.107491405958,0.103765312234,41.1306243894,-107.491405958,103.765312234,96.9617478479,96.9617478479,134.651312256
631,1,180,positive,0.0412490224327,-0.107491405958,0.103314392131,41.2490224327,-107.491405958,103.314392131,96.8433498045,96.8433498045,134.200392153
632,0,180,positive,0.0408569358842,-0.107491405958,0.105394256695,40.8569358842,-107.491405958,105.394256695,97.235436353,97.235436353,136.280256718
632,1,180,positive,0.0411306243894,-0.107491405958,0.103765312234,41.1306243894,-107.491405958,103.765312234,96.9617478479,96.9617478479,134.651312256
633,0,180,positive,0.0408569358842,-0.107491405958,0.105394256695,40.8569358842,-107.491405958,105.394256695,97.235436353,97.235436353,136.280256718
633,1,180,positive,0.040823417042,-0.107491405958,0.105586393033,40.823417042,-107.491405958,105.586393033,97.2689551952,97.2689551952,136.472393056
634,0,180,positive,0.0406277251347,-0.107491405958,0.106406861096,40.6277251347,-107.491405958,106.406861096,97.4646471025,97.4646471025,137.292861118
634,1,180,positive,0.040823417042,-0.107491405958,0.105586393033,40.823417042,-107.491405958,105.586393033,97.2689551952,97.2689551952,136.472393056
635,0,180,positive,0.0406277251347,-0.107491405958,0.106406861096,40.6277251347,-107.491405958,106.406861096,97.4646471025,97.4646471025,137.292861118
635,1,180,positive,0.0405661082365,-0.107491405958,0.106670177936,40.5661082365,-107.491405958,106.670177936,97.5262640007,97.5262640007,137.556177958
636,0,180,positive,0.0403018402044,-0.107491405958,0.108263803377,40.3018402044,-107.491405958,108.263803377,97.7905320329,97.7905320329,139.149803399
636,1,180,positive,0.0403254804762,-0.107491405958,0.108131032901,40.3254804762,-107.491405958,108.131032901,97.766891761,97.766891761,139.017032924
637,0,180,positive,0.0402915964713,-0.107491405958,0.108322559902,40.2915964713,-107.491405958,108.322559902,97.8007757659,97.8007757659,139.208559924
637,1,180,positive,0.0403018402044,-0.107491405958,0.108263803377,40.3018402044,-107.491405958,108.263803377,97.7905320329,97.7905320329,139.149803399
638,0,180,positive,0.0451839226026,-0.107491405958,0.108450208256,45.1839226026,-107.491405958,108.450208256,92.9084496346,92.9084496346,139.336208278
638,1,180,positive,0.0451660133804,-0.107491405958,0.108651827998,45.1660133804,-107.491405958,108.651827998,92.9263588568,92.9263588568,139.537828021
639,0,180,positive,0.0449614589463,-0.107491405958,0.110458702523,44.9614589463,-107.491405958,110.458702523,93.1309132909,93.1309132909,141.344702545
639,1,180,positive,0.0448694786242,-0.107491405958,0.110916627468,44.8694786242,-107.491405958,110.916627468,93.222893613,93.222893613,141.80262749
640,0,180,positive,0.0449817279047,-0.107491405958,0.11025678571,44.9817279047,-107.491405958,110.25678571,93.1106443325,93.1106443325,141.142785732
640,1,180,positive,0.0449614589463,-0.107491405958,0.110458702523,44.9614589463,-107.491405958,110.458702523,93.1309132909,93.1309132909,141.344702545
641,0,180,positive,0.0447372044475,-0.107491405958,0.112325339907,44.7372044475,-107.491405958,112.325339907,93.3551677897,93.3551677897,143.211339929
641,1,180,positive,0.0447099068135,-0.107491405958,0.112616831557,44.7099068135,-107.491405958,112.616831557,93.3824654237,93.3824654237,143.502831579
642,0,180,positive,0.0447099068135,-0.107491405958,0.112616831557,44.7099068135,-107.491405958,112.616831557,93.3824654237,93.3824654237,143.502831579
642,1,180,positive,0.0447074882801,-0.107491405958,0.112656199885,44.7074882801,-107.491405958,112.656199885,93.3848839571,93.3848839571,143.542199907
643,0,180,positive,0.0447074882801,-0.107491405958,0.112656199885,44.7074882801,-107.491405958,112.656199885,93.3848839571,93.3848839571,143.542199907
643,1,180,positive,0.0447070877701,-0.107491405958,0.112673569796,44.7070877701,-107.491405958,112.673569796,93.3852844671,93.3852844671,143.559569819
644,0,180,positive,0.0402833738687,-0.107491405958,0.108362458351,40.2833738687,-107.491405958,108.362458351,97.8089983685,97.8089983685,139.248458374
644,1,180,positive,0.0402915964713,-0.107491405958,0.108322559902,40.2915964713,-107.491405958,108.322559902,97.8007757659,97.8007757659,139.208559924
645,0,180,positive,0.0405661082365,-0.107491405958,0.106670177936,40.5661082365,-107.491405958,106.670177936,97.5262640007,97.5262640007,137.556177958
645,1,180,positive,0.040482738961,-0.107491405958,0.107124684132,40.482738961,-107.491405958,107.124684132,97.6096332762,97.6096332762,138.010684154
646,0,180,positive,0.040482738961,-0.107491405958,0.107124684132,40.482738961,-107.491405958,107.124684132,97.6096332762,97.6096332762,138.010684154
646,1,180,positive,0.0403254804762,-0.107491405958,0.108131032901,40.3254804762,-107.491405958,108.131032901,97.766891761,97.766891761,139.017032924
647,0,180,positive,0.0402307366496,-0.107491405958,0.108605602571,40.2307366496,-107.491405958,108.605602571,97.8616355876,97.8616355876,139.491602593
647,1,180,positive,0.0398905587424,-0.107491405958,0.11010193901,39.8905587424,-107.491405958,110.10193901,98.2018134949,98.2018134949,140.987939033
648,0,180,positive,0.0398905587424,-0.107491405958,0.11010193901,39.8905587424,-107.491405958,110.10193901,98.2018134949,98.2018134949,140.987939033
648,1,180,positive,0.0397706303898,-0.107491405958,0.110618117861,39.7706303898,-107.491405958,110.618117861,98.3217418474,98.3217418474,141.504117883
649,0,180,positive,0.0402307366496,-0.107491405958,0.108605602571,40.2307366496,-107.491405958,108.605602571,97.8616355876,97.8616355876,139.491602593
649,1,180,positive,0.0402833738687,-0.107491405958,0.108362458351,40.2833738687,-107.491405958,108.362458351,97.8089983685,97.8089983685,139.248458374
650,0,180,positive,0.0396455403642,-0.107491405958,0.111216010792,39.6455403642,-107.491405958,111.216010792,98.4468318731,98.4468318731,142.102010814
650,1,180,positive,0.0397706303898,-0.107491405958,0.110618117861,39.7706303898,-107.491405958,110.618117861,98.3217418474,98.3217418474,141.504117883
651,0,180,positive,0.0396455403642,-0.107491405958,0.111216010792,39.6455403642,-107.491405958,111.216010792,98.4468318731,98.4468318731,142.102010814
651,1,180,positive,0.0395191968358,-0.107491405958,0.111741451054,39.5191968358,-107.491405958,111.741451054,98.5731754014,98.5731754014,142.627451076
652,0,180,positive,0.0445686608347,-0.107491405958,0.113302025497,44.5686608347,-107.491405958,113.302025497,93.5237114026,93.5237114026,144.188025519
652,1,180,positive,0.0447070877701,-0.107491405958,0.112673569796,44.7070877701,-107.491405958,112.673569796,93.3852844671,93.3852844671,143.559569819
653,0,180,positive,0.0445686608347,-0.107491405958,0.113302025497,44.5686608347,-107.491405958,113.302025497,93.5237114026,93.5237114026,144.188025519
653,1,180,positive,0.0445503266255,-0.107491405958,0.113539684863,44.5503266255,-107.491405958,113.539684863,93.5420456117,93.5420456117,144.425684885
654,0,180,positive,0.0445503266255,-0.107491405958,0.113539684863,44.5503266255,-107.491405958,113.539684863,93.5420456117,93.5420456117,144.425684885
654,1,180,positive,0.0444348487818,-0.107491405958,0.114102895803,44.4348487818,-107.491405958,114.102895803,93.6575234554,93.6575234554,144.988895826
655,0,180,positive,0.0443124370039,-0.107491405958,0.114540266949,44.3124370039,-107.491405958,114.540266949,93.7799352333,93.7799352333,145.426266971
655,1,180,positive,0.0444348487818,-0.107491405958,0.114102895803,44.4348487818,-107.491405958,114.102895803,93.6575234554,93.6575234554,144.988895826
656,0,180,positive,0.044241844114,-0.107491405958,0.11475543715,44.241844114,-107.491405958,114.75543715,93.8505281232,93.8505281232,145.641437172
656,1,180,positive,0.0443124370039,-0.107491405958,0.114540266949,44.3124370039,-107.491405958,114.540266949,93.7799352333,93.7799352333,145.426266971
657,0,180,positive,0.044241844114,-0.107491405958,0.11475543715,44.241844114,-107.491405958,114.75543715,93.8505281232,93.8505281232,145.641437172
657,1,180,positive,0.0440713864866,-0.107491405958,0.115359292807,44.0713864866,-107.491405958,115.359292807,94.0209857506,94.0209857506,146.245292829
658,0,180,positive,0.0440713864866,-0.107491405958,0.115359292807,44.0713864866,-107.491405958,115.359292807,94.0209857506,94.0209857506,146.245292829
658,1,180,positive,0.0439598330661,-0.107491405958,0.116168276438,43.9598330661,-107.491405958,116.168276438,94.1325391711,94.1325391711,147.05427646
659,0,180,positive,0.0439399001602,-0.107491405958,0.116297724957,43.9399001602,-107.491405958,116.297724957,94.1524720771,94.1524720771,147.183724979
659,1,180,positive,0.0439598330661,-0.107491405958,0.116168276438,43.9598330661,-107.491405958,116.168276438,94.1325391711,94.1325391711,147.05427646
660,0,180,positive,0.0439056491463,-0.107491405958,0.116445187885,43.9056491463,-107.491405958,116.445187885,94.1867230909,94.1867230909,147.331187907
660,1,180,positive,0.0439399001602,-0.107491405958,0.116297724957,43.9399001602,-107.491405958,116.297724957,94.1524720771,94.1524720771,147.183724979
661,0,180,positive,0.0439056491463,-0.107491405958,0.116445187885,43.9056491463,-107.491405958,116.445187885,94.1867230909,94.1867230909,147.331187907
661,1,180,positive,0.0437314290816,-0.107491405958,0.116908265976,43.7314290816,-107.491405958,116.908265976,94.3609431556,94.3609431556,147.794265998
662,0,180,positive,0.0436419969223,-0.107491405958,0.117294120228,43.6419969223,-107.491405958,117.294120228,94.4503753149,94.4503753149,148.18012025
662,1,180,positive,0.0437314290816,-0.107491405958,0.116908265976,43.7314290816,-107.491405958,116.908265976,94.3609431556,94.3609431556,147.794265998
663,0,180,positive,0.0435457240375,-0.107491405958,0.117875081243,43.5457240375,-107.491405958,117.875081243,94.5466481998,94.5466481998,148.761081266
663,1,180,positive,0.0436419969223,-0.107491405958,0.117294120228,43.6419969223,-107.491405958,117.294120228,94.4503753149,94.4503753149,148.18012025
664,0,180,positive,0.0435457240375,-0.107491405958,0.117875081243,43.5457240375,-107.491405958,117.875081243,94.5466481998,94.5466481998,148.761081266
664,1,180,positive,0.0434980810464,-0.107491405958,0.118145643462,43.4980810464,-107.491405958,118.145643462,94.5942911908,94.5942911908,149.031643484
665,0,180,positive,0.0434980810464,-0.107491405958,0.118145643462,43.4980810464,-107.491405958,118.145643462,94.5942911908,94.5942911908,149.031643484
665,1,180,positive,0.043492832473,-0.107491405958,0.118315094907,43.492832473,-107.491405958,118.315094907,94.5995397642,94.5995397642,149.201094929
666,0,180,positive,0.0433620269797,-0.107491405958,0.118800254749,43.3620269797,-107.491405958,118.800254749,94.7303452575,94.7303452575,149.686254771
666,1,180,positive,0.043492832473,-0.107491405958,0.118315094907,43.492832473,-107.491405958,118.315094907,94.5995397642,94.5995397642,149.201094929
667,0,180,positive,0.0433620269797,-0.107491405958,0.118800254749,43.3620269797,-107.491405958,118.800254749,94.7303452575,94.7303452575,149.686254771
667,1,180,positive,0.0431036850922,-0.107491405958,0.119521950095,43.1036850922,-107.491405958,119.521950095,94.988687145,94.988687145,150.407950118
668,0,180,positive,0.0430434209553,-0.107491405958,0.119705541637,43.0434209553,-107.491405958,119.705541637,95.0489512819,95.0489512819,150.591541659
668,1,180,positive,0.0431036850922,-0.107491405958,0.119521950095,43.1036850922,-107.491405958,119.521950095,94.988687145,94.988687145,150.407950118
669,0,180,positive,0.0430434209553,-0.107491405958,0.119705541637,43.0434209553,-107.491405958,119.705541637,95.0489512819,95.0489512819,150.591541659
669,1,180,positive,0.0429280418221,-0.107491405958,0.12013708072,42.9280418221,-107.491405958,120.13708072,95.1643304151,95.1643304151,151.023080742
670,0,180,positive,0.0427096139704,-0.107491405958,0.120800533859,42.7096139704,-107.491405958,120.800533859,95.3827582668,95.3827582668,151.686533882
670,1,180,positive,0.0429280418221,-0.107491405958,0.12013708072,42.9280418221,-107.491405958,120.13708072,95.1643304151,95.1643304151,151.023080742
671,0,180,positive,0.0427096139704,-0.107491405958,0.120800533859,42.7096139704,-107.491405958,120.800533859,95.3827582668,95.3827582668,151.686533882
671,1,180,positive,0.0426764794377,-0.107491405958,0.120990359484,42.6764794377,-107.491405958,120.990359484,95.4158927995,95.4158927995,151.876359507
672,0,180,positive,0.0426764794377,-0.107491405958,0.120990359484,42.6764794377,-107.491405958,120.990359484,95.4158927995,95.4158927995,151.876359507
672,1,180,positive,0.0426473624014,-0.107491405958,0.121258397592,42.6473624014,-107.491405958,121.258397592,95.4450098358,95.4450098358,152.144397614
673,0,180,positive,0.0425709717189,-0.107491405958,0.121650690499,42.5709717189,-107.491405958,121.650690499,95.5214005183,95.5214005183,152.536690521
673,1,180,positive,0.0426473624014,-0.107491405958,0.121258397592,42.6473624014,-107.491405958,121.258397592,95.4450098358,95.4450098358,152.144397614
674,0,180,positive,0.0425709717189,-0.107491405958,0.121650690499,42.5709717189,-107.491405958,121.650690499,95.5214005183,95.5214005183,152.536690521
674,1,180,positive,0.0423305718482,-0.107491405958,0.122057907436,42.3305718482,-107.491405958,122.057907436,95.761800389,95.761800389,152.943907459
675,0,180,positive,0.0422195740417,-0.107491405958,0.122286294099,42.2195740417,-107.491405958,122.286294099,95.8727981955,95.8727981955,153.172294122
675,1,180,positive,0.0423305718482,-0.107491405958,0.122057907436,42.3305718482,-107.491405958,122.057907436,95.761800389,95.761800389,152.943907459
676,0,180,positive,0.0388000293917,-0.107491405958,0.114665000584,38.8000293917,-107.491405958,114.665000584,99.2923428455,99.2923428455,145.551000606
676,1,180,positive,0.0395191968358,-0.107491405958,0.111741451054,39.5191968358,-107.491405958,111.741451054,98.5731754014,98.5731754014,142.627451076
677,0,180,positive,0.0388000293917,-0.107491405958,0.114665000584,38.8000293917,-107.491405958,114.665000584,99.2923428455,99.2923428455,145.551000606
677,1,180,positive,0.0387622378666,-0.107491405958,0.114800460245,38.7622378666,-107.491405958,114.800460245,99.3301343706,99.3301343706,145.686460267
678,0,180,positive,0.0387622378666,-0.107491405958,0.114800460245,38.7622378666,-107.491405958,114.800460245,99.3301343706,99.3301343706,145.686460267
678,1,180,positive,0.0386155944059,-0.107491405958,0.11531329144,38.6155944059,-107.491405958,115.31329144,99.4767778313,99.4767778313,146.199291462
679,0,180,positive,0.0382096048769,-0.107491405958,0.116704455221,38.2096048769,-107.491405958,116.704455221,99.8827673603,99.8827673603,147.590455243
679,1,180,positive,0.0386155944059,-0.107491405958,0.11531329144,38.6155944059,-107.491405958,115.31329144,99.4767778313,99.4767778313,146.199291462
680,0,180,positive,0.0378373107318,-0.107491405958,0.118063709656,37.8373107318,-107.491405958,118.063709656,100.255061505,100.255061505,148.949709678
680,1,180,positive,0.0382096048769,-0.107491405958,0.116704455221,38.2096048769,-107.491405958,116.704455221,99.8827673603,99.8827673603,147.590455243
681,0,180,positive,0.0378373107318,-0.107491405958,0.118063709656,37.8373107318,-107.491405958,118.063709656,100.255061505,100.255061505,148.949709678
681,1,180,positive,0.0375273443544,-0.107491405958,0.119141679648,37.5273443544,-107.491405958,119.141679648,100.565027883,100.565027883,150.02767967
682,0,180,positive,0.0372481331446,-0.107491405958,0.12012701592,37.2481331446,-107.491405958,120.12701592,100.844239093,100.844239093,151.013015942
682,1,180,positive,0.0375273443544,-0.107491405958,0.119141679648,37.5273443544,-107.491405958,119.141679648,100.565027883,100.565027883,150.02767967
683,0,180,positive,0.0372481331446,-0.107491405958,0.12012701592,37.2481331446,-107.491405958,120.12701592,100.844239093,100.844239093,151.013015942
683,1,180,positive,0.0368487969985,-0.107491405958,0.12183889903,36.8487969985,-107.491405958,121.83889903,101.243575239,101.243575239,152.724899052
684,0,180,positive,0.0421233238356,-0.107491405958,0.122616126904,42.1233238356,-107.491405958,122.616126904,95.9690484016,95.9690484016,153.502126926
684,1,180,positive,0.0420025462886,-0.107491405958,0.123008636734,42.0025462886,-107.491405958,123.008636734,96.0898259486,96.0898259486,153.894636757
685,0,180,positive,0.0420025462886,-0.107491405958,0.123008636734,42.0025462886,-107.491405958,123.008636734,96.0898259486,96.0898259486,153.894636757
685,1,180,positive,0.0418894244228,-0.107491405958,0.123354697751,41.8894244228,-107.491405958,123.354697751,96.2029478144,96.2029478144,154.240697773
686,0,180,positive,0.0421233238356,-0.107491405958,0.122616126904,42.1233238356,-107.491405958,122.616126904,95.9690484016,95.9690484016,153.502126926
686,1,180,positive,0.0422195740417,-0.107491405958,0.122286294099,42.2195740417,-107.491405958,122.286294099,95.8727981955,95.8727981955,153.172294122
687,0,180,positive,0.0417415119033,-0.107491405958,0.12377792438,41.7415119033,-107.491405958,123.77792438,96.3508603339,96.3508603339,154.663924403
687,1,180,positive,0.0418894244228,-0.107491405958,0.123354697751,41.8894244228,-107.491405958,123.354697751,96.2029478144,96.2029478144,154.240697773
688,0,180,positive,0.0414619253818,-0.107491405958,0.124418916783,41.4619253818,-107.491405958,124.418916783,96.6304468554,96.6304468554,155.304916805
688,1,180,positive,0.0413514274117,-0.107491405958,0.124678825798,41.3514274117,-107.491405958,124.678825798,96.7409448255,96.7409448255,155.564825821
689,0,180,positive,0.0414619253818,-0.107491405958,0.124418916783,41.4619253818,-107.491405958,124.418916783,96.6304468554,96.6304468554,155.304916805
689,1,180,positive,0.0417415119033,-0.107491405958,0.12377792438,41.7415119033,-107.491405958,123.77792438,96.3508603339,96.3508603339,154.663924403
690,0,180,positive,0.0410923861662,-0.107491405958,0.125249640636,41.0923861662,-107.491405958,125.249640636,96.999986071,96.999986071,156.135640658
690,1,180,positive,0.0413514274117,-0.107491405958,0.124678825798,41.3514274117,-107.491405958,124.678825798,96.7409448255,96.7409448255,155.564825821
691,0,180,positive,0.0363759834875,-0.107491405958,0.123833265824,36.3759834875,-107.491405958,123.833265824,101.71638875,101.71638875,154.719265847
691,1,180,positive,0.0363323116268,-0.107491405958,0.123999130658,36.3323116268,-107.491405958,123.999130658,101.76006061,101.76006061,154.88513068
692,0,180,positive,0.0363323116268,-0.107491405958,0.123999130658,36.3323116268,-107.491405958,123.999130658,101.76006061,101.76006061,154.88513068
692,1,180,positive,0.0363307184824,-0.107491405958,0.124007822919,36.3307184824,-107.491405958,124.007822919,101.761653755,101.761653755,154.893822941
693,0,180,positive,0.0363307184824,-0.107491405958,0.124007822919,36.3307184824,-107.491405958,124.007822919,101.761653755,101.761653755,154.893822941
693,1,180,positive,0.0363268117713,-0.107491405958,0.124019809048,36.3268117713,-107.491405958,124.019809048,101.765560466,101.765560466,154.90580907
694,0,180,positive,0.0368391815553,-0.107491405958,0.121886718685,36.8391815553,-107.491405958,121.886718685,101.253190682,101.253190682,152.772718707
694,1,180,positive,0.0368487969985,-0.107491405958,0.12183889903,36.8487969985,-107.491405958,121.83889903,101.243575239,101.243575239,152.724899052
695,0,180,positive,0.0368165450561,-0.107491405958,0.121982401828,36.8165450561,-107.491405958,121.982401828,101.275827181,101.275827181,152.868401851
695,1,180,positive,0.0368391815553,-0.107491405958,0.121886718685,36.8391815553,-107.491405958,121.886718685,101.253190682,101.253190682,152.772718707
696,0,180,positive,0.0368165450561,-0.107491405958,0.121982401828,36.8165450561,-107.491405958,121.982401828,101.275827181,101.275827181,152.868401851
696,1,180,positive,0.0366479869654,-0.107491405958,0.122643996295,36.6479869654,-107.491405958,122.643996295,101.444385272,101.444385272,153.529996317
697,0,180,positive,0.0366479869654,-0.107491405958,0.122643996295,36.6479869654,-107.491405958,122.643996295,101.444385272,101.444385272,153.529996317
697,1,180,positive,0.0365855838342,-0.107491405958,0.123086168598,36.5855838342,-107.491405958,123.086168598,101.506788403,101.506788403,153.97216862
698,0,180,positive,0.0363759834875,-0.107491405958,0.123833265824,36.3759834875,-107.491405958,123.833265824,101.71638875,101.71638875,154.719265847
698,1,180,positive,0.0365855838342,-0.107491405958,0.123086168598,36.5855838342,-107.491405958,123.086168598,101.506788403,101.506788403,153.97216862
699,0,180,positive,0.058515712492,-0.107491405958,0.0649942698253,58.515712492,-107.491405958,64.9942698253,79.5766597452,79.5766597452,95.8802698476
699,1,180,positive,0.0590376219499,-0.107491405958,0.064383165473,59.0376219499,-107.491405958,64.383165473,79.0547502873,79.0547502873,95.2691654953
700,0,180,positive,0.058515712492,-0.107491405958,0.0649942698253,58.515712492,-107.491405958,64.9942698253,79.5766597452,79.5766597452,95.8802698476
700,1,180,positive,0.0584059035252,-0.107491405958,0.0650896184757,58.4059035252,-107.491405958,65.0896184757,79.686468712,79.686468712,95.975618498
701,0,180,positive,0.0584059035252,-0.107491405958,0.0650896184757,58.4059035252,-107.491405958,65.0896184757,79.686468712,79.686468712,95.975618498
701,1,180,positive,0.0583084032455,-0.107491405958,0.0651558034671,58.3084032455,-107.491405958,65.1558034671,79.7839689917,79.7839689917,96.0418034894
702,0,180,positive,0.0580744868049,-0.107491405958,0.0654561923733,58.0744868049,-107.491405958,65.4561923733,80.0178854324,80.0178854324,96.3421923955
702,1,180,positive,0.0583084032455,-0.107491405958,0.0651558034671,58.3084032455,-107.491405958,65.1558034671,79.7839689917,79.7839689917,96.0418034894
703,0,180,positive,0.0580744868049,-0.107491405958,0.0654561923733,58.0744868049,-107.491405958,65.4561923733,80.0178854324,80.0178854324,96.3421923955
703,1,180,positive,0.0580517830689,-0.107491405958,0.0654858750029,58.0517830689,-107.491405958,65.4858750029,80.0405891684,80.0405891684,96.3718750251
704,0,180,positive,0.0580517830689,-0.107491405958,0.0654858750029,58.0517830689,-107.491405958,65.4858750029,80.0405891684,80.0405891684,96.3718750251
704,1,180,positive,0.058034799284,-0.107491405958,0.0655730328019,58.034799284,-107.491405958,65.5730328019,80.0575729532,80.0575729532,96.4590328242
705,0,180,positive,0.0578246342446,-0.107491405958,0.0662442435135,57.8246342446,-107.491405958,66.2442435135,80.2677379926,80.2677379926,97.1302435358
705,1,180,positive,0.058034799284,-0.107491405958,0.0655730328019,58.034799284,-107.491405958,65.5730328019,80.0575729532,80.0575729532,96.4590328242
706,0,180,positive,0.0578246342446,-0.107491405958,0.0662442435135,57.8246342446,-107.491405958,66.2442435135,80.2677379926,80.2677379926,97.1302435358
706,1,180,positive,0.0577785241095,-0.107491405958,0.0663719217161,57.7785241095,-107.491405958,66.3719217161,80.3138481277,80.3138481277,97.2579217384
707,0,180,positive,0.0577785241095,-0.107491405958,0.0663719217161,57.7785241095,-107.491405958,66.3719217161,80.3138481277,80.3138481277,97.2579217384
707,1,180,positive,0.0577462260828,-0.107491405958,0.0665231161114,57.7462260828,-107.491405958,66.5231161114,80.3461461544,80.3461461544,97.4091161337
708,0,180,positive,0.0574933888194,-0.107491405958,0.067328596331,57.4933888194,-107.491405958,67.328596331,80.5989834178,80.5989834178,98.2145963533
708,1,180,positive,0.0577462260828,-0.107491405958,0.0665231161114,57.7462260828,-107.491405958,66.5231161114,80.3461461544,80.3461461544,97.4091161337
709,0,180,positive,0.0572616158361,-0.107491405958,0.0678035308564,57.2616158361,-107.491405958,67.8035308564,80.8307564012,80.8307564012,98.6895308787
709,1,180,positive,0.0571931496273,-0.107491405958,0.0679537647471,57.1931496273,-107.491405958,67.9537647471,80.89922261,80.89922261,98.8397647693
710,0,180,positive,0.0572616158361,-0.107491405958,0.0678035308564,57.2616158361,-107.491405958,67.8035308564,80.8307564012,80.8307564012,98.6895308787
710,1,180,positive,0.0574933888194,-0.107491405958,0.067328596331,57.4933888194,-107.491405958,67.328596331,80.5989834178,80.5989834178,98.2145963533
711,0,180,positive,0.0571931496273,-0.107491405958,0.0679537647471,57.1931496273,-107.491405958,67.9537647471,80.89922261,80.89922261,98.8397647693
711,1,180,positive,0.0570948585275,-0.107491405958,0.0682948691955,57.0948585275,-107.491405958,68.2948691955,80.9975137097,80.9975137097,99.1808692177
712,0,180,positive,0.0568391272598,-0.107491405958,0.0690072395363,56.8391272598,-107.491405958,69.0072395363,81.2532449774,81.2532449774,99.8932395586
712,1,180,positive,0.0570948585275,-0.107491405958,0.0682948691955,57.0948585275,-107.491405958,68.2948691955,80.9975137097,80.9975137097,99.1808692177
713,0,180,positive,0.0567181107297,-0.107491405958,0.0692080261976,56.7181107297,-107.491405958,69.2080261976,81.3742615075,81.3742615075,100.09402622
713,1,180,positive,0.0568391272598,-0.107491405958,0.0690072395363,56.8391272598,-107.491405958,69.0072395363,81.2532449774,81.2532449774,99.8932395586
714,0,180,positive,0.0567181107297,-0.107491405958,0.0692080261976,56.7181107297,-107.491405958,69.2080261976,81.3742615075,81.3742615075,100.09402622
714,1,180,positive,0.0566268504407,-0.107491405958,0.0694781674772,56.6268504407,-107.491405958,69.4781674772,81.4655217966,81.4655217966,100.364167499
715,0,180,positive,0.056375972331,-0.107491405958,0.0700837891612,56.375972331,-107.491405958,70.0837891612,81.7163999062,81.7163999062,100.969789183
715,1,180,positive,0.0564548986106,-0.107491405958,0.069892377542,56.4548986106,-107.491405958,69.892377542,81.6374736266,81.6374736266,100.778377564
716,0,180,positive,0.0566268504407,-0.107491405958,0.0694781674772,56.6268504407,-107.491405958,69.4781674772,81.4655217966,81.4655217966,100.364167499
716,1,180,positive,0.0564548986106,-0.107491405958,0.069892377542,56.4548986106,-107.491405958,69.892377542,81.6374736266,81.6374736266,100.778377564
717,0,180,positive,0.0563076447552,-0.107491405958,0.070332970018,56.3076447552,-107.491405958,70.332970018,81.784727482,81.784727482,101.21897004
717,1,180,positive,0.056375972331,-0.107491405958,0.0700837891612,56.375972331,-107.491405958,70.0837891612,81.7163999062,81.7163999062,100.969789183
718,0,180,positive,0.0560778150717,-0.107491405958,0.070773145878,56.0778150717,-107.491405958,70.773145878,82.0145571655,82.0145571655,101.6591459
718,1,180,positive,0.0563076447552,-0.107491405958,0.070332970018,56.3076447552,-107.491405958,70.332970018,81.784727482,81.784727482,101.21897004
719,0,180,positive,0.0560778150717,-0.107491405958,0.070773145878,56.0778150717,-107.491405958,70.773145878,82.0145571655,82.0145571655,101.6591459
719,1,180,positive,0.0560122019806,-0.107491405958,0.0708773004679,56.0122019806,-107.491405958,70.8773004679,82.0801702566,82.0801702566,101.76330049
720,0,180,positive,0.0558392836088,-0.107491405958,0.0712208740616,55.8392836088,-107.491405958,71.2208740616,82.2530886284,82.2530886284,102.106874084
720,1,180,positive,0.0560122019806,-0.107491405958,0.0708773004679,56.0122019806,-107.491405958,70.8773004679,82.0801702566,82.0801702566,101.76330049
721,0,180,positive,0.0558392836088,-0.107491405958,0.0712208740616,55.8392836088,-107.491405958,71.2208740616,82.2530886284,82.2530886284,102.106874084
721,1,180,positive,0.0557142946633,-0.107491405958,0.0714508741508,55.7142946633,-107.491405958,71.4508741508,82.3780775739,82.3780775739,102.336874173
722,0,180,positive,0.0547115216158,-0.107491405958,0.0654269154655,54.7115216158,-107.491405958,65.4269154655,83.3808506214,83.3808506214,96.3129154878
722,1,180,positive,0.0547120188632,-0.107491405958,0.0654257232733,54.7120188632,-107.491405958,65.4257232733,83.380353374,83.380353374,96.3117232955
723,0,180,positive,0.0554763722219,-0.107491405958,0.0637608030251,55.4763722219,-107.491405958,63.7608030251,82.6160000153,82.6160000153,94.6468030474
723,1,180,positive,0.0547120188632,-0.107491405958,0.0654257232733,54.7120188632,-107.491405958,65.4257232733,83.380353374,83.380353374,96.3117232955
724,0,180,positive,0.0547112072457,-0.107491405958,0.0654277425465,54.7112072457,-107.491405958,65.4277425465,83.3811649915,83.3811649915,96.3137425688
724,1,180,positive,0.0547115216158,-0.107491405958,0.0654269154655,54.7115216158,-107.491405958,65.4269154655,83.3808506214,83.3808506214,96.3129154878
725,0,180,positive,0.054710626389,-0.107491405958,0.065428869673,54.710626389,-107.491405958,65.428869673,83.3817458482,83.3817458482,96.3148696953
725,1,180,positive,0.0547112072457,-0.107491405958,0.0654277425465,54.7112072457,-107.491405958,65.4277425465,83.3811649915,83.3811649915,96.3137425688
726,0,180,positive,0.054710626389,-0.107491405958,0.065428869673,54.710626389,-107.491405958,65.428869673,83.3817458482,83.3817458482,96.3148696953
726,1,180,positive,0.0541768764736,-0.107491405958,0.0666370667482,54.1768764736,-107.491405958,66.6370667482,83.9154957636,83.9154957636,97.5230667705
727,0,180,positive,0.0540006939624,-0.107491405958,0.06701699094,54.0006939624,-107.491405958,67.01699094,84.0916782748,84.0916782748,97.9029909623
727,1,180,positive,0.0541768764736,-0.107491405958,0.0666370667482,54.1768764736,-107.491405958,66.6370667482,83.9154957636,83.9154957636,97.5230667705
728,0,180,positive,0.0540006939624,-0.107491405958,0.06701699094,54.0006939624,-107.491405958,67.01699094,84.0916782748,84.0916782748,97.9029909623
728,1,180,positive,0.053403086968,-0.107491405958,0.0683732709033,53.403086968,-107.491405958,68.3732709033,84.6892852692,84.6892852692,99.2592709256
729,0,180,positive,0.0531034636392,-0.107491405958,0.0691048855635,53.1034636392,-107.491405958,69.1048855635,84.988908598,84.988908598,99.9908855857
729,1,180,positive,0.053403086968,-0.107491405958,0.0683732709033,53.403086968,-107.491405958,68.3732709033,84.6892852692,84.6892852692,99.2592709256
730,0,180,positive,0.0557142946633,-0.107491405958,0.0714508741508,55.7142946633,-107.491405958,71.4508741508,82.3780775739,82.3780775739,102.336874173
730,1,180,positive,0.0554205246385,-0.107491405958,0.071849072889,55.4205246385,-107.491405958,71.849072889,82.6718475987,82.6718475987,102.735072911
731,0,180,positive,0.0553968803324,-0.107491405958,0.071873536853,55.3968803324,-107.491405958,71.873536853,82.6954919048,82.6954919048,102.759536875
731,1,180,positive,0.0554205246385,-0.107491405958,0.071849072889,55.4205246385,-107.491405958,71.849072889,82.6718475987,82.6718475987,102.735072911
732,0,180,positive,0.0553615054738,-0.107491405958,0.0719172420083,55.3615054738,-107.491405958,71.9172420083,82.7308667634,82.7308667634,102.803242031
732,1,180,positive,0.0553968803324,-0.107491405958,0.071873536853,55.3968803324,-107.491405958,71.873536853,82.6954919048,82.6954919048,102.759536875
733,0,180,positive,0.0553298892932,-0.107491405958,0.0720057649334,55.3298892932,-107.491405958,72.0057649334,82.7624829441,82.7624829441,102.891764956
733,1,180,positive,0.0553615054738,-0.107491405958,0.0719172420083,55.3615054738,-107.491405958,71.9172420083,82.7308667634,82.7308667634,102.803242031
734,0,180,positive,0.0553298892932,-0.107491405958,0.0720057649334,55.3298892932,-107.491405958,72.0057649334,82.7624829441,82.7624829441,102.891764956
734,1,180,positive,0.0549459033488,-0.107491405958,0.0729351716869,54.9459033488,-107.491405958,72.9351716869,83.1464688884,83.1464688884,103.821171709
735,0,180,positive,0.0548432635255,-0.107491405958,0.0731843138019,54.8432635255,-107.491405958,73.1843138019,83.2491087117,83.2491087117,104.070313824
735,1,180,positive,0.0549459033488,-0.107491405958,0.0729351716869,54.9459033488,-107.491405958,72.9351716869,83.1464688884,83.1464688884,103.821171709
736,0,180,positive,0.0548432635255,-0.107491405958,0.0731843138019,54.8432635255,-107.491405958,73.1843138019,83.2491087117,83.2491087117,104.070313824
736,1,180,positive,0.05463509356,-0.107491405958,0.0736488658977,54.63509356,-107.491405958,73.6488658977,83.4572786772,83.4572786772,104.53486592
737,0,180,positive,0.05463509356,-0.107491405958,0.0736488658977,54.63509356,-107.491405958,73.6488658977,83.4572786772,83.4572786772,104.53486592
737,1,180,positive,0.0541933666099,-0.107491405958,0.0744157616221,54.1933666099,-107.491405958,74.4157616221,83.8990056273,83.8990056273,105.301761644
738,0,180,positive,0.0531034636392,-0.107491405958,0.0691048855635,53.1034636392,-107.491405958,69.1048855635,84.988908598,84.988908598,99.9908855857
738,1,180,positive,0.053017829403,-0.107491405958,0.0693251898189,53.017829403,-107.491405958,69.3251898189,85.0745428342,85.0745428342,100.211189841
739,0,180,positive,0.0541771205139,-0.107491405958,0.0744442591765,54.1771205139,-107.491405958,74.4442591765,83.9152517233,83.9152517233,105.330259199
739,1,180,positive,0.0541933666099,-0.107491405958,0.0744157616221,54.1933666099,-107.491405958,74.4157616221,83.8990056273,83.8990056273,105.301761644
740,0,180,positive,0.0541771205139,-0.107491405958,0.0744442591765,54.1771205139,-107.491405958,74.4442591765,83.9152517233,83.9152517233,105.330259199
740,1,180,positive,0.0537040504937,-0.107491405958,0.0756629724181,53.7040504937,-107.491405958,75.6629724181,84.3883217436,84.3883217436,106.54897244
741,0,180,positive,0.0536149670422,-0.107491405958,0.0758927030601,53.6149670422,-107.491405958,75.8927030601,84.477405195,84.477405195,106.778703082
741,1,180,positive,0.0537040504937,-0.107491405958,0.0756629724181,53.7040504937,-107.491405958,75.6629724181,84.3883217436,84.3883217436,106.54897244
742,0,180,positive,0.0535824024694,-0.107491405958,0.0760291261142,53.5824024694,-107.491405958,76.0291261142,84.5099697678,84.5099697678,106.915126137
742,1,180,positive,0.0536149670422,-0.107491405958,0.0758927030601,53.6149670422,-107.491405958,75.8927030601,84.477405195,84.477405195,106.778703082
743,0,180,positive,0.0535542678941,-0.107491405958,0.0762922696263,53.5542678941,-107.491405958,76.2922696263,84.5381043431,84.5381043431,107.178269649
743,1,180,positive,0.0535824024694,-0.107491405958,0.0760291261142,53.5824024694,-107.491405958,76.0291261142,84.5099697678,84.5099697678,106.915126137
744,0,180,positive,0.0535542678941,-0.107491405958,0.0762922696263,53.5542678941,-107.491405958,76.2922696263,84.5381043431,84.5381043431,107.178269649
744,1,180,positive,0.0535293303106,-0.107491405958,0.0764098358742,53.5293303106,-107.491405958,76.4098358742,84.5630419266,84.5630419266,107.295835896
745,0,180,positive,0.0533710327399,-0.107491405958,0.0769210047961,53.3710327399,-107.491405958,76.9210047961,84.7213394973,84.7213394973,107.807004818
745,1,180,positive,0.0535293303106,-0.107491405958,0.0764098358742,53.5293303106,-107.491405958,76.4098358742,84.5630419266,84.5630419266,107.295835896
746,0,180,positive,0.0533710327399,-0.107491405958,0.0769210047961,53.3710327399,-107.491405958,76.9210047961,84.7213394973,84.7213394973,107.807004818
746,1,180,positive,0.0533182274567,-0.107491405958,0.0770577320115,53.3182274567,-107.491405958,77.0577320115,84.7741447805,84.7741447805,107.943732034
747,0,180,positive,0.0532743175235,-0.107491405958,0.0774774530136,53.2743175235,-107.491405958,77.4774530136,84.8180547137,84.8180547137,108.363453036
747,1,180,positive,0.0533182274567,-0.107491405958,0.0770577320115,53.3182274567,-107.491405958,77.0577320115,84.7741447805,84.7741447805,107.943732034
748,0,180,positive,0.0532743175235,-0.107491405958,0.0774774530136,53.2743175235,-107.491405958,77.4774530136,84.8180547137,84.8180547137,108.363453036
748,1,180,positive,0.0532769786087,-0.107491405958,0.0776651007713,53.2769786087,-107.491405958,77.6651007713,84.8153936285,84.8153936285,108.551100794
749,0,180,positive,0.0532769786087,-0.107491405958,0.0776651007713,53.2769786087,-107.491405958,77.6651007713,84.8153936285,84.8153936285,108.551100794
749,1,180,positive,0.053234591309,-0.107491405958,0.0779770538782,53.234591309,-107.491405958,77.9770538782,84.8577809282,84.8577809282,108.8630539
750,0,180,positive,0.0531868864758,-0.107491405958,0.0783032287581,53.1868864758,-107.491405958,78.3032287581,84.9054857614,84.9054857614,109.18922878
750,1,180,positive,0.053234591309,-0.107491405958,0.0779770538782,53.234591309,-107.491405958,77.9770538782,84.8577809282,84.8577809282,108.8630539
751,0,180,positive,0.0531224454117,-0.107491405958,0.0784232095669,53.1224454117,-107.491405958,78.4232095669,84.9699268255,84.9699268255,109.309209589
751,1,180,positive,0.0531868864758,-0.107491405958,0.0783032287581,53.1868864758,-107.491405958,78.3032287581,84.9054857614,84.9054857614,109.18922878
752,0,180,positive,0.0531224454117,-0.107491405958,0.0784232095669,53.1224454117,-107.491405958,78.4232095669,84.9699268255,84.9699268255,109.309209589
752,1,180,positive,0.0528765009272,-0.107491405958,0.0788240114476,52.8765009272,-107.491405958,78.8240114476,85.21587131,85.21587131,109.71001147
753,0,180,positive,0.0525733983748,-0.107491405958,0.0796519331054,52.5733983748,-107.491405958,79.6519331054,85.5189738624,85.5189738624,110.537933128
753,1,180,positive,0.0527356229118,-0.107491405958,0.0791496042187,52.7356229118,-107.491405958,79.1496042187,85.3567493254,85.3567493254,110.035604241
754,0,180,positive,0.0528765009272,-0.107491405958,0.0788240114476,52.8765009272,-107.491405958,78.8240114476,85.21587131,85.21587131,109.71001147
754,1,180,positive,0.0527356229118,-0.107491405958,0.0791496042187,52.7356229118,-107.491405958,79.1496042187,85.3567493254,85.3567493254,110.035604241
755,0,180,positive,0.0524156354915,-0.107491405958,0.0707148821609,52.4156354915,-107.491405958,70.7148821609,85.6767367457,85.6767367457,101.600882183
755,1,180,positive,0.053017829403,-0.107491405958,0.0693251898189,53.017829403,-107.491405958,69.3251898189,85.0745428342,85.0745428342,100.211189841
756,0,180,positive,0.0524156354915,-0.107491405958,0.0707148821609,52.4156354915,-107.491405958,70.7148821609,85.6767367457,85.6767367457,101.600882183
756,1,180,positive,0.0522717704764,-0.107491405958,0.0710974853571,52.2717704764,-107.491405958,71.0974853571,85.8206017608,85.8206017608,101.983485379
757,0,180,positive,0.0521193739239,-0.107491405958,0.0714270792578,52.1193739239,-107.491405958,71.4270792578,85.9729983133,85.9729983133,102.31307928
757,1,180,positive,0.0522717704764,-0.107491405958,0.0710974853571,52.2717704764,-107.491405958,71.0974853571,85.8206017608,85.8206017608,101.983485379
758,0,180,positive,0.0521193739239,-0.107491405958,0.0714270792578,52.1193739239,-107.491405958,71.4270792578,85.9729983133,85.9729983133,102.31307928
758,1,180,positive,0.0518630436816,-0.107491405958,0.0719909873344,51.8630436816,-107.491405958,71.9909873344,86.2293285557,86.2293285557,102.876987357
759,0,180,positive,0.0518630436816,-0.107491405958,0.0719909873344,51.8630436816,-107.491405958,71.9909873344,86.2293285557,86.2293285557,102.876987357
759,1,180,positive,0.0516779740837,-0.107491405958,0.0726045475433,51.6779740837,-107.491405958,72.6045475433,86.4143981535,86.4143981535,103.490547566
760,0,180,positive,0.051569475617,-0.107491405958,0.0728751167462,51.569475617,-107.491405958,72.8751167462,86.5228966202,86.5228966202,103.761116769
760,1,180,positive,0.0516779740837,-0.107491405958,0.0726045475433,51.6779740837,-107.491405958,72.6045475433,86.4143981535,86.4143981535,103.490547566
761,0,180,positive,0.051569475617,-0.107491405958,0.0728751167462,51.569475617,-107.491405958,72.8751167462,86.5228966202,86.5228966202,103.761116769
761,1,180,positive,0.0512582723481,-0.107491405958,0.0735441543775,51.2582723481,-107.491405958,73.5441543775,86.8340998891,86.8340998891,104.4301544
762,0,180,positive,0.050940864746,-0.107491405958,0.0741942075738,50.940864746,-107.491405958,74.1942075738,87.1515074912,87.1515074912,105.080207596
762,1,180,positive,0.0512582723481,-0.107491405958,0.0735441543775,51.2582723481,-107.491405958,73.5441543775,86.8340998891,86.8340998891,104.4301544
763,0,180,positive,0.050940864746,-0.107491405958,0.0741942075738,50.940864746,-107.491405958,74.1942075738,87.1515074912,87.1515074912,105.080207596
763,1,180,positive,0.0508216081065,-0.107491405958,0.0745225309504,50.8216081065,-107.491405958,74.5225309504,87.2707641307,87.2707641307,105.408530973
764,0,180,positive,0.0503658033466,-0.107491405958,0.0755188328649,50.3658033466,-107.491405958,75.5188328649,87.7265688906,87.7265688906,106.404832887
764,1,180,positive,0.0508216081065,-0.107491405958,0.0745225309504,50.8216081065,-107.491405958,74.5225309504,87.2707641307,87.2707641307,105.408530973
765,0,180,positive,0.0503658033466,-0.107491405958,0.0755188328649,50.3658033466,-107.491405958,75.5188328649,87.7265688906,87.7265688906,106.404832887
765,1,180,positive,0.0503288088683,-0.107491405958,0.0755831888167,50.3288088683,-107.491405958,75.5831888167,87.7635633689,87.7635633689,106.469188839
766,0,180,positive,0.0525733983748,-0.107491405958,0.0796519331054,52.5733983748,-107.491405958,79.6519331054,85.5189738624,85.5189738624,110.537933128
766,1,180,positive,0.0525447526757,-0.107491405958,0.0797861800787,52.5447526757,-107.491405958,79.7861800787,85.5476195615,85.5476195615,110.672180101
767,0,180,positive,0.0525447526757,-0.107491405958,0.0797861800787,52.5447526757,-107.491405958,79.7861800787,85.5476195615,85.5476195615,110.672180101
767,1,180,positive,0.0525426350866,-0.107491405958,0.079823762984,52.5426350866,-107.491405958,79.823762984,85.5497371506,85.5497371506,110.709763006
768,0,180,positive,0.0523678409826,-0.107491405958,0.080772670821,52.3678409826,-107.491405958,80.772670821,85.7245312546,85.7245312546,111.658670843
768,1,180,positive,0.0525426350866,-0.107491405958,0.079823762984,52.5426350866,-107.491405958,79.823762984,85.5497371506,85.5497371506,110.709763006
769,0,180,positive,0.0522616278421,-0.107491405958,0.0811339487088,52.2616278421,-107.491405958,81.1339487088,85.8307443951,85.8307443951,112.019948731
769,1,180,positive,0.0523678409826,-0.107491405958,0.080772670821,52.3678409826,-107.491405958,80.772670821,85.7245312546,85.7245312546,111.658670843
770,0,180,positive,0.0522616278421,-0.107491405958,0.0811339487088,52.2616278421,-107.491405958,81.1339487088,85.8307443951,85.8307443951,112.019948731
770,1,180,positive,0.0521966450572,-0.107491405958,0.0813591700841,52.1966450572,-107.491405958,81.3591700841,85.89572718,85.89572718,112.245170106
771,0,180,positive,0.0521390681839,-0.107491405958,0.081515177196,52.1390681839,-107.491405958,81.515177196,85.9533040533,85.9533040533,112.401177218
771,1,180,positive,0.0520353696513,-0.107491405958,0.0821954023096,52.0353696513,-107.491405958,82.1954023096,86.0570025859,86.0570025859,113.081402332
772,0,180,positive,0.0521966450572,-0.107491405958,0.0813591700841,52.1966450572,-107.491405958,81.3591700841,85.89572718,85.89572718,112.245170106
772,1,180,positive,0.0521390681839,-0.107491405958,0.081515177196,52.1390681839,-107.491405958,81.515177196,85.9533040533,85.9533040533,112.401177218
773,0,180,positive,0.0520311918733,-0.107491405958,0.0822167496955,52.0311918733,-107.491405958,82.2167496955,86.061180364,86.061180364,113.102749718
773,1,180,positive,0.0520353696513,-0.107491405958,0.0821954023096,52.0353696513,-107.491405958,82.1954023096,86.0570025859,86.0570025859,113.081402332
774,0,180,positive,0.0520274454251,-0.107491405958,0.0822254517526,52.0274454251,-107.491405958,82.2254517526,86.0649268121,86.0649268121,113.111451775
774,1,180,positive,0.0520311918733,-0.107491405958,0.0822167496955,52.0311918733,-107.491405958,82.2167496955,86.061180364,86.061180364,113.102749718
775,0,180,positive,0.0520274454251,-0.107491405958,0.0822254517526,52.0274454251,-107.491405958,82.2254517526,86.0649268121,86.0649268121,113.111451775
775,1,180,positive,0.0518726328585,-0.107491405958,0.0825362772993,51.8726328585,-107.491405958,82.5362772993,86.2197393787,86.2197393787,113.422277322
776,0,180,positive,0.051821974674,-0.107491405958,0.0827254050321,51.821974674,-107.491405958,82.7254050321,86.2703975632,86.2703975632,113.611405054
776,1,180,positive,0.0518726328585,-0.107491405958,0.0825362772993,51.8726328585,-107.491405958,82.5362772993,86.2197393787,86.2197393787,113.422277322
777,0,180,positive,0.051821974674,-0.107491405958,0.0827254050321,51.821974674,-107.491405958,82.7254050321,86.2703975632,86.2703975632,113.611405054
777,1,180,positive,0.0516978887413,-0.107491405958,0.0828709273236,51.6978887413,-107.491405958,82.8709273236,86.3944834959,86.3944834959,113.756927346
778,0,180,positive,0.0516978887413,-0.107491405958,0.0828709273236,51.6978887413,-107.491405958,82.8709273236,86.3944834959,86.3944834959,113.756927346
778,1,180,positive,0.0516444673579,-0.107491405958,0.0832957389958,51.6444673579,-107.491405958,83.2957389958,86.4479048793,86.4479048793,114.181739018
779,0,180,positive,0.0516444673579,-0.107491405958,0.0832957389958,51.6444673579,-107.491405958,83.2957389958,86.4479048793,86.4479048793,114.181739018
779,1,180,positive,0.0516887626415,-0.107491405958,0.0838736164453,51.6887626415,-107.491405958,83.8736164453,86.4036095958,86.4036095958,114.759616468
780,0,180,positive,0.0499672700777,-0.107491405958,0.0762927650753,49.9672700777,-107.491405958,76.2927650753,88.1251021595,88.1251021595,107.178765098
780,1,180,positive,0.0503288088683,-0.107491405958,0.0755831888167,50.3288088683,-107.491405958,75.5831888167,87.7635633689,87.7635633689,106.469188839
781,0,180,positive,0.0499672700777,-0.107491405958,0.0762927650753,49.9672700777,-107.491405958,76.2927650753,88.1251021595,88.1251021595,107.178765098
781,1,180,positive,0.0496740668224,-0.107491405958,0.0769039182623,49.6740668224,-107.491405958,76.9039182623,88.4183054148,88.4183054148,107.789918285
782,0,180,positive,0.0493055937799,-0.107491405958,0.0777338987352,49.3055937799,-107.491405958,77.7338987352,88.7867784573,88.7867784573,108.619898758
782,1,180,positive,0.0496740668224,-0.107491405958,0.0769039182623,49.6740668224,-107.491405958,76.9039182623,88.4183054148,88.4183054148,107.789918285
783,0,180,positive,0.0493055937799,-0.107491405958,0.0777338987352,49.3055937799,-107.491405958,77.7338987352,88.7867784573,88.7867784573,108.619898758
783,1,180,positive,0.0490264782094,-0.107491405958,0.078374941682,49.0264782094,-107.491405958,78.374941682,89.0658940278,89.0658940278,109.260941704
784,0,180,positive,0.0487070533319,-0.107491405958,0.0791987836404,48.7070533319,-107.491405958,79.1987836404,89.3853189053,89.3853189053,110.084783663
784,1,180,positive,0.0490264782094,-0.107491405958,0.078374941682,49.0264782094,-107.491405958,78.374941682,89.0658940278,89.0658940278,109.260941704
785,0,180,positive,0.0487070533319,-0.107491405958,0.0791987836404,48.7070533319,-107.491405958,79.1987836404,89.3853189053,89.3853189053,110.084783663
785,1,180,positive,0.0484839120099,-0.107491405958,0.0800237220899,48.4839120099,-107.491405958,80.0237220899,89.6084602274,89.6084602274,110.909722112
786,0,180,positive,0.0484839120099,-0.107491405958,0.0800237220899,48.4839120099,-107.491405958,80.0237220899,89.6084602274,89.6084602274,110.909722112
786,1,180,positive,0.0478464577624,-0.107491405958,0.0820391285613,47.8464577624,-107.491405958,82.0391285613,90.2459144748,90.2459144748,112.925128584
787,0,180,positive,0.0477811007294,-0.107491405958,0.0822230587106,47.7811007294,-107.491405958,82.2230587106,90.3112715078,90.3112715078,113.109058733
787,1,180,positive,0.0478464577624,-0.107491405958,0.0820391285613,47.8464577624,-107.491405958,82.0391285613,90.2459144748,90.2459144748,112.925128584
788,0,180,positive,0.047755436874,-0.107491405958,0.0823063625999,47.755436874,-107.491405958,82.3063625999,90.3369353632,90.3369353632,113.192362622
788,1,180,positive,0.0477811007294,-0.107491405958,0.0822230587106,47.7811007294,-107.491405958,82.2230587106,90.3112715078,90.3112715078,113.109058733
789,0,180,positive,0.04769539995,-0.107491405958,0.0826202699164,47.69539995,-107.491405958,82.6202699164,90.3969722872,90.3969722872,113.506269939
789,1,180,positive,0.047755436874,-0.107491405958,0.0823063625999,47.755436874,-107.491405958,82.3063625999,90.3369353632,90.3369353632,113.192362622
790,0,180,positive,0.0476770575677,-0.107491405958,0.0827160408226,47.6770575677,-107.491405958,82.7160408226,90.4153146695,90.4153146695,113.602040845
790,1,180,positive,0.0476746842681,-0.107491405958,0.0827264335293,47.6746842681,-107.491405958,82.7264335293,90.4176879691,90.4176879691,113.612433552
791,0,180,positive,0.0476746842681,-0.107491405958,0.0827264335293,47.6746842681,-107.491405958,82.7264335293,90.4176879691,90.4176879691,113.612433552
791,1,180,positive,0.0476736262361,-0.107491405958,0.0827361382998,47.6736262361,-107.491405958,82.7361382998,90.4187460011,90.4187460011,113.622138322
792,0,180,positive,0.04769539995,-0.107491405958,0.0826202699164,47.69539995,-107.491405958,82.6202699164,90.3969722872,90.3969722872,113.506269939
792,1,180,positive,0.0476770575677,-0.107491405958,0.0827160408226,47.6770575677,-107.491405958,82.7160408226,90.4153146695,90.4153146695,113.602040845
793,0,180,positive,0.0476558073925,-0.107491405958,0.083340018157,47.6558073925,-107.491405958,83.340018157,90.4365648447,90.4365648447,114.226018179
793,1,180,positive,0.0476736262361,-0.107491405958,0.0827361382998,47.6736262361,-107.491405958,82.7361382998,90.4187460011,90.4187460011,113.622138322
794,0,180,positive,0.0476558073925,-0.107491405958,0.083340018157,47.6558073925,-107.491405958,83.340018157,90.4365648447,90.4365648447,114.226018179
794,1,180,positive,0.0476508874243,-0.107491405958,0.0833563373572,47.6508874243,-107.491405958,83.3563373572,90.4414848129,90.4414848129,114.242337379
795,0,180,positive,0.047359640115,-0.107491405958,0.0839660265109,47.359640115,-107.491405958,83.9660265109,90.7327321222,90.7327321222,114.852026533
795,1,180,positive,0.0473108038806,-0.107491405958,0.0840667778994,47.3108038806,-107.491405958,84.0667778994,90.7815683566,90.7815683566,114.952777922
796,0,180,positive,0.047359640115,-0.107491405958,0.0839660265109,47.359640115,-107.491405958,83.9660265109,90.7327321222,90.7327321222,114.852026533
796,1,180,positive,0.0476508874243,-0.107491405958,0.0833563373572,47.6508874243,-107.491405958,83.3563373572,90.4414848129,90.4414848129,114.242337379
797,0,180,positive,0.0516970518658,-0.107491405958,0.0840373542713,51.6970518658,-107.491405958,84.0373542713,86.3953203715,86.3953203715,114.923354294
797,1,180,positive,0.0516887626415,-0.107491405958,0.0838736164453,51.6887626415,-107.491405958,83.8736164453,86.4036095958,86.4036095958,114.759616468
798,0,180,positive,0.0516328852907,-0.107491405958,0.084492481763,51.6328852907,-107.491405958,84.492481763,86.4594869465,86.4594869465,115.378481785
798,1,180,positive,0.0515734941448,-0.107491405958,0.0849064090909,51.5734941448,-107.491405958,84.9064090909,86.5188780925,86.5188780925,115.792409113
799,0,180,positive,0.0516328852907,-0.107491405958,0.084492481763,51.6328852907,-107.491405958,84.492481763,86.4594869465,86.4594869465,115.378481785
799,1,180,positive,0.0516970518658,-0.107491405958,0.0840373542713,51.6970518658,-107.491405958,84.0373542713,86.3953203715,86.3953203715,114.923354294
800,0,180,positive,0.0514443861333,-0.107491405958,0.0857348933661,51.4443861333,-107.491405958,85.7348933661,86.6479861039,86.6479861039,116.620893388
800,1,180,positive,0.0515734941448,-0.107491405958,0.0849064090909,51.5734941448,-107.491405958,84.9064090909,86.5188780925,86.5188780925,115.792409113
801,0,180,positive,0.0514443861333,-0.107491405958,0.0857348933661,51.4443861333,-107.491405958,85.7348933661,86.6479861039,86.6479861039,116.620893388
801,1,180,positive,0.0514390890529,-0.107491405958,0.0858154514216,51.4390890529,-107.491405958,85.8154514216,86.6532831843,86.6532831843,116.701451444
802,0,180,positive,0.0514390890529,-0.107491405958,0.0858154514216,51.4390890529,-107.491405958,85.8154514216,86.6532831843,86.6532831843,116.701451444
802,1,180,positive,0.0514337467745,-0.107491405958,0.0858309616238,51.4337467745,-107.491405958,85.8309616238,86.6586254627,86.6586254627,116.716961646
803,0,180,positive,0.0512529630224,-0.107491405958,0.0866438506931,51.2529630224,-107.491405958,86.6438506931,86.8394092148,86.8394092148,117.529850715
803,1,180,positive,0.0512462914982,-0.107491405958,0.086880583004,51.2462914982,-107.491405958,86.880583004,86.846080739,86.846080739,117.766583026
804,0,180,positive,0.0512529630224,-0.107491405958,0.0866438506931,51.2529630224,-107.491405958,86.6438506931,86.8394092148,86.8394092148,117.529850715
804,1,180,positive,0.0514209687608,-0.107491405958,0.0858720057423,51.4209687608,-107.491405958,85.8720057423,86.6714034765,86.6714034765,116.758005765
805,0,180,positive,0.0514337467745,-0.107491405958,0.0858309616238,51.4337467745,-107.491405958,85.8309616238,86.6586254627,86.6586254627,116.716961646
805,1,180,positive,0.0514209687608,-0.107491405958,0.0858720057423,51.4209687608,-107.491405958,85.8720057423,86.6714034765,86.6714034765,116.758005765
806,0,180,positive,0.0512000634735,-0.107491405958,0.0870946147575,51.2000634735,-107.491405958,87.0946147575,86.8923087637,86.8923087637,117.98061478
806,1,180,positive,0.0512462914982,-0.107491405958,0.086880583004,51.2462914982,-107.491405958,86.880583004,86.846080739,86.846080739,117.766583026
807,0,180,positive,0.0512000634735,-0.107491405958,0.0870946147575,51.2000634735,-107.491405958,87.0946147575,86.8923087637,86.8923087637,117.98061478
807,1,180,positive,0.0509867991251,-0.107491405958,0.0877413214594,50.9867991251,-107.491405958,87.7413214594,87.1055731121,87.1055731121,118.627321482
808,0,180,positive,0.0509867991251,-0.107491405958,0.0877413214594,50.9867991251,-107.491405958,87.7413214594,87.1055731121,87.1055731121,118.627321482
808,1,180,positive,0.050914611161,-0.107491405958,0.0880506353809,50.914611161,-107.491405958,88.0506353809,87.1777610763,87.1777610763,118.936635403
809,0,180,positive,0.0509123271982,-0.107491405958,0.0880742634993,50.9123271982,-107.491405958,88.0742634993,87.180045039,87.180045039,118.960263522
809,1,180,positive,0.050914611161,-0.107491405958,0.0880506353809,50.914611161,-107.491405958,88.0506353809,87.1777610763,87.1777610763,118.936635403
810,0,180,positive,0.0508935046294,-0.107491405958,0.0881712836031,50.8935046294,-107.491405958,88.1712836031,87.1988676078,87.1988676078,119.057283625
810,1,180,positive,0.0506903791198,-0.107491405958,0.0891042348521,50.6903791198,-107.491405958,89.1042348521,87.4019931174,87.4019931174,119.990234874
811,0,180,positive,0.0469247197621,-0.107491405958,0.08529205626,46.9247197621,-107.491405958,85.29205626,91.1676524751,91.1676524751,116.178056282
811,1,180,positive,0.0473108038806,-0.107491405958,0.0840667778994,47.3108038806,-107.491405958,84.0667778994,90.7815683566,90.7815683566,114.952777922
812,0,180,positive,0.0469247197621,-0.107491405958,0.08529205626,46.9247197621,-107.491405958,85.29205626,91.1676524751,91.1676524751,116.178056282
812,1,180,positive,0.0469171251754,-0.107491405958,0.0853130197507,46.9171251754,-107.491405958,85.3130197507,91.1752470618,91.1752470618,116.199019773
813,0,180,positive,0.0469171251754,-0.107491405958,0.0853130197507,46.9171251754,-107.491405958,85.3130197507,91.1752470618,91.1752470618,116.199019773
813,1,180,positive,0.0468339471298,-0.107491405958,0.0855368313001,46.8339471298,-107.491405958,85.5368313001,91.2584251074,91.2584251074,116.422831322
814,0,180,positive,0.0465883849845,-0.107491405958,0.0861718062351,46.5883849845,-107.491405958,86.1718062351,91.5039872527,91.5039872527,117.057806257
814,1,180,positive,0.0468339471298,-0.107491405958,0.0855368313001,46.8339471298,-107.491405958,85.5368313001,91.2584251074,91.2584251074,116.422831322
815,0,180,positive,0.0465740645073,-0.107491405958,0.0862231672833,46.5740645073,-107.491405958,86.2231672833,91.5183077299,91.5183077299,117.109167306
815,1,180,positive,0.0465883849845,-0.107491405958,0.0861718062351,46.5883849845,-107.491405958,86.1718062351,91.5039872527,91.5039872527,117.057806257
816,0,180,positive,0.0465740645073,-0.107491405958,0.0862231672833,46.5740645073,-107.491405958,86.2231672833,91.5183077299,91.5183077299,117.109167306
816,1,180,positive,0.0462294772981,-0.107491405958,0.0873450470261,46.2294772981,-107.491405958,87.3450470261,91.8628949391,91.8628949391,118.231047048
817,0,180,positive,0.0461999298591,-0.107491405958,0.0874625069779,46.1999298591,-107.491405958,87.4625069779,91.8924423781,91.8924423781,118.348507
817,1,180,positive,0.0462294772981,-0.107491405958,0.0873450470261,46.2294772981,-107.491405958,87.3450470261,91.8628949391,91.8628949391,118.231047048
818,0,180,positive,0.0461293106624,-0.107491405958,0.0876555301427,46.1293106624,-107.491405958,87.6555301427,91.9630615748,91.9630615748,118.541530165
818,1,180,positive,0.0461999298591,-0.107491405958,0.0874625069779,46.1999298591,-107.491405958,87.4625069779,91.8924423781,91.8924423781,118.348507
819,0,180,positive,0.0461293106624,-0.107491405958,0.0876555301427,46.1293106624,-107.491405958,87.6555301427,91.9630615748,91.9630615748,118.541530165
819,1,180,positive,0.0457659852375,-0.107491405958,0.08867264317,45.7659852375,-107.491405958,88.67264317,92.3263869997,92.3263869997,119.558643192
820,0,180,positive,0.0508935046294,-0.107491405958,0.0881712836031,50.8935046294,-107.491405958,88.1712836031,87.1988676078,87.1988676078,119.057283625
820,1,180,positive,0.0509123271982,-0.107491405958,0.0880742634993,50.9123271982,-107.491405958,88.0742634993,87.180045039,87.180045039,118.960263522
821,0,180,positive,0.05078049315,-0.107491405958,0.0897848206289,50.78049315,-107.491405958,89.7848206289,87.3118790872,87.3118790872,120.670820651
821,1,180,positive,0.0507790461424,-0.107491405958,0.0897550015318,50.7790461424,-107.491405958,89.7550015318,87.3133260948,87.3133260948,120.641001554
822,0,180,positive,0.05078049315,-0.107491405958,0.0897848206289,50.78049315,-107.491405958,89.7848206289,87.3118790872,87.3118790872,120.670820651
822,1,180,positive,0.0506938246331,-0.107491405958,0.090206571557,50.6938246331,-107.491405958,90.206571557,87.3985476041,87.3985476041,121.092571579
823,0,180,positive,0.0506826187415,-0.107491405958,0.0902612932106,50.6826187415,-107.491405958,90.2612932106,87.4097534958,87.4097534958,121.147293233
823,1,180,positive,0.0506938246331,-0.107491405958,0.090206571557,50.6938246331,-107.491405958,90.206571557,87.3985476041,87.3985476041,121.092571579
824,0,180,positive,0.0506421837914,-0.107491405958,0.0903537041036,50.6421837914,-107.491405958,90.3537041036,87.4501884458,87.4501884458,121.239704126
824,1,180,positive,0.0506826187415,-0.107491405958,0.0902612932106,50.6826187415,-107.491405958,90.2612932106,87.4097534958,87.4097534958,121.147293233
825,0,180,positive,0.0507136716076,-0.107491405958,0.0890859436449,50.7136716076,-107.491405958,89.0859436449,87.3787006296,87.3787006296,119.971943667
825,1,180,positive,0.0506903791198,-0.107491405958,0.0891042348521,50.6903791198,-107.491405958,89.1042348521,87.4019931174,87.4019931174,119.990234874
826,0,180,positive,0.0507136716076,-0.107491405958,0.0890859436449,50.7136716076,-107.491405958,89.0859436449,87.3787006296,87.3787006296,119.971943667
826,1,180,positive,0.0507790461424,-0.107491405958,0.0897550015318,50.7790461424,-107.491405958,89.7550015318,87.3133260948,87.3133260948,120.641001554
827,0,180,positive,0.0505898617854,-0.107491405958,0.0905247743352,50.5898617854,-107.491405958,90.5247743352,87.5025104518,87.5025104518,121.410774358
827,1,180,positive,0.0506421837914,-0.107491405958,0.0903537041036,50.6421837914,-107.491405958,90.3537041036,87.4501884458,87.4501884458,121.239704126
828,0,180,positive,0.0505898617854,-0.107491405958,0.0905247743352,50.5898617854,-107.491405958,90.5247743352,87.5025104518,87.5025104518,121.410774358
828,1,180,positive,0.0503810963664,-0.107491405958,0.0909822465821,50.3810963664,-107.491405958,90.9822465821,87.7112758708,87.7112758708,121.868246604
829,0,180,positive,0.0503810963664,-0.107491405958,0.0909822465821,50.3810963664,-107.491405958,90.9822465821,87.7112758708,87.7112758708,121.868246604
829,1,180,positive,0.050242339612,-0.107491405958,0.091440737738,50.242339612,-107.491405958,91.440737738,87.8500326252,87.8500326252,122.32673776
830,0,180,positive,0.0501382486059,-0.107491405958,0.091787425884,50.1382486059,-107.491405958,91.787425884,87.9541236313,87.9541236313,122.673425906
830,1,180,positive,0.050242339612,-0.107491405958,0.091440737738,50.242339612,-107.491405958,91.440737738,87.8500326252,87.8500326252,122.32673776
831,0,180,positive,0.0501382486059,-0.107491405958,0.091787425884,50.1382486059,-107.491405958,91.787425884,87.9541236313,87.9541236313,122.673425906
831,1,180,positive,0.0500032628969,-0.107491405958,0.0922169985334,50.0032628969,-107.491405958,92.2169985334,88.0891093403,88.0891093403,123.102998556
832,0,180,positive,0.0498476707599,-0.107491405958,0.0926580241124,49.8476707599,-107.491405958,92.6580241124,88.2447014773,88.2447014773,123.544024135
832,1,180,positive,0.0496211045364,-0.107491405958,0.0935333558666,49.6211045364,-107.491405958,93.5333558666,88.4712677008,88.4712677008,124.419355889
833,0,180,positive,0.0498476707599,-0.107491405958,0.0926580241124,49.8476707599,-107.491405958,92.6580241124,88.2447014773,88.2447014773,123.544024135
833,1,180,positive,0.0500032628969,-0.107491405958,0.0922169985334,50.0032628969,-107.491405958,92.2169985334,88.0891093403,88.0891093403,123.102998556
834,0,180,positive,0.0495124459177,-0.107491405958,0.0940192562481,49.5124459177,-107.491405958,94.0192562481,88.5799263195,88.5799263195,124.90525627
834,1,180,positive,0.0496211045364,-0.107491405958,0.0935333558666,49.6211045364,-107.491405958,93.5333558666,88.4712677008,88.4712677008,124.419355889
835,0,180,positive,0.0457659852375,-0.107491405958,0.08867264317,45.7659852375,-107.491405958,88.67264317,92.3263869997,92.3263869997,119.558643192
835,1,180,positive,0.0453857325998,-0.107491405958,0.0895654653854,45.3857325998,-107.491405958,89.5654653854,92.7066396374,92.7066396374,120.451465408
836,0,180,positive,0.0451787785952,-0.107491405958,0.0901152515022,45.1787785952,-107.491405958,90.1152515022,92.913593642,92.913593642,121.001251525
836,1,180,positive,0.0453857325998,-0.107491405958,0.0895654653854,45.3857325998,-107.491405958,89.5654653854,92.7066396374,92.7066396374,120.451465408
837,0,180,positive,0.0493857908329,-0.107491405958,0.0945972626252,49.3857908329,-107.491405958,94.5972626252,88.7065814043,88.7065814043,125.483262648
837,1,180,positive,0.0495124459177,-0.107491405958,0.0940192562481,49.5124459177,-107.491405958,94.0192562481,88.5799263195,88.5799263195,124.90525627
838,0,180,positive,0.0491216631608,-0.107491405958,0.0952842822351,49.1216631608,-107.491405958,95.2842822351,88.9707090764,88.9707090764,126.170282257
838,1,180,positive,0.0493857908329,-0.107491405958,0.0945972626252,49.3857908329,-107.491405958,94.5972626252,88.7065814043,88.7065814043,125.483262648
839,0,180,positive,0.0491216631608,-0.107491405958,0.0952842822351,49.1216631608,-107.491405958,95.2842822351,88.9707090764,88.9707090764,126.170282257
839,1,180,positive,0.049021739934,-0.107491405958,0.095538485533,49.021739934,-107.491405958,95.538485533,89.0706323032,89.0706323032,126.424485555
840,0,180,positive,0.0487230451685,-0.107491405958,0.0963581285509,48.7230451685,-107.491405958,96.3581285509,89.3693270687,89.3693270687,127.244128573
840,1,180,positive,0.0486954611548,-0.107491405958,0.0964266325311,48.6954611548,-107.491405958,96.4266325311,89.3969110824,89.3969110824,127.312632553
841,0,180,positive,0.0487230451685,-0.107491405958,0.0963581285509,48.7230451685,-107.491405958,96.3581285509,89.3693270687,89.3693270687,127.244128573
841,1,180,positive,0.049021739934,-0.107491405958,0.095538485533,49.021739934,-107.491405958,95.538485533,89.0706323032,89.0706323032,126.424485555
842,0,180,positive,0.0486954611548,-0.107491405958,0.0964266325311,48.6954611548,-107.491405958,96.4266325311,89.3969110824,89.3969110824,127.312632553
842,1,180,positive,0.048622364148,-0.107491405958,0.0966314651844,48.622364148,-107.491405958,96.6314651844,89.4700080892,89.4700080892,127.517465207
843,0,180,positive,0.048622364148,-0.107491405958,0.0966314651844,48.622364148,-107.491405958,96.6314651844,89.4700080892,89.4700080892,127.517465207
843,1,180,positive,0.0485810560339,-0.107491405958,0.0967938402495,48.5810560339,-107.491405958,96.7938402495,89.5113162033,89.5113162033,127.679840272
844,0,180,positive,0.0483585889997,-0.107491405958,0.0974711470562,48.3585889997,-107.491405958,97.4711470562,89.7337832375,89.7337832375,128.357147078
844,1,180,positive,0.0485810560339,-0.107491405958,0.0967938402495,48.5810560339,-107.491405958,96.7938402495,89.5113162033,89.5113162033,127.679840272
845,0,180,positive,0.0483585889997,-0.107491405958,0.0974711470562,48.3585889997,-107.491405958,97.4711470562,89.7337832375,89.7337832375,128.357147078
845,1,180,positive,0.0479533117018,-0.107491405958,0.0983279759305,47.9533117018,-107.491405958,98.3279759305,90.1390605354,90.1390605354,129.213975953
846,0,180,positive,0.0479510334833,-0.107491405958,0.0983320265496,47.9510334833,-107.491405958,98.3320265496,90.1413387539,90.1413387539,129.218026572
846,1,180,positive,0.0479533117018,-0.107491405958,0.0983279759305,47.9533117018,-107.491405958,98.3279759305,90.1390605354,90.1390605354,129.213975953
847,0,180,positive,0.0479498252659,-0.107491405958,0.0983365980524,47.9498252659,-107.491405958,98.3365980524,90.1425469713,90.1425469713,129.222598075
847,1,180,positive,0.0479510334833,-0.107491405958,0.0983320265496,47.9510334833,-107.491405958,98.3320265496,90.1413387539,90.1413387539,129.218026572
848,0,180,positive,0.0479444102478,-0.107491405958,0.0983467757959,47.9444102478,-107.491405958,98.3467757959,90.1479619894,90.1479619894,129.232775818
848,1,180,positive,0.0479498252659,-0.107491405958,0.0983365980524,47.9498252659,-107.491405958,98.3365980524,90.1425469713,90.1425469713,129.222598075
849,0,180,positive,0.0479444102478,-0.107491405958,0.0983467757959,47.9444102478,-107.491405958,98.3467757959,90.1479619894,90.1479619894,129.232775818
849,1,180,positive,0.0475593586605,-0.107491405958,0.0990690857741,47.5593586605,-107.491405958,99.0690857741,90.5330135767,90.5330135767,129.955085796
850,0,180,positive,0.0474475216946,-0.107491405958,0.0992606576682,47.4475216946,-107.491405958,99.2606576682,90.6448505426,90.6448505426,130.146657691
850,1,180,positive,0.0475593586605,-0.107491405958,0.0990690857741,47.5593586605,-107.491405958,99.0690857741,90.5330135767,90.5330135767,129.955085796
851,0,180,positive,0.0474475216946,-0.107491405958,0.0992606576682,47.4475216946,-107.491405958,99.2606576682,90.6448505426,90.6448505426,130.146657691
851,1,180,positive,0.0473070144355,-0.107491405958,0.0995535125784,47.3070144355,-107.491405958,99.5535125784,90.7853578017,90.7853578017,130.439512601
852,0,180,positive,0.0473070144355,-0.107491405958,0.0995535125784,47.3070144355,-107.491405958,99.5535125784,90.7853578017,90.7853578017,130.439512601
852,1,180,positive,0.047246046922,-0.107491405958,0.0997601042459,47.246046922,-107.491405958,99.7601042459,90.8463253152,90.8463253152,130.646104268
853,0,180,positive,0.0469372844435,-0.107491405958,0.10062600004,46.9372844435,-107.491405958,100.62600004,91.1550877937,91.1550877937,131.512000062
853,1,180,positive,0.047246046922,-0.107491405958,0.0997601042459,47.246046922,-107.491405958,99.7601042459,90.8463253152,90.8463253152,130.646104268
854,0,180,positive,0.0466820995893,-0.107491405958,0.101524085359,46.6820995893,-107.491405958,101.524085359,91.4102726479,91.4102726479,132.410085382
854,1,180,positive,0.0468736490611,-0.107491405958,0.100830095321,46.8736490611,-107.491405958,100.830095321,91.2187231761,91.2187231761,131.716095344
855,0,180,positive,0.0466340274938,-0.107491405958,0.101724762938,46.6340274938,-107.491405958,101.724762938,91.4583447434,91.4583447434,132.61076296
855,1,180,positive,0.0466820995893,-0.107491405958,0.101524085359,46.6820995893,-107.491405958,101.524085359,91.4102726479,91.4102726479,132.410085382
856,0,180,positive,0.0465190836258,-0.107491405958,0.10201642682,46.5190836258,-107.491405958,102.01642682,91.5732886114,91.5732886114,132.902426842
856,1,180,positive,0.0466340274938,-0.107491405958,0.101724762938,46.6340274938,-107.491405958,101.724762938,91.4583447434,91.4583447434,132.61076296
857,0,180,positive,0.0469372844435,-0.107491405958,0.10062600004,46.9372844435,-107.491405958,100.62600004,91.1550877937,91.1550877937,131.512000062
857,1,180,positive,0.0468736490611,-0.107491405958,0.100830095321,46.8736490611,-107.491405958,100.830095321,91.2187231761,91.2187231761,131.716095344
858,0,180,positive,0.0465190836258,-0.107491405958,0.10201642682,46.5190836258,-107.491405958,102.01642682,91.5732886114,91.5732886114,132.902426842
858,1,180,positive,0.0463715352533,-0.107491405958,0.102561405714,46.3715352533,-107.491405958,102.561405714,91.7208369839,91.7208369839,133.447405736
859,0,180,positive,0.0461791386204,-0.107491405958,0.103543552593,46.1791386204,-107.491405958,103.543552593,91.9132336168,91.9132336168,134.429552615
859,1,180,positive,0.0463715352533,-0.107491405958,0.102561405714,46.3715352533,-107.491405958,102.561405714,91.7208369839,91.7208369839,133.447405736
860,0,180,positive,0.0389733334392,-0.107491405958,0.12916610142,38.9733334392,-107.491405958,129.16610142,99.119038798,99.119038798,160.052101442
860,1,180,positive,0.0386414909506,-0.107491405958,0.129335029132,38.6414909506,-107.491405958,129.335029132,99.4508812866,99.4508812866,160.221029155
861,0,180,positive,0.038459101367,-0.107491405958,0.129445895833,38.459101367,-107.491405958,129.445895833,99.6332708702,99.6332708702,160.331895855
861,1,180,positive,0.0386414909506,-0.107491405958,0.129335029132,38.6414909506,-107.491405958,129.335029132,99.4508812866,99.4508812866,160.221029155
862,0,180,positive,0.0383418641237,-0.107491405958,0.129556615422,38.3418641237,-107.491405958,129.556615422,99.7505081135,99.7505081135,160.442615444
862,1,180,positive,0.038459101367,-0.107491405958,0.129445895833,38.459101367,-107.491405958,129.445895833,99.6332708702,99.6332708702,160.331895855
863,0,180,positive,0.0383418641237,-0.107491405958,0.129556615422,38.3418641237,-107.491405958,129.556615422,99.7505081135,99.7505081135,160.442615444
863,1,180,positive,0.0379916949641,-0.107491405958,0.129893764748,37.9916949641,-107.491405958,129.893764748,100.100677273,100.100677273,160.77976477
864,0,180,positive,0.037974568232,-0.107491405958,0.129981389795,37.974568232,-107.491405958,129.981389795,100.117804005,100.117804005,160.867389817
864,1,180,positive,0.0379916949641,-0.107491405958,0.129893764748,37.9916949641,-107.491405958,129.893764748,100.100677273,100.100677273,160.77976477
865,0,180,positive,0.037974568232,-0.107491405958,0.129981389795,37.974568232,-107.491405958,129.981389795,100.117804005,100.117804005,160.867389817
865,1,180,positive,0.0378737974092,-0.107491405958,0.130219585756,37.8737974092,-107.491405958,130.219585756,100.218574828,100.218574828,161.105585778
866,0,180,positive,0.0378734619358,-0.107491405958,0.130235737432,37.8734619358,-107.491405958,130.235737432,100.218910301,100.218910301,161.121737455
866,1,180,positive,0.0378737974092,-0.107491405958,0.130219585756,37.8737974092,-107.491405958,130.219585756,100.218574828,100.218574828,161.105585778
867,0,180,positive,0.0378676402694,-0.107491405958,0.130267470821,37.8676402694,-107.491405958,130.267470821,100.224731968,100.224731968,161.153470843
867,1,180,positive,0.0378734619358,-0.107491405958,0.130235737432,37.8734619358,-107.491405958,130.235737432,100.218910301,100.218910301,161.121737455
868,0,180,positive,0.037860097691,-0.107491405958,0.130374734692,37.860097691,-107.491405958,130.374734692,100.232274546,100.232274546,161.260734714
868,1,180,positive,0.0378676402694,-0.107491405958,0.130267470821,37.8676402694,-107.491405958,130.267470821,100.224731968,100.224731968,161.153470843
869,0,180,positive,0.0378178457546,-0.107491405958,0.131129753327,37.8178457546,-107.491405958,131.129753327,100.274526483,100.274526483,162.015753349
869,1,180,positive,0.0377705168358,-0.107491405958,0.131338166796,37.7705168358,-107.491405958,131.338166796,100.321855401,100.321855401,162.224166819
870,0,180,positive,0.037860097691,-0.107491405958,0.130374734692,37.860097691,-107.491405958,130.374734692,100.232274546,100.232274546,161.260734714
870,1,180,positive,0.0378178457546,-0.107491405958,0.131129753327,37.8178457546,-107.491405958,131.129753327,100.274526483,100.274526483,162.015753349
871,0,180,positive,0.0377705168358,-0.107491405958,0.131338166796,37.7705168358,-107.491405958,131.338166796,100.321855401,100.321855401,162.224166819
871,1,180,positive,0.0377624120361,-0.107491405958,0.131466870939,37.7624120361,-107.491405958,131.466870939,100.329960201,100.329960201,162.352870961
872,0,180,positive,0.0376707299848,-0.107491405958,0.13206614978,37.6707299848,-107.491405958,132.06614978,100.421642252,100.421642252,162.952149802
872,1,180,positive,0.0377624120361,-0.107491405958,0.131466870939,37.7624120361,-107.491405958,131.466870939,100.329960201,100.329960201,162.352870961
873,0,180,positive,0.0376707299848,-0.107491405958,0.13206614978,37.6707299848,-107.491405958,132.06614978,100.421642252,100.421642252,162.952149802
873,1,180,positive,0.037629362309,-0.107491405958,0.132811222712,37.629362309,-107.491405958,132.811222712,100.463009928,100.463009928,163.697222734
874,0,180,positive,0.0376428933752,-0.107491405958,0.133434370436,37.6428933752,-107.491405958,133.434370436,100.449478862,100.449478862,164.320370458
874,1,180,positive,0.037629362309,-0.107491405958,0.132811222712,37.629362309,-107.491405958,132.811222712,100.463009928,100.463009928,163.697222734
875,0,180,positive,0.0376428933752,-0.107491405958,0.133434370436,37.6428933752,-107.491405958,133.434370436,100.449478862,100.449478862,164.320370458
875,1,180,positive,0.0376105188092,-0.107491405958,0.133586275884,37.6105188092,-107.491405958,133.586275884,100.481853428,100.481853428,164.472275906
876,0,180,positive,0.0376105188092,-0.107491405958,0.133586275884,37.6105188092,-107.491405958,133.586275884,100.481853428,100.481853428,164.472275906
876,1,180,positive,0.0375952862575,-0.107491405958,0.133711964851,37.5952862575,-107.491405958,133.711964851,100.49708598,100.49708598,164.597964873
877,0,180,positive,0.0375139443598,-0.107491405958,0.134164216352,37.5139443598,-107.491405958,134.164216352,100.578427877,100.578427877,165.050216375
877,1,180,positive,0.0375952862575,-0.107491405958,0.133711964851,37.5952862575,-107.491405958,133.711964851,100.49708598,100.49708598,164.597964873
878,0,180,positive,0.0375139443598,-0.107491405958,0.134164216352,37.5139443598,-107.491405958,134.164216352,100.578427877,100.578427877,165.050216375
878,1,180,positive,0.037296942561,-0.107491405958,0.134983389313,37.296942561,-107.491405958,134.983389313,100.795429676,100.795429676,165.869389335
879,0,180,positive,0.0372165409692,-0.107491405958,0.135239536422,37.2165409692,-107.491405958,135.239536422,100.875831268,100.875831268,166.125536444
879,1,180,positive,0.037296942561,-0.107491405958,0.134983389313,37.296942561,-107.491405958,134.983389313,100.795429676,100.795429676,165.869389335
880,0,180,positive,0.0371903892218,-0.107491405958,0.135330296396,37.1903892218,-107.491405958,135.330296396,100.901983015,100.901983015,166.216296418
880,1,180,positive,0.0372165409692,-0.107491405958,0.135239536422,37.2165409692,-107.491405958,135.239536422,100.875831268,100.875831268,166.125536444
881,0,180,positive,0.0371903892218,-0.107491405958,0.135330296396,37.1903892218,-107.491405958,135.330296396,100.901983015,100.901983015,166.216296418
881,1,180,positive,0.0368608846948,-0.107491405958,0.136519595627,36.8608846948,-107.491405958,136.519595627,101.231487542,101.231487542,167.405595649
882,0,180,positive,0.0368550080323,-0.107491405958,0.136545337667,36.8550080323,-107.491405958,136.545337667,101.237364205,101.237364205,167.43133769
882,1,180,positive,0.0367282162127,-0.107491405958,0.137186409535,36.7282162127,-107.491405958,137.186409535,101.364156025,101.364156025,168.072409558
883,0,180,positive,0.0368550080323,-0.107491405958,0.136545337667,36.8550080323,-107.491405958,136.545337667,101.237364205,101.237364205,167.43133769
883,1,180,positive,0.0368608846948,-0.107491405958,0.136519595627,36.8608846948,-107.491405958,136.519595627,101.231487542,101.231487542,167.405595649
884,0,180,positive,0.0367282162127,-0.107491405958,0.137186409535,36.7282162127,-107.491405958,137.186409535,101.364156025,101.364156025,168.072409558
884,1,180,positive,0.0365840516495,-0.107491405958,0.137598685099,36.5840516495,-107.491405958,137.598685099,101.508320588,101.508320588,168.484685121
885,0,180,positive,0.036576580635,-0.107491405958,0.137625576634,36.576580635,-107.491405958,137.625576634,101.515791602,101.515791602,168.511576657
885,1,180,positive,0.0365840516495,-0.107491405958,0.137598685099,36.5840516495,-107.491405958,137.598685099,101.508320588,101.508320588,168.484685121
886,0,180,positive,0.036562664875,-0.107491405958,0.137685598474,36.562664875,-107.491405958,137.685598474,101.529707362,101.529707362,168.571598496
886,1,180,positive,0.036576580635,-0.107491405958,0.137625576634,36.576580635,-107.491405958,137.625576634,101.515791602,101.515791602,168.511576657
887,0,180,positive,0.0365524278204,-0.107491405958,0.137719610736,36.5524278204,-107.491405958,137.719610736,101.539944417,101.539944417,168.605610758
887,1,180,positive,0.0362640201476,-0.107491405958,0.13883714321,36.2640201476,-107.491405958,138.83714321,101.82835209,101.82835209,169.723143232
888,0,180,positive,0.0365524278204,-0.107491405958,0.137719610736,36.5524278204,-107.491405958,137.719610736,101.539944417,101.539944417,168.605610758
888,1,180,positive,0.036562664875,-0.107491405958,0.137685598474,36.562664875,-107.491405958,137.685598474,101.529707362,101.529707362,168.571598496
889,0,180,positive,0.0351086501504,-0.107491405958,0.129612966956,35.1086501504,-107.491405958,129.612966956,102.983722087,102.983722087,160.498966978
889,1,180,positive,0.0352231760734,-0.107491405958,0.128931906492,35.2231760734,-107.491405958,128.931906492,102.869196164,102.869196164,159.817906514
890,0,180,positive,0.0351086501504,-0.107491405958,0.129612966956,35.1086501504,-107.491405958,129.612966956,102.983722087,102.983722087,160.498966978
890,1,180,positive,0.0350904839257,-0.107491405958,0.13013496282,35.0904839257,-107.491405958,130.13496282,103.001888312,103.001888312,161.020962842
891,0,180,positive,0.0351157758727,-0.107491405958,0.130270112571,35.1157758727,-107.491405958,130.270112571,102.976596364,102.976596364,161.156112593
891,1,180,positive,0.0352367526349,-0.107491405958,0.130708266755,35.2367526349,-107.491405958,130.708266755,102.855619602,102.855619602,161.594266777
892,0,180,positive,0.0352367526349,-0.107491405958,0.130708266755,35.2367526349,-107.491405958,130.708266755,102.855619602,102.855619602,161.594266777
892,1,180,positive,0.0353931684008,-0.107491405958,0.13102171059,35.3931684008,-107.491405958,131.02171059,102.699203836,102.699203836,161.907710612
893,0,180,positive,0.0353931684008,-0.107491405958,0.13102171059,35.3931684008,-107.491405958,131.02171059,102.699203836,102.699203836,161.907710612
893,1,180,positive,0.0354252511236,-0.107491405958,0.13128734187,35.4252511236,-107.491405958,131.28734187,102.667121114,102.667121114,162.173341893
894,0,180,positive,0.0354503131363,-0.107491405958,0.131573867946,35.4503131363,-107.491405958,131.573867946,102.642059101,102.642059101,162.459867968
894,1,180,positive,0.0353819252924,-0.107491405958,0.13181569944,35.3819252924,-107.491405958,131.81569944,102.710446945,102.710446945,162.701699463
895,0,180,positive,0.0354774271938,-0.107491405958,0.13148481573,35.4774271938,-107.491405958,131.48481573,102.614945043,102.614945043,162.370815752
895,1,180,positive,0.0354252511236,-0.107491405958,0.13128734187,35.4252511236,-107.491405958,131.28734187,102.667121114,102.667121114,162.173341893
896,0,180,positive,0.0354503131363,-0.107491405958,0.131573867946,35.4503131363,-107.491405958,131.573867946,102.642059101,102.642059101,162.459867968
896,1,180,positive,0.0354774271938,-0.107491405958,0.13148481573,35.4774271938,-107.491405958,131.48481573,102.614945043,102.614945043,162.370815752
897,0,180,positive,0.0353819252924,-0.107491405958,0.13181569944,35.3819252924,-107.491405958,131.81569944,102.710446945,102.710446945,162.701699463
897,1,180,positive,0.0350662740421,-0.107491405958,0.132495016231,35.0662740421,-107.491405958,132.495016231,103.026098195,103.026098195,163.381016254
898,0,180,positive,0.0350892807042,-0.107491405958,0.130177789819,35.0892807042,-107.491405958,130.177789819,103.003091533,103.003091533,161.063789841
898,1,180,positive,0.0350904839257,-0.107491405958,0.13013496282,35.0904839257,-107.491405958,130.13496282,103.001888312,103.001888312,161.020962842
899,0,180,positive,0.0350930726717,-0.107491405958,0.130193176892,35.0930726717,-107.491405958,130.193176892,102.999299566,102.999299566,161.079176914
899,1,180,positive,0.0350892807042,-0.107491405958,0.130177789819,35.0892807042,-107.491405958,130.177789819,103.003091533,103.003091533,161.063789841
900,0,180,positive,0.0351157758727,-0.107491405958,0.130270112571,35.1157758727,-107.491405958,130.270112571,102.976596364,102.976596364,161.156112593
900,1,180,positive,0.0350930726717,-0.107491405958,0.130193176892,35.0930726717,-107.491405958,130.193176892,102.999299566,102.999299566,161.079176914
901,0,180,positive,0.0349777666083,-0.107491405958,0.132738016943,34.9777666083,-107.491405958,132.738016943,103.114605629,103.114605629,163.624016965
901,1,180,positive,0.0350662740421,-0.107491405958,0.132495016231,35.0662740421,-107.491405958,132.495016231,103.026098195,103.026098195,163.381016254
902,0,180,positive,0.0349099548257,-0.107491405958,0.132943810181,34.9099548257,-107.491405958,132.943810181,103.182417411,103.182417411,163.829810203
902,1,180,positive,0.0349777666083,-0.107491405958,0.132738016943,34.9777666083,-107.491405958,132.738016943,103.114605629,103.114605629,163.624016965
903,0,180,positive,0.0349099548257,-0.107491405958,0.132943810181,34.9099548257,-107.491405958,132.943810181,103.182417411,103.182417411,163.829810203
903,1,180,positive,0.0346815873631,-0.107491405958,0.133337997063,34.6815873631,-107.491405958,133.337997063,103.410784874,103.410784874,164.223997085
904,0,180,positive,0.0344695405256,-0.107491405958,0.133766659589,34.4695405256,-107.491405958,133.766659589,103.622831712,103.622831712,164.652659611
904,1,180,positive,0.0346815873631,-0.107491405958,0.133337997063,34.6815873631,-107.491405958,133.337997063,103.410784874,103.410784874,164.223997085
905,0,180,positive,0.0344695405256,-0.107491405958,0.133766659589,34.4695405256,-107.491405958,133.766659589,103.622831712,103.622831712,164.652659611
905,1,180,positive,0.0344466825813,-0.107491405958,0.133816412967,34.4466825813,-107.491405958,133.816412967,103.645689656,103.645689656,164.702412989
906,0,180,positive,0.0342166891917,-0.107491405958,0.134684186932,34.2166891917,-107.491405958,134.684186932,103.875683046,103.875683046,165.570186955
906,1,180,positive,0.0344466825813,-0.107491405958,0.133816412967,34.4466825813,-107.491405958,133.816412967,103.645689656,103.645689656,164.702412989
907,0,180,positive,0.0342166891917,-0.107491405958,0.134684186932,34.2166891917,-107.491405958,134.684186932,103.875683046,103.875683046,165.570186955
907,1,180,positive,0.0341332589191,-0.107491405958,0.135166896947,34.1332589191,-107.491405958,135.166896947,103.959113318,103.959113318,166.052896969
908,0,180,positive,0.0340125861158,-0.107491405958,0.136021268897,34.0125861158,-107.491405958,136.021268897,104.079786121,104.079786121,166.907268919
908,1,180,positive,0.0341332589191,-0.107491405958,0.135166896947,34.1332589191,-107.491405958,135.166896947,103.959113318,103.959113318,166.052896969
909,0,180,positive,0.0340125861158,-0.107491405958,0.136021268897,34.0125861158,-107.491405958,136.021268897,104.079786121,104.079786121,166.907268919
909,1,180,positive,0.0339511013836,-0.107491405958,0.136350345085,33.9511013836,-107.491405958,136.350345085,104.141270854,104.141270854,167.236345108
910,0,180,positive,0.0339511013836,-0.107491405958,0.136350345085,33.9511013836,-107.491405958,136.350345085,104.141270854,104.141270854,167.236345108
910,1,180,positive,0.0338389137019,-0.107491405958,0.136780923791,33.8389137019,-107.491405958,136.780923791,104.253458535,104.253458535,167.666923813
911,0,180,positive,0.0337612053201,-0.107491405958,0.137211468756,33.7612053201,-107.491405958,137.211468756,104.331166917,104.331166917,168.097468779
911,1,180,positive,0.0338389137019,-0.107491405958,0.136780923791,33.8389137019,-107.491405958,136.780923791,104.253458535,104.253458535,167.666923813
912,0,180,positive,0.0362640201476,-0.107491405958,0.13883714321,36.2640201476,-107.491405958,138.83714321,101.82835209,101.82835209,169.723143232
912,1,180,positive,0.0361971826942,-0.107491405958,0.139074920753,36.1971826942,-107.491405958,139.074920753,101.895189543,101.895189543,169.960920775
913,0,180,positive,0.0361971826942,-0.107491405958,0.139074920753,36.1971826942,-107.491405958,139.074920753,101.895189543,101.895189543,169.960920775
913,1,180,positive,0.0361552665624,-0.107491405958,0.139397991938,36.1552665624,-107.491405958,139.397991938,101.937105675,101.937105675,170.283991961
914,0,180,positive,0.0336063013742,-0.107491405958,0.137781613115,33.6063013742,-107.491405958,137.781613115,104.486070863,104.486070863,168.667613137
914,1,180,positive,0.0337612053201,-0.107491405958,0.137211468756,33.7612053201,-107.491405958,137.211468756,104.331166917,104.331166917,168.097468779
915,0,180,positive,0.0336063013742,-0.107491405958,0.137781613115,33.6063013742,-107.491405958,137.781613115,104.486070863,104.486070863,168.667613137
915,1,180,positive,0.0334981062255,-0.107491405958,0.13818690393,33.4981062255,-107.491405958,138.18690393,104.594266012,104.594266012,169.072903952
916,0,180,positive,0.0334281393859,-0.107491405958,0.13848400297,33.4281393859,-107.491405958,138.48400297,104.664232851,104.664232851,169.370002992
916,1,180,positive,0.0334981062255,-0.107491405958,0.13818690393,33.4981062255,-107.491405958,138.18690393,104.594266012,104.594266012,169.072903952
917,0,180,positive,0.036090363505,-0.107491405958,0.139859129383,36.090363505,-107.491405958,139.859129383,102.002008732,102.002008732,170.745129405
917,1,180,positive,0.0361552665624,-0.107491405958,0.139397991938,36.1552665624,-107.491405958,139.397991938,101.937105675,101.937105675,170.283991961
918,0,180,positive,0.036090363505,-0.107491405958,0.139859129383,36.090363505,-107.491405958,139.859129383,102.002008732,102.002008732,170.745129405
918,1,180,positive,0.036073303419,-0.107491405958,0.140173691829,36.073303419,-107.491405958,140.173691829,102.019068818,102.019068818,171.059691851
919,0,180,positive,0.035904597912,-0.107491405958,0.140834201516,35.904597912,-107.491405958,140.834201516,102.187774325,102.187774325,171.720201538
919,1,180,positive,0.036073303419,-0.107491405958,0.140173691829,36.073303419,-107.491405958,140.173691829,102.019068818,102.019068818,171.059691851
920,0,180,positive,0.035904597912,-0.107491405958,0.140834201516,35.904597912,-107.491405958,140.834201516,102.187774325,102.187774325,171.720201538
920,1,180,positive,0.0356165475415,-0.107491405958,0.141930002445,35.6165475415,-107.491405958,141.930002445,102.475824696,102.475824696,172.816002467
921,0,180,positive,0.0355653693248,-0.107491405958,0.142237001876,35.5653693248,-107.491405958,142.237001876,102.527002912,102.527002912,173.123001899
921,1,180,positive,0.0356165475415,-0.107491405958,0.141930002445,35.6165475415,-107.491405958,141.930002445,102.475824696,102.475824696,172.816002467
922,0,180,positive,0.0331057714009,-0.107491405958,0.139894602603,33.1057714009,-107.491405958,139.894602603,104.986600836,104.986600836,170.780602626
922,1,180,positive,0.0331734862448,-0.107491405958,0.13951106029,33.1734862448,-107.491405958,139.51106029,104.918885992,104.918885992,170.397060313
923,0,180,positive,0.0334281393859,-0.107491405958,0.13848400297,33.4281393859,-107.491405958,138.48400297,104.664232851,104.664232851,169.370002992
923,1,180,positive,0.0331734862448,-0.107491405958,0.13951106029,33.1734862448,-107.491405958,139.51106029,104.918885992,104.918885992,170.397060313
924,0,180,positive,0.0325707086096,-0.107491405958,0.142622783495,32.5707086096,-107.491405958,142.622783495,105.521663628,105.521663628,173.508783518
924,1,180,positive,0.0325658785874,-0.107491405958,0.142648618945,32.5658785874,-107.491405958,142.648618945,105.52649365,105.52649365,173.534618968
925,0,180,positive,0.0331057714009,-0.107491405958,0.139894602603,33.1057714009,-107.491405958,139.894602603,104.986600836,104.986600836,170.780602626
925,1,180,positive,0.0330045874457,-0.107491405958,0.140423052123,33.0045874457,-107.491405958,140.423052123,105.087784792,105.087784792,171.309052145
926,0,180,positive,0.0330027156581,-0.107491405958,0.140441191371,33.0027156581,-107.491405958,140.441191371,105.089656579,105.089656579,171.327191393
926,1,180,positive,0.0330045874457,-0.107491405958,0.140423052123,33.0045874457,-107.491405958,140.423052123,105.087784792,105.087784792,171.309052145
927,0,180,positive,0.0330027156581,-0.107491405958,0.140441191371,33.0027156581,-107.491405958,140.441191371,105.089656579,105.089656579,171.327191393
927,1,180,positive,0.0328430625828,-0.107491405958,0.141427999296,32.8430625828,-107.491405958,141.427999296,105.249309654,105.249309654,172.313999318
928,0,180,positive,0.0327724154143,-0.107491405958,0.141812767109,32.7724154143,-107.491405958,141.812767109,105.319956823,105.319956823,172.698767131
928,1,180,positive,0.0328430625828,-0.107491405958,0.141427999296,32.8430625828,-107.491405958,141.427999296,105.249309654,105.249309654,172.313999318
929,0,180,positive,0.0355362453409,-0.107491405958,0.142395344633,35.5362453409,-107.491405958,142.395344633,102.556126896,102.556126896,173.281344655
929,1,180,positive,0.0355653693248,-0.107491405958,0.142237001876,35.5653693248,-107.491405958,142.237001876,102.527002912,102.527002912,173.123001899
930,0,180,positive,0.035512976745,-0.107491405958,0.142728684844,35.512976745,-107.491405958,142.728684844,102.579395492,102.579395492,173.614684866
930,1,180,positive,0.0355362453409,-0.107491405958,0.142395344633,35.5362453409,-107.491405958,142.395344633,102.556126896,102.556126896,173.281344655
931,0,180,positive,0.035512976745,-0.107491405958,0.142728684844,35.512976745,-107.491405958,142.728684844,102.579395492,102.579395492,173.614684866
931,1,180,positive,0.0354550800054,-0.107491405958,0.143342998076,35.4550800054,-107.491405958,143.342998076,102.637292232,102.637292232,174.228998098
932,0,180,positive,0.0354550800054,-0.107491405958,0.143342998076,35.4550800054,-107.491405958,143.342998076,102.637292232,102.637292232,174.228998098
932,1,180,positive,0.0354288527025,-0.107491405958,0.143848578678,35.4288527025,-107.491405958,143.848578678,102.663519535,102.663519535,174.7345787
933,0,180,positive,0.0353703268768,-0.107491405958,0.144349984499,35.3703268768,-107.491405958,144.349984499,102.72204536,102.72204536,175.235984521
933,1,180,positive,0.0354288527025,-0.107491405958,0.143848578678,35.4288527025,-107.491405958,143.848578678,102.663519535,102.663519535,174.7345787
934,0,180,positive,0.0353463824381,-0.107491405958,0.144915522622,35.3463824381,-107.491405958,144.915522622,102.745989799,102.745989799,175.801522644
934,1,180,positive,0.0353703268768,-0.107491405958,0.144349984499,35.3703268768,-107.491405958,144.349984499,102.72204536,102.72204536,175.235984521
935,0,180,positive,0.0353463824381,-0.107491405958,0.144915522622,35.3463824381,-107.491405958,144.915522622,102.745989799,102.745989799,175.801522644
935,1,180,positive,0.0353472077565,-0.107491405958,0.145138338487,35.3472077565,-107.491405958,145.138338487,102.745164481,102.745164481,176.024338509
936,0,180,positive,0.0353472077565,-0.107491405958,0.145138338487,35.3472077565,-107.491405958,145.138338487,102.745164481,102.745164481,176.024338509
936,1,180,positive,0.0353160042542,-0.107491405958,0.14529341621,35.3160042542,-107.491405958,145.29341621,102.776367983,102.776367983,176.179416233
937,0,180,positive,0.0352944050842,-0.107491405958,0.146270383658,35.2944050842,-107.491405958,146.270383658,102.797967153,102.797967153,177.15638368
937,1,180,positive,0.0352949163829,-0.107491405958,0.146415251015,35.2949163829,-107.491405958,146.415251015,102.797455854,102.797455854,177.301251037
938,0,180,positive,0.0352944050842,-0.107491405958,0.146270383658,35.2944050842,-107.491405958,146.270383658,102.797967153,102.797967153,177.15638368
938,1,180,positive,0.0353160042542,-0.107491405958,0.14529341621,35.3160042542,-107.491405958,145.29341621,102.776367983,102.776367983,176.179416233
939,0,180,positive,0.0325658785874,-0.107491405958,0.142648618945,32.5658785874,-107.491405958,142.648618945,105.52649365,105.52649365,173.534618968
939,1,180,positive,0.0325622452234,-0.107491405958,0.142672555665,32.5622452234,-107.491405958,142.672555665,105.530127014,105.530127014,173.558555687
940,0,180,positive,0.0325707086096,-0.107491405958,0.142622783495,32.5707086096,-107.491405958,142.622783495,105.521663628,105.521663628,173.508783518
940,1,180,positive,0.0327724154143,-0.107491405958,0.141812767109,32.7724154143,-107.491405958,141.812767109,105.319956823,105.319956823,172.698767131
941,0,180,positive,0.0323778425863,-0.107491405958,0.143866436677,32.3778425863,-107.491405958,143.866436677,105.714529651,105.714529651,174.752436699
941,1,180,positive,0.0325622452234,-0.107491405958,0.142672555665,32.5622452234,-107.491405958,142.672555665,105.530127014,105.530127014,173.558555687
942,0,180,positive,0.0321942290553,-0.107491405958,0.145052605565,32.1942290553,-107.491405958,145.052605565,105.898143182,105.898143182,175.938605588
942,1,180,positive,0.0323778425863,-0.107491405958,0.143866436677,32.3778425863,-107.491405958,143.866436677,105.714529651,105.714529651,174.752436699
943,0,180,positive,0.0321942290553,-0.107491405958,0.145052605565,32.1942290553,-107.491405958,145.052605565,105.898143182,105.898143182,175.938605588
943,1,180,positive,0.0321393545644,-0.107491405958,0.145429230137,32.1393545644,-107.491405958,145.429230137,105.953017673,105.953017673,176.31523016
944,0,180,positive,0.0321393545644,-0.107491405958,0.145429230137,32.1393545644,-107.491405958,145.429230137,105.953017673,105.953017673,176.31523016
944,1,180,positive,0.0320260945332,-0.107491405958,0.146493237308,32.0260945332,-107.491405958,146.493237308,106.066277704,106.066277704,177.37923733
945,0,180,positive,0.0319318596134,-0.107491405958,0.147383980068,31.9318596134,-107.491405958,147.383980068,106.160512624,106.160512624,178.26998009
945,1,180,positive,0.0320260945332,-0.107491405958,0.146493237308,32.0260945332,-107.491405958,146.493237308,106.066277704,106.066277704,177.37923733
946,0,180,positive,0.0352949163829,-0.107491405958,0.146415251015,35.2949163829,-107.491405958,146.415251015,102.797455854,102.797455854,177.301251037
946,1,180,positive,0.0352501904189,-0.107491405958,0.146743720873,35.2501904189,-107.491405958,146.743720873,102.842181818,102.842181818,177.629720895
947,0,180,positive,0.0352077803452,-0.107491405958,0.147301642574,35.2077803452,-107.491405958,147.301642574,102.884591892,102.884591892,178.187642597
947,1,180,positive,0.0352501904189,-0.107491405958,0.146743720873,35.2501904189,-107.491405958,146.743720873,102.842181818,102.842181818,177.629720895
948,0,180,positive,0.0352077803452,-0.107491405958,0.147301642574,35.2077803452,-107.491405958,147.301642574,102.884591892,102.884591892,178.187642597
948,1,180,positive,0.0352140704019,-0.107491405958,0.147980012763,35.2140704019,-107.491405958,147.980012763,102.878301835,102.878301835,178.866012785
949,0,180,positive,0.035228391436,-0.107491405958,0.148372362101,35.228391436,-107.491405958,148.372362101,102.863980801,102.863980801,179.258362124
949,1,180,positive,0.0352586988595,-0.107491405958,0.148850563032,35.2586988595,-107.491405958,148.850563032,102.833673378,102.833673378,179.736563054
950,0,180,positive,0.0352077143645,-0.107491405958,0.148139249258,35.2077143645,-107.491405958,148.139249258,102.884657873,102.884657873,179.025249281
950,1,180,positive,0.0352140704019,-0.107491405958,0.147980012763,35.2140704019,-107.491405958,147.980012763,102.878301835,102.878301835,178.866012785
951,0,180,positive,0.035228391436,-0.107491405958,0.148372362101,35.228391436,-107.491405958,148.372362101,102.863980801,102.863980801,179.258362124
951,1,180,positive,0.0352077143645,-0.107491405958,0.148139249258,35.2077143645,-107.491405958,148.139249258,102.884657873,102.884657873,179.025249281
952,0,180,positive,0.0352586988595,-0.107491405958,0.148850563032,35.2586988595,-107.491405958,148.850563032,102.833673378,102.833673378,179.736563054
952,1,180,positive,0.0352379308015,-0.107491405958,0.149098687452,35.2379308015,-107.491405958,149.098687452,102.854441436,102.854441436,179.984687474
953,0,180,positive,0.0351873469479,-0.107491405958,0.149675615679,35.1873469479,-107.491405958,149.675615679,102.905025289,102.905025289,180.561615701
953,1,180,positive,0.0352379308015,-0.107491405958,0.149098687452,35.2379308015,-107.491405958,149.098687452,102.854441436,102.854441436,179.984687474
954,0,180,positive,0.0351873469479,-0.107491405958,0.149675615679,35.1873469479,-107.491405958,149.675615679,102.905025289,102.905025289,180.561615701
954,1,180,positive,0.0351963358939,-0.107491405958,0.149951927111,35.1963358939,-107.491405958,149.951927111,102.896036343,102.896036343,180.837927134
955,0,180,positive,0.0351963358939,-0.107491405958,0.149951927111,35.1963358939,-107.491405958,149.951927111,102.896036343,102.896036343,180.837927134
955,1,180,positive,0.0351688976699,-0.107491405958,0.15016052562,35.1688976699,-107.491405958,150.16052562,102.923474567,102.923474567,181.046525642
956,0,180,positive,0.035185437396,-0.107491405958,0.150505425061,35.185437396,-107.491405958,150.505425061,102.906934841,102.906934841,181.391425083
956,1,180,positive,0.0351590541086,-0.107491405958,0.150980084568,35.1590541086,-107.491405958,150.980084568,102.933318129,102.933318129,181.86608459
957,0,180,positive,0.0351114469955,-0.107491405958,0.151347468828,35.1114469955,-107.491405958,151.347468828,102.980925242,102.980925242,182.23346885
957,1,180,positive,0.0351559115953,-0.107491405958,0.151822254908,35.1559115953,-107.491405958,151.822254908,102.936460642,102.936460642,182.708254931
958,0,180,positive,0.035185437396,-0.107491405958,0.150505425061,35.185437396,-107.491405958,150.505425061,102.906934841,102.906934841,181.391425083
958,1,180,positive,0.0351688976699,-0.107491405958,0.15016052562,35.1688976699,-107.491405958,150.16052562,102.923474567,102.923474567,181.046525642
959,0,180,positive,0.0351114469955,-0.107491405958,0.151347468828,35.1114469955,-107.491405958,151.347468828,102.980925242,102.980925242,182.23346885
959,1,180,positive,0.0351590541086,-0.107491405958,0.150980084568,35.1590541086,-107.491405958,150.980084568,102.933318129,102.933318129,181.86608459
960,0,180,positive,0.0319318596134,-0.107491405958,0.147383980068,31.9318596134,-107.491405958,147.383980068,106.160512624,106.160512624,178.26998009
960,1,180,positive,0.031869004539,-0.107491405958,0.148560381371,31.869004539,-107.491405958,148.560381371,106.223367698,106.223367698,179.446381393
961,0,180,positive,0.0318691030623,-0.107491405958,0.148726917846,31.8691030623,-107.491405958,148.726917846,106.223269175,106.223269175,179.612917868
961,1,180,positive,0.031869004539,-0.107491405958,0.148560381371,31.869004539,-107.491405958,148.560381371,106.223367698,106.223367698,179.446381393
962,0,180,positive,0.0318610171401,-0.107491405958,0.148893117828,31.8610171401,-107.491405958,148.893117828,106.231355097,106.231355097,179.779117851
962,1,180,positive,0.0318691030623,-0.107491405958,0.148726917846,31.8691030623,-107.491405958,148.726917846,106.223269175,106.223269175,179.612917868
963,0,180,positive,0.0318488991186,-0.107491405958,0.149149798808,31.8488991186,-107.491405958,149.149798808,106.243473119,106.243473119,180.03579883
963,1,180,positive,0.0318610171401,-0.107491405958,0.148893117828,31.8610171401,-107.491405958,148.893117828,106.231355097,106.231355097,179.779117851
964,0,180,positive,0.0318488991186,-0.107491405958,0.149149798808,31.8488991186,-107.491405958,149.149798808,106.243473119,106.243473119,180.03579883
964,1,180,positive,0.0317528855086,-0.107491405958,0.150180879422,31.7528855086,-107.491405958,150.180879422,106.339486729,106.339486729,181.066879444
965,0,180,positive,0.0316415039722,-0.107491405958,0.151218563627,31.6415039722,-107.491405958,151.218563627,106.450868265,106.450868265,182.104563649
965,1,180,positive,0.0317528855086,-0.107491405958,0.150180879422,31.7528855086,-107.491405958,150.180879422,106.339486729,106.339486729,181.066879444
966,0,180,positive,0.0316415039722,-0.107491405958,0.151218563627,31.6415039722,-107.491405958,151.218563627,106.450868265,106.450868265,182.104563649
966,1,180,positive,0.0315477459282,-0.107491405958,0.152026607455,31.5477459282,-107.491405958,152.026607455,106.544626309,106.544626309,182.912607477
967,0,180,positive,0.0351559115953,-0.107491405958,0.151822254908,35.1559115953,-107.491405958,151.822254908,102.936460642,102.936460642,182.708254931
967,1,180,positive,0.0350931441877,-0.107491405958,0.152993710175,35.0931441877,-107.491405958,152.993710175,102.99922805,102.99922805,183.879710198
968,0,180,positive,0.0350822295691,-0.107491405958,0.153154502283,35.0822295691,-107.491405958,153.154502283,103.010142668,103.010142668,184.040502305
968,1,180,positive,0.0350931441877,-0.107491405958,0.152993710175,35.0931441877,-107.491405958,152.993710175,102.99922805,102.99922805,183.879710198
969,0,180,positive,0.0350811776731,-0.107491405958,0.153296728702,35.0811776731,-107.491405958,153.296728702,103.011194564,103.011194564,184.182728725
969,1,180,positive,0.0350822295691,-0.107491405958,0.153154502283,35.0822295691,-107.491405958,153.154502283,103.010142668,103.010142668,184.040502305
970,0,180,positive,0.0350811776731,-0.107491405958,0.153296728702,35.0811776731,-107.491405958,153.296728702,103.011194564,103.011194564,184.182728725
970,1,180,positive,0.0351220182055,-0.107491405958,0.15412238278,35.1220182055,-107.491405958,154.12238278,102.970354032,102.970354032,185.008382802
971,0,180,positive,0.0351220182055,-0.107491405958,0.15412238278,35.1220182055,-107.491405958,154.12238278,102.970354032,102.970354032,185.008382802
971,1,180,positive,0.0349747440549,-0.107491405958,0.155239867189,34.9747440549,-107.491405958,155.239867189,103.117628182,103.117628182,186.125867211
972,0,180,positive,0.034970504065,-0.107491405958,0.155320660085,34.970504065,-107.491405958,155.320660085,103.121868172,103.121868172,186.206660107
972,1,180,positive,0.0348983283868,-0.107491405958,0.156487843785,34.8983283868,-107.491405958,156.487843785,103.19404385,103.19404385,187.373843808
973,0,180,positive,0.0349706573001,-0.107491405958,0.155276102385,34.9706573001,-107.491405958,155.276102385,103.121714937,103.121714937,186.162102407
973,1,180,positive,0.0349747440549,-0.107491405958,0.155239867189,34.9747440549,-107.491405958,155.239867189,103.117628182,103.117628182,186.125867211
974,0,180,positive,0.034970504065,-0.107491405958,0.155320660085,34.970504065,-107.491405958,155.320660085,103.121868172,103.121868172,186.206660107
974,1,180,positive,0.0349708427888,-0.107491405958,0.155294107619,34.9708427888,-107.491405958,155.294107619,103.121529448,103.121529448,186.180107641
975,0,180,positive,0.0349708427888,-0.107491405958,0.155294107619,34.9708427888,-107.491405958,155.294107619,103.121529448,103.121529448,186.180107641
975,1,180,positive,0.0349706573001,-0.107491405958,0.155276102385,34.9706573001,-107.491405958,155.276102385,103.121714937,103.121714937,186.162102407
976,0,180,positive,0.0315356042145,-0.107491405958,0.152368374121,31.5356042145,-107.491405958,152.368374121,106.556768023,106.556768023,183.254374143
976,1,180,positive,0.0315369272032,-0.107491405958,0.15317512446,31.5369272032,-107.491405958,153.17512446,106.555445034,106.555445034,184.061124482
977,0,180,positive,0.0315356042145,-0.107491405958,0.152368374121,31.5356042145,-107.491405958,152.368374121,106.556768023,106.556768023,183.254374143
977,1,180,positive,0.0315477459282,-0.107491405958,0.152026607455,31.5477459282,-107.491405958,152.026607455,106.544626309,106.544626309,182.912607477
978,0,180,positive,0.031520447653,-0.107491405958,0.153587307552,31.520447653,-107.491405958,153.587307552,106.571924584,106.571924584,184.473307574
978,1,180,positive,0.0315369272032,-0.107491405958,0.15317512446,31.5369272032,-107.491405958,153.17512446,106.555445034,106.555445034,184.061124482
979,0,180,positive,0.0315026178466,-0.107491405958,0.153820193819,31.5026178466,-107.491405958,153.820193819,106.589754391,106.589754391,184.706193842
979,1,180,positive,0.031520447653,-0.107491405958,0.153587307552,31.520447653,-107.491405958,153.587307552,106.571924584,106.571924584,184.473307574
980,0,180,positive,0.0348983283868,-0.107491405958,0.156487843785,34.8983283868,-107.491405958,156.487843785,103.19404385,103.19404385,187.373843808
980,1,180,positive,0.0348536832743,-0.107491405958,0.156969809897,34.8536832743,-107.491405958,156.969809897,103.238688963,103.238688963,187.855809919
981,0,180,positive,0.034813346834,-0.107491405958,0.157442230782,34.813346834,-107.491405958,157.442230782,103.279025403,103.279025403,188.328230804
981,1,180,positive,0.0348182820927,-0.107491405958,0.157639763273,34.8182820927,-107.491405958,157.639763273,103.274090144,103.274090144,188.525763296
982,0,180,positive,0.0348182820927,-0.107491405958,0.157639763273,34.8182820927,-107.491405958,157.639763273,103.274090144,103.274090144,188.525763296
982,1,180,positive,0.0348005213884,-0.107491405958,0.157868275284,34.8005213884,-107.491405958,157.868275284,103.291850849,103.291850849,188.754275306
983,0,180,positive,0.0345206327581,-0.107491405958,0.161527389952,34.5206327581,-107.491405958,161.527389952,103.571739479,103.571739479,192.413389974
983,1,180,positive,0.0345121390105,-0.107491405958,0.161846730594,34.5121390105,-107.491405958,161.846730594,103.580233227,103.580233227,192.732730616
984,0,180,positive,0.0348342528038,-0.107491405958,0.157180488643,34.8342528038,-107.491405958,157.180488643,103.258119433,103.258119433,188.066488665
984,1,180,positive,0.0348536832743,-0.107491405958,0.156969809897,34.8536832743,-107.491405958,156.969809897,103.238688963,103.238688963,187.855809919
985,0,180,positive,0.034813346834,-0.107491405958,0.157442230782,34.813346834,-107.491405958,157.442230782,103.279025403,103.279025403,188.328230804
985,1,180,positive,0.0348342528038,-0.107491405958,0.157180488643,34.8342528038,-107.491405958,157.180488643,103.258119433,103.258119433,188.066488665
986,0,180,positive,0.0347490523347,-0.107491405958,0.159071562798,34.7490523347,-107.491405958,159.071562798,103.343319902,103.343319902,189.957562821
986,1,180,positive,0.0348005213884,-0.107491405958,0.157868275284,34.8005213884,-107.491405958,157.868275284,103.291850849,103.291850849,188.754275306
987,0,180,positive,0.0347229051352,-0.107491405958,0.159737341279,34.7229051352,-107.491405958,159.737341279,103.369467102,103.369467102,190.623341301
987,1,180,positive,0.034755137494,-0.107491405958,0.159519172009,34.755137494,-107.491405958,159.519172009,103.337234743,103.337234743,190.405172032
988,0,180,positive,0.0347229051352,-0.107491405958,0.159737341279,34.7229051352,-107.491405958,159.737341279,103.369467102,103.369467102,190.623341301
988,1,180,positive,0.0345925795204,-0.107491405958,0.160818187872,34.5925795204,-107.491405958,160.818187872,103.499792717,103.499792717,191.704187895
989,0,180,positive,0.0345901345413,-0.107491405958,0.160852469101,34.5901345413,-107.491405958,160.852469101,103.502237696,103.502237696,191.738469123
989,1,180,positive,0.0345925795204,-0.107491405958,0.160818187872,34.5925795204,-107.491405958,160.818187872,103.499792717,103.499792717,191.704187895
990,0,180,positive,0.0347490523347,-0.107491405958,0.159071562798,34.7490523347,-107.491405958,159.071562798,103.343319902,103.343319902,189.957562821
990,1,180,positive,0.034755137494,-0.107491405958,0.159519172009,34.755137494,-107.491405958,159.519172009,103.337234743,103.337234743,190.405172032
991,0,180,positive,0.0345834031545,-0.107491405958,0.160942948173,34.5834031545,-107.491405958,160.942948173,103.508969083,103.508969083,191.828948195
991,1,180,positive,0.0345206327581,-0.107491405958,0.161527389952,34.5206327581,-107.491405958,161.527389952,103.571739479,103.571739479,192.413389974
992,0,180,positive,0.0313760692702,-0.107491405958,0.156125821645,31.3760692702,-107.491405958,156.125821645,106.716302967,106.716302967,187.011821667
992,1,180,positive,0.0313760041194,-0.107491405958,0.156128249098,31.3760041194,-107.491405958,156.128249098,106.716368118,106.716368118,187.01424912
993,0,180,positive,0.0315026178466,-0.107491405958,0.153820193819,31.5026178466,-107.491405958,153.820193819,106.589754391,106.589754391,184.706193842
993,1,180,positive,0.0314295071175,-0.107491405958,0.155488579069,31.4295071175,-107.491405958,155.488579069,106.66286512,106.66286512,186.374579091
994,0,180,positive,0.0313760692702,-0.107491405958,0.156125821645,31.3760692702,-107.491405958,156.125821645,106.716302967,106.716302967,187.011821667
994,1,180,positive,0.0314295071175,-0.107491405958,0.155488579069,31.4295071175,-107.491405958,155.488579069,106.66286512,106.66286512,186.374579091
995,0,180,positive,0.0313760041194,-0.107491405958,0.156128249098,31.3760041194,-107.491405958,156.128249098,106.716368118,106.716368118,187.01424912
995,1,180,positive,0.0313757548315,-0.107491405958,0.15613490281,31.3757548315,-107.491405958,156.13490281,106.716617406,106.716617406,187.020902832
996,0,180,positive,0.0313423797446,-0.107491405958,0.157297782071,31.3423797446,-107.491405958,157.297782071,106.749992493,106.749992493,188.183782094
996,1,180,positive,0.0313757548315,-0.107491405958,0.15613490281,31.3757548315,-107.491405958,156.13490281,106.716617406,106.716617406,187.020902832
997,0,180,positive,0.0313423797446,-0.107491405958,0.157297782071,31.3423797446,-107.491405958,157.297782071,106.749992493,106.749992493,188.183782094
997,1,180,positive,0.0313237784906,-0.107491405958,0.15867212318,31.3237784906,-107.491405958,158.67212318,106.768593747,106.768593747,189.558123203
998,0,180,positive,0.0313201960772,-0.107491405958,0.158934161816,31.3201960772,-107.491405958,158.934161816,106.77217616,106.77217616,189.820161839
998,1,180,positive,0.0313237784906,-0.107491405958,0.15867212318,31.3237784906,-107.491405958,158.67212318,106.768593747,106.768593747,189.558123203
999,0,180,positive,0.0313156037887,-0.107491405958,0.159126119801,31.3156037887,-107.491405958,159.126119801,106.776768449,106.776768449,190.012119823
999,1,180,positive,0.0312803340376,-0.107491405958,0.16024804234,31.2803340376,-107.491405958,160.24804234,106.8120382,106.8120382,191.134042363
1000,0,180,positive,0.0312803340376,-0.107491405958,0.16024804234,31.2803340376,-107.491405958,160.24804234,106.8120382,106.8120382,191.134042363
1000,1,180,positive,0.0312844494147,-0.107491405958,0.160673604336,31.2844494147,-107.491405958,160.673604336,106.807922823,106.807922823,191.559604359
1001,0,180,positive,0.0312844494147,-0.107491405958,0.160673604336,31.2844494147,-107.491405958,160.673604336,106.807922823,106.807922823,191.559604359
1001,1,180,positive,0.0312470117955,-0.107491405958,0.161044361458,31.2470117955,-107.491405958,161.044361458,106.845360442,106.845360442,191.93036148
1002,0,180,positive,0.0313156037887,-0.107491405958,0.159126119801,31.3156037887,-107.491405958,159.126119801,106.776768449,106.776768449,190.012119823
1002,1,180,positive,0.0313201960772,-0.107491405958,0.158934161816,31.3201960772,-107.491405958,158.934161816,106.77217616,106.77217616,189.820161839
1003,0,180,positive,0.0345121390105,-0.107491405958,0.161846730594,34.5121390105,-107.491405958,161.846730594,103.580233227,103.580233227,192.732730616
1003,1,180,positive,0.0345253322073,-0.107491405958,0.162102797896,34.5253322073,-107.491405958,162.102797896,103.56704003,103.56704003,192.988797918
1004,0,180,positive,0.0345834031545,-0.107491405958,0.160942948173,34.5834031545,-107.491405958,160.942948173,103.508969083,103.508969083,191.828948195
1004,1,180,positive,0.0345901345413,-0.107491405958,0.160852469101,34.5901345413,-107.491405958,160.852469101,103.502237696,103.502237696,191.738469123
1005,0,180,positive,0.0345353833535,-0.107491405958,0.162555209919,34.5353833535,-107.491405958,162.555209919,103.556988884,103.556988884,193.441209941
1005,1,180,positive,0.0345253322073,-0.107491405958,0.162102797896,34.5253322073,-107.491405958,162.102797896,103.56704003,103.56704003,192.988797918
1006,0,180,positive,0.0345353833535,-0.107491405958,0.162555209919,34.5353833535,-107.491405958,162.555209919,103.556988884,103.556988884,193.441209941
1006,1,180,positive,0.0345290069711,-0.107491405958,0.162633124045,34.5290069711,-107.491405958,162.633124045,103.563365266,103.563365266,193.519124067
1007,0,180,positive,0.0345290069711,-0.107491405958,0.162633124045,34.5290069711,-107.491405958,162.633124045,103.563365266,103.563365266,193.519124067
1007,1,180,positive,0.0345239144493,-0.107491405958,0.162879711625,34.5239144493,-107.491405958,162.879711625,103.568457788,103.568457788,193.765711647
1008,0,180,positive,0.0345245416558,-0.107491405958,0.163501415785,34.5245416558,-107.491405958,163.501415785,103.567830581,103.567830581,194.387415807
1008,1,180,positive,0.0345239144493,-0.107491405958,0.162879711625,34.5239144493,-107.491405958,162.879711625,103.568457788,103.568457788,193.765711647
1009,0,180,positive,0.0344443285977,-0.107491405958,0.165006677272,34.4443285977,-107.491405958,165.006677272,103.648043639,103.648043639,195.892677294
1009,1,180,positive,0.0344418656206,-0.107491405958,0.165072048463,34.4418656206,-107.491405958,165.072048463,103.650506617,103.650506617,195.958048485
1010,0,180,positive,0.0344418656206,-0.107491405958,0.165072048463,34.4418656206,-107.491405958,165.072048463,103.650506617,103.650506617,195.958048485
1010,1,180,positive,0.0344402128089,-0.107491405958,0.165096900077,34.4402128089,-107.491405958,165.096900077,103.652159428,103.652159428,195.982900099
1011,0,180,positive,0.0345111242415,-0.107491405958,0.163756081427,34.5111242415,-107.491405958,163.756081427,103.581247996,103.581247996,194.642081449
1011,1,180,positive,0.0345245416558,-0.107491405958,0.163501415785,34.5245416558,-107.491405958,163.501415785,103.567830581,103.567830581,194.387415807
1012,0,180,positive,0.0344443285977,-0.107491405958,0.165006677272,34.4443285977,-107.491405958,165.006677272,103.648043639,103.648043639,195.892677294
1012,1,180,positive,0.0345111242415,-0.107491405958,0.163756081427,34.5111242415,-107.491405958,163.756081427,103.581247996,103.581247996,194.642081449
1013,0,180,positive,0.0344402128089,-0.107491405958,0.165096900077,34.4402128089,-107.491405958,165.096900077,103.652159428,103.652159428,195.982900099
1013,1,180,positive,0.0344389811562,-0.107491405958,0.16510775312,34.4389811562,-107.491405958,165.10775312,103.653391081,103.653391081,195.993753142
1014,0,180,positive,0.034340504873,-0.107491405958,0.165943427303,34.340504873,-107.491405958,165.943427303,103.751867364,103.751867364,196.829427325
1014,1,180,positive,0.0344389811562,-0.107491405958,0.16510775312,34.4389811562,-107.491405958,165.10775312,103.653391081,103.653391081,195.993753142
1015,0,180,positive,0.034340504873,-0.107491405958,0.165943427303,34.340504873,-107.491405958,165.943427303,103.751867364,103.751867364,196.829427325
1015,1,180,positive,0.0343142471179,-0.107491405958,0.166504482364,34.3142471179,-107.491405958,166.504482364,103.778125119,103.778125119,197.390482386
1016,0,180,positive,0.0343267278123,-0.107491405958,0.16697179385,34.3267278123,-107.491405958,166.97179385,103.765644425,103.765644425,197.857793872
1016,1,180,positive,0.0343142471179,-0.107491405958,0.166504482364,34.3142471179,-107.491405958,166.504482364,103.778125119,103.778125119,197.390482386
1017,0,180,positive,0.0343377820932,-0.107491405958,0.167117587568,34.3377820932,-107.491405958,167.117587568,103.754590144,103.754590144,198.00358759
1017,1,180,positive,0.0343267278123,-0.107491405958,0.16697179385,34.3267278123,-107.491405958,166.97179385,103.765644425,103.765644425,197.857793872
1018,0,180,positive,0.0343040260991,-0.107491405958,0.167325580521,34.3040260991,-107.491405958,167.325580521,103.788346138,103.788346138,198.211580544
1018,1,180,positive,0.0343377820932,-0.107491405958,0.167117587568,34.3377820932,-107.491405958,167.117587568,103.754590144,103.754590144,198.00358759
1019,0,180,positive,0.0342242170753,-0.107491405958,0.168386655461,34.2242170753,-107.491405958,168.386655461,103.868155162,103.868155162,199.272655483
1019,1,180,positive,0.0342754367985,-0.107491405958,0.16798609119,34.2754367985,-107.491405958,167.98609119,103.816935439,103.816935439,198.872091212
1020,0,180,positive,0.0343040260991,-0.107491405958,0.167325580521,34.3040260991,-107.491405958,167.325580521,103.788346138,103.788346138,198.211580544
1020,1,180,positive,0.0342754367985,-0.107491405958,0.16798609119,34.2754367985,-107.491405958,167.98609119,103.816935439,103.816935439,198.872091212
1021,0,180,positive,0.0342200770301,-0.107491405958,0.168692820634,34.2200770301,-107.491405958,168.692820634,103.872295207,103.872295207,199.578820656
1021,1,180,positive,0.0342242170753,-0.107491405958,0.168386655461,34.2242170753,-107.491405958,168.386655461,103.868155162,103.868155162,199.272655483
1022,0,180,positive,0.0342200770301,-0.107491405958,0.168692820634,34.2200770301,-107.491405958,168.692820634,103.872295207,103.872295207,199.578820656
1022,1,180,positive,0.034232346695,-0.107491405958,0.169266485014,34.232346695,-107.491405958,169.266485014,103.860025542,103.860025542,200.152485036
1023,0,180,positive,0.0341998926186,-0.107491405958,0.169896654156,34.1998926186,-107.491405958,169.896654156,103.892479619,103.892479619,200.782654178
1023,1,180,positive,0.034232346695,-0.107491405958,0.169266485014,34.232346695,-107.491405958,169.266485014,103.860025542,103.860025542,200.152485036
1024,0,180,positive,0.0341998926186,-0.107491405958,0.169896654156,34.1998926186,-107.491405958,169.896654156,103.892479619,103.892479619,200.782654178
1024,1,180,positive,0.0341244391395,-0.107491405958,0.170951283237,34.1244391395,-107.491405958,170.951283237,103.967933098,103.967933098,201.83728326
1025,0,180,positive,0.0311671773802,-0.107491405958,0.16260995563,31.1671773802,-107.491405958,162.60995563,106.925194857,106.925194857,193.495955652
1025,1,180,positive,0.0311668232485,-0.107491405958,0.162616384,31.1668232485,-107.491405958,162.616384,106.925548989,106.925548989,193.502384022
1026,0,180,positive,0.0311671773802,-0.107491405958,0.16260995563,31.1671773802,-107.491405958,162.60995563,106.925194857,106.925194857,193.495955652
1026,1,180,positive,0.0312470117955,-0.107491405958,0.161044361458,31.2470117955,-107.491405958,161.044361458,106.845360442,106.845360442,191.93036148
1027,0,180,positive,0.0311668232485,-0.107491405958,0.162616384,31.1668232485,-107.491405958,162.616384,106.925548989,106.925548989,193.502384022
1027,1,180,positive,0.0311662793338,-0.107491405958,0.162627618003,31.1662793338,-107.491405958,162.627618003,106.926092903,106.926092903,193.513618025
1028,0,180,positive,0.0311064558567,-0.107491405958,0.164857126507,31.1064558567,-107.491405958,164.857126507,106.985916381,106.985916381,195.743126529
1028,1,180,positive,0.0311662793338,-0.107491405958,0.162627618003,31.1662793338,-107.491405958,162.627618003,106.926092903,106.926092903,193.513618025
1029,0,180,positive,0.0311064558567,-0.107491405958,0.164857126507,31.1064558567,-107.491405958,164.857126507,106.985916381,106.985916381,195.743126529
1029,1,180,positive,0.0311087212879,-0.107491405958,0.165853648269,31.1087212879,-107.491405958,165.853648269,106.983650949,106.983650949,196.739648292
1030,0,180,positive,0.0310753362705,-0.107491405958,0.166518645066,31.0753362705,-107.491405958,166.518645066,107.017035967,107.017035967,197.404645088
1030,1,180,positive,0.0310655903438,-0.107491405958,0.167339553535,31.0655903438,-107.491405958,167.339553535,107.026781893,107.026781893,198.225553557
1031,0,180,positive,0.0310753362705,-0.107491405958,0.166518645066,31.0753362705,-107.491405958,166.518645066,107.017035967,107.017035967,197.404645088
1031,1,180,positive,0.0311087212879,-0.107491405958,0.165853648269,31.1087212879,-107.491405958,165.853648269,106.983650949,106.983650949,196.739648292
1032,0,180,positive,0.0310655903438,-0.107491405958,0.167339553535,31.0655903438,-107.491405958,167.339553535,107.026781893,107.026781893,198.225553557
1032,1,180,positive,0.0310303702078,-0.107491405958,0.167845008276,31.0303702078,-107.491405958,167.845008276,107.062002029,107.062002029,198.731008298
1033,0,180,positive,0.0309248310527,-0.107491405958,0.169163902557,30.9248310527,-107.491405958,169.163902557,107.167541185,107.167541185,200.04990258
1033,1,180,positive,0.0309306982463,-0.107491405958,0.169071434554,30.9306982463,-107.491405958,169.071434554,107.161673991,107.161673991,199.957434577
1034,0,180,positive,0.0310303702078,-0.107491405958,0.167845008276,31.0303702078,-107.491405958,167.845008276,107.062002029,107.062002029,198.731008298
1034,1,180,positive,0.0309306982463,-0.107491405958,0.169071434554,30.9306982463,-107.491405958,169.071434554,107.161673991,107.161673991,199.957434577
1035,0,180,positive,0.0309192199614,-0.107491405958,0.169227836366,30.9192199614,-107.491405958,169.227836366,107.173152276,107.173152276,200.113836388
1035,1,180,positive,0.0309248310527,-0.107491405958,0.169163902557,30.9248310527,-107.491405958,169.163902557,107.167541185,107.167541185,200.04990258
1036,0,180,positive,0.0309192199614,-0.107491405958,0.169227836366,30.9192199614,-107.491405958,169.227836366,107.173152276,107.173152276,200.113836388
1036,1,180,positive,0.0308708867876,-0.107491405958,0.170220266339,30.8708867876,-107.491405958,170.220266339,107.22148545,107.22148545,201.106266361
1037,0,180,positive,0.0308674715618,-0.107491405958,0.170600424554,30.8674715618,-107.491405958,170.600424554,107.224900675,107.224900675,201.486424577
1037,1,180,positive,0.030855519592,-0.107491405958,0.170362703367,30.855519592,-107.491405958,170.362703367,107.236852645,107.236852645,201.248703389
1038,0,180,positive,0.030855519592,-0.107491405958,0.170362703367,30.855519592,-107.491405958,170.362703367,107.236852645,107.236852645,201.248703389
1038,1,180,positive,0.0308708867876,-0.107491405958,0.170220266339,30.8708867876,-107.491405958,170.220266339,107.22148545,107.22148545,201.106266361
1039,0,180,positive,0.0308674715618,-0.107491405958,0.170600424554,30.8674715618,-107.491405958,170.600424554,107.224900675,107.224900675,201.486424577
1039,1,180,positive,0.0308463119598,-0.107491405958,0.171011959068,30.8463119598,-107.491405958,171.011959068,107.246060277,107.246060277,201.897959091
1040,0,180,positive,0.0341250265283,-0.107491405958,0.171105793782,34.1250265283,-107.491405958,171.105793782,103.967345709,103.967345709,201.991793804
1040,1,180,positive,0.0341244391395,-0.107491405958,0.170951283237,34.1244391395,-107.491405958,170.951283237,103.967933098,103.967933098,201.83728326
1041,0,180,positive,0.0340454165899,-0.107491405958,0.171297953673,34.0454165899,-107.491405958,171.297953673,104.046955647,104.046955647,202.183953695
1041,1,180,positive,0.0339122407881,-0.107491405958,0.171505405444,33.9122407881,-107.491405958,171.505405444,104.180131449,104.180131449,202.391405466
1042,0,180,positive,0.0340454165899,-0.107491405958,0.171297953673,34.0454165899,-107.491405958,171.297953673,104.046955647,104.046955647,202.183953695
1042,1,180,positive,0.0340912058803,-0.107491405958,0.171236431382,34.0912058803,-107.491405958,171.236431382,104.001166357,104.001166357,202.122431404
1043,0,180,positive,0.0340912058803,-0.107491405958,0.171236431382,34.0912058803,-107.491405958,171.236431382,104.001166357,104.001166357,202.122431404
1043,1,180,positive,0.0341250265283,-0.107491405958,0.171105793782,34.1250265283,-107.491405958,171.105793782,103.967345709,103.967345709,201.991793804
1044,0,180,positive,0.0337066529398,-0.107491405958,0.171886809373,33.7066529398,-107.491405958,171.886809373,104.385719297,104.385719297,202.772809395
1044,1,180,positive,0.0337410243298,-0.107491405958,0.171818029409,33.7410243298,-107.491405958,171.818029409,104.351347907,104.351347907,202.704029431
1045,0,180,positive,0.0339122407881,-0.107491405958,0.171505405444,33.9122407881,-107.491405958,171.505405444,104.180131449,104.180131449,202.391405466
1045,1,180,positive,0.0338332613526,-0.107491405958,0.17159913011,33.8332613526,-107.491405958,171.59913011,104.259110885,104.259110885,202.485130133
1046,0,180,positive,0.0337066529398,-0.107491405958,0.171886809373,33.7066529398,-107.491405958,171.886809373,104.385719297,104.385719297,202.772809395
1046,1,180,positive,0.0337031375051,-0.107491405958,0.17225407738,33.7031375051,-107.491405958,172.25407738,104.389234732,104.389234732,203.140077402
1047,0,180,positive,0.033713527657,-0.107491405958,0.172330007812,33.713527657,-107.491405958,172.330007812,104.37884458,104.37884458,203.216007835
1047,1,180,positive,0.0337031375051,-0.107491405958,0.17225407738,33.7031375051,-107.491405958,172.25407738,104.389234732,104.389234732,203.140077402
1048,0,180,positive,0.0339266708447,-0.107491405958,0.172892713905,33.9266708447,-107.491405958,172.892713905,104.165701393,104.165701393,203.778713927
1048,1,180,positive,0.033713527657,-0.107491405958,0.172330007812,33.713527657,-107.491405958,172.330007812,104.37884458,104.37884458,203.216007835
1049,0,180,positive,0.0339266708447,-0.107491405958,0.172892713905,33.9266708447,-107.491405958,172.892713905,104.165701393,104.165701393,203.778713927
1049,1,180,positive,0.0340339907573,-0.107491405958,0.17316102832,34.0339907573,-107.491405958,173.16102832,104.05838148,104.05838148,204.047028343
1050,0,180,positive,0.0340339907573,-0.107491405958,0.17316102832,34.0339907573,-107.491405958,173.16102832,104.05838148,104.05838148,204.047028343
1050,1,180,positive,0.0340458674515,-0.107491405958,0.173208603627,34.0458674515,-107.491405958,173.208603627,104.046504786,104.046504786,204.09460365
1051,0,180,positive,0.0339578991281,-0.107491405958,0.173740401131,33.9578991281,-107.491405958,173.740401131,104.134473109,104.134473109,204.626401153
1051,1,180,positive,0.0340458674515,-0.107491405958,0.173208603627,34.0458674515,-107.491405958,173.208603627,104.046504786,104.046504786,204.09460365
1052,0,180,positive,0.0339578991281,-0.107491405958,0.173740401131,33.9578991281,-107.491405958,173.740401131,104.134473109,104.134473109,204.626401153
1052,1,180,positive,0.033991478029,-0.107491405958,0.174303530293,33.991478029,-107.491405958,174.303530293,104.100894208,104.100894208,205.189530315
1053,0,180,positive,0.0340176738726,-0.107491405958,0.174931026424,34.0176738726,-107.491405958,174.931026424,104.074698365,104.074698365,205.817026446
1053,1,180,positive,0.033991478029,-0.107491405958,0.174303530293,33.991478029,-107.491405958,174.303530293,104.100894208,104.100894208,205.189530315
1054,0,180,positive,0.0340176738726,-0.107491405958,0.174931026424,34.0176738726,-107.491405958,174.931026424,104.074698365,104.074698365,205.817026446
1054,1,180,positive,0.0341131571108,-0.107491405958,0.175494160014,34.1131571108,-107.491405958,175.494160014,103.979215126,103.979215126,206.380160036
1055,0,180,positive,0.0338332613526,-0.107491405958,0.17159913011,33.8332613526,-107.491405958,171.59913011,104.259110885,104.259110885,202.485130133
1055,1,180,positive,0.0338129879968,-0.107491405958,0.171672001481,33.8129879968,-107.491405958,171.672001481,104.27938424,104.27938424,202.558001503
1056,0,180,positive,0.0338129879968,-0.107491405958,0.171672001481,33.8129879968,-107.491405958,171.672001481,104.27938424,104.27938424,202.558001503
1056,1,180,positive,0.0337410243298,-0.107491405958,0.171818029409,33.7410243298,-107.491405958,171.818029409,104.351347907,104.351347907,202.704029431
1057,0,180,positive,0.0341347020097,-0.107491405958,0.175649759405,34.1347020097,-107.491405958,175.649759405,103.957670228,103.957670228,206.535759428
1057,1,180,positive,0.0341131571108,-0.107491405958,0.175494160014,34.1131571108,-107.491405958,175.494160014,103.979215126,103.979215126,206.380160036
1058,0,180,positive,0.0341701363702,-0.107491405958,0.176084852119,34.1701363702,-107.491405958,176.084852119,103.922235867,103.922235867,206.970852141
1058,1,180,positive,0.0341347020097,-0.107491405958,0.175649759405,34.1347020097,-107.491405958,175.649759405,103.957670228,103.957670228,206.535759428
1059,0,180,positive,0.0341701363702,-0.107491405958,0.176084852119,34.1701363702,-107.491405958,176.084852119,103.922235867,103.922235867,206.970852141
1059,1,180,positive,0.0342296046738,-0.107491405958,0.176641414081,34.2296046738,-107.491405958,176.641414081,103.862767563,103.862767563,207.527414103
1060,0,180,positive,0.0342296046738,-0.107491405958,0.176641414081,34.2296046738,-107.491405958,176.641414081,103.862767563,103.862767563,207.527414103
1060,1,180,positive,0.0342475923291,-0.107491405958,0.176828501601,34.2475923291,-107.491405958,176.828501601,103.844779908,103.844779908,207.714501623
1061,0,180,positive,0.0342475923291,-0.107491405958,0.176828501601,34.2475923291,-107.491405958,176.828501601,103.844779908,103.844779908,207.714501623
1061,1,180,positive,0.0342750260044,-0.107491405958,0.177052237277,34.2750260044,-107.491405958,177.052237277,103.817346233,103.817346233,207.938237299
1062,0,180,positive,0.0343205559103,-0.107491405958,0.177544934285,34.3205559103,-107.491405958,177.544934285,103.771816327,103.771816327,208.430934308
1062,1,180,positive,0.0342750260044,-0.107491405958,0.177052237277,34.2750260044,-107.491405958,177.052237277,103.817346233,103.817346233,207.938237299
1063,0,180,positive,0.034289672973,-0.107491405958,0.178184244892,34.289672973,-107.491405958,178.184244892,103.802699264,103.802699264,209.070244915
1063,1,180,positive,0.0343205559103,-0.107491405958,0.177544934285,34.3205559103,-107.491405958,177.544934285,103.771816327,103.771816327,208.430934308
1064,0,180,positive,0.034289672973,-0.107491405958,0.178184244892,34.289672973,-107.491405958,178.184244892,103.802699264,103.802699264,209.070244915
1064,1,180,positive,0.0342812895229,-0.107491405958,0.178281900019,34.2812895229,-107.491405958,178.281900019,103.811082714,103.811082714,209.167900041
1065,0,180,positive,0.0342822201212,-0.107491405958,0.178377325605,34.2822201212,-107.491405958,178.377325605,103.810152116,103.810152116,209.263325627
1065,1,180,positive,0.0342723921074,-0.107491405958,0.178482241494,34.2723921074,-107.491405958,178.482241494,103.81998013,103.81998013,209.368241516
1066,0,180,positive,0.0342812895229,-0.107491405958,0.178281900019,34.2812895229,-107.491405958,178.281900019,103.811082714,103.811082714,209.167900041
1066,1,180,positive,0.0342807038186,-0.107491405958,0.1783431807,34.2807038186,-107.491405958,178.3431807,103.811668419,103.811668419,209.229180722
1067,0,180,positive,0.0342807038186,-0.107491405958,0.1783431807,34.2807038186,-107.491405958,178.3431807,103.811668419,103.811668419,209.229180722
1067,1,180,positive,0.0342822201212,-0.107491405958,0.178377325605,34.2822201212,-107.491405958,178.377325605,103.810152116,103.810152116,209.263325627
1068,0,180,positive,0.034172731784,-0.107491405958,0.179576946932,34.172731784,-107.491405958,179.576946932,103.919640453,103.919640453,210.462946955
1068,1,180,positive,0.0342723921074,-0.107491405958,0.178482241494,34.2723921074,-107.491405958,178.482241494,103.81998013,103.81998013,209.368241516
1069,0,180,positive,0.0341802564038,-0.107491405958,0.179899446967,34.1802564038,-107.491405958,179.899446967,103.912115833,103.912115833,210.785446989
1069,1,180,positive,0.034172731784,-0.107491405958,0.179576946932,34.172731784,-107.491405958,179.576946932,103.919640453,103.919640453,210.462946955
1070,0,180,positive,0.0309302236923,-0.107491405958,0.171520141861,30.9302236923,-107.491405958,171.520141861,107.162148545,107.162148545,202.406141883
1070,1,180,positive,0.0308463119598,-0.107491405958,0.171011959068,30.8463119598,-107.491405958,171.011959068,107.246060277,107.246060277,201.897959091
1071,0,180,positive,0.0309302236923,-0.107491405958,0.171520141861,30.9302236923,-107.491405958,171.520141861,107.162148545,107.162148545,202.406141883
1071,1,180,positive,0.0309791573068,-0.107491405958,0.171738204302,30.9791573068,-107.491405958,171.738204302,107.11321493,107.11321493,202.624204324
1072,0,180,positive,0.0309791573068,-0.107491405958,0.171738204302,30.9791573068,-107.491405958,171.738204302,107.11321493,107.11321493,202.624204324
1072,1,180,positive,0.0309791383582,-0.107491405958,0.172015403592,30.9791383582,-107.491405958,172.015403592,107.113233879,107.113233879,202.901403614
1073,0,180,positive,0.0309601923618,-0.107491405958,0.172632796751,30.9601923618,-107.491405958,172.632796751,107.132179875,107.132179875,203.518796773
1073,1,180,positive,0.0309791383582,-0.107491405958,0.172015403592,30.9791383582,-107.491405958,172.015403592,107.113233879,107.113233879,202.901403614
1074,0,180,positive,0.0308977241208,-0.107491405958,0.173202104052,30.8977241208,-107.491405958,173.202104052,107.194648116,107.194648116,204.088104075
1074,1,180,positive,0.0309601923618,-0.107491405958,0.172632796751,30.9601923618,-107.491405958,172.632796751,107.132179875,107.132179875,203.518796773
1075,0,180,positive,0.0308977241208,-0.107491405958,0.173202104052,30.8977241208,-107.491405958,173.202104052,107.194648116,107.194648116,204.088104075
1075,1,180,positive,0.0308169264036,-0.107491405958,0.173977978859,30.8169264036,-107.491405958,173.977978859,107.275445834,107.275445834,204.863978881
1076,0,180,positive,0.030767489846,-0.107491405958,0.174178341842,30.767489846,-107.491405958,174.178341842,107.324882391,107.324882391,205.064341864
1076,1,180,positive,0.030750526916,-0.107491405958,0.174319431138,30.750526916,-107.491405958,174.319431138,107.341845321,107.341845321,205.20543116
1077,0,180,positive,0.030767489846,-0.107491405958,0.174178341842,30.767489846,-107.491405958,174.178341842,107.324882391,107.324882391,205.064341864
1077,1,180,positive,0.0308169264036,-0.107491405958,0.173977978859,30.8169264036,-107.491405958,173.977978859,107.275445834,107.275445834,204.863978881
1078,0,180,positive,0.0306366431441,-0.107491405958,0.17566613162,30.6366431441,-107.491405958,175.66613162,107.455729093,107.455729093,206.552131642
1078,1,180,positive,0.030750526916,-0.107491405958,0.174319431138,30.750526916,-107.491405958,174.319431138,107.341845321,107.341845321,205.20543116
1079,0,180,positive,0.0306366431441,-0.107491405958,0.17566613162,30.6366431441,-107.491405958,175.66613162,107.455729093,107.455729093,206.552131642
1079,1,180,positive,0.0306105847197,-0.107491405958,0.176282553182,30.6105847197,-107.491405958,176.282553182,107.481787517,107.481787517,207.168553204
1080,0,180,positive,0.0305319060751,-0.107491405958,0.177664607868,30.5319060751,-107.491405958,177.664607868,107.560466162,107.560466162,208.55060789
1080,1,180,positive,0.0305368453988,-0.107491405958,0.177997734977,30.5368453988,-107.491405958,177.997734977,107.555526838,107.555526838,208.883734999
1081,0,180,positive,0.0305319060751,-0.107491405958,0.177664607868,30.5319060751,-107.491405958,177.664607868,107.560466162,107.560466162,208.55060789
1081,1,180,positive,0.0306105847197,-0.107491405958,0.176282553182,30.6105847197,-107.491405958,176.282553182,107.481787517,107.481787517,207.168553204
1082,0,180,positive,0.030577916947,-0.107491405958,0.179258381644,30.577916947,-107.491405958,179.258381644,107.51445529,107.51445529,210.144381667
1082,1,180,positive,0.0305368453988,-0.107491405958,0.177997734977,30.5368453988,-107.491405958,177.997734977,107.555526838,107.555526838,208.883734999
1083,0,180,positive,0.030577916947,-0.107491405958,0.179258381644,30.577916947,-107.491405958,179.258381644,107.51445529,107.51445529,210.144381667
1083,1,180,positive,0.0305973283638,-0.107491405958,0.179655246366,30.5973283638,-107.491405958,179.655246366,107.495043873,107.495043873,210.541246389
1084,0,180,positive,0.0306265055171,-0.107491405958,0.180589990444,30.6265055171,-107.491405958,180.589990444,107.46586672,107.46586672,211.475990466
1084,1,180,positive,0.0305973283638,-0.107491405958,0.179655246366,30.5973283638,-107.491405958,179.655246366,107.495043873,107.495043873,210.541246389
1085,0,180,positive,0.0482939692097,-0.107491405958,0.217565148535,48.2939692097,-107.491405958,217.565148535,89.7984030275,89.7984030275,248.451148558
1085,1,180,positive,0.048418680266,-0.107491405958,0.217685904921,48.418680266,-107.491405958,217.685904921,89.6736919712,89.6736919712,248.571904943
1086,0,180,positive,0.0466274698096,-0.107491405958,0.215939386644,46.6274698096,-107.491405958,215.939386644,91.4649024276,91.4649024276,246.825386666
1086,1,180,positive,0.045267766583,-0.107491405958,0.214608647126,45.267766583,-107.491405958,214.608647126,92.8246056542,92.8246056542,245.494647148
1087,0,180,positive,0.0482939692097,-0.107491405958,0.217565148535,48.2939692097,-107.491405958,217.565148535,89.7984030275,89.7984030275,248.451148558
1087,1,180,positive,0.0466274698096,-0.107491405958,0.215939386644,46.6274698096,-107.491405958,215.939386644,91.4649024276,91.4649024276,246.825386666
1088,0,180,positive,0.0431311088573,-0.107491405958,0.212958962819,43.1311088573,-107.491405958,212.958962819,94.9612633799,94.9612633799,243.844962841
1088,1,180,positive,0.0437745740077,-0.107491405958,0.213404238931,43.7745740077,-107.491405958,213.404238931,94.3177982295,94.3177982295,244.290238953
1089,0,180,positive,0.0431311088573,-0.107491405958,0.212958962819,43.1311088573,-107.491405958,212.958962819,94.9612633799,94.9612633799,243.844962841
1089,1,180,positive,0.0424812884992,-0.107491405958,0.212455704799,42.4812884992,-107.491405958,212.455704799,95.611083738,95.611083738,243.341704821
1090,0,180,positive,0.0424812884992,-0.107491405958,0.212455704799,42.4812884992,-107.491405958,212.455704799,95.611083738,95.611083738,243.341704821
1090,1,180,positive,0.0419787792089,-0.107491405958,0.211808649973,41.9787792089,-107.491405958,211.808649973,96.1135930283,96.1135930283,242.694649995
1091,0,180,positive,0.0414664604395,-0.107491405958,0.211256567976,41.4664604395,-107.491405958,211.256567976,96.6259117977,96.6259117977,242.142567998
1091,1,180,positive,0.0419787792089,-0.107491405958,0.211808649973,41.9787792089,-107.491405958,211.808649973,96.1135930283,96.1135930283,242.694649995
1092,0,180,positive,0.0437745740077,-0.107491405958,0.213404238931,43.7745740077,-107.491405958,213.404238931,94.3177982295,94.3177982295,244.290238953
1092,1,180,positive,0.045267766583,-0.107491405958,0.214608647126,45.267766583,-107.491405958,214.608647126,92.8246056542,92.8246056542,245.494647148
1093,0,180,positive,0.0363959808314,-0.107491405958,0.202149962716,36.3959808314,-107.491405958,202.149962716,101.696391406,101.696391406,233.035962738
1093,1,180,positive,0.0363569971014,-0.107491405958,0.202004517268,36.3569971014,-107.491405958,202.004517268,101.735375136,101.735375136,232.89051729
1094,0,180,positive,0.0363980707638,-0.107491405958,0.20234308828,36.3980707638,-107.491405958,202.34308828,101.694301473,101.694301473,233.229088302
1094,1,180,positive,0.0363959808314,-0.107491405958,0.202149962716,36.3959808314,-107.491405958,202.149962716,101.696391406,101.696391406,233.035962738
1095,0,180,positive,0.0366352018824,-0.107491405958,0.206325351696,36.6352018824,-107.491405958,206.325351696,101.457170355,101.457170355,237.211351718
1095,1,180,positive,0.0363500884883,-0.107491405958,0.205816725574,36.3500884883,-107.491405958,205.816725574,101.742283749,101.742283749,236.702725596
1096,0,180,positive,0.0369886038099,-0.107491405958,0.206822759101,36.9886038099,-107.491405958,206.822759101,101.103768427,101.103768427,237.708759123
1096,1,180,positive,0.0376079781423,-0.107491405958,0.207684422546,37.6079781423,-107.491405958,207.684422546,100.484394095,100.484394095,238.570422568
1097,0,180,positive,0.0381924679018,-0.107491405958,0.208693108937,38.1924679018,-107.491405958,208.693108937,99.8999043354,99.8999043354,239.57910896
1097,1,180,positive,0.0383639004156,-0.107491405958,0.20911030577,38.3639004156,-107.491405958,209.11030577,99.7284718216,99.7284718216,239.996305793
1098,0,180,positive,0.0381924679018,-0.107491405958,0.208693108937,38.1924679018,-107.491405958,208.693108937,99.8999043354,99.8999043354,239.57910896
1098,1,180,positive,0.0376079781423,-0.107491405958,0.207684422546,37.6079781423,-107.491405958,207.684422546,100.484394095,100.484394095,238.570422568
1099,0,180,positive,0.0369886038099,-0.107491405958,0.206822759101,36.9886038099,-107.491405958,206.822759101,101.103768427,101.103768427,237.708759123
1099,1,180,positive,0.0366352018824,-0.107491405958,0.206325351696,36.6352018824,-107.491405958,206.325351696,101.457170355,101.457170355,237.211351718
1100,0,180,positive,0.0401431390397,-0.107491405958,0.210627571767,40.1431390397,-107.491405958,210.627571767,97.9492331975,97.9492331975,241.513571789
1100,1,180,positive,0.0414664604395,-0.107491405958,0.211256567976,41.4664604395,-107.491405958,211.256567976,96.6259117977,96.6259117977,242.142567998
1101,0,180,positive,0.0392812368334,-0.107491405958,0.210071401224,39.2812368334,-107.491405958,210.071401224,98.8111354038,98.8111354038,240.957401246
1101,1,180,positive,0.0386037437926,-0.107491405958,0.209402558595,38.6037437926,-107.491405958,209.402558595,99.4886284446,99.4886284446,240.288558618
1102,0,180,positive,0.0401431390397,-0.107491405958,0.210627571767,40.1431390397,-107.491405958,210.627571767,97.9492331975,97.9492331975,241.513571789
1102,1,180,positive,0.0392812368334,-0.107491405958,0.210071401224,39.2812368334,-107.491405958,210.071401224,98.8111354038,98.8111354038,240.957401246
1103,0,180,positive,0.0383639004156,-0.107491405958,0.20911030577,38.3639004156,-107.491405958,209.11030577,99.7284718216,99.7284718216,239.996305793
1103,1,180,positive,0.0386037437926,-0.107491405958,0.209402558595,38.6037437926,-107.491405958,209.402558595,99.4886284446,99.4886284446,240.288558618
1104,0,180,positive,0.0389730102204,-0.107491405958,0.217660123316,38.9730102204,-107.491405958,217.660123316,99.1193620168,99.1193620168,248.546123338
1104,1,180,positive,0.0386913814649,-0.107491405958,0.217176534797,38.6913814649,-107.491405958,217.176534797,99.4009907723,99.4009907723,248.062534819
1105,0,180,positive,0.037466145446,-0.107491405958,0.214968194094,37.466145446,-107.491405958,214.968194094,100.626226791,100.626226791,245.854194116
1105,1,180,positive,0.037129771625,-0.107491405958,0.214336582141,37.129771625,-107.491405958,214.336582141,100.962600612,100.962600612,245.222582163
1106,0,180,positive,0.037466145446,-0.107491405958,0.214968194094,37.466145446,-107.491405958,214.968194094,100.626226791,100.626226791,245.854194116
1106,1,180,positive,0.0376726494857,-0.107491405958,0.215383602341,37.6726494857,-107.491405958,215.383602341,100.419722752,100.419722752,246.269602363
1107,0,180,positive,0.0389730102204,-0.107491405958,0.217660123316,38.9730102204,-107.491405958,217.660123316,99.1193620168,99.1193620168,248.546123338
1107,1,180,positive,0.0391277702671,-0.107491405958,0.217975203896,39.1277702671,-107.491405958,217.975203896,98.9646019701,98.9646019701,248.861203918
1108,0,180,positive,0.0391277702671,-0.107491405958,0.217975203896,39.1277702671,-107.491405958,217.975203896,98.9646019701,98.9646019701,248.861203918
1108,1,180,positive,0.0393252685325,-0.107491405958,0.218321344561,39.3252685325,-107.491405958,218.321344561,98.7671037047,98.7671037047,249.207344584
1109,0,180,positive,0.0386913814649,-0.107491405958,0.217176534797,38.6913814649,-107.491405958,217.176534797,99.4009907723,99.4009907723,248.062534819
1109,1,180,positive,0.0384687008054,-0.107491405958,0.21675273301,38.4687008054,-107.491405958,216.75273301,99.6236714318,99.6236714318,247.638733032
1110,0,180,positive,0.0384687008054,-0.107491405958,0.21675273301,38.4687008054,-107.491405958,216.75273301,99.6236714318,99.6236714318,247.638733032
1110,1,180,positive,0.0378503423144,-0.107491405958,0.215693966189,37.8503423144,-107.491405958,215.693966189,100.242029923,100.242029923,246.579966211
1111,0,180,positive,0.0376726494857,-0.107491405958,0.215383602341,37.6726494857,-107.491405958,215.383602341,100.419722752,100.419722752,246.269602363
1111,1,180,positive,0.0378503423144,-0.107491405958,0.215693966189,37.8503423144,-107.491405958,215.693966189,100.242029923,100.242029923,246.579966211
1112,0,180,positive,0.0360833998089,-0.107491405958,0.212107811416,36.0833998089,-107.491405958,212.107811416,102.008972428,102.008972428,242.993811438
1112,1,180,positive,0.0363049111095,-0.107491405958,0.212502619489,36.3049111095,-107.491405958,212.502619489,101.787461128,101.787461128,243.388619512
1113,0,180,positive,0.0341697824771,-0.107491405958,0.180169979223,34.1697824771,-107.491405958,180.169979223,103.92258976,103.92258976,211.055979245
1113,1,180,positive,0.0341802564038,-0.107491405958,0.179899446967,34.1802564038,-107.491405958,179.899446967,103.912115833,103.912115833,210.785446989
1114,0,180,positive,0.0341697824771,-0.107491405958,0.180169979223,34.1697824771,-107.491405958,180.169979223,103.92258976,103.92258976,211.055979245
1114,1,180,positive,0.0341451844164,-0.107491405958,0.181843378784,34.1451844164,-107.491405958,181.843378784,103.947187821,103.947187821,212.729378806
1115,0,180,positive,0.0341517097125,-0.107491405958,0.182514004467,34.1517097125,-107.491405958,182.514004467,103.940662525,103.940662525,213.400004489
1115,1,180,positive,0.0341476504251,-0.107491405958,0.183086573307,34.1476504251,-107.491405958,183.086573307,103.944721812,103.944721812,213.972573329
1116,0,180,positive,0.0341661784187,-0.107491405958,0.181977027987,34.1661784187,-107.491405958,181.977027987,103.926193818,103.926193818,212.863028009
1116,1,180,positive,0.0341451844164,-0.107491405958,0.181843378784,34.1451844164,-107.491405958,181.843378784,103.947187821,103.947187821,212.729378806
1117,0,180,positive,0.0341494994451,-0.107491405958,0.182141562871,34.1494994451,-107.491405958,182.141562871,103.942872792,103.942872792,213.027562893
1117,1,180,positive,0.0341661784187,-0.107491405958,0.181977027987,34.1661784187,-107.491405958,181.977027987,103.926193818,103.926193818,212.863028009
1118,0,180,positive,0.0341517097125,-0.107491405958,0.182514004467,34.1517097125,-107.491405958,182.514004467,103.940662525,103.940662525,213.400004489
1118,1,180,positive,0.0341494994451,-0.107491405958,0.182141562871,34.1494994451,-107.491405958,182.141562871,103.942872792,103.942872792,213.027562893
1119,0,180,positive,0.0341476504251,-0.107491405958,0.183086573307,34.1476504251,-107.491405958,183.086573307,103.944721812,103.944721812,213.972573329
1119,1,180,positive,0.0341436921565,-0.107491405958,0.18333925663,34.1436921565,-107.491405958,183.33925663,103.948680081,103.948680081,214.225256653
1120,0,180,positive,0.034118285965,-0.107491405958,0.183782385383,34.118285965,-107.491405958,183.782385383,103.974086272,103.974086272,214.668385405
1120,1,180,positive,0.0341436921565,-0.107491405958,0.18333925663,34.1436921565,-107.491405958,183.33925663,103.948680081,103.948680081,214.225256653
1121,0,180,positive,0.034118285965,-0.107491405958,0.183782385383,34.118285965,-107.491405958,183.782385383,103.974086272,103.974086272,214.668385405
1121,1,180,positive,0.0341170503675,-0.107491405958,0.184675838193,34.1170503675,-107.491405958,184.675838193,103.97532187,103.97532187,215.561838215
1122,0,180,positive,0.0341280644504,-0.107491405958,0.185258787762,34.1280644504,-107.491405958,185.258787762,103.964307787,103.964307787,216.144787784
1122,1,180,positive,0.0341170503675,-0.107491405958,0.184675838193,34.1170503675,-107.491405958,184.675838193,103.97532187,103.97532187,215.561838215
1123,0,180,positive,0.0341791852715,-0.107491405958,0.18616575293,34.1791852715,-107.491405958,186.16575293,103.913186966,103.913186966,217.051752952
1123,1,180,positive,0.0341280644504,-0.107491405958,0.185258787762,34.1280644504,-107.491405958,185.258787762,103.964307787,103.964307787,216.144787784
1124,0,180,positive,0.0341791852715,-0.107491405958,0.18616575293,34.1791852715,-107.491405958,186.16575293,103.913186966,103.913186966,217.051752952
1124,1,180,positive,0.0341824251115,-0.107491405958,0.186237298724,34.1824251115,-107.491405958,186.237298724,103.909947126,103.909947126,217.123298746
1125,0,180,positive,0.0341233537216,-0.107491405958,0.187254716217,34.1233537216,-107.491405958,187.254716217,103.969018516,103.969018516,218.140716239
1125,1,180,positive,0.0341041241726,-0.107491405958,0.186906553895,34.1041241726,-107.491405958,186.906553895,103.988248065,103.988248065,217.792553917
1126,0,180,positive,0.0341383982923,-0.107491405958,0.186718101522,34.1383982923,-107.491405958,186.718101522,103.953973945,103.953973945,217.604101545
1126,1,180,positive,0.0341824251115,-0.107491405958,0.186237298724,34.1824251115,-107.491405958,186.237298724,103.909947126,103.909947126,217.123298746
1127,0,180,positive,0.0341383982923,-0.107491405958,0.186718101522,34.1383982923,-107.491405958,186.718101522,103.953973945,103.953973945,217.604101545
1127,1,180,positive,0.0341041241726,-0.107491405958,0.186906553895,34.1041241726,-107.491405958,186.906553895,103.988248065,103.988248065,217.792553917
1128,0,180,positive,0.0341392183324,-0.107491405958,0.187949150928,34.1392183324,-107.491405958,187.949150928,103.953153905,103.953153905,218.835150951
1128,1,180,positive,0.0341233537216,-0.107491405958,0.187254716217,34.1233537216,-107.491405958,187.254716217,103.969018516,103.969018516,218.140716239
1129,0,180,positive,0.0341814270556,-0.107491405958,0.188483530772,34.1814270556,-107.491405958,188.483530772,103.910945182,103.910945182,219.369530794
1129,1,180,positive,0.0341626109028,-0.107491405958,0.188913408446,34.1626109028,-107.491405958,188.913408446,103.929761334,103.929761334,219.799408468
1130,0,180,positive,0.0341392183324,-0.107491405958,0.187949150928,34.1392183324,-107.491405958,187.949150928,103.953153905,103.953153905,218.835150951
1130,1,180,positive,0.0341814270556,-0.107491405958,0.188483530772,34.1814270556,-107.491405958,188.483530772,103.910945182,103.910945182,219.369530794
1131,0,180,positive,0.0341626109028,-0.107491405958,0.188913408446,34.1626109028,-107.491405958,188.913408446,103.929761334,103.929761334,219.799408468
1131,1,180,positive,0.0341966219811,-0.107491405958,0.189220104896,34.1966219811,-107.491405958,189.220104896,103.895750256,103.895750256,220.106104918
1132,0,180,positive,0.0341663953115,-0.107491405958,0.189505809062,34.1663953115,-107.491405958,189.505809062,103.925976926,103.925976926,220.391809084
1132,1,180,positive,0.0341966219811,-0.107491405958,0.189220104896,34.1966219811,-107.491405958,189.220104896,103.895750256,103.895750256,220.106104918
1133,0,180,positive,0.0342095220692,-0.107491405958,0.190459505836,34.2095220692,-107.491405958,190.459505836,103.882850168,103.882850168,221.345505858
1133,1,180,positive,0.0341663953115,-0.107491405958,0.189505809062,34.1663953115,-107.491405958,189.505809062,103.925976926,103.925976926,220.391809084
1134,0,180,positive,0.0342095220692,-0.107491405958,0.190459505836,34.2095220692,-107.491405958,190.459505836,103.882850168,103.882850168,221.345505858
1134,1,180,positive,0.0341872943492,-0.107491405958,0.190888372672,34.1872943492,-107.491405958,190.888372672,103.905077888,103.905077888,221.774372694
1135,0,180,positive,0.0306432133972,-0.107491405958,0.183039462446,30.6432133972,-107.491405958,183.039462446,107.44915884,107.44915884,213.925462468
1135,1,180,positive,0.0306317945584,-0.107491405958,0.182569524905,30.6317945584,-107.491405958,182.569524905,107.460577679,107.460577679,213.455524927
1136,0,180,positive,0.0306432133972,-0.107491405958,0.183039462446,30.6432133972,-107.491405958,183.039462446,107.44915884,107.44915884,213.925462468
1136,1,180,positive,0.0306382085609,-0.107491405958,0.184468353205,30.6382085609,-107.491405958,184.468353205,107.454163676,107.454163676,215.354353227
1137,0,180,positive,0.0306405249406,-0.107491405958,0.184591125086,30.6405249406,-107.491405958,184.591125086,107.451847297,107.451847297,215.477125108
1137,1,180,positive,0.0306382085609,-0.107491405958,0.184468353205,30.6382085609,-107.491405958,184.468353205,107.454163676,107.454163676,215.354353227
1138,0,180,positive,0.0306391282836,-0.107491405958,0.18472329271,30.6391282836,-107.491405958,184.72329271,107.453243954,107.453243954,215.609292732
1138,1,180,positive,0.0306405249406,-0.107491405958,0.184591125086,30.6405249406,-107.491405958,184.591125086,107.451847297,107.451847297,215.477125108
1139,0,180,positive,0.0306265055171,-0.107491405958,0.180589990444,30.6265055171,-107.491405958,180.589990444,107.46586672,107.46586672,211.475990466
1139,1,180,positive,0.0306157624071,-0.107491405958,0.181061388825,30.6157624071,-107.491405958,181.061388825,107.47660983,107.47660983,211.947388847
1140,0,180,positive,0.03063433916,-0.107491405958,0.1820517046,30.63433916,-107.491405958,182.0517046,107.458033077,107.458033077,212.937704622
1140,1,180,positive,0.0306157624071,-0.107491405958,0.181061388825,30.6157624071,-107.491405958,181.061388825,107.47660983,107.47660983,211.947388847
1141,0,180,positive,0.03063433916,-0.107491405958,0.1820517046,30.63433916,-107.491405958,182.0517046,107.458033077,107.458033077,212.937704622
1141,1,180,positive,0.0306317945584,-0.107491405958,0.182569524905,30.6317945584,-107.491405958,182.569524905,107.460577679,107.460577679,213.455524927
1142,0,180,positive,0.0306391282836,-0.107491405958,0.18472329271,30.6391282836,-107.491405958,184.72329271,107.453243954,107.453243954,215.609292732
1142,1,180,positive,0.0306771809579,-0.107491405958,0.18543223992,30.6771809579,-107.491405958,185.43223992,107.415191279,107.415191279,216.318239942
1143,0,180,positive,0.0306073798878,-0.107491405958,0.187927978873,30.6073798878,-107.491405958,187.927978873,107.484992349,107.484992349,218.813978895
1143,1,180,positive,0.0306017010878,-0.107491405958,0.187714002799,30.6017010878,-107.491405958,187.714002799,107.490671149,107.490671149,218.600002822
1144,0,180,positive,0.0308207398513,-0.107491405958,0.189919535794,30.8207398513,-107.491405958,189.919535794,107.271632386,107.271632386,220.805535816
1144,1,180,positive,0.0307806975238,-0.107491405958,0.189657996704,30.7806975238,-107.491405958,189.657996704,107.311674713,107.311674713,220.543996726
1145,0,180,positive,0.0307701108757,-0.107491405958,0.18953793614,30.7701108757,-107.491405958,189.53793614,107.322261362,107.322261362,220.423936163
1145,1,180,positive,0.0307593420013,-0.107491405958,0.189443749833,30.7593420013,-107.491405958,189.443749833,107.333030236,107.333030236,220.329749856
1146,0,180,positive,0.0307806975238,-0.107491405958,0.189657996704,30.7806975238,-107.491405958,189.657996704,107.311674713,107.311674713,220.543996726
1146,1,180,positive,0.0307701108757,-0.107491405958,0.18953793614,30.7701108757,-107.491405958,189.53793614,107.322261362,107.322261362,220.423936163
1147,0,180,positive,0.0306771809579,-0.107491405958,0.18543223992,30.6771809579,-107.491405958,185.43223992,107.415191279,107.415191279,216.318239942
1147,1,180,positive,0.0306735187375,-0.107491405958,0.185993896193,30.6735187375,-107.491405958,185.993896193,107.4188535,107.4188535,216.879896215
1148,0,180,positive,0.030654258646,-0.107491405958,0.186724003129,30.654258646,-107.491405958,186.724003129,107.438113591,107.438113591,217.610003152
1148,1,180,positive,0.0306121584086,-0.107491405958,0.18732087521,30.6121584086,-107.491405958,187.32087521,107.480213829,107.480213829,218.206875232
1149,0,180,positive,0.030654258646,-0.107491405958,0.186724003129,30.654258646,-107.491405958,186.724003129,107.438113591,107.438113591,217.610003152
1149,1,180,positive,0.0306735187375,-0.107491405958,0.185993896193,30.6735187375,-107.491405958,185.993896193,107.4188535,107.4188535,216.879896215
1150,0,180,positive,0.0306121584086,-0.107491405958,0.18732087521,30.6121584086,-107.491405958,187.32087521,107.480213829,107.480213829,218.206875232
1150,1,180,positive,0.0306017010878,-0.107491405958,0.187714002799,30.6017010878,-107.491405958,187.714002799,107.490671149,107.490671149,218.600002822
1151,0,180,positive,0.0306073798878,-0.107491405958,0.187927978873,30.6073798878,-107.491405958,187.927978873,107.484992349,107.484992349,218.813978895
1151,1,180,positive,0.0306545185063,-0.107491405958,0.188798098693,30.6545185063,-107.491405958,188.798098693,107.437853731,107.437853731,219.684098716
1152,0,180,positive,0.0306545185063,-0.107491405958,0.188798098693,30.6545185063,-107.491405958,188.798098693,107.437853731,107.437853731,219.684098716
1152,1,180,positive,0.0307593420013,-0.107491405958,0.189443749833,30.7593420013,-107.491405958,189.443749833,107.333030236,107.333030236,220.329749856
1153,0,180,positive,0.0341872943492,-0.107491405958,0.190888372672,34.1872943492,-107.491405958,190.888372672,103.905077888,103.905077888,221.774372694
1153,1,180,positive,0.0341610396381,-0.107491405958,0.191361319384,34.1610396381,-107.491405958,191.361319384,103.931332599,103.931332599,222.247319406
1154,0,180,positive,0.0341554297063,-0.107491405958,0.19182309532,34.1554297063,-107.491405958,191.82309532,103.936942531,103.936942531,222.709095343
1154,1,180,positive,0.0341619679817,-0.107491405958,0.192142398288,34.1619679817,-107.491405958,192.142398288,103.930404256,103.930404256,223.02839831
1155,0,180,positive,0.0341619679817,-0.107491405958,0.192142398288,34.1619679817,-107.491405958,192.142398288,103.930404256,103.930404256,223.02839831
1155,1,180,positive,0.0341575910582,-0.107491405958,0.192165634836,34.1575910582,-107.491405958,192.165634836,103.934781179,103.934781179,223.051634859
1156,0,180,positive,0.0344623438717,-0.107491405958,0.195450656622,34.4623438717,-107.491405958,195.450656622,103.630028366,103.630028366,226.336656645
1156,1,180,positive,0.0344677305873,-0.107491405958,0.195485754221,34.4677305873,-107.491405958,195.485754221,103.62464165,103.62464165,226.371754243
1157,0,180,positive,0.0353382628316,-0.107491405958,0.197616826005,35.3382628316,-107.491405958,197.616826005,102.754109406,102.754109406,228.502826027
1157,1,180,positive,0.0353077191535,-0.107491405958,0.197549088389,35.3077191535,-107.491405958,197.549088389,102.784653084,102.784653084,228.435088411
1158,0,180,positive,0.0344677305873,-0.107491405958,0.195485754221,34.4677305873,-107.491405958,195.485754221,103.62464165,103.62464165,226.371754243
1158,1,180,positive,0.0344690765881,-0.107491405958,0.195489774613,34.4690765881,-107.491405958,195.489774613,103.623295649,103.623295649,226.375774635
1159,0,180,positive,0.0346632397238,-0.107491405958,0.196038614756,34.6632397238,-107.491405958,196.038614756,103.429132513,103.429132513,226.924614778
1159,1,180,positive,0.0344690765881,-0.107491405958,0.195489774613,34.4690765881,-107.491405958,195.489774613,103.623295649,103.623295649,226.375774635
1160,0,180,positive,0.0346632397238,-0.107491405958,0.196038614756,34.6632397238,-107.491405958,196.038614756,103.429132513,103.429132513,226.924614778
1160,1,180,positive,0.0353077191535,-0.107491405958,0.197549088389,35.3077191535,-107.491405958,197.549088389,102.784653084,102.784653084,228.435088411
1161,0,180,positive,0.035784413423,-0.107491405958,0.199456251046,35.784413423,-107.491405958,199.456251046,102.307958814,102.307958814,230.342251068
1161,1,180,positive,0.0357613345516,-0.107491405958,0.199382631475,35.7613345516,-107.491405958,199.382631475,102.331037686,102.331037686,230.268631497
1162,0,180,positive,0.0353587956165,-0.107491405958,0.19770743219,35.3587956165,-107.491405958,197.70743219,102.733576621,102.733576621,228.593432212
1162,1,180,positive,0.0356650830205,-0.107491405958,0.198802996596,35.6650830205,-107.491405958,198.802996596,102.427289217,102.427289217,229.688996618
1163,0,180,positive,0.0356650830205,-0.107491405958,0.198802996596,35.6650830205,-107.491405958,198.802996596,102.427289217,102.427289217,229.688996618
1163,1,180,positive,0.0357012583525,-0.107491405958,0.199090399689,35.7012583525,-107.491405958,199.090399689,102.391113885,102.391113885,229.976399712
1164,0,180,positive,0.0357012583525,-0.107491405958,0.199090399689,35.7012583525,-107.491405958,199.090399689,102.391113885,102.391113885,229.976399712
1164,1,180,positive,0.0357613345516,-0.107491405958,0.199382631475,35.7613345516,-107.491405958,199.382631475,102.331037686,102.331037686,230.268631497
1165,0,180,positive,0.0353587956165,-0.107491405958,0.19770743219,35.3587956165,-107.491405958,197.70743219,102.733576621,102.733576621,228.593432212
1165,1,180,positive,0.0353382628316,-0.107491405958,0.197616826005,35.3382628316,-107.491405958,197.616826005,102.754109406,102.754109406,228.502826027
1166,0,180,positive,0.0341479207195,-0.107491405958,0.191447091417,34.1479207195,-107.491405958,191.447091417,103.944451518,103.944451518,222.333091439
1166,1,180,positive,0.0341610396381,-0.107491405958,0.191361319384,34.1610396381,-107.491405958,191.361319384,103.931332599,103.931332599,222.247319406
1167,0,180,positive,0.0341554297063,-0.107491405958,0.19182309532,34.1554297063,-107.491405958,191.82309532,103.936942531,103.936942531,222.709095343
1167,1,180,positive,0.0341479207195,-0.107491405958,0.191447091417,34.1479207195,-107.491405958,191.447091417,103.944451518,103.944451518,222.333091439
1168,0,180,positive,0.0342642406896,-0.107491405958,0.194123004628,34.2642406896,-107.491405958,194.123004628,103.828131548,103.828131548,225.00900465
1168,1,180,positive,0.0342426056184,-0.107491405958,0.193988010554,34.2426056184,-107.491405958,193.988010554,103.849766619,103.849766619,224.874010576
1169,0,180,positive,0.0341575910582,-0.107491405958,0.192165634836,34.1575910582,-107.491405958,192.165634836,103.934781179,103.934781179,223.051634859
1169,1,180,positive,0.0341573759823,-0.107491405958,0.192333361005,34.1573759823,-107.491405958,192.333361005,103.934996255,103.934996255,223.219361027
1170,0,180,positive,0.0341378761838,-0.107491405958,0.193113348326,34.1378761838,-107.491405958,193.113348326,103.954496053,103.954496053,223.999348349
1170,1,180,positive,0.0341573759823,-0.107491405958,0.192333361005,34.1573759823,-107.491405958,192.333361005,103.934996255,103.934996255,223.219361027
1171,0,180,positive,0.0342426056184,-0.107491405958,0.193988010554,34.2426056184,-107.491405958,193.988010554,103.849766619,103.849766619,224.874010576
1171,1,180,positive,0.034225960002,-0.107491405958,0.193835264793,34.225960002,-107.491405958,193.835264793,103.866412235,103.866412235,224.721264815
1172,0,180,positive,0.0341378761838,-0.107491405958,0.193113348326,34.1378761838,-107.491405958,193.113348326,103.954496053,103.954496053,223.999348349
1172,1,180,positive,0.034225960002,-0.107491405958,0.193835264793,34.225960002,-107.491405958,193.835264793,103.866412235,103.866412235,224.721264815
1173,0,180,positive,0.0344623438717,-0.107491405958,0.195450656622,34.4623438717,-107.491405958,195.450656622,103.630028366,103.630028366,226.336656645
1173,1,180,positive,0.0342642406896,-0.107491405958,0.194123004628,34.2642406896,-107.491405958,194.123004628,103.828131548,103.828131548,225.00900465
1174,0,180,positive,0.0314316575626,-0.107491405958,0.192893233676,31.4316575626,-107.491405958,192.893233676,106.660714675,106.660714675,223.779233698
1174,1,180,positive,0.0311738874213,-0.107491405958,0.191660303578,31.1738874213,-107.491405958,191.660303578,106.918484816,106.918484816,222.5463036
1175,0,180,positive,0.0309461569862,-0.107491405958,0.190540187506,30.9461569862,-107.491405958,190.540187506,107.146215251,107.146215251,221.426187528
1175,1,180,positive,0.0308207398513,-0.107491405958,0.189919535794,30.8207398513,-107.491405958,189.919535794,107.271632386,107.271632386,220.805535816
1176,0,180,positive,0.0314928682121,-0.107491405958,0.193094992044,31.4928682121,-107.491405958,193.094992044,106.599504025,106.599504025,223.980992066
1176,1,180,positive,0.0314316575626,-0.107491405958,0.192893233676,31.4316575626,-107.491405958,192.893233676,106.660714675,106.660714675,223.779233698
1177,0,180,positive,0.0315591386191,-0.107491405958,0.193389373155,31.5591386191,-107.491405958,193.389373155,106.533233618,106.533233618,224.275373177
1177,1,180,positive,0.0317936255647,-0.107491405958,0.19432477851,31.7936255647,-107.491405958,194.32477851,106.298746672,106.298746672,225.210778533
1178,0,180,positive,0.0320496441244,-0.107491405958,0.195278840239,32.0496441244,-107.491405958,195.278840239,106.042728113,106.042728113,226.164840261
1178,1,180,positive,0.0318901871388,-0.107491405958,0.194657379284,31.8901871388,-107.491405958,194.657379284,106.202185098,106.202185098,225.543379306
1179,0,180,positive,0.0315591386191,-0.107491405958,0.193389373155,31.5591386191,-107.491405958,193.389373155,106.533233618,106.533233618,224.275373177
1179,1,180,positive,0.0314928682121,-0.107491405958,0.193094992044,31.4928682121,-107.491405958,193.094992044,106.599504025,106.599504025,223.980992066
1180,0,180,positive,0.0317936255647,-0.107491405958,0.19432477851,31.7936255647,-107.491405958,194.32477851,106.298746672,106.298746672,225.210778533
1180,1,180,positive,0.0318901871388,-0.107491405958,0.194657379284,31.8901871388,-107.491405958,194.657379284,106.202185098,106.202185098,225.543379306
1181,0,180,positive,0.0309461569862,-0.107491405958,0.190540187506,30.9461569862,-107.491405958,190.540187506,107.146215251,107.146215251,221.426187528
1181,1,180,positive,0.0310089762301,-0.107491405958,0.190876753348,31.0089762301,-107.491405958,190.876753348,107.083396007,107.083396007,221.76275337
1182,0,180,positive,0.0310089762301,-0.107491405958,0.190876753348,31.0089762301,-107.491405958,190.876753348,107.083396007,107.083396007,221.76275337
1182,1,180,positive,0.0311738874213,-0.107491405958,0.191660303578,31.1738874213,-107.491405958,191.660303578,106.918484816,106.918484816,222.5463036
1183,0,180,positive,0.0320496441244,-0.107491405958,0.195278840239,32.0496441244,-107.491405958,195.278840239,106.042728113,106.042728113,226.164840261
1183,1,180,positive,0.032150521838,-0.107491405958,0.195510316322,32.150521838,-107.491405958,195.510316322,105.941850399,105.941850399,226.396316344
1184,0,180,positive,0.0328329669457,-0.107491405958,0.197123810666,32.8329669457,-107.491405958,197.123810666,105.259405291,105.259405291,228.009810688
1184,1,180,positive,0.0328116517728,-0.107491405958,0.196960281037,32.8116517728,-107.491405958,196.960281037,105.280720464,105.280720464,227.846281059
1185,0,180,positive,0.032706338664,-0.107491405958,0.196674209123,32.706338664,-107.491405958,196.674209123,105.386033573,105.386033573,227.560209145
1185,1,180,positive,0.0326079773788,-0.107491405958,0.196443092991,32.6079773788,-107.491405958,196.443092991,105.484394858,105.484394858,227.329093013
1186,0,180,positive,0.032706338664,-0.107491405958,0.196674209123,32.706338664,-107.491405958,196.674209123,105.386033573,105.386033573,227.560209145
1186,1,180,positive,0.0328116517728,-0.107491405958,0.196960281037,32.8116517728,-107.491405958,196.960281037,105.280720464,105.280720464,227.846281059
1187,0,180,positive,0.0328410838591,-0.107491405958,0.197399948166,32.8410838591,-107.491405958,197.399948166,105.251288378,105.251288378,228.285948189
1187,1,180,positive,0.0328329669457,-0.107491405958,0.197123810666,32.8329669457,-107.491405958,197.123810666,105.259405291,105.259405291,228.009810688
1188,0,180,positive,0.0328410838591,-0.107491405958,0.197399948166,32.8410838591,-107.491405958,197.399948166,105.251288378,105.251288378,228.285948189
1188,1,180,positive,0.0328513994278,-0.107491405958,0.197468734508,32.8513994278,-107.491405958,197.468734508,105.240972809,105.240972809,228.35473453
1189,0,180,positive,0.0328513994278,-0.107491405958,0.197468734508,32.8513994278,-107.491405958,197.468734508,105.240972809,105.240972809,228.35473453
1189,1,180,positive,0.0328213310169,-0.107491405958,0.197621533404,32.8213310169,-107.491405958,197.621533404,105.27104122,105.27104122,228.507533426
1190,0,180,positive,0.0326898784032,-0.107491405958,0.198052233613,32.6898784032,-107.491405958,198.052233613,105.402493834,105.402493834,228.938233635
1190,1,180,positive,0.0328213310169,-0.107491405958,0.197621533404,32.8213310169,-107.491405958,197.621533404,105.27104122,105.27104122,228.507533426
1191,0,180,positive,0.0325702206888,-0.107491405958,0.198922103284,32.5702206888,-107.491405958,198.922103284,105.522151548,105.522151548,229.808103306
1191,1,180,positive,0.0325254633489,-0.107491405958,0.199360917408,32.5254633489,-107.491405958,199.360917408,105.566908888,105.566908888,230.24691743
1192,0,180,positive,0.0322277924958,-0.107491405958,0.195701347774,32.2277924958,-107.491405958,195.701347774,105.864579741,105.864579741,226.587347796
1192,1,180,positive,0.032150521838,-0.107491405958,0.195510316322,32.150521838,-107.491405958,195.510316322,105.941850399,105.941850399,226.396316344
1193,0,180,positive,0.032534414809,-0.107491405958,0.19632218044,32.534414809,-107.491405958,196.32218044,105.557957428,105.557957428,227.208180462
1193,1,180,positive,0.0322277924958,-0.107491405958,0.195701347774,32.2277924958,-107.491405958,195.701347774,105.864579741,105.864579741,226.587347796
1194,0,180,positive,0.032534414809,-0.107491405958,0.19632218044,32.534414809,-107.491405958,196.32218044,105.557957428,105.557957428,227.208180462
1194,1,180,positive,0.0326079773788,-0.107491405958,0.196443092991,32.6079773788,-107.491405958,196.443092991,105.484394858,105.484394858,227.329093013
1195,0,180,positive,0.0325702206888,-0.107491405958,0.198922103284,32.5702206888,-107.491405958,198.922103284,105.522151548,105.522151548,229.808103306
1195,1,180,positive,0.0326898784032,-0.107491405958,0.198052233613,32.6898784032,-107.491405958,198.052233613,105.402493834,105.402493834,228.938233635
1196,0,180,positive,0.0359601656391,-0.107491405958,0.199977214305,35.9601656391,-107.491405958,199.977214305,102.132206598,102.132206598,230.863214327
1196,1,180,positive,0.035784413423,-0.107491405958,0.199456251046,35.784413423,-107.491405958,199.456251046,102.307958814,102.307958814,230.342251068
1197,0,180,positive,0.0361511636673,-0.107491405958,0.20078293464,36.1511636673,-107.491405958,200.78293464,101.94120857,101.94120857,231.668934663
1197,1,180,positive,0.0360147279774,-0.107491405958,0.200147526405,36.0147279774,-107.491405958,200.147526405,102.07764426,102.07764426,231.033526427
1198,0,180,positive,0.0359601656391,-0.107491405958,0.199977214305,35.9601656391,-107.491405958,199.977214305,102.132206598,102.132206598,230.863214327
1198,1,180,positive,0.0360053322356,-0.107491405958,0.200107733077,36.0053322356,-107.491405958,200.107733077,102.087040002,102.087040002,230.993733099
1199,0,180,positive,0.0360053322356,-0.107491405958,0.200107733077,36.0053322356,-107.491405958,200.107733077,102.087040002,102.087040002,230.993733099
1199,1,180,positive,0.0360147279774,-0.107491405958,0.200147526405,36.0147279774,-107.491405958,200.147526405,102.07764426,102.07764426,231.033526427
1200,0,180,positive,0.0361620407625,-0.107491405958,0.200877158363,36.1620407625,-107.491405958,200.877158363,101.930331475,101.930331475,231.763158386
1200,1,180,positive,0.0361511636673,-0.107491405958,0.20078293464,36.1511636673,-107.491405958,200.78293464,101.94120857,101.94120857,231.668934663
1201,0,180,positive,0.0361620407625,-0.107491405958,0.200877158363,36.1620407625,-107.491405958,200.877158363,101.930331475,101.930331475,231.763158386
1201,1,180,positive,0.0362450157743,-0.107491405958,0.201394299694,36.2450157743,-107.491405958,201.394299694,101.847356463,101.847356463,232.280299717
1202,0,180,positive,0.036288545436,-0.107491405958,0.201735320023,36.288545436,-107.491405958,201.735320023,101.803826801,101.803826801,232.621320045
1202,1,180,positive,0.0362450157743,-0.107491405958,0.201394299694,36.2450157743,-107.491405958,201.394299694,101.847356463,101.847356463,232.280299717
1203,0,180,positive,0.036288545436,-0.107491405958,0.201735320023,36.288545436,-107.491405958,201.735320023,101.803826801,101.803826801,232.621320045
1203,1,180,positive,0.0363569971014,-0.107491405958,0.202004517268,36.3569971014,-107.491405958,202.004517268,101.735375136,101.735375136,232.89051729
1204,0,180,positive,0.0363980707638,-0.107491405958,0.20234308828,36.3980707638,-107.491405958,202.34308828,101.694301473,101.694301473,233.229088302
1204,1,180,positive,0.0363733198832,-0.107491405958,0.202765663195,36.3733198832,-107.491405958,202.765663195,101.719052354,101.719052354,233.651663217
1205,0,180,positive,0.0363733198832,-0.107491405958,0.202765663195,36.3733198832,-107.491405958,202.765663195,101.719052354,101.719052354,233.651663217
1205,1,180,positive,0.0363938525097,-0.107491405958,0.203146120681,36.3938525097,-107.491405958,203.146120681,101.698519728,101.698519728,234.032120703
1206,0,180,positive,0.0364059078827,-0.107491405958,0.203576100995,36.4059078827,-107.491405958,203.576100995,101.686464355,101.686464355,234.462101017
1206,1,180,positive,0.0363938525097,-0.107491405958,0.203146120681,36.3938525097,-107.491405958,203.146120681,101.698519728,101.698519728,234.032120703
1207,0,180,positive,0.0364059078827,-0.107491405958,0.203576100995,36.4059078827,-107.491405958,203.576100995,101.686464355,101.686464355,234.462101017
1207,1,180,positive,0.0364636766337,-0.107491405958,0.203914872237,36.4636766337,-107.491405958,203.914872237,101.628695603,101.628695603,234.800872259
1208,0,180,positive,0.0364523307586,-0.107491405958,0.204202688633,36.4523307586,-107.491405958,204.202688633,101.640041479,101.640041479,235.088688656
1208,1,180,positive,0.0364636766337,-0.107491405958,0.203914872237,36.4636766337,-107.491405958,203.914872237,101.628695603,101.628695603,234.800872259
1209,0,180,positive,0.0363351527909,-0.107491405958,0.204569905011,36.3351527909,-107.491405958,204.569905011,101.757219446,101.757219446,235.455905033
1209,1,180,positive,0.0363218248971,-0.107491405958,0.204646920045,36.3218248971,-107.491405958,204.646920045,101.77054734,101.77054734,235.532920068
1210,0,180,positive,0.0363351527909,-0.107491405958,0.204569905011,36.3351527909,-107.491405958,204.569905011,101.757219446,101.757219446,235.455905033
1210,1,180,positive,0.0364523307586,-0.107491405958,0.204202688633,36.4523307586,-107.491405958,204.202688633,101.640041479,101.640041479,235.088688656
1211,0,180,positive,0.0362592864025,-0.107491405958,0.204782256473,36.2592864025,-107.491405958,204.782256473,101.833085835,101.833085835,235.668256495
1211,1,180,positive,0.0363218248971,-0.107491405958,0.204646920045,36.3218248971,-107.491405958,204.646920045,101.77054734,101.77054734,235.532920068
1212,0,180,positive,0.0362592864025,-0.107491405958,0.204782256473,36.2592864025,-107.491405958,204.782256473,101.833085835,101.833085835,235.668256495
1212,1,180,positive,0.0362408172121,-0.107491405958,0.20480615024,36.2408172121,-107.491405958,204.80615024,101.851555025,101.851555025,235.692150262
1213,0,180,positive,0.0362408172121,-0.107491405958,0.20480615024,36.2408172121,-107.491405958,204.80615024,101.851555025,101.851555025,235.692150262
1213,1,180,positive,0.0362213216412,-0.107491405958,0.2048453648,36.2213216412,-107.491405958,204.8453648,101.871050596,101.871050596,235.731364822
1214,0,180,positive,0.0361316765982,-0.107491405958,0.205229715715,36.1316765982,-107.491405958,205.229715715,101.960695639,101.960695639,236.115715737
1214,1,180,positive,0.0362213216412,-0.107491405958,0.2048453648,36.2213216412,-107.491405958,204.8453648,101.871050596,101.871050596,235.731364822
1215,0,180,positive,0.0361316765982,-0.107491405958,0.205229715715,36.1316765982,-107.491405958,205.229715715,101.960695639,101.960695639,236.115715737
1215,1,180,positive,0.0361548202426,-0.107491405958,0.205423638375,36.1548202426,-107.491405958,205.423638375,101.937551995,101.937551995,236.309638397
1216,0,180,positive,0.0361548202426,-0.107491405958,0.205423638375,36.1548202426,-107.491405958,205.423638375,101.937551995,101.937551995,236.309638397
1216,1,180,positive,0.0363500884883,-0.107491405958,0.205816725574,36.3500884883,-107.491405958,205.816725574,101.742283749,101.742283749,236.702725596
1217,0,180,positive,0.0325254633489,-0.107491405958,0.199360917408,32.5254633489,-107.491405958,199.360917408,105.566908888,105.566908888,230.24691743
1217,1,180,positive,0.032482643082,-0.107491405958,0.199966321638,32.482643082,-107.491405958,199.966321638,105.609729155,105.609729155,230.85232166
1218,0,180,positive,0.0326324847471,-0.107491405958,0.202248139582,32.6324847471,-107.491405958,202.248139582,105.45988749,105.45988749,233.134139605
1218,1,180,positive,0.0326330919053,-0.107491405958,0.202252136069,32.6330919053,-107.491405958,202.252136069,105.459280332,105.459280332,233.138136091
1219,0,180,positive,0.0326330919053,-0.107491405958,0.202252136069,32.6330919053,-107.491405958,202.252136069,105.459280332,105.459280332,233.138136091
1219,1,180,positive,0.0326335823442,-0.107491405958,0.202257097181,32.6335823442,-107.491405958,202.257097181,105.458789893,105.458789893,233.143097203
1220,0,180,positive,0.0328611105845,-0.107491405958,0.203985651141,32.8611105845,-107.491405958,203.985651141,105.231261653,105.231261653,234.871651163
1220,1,180,positive,0.032906425266,-0.107491405958,0.204340189588,32.906425266,-107.491405958,204.340189588,105.185946971,105.185946971,235.226189611
1221,0,180,positive,0.0324196260132,-0.107491405958,0.200991421746,32.4196260132,-107.491405958,200.991421746,105.672746224,105.672746224,231.877421768
1221,1,180,positive,0.0324406962999,-0.107491405958,0.200637440128,32.4406962999,-107.491405958,200.637440128,105.651675937,105.651675937,231.52344015
1222,0,180,positive,0.0324406962999,-0.107491405958,0.200637440128,32.4406962999,-107.491405958,200.637440128,105.651675937,105.651675937,231.52344015
1222,1,180,positive,0.032482643082,-0.107491405958,0.199966321638,32.482643082,-107.491405958,199.966321638,105.609729155,105.609729155,230.85232166
1223,0,180,positive,0.0324574056475,-0.107491405958,0.201277071799,32.4574056475,-107.491405958,201.277071799,105.63496659,105.63496659,232.163071822
1223,1,180,positive,0.0324196260132,-0.107491405958,0.200991421746,32.4196260132,-107.491405958,200.991421746,105.672746224,105.672746224,231.877421768
1224,0,180,positive,0.0326324847471,-0.107491405958,0.202248139582,32.6324847471,-107.491405958,202.248139582,105.45988749,105.45988749,233.134139605
1224,1,180,positive,0.0324574056475,-0.107491405958,0.201277071799,32.4574056475,-107.491405958,201.277071799,105.63496659,105.63496659,232.163071822
1225,0,180,positive,0.0326442369813,-0.107491405958,0.202714601932,32.6442369813,-107.491405958,202.714601932,105.448135256,105.448135256,233.600601954
1225,1,180,positive,0.0326335823442,-0.107491405958,0.202257097181,32.6335823442,-107.491405958,202.257097181,105.458789893,105.458789893,233.143097203
1226,0,180,positive,0.0327120660083,-0.107491405958,0.203076440139,32.7120660083,-107.491405958,203.076440139,105.380306229,105.380306229,233.962440161
1226,1,180,positive,0.0326442369813,-0.107491405958,0.202714601932,32.6442369813,-107.491405958,202.714601932,105.448135256,105.448135256,233.600601954
1227,0,180,positive,0.0327120660083,-0.107491405958,0.203076440139,32.7120660083,-107.491405958,203.076440139,105.380306229,105.380306229,233.962440161
1227,1,180,positive,0.0328469667104,-0.107491405958,0.203908509141,32.8469667104,-107.491405958,203.908509141,105.245405527,105.245405527,234.794509163
1228,0,180,positive,0.0328611105845,-0.107491405958,0.203985651141,32.8611105845,-107.491405958,203.985651141,105.231261653,105.231261653,234.871651163
1228,1,180,positive,0.0328469667104,-0.107491405958,0.203908509141,32.8469667104,-107.491405958,203.908509141,105.245405527,105.245405527,234.794509163
1229,0,180,positive,0.0335280725215,-0.107491405958,0.206325657105,33.5280725215,-107.491405958,206.325657105,104.564299716,104.564299716,237.211657127
1229,1,180,positive,0.0332596717621,-0.107491405958,0.205519146195,33.2596717621,-107.491405958,205.519146195,104.832700475,104.832700475,236.405146217
1230,0,180,positive,0.032906425266,-0.107491405958,0.204340189588,32.906425266,-107.491405958,204.340189588,105.185946971,105.185946971,235.226189611
1230,1,180,positive,0.0329416470994,-0.107491405958,0.204486851596,32.9416470994,-107.491405958,204.486851596,105.150725138,105.150725138,235.372851619
1231,0,180,positive,0.0332596717621,-0.107491405958,0.205519146195,33.2596717621,-107.491405958,205.519146195,104.832700475,104.832700475,236.405146217
1231,1,180,positive,0.0329416470994,-0.107491405958,0.204486851596,32.9416470994,-107.491405958,204.486851596,105.150725138,105.150725138,235.372851619
1232,0,180,positive,0.0335280725215,-0.107491405958,0.206325657105,33.5280725215,-107.491405958,206.325657105,104.564299716,104.564299716,237.211657127
1232,1,180,positive,0.0337242986094,-0.107491405958,0.207012384446,33.7242986094,-107.491405958,207.012384446,104.368073628,104.368073628,237.898384469
1233,0,180,positive,0.0341177882246,-0.107491405958,0.208034051042,34.1177882246,-107.491405958,208.034051042,103.974584013,103.974584013,238.920051064
1233,1,180,positive,0.0337242986094,-0.107491405958,0.207012384446,33.7242986094,-107.491405958,207.012384446,104.368073628,104.368073628,237.898384469
1234,0,180,positive,0.0341177882246,-0.107491405958,0.208034051042,34.1177882246,-107.491405958,208.034051042,103.974584013,103.974584013,238.920051064
1234,1,180,positive,0.034192838059,-0.107491405958,0.208214171005,34.192838059,-107.491405958,208.214171005,103.899534178,103.899534178,239.100171028
1235,0,180,positive,0.034192838059,-0.107491405958,0.208214171005,34.192838059,-107.491405958,208.214171005,103.899534178,103.899534178,239.100171028
1235,1,180,positive,0.0342896691193,-0.107491405958,0.208419665267,34.2896691193,-107.491405958,208.419665267,103.802703118,103.802703118,239.305665289
1236,0,180,positive,0.0367008296217,-0.107491405958,0.213296896741,36.7008296217,-107.491405958,213.296896741,101.391542615,101.391542615,244.182896763
1236,1,180,positive,0.0365814207894,-0.107491405958,0.213032587369,36.5814207894,-107.491405958,213.032587369,101.510951448,101.510951448,243.918587391
1237,0,180,positive,0.0363049111095,-0.107491405958,0.212502619489,36.3049111095,-107.491405958,212.502619489,101.787461128,101.787461128,243.388619512
1237,1,180,positive,0.0365814207894,-0.107491405958,0.213032587369,36.5814207894,-107.491405958,213.032587369,101.510951448,101.510951448,243.918587391
1238,0,180,positive,0.0367008296217,-0.107491405958,0.213296896741,36.7008296217,-107.491405958,213.296896741,101.391542615,101.391542615,244.182896763
1238,1,180,positive,0.037129771625,-0.107491405958,0.214336582141,37.129771625,-107.491405958,214.336582141,100.962600612,100.962600612,245.222582163
1239,0,180,positive,0.0350559735553,-0.107491405958,0.210012655912,35.0559735553,-107.491405958,210.012655912,103.036398682,103.036398682,240.898655934
1239,1,180,positive,0.0352757723723,-0.107491405958,0.210499319374,35.2757723723,-107.491405958,210.499319374,102.816599865,102.816599865,241.385319396
1240,0,180,positive,0.0360833998089,-0.107491405958,0.212107811416,36.0833998089,-107.491405958,212.107811416,102.008972428,102.008972428,242.993811438
1240,1,180,positive,0.0352757723723,-0.107491405958,0.210499319374,35.2757723723,-107.491405958,210.499319374,102.816599865,102.816599865,241.385319396
1241,0,180,positive,0.0347733286068,-0.107491405958,0.209464127925,34.7733286068,-107.491405958,209.464127925,103.31904363,103.31904363,240.350127947
1241,1,180,positive,0.0342896691193,-0.107491405958,0.208419665267,34.2896691193,-107.491405958,208.419665267,103.802703118,103.802703118,239.305665289
1242,0,180,positive,0.0350559735553,-0.107491405958,0.210012655912,35.0559735553,-107.491405958,210.012655912,103.036398682,103.036398682,240.898655934
1242,1,180,positive,0.0347733286068,-0.107491405958,0.209464127925,34.7733286068,-107.491405958,209.464127925,103.31904363,103.31904363,240.350127947
1243,0,180,positive,0.0519047619926,-0.107491405958,0.225337346077,51.9047619926,-107.491405958,225.337346077,86.1876102446,86.1876102446,256.223346099
1243,1,180,positive,0.0518363494128,-0.107491405958,0.224986090101,51.8363494128,-107.491405958,224.986090101,86.2560228244,86.2560228244,255.872090123
1244,0,180,positive,0.0520365930415,-0.107491405958,0.227937253472,52.0365930415,-107.491405958,227.937253472,86.0557791957,86.0557791957,258.823253494
1244,1,180,positive,0.0520464484698,-0.107491405958,0.227868898699,52.0464484698,-107.491405958,227.868898699,86.0459237674,86.0459237674,258.754898721
1245,0,180,positive,0.0520363265945,-0.107491405958,0.227962735805,52.0363265945,-107.491405958,227.962735805,86.0560456427,86.0560456427,258.848735828
1245,1,180,positive,0.0520365930415,-0.107491405958,0.227937253472,52.0365930415,-107.491405958,227.937253472,86.0557791957,86.0557791957,258.823253494
1246,0,180,positive,0.0520348289362,-0.107491405958,0.228010662657,52.0348289362,-107.491405958,228.010662657,86.057543301,86.057543301,258.896662679
1246,1,180,positive,0.0520363265945,-0.107491405958,0.227962735805,52.0363265945,-107.491405958,227.962735805,86.0560456427,86.0560456427,258.848735828
1247,0,180,positive,0.0521110849583,-0.107491405958,0.229611197391,52.1110849583,-107.491405958,229.611197391,85.9812872789,85.9812872789,260.497197413
1247,1,180,positive,0.0520559762825,-0.107491405958,0.228896241122,52.0559762825,-107.491405958,228.896241122,86.0363959547,86.0363959547,259.782241145
1248,0,180,positive,0.0519233377908,-0.107491405958,0.232575384268,51.9233377908,-107.491405958,232.575384268,86.1690344464,86.1690344464,263.46138429
1248,1,180,positive,0.0519315594001,-0.107491405958,0.232509056942,51.9315594001,-107.491405958,232.509056942,86.1608128371,86.1608128371,263.395056964
1249,0,180,positive,0.0517824712839,-0.107491405958,0.233350492388,51.7824712839,-107.491405958,233.350492388,86.3099009533,86.3099009533,264.236492411
1249,1,180,positive,0.0517861137727,-0.107491405958,0.233286273271,51.7861137727,-107.491405958,233.286273271,86.3062584645,86.3062584645,264.172273294
1250,0,180,positive,0.0515507128982,-0.107491405958,0.222757404656,51.5507128982,-107.491405958,222.757404656,86.541659339,86.541659339,253.643404678
1250,1,180,positive,0.0516244364859,-0.107491405958,0.222966659995,51.6244364859,-107.491405958,222.966659995,86.4679357513,86.4679357513,253.852660018
1251,0,180,positive,0.0499216377857,-0.107491405958,0.219871534756,49.9216377857,-107.491405958,219.871534756,88.1707344515,88.1707344515,250.757534778
1251,1,180,positive,0.0498079375082,-0.107491405958,0.219710721437,49.8079375082,-107.491405958,219.710721437,88.284434729,88.284434729,250.596721459
1252,0,180,positive,0.0494880586208,-0.107491405958,0.219119972743,49.4880586208,-107.491405958,219.119972743,88.6043136164,88.6043136164,250.005972765
1252,1,180,positive,0.048693652252,-0.107491405958,0.218070823364,48.693652252,-107.491405958,218.070823364,89.3987199852,89.3987199852,248.956823386
1253,0,180,positive,0.0494880586208,-0.107491405958,0.219119972743,49.4880586208,-107.491405958,219.119972743,88.6043136164,88.6043136164,250.005972765
1253,1,180,positive,0.0498079375082,-0.107491405958,0.219710721437,49.8079375082,-107.491405958,219.710721437,88.284434729,88.284434729,250.596721459
1254,0,180,positive,0.0508313230424,-0.107491405958,0.221092923162,50.8313230424,-107.491405958,221.092923162,87.2610491948,87.2610491948,251.978923185
1254,1,180,positive,0.0511116042232,-0.107491405958,0.221805518536,51.1116042232,-107.491405958,221.805518536,86.980768014,86.980768014,252.691518558
1255,0,180,positive,0.0508313230424,-0.107491405958,0.221092923162,50.8313230424,-107.491405958,221.092923162,87.2610491948,87.2610491948,251.978923185
1255,1,180,positive,0.050733781196,-0.107491405958,0.220881372955,50.733781196,-107.491405958,220.881372955,87.3585910412,87.3585910412,251.767372977
1256,0,180,positive,0.0515507128982,-0.107491405958,0.222757404656,51.5507128982,-107.491405958,222.757404656,86.541659339,86.541659339,253.643404678
1256,1,180,positive,0.0511116042232,-0.107491405958,0.221805518536,51.1116042232,-107.491405958,221.805518536,86.980768014,86.980768014,252.691518558
1257,0,180,positive,0.0499216377857,-0.107491405958,0.219871534756,49.9216377857,-107.491405958,219.871534756,88.1707344515,88.1707344515,250.757534778
1257,1,180,positive,0.050733781196,-0.107491405958,0.220881372955,50.733781196,-107.491405958,220.881372955,87.3585910412,87.3585910412,251.767372977
1258,0,180,positive,0.048418680266,-0.107491405958,0.217685904921,48.418680266,-107.491405958,217.685904921,89.6736919712,89.6736919712,248.571904943
1258,1,180,positive,0.048693652252,-0.107491405958,0.218070823364,48.693652252,-107.491405958,218.070823364,89.3987199852,89.3987199852,248.956823386
1259,0,180,positive,0.0517806023725,-0.107491405958,0.223774731692,51.7806023725,-107.491405958,223.774731692,86.3117698647,86.3117698647,254.660731714
1259,1,180,positive,0.051727070861,-0.107491405958,0.223420829098,51.727070861,-107.491405958,223.420829098,86.3653013762,86.3653013762,254.30682912
1260,0,180,positive,0.0517896144232,-0.107491405958,0.223998936369,51.7896144232,-107.491405958,223.998936369,86.302757814,86.302757814,254.884936391
1260,1,180,positive,0.0517806023725,-0.107491405958,0.223774731692,51.7806023725,-107.491405958,223.774731692,86.3117698647,86.3117698647,254.660731714
1261,0,180,positive,0.0516244364859,-0.107491405958,0.222966659995,51.6244364859,-107.491405958,222.966659995,86.4679357513,86.4679357513,253.852660018
1261,1,180,positive,0.0516964207847,-0.107491405958,0.223216990969,51.6964207847,-107.491405958,223.216990969,86.3959514525,86.3959514525,254.102990992
1262,0,180,positive,0.0516964207847,-0.107491405958,0.223216990969,51.6964207847,-107.491405958,223.216990969,86.3959514525,86.3959514525,254.102990992
1262,1,180,positive,0.051727070861,-0.107491405958,0.223420829098,51.727070861,-107.491405958,223.420829098,86.3653013762,86.3653013762,254.30682912
1263,0,180,positive,0.051791641832,-0.107491405958,0.224306145259,51.791641832,-107.491405958,224.306145259,86.3007304052,86.3007304052,255.192145281
1263,1,180,positive,0.0517896144232,-0.107491405958,0.223998936369,51.7896144232,-107.491405958,223.998936369,86.302757814,86.302757814,254.884936391
1264,0,180,positive,0.051791641832,-0.107491405958,0.224306145259,51.791641832,-107.491405958,224.306145259,86.3007304052,86.3007304052,255.192145281
1264,1,180,positive,0.0517919594827,-0.107491405958,0.224525920895,51.7919594827,-107.491405958,224.525920895,86.3004127545,86.3004127545,255.411920917
1265,0,180,positive,0.0517919594827,-0.107491405958,0.224525920895,51.7919594827,-107.491405958,224.525920895,86.3004127545,86.3004127545,255.411920917
1265,1,180,positive,0.0518363494128,-0.107491405958,0.224986090101,51.8363494128,-107.491405958,224.986090101,86.2560228244,86.2560228244,255.872090123
1266,0,180,positive,0.0519047619926,-0.107491405958,0.225337346077,51.9047619926,-107.491405958,225.337346077,86.1876102446,86.1876102446,256.223346099
1266,1,180,positive,0.0520908946071,-0.107491405958,0.225913756933,52.0908946071,-107.491405958,225.913756933,86.0014776301,86.0014776301,256.799756956
1267,0,180,positive,0.0520908946071,-0.107491405958,0.225913756933,52.0908946071,-107.491405958,225.913756933,86.0014776301,86.0014776301,256.799756956
1267,1,180,positive,0.0521346324991,-0.107491405958,0.2261850003,52.1346324991,-107.491405958,226.1850003,85.9577397381,85.9577397381,257.071000322
1268,0,180,positive,0.0521638692408,-0.107491405958,0.226507866024,52.1638692408,-107.491405958,226.507866024,85.9285029964,85.9285029964,257.393866046
1268,1,180,positive,0.0521408742048,-0.107491405958,0.227151459525,52.1408742048,-107.491405958,227.151459525,85.9514980324,85.9514980324,258.037459548
1269,0,180,positive,0.0521638692408,-0.107491405958,0.226507866024,52.1638692408,-107.491405958,226.507866024,85.9285029964,85.9285029964,257.393866046
1269,1,180,positive,0.0521346324991,-0.107491405958,0.2261850003,52.1346324991,-107.491405958,226.1850003,85.9577397381,85.9577397381,257.071000322
1270,0,180,positive,0.0521322806756,-0.107491405958,0.227358266666,52.1322806756,-107.491405958,227.358266666,85.9600915616,85.9600915616,258.244266688
1270,1,180,positive,0.0521408742048,-0.107491405958,0.227151459525,52.1408742048,-107.491405958,227.151459525,85.9514980324,85.9514980324,258.037459548
1271,0,180,positive,0.0462428433618,-0.107491405958,0.227859963346,46.2428433618,-107.491405958,227.859963346,91.8495288754,91.8495288754,258.745963368
1271,1,180,positive,0.0457482031792,-0.107491405958,0.226756778943,45.7482031792,-107.491405958,226.756778943,92.344169058,92.344169058,257.642778966
1272,0,180,positive,0.0457482031792,-0.107491405958,0.226756778943,45.7482031792,-107.491405958,226.756778943,92.344169058,92.344169058,257.642778966
1272,1,180,positive,0.0454170659694,-0.107491405958,0.226093336714,45.4170659694,-107.491405958,226.093336714,92.6753062678,92.6753062678,256.979336736
1273,0,180,positive,0.0450141519879,-0.107491405958,0.225452379604,45.0141519879,-107.491405958,225.452379604,93.0782202493,93.0782202493,256.338379627
1273,1,180,positive,0.0447394944038,-0.107491405958,0.225064913815,44.7394944038,-107.491405958,225.064913815,93.3528778334,93.3528778334,255.950913838
1274,0,180,positive,0.0447011207325,-0.107491405958,0.225015070984,44.7011207325,-107.491405958,225.015070984,93.3912515047,93.3912515047,255.901071006
1274,1,180,positive,0.0447394944038,-0.107491405958,0.225064913815,44.7394944038,-107.491405958,225.064913815,93.3528778334,93.3528778334,255.950913838
1275,0,180,positive,0.0446693177658,-0.107491405958,0.224977019632,44.6693177658,-107.491405958,224.977019632,93.4230544714,93.4230544714,255.863019654
1275,1,180,positive,0.0447011207325,-0.107491405958,0.225015070984,44.7011207325,-107.491405958,225.015070984,93.3912515047,93.3912515047,255.901071006
1276,0,180,positive,0.0446288181338,-0.107491405958,0.224936904262,44.6288181338,-107.491405958,224.936904262,93.4635541034,93.4635541034,255.822904285
1276,1,180,positive,0.0446693177658,-0.107491405958,0.224977019632,44.6693177658,-107.491405958,224.977019632,93.4230544714,93.4230544714,255.863019654
1277,0,180,positive,0.044541166707,-0.107491405958,0.224832267047,44.541166707,-107.491405958,224.832267047,93.5512055302,93.5512055302,255.718267069
1277,1,180,positive,0.0446288181338,-0.107491405958,0.224936904262,44.6288181338,-107.491405958,224.936904262,93.4635541034,93.4635541034,255.822904285
1278,0,180,positive,0.0462428433618,-0.107491405958,0.227859963346,46.2428433618,-107.491405958,227.859963346,91.8495288754,91.8495288754,258.745963368
1278,1,180,positive,0.0463108519575,-0.107491405958,0.228013753859,46.3108519575,-107.491405958,228.013753859,91.7815202797,91.7815202797,258.899753881
1279,0,180,positive,0.045347380543,-0.107491405958,0.225962562935,45.347380543,-107.491405958,225.962562935,92.7449916942,92.7449916942,256.848562957
1279,1,180,positive,0.0454170659694,-0.107491405958,0.226093336714,45.4170659694,-107.491405958,226.093336714,92.6753062678,92.6753062678,256.979336736
1280,0,180,positive,0.045347380543,-0.107491405958,0.225962562935,45.347380543,-107.491405958,225.962562935,92.7449916942,92.7449916942,256.848562957
1280,1,180,positive,0.0450141519879,-0.107491405958,0.225452379604,45.0141519879,-107.491405958,225.452379604,93.0782202493,93.0782202493,256.338379627
1281,0,180,positive,0.0426009964316,-0.107491405958,0.222642783725,42.6009964316,-107.491405958,222.642783725,95.4913758056,95.4913758056,253.528783748
1281,1,180,positive,0.04315734714,-0.107491405958,0.223306546249,43.15734714,-107.491405958,223.306546249,94.9350250972,94.9350250972,254.192546272
1282,0,180,positive,0.0426009964316,-0.107491405958,0.222642783725,42.6009964316,-107.491405958,222.642783725,95.4913758056,95.4913758056,253.528783748
1282,1,180,positive,0.0423538292383,-0.107491405958,0.222387843157,42.3538292383,-107.491405958,222.387843157,95.7385429989,95.7385429989,253.273843179
1283,0,180,positive,0.044541166707,-0.107491405958,0.224832267047,44.541166707,-107.491405958,224.832267047,93.5512055302,93.5512055302,255.718267069
1283,1,180,positive,0.0442145625283,-0.107491405958,0.224486914593,44.2145625283,-107.491405958,224.486914593,93.8778097089,93.8778097089,255.372914615
1284,0,180,positive,0.0442145625283,-0.107491405958,0.224486914593,44.2145625283,-107.491405958,224.486914593,93.8778097089,93.8778097089,255.372914615
1284,1,180,positive,0.0439839045669,-0.107491405958,0.224120324992,43.9839045669,-107.491405958,224.120324992,94.1084676704,94.1084676704,255.006325014
1285,0,180,positive,0.0438097390768,-0.107491405958,0.223912057014,43.8097390768,-107.491405958,223.912057014,94.2826331604,94.2826331604,254.798057037
1285,1,180,positive,0.0438578511144,-0.107491405958,0.223950921879,43.8578511144,-107.491405958,223.950921879,94.2345211228,94.2345211228,254.836921902
1286,0,180,positive,0.0438578511144,-0.107491405958,0.223950921879,43.8578511144,-107.491405958,223.950921879,94.2345211228,94.2345211228,254.836921902
1286,1,180,positive,0.0438765409983,-0.107491405958,0.223971054011,43.8765409983,-107.491405958,223.971054011,94.2158312389,94.2158312389,254.857054033
1287,0,180,positive,0.0438765409983,-0.107491405958,0.223971054011,43.8765409983,-107.491405958,223.971054011,94.2158312389,94.2158312389,254.857054033
1287,1,180,positive,0.0439839045669,-0.107491405958,0.224120324992,43.9839045669,-107.491405958,224.120324992,94.1084676704,94.1084676704,255.006325014
1288,0,180,positive,0.0438097390768,-0.107491405958,0.223912057014,43.8097390768,-107.491405958,223.912057014,94.2826331604,94.2826331604,254.798057037
1288,1,180,positive,0.0434195601817,-0.107491405958,0.22357062188,43.4195601817,-107.491405958,223.57062188,94.6728120556,94.6728120556,254.456621902
1289,0,180,positive,0.0434195601817,-0.107491405958,0.22357062188,43.4195601817,-107.491405958,223.57062188,94.6728120556,94.6728120556,254.456621902
1289,1,180,positive,0.04315734714,-0.107491405958,0.223306546249,43.15734714,-107.491405958,223.306546249,94.9350250972,94.9350250972,254.192546272
1290,0,180,positive,0.0521322806756,-0.107491405958,0.227358266666,52.1322806756,-107.491405958,227.358266666,85.9600915616,85.9600915616,258.244266688
1290,1,180,positive,0.0520464484698,-0.107491405958,0.227868898699,52.0464484698,-107.491405958,227.868898699,86.0459237674,86.0459237674,258.754898721
1291,0,180,positive,0.0520348289362,-0.107491405958,0.228010662657,52.0348289362,-107.491405958,228.010662657,86.057543301,86.057543301,258.896662679
1291,1,180,positive,0.0520398539656,-0.107491405958,0.22866720308,52.0398539656,-107.491405958,228.66720308,86.0525182716,86.0525182716,259.553203102
1292,0,180,positive,0.0520398539656,-0.107491405958,0.22866720308,52.0398539656,-107.491405958,228.66720308,86.0525182716,86.0525182716,259.553203102
1292,1,180,positive,0.0520559762825,-0.107491405958,0.228896241122,52.0559762825,-107.491405958,228.896241122,86.0363959547,86.0363959547,259.782241145
1293,0,180,positive,0.0521110849583,-0.107491405958,0.229611197391,52.1110849583,-107.491405958,229.611197391,85.9812872789,85.9812872789,260.497197413
1293,1,180,positive,0.0520899439151,-0.107491405958,0.230447918712,52.0899439151,-107.491405958,230.447918712,86.0024283221,86.0024283221,261.333918734
1294,0,180,positive,0.0520899439151,-0.107491405958,0.230447918712,52.0899439151,-107.491405958,230.447918712,86.0024283221,86.0024283221,261.333918734
1294,1,180,positive,0.0520896542207,-0.107491405958,0.230851518648,52.0896542207,-107.491405958,230.851518648,86.0027180166,86.0027180166,261.737518671
1295,0,180,positive,0.0519924009987,-0.107491405958,0.231352960379,51.9924009987,-107.491405958,231.352960379,86.0999712385,86.0999712385,262.238960402
1295,1,180,positive,0.0520896542207,-0.107491405958,0.230851518648,52.0896542207,-107.491405958,230.851518648,86.0027180166,86.0027180166,261.737518671
1296,0,180,positive,0.0519924009987,-0.107491405958,0.231352960379,51.9924009987,-107.491405958,231.352960379,86.0999712385,86.0999712385,262.238960402
1296,1,180,positive,0.0519315594001,-0.107491405958,0.232509056942,51.9315594001,-107.491405958,232.509056942,86.1608128371,86.1608128371,263.395056964
1297,0,180,positive,0.0519233377908,-0.107491405958,0.232575384268,51.9233377908,-107.491405958,232.575384268,86.1690344464,86.1690344464,263.46138429
1297,1,180,positive,0.0517861137727,-0.107491405958,0.233286273271,51.7861137727,-107.491405958,233.286273271,86.3062584645,86.3062584645,264.172273294
1298,0,180,positive,0.0517824712839,-0.107491405958,0.233350492388,51.7824712839,-107.491405958,233.350492388,86.3099009533,86.3099009533,264.236492411
1298,1,180,positive,0.0516750403606,-0.107491405958,0.234254871725,51.6750403606,-107.491405958,234.254871725,86.4173318766,86.4173318766,265.140871748
1299,0,180,positive,0.051652931473,-0.107491405958,0.234363278761,51.652931473,-107.491405958,234.363278761,86.4394407642,86.4394407642,265.249278783
1299,1,180,positive,0.0516750403606,-0.107491405958,0.234254871725,51.6750403606,-107.491405958,234.254871725,86.4173318766,86.4173318766,265.140871748
1300,0,180,positive,0.0516285949539,-0.107491405958,0.234566835243,51.6285949539,-107.491405958,234.566835243,86.4637772833,86.4637772833,265.452835266
1300,1,180,positive,0.051652931473,-0.107491405958,0.234363278761,51.652931473,-107.491405958,234.363278761,86.4394407642,86.4394407642,265.249278783
1301,0,180,positive,0.0516285949539,-0.107491405958,0.234566835243,51.6285949539,-107.491405958,234.566835243,86.4637772833,86.4637772833,265.452835266
1301,1,180,positive,0.0514991402955,-0.107491405958,0.235359257575,51.4991402955,-107.491405958,235.359257575,86.5932319417,86.5932319417,266.245257598
1302,0,180,positive,0.0514945480764,-0.107491405958,0.235384188241,51.4945480764,-107.491405958,235.384188241,86.5978241608,86.5978241608,266.270188263
1302,1,180,positive,0.0514991402955,-0.107491405958,0.235359257575,51.4991402955,-107.491405958,235.359257575,86.5932319417,86.5932319417,266.245257598
1303,0,180,positive,0.0514945480764,-0.107491405958,0.235384188241,51.4945480764,-107.491405958,235.384188241,86.5978241608,86.5978241608,266.270188263
1303,1,180,positive,0.0513018255557,-0.107491405958,0.235995997391,51.3018255557,-107.491405958,235.995997391,86.7905466816,86.7905466816,266.881997414
1304,0,180,positive,0.0513018255557,-0.107491405958,0.235995997391,51.3018255557,-107.491405958,235.995997391,86.7905466816,86.7905466816,266.881997414
1304,1,180,positive,0.051005551867,-0.107491405958,0.236856334649,51.005551867,-107.491405958,236.856334649,87.0868203702,87.0868203702,267.742334671
1305,0,180,positive,0.0508996774199,-0.107491405958,0.237158408315,50.8996774199,-107.491405958,237.158408315,87.1926948173,87.1926948173,268.044408337
1305,1,180,positive,0.051005551867,-0.107491405958,0.236856334649,51.005551867,-107.491405958,236.856334649,87.0868203702,87.0868203702,267.742334671
1306,0,180,positive,0.0463108519575,-0.107491405958,0.228013753859,46.3108519575,-107.491405958,228.013753859,91.7815202797,91.7815202797,258.899753881
1306,1,180,positive,0.0463319959605,-0.107491405958,0.2280752631,46.3319959605,-107.491405958,228.0752631,91.7603762767,91.7603762767,258.961263122
1307,0,180,positive,0.0463319959605,-0.107491405958,0.2280752631,46.3319959605,-107.491405958,228.0752631,91.7603762767,91.7603762767,258.961263122
1307,1,180,positive,0.0463670334967,-0.107491405958,0.228196310148,46.3670334967,-107.491405958,228.196310148,91.7253387405,91.7253387405,259.082310171
1308,0,180,positive,0.0466924535007,-0.107491405958,0.229526835447,46.6924535007,-107.491405958,229.526835447,91.3999187365,91.3999187365,260.412835469
1308,1,180,positive,0.0467184653429,-0.107491405958,0.229742563415,46.7184653429,-107.491405958,229.742563415,91.3739068943,91.3739068943,260.628563437
1309,0,180,positive,0.0467184653429,-0.107491405958,0.229742563415,46.7184653429,-107.491405958,229.742563415,91.3739068943,91.3739068943,260.628563437
1309,1,180,positive,0.0467209735005,-0.107491405958,0.229776869911,46.7209735005,-107.491405958,229.776869911,91.3713987367,91.3713987367,260.662869933
1310,0,180,positive,0.0467439363379,-0.107491405958,0.230428050819,46.7439363379,-107.491405958,230.428050819,91.3484358993,91.3484358993,261.314050841
1310,1,180,positive,0.0467209735005,-0.107491405958,0.229776869911,46.7209735005,-107.491405958,229.776869911,91.3713987367,91.3713987367,260.662869933
1311,0,180,positive,0.0465978218713,-0.107491405958,0.228958484362,46.5978218713,-107.491405958,228.958484362,91.4945503659,91.4945503659,259.844484385
1311,1,180,positive,0.0463670334967,-0.107491405958,0.228196310148,46.3670334967,-107.491405958,228.196310148,91.7253387405,91.7253387405,259.082310171
1312,0,180,positive,0.0466512046343,-0.107491405958,0.229224121226,46.6512046343,-107.491405958,229.224121226,91.4411676029,91.4411676029,260.110121248
1312,1,180,positive,0.0465978218713,-0.107491405958,0.228958484362,46.5978218713,-107.491405958,228.958484362,91.4945503659,91.4945503659,259.844484385
1313,0,180,positive,0.0466924535007,-0.107491405958,0.229526835447,46.6924535007,-107.491405958,229.526835447,91.3999187365,91.3999187365,260.412835469
1313,1,180,positive,0.0466512046343,-0.107491405958,0.229224121226,46.6512046343,-107.491405958,229.224121226,91.4411676029,91.4411676029,260.110121248
1314,0,180,positive,0.0467439363379,-0.107491405958,0.230428050819,46.7439363379,-107.491405958,230.428050819,91.3484358993,91.3484358993,261.314050841
1314,1,180,positive,0.0467358383274,-0.107491405958,0.230820166218,46.7358383274,-107.491405958,230.820166218,91.3565339098,91.3565339098,261.70616624
1315,0,180,positive,0.0467358383274,-0.107491405958,0.230820166218,46.7358383274,-107.491405958,230.820166218,91.3565339098,91.3565339098,261.70616624
1315,1,180,positive,0.0467123810058,-0.107491405958,0.231067511206,46.7123810058,-107.491405958,231.067511206,91.3799912314,91.3799912314,261.953511229
1316,0,180,positive,0.0467259790553,-0.107491405958,0.231585397147,46.7259790553,-107.491405958,231.585397147,91.3663931819,91.3663931819,262.47139717
1316,1,180,positive,0.0468258003999,-0.107491405958,0.232635151686,46.8258003999,-107.491405958,232.635151686,91.2665718373,91.2665718373,263.521151708
1317,0,180,positive,0.0467259790553,-0.107491405958,0.231585397147,46.7259790553,-107.491405958,231.585397147,91.3663931819,91.3663931819,262.47139717
1317,1,180,positive,0.0467123810058,-0.107491405958,0.231067511206,46.7123810058,-107.491405958,231.067511206,91.3799912314,91.3799912314,261.953511229
1318,0,180,positive,0.0468274686904,-0.107491405958,0.232816811999,46.8274686904,-107.491405958,232.816811999,91.2649035468,91.2649035468,263.702812021
1318,1,180,positive,0.0467863974792,-0.107491405958,0.233229153389,46.7863974792,-107.491405958,233.229153389,91.305974758,91.305974758,264.115153411
1319,0,180,positive,0.0467445965437,-0.107491405958,0.233872415242,46.7445965437,-107.491405958,233.872415242,91.3477756935,91.3477756935,264.758415265
1319,1,180,positive,0.0467863974792,-0.107491405958,0.233229153389,46.7863974792,-107.491405958,233.229153389,91.305974758,91.305974758,264.115153411
1320,0,180,positive,0.0467445965437,-0.107491405958,0.233872415242,46.7445965437,-107.491405958,233.872415242,91.3477756935,91.3477756935,264.758415265
1320,1,180,positive,0.046727107721,-0.107491405958,0.234056752062,46.727107721,-107.491405958,234.056752062,91.3652645162,91.3652645162,264.942752085
1321,0,180,positive,0.0468271877619,-0.107491405958,0.232733928108,46.8271877619,-107.491405958,232.733928108,91.2651844753,91.2651844753,263.619928131
1321,1,180,positive,0.0468258003999,-0.107491405958,0.232635151686,46.8258003999,-107.491405958,232.635151686,91.2665718373,91.2665718373,263.521151708
1322,0,180,positive,0.0468274686904,-0.107491405958,0.232816811999,46.8274686904,-107.491405958,232.816811999,91.2649035468,91.2649035468,263.702812021
1322,1,180,positive,0.0468271877619,-0.107491405958,0.232733928108,46.8271877619,-107.491405958,232.733928108,91.2651844753,91.2651844753,263.619928131
1323,0,180,positive,0.0466101012553,-0.107491405958,0.234802455142,46.6101012553,-107.491405958,234.802455142,91.4822709819,91.4822709819,265.688455165
1323,1,180,positive,0.046727107721,-0.107491405958,0.234056752062,46.727107721,-107.491405958,234.056752062,91.3652645162,91.3652645162,264.942752085
1324,0,180,positive,0.0463553171914,-0.107491405958,0.235406981716,46.3553171914,-107.491405958,235.406981716,91.7370550458,91.7370550458,266.292981738
1324,1,180,positive,0.046564062535,-0.107491405958,0.234934293827,46.564062535,-107.491405958,234.934293827,91.5283097022,91.5283097022,265.820293849
1325,0,180,positive,0.0461628982637,-0.107491405958,0.235803711698,46.1628982637,-107.491405958,235.803711698,91.9294739735,91.9294739735,266.68971172
1325,1,180,positive,0.0459910303346,-0.107491405958,0.236109808397,45.9910303346,-107.491405958,236.109808397,92.1013419026,92.1013419026,266.995808419
1326,0,180,positive,0.0459556990309,-0.107491405958,0.236146962909,45.9556990309,-107.491405958,236.146962909,92.1366732063,92.1366732063,267.032962932
1326,1,180,positive,0.0459910303346,-0.107491405958,0.236109808397,45.9910303346,-107.491405958,236.109808397,92.1013419026,92.1013419026,266.995808419
1327,0,180,positive,0.0466101012553,-0.107491405958,0.234802455142,46.6101012553,-107.491405958,234.802455142,91.4822709819,91.4822709819,265.688455165
1327,1,180,positive,0.046585553059,-0.107491405958,0.234886870572,46.585553059,-107.491405958,234.886870572,91.5068191782,91.5068191782,265.772870594
1328,0,180,positive,0.046585553059,-0.107491405958,0.234886870572,46.585553059,-107.491405958,234.886870572,91.5068191782,91.5068191782,265.772870594
1328,1,180,positive,0.046564062535,-0.107491405958,0.234934293827,46.564062535,-107.491405958,234.934293827,91.5283097022,91.5283097022,265.820293849
1329,0,180,positive,0.0459556990309,-0.107491405958,0.236146962909,45.9556990309,-107.491405958,236.146962909,92.1366732063,92.1366732063,267.032962932
1329,1,180,positive,0.0457109120589,-0.107491405958,0.236393158129,45.7109120589,-107.491405958,236.393158129,92.3814601783,92.3814601783,267.279158151
1330,0,180,positive,0.0457109120589,-0.107491405958,0.236393158129,45.7109120589,-107.491405958,236.393158129,92.3814601783,92.3814601783,267.279158151
1330,1,180,positive,0.045639163295,-0.107491405958,0.236439545823,45.639163295,-107.491405958,236.439545823,92.4532089422,92.4532089422,267.325545846
1331,0,180,positive,0.045234203376,-0.107491405958,0.236724528802,45.234203376,-107.491405958,236.724528802,92.8581688612,92.8581688612,267.610528824
1331,1,180,positive,0.045639163295,-0.107491405958,0.236439545823,45.639163295,-107.491405958,236.439545823,92.4532089422,92.4532089422,267.325545846
1332,0,180,positive,0.044944037268,-0.107491405958,0.236907883136,44.944037268,-107.491405958,236.907883136,93.1483349693,93.1483349693,267.793883158
1332,1,180,positive,0.045234203376,-0.107491405958,0.236724528802,45.234203376,-107.491405958,236.724528802,92.8581688612,92.8581688612,267.610528824
1333,0,180,positive,0.044944037268,-0.107491405958,0.236907883136,44.944037268,-107.491405958,236.907883136,93.1483349693,93.1483349693,267.793883158
1333,1,180,positive,0.0448826130335,-0.107491405958,0.236939450191,44.8826130335,-107.491405958,236.939450191,93.2097592037,93.2097592037,267.825450214
1334,0,180,positive,0.0448826130335,-0.107491405958,0.236939450191,44.8826130335,-107.491405958,236.939450191,93.2097592037,93.2097592037,267.825450214
1334,1,180,positive,0.0446067010239,-0.107491405958,0.23704974156,44.6067010239,-107.491405958,237.04974156,93.4856712133,93.4856712133,267.935741582
1335,0,180,positive,0.0462238140419,-0.107491405958,0.235687247079,46.2238140419,-107.491405958,235.687247079,91.8685581953,91.8685581953,266.573247102
1335,1,180,positive,0.0463553171914,-0.107491405958,0.235406981716,46.3553171914,-107.491405958,235.406981716,91.7370550458,91.7370550458,266.292981738
1336,0,180,positive,0.0461628982637,-0.107491405958,0.235803711698,46.1628982637,-107.491405958,235.803711698,91.9294739735,91.9294739735,266.68971172
1336,1,180,positive,0.0462238140419,-0.107491405958,0.235687247079,46.2238140419,-107.491405958,235.687247079,91.8685581953,91.8685581953,266.573247102
1337,0,180,positive,0.0438827381605,-0.107491405958,0.237314550146,43.8827381605,-107.491405958,237.314550146,94.2096340768,94.2096340768,268.200550168
1337,1,180,positive,0.0446067010239,-0.107491405958,0.23704974156,44.6067010239,-107.491405958,237.04974156,93.4856712133,93.4856712133,267.935741582
1338,0,180,positive,0.0412236578529,-0.107491405958,0.221093948113,41.2236578529,-107.491405958,221.093948113,96.8687143843,96.8687143843,251.979948136
1338,1,180,positive,0.0418005353157,-0.107491405958,0.221797037485,41.8005353157,-107.491405958,221.797037485,96.2918369215,96.2918369215,252.683037508
1339,0,180,positive,0.0418005353157,-0.107491405958,0.221797037485,41.8005353157,-107.491405958,221.797037485,96.2918369215,96.2918369215,252.683037508
1339,1,180,positive,0.0423538292383,-0.107491405958,0.222387843157,42.3538292383,-107.491405958,222.387843157,95.7385429989,95.7385429989,253.273843179
1340,0,180,positive,0.0406869010025,-0.107491405958,0.220430359677,40.6869010025,-107.491405958,220.430359677,97.4054712347,97.4054712347,251.316359699
1340,1,180,positive,0.0402848855449,-0.107491405958,0.219876897368,40.2848855449,-107.491405958,219.876897368,97.8074866923,97.8074866923,250.76289739
1341,0,180,positive,0.0396433977236,-0.107491405958,0.218948792951,39.6433977236,-107.491405958,218.948792951,98.4489745136,98.4489745136,249.834792974
1341,1,180,positive,0.0393252685325,-0.107491405958,0.218321344561,39.3252685325,-107.491405958,218.321344561,98.7671037047,98.7671037047,249.207344584
1342,0,180,positive,0.0397488936591,-0.107491405958,0.219122263193,39.7488936591,-107.491405958,219.122263193,98.3434785781,98.3434785781,250.008263215
1342,1,180,positive,0.0402848855449,-0.107491405958,0.219876897368,40.2848855449,-107.491405958,219.876897368,97.8074866923,97.8074866923,250.76289739
1343,0,180,positive,0.0397488936591,-0.107491405958,0.219122263193,39.7488936591,-107.491405958,219.122263193,98.3434785781,98.3434785781,250.008263215
1343,1,180,positive,0.0396433977236,-0.107491405958,0.218948792951,39.6433977236,-107.491405958,218.948792951,98.4489745136,98.4489745136,249.834792974
1344,0,180,positive,0.0412236578529,-0.107491405958,0.221093948113,41.2236578529,-107.491405958,221.093948113,96.8687143843,96.8687143843,251.979948136
1344,1,180,positive,0.0406869010025,-0.107491405958,0.220430359677,40.6869010025,-107.491405958,220.430359677,97.4054712347,97.4054712347,251.316359699
1345,0,180,positive,0.0508271756213,-0.107491405958,0.237280656562,50.8271756213,-107.491405958,237.280656562,87.2651966159,87.2651966159,268.166656584
1345,1,180,positive,0.0508996774199,-0.107491405958,0.237158408315,50.8996774199,-107.491405958,237.158408315,87.1926948173,87.1926948173,268.044408337
1346,0,180,positive,0.0508271756213,-0.107491405958,0.237280656562,50.8271756213,-107.491405958,237.280656562,87.2651966159,87.2651966159,268.166656584
1346,1,180,positive,0.0502609400589,-0.107491405958,0.238314128325,50.2609400589,-107.491405958,238.314128325,87.8314321783,87.8314321783,269.200128348
1347,0,180,positive,0.0500791420945,-0.107491405958,0.238571852239,50.0791420945,-107.491405958,238.571852239,88.0132301427,88.0132301427,269.457852262
1347,1,180,positive,0.0502609400589,-0.107491405958,0.238314128325,50.2609400589,-107.491405958,238.314128325,87.8314321783,87.8314321783,269.200128348
1348,0,180,positive,0.0500791420945,-0.107491405958,0.238571852239,50.0791420945,-107.491405958,238.571852239,88.0132301427,88.0132301427,269.457852262
1348,1,180,positive,0.0496944451416,-0.107491405958,0.239064689289,49.6944451416,-107.491405958,239.064689289,88.3979270956,88.3979270956,269.950689311
1349,0,180,positive,0.0493816686826,-0.107491405958,0.239404116183,49.3816686826,-107.491405958,239.404116183,88.7107035546,88.7107035546,270.290116206
1349,1,180,positive,0.0496944451416,-0.107491405958,0.239064689289,49.6944451416,-107.491405958,239.064689289,88.3979270956,88.3979270956,269.950689311
1350,0,180,positive,0.0493816686826,-0.107491405958,0.239404116183,49.3816686826,-107.491405958,239.404116183,88.7107035546,88.7107035546,270.290116206
1350,1,180,positive,0.0490124323752,-0.107491405958,0.239816545645,49.0124323752,-107.491405958,239.816545645,89.079939862,89.079939862,270.702545667
1351,0,180,positive,0.0490124323752,-0.107491405958,0.239816545645,49.0124323752,-107.491405958,239.816545645,89.079939862,89.079939862,270.702545667
1351,1,180,positive,0.0485460538675,-0.107491405958,0.240295328652,48.5460538675,-107.491405958,240.295328652,89.5463183697,89.5463183697,271.181328674
1352,0,180,positive,0.0482474498804,-0.107491405958,0.240545141327,48.2474498804,-107.491405958,240.545141327,89.8449223568,89.8449223568,271.431141349
1352,1,180,positive,0.0485460538675,-0.107491405958,0.240295328652,48.5460538675,-107.491405958,240.295328652,89.5463183697,89.5463183697,271.181328674
1353,0,180,positive,0.0482474498804,-0.107491405958,0.240545141327,48.2474498804,-107.491405958,240.545141327,89.8449223568,89.8449223568,271.431141349
1353,1,180,positive,0.0479311983639,-0.107491405958,0.240756615234,47.9311983639,-107.491405958,240.756615234,90.1611738733,90.1611738733,271.642615256
1354,0,180,positive,0.0479311983639,-0.107491405958,0.240756615234,47.9311983639,-107.491405958,240.756615234,90.1611738733,90.1611738733,271.642615256
1354,1,180,positive,0.047638431414,-0.107491405958,0.240935293809,47.638431414,-107.491405958,240.935293809,90.4539408232,90.4539408232,271.821293831
1355,0,180,positive,0.047242943489,-0.107491405958,0.241163509042,47.242943489,-107.491405958,241.163509042,90.8494287482,90.8494287482,272.049509064
1355,1,180,positive,0.047638431414,-0.107491405958,0.240935293809,47.638431414,-107.491405958,240.935293809,90.4539408232,90.4539408232,271.821293831
1356,0,180,positive,0.0463735439366,-0.107491405958,0.241589343003,46.3735439366,-107.491405958,241.589343003,91.7188283006,91.7188283006,272.475343025
1356,1,180,positive,0.047242943489,-0.107491405958,0.241163509042,47.242943489,-107.491405958,241.163509042,90.8494287482,90.8494287482,272.049509064
1357,0,180,positive,0.0463735439366,-0.107491405958,0.241589343003,46.3735439366,-107.491405958,241.589343003,91.7188283006,91.7188283006,272.475343025
1357,1,180,positive,0.0463493820842,-0.107491405958,0.241600794027,46.3493820842,-107.491405958,241.600794027,91.742990153,91.742990153,272.48679405
1358,0,180,positive,0.0463493820842,-0.107491405958,0.241600794027,46.3493820842,-107.491405958,241.600794027,91.742990153,91.742990153,272.48679405
1358,1,180,positive,0.0463253044491,-0.107491405958,0.241609146711,46.3253044491,-107.491405958,241.609146711,91.7670677881,91.7670677881,272.495146733
1359,0,180,positive,0.045423624349,-0.107491405958,0.24183048726,45.423624349,-107.491405958,241.83048726,92.6687478882,92.6687478882,272.716487282
1359,1,180,positive,0.0463253044491,-0.107491405958,0.241609146711,46.3253044491,-107.491405958,241.609146711,91.7670677881,91.7670677881,272.495146733
1360,0,180,positive,0.042595634687,-0.107491405958,0.237647523818,42.595634687,-107.491405958,237.647523818,95.4967375502,95.4967375502,268.53352384
1360,1,180,positive,0.0426971033358,-0.107491405958,0.237626424324,42.6971033358,-107.491405958,237.626424324,95.3952689014,95.3952689014,268.512424347
1361,0,180,positive,0.0425108698237,-0.107491405958,0.237662421248,42.5108698237,-107.491405958,237.662421248,95.5815024135,95.5815024135,268.548421271
1361,1,180,positive,0.042595634687,-0.107491405958,0.237647523818,42.595634687,-107.491405958,237.647523818,95.4967375502,95.4967375502,268.53352384
1362,0,180,positive,0.045423624349,-0.107491405958,0.24183048726,45.423624349,-107.491405958,241.83048726,92.6687478882,92.6687478882,272.716487282
1362,1,180,positive,0.0450536295303,-0.107491405958,0.241905663294,45.0536295303,-107.491405958,241.905663294,93.0387427069,93.0387427069,272.791663316
1363,0,180,positive,0.0446642211724,-0.107491405958,0.242006060651,44.6642211724,-107.491405958,242.006060651,93.4281510648,93.4281510648,272.892060673
1363,1,180,positive,0.0450536295303,-0.107491405958,0.241905663294,45.0536295303,-107.491405958,241.905663294,93.0387427069,93.0387427069,272.791663316
1364,0,180,positive,0.0446642211724,-0.107491405958,0.242006060651,44.6642211724,-107.491405958,242.006060651,93.4281510648,93.4281510648,272.892060673
1364,1,180,positive,0.0443858122987,-0.107491405958,0.242095036876,44.3858122987,-107.491405958,242.095036876,93.7065599385,93.7065599385,272.981036898
1365,0,180,positive,0.042689455642,-0.107491405958,0.242500151646,42.689455642,-107.491405958,242.500151646,95.4029165952,95.4029165952,273.386151668
1365,1,180,positive,0.042365720398,-0.107491405958,0.242582892226,42.365720398,-107.491405958,242.582892226,95.7266518392,95.7266518392,273.468892249
1366,0,180,positive,0.042365720398,-0.107491405958,0.242582892226,42.365720398,-107.491405958,242.582892226,95.7266518392,95.7266518392,273.468892249
1366,1,180,positive,0.0422297587485,-0.107491405958,0.242614145602,42.2297587485,-107.491405958,242.614145602,95.8626134887,95.8626134887,273.500145624
1367,0,180,positive,0.0438827381605,-0.107491405958,0.237314550146,43.8827381605,-107.491405958,237.314550146,94.2096340768,94.2096340768,268.200550168
1367,1,180,positive,0.0426971033358,-0.107491405958,0.237626424324,42.6971033358,-107.491405958,237.626424324,95.3952689014,95.3952689014,268.512424347
1368,0,180,positive,0.0420016858902,-0.107491405958,0.237803454851,42.0016858902,-107.491405958,237.803454851,96.090686347,96.090686347,268.689454873
1368,1,180,positive,0.0425108698237,-0.107491405958,0.237662421248,42.5108698237,-107.491405958,237.662421248,95.5815024135,95.5815024135,268.548421271
1369,0,180,positive,0.0420016858902,-0.107491405958,0.237803454851,42.0016858902,-107.491405958,237.803454851,96.090686347,96.090686347,268.689454873
1369,1,180,positive,0.0410530949044,-0.107491405958,0.238045155037,41.0530949044,-107.491405958,238.045155037,97.0392773328,97.0392773328,268.93115506
1370,0,180,positive,0.0410530949044,-0.107491405958,0.238045155037,41.0530949044,-107.491405958,238.045155037,97.0392773328,97.0392773328,268.93115506
1370,1,180,positive,0.0407402420529,-0.107491405958,0.238152222081,40.7402420529,-107.491405958,238.152222081,97.3521301843,97.3521301843,269.038222104
1371,0,180,positive,0.0407402420529,-0.107491405958,0.238152222081,40.7402420529,-107.491405958,238.152222081,97.3521301843,97.3521301843,269.038222104
1371,1,180,positive,0.0404604677207,-0.107491405958,0.238215969581,40.4604677207,-107.491405958,238.215969581,97.6319045165,97.6319045165,269.101969604
1372,0,180,positive,0.0394028317967,-0.107491405958,0.238506836862,39.4028317967,-107.491405958,238.506836862,98.6895404405,98.6895404405,269.392836885
1372,1,180,positive,0.0404604677207,-0.107491405958,0.238215969581,40.4604677207,-107.491405958,238.215969581,97.6319045165,97.6319045165,269.101969604
1373,0,180,positive,0.0378563118158,-0.107491405958,0.238974114148,37.8563118158,-107.491405958,238.974114148,100.236060421,100.236060421,269.86011417
1373,1,180,positive,0.0378789232573,-0.107491405958,0.238967583683,37.8789232573,-107.491405958,238.967583683,100.21344898,100.21344898,269.853583705
1374,0,180,positive,0.0394028317967,-0.107491405958,0.238506836862,39.4028317967,-107.491405958,238.506836862,98.6895404405,98.6895404405,269.392836885
1374,1,180,positive,0.0378789232573,-0.107491405958,0.238967583683,37.8789232573,-107.491405958,238.967583683,100.21344898,100.21344898,269.853583705
1375,0,180,positive,0.0378160872077,-0.107491405958,0.238984665013,37.8160872077,-107.491405958,238.984665013,100.27628503,100.27628503,269.870665036
1375,1,180,positive,0.037844899553,-0.107491405958,0.238977813234,37.844899553,-107.491405958,238.977813234,100.247472684,100.247472684,269.863813256
1376,0,180,positive,0.0435289254299,-0.107491405958,0.242279842713,43.5289254299,-107.491405958,242.279842713,94.5634468073,94.5634468073,273.165842735
1376,1,180,positive,0.0443858122987,-0.107491405958,0.242095036876,44.3858122987,-107.491405958,242.095036876,93.7065599385,93.7065599385,272.981036898
1377,0,180,positive,0.042689455642,-0.107491405958,0.242500151646,42.689455642,-107.491405958,242.500151646,95.4029165952,95.4029165952,273.386151668
1377,1,180,positive,0.0435289254299,-0.107491405958,0.242279842713,43.5289254299,-107.491405958,242.279842713,94.5634468073,94.5634468073,273.165842735
1378,0,180,positive,0.0411626577829,-0.107491405958,0.242818939103,41.1626577829,-107.491405958,242.818939103,96.9297144543,96.9297144543,273.704939126
1378,1,180,positive,0.0416279611531,-0.107491405958,0.242731953015,41.6279611531,-107.491405958,242.731953015,96.4644110841,96.4644110841,273.617953037
1379,0,180,positive,0.0422297587485,-0.107491405958,0.242614145602,42.2297587485,-107.491405958,242.614145602,95.8626134887,95.8626134887,273.500145624
1379,1,180,positive,0.0416279611531,-0.107491405958,0.242731953015,41.6279611531,-107.491405958,242.731953015,96.4644110841,96.4644110841,273.617953037
1380,0,180,positive,0.0409003045253,-0.107491405958,0.242854641463,40.9003045253,-107.491405958,242.854641463,97.192067712,97.192067712,273.740641486
1380,1,180,positive,0.0403793433254,-0.107491405958,0.242962474691,40.3793433254,-107.491405958,242.962474691,97.7130289118,97.7130289118,273.848474713
1381,0,180,positive,0.0403793433254,-0.107491405958,0.242962474691,40.3793433254,-107.491405958,242.962474691,97.7130289118,97.7130289118,273.848474713
1381,1,180,positive,0.0402219876981,-0.107491405958,0.243014466169,40.2219876981,-107.491405958,243.014466169,97.8703845391,97.8703845391,273.900466191
1382,0,180,positive,0.0409003045253,-0.107491405958,0.242854641463,40.9003045253,-107.491405958,242.854641463,97.192067712,97.192067712,273.740641486
1382,1,180,positive,0.0411626577829,-0.107491405958,0.242818939103,41.1626577829,-107.491405958,242.818939103,96.9297144543,96.9297144543,273.704939126
1383,0,180,positive,0.0400137645579,-0.107491405958,0.243089205424,40.0137645579,-107.491405958,243.089205424,98.0786076793,98.0786076793,273.975205446
1383,1,180,positive,0.0402219876981,-0.107491405958,0.243014466169,40.2219876981,-107.491405958,243.014466169,97.8703845391,97.8703845391,273.900466191
1384,0,180,positive,0.0396039349344,-0.107491405958,0.243202485041,39.6039349344,-107.491405958,243.202485041,98.4884373028,98.4884373028,274.088485063
1384,1,180,positive,0.0400137645579,-0.107491405958,0.243089205424,40.0137645579,-107.491405958,243.089205424,98.0786076793,98.0786076793,273.975205446
1385,0,180,positive,0.0396039349344,-0.107491405958,0.243202485041,39.6039349344,-107.491405958,243.202485041,98.4884373028,98.4884373028,274.088485063
1385,1,180,positive,0.0389920621187,-0.107491405958,0.243356221514,38.9920621187,-107.491405958,243.356221514,99.1003101185,99.1003101185,274.242221536
1386,0,180,positive,0.0382291580248,-0.107491405958,0.243623189414,38.2291580248,-107.491405958,243.623189414,99.8632142124,99.8632142124,274.509189436
1386,1,180,positive,0.0389920621187,-0.107491405958,0.243356221514,38.9920621187,-107.491405958,243.356221514,99.1003101185,99.1003101185,274.242221536
1387,0,180,positive,0.0382291580248,-0.107491405958,0.243623189414,38.2291580248,-107.491405958,243.623189414,99.8632142124,99.8632142124,274.509189436
1387,1,180,positive,0.0380273871528,-0.107491405958,0.243690027445,38.0273871528,-107.491405958,243.690027445,100.064985084,100.064985084,274.576027467
1388,0,180,positive,0.0380273871528,-0.107491405958,0.243690027445,38.0273871528,-107.491405958,243.690027445,100.064985084,100.064985084,274.576027467
1388,1,180,positive,0.0378549167627,-0.107491405958,0.24375690262,37.8549167627,-107.491405958,243.75690262,100.237455474,100.237455474,274.642902642
1389,0,180,positive,0.0378160872077,-0.107491405958,0.238984665013,37.8160872077,-107.491405958,238.984665013,100.27628503,100.27628503,269.870665036
1389,1,180,positive,0.0370250622904,-0.107491405958,0.239176137396,37.0250622904,-107.491405958,239.176137396,101.067309947,101.067309947,270.062137419
1390,0,180,positive,0.0370250622904,-0.107491405958,0.239176137396,37.0250622904,-107.491405958,239.176137396,101.067309947,101.067309947,270.062137419
1390,1,180,positive,0.0365581933056,-0.107491405958,0.239328493138,36.5581933056,-107.491405958,239.328493138,101.534178932,101.534178932,270.21449316
1391,0,180,positive,0.0368379595008,-0.107491405958,0.244143052585,36.8379595008,-107.491405958,244.143052585,101.254412736,101.254412736,275.029052607
1391,1,180,positive,0.0378549167627,-0.107491405958,0.24375690262,37.8549167627,-107.491405958,243.75690262,100.237455474,100.237455474,274.642902642
1392,0,180,positive,0.037844899553,-0.107491405958,0.238977813234,37.844899553,-107.491405958,238.977813234,100.247472684,100.247472684,269.863813256
1392,1,180,positive,0.0378563118158,-0.107491405958,0.238974114148,37.8563118158,-107.491405958,238.974114148,100.236060421,100.236060421,269.86011417
1393,0,180,positive,0.0355948459622,-0.107491405958,0.23960231181,35.5948459622,-107.491405958,239.60231181,102.497526275,102.497526275,270.488311832
1393,1,180,positive,0.0365581933056,-0.107491405958,0.239328493138,36.5581933056,-107.491405958,239.328493138,101.534178932,101.534178932,270.21449316
1394,0,180,positive,0.0349631096607,-0.107491405958,0.239821651694,34.9631096607,-107.491405958,239.821651694,103.129262576,103.129262576,270.707651716
1394,1,180,positive,0.0355948459622,-0.107491405958,0.23960231181,35.5948459622,-107.491405958,239.60231181,102.497526275,102.497526275,270.488311832
1395,0,180,positive,0.0349631096607,-0.107491405958,0.239821651694,34.9631096607,-107.491405958,239.821651694,103.129262576,103.129262576,270.707651716
1395,1,180,positive,0.034699423563,-0.107491405958,0.239914167059,34.699423563,-107.491405958,239.914167059,103.392948674,103.392948674,270.800167081
1396,0,180,positive,0.0338862431582,-0.107491405958,0.240267062216,33.8862431582,-107.491405958,240.267062216,104.206129079,104.206129079,271.153062238
1396,1,180,positive,0.034699423563,-0.107491405958,0.239914167059,34.699423563,-107.491405958,239.914167059,103.392948674,103.392948674,270.800167081
1397,0,180,positive,0.0318848628871,-0.107491405958,0.241181933914,31.8848628871,-107.491405958,241.181933914,106.20750935,106.20750935,272.067933937
1397,1,180,positive,0.0337781549475,-0.107491405958,0.240316127496,33.7781549475,-107.491405958,240.316127496,104.31421729,104.31421729,271.202127518
1398,0,180,positive,0.0338436217839,-0.107491405958,0.240287117269,33.8436217839,-107.491405958,240.287117269,104.248750453,104.248750453,271.173117291
1398,1,180,positive,0.0337781549475,-0.107491405958,0.240316127496,33.7781549475,-107.491405958,240.316127496,104.31421729,104.31421729,271.202127518
1399,0,180,positive,0.0368379595008,-0.107491405958,0.244143052585,36.8379595008,-107.491405958,244.143052585,101.254412736,101.254412736,275.029052607
1399,1,180,positive,0.0364604418362,-0.107491405958,0.244313394132,36.4604418362,-107.491405958,244.313394132,101.631930401,101.631930401,275.199394155
1400,0,180,positive,0.0355962699168,-0.107491405958,0.244677411556,35.5962699168,-107.491405958,244.677411556,102.49610232,102.49610232,275.563411578
1400,1,180,positive,0.0364604418362,-0.107491405958,0.244313394132,36.4604418362,-107.491405958,244.313394132,101.631930401,101.631930401,275.199394155
1401,0,180,positive,0.0355962699168,-0.107491405958,0.244677411556,35.5962699168,-107.491405958,244.677411556,102.49610232,102.49610232,275.563411578
1401,1,180,positive,0.0353913873659,-0.107491405958,0.244788217412,35.3913873659,-107.491405958,244.788217412,102.700984871,102.700984871,275.674217434
1402,0,180,positive,0.0353913873659,-0.107491405958,0.244788217412,35.3913873659,-107.491405958,244.788217412,102.700984871,102.700984871,275.674217434
1402,1,180,positive,0.0350083898049,-0.107491405958,0.244976199081,35.0083898049,-107.491405958,244.976199081,103.083982432,103.083982432,275.862199103
1403,0,180,positive,0.0346462147219,-0.107491405958,0.245170829834,34.6462147219,-107.491405958,245.170829834,103.446157515,103.446157515,276.056829856
1403,1,180,positive,0.0350083898049,-0.107491405958,0.244976199081,35.0083898049,-107.491405958,244.976199081,103.083982432,103.083982432,275.862199103
1404,0,180,positive,0.0345718795817,-0.107491405958,0.245200083968,34.5718795817,-107.491405958,245.200083968,103.520492656,103.520492656,276.08608399
1404,1,180,positive,0.0346462147219,-0.107491405958,0.245170829834,34.6462147219,-107.491405958,245.170829834,103.446157515,103.446157515,276.056829856
1405,0,180,positive,0.0345718795817,-0.107491405958,0.245200083968,34.5718795817,-107.491405958,245.200083968,103.520492656,103.520492656,276.08608399
1405,1,180,positive,0.0331433043991,-0.107491405958,0.24584686587,33.1433043991,-107.491405958,245.84686587,104.949067838,104.949067838,276.732865892
1406,0,180,positive,0.0329118232881,-0.107491405958,0.245951324846,32.9118232881,-107.491405958,245.951324846,105.180548949,105.180548949,276.837324869
1406,1,180,positive,0.0331433043991,-0.107491405958,0.24584686587,33.1433043991,-107.491405958,245.84686587,104.949067838,104.949067838,276.732865892
1407,0,180,positive,0.0329118232881,-0.107491405958,0.245951324846,32.9118232881,-107.491405958,245.951324846,105.180548949,105.180548949,276.837324869
1407,1,180,positive,0.032354185395,-0.107491405958,0.246211478277,32.354185395,-107.491405958,246.211478277,105.738186842,105.738186842,277.097478299
1408,0,180,positive,0.0314295558106,-0.107491405958,0.246624665562,31.4295558106,-107.491405958,246.624665562,106.662816427,106.662816427,277.510665584
1408,1,180,positive,0.0310804247951,-0.107491405958,0.246778370332,31.0804247951,-107.491405958,246.778370332,107.011947442,107.011947442,277.664370355
1409,0,180,positive,0.0338862431582,-0.107491405958,0.240267062216,33.8862431582,-107.491405958,240.267062216,104.206129079,104.206129079,271.153062238
1409,1,180,positive,0.03388183791,-0.107491405958,0.240269851746,33.88183791,-107.491405958,240.269851746,104.210534327,104.210534327,271.155851769
1410,0,180,positive,0.03388183791,-0.107491405958,0.240269851746,33.88183791,-107.491405958,240.269851746,104.210534327,104.210534327,271.155851769
1410,1,180,positive,0.0338436217839,-0.107491405958,0.240287117269,33.8436217839,-107.491405958,240.287117269,104.248750453,104.248750453,271.173117291
1411,0,180,positive,0.0318848628871,-0.107491405958,0.241181933914,31.8848628871,-107.491405958,241.181933914,106.20750935,106.20750935,272.067933937
1411,1,180,positive,0.0314778387519,-0.107491405958,0.241390723868,31.4778387519,-107.491405958,241.390723868,106.614533485,106.614533485,272.27672389
1412,0,180,positive,0.0302343178276,-0.107491405958,0.241969090971,30.2343178276,-107.491405958,241.969090971,107.85805441,107.85805441,272.855090993
1412,1,180,positive,0.0314778387519,-0.107491405958,0.241390723868,31.4778387519,-107.491405958,241.390723868,106.614533485,106.614533485,272.27672389
1413,0,180,positive,0.0302343178276,-0.107491405958,0.241969090971,30.2343178276,-107.491405958,241.969090971,107.85805441,107.85805441,272.855090993
1413,1,180,positive,0.0301704199826,-0.107491405958,0.241994291116,30.1704199826,-107.491405958,241.994291116,107.921952255,107.921952255,272.880291138
1414,0,180,positive,0.0299706274241,-0.107491405958,0.24211538352,29.9706274241,-107.491405958,242.11538352,108.121744813,108.121744813,273.001383542
1414,1,180,positive,0.0293381280416,-0.107491405958,0.24244568161,29.3381280416,-107.491405958,242.44568161,108.754244196,108.754244196,273.331681633
1415,0,180,positive,0.0301704199826,-0.107491405958,0.241994291116,30.1704199826,-107.491405958,241.994291116,107.921952255,107.921952255,272.880291138
1415,1,180,positive,0.0299706274241,-0.107491405958,0.24211538352,29.9706274241,-107.491405958,242.11538352,108.121744813,108.121744813,273.001383542
1416,0,180,positive,0.0320744976404,-0.107491405958,0.246364873966,32.0744976404,-107.491405958,246.364873966,106.017874597,106.017874597,277.250873989
1416,1,180,positive,0.032354185395,-0.107491405958,0.246211478277,32.354185395,-107.491405958,246.211478277,105.738186842,105.738186842,277.097478299
1417,0,180,positive,0.0314295558106,-0.107491405958,0.246624665562,31.4295558106,-107.491405958,246.624665562,106.662816427,106.662816427,277.510665584
1417,1,180,positive,0.0320744976404,-0.107491405958,0.246364873966,32.0744976404,-107.491405958,246.364873966,106.017874597,106.017874597,277.250873989
1418,0,180,positive,0.0310804247951,-0.107491405958,0.246778370332,31.0804247951,-107.491405958,246.778370332,107.011947442,107.011947442,277.664370355
1418,1,180,positive,0.0308504683256,-0.107491405958,0.246877726936,30.8504683256,-107.491405958,246.877726936,107.241903912,107.241903912,277.763726958
1419,0,180,positive,0.0305441056137,-0.107491405958,0.247023936969,30.5441056137,-107.491405958,247.023936969,107.548266624,107.548266624,277.909936991
1419,1,180,positive,0.0308504683256,-0.107491405958,0.246877726936,30.8504683256,-107.491405958,246.877726936,107.241903912,107.241903912,277.763726958
1420,0,180,positive,0.0305441056137,-0.107491405958,0.247023936969,30.5441056137,-107.491405958,247.023936969,107.548266624,107.548266624,277.909936991
1420,1,180,positive,0.0298940801539,-0.107491405958,0.247254317623,29.8940801539,-107.491405958,247.254317623,108.198292083,108.198292083,278.140317646
1421,0,180,positive,0.0295289326427,-0.107491405958,0.247373224491,29.5289326427,-107.491405958,247.373224491,108.563439595,108.563439595,278.259224513
1421,1,180,positive,0.0298940801539,-0.107491405958,0.247254317623,29.8940801539,-107.491405958,247.254317623,108.198292083,108.198292083,278.140317646
1422,0,180,positive,0.0290791775307,-0.107491405958,0.247535276073,29.0791775307,-107.491405958,247.535276073,109.013194707,109.013194707,278.421276095
1422,1,180,positive,0.0295289326427,-0.107491405958,0.247373224491,29.5289326427,-107.491405958,247.373224491,108.563439595,108.563439595,278.259224513
1423,0,180,positive,0.0287418064498,-0.107491405958,0.242764256397,28.7418064498,-107.491405958,242.764256397,109.350565787,109.350565787,273.650256419
1423,1,180,positive,0.0293381280416,-0.107491405958,0.24244568161,29.3381280416,-107.491405958,242.44568161,108.754244196,108.754244196,273.331681633
1424,0,180,positive,0.0285079150855,-0.107491405958,0.242902624935,28.5079150855,-107.491405958,242.902624935,109.584457152,109.584457152,273.788624958
1424,1,180,positive,0.0287418064498,-0.107491405958,0.242764256397,28.7418064498,-107.491405958,242.764256397,109.350565787,109.350565787,273.650256419
1425,0,180,positive,0.0280596235617,-0.107491405958,0.243130845084,28.0596235617,-107.491405958,243.130845084,110.032748676,110.032748676,274.016845106
1425,1,180,positive,0.0285079150855,-0.107491405958,0.242902624935,28.5079150855,-107.491405958,242.902624935,109.584457152,109.584457152,273.788624958
1426,0,180,positive,0.0280596235617,-0.107491405958,0.243130845084,28.0596235617,-107.491405958,243.130845084,110.032748676,110.032748676,274.016845106
1426,1,180,positive,0.0265980897847,-0.107491405958,0.243918996171,26.5980897847,-107.491405958,243.918996171,111.494282453,111.494282453,274.804996193
1427,0,180,positive,0.0258308383391,-0.107491405958,0.244442522861,25.8308383391,-107.491405958,244.442522861,112.261533898,112.261533898,275.328522883
1427,1,180,positive,0.0265980897847,-0.107491405958,0.243918996171,26.5980897847,-107.491405958,243.918996171,111.494282453,111.494282453,274.804996193
1428,0,180,positive,0.0290791775307,-0.107491405958,0.247535276073,29.0791775307,-107.491405958,247.535276073,109.013194707,109.013194707,278.421276095
1428,1,180,positive,0.0283063945059,-0.107491405958,0.247768144723,28.3063945059,-107.491405958,247.768144723,109.785977731,109.785977731,278.654144745
1429,0,180,positive,0.0258308383391,-0.107491405958,0.244442522861,25.8308383391,-107.491405958,244.442522861,112.261533898,112.261533898,275.328522883
1429,1,180,positive,0.0253651335999,-0.107491405958,0.24477043065,25.3651335999,-107.491405958,244.77043065,112.727238637,112.727238637,275.656430672
1430,0,180,positive,0.0253651335999,-0.107491405958,0.24477043065,25.3651335999,-107.491405958,244.77043065,112.727238637,112.727238637,275.656430672
1430,1,180,positive,0.0252570021028,-0.107491405958,0.244862544714,25.2570021028,-107.491405958,244.862544714,112.835370134,112.835370134,275.748544736
1431,0,180,positive,0.0249155616017,-0.107491405958,0.245130388707,24.9155616017,-107.491405958,245.130388707,113.176810636,113.176810636,276.016388729
1431,1,180,positive,0.0252570021028,-0.107491405958,0.244862544714,25.2570021028,-107.491405958,244.862544714,112.835370134,112.835370134,275.748544736
1432,0,180,positive,0.0249155616017,-0.107491405958,0.245130388707,24.9155616017,-107.491405958,245.130388707,113.176810636,113.176810636,276.016388729
1432,1,180,positive,0.024744933361,-0.107491405958,0.245354006206,24.744933361,-107.491405958,245.354006206,113.347438876,113.347438876,276.240006229
1433,0,180,positive,0.0249280581071,-0.107491405958,0.247602601812,24.9280581071,-107.491405958,247.602601812,113.16431413,113.16431413,278.488601834
1433,1,180,positive,0.0249415756647,-0.107491405958,0.247615467101,24.9415756647,-107.491405958,247.615467101,113.150796573,113.150796573,278.501467123
1434,0,180,positive,0.024422239596,-0.107491405958,0.246543375117,24.422239596,-107.491405958,246.543375117,113.670132641,113.670132641,277.429375139
1434,1,180,positive,0.0244389850969,-0.107491405958,0.246693844783,24.4389850969,-107.491405958,246.693844783,113.65338714,113.65338714,277.579844805
1435,0,180,positive,0.0244389850969,-0.107491405958,0.246693844783,24.4389850969,-107.491405958,246.693844783,113.65338714,113.65338714,277.579844805
1435,1,180,positive,0.0245064809503,-0.107491405958,0.246876031468,24.5064809503,-107.491405958,246.876031468,113.585891287,113.585891287,277.76203149
1436,0,180,positive,0.0249270074587,-0.107491405958,0.247600510388,24.9270074587,-107.491405958,247.600510388,113.165364779,113.165364779,278.48651041
1436,1,180,positive,0.0249280581071,-0.107491405958,0.247602601812,24.9280581071,-107.491405958,247.602601812,113.16431413,113.16431413,278.488601834
1437,0,180,positive,0.0246784043805,-0.107491405958,0.245438249858,24.6784043805,-107.491405958,245.438249858,113.413967857,113.413967857,276.32424988
1437,1,180,positive,0.024744933361,-0.107491405958,0.245354006206,24.744933361,-107.491405958,245.354006206,113.347438876,113.347438876,276.240006229
1438,0,180,positive,0.0246381341908,-0.107491405958,0.245496785619,24.6381341908,-107.491405958,245.496785619,113.454238046,113.454238046,276.382785641
1438,1,180,positive,0.0246784043805,-0.107491405958,0.245438249858,24.6784043805,-107.491405958,245.438249858,113.413967857,113.413967857,276.32424988
1439,0,180,positive,0.0246381341908,-0.107491405958,0.245496785619,24.6381341908,-107.491405958,245.496785619,113.454238046,113.454238046,276.382785641
1439,1,180,positive,0.0245309547147,-0.107491405958,0.245725587979,24.5309547147,-107.491405958,245.725587979,113.561417522,113.561417522,276.611588001
1440,0,180,positive,0.0245309547147,-0.107491405958,0.245725587979,24.5309547147,-107.491405958,245.725587979,113.561417522,113.561417522,276.611588001
1440,1,180,positive,0.0244516551183,-0.107491405958,0.246013648593,24.4516551183,-107.491405958,246.013648593,113.640717119,113.640717119,276.899648615
1441,0,180,positive,0.0251289317687,-0.107491405958,0.247830041846,25.1289317687,-107.491405958,247.830041846,112.963440469,112.963440469,278.716041869
1441,1,180,positive,0.0249415756647,-0.107491405958,0.247615467101,24.9415756647,-107.491405958,247.615467101,113.150796573,113.150796573,278.501467123
1442,0,180,positive,0.0244417815311,-0.107491405958,0.246073807533,24.4417815311,-107.491405958,246.073807533,113.650590706,113.650590706,276.959807555
1442,1,180,positive,0.0244516551183,-0.107491405958,0.246013648593,24.4516551183,-107.491405958,246.013648593,113.640717119,113.640717119,276.899648615
1443,0,180,positive,0.0244405611925,-0.107491405958,0.246099611515,24.4405611925,-107.491405958,246.099611515,113.651811045,113.651811045,276.985611537
1443,1,180,positive,0.0244417815311,-0.107491405958,0.246073807533,24.4417815311,-107.491405958,246.073807533,113.650590706,113.650590706,276.959807555
1444,0,180,positive,0.0244405611925,-0.107491405958,0.246099611515,24.4405611925,-107.491405958,246.099611515,113.651811045,113.651811045,276.985611537
1444,1,180,positive,0.0243943670322,-0.107491405958,0.246275942469,24.3943670322,-107.491405958,246.275942469,113.698005205,113.698005205,277.161942491
1445,0,180,positive,0.024422239596,-0.107491405958,0.246543375117,24.422239596,-107.491405958,246.543375117,113.670132641,113.670132641,277.429375139
1445,1,180,positive,0.0243943670322,-0.107491405958,0.246275942469,24.3943670322,-107.491405958,246.275942469,113.698005205,113.698005205,277.161942491
1446,0,180,positive,0.0245504454142,-0.107491405958,0.247044509472,24.5504454142,-107.491405958,247.044509472,113.541926823,113.541926823,277.930509494
1446,1,180,positive,0.0245064809503,-0.107491405958,0.246876031468,24.5064809503,-107.491405958,246.876031468,113.585891287,113.585891287,277.76203149
1447,0,180,positive,0.0249270074587,-0.107491405958,0.247600510388,24.9270074587,-107.491405958,247.600510388,113.165364779,113.165364779,278.48651041
1447,1,180,positive,0.0245504454142,-0.107491405958,0.247044509472,24.5504454142,-107.491405958,247.044509472,113.541926823,113.541926823,277.930509494
1448,0,180,positive,0.0281729220603,-0.107491405958,0.247794094082,28.1729220603,-107.491405958,247.794094082,109.919450177,109.919450177,278.680094104
1448,1,180,positive,0.0283063945059,-0.107491405958,0.247768144723,28.3063945059,-107.491405958,247.768144723,109.785977731,109.785977731,278.654144745
1449,0,180,positive,0.0281729220603,-0.107491405958,0.247794094082,28.1729220603,-107.491405958,247.794094082,109.919450177,109.919450177,278.680094104
1449,1,180,positive,0.0278003796,-0.107491405958,0.247895038655,27.8003796,-107.491405958,247.895038655,110.291992637,110.291992637,278.781038678
1450,0,180,positive,0.0278003796,-0.107491405958,0.247895038655,27.8003796,-107.491405958,247.895038655,110.291992637,110.291992637,278.781038678
1450,1,180,positive,0.027443448867,-0.107491405958,0.247955914405,27.443448867,-107.491405958,247.955914405,110.64892337,110.64892337,278.841914427
1451,0,180,positive,0.0267399468063,-0.107491405958,0.248048915441,26.7399468063,-107.491405958,248.048915441,111.352425431,111.352425431,278.934915463
1451,1,180,positive,0.027443448867,-0.107491405958,0.247955914405,27.443448867,-107.491405958,247.955914405,110.64892337,110.64892337,278.841914427
1452,0,180,positive,0.0267399468063,-0.107491405958,0.248048915441,26.7399468063,-107.491405958,248.048915441,111.352425431,111.352425431,278.934915463
1452,1,180,positive,0.0263966098511,-0.107491405958,0.248061264221,26.3966098511,-107.491405958,248.061264221,111.695762386,111.695762386,278.947264243
1453,0,180,positive,0.0263070362427,-0.107491405958,0.24805874477,26.3070362427,-107.491405958,248.05874477,111.785335995,111.785335995,278.944744793
1453,1,180,positive,0.0263966098511,-0.107491405958,0.248061264221,26.3966098511,-107.491405958,248.061264221,111.695762386,111.695762386,278.947264243
1454,0,180,positive,0.0263070362427,-0.107491405958,0.24805874477,26.3070362427,-107.491405958,248.05874477,111.785335995,111.785335995,278.944744793
1454,1,180,positive,0.025727863833,-0.107491405958,0.247908568511,25.727863833,-107.491405958,247.908568511,112.364508404,112.364508404,278.794568534
1455,0,180,positive,0.0257189139698,-0.107491405958,0.247906949558,25.7189139698,-107.491405958,247.906949558,112.373458267,112.373458267,278.792949581
1455,1,180,positive,0.025727863833,-0.107491405958,0.247908568511,25.727863833,-107.491405958,247.908568511,112.364508404,112.364508404,278.794568534
1456,0,180,positive,0.0257189139698,-0.107491405958,0.247906949558,25.7189139698,-107.491405958,247.906949558,112.373458267,112.373458267,278.792949581
1456,1,180,positive,0.0251289317687,-0.107491405958,0.247830041846,25.1289317687,-107.491405958,247.830041846,112.963440469,112.963440469,278.716041869
1457,0,180,positive,0.0656393288491,-0.107491405958,0.0498031028619,65.6393288491,-107.491405958,49.8031028619,72.4530433881,72.4530433881,80.6891028842
1457,1,180,positive,0.0658377824208,-0.107491405958,0.0485910359091,65.8377824208,-107.491405958,48.5910359091,72.2545898164,72.2545898164,79.4770359314
1458,0,180,positive,0.0656393288491,-0.107491405958,0.0498031028619,65.6393288491,-107.491405958,49.8031028619,72.4530433881,72.4530433881,80.6891028842
1458,1,180,positive,0.0656034043781,-0.107491405958,0.0500199997557,65.6034043781,-107.491405958,50.0199997557,72.4889678591,72.4889678591,80.905999778
1459,0,180,positive,0.0624413739246,-0.107491405958,0.0486344729549,62.4413739246,-107.491405958,48.6344729549,75.6509983126,75.6509983126,79.5204729772
1459,1,180,positive,0.062247370367,-0.107491405958,0.0490811959007,62.247370367,-107.491405958,49.0811959007,75.8450018702,75.8450018702,79.967195923
1460,0,180,positive,0.062247370367,-0.107491405958,0.0490811959007,62.247370367,-107.491405958,49.0811959007,75.8450018702,75.8450018702,79.967195923
1460,1,180,positive,0.0617586357686,-0.107491405958,0.0500588941517,61.7586357686,-107.491405958,50.0588941517,76.3337364686,76.3337364686,80.944894174
1461,0,180,positive,0.0656034043781,-0.107491405958,0.0500199997557,65.6034043781,-107.491405958,50.0199997557,72.4889678591,72.4889678591,80.905999778
1461,1,180,positive,0.0655025307115,-0.107491405958,0.0501330536424,65.5025307115,-107.491405958,50.1330536424,72.5898415258,72.5898415258,81.0190536647
1462,0,180,positive,0.0655025307115,-0.107491405958,0.0501330536424,65.5025307115,-107.491405958,50.1330536424,72.5898415258,72.5898415258,81.0190536647
1462,1,180,positive,0.0648847264654,-0.107491405958,0.05163277103,64.8847264654,-107.491405958,51.63277103,73.2076457719,73.2076457719,82.5187710523
1463,0,180,positive,0.0647956999279,-0.107491405958,0.0518686445527,64.7956999279,-107.491405958,51.8686445527,73.2966723094,73.2966723094,82.754644575
1463,1,180,positive,0.0648847264654,-0.107491405958,0.05163277103,64.8847264654,-107.491405958,51.63277103,73.2076457719,73.2076457719,82.5187710523
1464,0,180,positive,0.0616959205441,-0.107491405958,0.0501945430331,61.6959205441,-107.491405958,50.1945430331,76.3964516931,76.3964516931,81.0805430554
1464,1,180,positive,0.0617586357686,-0.107491405958,0.0500588941517,61.7586357686,-107.491405958,50.0588941517,76.3337364686,76.3337364686,80.944894174
1465,0,180,positive,0.0616859426985,-0.107491405958,0.0502194861009,61.6859426985,-107.491405958,50.2194861009,76.4064295387,76.4064295387,81.1054861232
1465,1,180,positive,0.0616959205441,-0.107491405958,0.0501945430331,61.6959205441,-107.491405958,50.1945430331,76.3964516931,76.3964516931,81.0805430554
1466,0,180,positive,0.0615310044858,-0.107491405958,0.0505819770521,61.5310044858,-107.491405958,50.5819770521,76.5613677514,76.5613677514,81.4679770744
1466,1,180,positive,0.0616859426985,-0.107491405958,0.0502194861009,61.6859426985,-107.491405958,50.2194861009,76.4064295387,76.4064295387,81.1054861232
1467,0,180,positive,0.0615310044858,-0.107491405958,0.0505819770521,61.5310044858,-107.491405958,50.5819770521,76.5613677514,76.5613677514,81.4679770744
1467,1,180,positive,0.0613466416739,-0.107491405958,0.0510256162966,61.3466416739,-107.491405958,51.0256162966,76.7457305633,76.7457305633,81.9116163189
1468,0,180,positive,0.0646208274325,-0.107491405958,0.0521967961023,64.6208274325,-107.491405958,52.1967961023,73.4715448047,73.4715448047,83.0827961246
1468,1,180,positive,0.0647956999279,-0.107491405958,0.0518686445527,64.7956999279,-107.491405958,51.8686445527,73.2966723094,73.2966723094,82.754644575
1469,0,180,positive,0.0646208274325,-0.107491405958,0.0521967961023,64.6208274325,-107.491405958,52.1967961023,73.4715448047,73.4715448047,83.0827961246
1469,1,180,positive,0.0643942547111,-0.107491405958,0.0526042124601,64.3942547111,-107.491405958,52.6042124601,73.6981175261,73.6981175261,83.4902124824
1470,0,180,positive,0.0643942547111,-0.107491405958,0.0526042124601,64.3942547111,-107.491405958,52.6042124601,73.6981175261,73.6981175261,83.4902124824
1470,1,180,positive,0.0643298367258,-0.107491405958,0.0527266421359,64.3298367258,-107.491405958,52.7266421359,73.7625355115,73.7625355115,83.6126421581
1471,0,180,positive,0.0643298367258,-0.107491405958,0.0527266421359,64.3298367258,-107.491405958,52.7266421359,73.7625355115,73.7625355115,83.6126421581
1471,1,180,positive,0.0642861468204,-0.107491405958,0.0528212285455,64.2861468204,-107.491405958,52.8212285455,73.8062254168,73.8062254168,83.7072285678
1472,0,180,positive,0.0640232696906,-0.107491405958,0.0537719747837,64.0232696906,-107.491405958,53.7719747837,74.0691025466,74.0691025466,84.657974806
1472,1,180,positive,0.0642861468204,-0.107491405958,0.0528212285455,64.2861468204,-107.491405958,52.8212285455,73.8062254168,73.8062254168,83.7072285678
1473,0,180,positive,0.0638074944255,-0.107491405958,0.0541987245217,63.8074944255,-107.491405958,54.1987245217,74.2848778118,74.2848778118,85.084724544
1473,1,180,positive,0.0640232696906,-0.107491405958,0.0537719747837,64.0232696906,-107.491405958,53.7719747837,74.0691025466,74.0691025466,84.657974806
1474,0,180,positive,0.0638074944255,-0.107491405958,0.0541987245217,63.8074944255,-107.491405958,54.1987245217,74.2848778118,74.2848778118,85.084724544
1474,1,180,positive,0.0636583433749,-0.107491405958,0.0545778395393,63.6583433749,-107.491405958,54.5778395393,74.4340288623,74.4340288623,85.4638395616
1475,0,180,positive,0.0608245221819,-0.107491405958,0.0521586488765,60.8245221819,-107.491405958,52.1586488765,77.2678500553,77.2678500553,83.0446488988
1475,1,180,positive,0.0612723723304,-0.107491405958,0.0511872989889,61.2723723304,-107.491405958,51.1872989889,76.8199999068,76.8199999068,82.0732990111
1476,0,180,positive,0.0613466416739,-0.107491405958,0.0510256162966,61.3466416739,-107.491405958,51.0256162966,76.7457305633,76.7457305633,81.9116163189
1476,1,180,positive,0.0613288732782,-0.107491405958,0.0510658142687,61.3288732782,-107.491405958,51.0658142687,76.763498959,76.763498959,81.951814291
1477,0,180,positive,0.0613288732782,-0.107491405958,0.0510658142687,61.3288732782,-107.491405958,51.0658142687,76.763498959,76.763498959,81.951814291
1477,1,180,positive,0.0612723723304,-0.107491405958,0.0511872989889,61.2723723304,-107.491405958,51.1872989889,76.8199999068,76.8199999068,82.0732990111
1478,0,180,positive,0.0605501461845,-0.107491405958,0.0528295112893,60.5501461845,-107.491405958,52.8295112893,77.5422260527,77.5422260527,83.7155113116
1478,1,180,positive,0.0608245221819,-0.107491405958,0.0521586488765,60.8245221819,-107.491405958,52.1586488765,77.2678500553,77.2678500553,83.0446488988
1479,0,180,positive,0.0605501461845,-0.107491405958,0.0528295112893,60.5501461845,-107.491405958,52.8295112893,77.5422260527,77.5422260527,83.7155113116
1479,1,180,positive,0.0602859548843,-0.107491405958,0.0534965401579,60.2859548843,-107.491405958,53.4965401579,77.8064173529,77.8064173529,84.3825401802
1480,0,180,positive,0.0633613199743,-0.107491405958,0.0550478887017,63.3613199743,-107.491405958,55.0478887017,74.7310522629,74.7310522629,85.933888724
1480,1,180,positive,0.0636583433749,-0.107491405958,0.0545778395393,63.6583433749,-107.491405958,54.5778395393,74.4340288623,74.4340288623,85.4638395616
1481,0,180,positive,0.0410923861662,-0.107491405958,0.125249640636,41.0923861662,-107.491405958,125.249640636,96.999986071,96.999986071,156.135640658
1481,1,180,positive,0.0410127768313,-0.107491405958,0.125447386174,41.0127768313,-107.491405958,125.447386174,97.0795954059,97.0795954059,156.333386197
1482,0,180,positive,0.040905903623,-0.107491405958,0.125807022346,40.905903623,-107.491405958,125.807022346,97.1864686142,97.1864686142,156.693022368
1482,1,180,positive,0.0406928166519,-0.107491405958,0.126354316059,40.6928166519,-107.491405958,126.354316059,97.3995555853,97.3995555853,157.240316081
1483,0,180,positive,0.040905903623,-0.107491405958,0.125807022346,40.905903623,-107.491405958,125.807022346,97.1864686142,97.1864686142,156.693022368
1483,1,180,positive,0.0410127768313,-0.107491405958,0.125447386174,41.0127768313,-107.491405958,125.447386174,97.0795954059,97.0795954059,156.333386197
1484,0,180,positive,0.0402974167246,-0.107491405958,0.127245918163,40.2974167246,-107.491405958,127.245918163,97.7949555126,97.7949555126,158.131918185
1484,1,180,positive,0.0406928166519,-0.107491405958,0.126354316059,40.6928166519,-107.491405958,126.354316059,97.3995555853,97.3995555853,157.240316081
1485,0,180,positive,0.0363268117713,-0.107491405958,0.124019809048,36.3268117713,-107.491405958,124.019809048,101.765560466,101.765560466,154.90580907
1485,1,180,positive,0.0362548649288,-0.107491405958,0.124282664818,36.2548649288,-107.491405958,124.282664818,101.837507308,101.837507308,155.168664841
1486,0,180,positive,0.0360089200927,-0.107491405958,0.125233806347,36.0089200927,-107.491405958,125.233806347,102.083452145,102.083452145,156.119806369
1486,1,180,positive,0.0362548649288,-0.107491405958,0.124282664818,36.2548649288,-107.491405958,124.282664818,101.837507308,101.837507308,155.168664841
1487,0,180,positive,0.0358981629565,-0.107491405958,0.125704919143,35.8981629565,-107.491405958,125.704919143,102.194209281,102.194209281,156.590919165
1487,1,180,positive,0.0360089200927,-0.107491405958,0.125233806347,36.0089200927,-107.491405958,125.233806347,102.083452145,102.083452145,156.119806369
1488,0,180,positive,0.0358981629565,-0.107491405958,0.125704919143,35.8981629565,-107.491405958,125.704919143,102.194209281,102.194209281,156.590919165
1488,1,180,positive,0.035679912197,-0.107491405958,0.126685184918,35.679912197,-107.491405958,126.685184918,102.41246004,102.41246004,157.571184941
1489,0,180,positive,0.0402974167246,-0.107491405958,0.127245918163,40.2974167246,-107.491405958,127.245918163,97.7949555126,97.7949555126,158.131918185
1489,1,180,positive,0.0401389477538,-0.107491405958,0.127637349994,40.1389477538,-107.491405958,127.637349994,97.9534244835,97.9534244835,158.523350017
1490,0,180,positive,0.0401389477538,-0.107491405958,0.127637349994,40.1389477538,-107.491405958,127.637349994,97.9534244835,97.9534244835,158.523350017
1490,1,180,positive,0.0401040402236,-0.107491405958,0.127739367077,40.1040402236,-107.491405958,127.739367077,97.9883320136,97.9883320136,158.625367099
1491,0,180,positive,0.0401040402236,-0.107491405958,0.127739367077,40.1040402236,-107.491405958,127.739367077,97.9883320136,97.9883320136,158.625367099
1491,1,180,positive,0.0398642012612,-0.107491405958,0.128173292169,39.8642012612,-107.491405958,128.173292169,98.228170976,98.228170976,159.059292191
1492,0,180,positive,0.0398642012612,-0.107491405958,0.128173292169,39.8642012612,-107.491405958,128.173292169,98.228170976,98.228170976,159.059292191
1492,1,180,positive,0.0395816692893,-0.107491405958,0.128592141782,39.5816692893,-107.491405958,128.592141782,98.5107029479,98.5107029479,159.478141805
1493,0,180,positive,0.0395079496086,-0.107491405958,0.12870567418,39.5079496086,-107.491405958,128.70567418,98.5844226286,98.5844226286,159.591674202
1493,1,180,positive,0.0395816692893,-0.107491405958,0.128592141782,39.5816692893,-107.491405958,128.592141782,98.5107029479,98.5107029479,159.478141805
1494,0,180,positive,0.0394896680329,-0.107491405958,0.128730147656,39.4896680329,-107.491405958,128.730147656,98.6027042043,98.6027042043,159.616147679
1494,1,180,positive,0.0395079496086,-0.107491405958,0.12870567418,39.5079496086,-107.491405958,128.70567418,98.5844226286,98.5844226286,159.591674202
1495,0,180,positive,0.0393622341128,-0.107491405958,0.128829933863,39.3622341128,-107.491405958,128.829933863,98.7301381244,98.7301381244,159.715933885
1495,1,180,positive,0.0389733334392,-0.107491405958,0.12916610142,38.9733334392,-107.491405958,129.16610142,99.119038798,99.119038798,160.052101442
1496,0,180,positive,0.0394684836236,-0.107491405958,0.128744352787,39.4684836236,-107.491405958,128.744352787,98.6238886136,98.6238886136,159.630352809
1496,1,180,positive,0.0394896680329,-0.107491405958,0.128730147656,39.4896680329,-107.491405958,128.730147656,98.6027042043,98.6027042043,159.616147679
1497,0,180,positive,0.0393622341128,-0.107491405958,0.128829933863,39.3622341128,-107.491405958,128.829933863,98.7301381244,98.7301381244,159.715933885
1497,1,180,positive,0.0394684836236,-0.107491405958,0.128744352787,39.4684836236,-107.491405958,128.744352787,98.6238886136,98.6238886136,159.630352809
1498,0,180,positive,0.0355270213129,-0.107491405958,0.127362578967,35.5270213129,-107.491405958,127.362578967,102.565350924,102.565350924,158.24857899
1498,1,180,positive,0.035679912197,-0.107491405958,0.126685184918,35.679912197,-107.491405958,126.685184918,102.41246004,102.41246004,157.571184941
1499,0,180,positive,0.0355270213129,-0.107491405958,0.127362578967,35.5270213129,-107.491405958,127.362578967,102.565350924,102.565350924,158.24857899
1499,1,180,positive,0.0354478466046,-0.107491405958,0.12785673349,35.4478466046,-107.491405958,127.85673349,102.644525633,102.644525633,158.742733512
1500,0,180,positive,0.0352773143509,-0.107491405958,0.128647731458,35.2773143509,-107.491405958,128.647731458,102.815057886,102.815057886,159.53373148
1500,1,180,positive,0.0354478466046,-0.107491405958,0.12785673349,35.4478466046,-107.491405958,127.85673349,102.644525633,102.644525633,158.742733512
1501,0,180,positive,0.0352773143509,-0.107491405958,0.128647731458,35.2773143509,-107.491405958,128.647731458,102.815057886,102.815057886,159.53373148
1501,1,180,positive,0.0352231760734,-0.107491405958,0.128931906492,35.2231760734,-107.491405958,128.931906492,102.869196164,102.869196164,159.817906514
