segment_id,endpoint,angle_deg,side,x_input,y_input,z_input,x_mm,y_mm,z_mm,signed_r_mm,radial_r_mm,z_from_bottom_mm
0,0,60,positive,0.143349489952,-0.0983858109745,-0.0304467207522,143.349489952,-98.3858109745,-30.4467207522,10.5142354297,10.5142354297,0.439279270063
0,1,60,positive,0.142800187385,-0.0993372309297,-0.0304532193854,142.800187385,-99.3372309297,-30.4532193854,9.41563029523,9.41563029523,0.432780636894
1,0,60,positive,0.143349489952,-0.0983858109745,-0.0304467207522,143.349489952,-98.3858109745,-30.4467207522,10.5142354297,10.5142354297,0.439279270063
1,1,60,positive,0.143723182392,-0.0977385566822,-0.0304022496091,143.723182392,-97.7385566822,-30.4022496091,11.2616203094,11.2616203094,0.483750413208
2,0,60,positive,0.142651598643,-0.0995945941795,-0.0304165784763,142.651598643,-99.5945941795,-30.4165784763,9.11845281212,9.11845281212,0.469421546002
2,1,60,positive,0.142749149897,-0.0994256304509,-0.0304473941167,142.749149897,-99.4256304509,-30.4473941167,9.31355532051,9.31355532051,0.438605905637
3,0,60,positive,0.142749149897,-0.0994256304509,-0.0304473941167,142.749149897,-99.4256304509,-30.4473941167,9.31355532051,9.31355532051,0.438605905637
3,1,60,positive,0.142800187385,-0.0993372309297,-0.0304532193854,142.800187385,-99.3372309297,-30.4532193854,9.41563029523,9.41563029523,0.432780636894
4,0,60,positive,0.143493433254,-0.0981364938619,-0.0245907000208,143.493433254,-98.1364938619,-24.5907000208,10.8021220338,10.8021220338,6.29530000149
4,1,60,positive,0.143485797449,-0.0981497194638,-0.0245948726399,143.485797449,-98.1497194638,-24.5948726399,10.7868504242,10.7868504242,6.29112738242
5,0,60,positive,0.143209850807,-0.0986276730679,-0.0243606794037,143.209850807,-98.6276730679,-24.3606794037,10.2349571403,10.2349571403,6.52532061863
5,1,60,positive,0.143485797449,-0.0981497194638,-0.0245948726399,143.485797449,-98.1497194638,-24.5948726399,10.7868504242,10.7868504242,6.29112738242
6,0,60,positive,0.143209850807,-0.0986276730679,-0.0243606794037,143.209850807,-98.6276730679,-24.3606794037,10.2349571403,10.2349571403,6.52532061863
6,1,60,positive,0.143176913426,-0.0986847222863,-0.024348612504,143.176913426,-98.6847222863,-24.348612504,10.169082377,10.169082377,6.53738751828
7,0,60,positive,0.143176913426,-0.0986847222863,-0.024348612504,143.176913426,-98.6847222863,-24.348612504,10.169082377,10.169082377,6.53738751828
7,1,60,positive,0.143118747338,-0.0987854689061,-0.0243393983364,143.118747338,-98.7854689061,-24.3393983364,10.0527502009,10.0527502009,6.54660168587
8,0,60,positive,0.142651598643,-0.0995945941795,-0.0304165784763,142.651598643,-99.5945941795,-30.4165784763,9.11845281212,9.11845281212,0.469421546002
8,1,60,positive,0.142479156072,-0.0998932734747,-0.0303831508424,142.479156072,-99.8932734747,-30.3831508424,8.77356766916,8.77356766916,0.502849179925
9,0,60,positive,0.141988038551,-0.100743913973,-0.0304126416774,141.988038551,-100.743913973,-30.4126416774,7.79133262778,7.79133262778,0.473358344915
9,1,60,positive,0.141536880656,-0.101525342369,-0.0303215535929,141.536880656,-101.525342369,-30.3215535929,6.88901683782,6.88901683782,0.564446429358
10,0,60,positive,0.14226265171,-0.100268270029,-0.0304105443427,142.26265171,-100.268270029,-30.4105443427,8.34055894622,8.34055894622,0.475455679594
10,1,60,positive,0.142479156072,-0.0998932734747,-0.0303831508424,142.479156072,-99.8932734747,-30.3831508424,8.77356766916,8.77356766916,0.502849179925
11,0,60,positive,0.14226265171,-0.100268270029,-0.0304105443427,142.26265171,-100.268270029,-30.4105443427,8.34055894622,8.34055894622,0.475455679594
11,1,60,positive,0.141988038551,-0.100743913973,-0.0304126416774,141.988038551,-100.743913973,-30.4126416774,7.79133262778,7.79133262778,0.473358344915
12,0,60,positive,0.141397676898,-0.101766450351,-0.0302954236227,141.397676898,-101.766450351,-30.2954236227,6.61060932153,6.61060932153,0.590576399573
12,1,60,positive,0.140955271465,-0.102532719039,-0.0301603816519,140.955271465,-102.532719039,-30.1603816519,5.7257984553,5.7257984553,0.72561837035
13,0,60,positive,0.141433868709,-0.101703764296,-0.0303051577065,141.433868709,-101.703764296,-30.3051577065,6.68299294262,6.68299294262,0.580842315806
13,1,60,positive,0.141536880656,-0.101525342369,-0.0303215535929,141.536880656,-101.525342369,-30.3215535929,6.88901683782,6.88901683782,0.564446429358
14,0,60,positive,0.141397676898,-0.101766450351,-0.0302954236227,141.397676898,-101.766450351,-30.2954236227,6.61060932153,6.61060932153,0.590576399573
14,1,60,positive,0.141433868709,-0.101703764296,-0.0303051577065,141.433868709,-101.703764296,-30.3051577065,6.68299294262,6.68299294262,0.580842315806
15,0,60,positive,0.142929076126,-0.0991139890814,-0.0242589845061,142.929076126,-99.1139890814,-24.2589845061,9.6734077776,9.6734077776,6.62701551615
15,1,60,positive,0.143118747338,-0.0987854689061,-0.0243393983364,143.118747338,-98.7854689061,-24.3393983364,10.0527502009,10.0527502009,6.54660168587
16,0,60,positive,0.142641886261,-0.0996114165186,-0.0245285317518,142.641886261,-99.6114165186,-24.5285317518,9.09902804804,9.09902804804,6.35746827048
16,1,60,positive,0.142929076126,-0.0991139890814,-0.0242589845061,142.929076126,-99.1139890814,-24.2589845061,9.6734077776,9.6734077776,6.62701551615
17,0,60,positive,0.142641886261,-0.0996114165186,-0.0245285317518,142.641886261,-99.6114165186,-24.5285317518,9.09902804804,9.09902804804,6.35746827048
17,1,60,positive,0.142513303873,-0.0998341277473,-0.0246564970289,142.513303873,-99.8341277473,-24.6564970289,8.84186327237,8.84186327237,6.22950299337
18,0,60,positive,0.142242745633,-0.100302748366,-0.0245130674155,142.242745633,-100.302748366,-24.5130674155,8.30074679188,8.30074679188,6.37293260677
18,1,60,positive,0.142344744567,-0.10012608103,-0.0245604489754,142.344744567,-100.12608103,-24.5604489754,8.50474465949,8.50474465949,6.32555104689
19,0,60,positive,0.14219497835,-0.100385483727,-0.0244478077717,142.19497835,-100.385483727,-24.4478077717,8.2052122259,8.2052122259,6.43819225063
19,1,60,positive,0.142242745633,-0.100302748366,-0.0245130674155,142.242745633,-100.302748366,-24.5130674155,8.30074679188,8.30074679188,6.37293260677
20,0,60,positive,0.142513303873,-0.0998341277473,-0.0246564970289,142.513303873,-99.8341277473,-24.6564970289,8.84186327237,8.84186327237,6.22950299337
20,1,60,positive,0.142344744567,-0.10012608103,-0.0245604489754,142.344744567,-100.12608103,-24.5604489754,8.50474465949,8.50474465949,6.32555104689
21,0,60,positive,0.14219497835,-0.100385483727,-0.0244478077717,142.19497835,-100.385483727,-24.4478077717,8.2052122259,8.2052122259,6.43819225063
21,1,60,positive,0.141994020089,-0.100733553645,-0.0242642300983,141.994020089,-100.733553645,-24.2642300983,7.80329570367,7.80329570367,6.62176992396
22,0,60,positive,0.141520654488,-0.101553446917,-0.0246104706759,141.520654488,-101.553446917,-24.6104706759,6.85656450122,6.85656450122,6.27552934638
22,1,60,positive,0.141541858465,-0.101516720552,-0.0245967898451,141.541858465,-101.516720552,-24.5967898451,6.89897245461,6.89897245461,6.28921017717
23,0,60,positive,0.141520654488,-0.101553446917,-0.0246104706759,141.520654488,-101.553446917,-24.6104706759,6.85656450122,6.85656450122,6.27552934638
23,1,60,positive,0.141375664097,-0.101804577641,-0.0246883491921,141.375664097,-101.804577641,-24.6883491921,6.56658371908,6.56658371908,6.19765083017
24,0,60,positive,0.141541858465,-0.101516720552,-0.0245967898451,141.541858465,-101.516720552,-24.5967898451,6.89897245461,6.89897245461,6.28921017717
24,1,60,positive,0.141554886331,-0.101494155625,-0.02457137073,141.554886331,-101.494155625,-24.57137073,6.92502818791,6.92502818791,6.31462929233
25,0,60,positive,0.141375664097,-0.101804577641,-0.0246883491921,141.375664097,-101.804577641,-24.6883491921,6.56658371908,6.56658371908,6.19765083017
25,1,60,positive,0.141321084502,-0.101899112272,-0.0246276519107,141.321084502,-101.899112272,-24.6276519107,6.45742453001,6.45742453001,6.25834811163
26,0,60,positive,0.141776325233,-0.101110612197,-0.0243004892407,141.776325233,-101.110612197,-24.3004892407,7.36790599086,7.36790599086,6.5855107816
26,1,60,positive,0.141994020089,-0.100733553645,-0.0242642300983,141.994020089,-100.733553645,-24.2642300983,7.80329570367,7.80329570367,6.62176992396
27,0,60,positive,0.141776325233,-0.101110612197,-0.0243004892407,141.776325233,-101.110612197,-24.3004892407,7.36790599086,7.36790599086,6.5855107816
27,1,60,positive,0.141663394078,-0.101306214695,-0.0243051673682,141.663394078,-101.306214695,-24.3051673682,7.14204368082,7.14204368082,6.58083265407
28,0,60,positive,0.141663394078,-0.101306214695,-0.0243051673682,141.663394078,-101.306214695,-24.3051673682,7.14204368082,7.14204368082,6.58083265407
28,1,60,positive,0.141554886331,-0.101494155625,-0.02457137073,141.554886331,-101.494155625,-24.57137073,6.92502818791,6.92502818791,6.31462929233
29,0,60,positive,0.13881120036,-0.106246359127,-0.0303497841471,138.81120036,-106.246359127,-30.3497841471,1.43765624592,1.43765624592,0.536215875167
29,1,60,positive,0.138505995157,-0.106774990046,-0.0303777946828,138.505995157,-106.774990046,-30.3777946828,0.827245839797,0.827245839797,0.508205339513
30,0,60,positive,0.140650666348,-0.103060310578,-0.0301822150781,140.650666348,-103.060310578,-30.1822150781,5.11658822095,5.11658822095,0.703784944166
30,1,60,positive,0.140434647044,-0.103434466988,-0.0302337787849,140.434647044,-103.434466988,-30.2337787849,4.68454961335,4.68454961335,0.65222123736
31,0,60,positive,0.140206197467,-0.103830153261,-0.0302481154533,140.206197467,-103.830153261,-30.2481154533,4.22765046046,4.22765046046,0.637884568966
31,1,60,positive,0.13989703173,-0.104365644026,-0.0302328606912,139.89703173,-104.365644026,-30.2328606912,3.60931898596,3.60931898596,0.653139331071
32,0,60,positive,0.13989703173,-0.104365644026,-0.0302328606912,139.89703173,-104.365644026,-30.2328606912,3.60931898596,3.60931898596,0.653139331071
32,1,60,positive,0.13978661819,-0.104556885888,-0.0302375572332,139.78661819,-104.556885888,-30.2375572332,3.38849190461,3.38849190461,0.648442789043
33,0,60,positive,0.14077664375,-0.102842111316,-0.0301651665257,140.77664375,-102.842111316,-30.1651665257,5.36854302635,5.36854302635,0.720833496616
33,1,60,positive,0.140650666348,-0.103060310578,-0.0301822150781,140.650666348,-103.060310578,-30.1822150781,5.11658822095,5.11658822095,0.703784944166
34,0,60,positive,0.14077664375,-0.102842111316,-0.0301651665257,140.77664375,-102.842111316,-30.1651665257,5.36854302635,5.36854302635,0.720833496616
34,1,60,positive,0.140955271465,-0.102532719039,-0.0301603816519,140.955271465,-102.532719039,-30.1603816519,5.7257984553,5.7257984553,0.72561837035
35,0,60,positive,0.140206197467,-0.103830153261,-0.0302481154533,140.206197467,-103.830153261,-30.2481154533,4.22765046046,4.22765046046,0.637884568966
35,1,60,positive,0.140434647044,-0.103434466988,-0.0302337787849,140.434647044,-103.434466988,-30.2337787849,4.68454961335,4.68454961335,0.65222123736
36,0,60,positive,0.139373572933,-0.105272301257,-0.030239217746,139.373572933,-105.272301257,-30.239217746,2.5624013924,2.5624013924,0.646782276289
36,1,60,positive,0.13978661819,-0.104556885888,-0.0302375572332,139.78661819,-104.556885888,-30.2375572332,3.38849190461,3.38849190461,0.648442789043
37,0,60,positive,0.139373572933,-0.105272301257,-0.030239217746,139.373572933,-105.272301257,-30.239217746,2.5624013924,2.5624013924,0.646782276289
37,1,60,positive,0.13919256787,-0.105585811224,-0.0302622114602,139.19256787,-105.585811224,-30.2622114602,2.20039126489,2.20039126489,0.623788562058
38,0,60,positive,0.13881120036,-0.106246359127,-0.0303497841471,138.81120036,-106.246359127,-30.3497841471,1.43765624592,1.43765624592,0.536215875167
38,1,60,positive,0.13919256787,-0.105585811224,-0.0302622114602,139.19256787,-105.585811224,-30.2622114602,2.20039126489,2.20039126489,0.623788562058
39,0,60,positive,0.138092372237,-0.107491405958,-0.0303865153224,138.092372237,-107.491405958,-30.3865153224,0,0,0.499484699907
39,1,60,positive,0.138505995157,-0.106774990046,-0.0303777946828,138.505995157,-106.774990046,-30.3777946828,0.827245839797,0.827245839797,0.508205339513
40,0,60,positive,0.14114956454,-0.102196193561,-0.024376617008,141.14956454,-102.196193561,-24.376617008,6.11438460615,6.11438460615,6.50938301427
40,1,60,positive,0.141321084502,-0.101899112272,-0.0246276519107,141.321084502,-101.899112272,-24.6276519107,6.45742453001,6.45742453001,6.25834811163
41,0,60,positive,0.14114956454,-0.102196193561,-0.024376617008,141.14956454,-102.196193561,-24.376617008,6.11438460615,6.11438460615,6.50938301427
41,1,60,positive,0.140943927912,-0.102552366648,-0.0242778185794,140.943927912,-102.552366648,-24.2778185794,5.70311135047,5.70311135047,6.6081814429
42,0,60,positive,0.140644795592,-0.103070479025,-0.0241855754063,140.644795592,-103.070479025,-24.1855754063,5.10484670951,5.10484670951,6.70042461598
42,1,60,positive,0.140943927912,-0.102552366648,-0.0242778185794,140.943927912,-102.552366648,-24.2778185794,5.70311135047,5.70311135047,6.6081814429
43,0,60,positive,0.140644795592,-0.103070479025,-0.0241855754063,140.644795592,-103.070479025,-24.1855754063,5.10484670951,5.10484670951,6.70042461598
43,1,60,positive,0.140561646354,-0.10321449773,-0.0241717292526,140.561646354,-103.21449773,-24.1717292526,4.93854823368,4.93854823368,6.71427076972
44,0,60,positive,0.14019698549,-0.103846108874,-0.0242802569269,140.19698549,-103.846108874,-24.2802569269,4.20922650507,4.20922650507,6.60574309535
44,1,60,positive,0.140477456128,-0.103360319479,-0.0241907630829,140.477456128,-103.360319479,-24.1907630829,4.77016778165,4.77016778165,6.69523693941
45,0,60,positive,0.140561646354,-0.10321449773,-0.0241717292526,140.561646354,-103.21449773,-24.1717292526,4.93854823368,4.93854823368,6.71427076972
45,1,60,positive,0.140477456128,-0.103360319479,-0.0241907630829,140.477456128,-103.360319479,-24.1907630829,4.77016778165,4.77016778165,6.69523693941
46,0,60,positive,0.14019698549,-0.103846108874,-0.0242802569269,140.19698549,-103.846108874,-24.2802569269,4.20922650507,4.20922650507,6.60574309535
46,1,60,positive,0.139975095917,-0.104230432888,-0.024377674419,139.975095917,-104.230432888,-24.377674419,3.76544735903,3.76544735903,6.50832560333
47,0,60,positive,0.139708569037,-0.104692070986,-0.0243908471072,139.708569037,-104.692070986,-24.3908471072,3.23239359956,3.23239359956,6.49515291505
47,1,60,positive,0.139975095917,-0.104230432888,-0.024377674419,139.975095917,-104.230432888,-24.377674419,3.76544735903,3.76544735903,6.50832560333
48,0,60,positive,0.139708569037,-0.104692070986,-0.0243908471072,139.708569037,-104.692070986,-24.3908471072,3.23239359956,3.23239359956,6.49515291505
48,1,60,positive,0.13941389524,-0.105202460973,-0.0243401650404,139.41389524,-105.202460973,-24.3401650404,2.64304600638,2.64304600638,6.54583498191
49,0,60,positive,0.13912037354,-0.10571085547,-0.0243628121951,139.12037354,-105.71085547,-24.3628121951,2.05600260655,2.05600260655,6.5231878272
49,1,60,positive,0.139200444323,-0.105572168807,-0.0243474652324,139.200444323,-105.572168807,-24.3474652324,2.21614417173,2.21614417173,6.53853478992
50,0,60,positive,0.13941389524,-0.105202460973,-0.0243401650404,139.41389524,-105.202460973,-24.3401650404,2.64304600638,2.64304600638,6.54583498191
50,1,60,positive,0.139200444323,-0.105572168807,-0.0243474652324,139.200444323,-105.572168807,-24.3474652324,2.21614417173,2.21614417173,6.53853478992
51,0,60,positive,0.138805908558,-0.106255524797,-0.0245178983113,138.805908558,-106.255524797,-24.5178983113,1.42707264211,1.42707264211,6.36810171094
51,1,60,positive,0.13906037783,-0.105814771089,-0.0243682934552,139.06037783,-105.814771089,-24.3682934552,1.93601118563,1.93601118563,6.51770656708
52,0,60,positive,0.138805908558,-0.106255524797,-0.0245178983113,138.805908558,-106.255524797,-24.5178983113,1.42707264211,1.42707264211,6.36810171094
52,1,60,positive,0.138624489806,-0.106569751293,-0.0246481782272,138.624489806,-106.569751293,-24.6481782272,1.06423513771,1.06423513771,6.23782179509
53,0,60,positive,0.13906037783,-0.105814771089,-0.0243682934552,139.06037783,-105.814771089,-24.3682934552,1.93601118563,1.93601118563,6.51770656708
53,1,60,positive,0.13912037354,-0.10571085547,-0.0243628121951,139.12037354,-105.71085547,-24.3628121951,2.05600260655,2.05600260655,6.5231878272
54,0,60,positive,0.138092372237,-0.107491405958,-0.0246964624861,138.092372237,-107.491405958,-24.6964624861,0,0,6.18953753617
54,1,60,positive,0.138162729213,-0.1073695441,-0.0246922448786,138.162729213,-107.3695441,-24.6922448786,0.140713952472,0.140713952472,6.19375514369
55,0,60,positive,0.138463917554,-0.106847870593,-0.0246831370323,138.463917554,-106.847870593,-24.6831370323,0.743090632676,0.743090632676,6.20286299001
55,1,60,positive,0.138162729213,-0.1073695441,-0.0246922448786,138.162729213,-107.3695441,-24.6922448786,0.140713952472,0.140713952472,6.19375514369
56,0,60,positive,0.138624489806,-0.106569751293,-0.0246481782272,138.624489806,-106.569751293,-24.6481782272,1.06423513771,1.06423513771,6.23782179509
56,1,60,positive,0.138463917554,-0.106847870593,-0.0246831370323,138.463917554,-106.847870593,-24.6831370323,0.743090632676,0.743090632676,6.20286299001
57,0,60,positive,0.157445892262,-0.0739701259704,-0.0274970263656,157.445892262,-73.9701259704,-27.4970263656,38.7070400488,38.7070400488,3.38897365669
57,1,60,positive,0.156976621323,-0.0747829270782,-0.0281660421463,156.976621323,-74.7829270782,-28.1660421463,37.768498172,37.768498172,2.71995787599
58,0,60,positive,0.15672132567,-0.07522511212,-0.0285006238671,156.72132567,-75.22511212,-28.5006238671,37.2579068662,37.2579068662,2.3853761552
58,1,60,positive,0.156976621323,-0.0747829270782,-0.0281660421463,156.976621323,-74.7829270782,-28.1660421463,37.768498172,37.768498172,2.71995787599
59,0,60,positive,0.159406004271,-0.0705751123817,-0.0227094171691,159.406004271,-70.5751123817,-22.7094171691,42.6272640675,42.6272640675,8.1765828532
59,1,60,positive,0.159226345207,-0.0708862910085,-0.0233330603928,159.226345207,-70.8862910085,-23.3330603928,42.2679459396,42.2679459396,7.55293962946
60,0,60,positive,0.159645710046,-0.0701599298012,-0.0219181928296,159.645710046,-70.1599298012,-21.9181928296,43.1066756167,43.1066756167,8.9678071927
60,1,60,positive,0.159599789466,-0.0702394665785,-0.0221005135092,159.599789466,-70.2394665785,-22.1005135092,43.0148344572,43.0148344572,8.78548651309
61,0,60,positive,0.15967553298,-0.0701082749641,-0.0217696651582,159.67553298,-70.1082749641,-21.7696651582,43.1663214849,43.1663214849,9.11633486404
61,1,60,positive,0.159645710046,-0.0701599298012,-0.0219181928296,159.645710046,-70.1599298012,-21.9181928296,43.1066756167,43.1066756167,8.9678071927
62,0,60,positive,0.159406004271,-0.0705751123817,-0.0227094171691,159.406004271,-70.5751123817,-22.7094171691,42.6272640675,42.6272640675,8.1765828532
62,1,60,positive,0.159599789466,-0.0702394665785,-0.0221005135092,159.599789466,-70.2394665785,-22.1005135092,43.0148344572,43.0148344572,8.78548651309
63,0,60,positive,0.160048748061,-0.069461847481,-0.0205098970316,160.048748061,-69.461847481,-20.5098970316,43.9127516477,43.9127516477,10.3761029907
63,1,60,positive,0.160013527769,-0.0695228508171,-0.0206487864907,160.013527769,-69.5228508171,-20.6487864907,43.8423110627,43.8423110627,10.2372135316
64,0,60,positive,0.160013527769,-0.0695228508171,-0.0206487864907,160.013527769,-69.5228508171,-20.6487864907,43.8423110627,43.8423110627,10.2372135316
64,1,60,positive,0.159989685671,-0.0695641465411,-0.0207222594118,159.989685671,-69.5641465411,-20.7222594118,43.794626868,43.794626868,10.1637406104
65,0,60,positive,0.15967553298,-0.0701082749641,-0.0217696651582,159.67553298,-70.1082749641,-21.7696651582,43.1663214849,43.1663214849,9.11633486404
65,1,60,positive,0.159989685671,-0.0695641465411,-0.0207222594118,159.989685671,-69.5641465411,-20.7222594118,43.794626868,43.794626868,10.1637406104
66,0,60,positive,0.16011292433,-0.0693506909232,-0.0203713670895,160.11292433,-69.3506909232,-20.3713670895,44.0411041848,44.0411041848,10.5146329327
66,1,60,positive,0.160048748061,-0.069461847481,-0.0205098970316,160.048748061,-69.461847481,-20.5098970316,43.9127516477,43.9127516477,10.3761029907
67,0,60,positive,0.160451437539,-0.0687643688463,-0.0195430632656,160.451437539,-68.7643688463,-19.5430632656,44.7181306026,44.7181306026,11.3429367567
67,1,60,positive,0.160396708281,-0.0688591627019,-0.0197085580629,160.396708281,-68.8591627019,-19.7085580629,44.6086720866,44.6086720866,11.1774419594
68,0,60,positive,0.16011292433,-0.0693506909232,-0.0203713670895,160.11292433,-69.3506909232,-20.3713670895,44.0411041848,44.0411041848,10.5146329327
68,1,60,positive,0.160396708281,-0.0688591627019,-0.0197085580629,160.396708281,-68.8591627019,-19.7085580629,44.6086720866,44.6086720866,11.1774419594
69,0,60,positive,0.160451437539,-0.0687643688463,-0.0195430632656,160.451437539,-68.7643688463,-19.5430632656,44.7181306026,44.7181306026,11.3429367567
69,1,60,positive,0.160757496347,-0.0682342594398,-0.0184525247496,160.757496347,-68.2342594398,-18.4525247496,45.3302482198,45.3302482198,12.4334752727
70,0,60,positive,0.158264980533,-0.0725514234693,-0.0260260498854,158.264980533,-72.5514234693,-26.0260498854,40.3452165907,40.3452165907,4.85995013689
70,1,60,positive,0.157994136561,-0.0730205389886,-0.0265982402027,157.994136561,-73.0205389886,-26.5982402027,39.8035286479,39.8035286479,4.28775981964
71,0,60,positive,0.158810977918,-0.071605728257,-0.0246010268104,158.810977918,-71.605728257,-24.6010268104,41.4372113614,41.4372113614,6.28497321191
71,1,60,positive,0.158381618581,-0.0723494004437,-0.0257564050272,158.381618581,-72.3494004437,-25.7564050272,40.578492687,40.578492687,5.12959499505
72,0,60,positive,0.158810977918,-0.071605728257,-0.0246010268104,158.810977918,-71.605728257,-24.6010268104,41.4372113614,41.4372113614,6.28497321191
72,1,60,positive,0.158821404819,-0.0715876683342,-0.0245715688615,158.821404819,-71.5876683342,-24.5715688615,41.458065164,41.458065164,6.3144311608
73,0,60,positive,0.158264980533,-0.0725514234693,-0.0260260498854,158.264980533,-72.5514234693,-26.0260498854,40.3452165907,40.3452165907,4.85995013689
73,1,60,positive,0.158381618581,-0.0723494004437,-0.0257564050272,158.381618581,-72.3494004437,-25.7564050272,40.578492687,40.578492687,5.12959499505
74,0,60,positive,0.159083128238,-0.0711343500753,-0.0238401449194,159.083128238,-71.1343500753,-23.8401449194,41.9815120017,41.9815120017,7.04585510288
74,1,60,positive,0.158826969324,-0.0715780303296,-0.0245562150703,158.826969324,-71.5780303296,-24.5562150703,41.4691941731,41.4691941731,6.32978495196
75,0,60,positive,0.159141609965,-0.0710330567536,-0.0236720943949,159.141609965,-71.0330567536,-23.6720943949,42.0984754548,42.0984754548,7.21390562734
75,1,60,positive,0.159226345207,-0.0708862910085,-0.0233330603928,159.226345207,-70.8862910085,-23.3330603928,42.2679459396,42.2679459396,7.55293962946
76,0,60,positive,0.159083128238,-0.0711343500753,-0.0238401449194,159.083128238,-71.1343500753,-23.8401449194,41.9815120017,41.9815120017,7.04585510288
76,1,60,positive,0.159141609965,-0.0710330567536,-0.0236720943949,159.141609965,-71.0330567536,-23.6720943949,42.0984754548,42.0984754548,7.21390562734
77,0,60,positive,0.158821404819,-0.0715876683342,-0.0245715688615,158.821404819,-71.5876683342,-24.5715688615,41.458065164,41.458065164,6.3144311608
77,1,60,positive,0.158826969324,-0.0715780303296,-0.0245562150703,158.826969324,-71.5780303296,-24.5562150703,41.4691941731,41.4691941731,6.32978495196
78,0,60,positive,0.157668455733,-0.0735846347295,-0.0271504964741,157.668455733,-73.5846347295,-27.1504964741,39.1521669922,39.1521669922,3.73550354822
78,1,60,positive,0.157445892262,-0.0739701259704,-0.0274970263656,157.445892262,-73.9701259704,-27.4970263656,38.7070400488,38.7070400488,3.38897365669
79,0,60,positive,0.157668455733,-0.0735846347295,-0.0271504964741,157.668455733,-73.5846347295,-27.1504964741,39.1521669922,39.1521669922,3.73550354822
79,1,60,positive,0.157994136561,-0.0730205389886,-0.0265982402027,157.994136561,-73.0205389886,-26.5982402027,39.8035286479,39.8035286479,4.28775981964
80,0,60,positive,0.156977256475,-0.0747818269622,-0.0187661631016,156.977256475,-74.7818269622,-18.7661631016,37.7697684765,37.7697684765,12.1198369207
80,1,60,positive,0.157043915999,-0.0746663692803,-0.0186826332346,157.043915999,-74.6663692803,-18.6826332346,37.9030875241,37.9030875241,12.2033667877
81,0,60,positive,0.15751517824,-0.0738501191356,-0.0180147656077,157.51517824,-73.8501191356,-18.0147656077,38.8456120055,38.8456120055,12.8712344146
81,1,60,positive,0.157599609489,-0.0737038799218,-0.0178584405595,157.599609489,-73.7038799218,-17.8584405595,39.0144745045,39.0144745045,13.0275594628
82,0,60,positive,0.15751517824,-0.0738501191356,-0.0180147656077,157.51517824,-73.8501191356,-18.0147656077,38.8456120055,38.8456120055,12.8712344146
82,1,60,positive,0.15731332981,-0.0741997308717,-0.0184282583493,157.31332981,-74.1997308717,-18.4282583493,38.4419151456,38.4419151456,12.457741673
83,0,60,positive,0.157190740606,-0.0744120616022,-0.0185079768785,157.190740606,-74.4120616022,-18.5079768785,38.1967367368,38.1967367368,12.3780231438
83,1,60,positive,0.157043915999,-0.0746663692803,-0.0186826332346,157.043915999,-74.6663692803,-18.6826332346,37.9030875241,37.9030875241,12.2033667877
84,0,60,positive,0.15731332981,-0.0741997308717,-0.0184282583493,157.31332981,-74.1997308717,-18.4282583493,38.4419151456,38.4419151456,12.457741673
84,1,60,positive,0.157190740606,-0.0744120616022,-0.0185079768785,157.190740606,-74.4120616022,-18.5079768785,38.1967367368,38.1967367368,12.3780231438
85,0,60,positive,0.168431566465,-0.0549423800941,0.0116073261205,168.431566465,-54.9423800941,11.6073261205,60.6783884564,60.6783884564,42.4933261428
85,1,60,positive,0.168200180348,-0.0553431526052,0.0104850619318,168.200180348,-55.3431526052,10.4850619318,60.215616222,60.215616222,41.3710619541
86,0,60,positive,0.168860961093,-0.0541986467833,0.013713704737,168.860961093,-54.1986467833,13.713704737,61.5371777107,61.5371777107,44.5997047593
86,1,60,positive,0.168813016155,-0.054281689851,0.0134556755472,168.813016155,-54.281689851,13.4556755472,61.4412878357,61.4412878357,44.3416755695
87,0,60,positive,0.168956980524,-0.0540323362488,0.0142024755367,168.956980524,-54.0323362488,14.2024755367,61.7292165744,61.7292165744,45.088475559
87,1,60,positive,0.168860961093,-0.0541986467833,0.013713704737,168.860961093,-54.1986467833,13.713704737,61.5371777107,61.5371777107,44.5997047593
88,0,60,positive,0.168431566465,-0.0549423800941,0.0116073261205,168.431566465,-54.9423800941,11.6073261205,60.6783884564,60.6783884564,42.4933261428
88,1,60,positive,0.168511748676,-0.054803500432,0.0119894624185,168.511748676,-54.803500432,11.9894624185,60.838752877,60.838752877,42.8754624408
89,0,60,positive,0.1686857623,-0.0545020999938,0.0127293283065,168.6857623,-54.5020999938,12.7293283065,61.1867801252,61.1867801252,43.6153283288
89,1,60,positive,0.168657537991,-0.0545509859312,0.0126062388455,168.657537991,-54.5509859312,12.6062388455,61.130331507,61.130331507,43.4922388677
90,0,60,positive,0.168511748676,-0.054803500432,0.0119894624185,168.511748676,-54.803500432,11.9894624185,60.838752877,60.838752877,42.8754624408
90,1,60,positive,0.168657537991,-0.0545509859312,0.0126062388455,168.657537991,-54.5509859312,12.6062388455,61.130331507,61.130331507,43.4922388677
91,0,60,positive,0.1686857623,-0.0545020999938,0.0127293283065,168.6857623,-54.5020999938,12.7293283065,61.1867801252,61.1867801252,43.6153283288
91,1,60,positive,0.168813016155,-0.054281689851,0.0134556755472,168.813016155,-54.281689851,13.4556755472,61.4412878357,61.4412878357,44.3416755695
92,0,60,positive,0.16992457476,-0.0523564138725,0.0190393724244,169.92457476,-52.3564138725,19.0393724244,63.6644050447,63.6644050447,49.9253724467
92,1,60,positive,0.169908105807,-0.0523849389347,0.0189374512282,169.908105807,-52.3849389347,18.9374512282,63.63146714,63.63146714,49.8234512505
93,0,60,positive,0.168956980524,-0.0540323362488,0.0142024755367,168.956980524,-54.0323362488,14.2024755367,61.7292165744,61.7292165744,45.088475559
93,1,60,positive,0.16922760284,-0.0535636046479,0.0155472164288,169.22760284,-53.5636046479,15.5472164288,62.2704612064,62.2704612064,46.4332164511
94,0,60,positive,0.16922760284,-0.0535636046479,0.0155472164288,169.22760284,-53.5636046479,15.5472164288,62.2704612064,62.2704612064,46.4332164511
94,1,60,positive,0.169377509393,-0.0533039588816,0.016277135107,169.377509393,-53.3039588816,16.277135107,62.5702743125,62.5702743125,47.1631351293
95,0,60,positive,0.169754656031,-0.0526507217435,0.0180567694916,169.754656031,-52.6507217435,18.0567694916,63.3245675875,63.3245675875,48.9427695139
95,1,60,positive,0.16952555036,-0.0530475444051,0.0170208135586,169.52555036,-53.0475444051,17.0208135586,62.8663562465,62.8663562465,47.9068135809
96,0,60,positive,0.169377509393,-0.0533039588816,0.016277135107,169.377509393,-53.3039588816,16.277135107,62.5702743125,62.5702743125,47.1631351293
96,1,60,positive,0.16952555036,-0.0530475444051,0.0170208135586,169.52555036,-53.0475444051,17.0208135586,62.8663562465,62.8663562465,47.9068135809
97,0,60,positive,0.169754656031,-0.0526507217435,0.0180567694916,169.754656031,-52.6507217435,18.0567694916,63.3245675875,63.3245675875,48.9427695139
97,1,60,positive,0.169908105807,-0.0523849389347,0.0189374512282,169.908105807,-52.3849389347,18.9374512282,63.63146714,63.63146714,49.8234512505
98,0,60,positive,0.162631682372,-0.0649880740218,-0.0107524936823,162.631682372,-64.9880740218,-10.7524936823,49.0786202696,49.0786202696,20.13350634
98,1,60,positive,0.162626639839,-0.0649968079446,-0.0107783175663,162.626639839,-64.9968079446,-10.7783175663,49.0685352043,49.0685352043,20.107682456
99,0,60,positive,0.162626639839,-0.0649968079446,-0.0107783175663,162.626639839,-64.9968079446,-10.7783175663,49.0685352043,49.0685352043,20.107682456
99,1,60,positive,0.162542945207,-0.0651417713002,-0.011112055515,162.542945207,-65.1417713002,-11.112055515,48.9011459395,48.9011459395,19.7739445073
100,0,60,positive,0.162651126243,-0.0649543962498,-0.010674650453,162.651126243,-64.9543962498,-10.674650453,49.117508011,49.117508011,20.2113495693
100,1,60,positive,0.162639881082,-0.0649738734401,-0.0107227793305,162.639881082,-64.9738734401,-10.7227793305,49.0950176889,49.0950176889,20.1632206918
101,0,60,positive,0.162639881082,-0.0649738734401,-0.0107227793305,162.639881082,-64.9738734401,-10.7227793305,49.0950176889,49.0950176889,20.1632206918
101,1,60,positive,0.162631682372,-0.0649880740218,-0.0107524936823,162.631682372,-64.9880740218,-10.7524936823,49.0786202696,49.0786202696,20.13350634
102,0,60,positive,0.163016236052,-0.0643220075091,-0.00925355713362,163.016236052,-64.3220075091,-9.25355713362,49.8477276305,49.8477276305,21.6324428887
102,1,60,positive,0.162910527631,-0.0645050998651,-0.00961354011904,162.910527631,-64.5050998651,-9.61354011904,49.6363107884,49.6363107884,21.2724599033
103,0,60,positive,0.162651126243,-0.0649543962498,-0.010674650453,162.651126243,-64.9543962498,-10.674650453,49.117508011,49.117508011,20.2113495693
103,1,60,positive,0.162910527631,-0.0645050998651,-0.00961354011904,162.910527631,-64.5050998651,-9.61354011904,49.6363107884,49.6363107884,21.2724599033
104,0,60,positive,0.162292644535,-0.0655753047815,-0.0121116862726,162.292644535,-65.5753047815,-12.1116862726,48.4005445952,48.4005445952,18.7743137496
104,1,60,positive,0.162542945207,-0.0651417713002,-0.011112055515,162.542945207,-65.1417713002,-11.112055515,48.9011459395,48.9011459395,19.7739445073
105,0,60,positive,0.165345435976,-0.0602877149005,-4.45258489494e-05,165.345435976,-60.2877149005,-0.0445258489494,54.5061274776,54.5061274776,30.8414741733
105,1,60,positive,0.165337062717,-0.0603022178104,-6.99266275621e-05,165.337062717,-60.3022178104,-0.0699266275621,54.4893809597,54.4893809597,30.8160733947
106,0,60,positive,0.165448092856,-0.0601099079693,0.000154599819562,165.448092856,-60.1099079693,0.154599819562,54.7114412367,54.7114412367,31.0405998419
106,1,60,positive,0.165345435976,-0.0602877149005,-4.45258489494e-05,165.345435976,-60.2877149005,-0.0445258489494,54.5061274776,54.5061274776,30.8414741733
107,0,60,positive,0.165448092856,-0.0601099079693,0.000154599819562,165.448092856,-60.1099079693,0.154599819562,54.7114412367,54.7114412367,31.0405998419
107,1,60,positive,0.165506648893,-0.0600084859373,0.000275493094727,165.506648893,-60.0084859373,0.275493094727,54.8285533117,54.8285533117,31.161493117
108,0,60,positive,0.164274799196,-0.0621421122001,-0.00470364187709,164.274799196,-62.1421122001,-4.70364187709,52.3648539174,52.3648539174,26.1823581452
108,1,60,positive,0.164086564963,-0.0624681434554,-0.00539165118118,164.086564963,-62.4681434554,-5.39165118118,51.9883854513,51.9883854513,25.4943488411
109,0,60,positive,0.16387335395,-0.0628374357627,-0.00612929436476,163.87335395,-62.8374357627,-6.12929436476,51.5619634252,51.5619634252,24.7567056575
109,1,60,positive,0.164086564963,-0.0624681434554,-0.00539165118118,164.086564963,-62.4681434554,-5.39165118118,51.9883854513,51.9883854513,25.4943488411
110,0,60,positive,0.164356272635,-0.062000996064,-0.00437599751075,164.356272635,-62.000996064,-4.37599751075,52.5278007956,52.5278007956,26.5100025115
110,1,60,positive,0.164274799196,-0.0621421122001,-0.00470364187709,164.274799196,-62.1421122001,-4.70364187709,52.3648539174,52.3648539174,26.1823581452
111,0,60,positive,0.163371503127,-0.0637066668855,-0.007932841369,163.371503127,-63.7066668855,-7.932841369,50.5582617798,50.5582617798,22.9531586533
111,1,60,positive,0.163135978961,-0.0641146067081,-0.00883927822023,163.135978961,-64.1146067081,-8.83927822023,50.087213447,50.087213447,22.0467218021
112,0,60,positive,0.163751157673,-0.0630490859234,-0.00654169903577,163.751157673,-63.0490859234,-6.54169903577,51.3175708707,51.3175708707,24.3443009865
112,1,60,positive,0.163582293539,-0.063341567182,-0.00713422479787,163.582293539,-63.341567182,-7.13422479787,50.979842604,50.979842604,23.7517752244
113,0,60,positive,0.163371503127,-0.0637066668855,-0.007932841369,163.371503127,-63.7066668855,-7.932841369,50.5582617798,50.5582617798,22.9531586533
113,1,60,positive,0.163582293539,-0.063341567182,-0.00713422479787,163.582293539,-63.341567182,-7.13422479787,50.979842604,50.979842604,23.7517752244
114,0,60,positive,0.163016236052,-0.0643220075091,-0.00925355713362,163.016236052,-64.3220075091,-9.25355713362,49.8477276305,49.8477276305,21.6324428887
114,1,60,positive,0.163135978961,-0.0641146067081,-0.00883927822023,163.135978961,-64.1146067081,-8.83927822023,50.087213447,50.087213447,22.0467218021
115,0,60,positive,0.163751157673,-0.0630490859234,-0.00654169903577,163.751157673,-63.0490859234,-6.54169903577,51.3175708707,51.3175708707,24.3443009865
115,1,60,positive,0.16387335395,-0.0628374357627,-0.00612929436476,163.87335395,-62.8374357627,-6.12929436476,51.5619634252,51.5619634252,24.7567056575
116,0,60,positive,0.164636461198,-0.0615156952373,-0.00337027137394,164.636461198,-61.5156952373,-3.37027137394,53.0881779215,53.0881779215,27.5157286484
116,1,60,positive,0.164468633763,-0.0618063808813,-0.00392893094131,164.468633763,-61.8063808813,-3.92893094131,52.7525230519,52.7525230519,26.957069081
117,0,60,positive,0.164684559915,-0.0614323858153,-0.00321538588698,164.684559915,-61.4323858153,-3.21538588698,53.1843753559,53.1843753559,27.6706141353
117,1,60,positive,0.164636461198,-0.0615156952373,-0.00337027137394,164.636461198,-61.5156952373,-3.37027137394,53.0881779215,53.0881779215,27.5157286484
118,0,60,positive,0.164356272635,-0.062000996064,-0.00437599751075,164.356272635,-62.000996064,-4.37599751075,52.5278007956,52.5278007956,26.5100025115
118,1,60,positive,0.164468633763,-0.0618063808813,-0.00392893094131,164.468633763,-61.8063808813,-3.92893094131,52.7525230519,52.7525230519,26.957069081
119,0,60,positive,0.164684559915,-0.0614323858153,-0.00321538588698,164.684559915,-61.4323858153,-3.21538588698,53.1843753559,53.1843753559,27.6706141353
119,1,60,positive,0.164988541282,-0.060905874644,-0.00211184754949,164.988541282,-60.905874644,-2.11184754949,53.792338089,53.792338089,28.7741524728
120,0,60,positive,0.165087223268,-0.0607349524295,-0.00172223142629,165.087223268,-60.7349524295,-1.72223142629,53.989702062,53.989702062,29.163768596
120,1,60,positive,0.164988541282,-0.060905874644,-0.00211184754949,164.988541282,-60.905874644,-2.11184754949,53.792338089,53.792338089,28.7741524728
121,0,60,positive,0.165087223268,-0.0607349524295,-0.00172223142629,165.087223268,-60.7349524295,-1.72223142629,53.989702062,53.989702062,29.163768596
121,1,60,positive,0.165172006292,-0.0605881039245,-0.00141355117563,165.172006292,-60.5881039245,-1.41355117563,54.1592681098,54.1592681098,29.4724488467
122,0,60,positive,0.165211196756,-0.0605202240497,-0.00103954297278,165.211196756,-60.5202240497,-1.03954297278,54.2376490378,54.2376490378,29.8464570495
122,1,60,positive,0.16518456324,-0.0605663546533,-0.0012833480066,165.18456324,-60.5663546533,-1.2833480066,54.184382005,54.184382005,29.6026520157
123,0,60,positive,0.165219197323,-0.0605063666621,-0.000830870462226,165.219197323,-60.5063666621,-0.830870462226,54.2536501707,54.2536501707,30.0551295601
123,1,60,positive,0.165211196756,-0.0605202240497,-0.00103954297278,165.211196756,-60.5202240497,-1.03954297278,54.2376490378,54.2376490378,29.8464570495
124,0,60,positive,0.165219197323,-0.0605063666621,-0.000830870462226,165.219197323,-60.5063666621,-0.830870462226,54.2536501707,54.2536501707,30.0551295601
124,1,60,positive,0.165220067993,-0.0605048586165,-0.000776418740828,165.220067993,-60.5048586165,-0.776418740828,54.2553915118,54.2553915118,30.1095812815
125,0,60,positive,0.165172006292,-0.0605881039245,-0.00141355117563,165.172006292,-60.5881039245,-1.41355117563,54.1592681098,54.1592681098,29.4724488467
125,1,60,positive,0.16518456324,-0.0605663546533,-0.0012833480066,165.18456324,-60.5663546533,-1.2833480066,54.184382005,54.184382005,29.6026520157
126,0,60,positive,0.165264486388,-0.0604279237004,-0.000444081932345,165.264486388,-60.4279237004,-0.444081932345,54.3442283008,54.3442283008,30.4419180899
126,1,60,positive,0.165337062717,-0.0603022178104,-6.99266275621e-05,165.337062717,-60.3022178104,-0.0699266275621,54.4893809597,54.4893809597,30.8160733947
127,0,60,positive,0.165220067993,-0.0605048586165,-0.000776418740828,165.220067993,-60.5048586165,-0.776418740828,54.2553915118,54.2553915118,30.1095812815
127,1,60,positive,0.165264486388,-0.0604279237004,-0.000444081932345,165.264486388,-60.4279237004,-0.444081932345,54.3442283008,54.3442283008,30.4419180899
128,0,60,positive,0.163094597377,-0.0641862817143,0.000413366028083,163.094597377,-64.1862817143,0.413366028083,50.0044502787,50.0044502787,31.2993660504
128,1,60,positive,0.163160849555,-0.0640715295754,0.000648709414177,163.160849555,-64.0715295754,0.648709414177,50.1369546353,50.1369546353,31.5347094365
129,0,60,positive,0.163022715269,-0.0643107851772,0.000172838091204,163.022715269,-64.3107851772,0.172838091204,49.8606860631,49.8606860631,31.0588381135
129,1,60,positive,0.163094597377,-0.0641862817143,0.000413366028083,163.094597377,-64.1862817143,0.413366028083,50.0044502787,50.0044502787,31.2993660504
130,0,60,positive,0.162893460209,-0.0645346615079,-0.000293556262919,162.893460209,-64.5346615079,-0.293556262919,49.6021759435,49.6021759435,30.5924437594
130,1,60,positive,0.162863916742,-0.0645858322935,-0.000425447092236,162.863916742,-64.5858322935,-0.425447092236,49.5430890099,49.5430890099,30.4605529301
131,0,60,positive,0.163022715269,-0.0643107851772,0.000172838091204,163.022715269,-64.3107851772,0.172838091204,49.8606860631,49.8606860631,31.0588381135
131,1,60,positive,0.162893460209,-0.0645346615079,-0.000293556262919,162.893460209,-64.5346615079,-0.293556262919,49.6021759435,49.6021759435,30.5924437594
132,0,60,positive,0.161181469863,-0.0674999157692,-0.0170607849577,161.181469863,-67.4999157692,-17.0607849577,46.1781952516,46.1781952516,13.8252150646
132,1,60,positive,0.160844507172,-0.0680835522709,-0.0182065958149,160.844507172,-68.0835522709,-18.2065958149,45.5042698688,45.5042698688,12.6794042074
133,0,60,positive,0.161181469863,-0.0674999157692,-0.0170607849577,161.181469863,-67.4999157692,-17.0607849577,46.1781952516,46.1781952516,13.8252150646
133,1,60,positive,0.161185882966,-0.0674922720506,-0.0170453585304,161.185882966,-67.4922720506,-17.0453585304,46.1870214576,46.1870214576,13.8406414919
134,0,60,positive,0.16146079507,-0.0670161103183,-0.0157605844461,161.46079507,-67.0161103183,-15.7605844461,46.7368456662,46.7368456662,15.1254155762
134,1,60,positive,0.161189422533,-0.0674861413413,-0.017029009901,161.189422533,-67.4861413413,-17.029009901,46.1941005909,46.1941005909,13.8569901213
135,0,60,positive,0.161185882966,-0.0674922720506,-0.0170453585304,161.185882966,-67.4922720506,-17.0453585304,46.1870214576,46.1870214576,13.8406414919
135,1,60,positive,0.161189422533,-0.0674861413413,-0.017029009901,161.189422533,-67.4861413413,-17.029009901,46.1941005909,46.1941005909,13.8569901213
136,0,60,positive,0.161723449842,-0.0665611789092,-0.014696633584,161.723449842,-66.5611789092,-14.696633584,47.2621552092,47.2621552092,16.1893664383
136,1,60,positive,0.161604066582,-0.0667679567811,-0.0151863504159,161.604066582,-66.7679567811,-15.1863504159,47.0233886892,47.0233886892,15.6996496064
137,0,60,positive,0.160757496347,-0.0682342594398,-0.0184525247496,160.757496347,-68.2342594398,-18.4525247496,45.3302482198,45.3302482198,12.4334752727
137,1,60,positive,0.160844507172,-0.0680835522709,-0.0182065958149,160.844507172,-68.0835522709,-18.2065958149,45.5042698688,45.5042698688,12.6794042074
138,0,60,positive,0.15985459448,-0.069798131347,-0.01031497575,159.85459448,-69.798131347,-10.31497575,43.5244444865,43.5244444865,20.5710242723
138,1,60,positive,0.159770639119,-0.0699435462992,-0.0106378034366,159.770639119,-69.9435462992,-10.6378034366,43.356533763,43.356533763,20.2481965856
139,0,60,positive,0.15985459448,-0.069798131347,-0.01031497575,159.85459448,-69.798131347,-10.31497575,43.5244444865,43.5244444865,20.5710242723
139,1,60,positive,0.159916095253,-0.0696916088835,-0.0100540601085,159.916095253,-69.6916088835,-10.0540601085,43.6474460325,43.6474460325,20.8319399138
140,0,60,positive,0.159916095253,-0.0696916088835,-0.0100540601085,159.916095253,-69.6916088835,-10.0540601085,43.6474460325,43.6474460325,20.8319399138
140,1,60,positive,0.159990566763,-0.069562620445,-0.00980460167414,159.990566763,-69.562620445,-9.80460167414,43.7963890519,43.7963890519,21.0813983482
141,0,60,positive,0.159990566763,-0.069562620445,-0.00980460167414,159.990566763,-69.562620445,-9.80460167414,43.7963890519,43.7963890519,21.0813983482
141,1,60,positive,0.160079339991,-0.0694088607047,-0.00969741523744,160.079339991,-69.4088607047,-9.69741523744,43.9739355068,43.9739355068,21.1885847849
142,0,60,positive,0.160186284752,-0.0692236269451,-0.00947584430998,160.186284752,-69.2236269451,-9.47584430998,44.1878250288,44.1878250288,21.4101557123
142,1,60,positive,0.160294158286,-0.069036784502,-0.00917720366787,160.294158286,-69.036784502,-9.17720366787,44.4035720984,44.4035720984,21.7087963544
143,0,60,positive,0.160186284752,-0.0692236269451,-0.00947584430998,160.186284752,-69.2236269451,-9.47584430998,44.1878250288,44.1878250288,21.4101557123
143,1,60,positive,0.160121183623,-0.069336385408,-0.00959620788285,160.121183623,-69.336385408,-9.59620788285,44.057622771,44.057622771,21.2897921394
144,0,60,positive,0.160121183623,-0.069336385408,-0.00959620788285,160.121183623,-69.336385408,-9.59620788285,44.057622771,44.057622771,21.2897921394
144,1,60,positive,0.160079339991,-0.0694088607047,-0.00969741523744,160.079339991,-69.4088607047,-9.69741523744,43.9739355068,43.9739355068,21.1885847849
145,0,60,positive,0.161723449842,-0.0665611789092,-0.014696633584,161.723449842,-66.5611789092,-14.696633584,47.2621552092,47.2621552092,16.1893664383
145,1,60,positive,0.161751332594,-0.0665128845663,-0.0144479807344,161.751332594,-66.5128845663,-14.4479807344,47.3179207129,47.3179207129,16.4380192879
146,0,60,positive,0.161963930435,-0.0661446543037,-0.0136047479044,161.963930435,-66.1446543037,-13.6047479044,47.7431163955,47.7431163955,17.2812521178
146,1,60,positive,0.161889662668,-0.0662732898492,-0.0139274084188,161.889662668,-66.2732898492,-13.9274084188,47.5945808618,47.5945808618,16.9585916034
147,0,60,positive,0.161751332594,-0.0665128845663,-0.0144479807344,161.751332594,-66.5128845663,-14.4479807344,47.3179207129,47.3179207129,16.4380192879
147,1,60,positive,0.161889662668,-0.0662732898492,-0.0139274084188,161.889662668,-66.2732898492,-13.9274084188,47.5945808618,47.5945808618,16.9585916034
148,0,60,positive,0.16146079507,-0.0670161103183,-0.0157605844461,161.46079507,-67.0161103183,-15.7605844461,46.7368456662,46.7368456662,15.1254155762
148,1,60,positive,0.161469961645,-0.0670002333447,-0.0157186864568,161.469961645,-67.0002333447,-15.7186864568,46.7551788162,46.7551788162,15.1673135655
149,0,60,positive,0.161469961645,-0.0670002333447,-0.0157186864568,161.469961645,-67.0002333447,-15.7186864568,46.7551788162,46.7551788162,15.1673135655
149,1,60,positive,0.161604066582,-0.0667679567811,-0.0151863504159,161.604066582,-66.7679567811,-15.1863504159,47.0233886892,47.0233886892,15.6996496064
150,0,60,positive,0.162223864827,-0.0656944347308,-0.0124061830815,162.223864827,-65.6944347308,-12.4061830815,48.2629851787,48.2629851787,18.4798169408
150,1,60,positive,0.161966645928,-0.0661399509323,-0.0134781639257,161.966645928,-66.1399509323,-13.4781639257,47.748547381,47.748547381,17.4078360966
151,0,60,positive,0.162223864827,-0.0656944347308,-0.0124061830815,162.223864827,-65.6944347308,-12.4061830815,48.2629851787,48.2629851787,18.4798169408
151,1,60,positive,0.162259548934,-0.0656326280436,-0.0122436586186,162.259548934,-65.6326280436,-12.2436586186,48.3343533936,48.3343533936,18.6423414037
152,0,60,positive,0.161963930435,-0.0661446543037,-0.0136047479044,161.963930435,-66.1446543037,-13.6047479044,47.7431163955,47.7431163955,17.2812521178
152,1,60,positive,0.161966645928,-0.0661399509323,-0.0134781639257,161.966645928,-66.1399509323,-13.4781639257,47.748547381,47.748547381,17.4078360966
153,0,60,positive,0.162259548934,-0.0656326280436,-0.0122436586186,162.259548934,-65.6326280436,-12.2436586186,48.3343533936,48.3343533936,18.6423414037
153,1,60,positive,0.162267755215,-0.0656184143475,-0.0122183158651,162.267755215,-65.6184143475,-12.2183158651,48.3507659562,48.3507659562,18.6676841572
154,0,60,positive,0.162267755215,-0.0656184143475,-0.0122183158651,162.267755215,-65.6184143475,-12.2183158651,48.3507659562,48.3507659562,18.6676841572
154,1,60,positive,0.162292644535,-0.0655753047815,-0.0121116862726,162.292644535,-65.5753047815,-12.1116862726,48.4005445952,48.4005445952,18.7743137496
155,0,60,positive,0.158417030004,-0.0722880660594,-0.0156187181722,158.417030004,-72.2880660594,-15.6187181722,40.6493155337,40.6493155337,15.2672818501
155,1,60,positive,0.158290478476,-0.0725072597362,-0.0160866823127,158.290478476,-72.5072597362,-16.0866823127,40.396212477,40.396212477,14.7993177096
156,0,60,positive,0.158417030004,-0.0722880660594,-0.0156187181722,158.417030004,-72.2880660594,-15.6187181722,40.6493155337,40.6493155337,15.2672818501
156,1,60,positive,0.15849793907,-0.0721479274458,-0.0153426039265,158.49793907,-72.1479274458,-15.3426039265,40.8111336662,40.8111336662,15.5433960958
157,0,60,positive,0.15849793907,-0.0721479274458,-0.0153426039265,158.49793907,-72.1479274458,-15.3426039265,40.8111336662,40.8111336662,15.5433960958
157,1,60,positive,0.158542132435,-0.0720713822933,-0.0151215687263,158.542132435,-72.0713822933,-15.1215687263,40.899520395,40.899520395,15.764431296
158,0,60,positive,0.158542132435,-0.0720713822933,-0.0151215687263,158.542132435,-72.0713822933,-15.1215687263,40.899520395,40.899520395,15.764431296
158,1,60,positive,0.158707145466,-0.0717855713385,-0.0145522595112,158.707145466,-71.7855713385,-14.5522595112,41.2295464584,41.2295464584,16.3337405111
159,0,60,positive,0.158746743637,-0.0717169852946,-0.0144115756062,158.746743637,-71.7169852946,-14.4115756062,41.3087428002,41.3087428002,16.4744244161
159,1,60,positive,0.158733960816,-0.0717391257913,-0.0144479499214,158.733960816,-71.7391257913,-14.4479499214,41.2831771568,41.2831771568,16.4380501009
160,0,60,positive,0.158733960816,-0.0717391257913,-0.0144479499214,158.733960816,-71.7391257913,-14.4479499214,41.2831771568,41.2831771568,16.4380501009
160,1,60,positive,0.158707145466,-0.0717855713385,-0.0145522595112,158.707145466,-71.7855713385,-14.5522595112,41.2295464584,41.2295464584,16.3337405111
161,0,60,positive,0.158746743637,-0.0717169852946,-0.0144115756062,158.746743637,-71.7169852946,-14.4115756062,41.3087428002,41.3087428002,16.4744244161
161,1,60,positive,0.158911850174,-0.071431012384,-0.0137731759338,158.911850174,-71.431012384,-13.7731759338,41.6389558741,41.6389558741,17.1128240885
162,0,60,positive,0.158973603405,-0.0713240526502,-0.0135064686815,158.973603405,-71.3240526502,-13.5064686815,41.7624623362,41.7624623362,17.3795313408
162,1,60,positive,0.158911850174,-0.071431012384,-0.0137731759338,158.911850174,-71.431012384,-13.7731759338,41.6389558741,41.6389558741,17.1128240885
163,0,60,positive,0.157966265142,-0.0730688137026,-0.0171042360828,157.966265142,-73.0688137026,-17.1042360828,39.7477858097,39.7477858097,13.7817639395
163,1,60,positive,0.158137939047,-0.0727714657774,-0.0166767984277,158.137939047,-72.7714657774,-16.6767984277,40.091133619,40.091133619,14.2092015946
164,0,60,positive,0.157599609489,-0.0737038799218,-0.0178584405595,157.599609489,-73.7038799218,-17.8584405595,39.0144745045,39.0144745045,13.0275594628
164,1,60,positive,0.157756347491,-0.0734324017398,-0.0175498706494,157.756347491,-73.4324017398,-17.5498706494,39.3279505074,39.3279505074,13.3361293729
165,0,60,positive,0.157911485443,-0.0731636949253,-0.0172175350937,157.911485443,-73.1636949253,-17.2175350937,39.6382264107,39.6382264107,13.6684649286
165,1,60,positive,0.157756347491,-0.0734324017398,-0.0175498706494,157.756347491,-73.4324017398,-17.5498706494,39.3279505074,39.3279505074,13.3361293729
166,0,60,positive,0.157966265142,-0.0730688137026,-0.0171042360828,157.966265142,-73.0688137026,-17.1042360828,39.7477858097,39.7477858097,13.7817639395
166,1,60,positive,0.157911485443,-0.0731636949253,-0.0172175350937,157.911485443,-73.1636949253,-17.2175350937,39.6382264107,39.6382264107,13.6684649286
167,0,60,positive,0.158137939047,-0.0727714657774,-0.0166767984277,158.137939047,-72.7714657774,-16.6767984277,40.091133619,40.091133619,14.2092015946
167,1,60,positive,0.158185780168,-0.0726886025248,-0.0164301620499,158.185780168,-72.6886025248,-16.4301620499,40.1868158614,40.1868158614,14.4558379724
168,0,60,positive,0.158290478476,-0.0725072597362,-0.0160866823127,158.290478476,-72.5072597362,-16.0866823127,40.396212477,40.396212477,14.7993177096
168,1,60,positive,0.158185780168,-0.0726886025248,-0.0164301620499,158.185780168,-72.6886025248,-16.4301620499,40.1868158614,40.1868158614,14.4558379724
169,0,60,positive,0.159135451673,-0.071043723228,-0.012918030577,159.135451673,-71.043723228,-12.918030577,42.086158871,42.086158871,17.9679694453
169,1,60,positive,0.159292536957,-0.0707716435339,-0.0124193362103,159.292536957,-70.7716435339,-12.4193362103,42.4003294403,42.4003294403,18.466663812
170,0,60,positive,0.159378451241,-0.0706228356303,-0.0121980387711,159.378451241,-70.6228356303,-12.1980387711,42.5721580067,42.5721580067,18.6879612511
170,1,60,positive,0.159292536957,-0.0707716435339,-0.0124193362103,159.292536957,-70.7716435339,-12.4193362103,42.4003294403,42.4003294403,18.466663812
171,0,60,positive,0.159424923567,-0.0705423431995,-0.0120376863408,159.424923567,-70.5423431995,-12.0376863408,42.6651026598,42.6651026598,18.8483136814
171,1,60,positive,0.159655829297,-0.0701424027436,-0.0113343016325,159.655829297,-70.1424027436,-11.3343016325,43.1269141196,43.1269141196,19.5516983898
172,0,60,positive,0.159703118981,-0.0700604946084,-0.0111042064145,159.703118981,-70.0604946084,-11.1042064145,43.2214934874,43.2214934874,19.7817936078
172,1,60,positive,0.159655829297,-0.0701424027436,-0.0113343016325,159.655829297,-70.1424027436,-11.3343016325,43.1269141196,43.1269141196,19.5516983898
173,0,60,positive,0.159424923567,-0.0705423431995,-0.0120376863408,159.424923567,-70.5423431995,-12.0376863408,42.6651026598,42.6651026598,18.8483136814
173,1,60,positive,0.159378451241,-0.0706228356303,-0.0121980387711,159.378451241,-70.6228356303,-12.1980387711,42.5721580067,42.5721580067,18.6879612511
174,0,60,positive,0.158973603405,-0.0713240526502,-0.0135064686815,158.973603405,-71.3240526502,-13.5064686815,41.7624623362,41.7624623362,17.3795313408
174,1,60,positive,0.159135451673,-0.071043723228,-0.012918030577,159.135451673,-71.043723228,-12.918030577,42.086158871,42.086158871,17.9679694453
175,0,60,positive,0.159770639119,-0.0699435462992,-0.0106378034366,159.770639119,-69.9435462992,-10.6378034366,43.356533763,43.356533763,20.2481965856
175,1,60,positive,0.159703118981,-0.0700604946084,-0.0111042064145,159.703118981,-70.0604946084,-11.1042064145,43.2214934874,43.2214934874,19.7817936078
176,0,60,positive,0.161444360509,-0.0670445758133,-0.00530851254493,161.444360509,-67.0445758133,-5.30851254493,46.7039765438,46.7039765438,25.5774874774
176,1,60,positive,0.16144765523,-0.0670388691896,-0.00529514579507,161.44765523,-67.0388691896,-5.29514579507,46.7105659853,46.7105659853,25.5908542272
177,0,60,positive,0.161428475933,-0.0670720887059,-0.00535093066176,161.428475933,-67.0720887059,-5.35093066176,46.6722073919,46.6722073919,25.5350693605
177,1,60,positive,0.161444360509,-0.0670445758133,-0.00530851254493,161.444360509,-67.0445758133,-5.30851254493,46.7039765438,46.7039765438,25.5774874774
178,0,60,positive,0.161428475933,-0.0670720887059,-0.00535093066176,161.428475933,-67.0720887059,-5.35093066176,46.6722073919,46.6722073919,25.5350693605
178,1,60,positive,0.161241036958,-0.0673967425336,-0.00591359567202,161.241036958,-67.3967425336,-5.91359567202,46.2973294422,46.2973294422,24.9724043503
179,0,60,positive,0.16144765523,-0.0670388691896,-0.00529514579507,161.44765523,-67.0388691896,-5.29514579507,46.7105659853,46.7105659853,25.5908542272
179,1,60,positive,0.161450344384,-0.0670342114374,-0.00528528087772,161.450344384,-67.0342114374,-5.28528087772,46.7159442943,46.7159442943,25.6007191446
180,0,60,positive,0.161450344384,-0.0670342114374,-0.00528528087772,161.450344384,-67.0342114374,-5.28528087772,46.7159442943,46.7159442943,25.6007191446
180,1,60,positive,0.161490747952,-0.0669642304054,-0.00516824976069,161.490747952,-66.9642304054,-5.16824976069,46.7967514296,46.7967514296,25.7177502616
181,0,60,positive,0.160671750845,-0.0683827750059,-0.00810795055672,160.671750845,-68.3827750059,-8.10795055672,45.1587572156,45.1587572156,22.7780494656
181,1,60,positive,0.160700854836,-0.0683323654143,-0.0079823271985,160.700854836,-68.3323654143,-7.9823271985,45.2169651982,45.2169651982,22.9036728238
182,0,60,positive,0.160653996374,-0.0684135266524,-0.00816270740473,160.653996374,-68.4135266524,-8.16270740473,45.1232482729,45.1232482729,22.7232926176
182,1,60,positive,0.160671750845,-0.0683827750059,-0.00810795055672,160.671750845,-68.3827750059,-8.10795055672,45.1587572156,45.1587572156,22.7780494656
183,0,60,positive,0.16082651298,-0.0681147191251,-0.00755175381334,160.82651298,-68.1147191251,-7.55175381334,45.4682814855,45.4682814855,23.334246209
183,1,60,positive,0.160700854836,-0.0683323654143,-0.0079823271985,160.700854836,-68.3323654143,-7.9823271985,45.2169651982,45.2169651982,22.9036728238
184,0,60,positive,0.160932364374,-0.0679313791329,-0.0073060901296,160.932364374,-67.9313791329,-7.3060901296,45.6799842733,45.6799842733,23.5799098927
184,1,60,positive,0.161007562663,-0.0678011318758,-0.00707386699407,161.007562663,-67.8011318758,-7.07386699407,45.8303808511,45.8303808511,23.8121330282
185,0,60,positive,0.161007562663,-0.0678011318758,-0.00707386699407,161.007562663,-67.8011318758,-7.07386699407,45.8303808511,45.8303808511,23.8121330282
185,1,60,positive,0.161141450344,-0.0675692316102,-0.00643096153917,161.141450344,-67.5692316102,-6.43096153917,46.0981562127,46.0981562127,24.4550384831
186,0,60,positive,0.161241036958,-0.0673967425336,-0.00591359567202,161.241036958,-67.3967425336,-5.91359567202,46.2973294422,46.2973294422,24.9724043503
186,1,60,positive,0.161141450344,-0.0675692316102,-0.00643096153917,161.141450344,-67.5692316102,-6.43096153917,46.0981562127,46.0981562127,24.4550384831
187,0,60,positive,0.160932364374,-0.0679313791329,-0.0073060901296,160.932364374,-67.9313791329,-7.3060901296,45.6799842733,45.6799842733,23.5799098927
187,1,60,positive,0.16082651298,-0.0681147191251,-0.00755175381334,160.82651298,-68.1147191251,-7.55175381334,45.4682814855,45.4682814855,23.334246209
188,0,60,positive,0.160653996374,-0.0684135266524,-0.00816270740473,160.653996374,-68.4135266524,-8.16270740473,45.1232482729,45.1232482729,22.7232926176
188,1,60,positive,0.160294158286,-0.069036784502,-0.00917720366787,160.294158286,-69.036784502,-9.17720366787,44.4035720984,44.4035720984,21.7087963544
189,0,60,positive,0.161736758724,-0.0665381272497,-0.00446355144338,161.736758724,-66.5381272497,-4.46355144338,47.2887729729,47.2887729729,26.4224485789
189,1,60,positive,0.161490747952,-0.0669642304054,-0.00516824976069,161.490747952,-66.9642304054,-5.16824976069,46.7967514296,46.7967514296,25.7177502616
190,0,60,positive,0.161746753689,-0.0665208154616,-0.00441786434305,161.746753689,-66.5208154616,-4.41786434305,47.3087629039,47.3087629039,26.4681356792
190,1,60,positive,0.161736758724,-0.0665381272497,-0.00446355144338,161.736758724,-66.5381272497,-4.46355144338,47.2887729729,47.2887729729,26.4224485789
191,0,60,positive,0.161769032563,-0.0664822273203,-0.00435745020017,161.769032563,-66.4822273203,-4.35745020017,47.3533206514,47.3533206514,26.5285498221
191,1,60,positive,0.161746753689,-0.0665208154616,-0.00441786434305,161.746753689,-66.5208154616,-4.41786434305,47.3087629039,47.3087629039,26.4681356792
192,0,60,positive,0.162060619369,-0.0659771841576,-0.0032896146306,162.060619369,-65.9771841576,-3.2896146306,47.9364942633,47.9364942633,27.5963853917
192,1,60,positive,0.162175300423,-0.0657785507449,-0.00279619615713,162.175300423,-65.7785507449,-2.79619615713,48.1658563719,48.1658563719,28.0898038652
193,0,60,positive,0.16218455095,-0.0657625283629,-0.00275168928988,162.18455095,-65.7625283629,-2.75168928988,48.184357425,48.184357425,28.1343107324
193,1,60,positive,0.162175300423,-0.0657785507449,-0.00279619615713,162.175300423,-65.7785507449,-2.79619615713,48.1658563719,48.1658563719,28.0898038652
194,0,60,positive,0.162527572967,-0.0651683968015,-0.00178355620544,162.527572967,-65.1683968015,-1.78355620544,48.8704014588,48.8704014588,29.1024438169
194,1,60,positive,0.162541150939,-0.065144879064,-0.00175703706904,162.541150939,-65.144879064,-1.75703706904,48.897557403,48.897557403,29.1289629532
195,0,60,positive,0.162541150939,-0.065144879064,-0.00175703706904,162.541150939,-65.144879064,-1.75703706904,48.897557403,48.897557403,29.1289629532
195,1,60,positive,0.162552596846,-0.0651250541718,-0.00171352172209,162.552596846,-65.1250541718,-1.71352172209,48.9204492166,48.9204492166,29.1724783002
196,0,60,positive,0.162409286793,-0.065373274464,-0.00211271714339,162.409286793,-65.373274464,-2.11271714339,48.6338291116,48.6338291116,28.7732828789
196,1,60,positive,0.162527572967,-0.0651683968015,-0.00178355620544,162.527572967,-65.1683968015,-1.78355620544,48.8704014588,48.8704014588,29.1024438169
197,0,60,positive,0.162409286793,-0.065373274464,-0.00211271714339,162.409286793,-65.373274464,-2.11271714339,48.6338291116,48.6338291116,28.7732828789
197,1,60,positive,0.162208424868,-0.0657211775227,-0.00267733690062,162.208424868,-65.7211775227,-2.67733690062,48.2321052625,48.2321052625,28.2086631217
198,0,60,positive,0.162208424868,-0.0657211775227,-0.00267733690062,162.208424868,-65.7211775227,-2.67733690062,48.2321052625,48.2321052625,28.2086631217
198,1,60,positive,0.16218455095,-0.0657625283629,-0.00275168928988,162.18455095,-65.7625283629,-2.75168928988,48.184357425,48.184357425,28.1343107324
199,0,60,positive,0.161769032563,-0.0664822273203,-0.00435745020017,161.769032563,-66.4822273203,-4.35745020017,47.3533206514,47.3533206514,26.5285498221
199,1,60,positive,0.161994143032,-0.0660923245503,-0.00350259403267,161.994143032,-66.0923245503,-3.50259403267,47.8035415899,47.8035415899,27.3834059896
200,0,60,positive,0.162060619369,-0.0659771841576,-0.0032896146306,162.060619369,-65.9771841576,-3.2896146306,47.9364942633,47.9364942633,27.5963853917
200,1,60,positive,0.161994143032,-0.0660923245503,-0.00350259403267,161.994143032,-66.0923245503,-3.50259403267,47.8035415899,47.8035415899,27.3834059896
201,0,60,positive,0.162616275072,-0.0650147602484,-0.00144678951147,162.616275072,-65.0147602484,-1.44678951147,49.0478056693,49.0478056693,29.4392105108
201,1,60,positive,0.162552596846,-0.0651250541718,-0.00171352172209,162.552596846,-65.1250541718,-1.71352172209,48.9204492166,48.9204492166,29.1724783002
202,0,60,positive,0.162616275072,-0.0650147602484,-0.00144678951147,162.616275072,-65.0147602484,-1.44678951147,49.0478056693,49.0478056693,29.4392105108
202,1,60,positive,0.162826443595,-0.0646507376888,-0.000548121191666,162.826443595,-64.6507376888,-0.548121191666,49.4681427149,49.4681427149,30.3378788306
203,0,60,positive,0.162863916742,-0.0645858322935,-0.000425447092236,162.863916742,-64.5858322935,-0.425447092236,49.5430890099,49.5430890099,30.4605529301
203,1,60,positive,0.162826443595,-0.0646507376888,-0.000548121191666,162.826443595,-64.6507376888,-0.548121191666,49.4681427149,49.4681427149,30.3378788306
204,0,60,positive,0.166840336932,-0.0576984704932,0.00484227722335,166.840336932,-57.6984704932,4.84227722335,57.4959293886,57.4959293886,35.7282772456
204,1,60,positive,0.166776809951,-0.0578085024506,0.00460184676234,166.776809951,-57.8085024506,4.60184676234,57.3688754282,57.3688754282,35.4878467846
205,0,60,positive,0.166875763276,-0.0576371102655,0.00501984871928,166.875763276,-57.6371102655,5.01984871928,57.5667820766,57.5667820766,35.9058487416
205,1,60,positive,0.166840336932,-0.0576984704932,0.00484227722335,166.840336932,-57.6984704932,4.84227722335,57.4959293886,57.4959293886,35.7282772456
206,0,60,positive,0.16590417955,-0.0593199426417,0.00153439727638,165.90417955,-59.3199426417,1.53439727638,55.6236146258,55.6236146258,32.4203972987
206,1,60,positive,0.165736842318,-0.059609779229,0.000907535365236,165.736842318,-59.609779229,0.907535365236,55.2889401624,55.2889401624,31.7935353875
207,0,60,positive,0.16590417955,-0.0593199426417,0.00153439727638,165.90417955,-59.3199426417,1.53439727638,55.6236146258,55.6236146258,32.4203972987
207,1,60,positive,0.16607152455,-0.0590300925994,0.00228115553036,166.07152455,-59.0300925994,2.28115553036,55.9583046258,55.9583046258,33.1671555527
208,0,60,positive,0.16607152455,-0.0590300925994,0.00228115553036,166.07152455,-59.0300925994,2.28115553036,55.9583046258,55.9583046258,33.1671555527
208,1,60,positive,0.166182243248,-0.0588383221884,0.00286310832797,166.182243248,-58.8383221884,2.86310832797,56.1797420225,56.1797420225,33.7491083503
209,0,60,positive,0.165736842318,-0.059609779229,0.000907535365236,165.736842318,-59.609779229,0.907535365236,55.2889401624,55.2889401624,31.7935353875
209,1,60,positive,0.165684635751,-0.0597002036567,0.000703649841267,165.684635751,-59.7002036567,0.703649841267,55.1845270271,55.1845270271,31.5896498636
210,0,60,positive,0.16565705315,-0.059747978123,0.000632249255691,165.65705315,-59.747978123,0.632249255691,55.1293618252,55.1293618252,31.518249278
210,1,60,positive,0.165518403534,-0.0599881263015,0.000290787731939,165.518403534,-59.9881263015,0.290787731939,54.8520625941,54.8520625941,31.1767877542
211,0,60,positive,0.16565705315,-0.059747978123,0.000632249255691,165.65705315,-59.747978123,0.632249255691,55.1293618252,55.1293618252,31.518249278
211,1,60,positive,0.165684635751,-0.0597002036567,0.000703649841267,165.684635751,-59.7002036567,0.703649841267,55.1845270271,55.1845270271,31.5896498636
212,0,60,positive,0.165506648893,-0.0600084859373,0.000275493094727,165.506648893,-60.0084859373,0.275493094727,54.8285533117,54.8285533117,31.161493117
212,1,60,positive,0.165518403534,-0.0599881263015,0.000290787731939,165.518403534,-59.9881263015,0.290787731939,54.8520625941,54.8520625941,31.1767877542
213,0,60,positive,0.166222738488,-0.0587681823768,0.00301116738759,166.222738488,-58.7681823768,3.01116738759,56.2607325007,56.2607325007,33.8971674099
213,1,60,positive,0.166182243248,-0.0588383221884,0.00286310832797,166.182243248,-58.8383221884,2.86310832797,56.1797420225,56.1797420225,33.7491083503
214,0,60,positive,0.166222738488,-0.0587681823768,0.00301116738759,166.222738488,-58.7681823768,3.01116738759,56.2607325007,56.2607325007,33.8971674099
214,1,60,positive,0.166372842418,-0.0585081947429,0.00338272738149,166.372842418,-58.5081947429,3.38272738149,56.5609403616,56.5609403616,34.2687274038
215,0,60,positive,0.166374694071,-0.0585049875866,0.00338863388762,166.374694071,-58.5049875866,3.38863388762,56.5646436667,56.5646436667,34.2746339099
215,1,60,positive,0.166372842418,-0.0585081947429,0.00338272738149,166.372842418,-58.5081947429,3.38272738149,56.5609403616,56.5609403616,34.2687274038
216,0,60,positive,0.166374694071,-0.0585049875866,0.00338863388762,166.374694071,-58.5049875866,3.38863388762,56.5646436667,56.5646436667,34.2746339099
216,1,60,positive,0.166600852587,-0.0581132695458,0.00398040701311,166.600852587,-58.1132695458,3.98040701311,57.0169606993,57.0169606993,34.8664070354
217,0,60,positive,0.166652260758,-0.0580242279813,0.0041735468242,166.652260758,-58.0242279813,4.1735468242,57.1197770417,57.1197770417,35.0595468465
217,1,60,positive,0.166776809951,-0.0578085024506,0.00460184676234,166.776809951,-57.8085024506,4.60184676234,57.3688754282,57.3688754282,35.4878467846
218,0,60,positive,0.166600852587,-0.0581132695458,0.00398040701311,166.600852587,-58.1132695458,3.98040701311,57.0169606993,57.0169606993,34.8664070354
218,1,60,positive,0.166652260758,-0.0580242279813,0.0041735468242,166.652260758,-58.0242279813,4.1735468242,57.1197770417,57.1197770417,35.0595468465
219,0,60,positive,0.166965296372,-0.0574820343936,0.00525905748623,166.965296372,-57.4820343936,5.25905748623,57.7458482694,57.7458482694,36.1450575085
219,1,60,positive,0.166875763276,-0.0576371102655,0.00501984871928,166.875763276,-57.6371102655,5.01984871928,57.5667820766,57.5667820766,35.9058487416
220,0,60,positive,0.166965296372,-0.0574820343936,0.00525905748623,166.965296372,-57.4820343936,5.25905748623,57.7458482694,57.7458482694,36.1450575085
220,1,60,positive,0.167170555782,-0.0571265146665,0.00604877816764,167.170555782,-57.1265146665,6.04877816764,58.1563670897,58.1563670897,36.9347781899
221,0,60,positive,0.167214325242,-0.0570507037374,0.00619302475979,167.214325242,-57.0507037374,6.19302475979,58.2439060104,58.2439060104,37.0790247821
221,1,60,positive,0.167170555782,-0.0571265146665,0.00604877816764,167.170555782,-57.1265146665,6.04877816764,58.1563670897,58.1563670897,36.9347781899
222,0,60,positive,0.167214325242,-0.0570507037374,0.00619302475979,167.214325242,-57.0507037374,6.19302475979,58.2439060104,58.2439060104,37.0790247821
222,1,60,positive,0.16734479995,-0.0568247149142,0.00664338993365,167.34479995,-56.8247149142,6.64338993365,58.5048554261,58.5048554261,37.5293899559
223,0,60,positive,0.167430271248,-0.0566766742836,0.00699356353975,167.430271248,-56.6766742836,6.99356353975,58.675798022,58.675798022,37.879563562
223,1,60,positive,0.167488466148,-0.056575877761,0.00727764302296,167.488466148,-56.575877761,7.27764302296,58.7921878209,58.7921878209,38.1636430452
224,0,60,positive,0.167783190878,-0.0560653995532,0.00850401868459,167.783190878,-56.0653995532,8.50401868459,59.3816372823,59.3816372823,39.3900187069
224,1,60,positive,0.167488466148,-0.056575877761,0.00727764302296,167.488466148,-56.575877761,7.27764302296,58.7921878209,58.7921878209,38.1636430452
225,0,60,positive,0.165690624026,-0.0596898316602,0.00971304321372,165.690624026,-59.6898316602,9.71304321372,55.1965035771,55.1965035771,40.599043236
225,1,60,positive,0.16581013307,-0.0594828359231,0.0102282383286,165.81013307,-59.4828359231,10.2282383286,55.435521666,55.435521666,41.1142383509
226,0,60,positive,0.165690624026,-0.0596898316602,0.00971304321372,165.690624026,-59.6898316602,9.71304321372,55.1965035771,55.1965035771,40.599043236
226,1,60,positive,0.165602372668,-0.059842687496,0.00935929290053,165.602372668,-59.842687496,9.35929290053,55.0200008612,55.0200008612,40.2452929228
227,0,60,positive,0.164207018532,-0.0622595117538,0.00430935551307,164.207018532,-62.2595117538,4.30935551307,52.2292925895,52.2292925895,35.1953555354
227,1,60,positive,0.164269648568,-0.0621510333488,0.00451142934488,164.269648568,-62.1510333488,4.51142934488,52.3545526622,52.3545526622,35.3974293672
228,0,60,positive,0.164269648568,-0.0621510333488,0.00451142934488,164.269648568,-62.1510333488,4.51142934488,52.3545526622,52.3545526622,35.3974293672
228,1,60,positive,0.164417992083,-0.061894094845,0.00490062896727,164.417992083,-61.894094845,4.90062896727,52.6512396908,52.6512396908,35.7866289896
229,0,60,positive,0.164460417602,-0.0618206116891,0.0049963467761,164.460417602,-61.8206116891,4.9963467761,52.7360907304,52.7360907304,35.8823467984
229,1,60,positive,0.164417992083,-0.061894094845,0.00490062896727,164.417992083,-61.894094845,4.90062896727,52.6512396908,52.6512396908,35.7866289896
230,0,60,positive,0.164497027319,-0.0617572017998,0.00508371183573,164.497027319,-61.7572017998,5.08371183573,52.8093101638,52.8093101638,35.969711858
230,1,60,positive,0.164460417602,-0.0618206116891,0.0049963467761,164.460417602,-61.8206116891,4.9963467761,52.7360907304,52.7360907304,35.8823467984
231,0,60,positive,0.163721433484,-0.0631005697287,0.00232610204831,163.721433484,-63.1005697287,2.32610204831,51.258122493,51.258122493,33.2121020706
231,1,60,positive,0.163829869985,-0.0629127521988,0.00258527887663,163.829869985,-62.9127521988,2.58527887663,51.474995496,51.474995496,33.4712788989
232,0,60,positive,0.163903525768,-0.0627851766406,0.00284373155982,163.903525768,-62.7851766406,2.84373155982,51.6223070617,51.6223070617,33.7297315821
232,1,60,positive,0.16400585606,-0.0626079353758,0.00328598913058,164.00585606,-62.6079353758,3.28598913058,51.8269676455,51.8269676455,34.1719891529
233,0,60,positive,0.163903525768,-0.0627851766406,0.00284373155982,163.903525768,-62.7851766406,2.84373155982,51.6223070617,51.6223070617,33.7297315821
233,1,60,positive,0.163829869985,-0.0629127521988,0.00258527887663,163.829869985,-62.9127521988,2.58527887663,51.474995496,51.474995496,33.4712788989
234,0,60,positive,0.163467014754,-0.0635412358956,0.00174093450532,163.467014754,-63.5412358956,1.74093450532,50.7492850329,50.7492850329,32.6269345276
234,1,60,positive,0.163620774661,-0.0632749159234,0.00212375224509,163.620774661,-63.2749159234,2.12375224509,51.0568048482,51.0568048482,33.0097522674
235,0,60,positive,0.163721433484,-0.0631005697287,0.00232610204831,163.721433484,-63.1005697287,2.32610204831,51.258122493,51.258122493,33.2121020706
235,1,60,positive,0.163620774661,-0.0632749159234,0.00212375224509,163.620774661,-63.2749159234,2.12375224509,51.0568048482,51.0568048482,33.0097522674
236,0,60,positive,0.163282404677,-0.0638609899279,0.000967680492136,163.282404677,-63.8609899279,0.967680492136,50.3800648796,50.3800648796,31.8536805144
236,1,60,positive,0.163160849555,-0.0640715295754,0.000648709414177,163.160849555,-64.0715295754,0.648709414177,50.1369546353,50.1369546353,31.5347094365
237,0,60,positive,0.163282404677,-0.0638609899279,0.000967680492136,163.282404677,-63.8609899279,0.967680492136,50.3800648796,50.3800648796,31.8536805144
237,1,60,positive,0.163398704996,-0.0636595518661,0.00144021519631,163.398704996,-63.6595518661,1.44021519631,50.6126655181,50.6126655181,32.3262152186
238,0,60,positive,0.163467014754,-0.0635412358956,0.00174093450532,163.467014754,-63.5412358956,1.74093450532,50.7492850329,50.7492850329,32.6269345276
238,1,60,positive,0.163398704996,-0.0636595518661,0.00144021519631,163.398704996,-63.6595518661,1.44021519631,50.6126655181,50.6126655181,32.3262152186
239,0,60,positive,0.164070689318,-0.0624956408782,0.00369647078441,164.070689318,-62.4956408782,3.69647078441,51.9566341624,51.9566341624,34.5824708067
239,1,60,positive,0.16400585606,-0.0626079353758,0.00328598913058,164.00585606,-62.6079353758,3.28598913058,51.8269676455,51.8269676455,34.1719891529
240,0,60,positive,0.164207018532,-0.0622595117538,0.00430935551307,164.207018532,-62.2595117538,4.30935551307,52.2292925895,52.2292925895,35.1953555354
240,1,60,positive,0.164070689318,-0.0624956408782,0.00369647078441,164.070689318,-62.4956408782,3.69647078441,51.9566341624,51.9566341624,34.5824708067
241,0,60,positive,0.164497027319,-0.0617572017998,0.00508371183573,164.497027319,-61.7572017998,5.08371183573,52.8093101638,52.8093101638,35.969711858
241,1,60,positive,0.164741544931,-0.0613336848723,0.00580179169613,164.741544931,-61.3336848723,5.80179169613,53.298345388,53.298345388,36.6877917184
242,0,60,positive,0.164959008303,-0.0609570272628,0.00641476658211,164.959008303,-60.9570272628,6.41476658211,53.7332721325,53.7332721325,37.3007666044
242,1,60,positive,0.164927066789,-0.0610123515882,0.00628690969038,164.927066789,-61.0123515882,6.28690969038,53.6693891041,53.6693891041,37.1729097127
243,0,60,positive,0.164959008303,-0.0609570272628,0.00641476658211,164.959008303,-60.9570272628,6.41476658211,53.7332721325,53.7332721325,37.3007666044
243,1,60,positive,0.165048011335,-0.0608028694907,0.00677514113441,165.048011335,-60.8028694907,6.77514113441,53.911278195,53.911278195,37.6611411567
244,0,60,positive,0.165075856437,-0.0607546403579,0.00694152417556,165.075856437,-60.7546403579,6.94152417556,53.9669684005,53.9669684005,37.8275241979
244,1,60,positive,0.165048011335,-0.0608028694907,0.00677514113441,165.048011335,-60.8028694907,6.77514113441,53.911278195,53.911278195,37.6611411567
245,0,60,positive,0.165075856437,-0.0607546403579,0.00694152417556,165.075856437,-60.7546403579,6.94152417556,53.9669684005,53.9669684005,37.8275241979
245,1,60,positive,0.165150622212,-0.0606251422371,0.00740743612796,165.150622212,-60.6251422371,7.40743612796,54.1164999504,54.1164999504,38.2934361503
246,0,60,positive,0.165150622212,-0.0606251422371,0.00740743612796,165.150622212,-60.6251422371,7.40743612796,54.1164999504,54.1164999504,38.2934361503
246,1,60,positive,0.165212458539,-0.0605180385778,0.00785042273558,165.212458539,-60.5180385778,7.85042273558,54.2401726034,54.2401726034,38.7364227579
247,0,60,positive,0.164779786977,-0.0612674477058,0.00598705222171,164.779786977,-61.2674477058,5.98705222171,53.3748294798,53.3748294798,36.873052244
247,1,60,positive,0.164741544931,-0.0613336848723,0.00580179169613,164.741544931,-61.3336848723,5.80179169613,53.298345388,53.298345388,36.6877917184
248,0,60,positive,0.164779786977,-0.0612674477058,0.00598705222171,164.779786977,-61.2674477058,5.98705222171,53.3748294798,53.3748294798,36.873052244
248,1,60,positive,0.164927066789,-0.0610123515882,0.00628690969038,164.927066789,-61.0123515882,6.28690969038,53.6693891041,53.6693891041,37.1729097127
249,0,60,positive,0.165282819976,-0.0603961689943,0.00810991400091,165.282819976,-60.3961689943,8.10991400091,54.3808954771,54.3808954771,38.9959140232
249,1,60,positive,0.165386736847,-0.0602161796933,0.00853363891798,165.386736847,-60.2161796933,8.53363891798,54.5887292199,54.5887292199,39.4196389403
250,0,60,positive,0.165247810393,-0.0604568073697,0.0079876214729,165.247810393,-60.4568073697,7.9876214729,54.3108763124,54.3108763124,38.8736214952
250,1,60,positive,0.165212458539,-0.0605180385778,0.00785042273558,165.212458539,-60.5180385778,7.85042273558,54.2401726034,54.2401726034,38.7364227579
251,0,60,positive,0.165282819976,-0.0603961689943,0.00810991400091,165.282819976,-60.3961689943,8.10991400091,54.3808954771,54.3808954771,38.9959140232
251,1,60,positive,0.165247810393,-0.0604568073697,0.0079876214729,165.247810393,-60.4568073697,7.9876214729,54.3108763124,54.3108763124,38.8736214952
252,0,60,positive,0.165386736847,-0.0602161796933,0.00853363891798,165.386736847,-60.2161796933,8.53363891798,54.5887292199,54.5887292199,39.4196389403
252,1,60,positive,0.16548706267,-0.0600424102706,0.00890451204738,165.48706267,-60.0424102706,8.90451204738,54.7893808658,54.7893808658,39.7905120697
253,0,60,positive,0.165555930011,-0.059923128537,0.00917592906148,165.555930011,-59.923128537,9.17592906148,54.9271155477,54.9271155477,40.0619290838
253,1,60,positive,0.16548706267,-0.0600424102706,0.00890451204738,165.48706267,-60.0424102706,8.90451204738,54.7893808658,54.7893808658,39.7905120697
254,0,60,positive,0.165602372668,-0.059842687496,0.00935929290053,165.602372668,-59.842687496,9.35929290053,55.0200008612,55.0200008612,40.2452929228
254,1,60,positive,0.165555930011,-0.059923128537,0.00917592906148,165.555930011,-59.923128537,9.17592906148,54.9271155477,54.9271155477,40.0619290838
255,0,60,positive,0.168200180348,-0.0553431526052,0.0104850619318,168.200180348,-55.3431526052,10.4850619318,60.215616222,60.215616222,41.3710619541
255,1,60,positive,0.168100238651,-0.0555162567023,0.0100485256179,168.100238651,-55.5162567023,10.0485256179,60.0157328279,60.0157328279,40.9345256402
256,0,60,positive,0.166256259726,-0.0587101218885,0.0117727065571,166.256259726,-58.7101218885,11.7727065571,56.3277749779,56.3277749779,42.6587065794
256,1,60,positive,0.166495418326,-0.0582958870421,0.0124372011971,166.495418326,-58.2958870421,12.4372011971,56.806092178,56.806092178,43.3232012194
257,0,60,positive,0.165918654182,-0.0592948718447,0.0105526057226,165.918654182,-59.2948718447,10.5526057226,55.6525638886,55.6525638886,41.4386057448
257,1,60,positive,0.166106109556,-0.0589701896126,0.0111594728228,166.106109556,-58.9701896126,11.1594728228,56.0274746368,56.0274746368,42.0454728451
258,0,60,positive,0.165918654182,-0.0592948718447,0.0105526057226,165.918654182,-59.2948718447,10.5526057226,55.6525638886,55.6525638886,41.4386057448
258,1,60,positive,0.16581013307,-0.0594828359231,0.0102282383286,165.81013307,-59.4828359231,10.2282383286,55.435521666,55.435521666,41.1142383509
259,0,60,positive,0.166228643044,-0.058757955385,0.0116468499396,166.228643044,-58.757955385,11.6468499396,56.2725416137,56.2725416137,42.5328499619
259,1,60,positive,0.166106109556,-0.0589701896126,0.0111594728228,166.106109556,-58.9701896126,11.1594728228,56.0274746368,56.0274746368,42.0454728451
260,0,60,positive,0.166256259726,-0.0587101218885,0.0117727065571,166.256259726,-58.7101218885,11.7727065571,56.3277749779,56.3277749779,42.6587065794
260,1,60,positive,0.166228643044,-0.058757955385,0.0116468499396,166.228643044,-58.757955385,11.6468499396,56.2725416137,56.2725416137,42.5328499619
261,0,60,positive,0.166548183919,-0.0582044943553,0.0125852809328,166.548183919,-58.2044943553,12.5852809328,56.9116233627,56.9116233627,43.4712809551
261,1,60,positive,0.16673930646,-0.0578734604029,0.013227585788,166.73930646,-57.8734604029,13.227585788,57.2938684457,57.2938684457,44.1135858103
262,0,60,positive,0.166809603096,-0.0577517030574,0.0135961506326,166.809603096,-57.7517030574,13.5961506326,57.4344617182,57.4344617182,44.4821506549
262,1,60,positive,0.16673930646,-0.0578734604029,0.013227585788,166.73930646,-57.8734604029,13.227585788,57.2938684457,57.2938684457,44.1135858103
263,0,60,positive,0.166521747671,-0.0582502832797,0.0125049968171,166.521747671,-58.2502832797,12.5049968171,56.858750867,56.858750867,43.3909968394
263,1,60,positive,0.166495418326,-0.0582958870421,0.0124372011971,166.495418326,-58.2958870421,12.4372011971,56.806092178,56.806092178,43.3232012194
264,0,60,positive,0.166548183919,-0.0582044943553,0.0125852809328,166.548183919,-58.2044943553,12.5852809328,56.9116233627,56.9116233627,43.4712809551
264,1,60,positive,0.166521747671,-0.0582502832797,0.0125049968171,166.521747671,-58.2502832797,12.5049968171,56.858750867,56.858750867,43.3909968394
265,0,60,positive,0.166972991099,-0.0574687067347,0.0141973120009,166.972991099,-57.4687067347,14.1973120009,57.7612377243,57.7612377243,45.0833120232
265,1,60,positive,0.167138020128,-0.057182868073,0.0147434302167,167.138020128,-57.182868073,14.7434302167,58.0912957808,58.0912957808,45.629430239
266,0,60,positive,0.166887053214,-0.057617555519,0.0138208007948,166.887053214,-57.617555519,13.8208007948,57.5893619529,57.5893619529,44.7068008171
266,1,60,positive,0.166809603096,-0.0577517030574,0.0135961506326,166.809603096,-57.7517030574,13.5961506326,57.4344617182,57.4344617182,44.4821506549
267,0,60,positive,0.166972991099,-0.0574687067347,0.0141973120009,166.972991099,-57.4687067347,14.1973120009,57.7612377243,57.7612377243,45.0833120232
267,1,60,positive,0.166887053214,-0.057617555519,0.0138208007948,166.887053214,-57.617555519,13.8208007948,57.5893619529,57.5893619529,44.7068008171
268,0,60,positive,0.167397558035,-0.0567333352303,0.0156490648913,167.397558035,-56.7333352303,15.6490648913,58.6103715963,58.6103715963,46.5350649136
268,1,60,positive,0.167285509062,-0.0569274097448,0.0153208913924,167.285509062,-56.9274097448,15.3208913924,58.38627365,58.38627365,46.2068914147
269,0,60,positive,0.167215440038,-0.0570487728545,0.0150530493874,167.215440038,-57.0487728545,15.0530493874,58.2461356018,58.2461356018,45.9390494096
269,1,60,positive,0.167285509062,-0.0569274097448,0.0153208913924,167.285509062,-56.9274097448,15.3208913924,58.38627365,58.38627365,46.2068914147
270,0,60,positive,0.167215440038,-0.0570487728545,0.0150530493874,167.215440038,-57.0487728545,15.0530493874,58.2461356018,58.2461356018,45.9390494096
270,1,60,positive,0.167138020128,-0.057182868073,0.0147434302167,167.138020128,-57.182868073,14.7434302167,58.0912957808,58.0912957808,45.629430239
271,0,60,positive,0.167621891728,-0.0563447778769,0.0164785009529,167.621891728,-56.3447778769,16.4785009529,59.0590389815,59.0590389815,47.3645009752
271,1,60,positive,0.167693175376,-0.0562213109772,0.0167435850974,167.693175376,-56.2213109772,16.7435850974,59.201606277,59.201606277,47.6295851197
272,0,60,positive,0.167445213092,-0.0566507942507,0.0158459288487,167.445213092,-56.6507942507,15.8459288487,58.70568171,58.70568171,46.731928871
272,1,60,positive,0.167397558035,-0.0567333352303,0.0156490648913,167.397558035,-56.7333352303,15.6490648913,58.6103715963,58.6103715963,46.5350649136
273,0,60,positive,0.167621891728,-0.0563447778769,0.0164785009529,167.621891728,-56.3447778769,16.4785009529,59.0590389815,59.0590389815,47.3645009752
273,1,60,positive,0.167445213092,-0.0566507942507,0.0158459288487,167.445213092,-56.6507942507,15.8459288487,58.70568171,58.70568171,46.731928871
274,0,60,positive,0.167693175376,-0.0562213109772,0.0167435850974,167.693175376,-56.2213109772,16.7435850974,59.201606277,59.201606277,47.6295851197
274,1,60,positive,0.167723649535,-0.0561685281844,0.0168176837494,167.723649535,-56.1685281844,16.8176837494,59.2625545963,59.2625545963,47.7036837717
275,0,60,positive,0.167866795437,-0.0559205922106,0.0173237428939,167.866795437,-55.9205922106,17.3237428939,59.5488463988,59.5488463988,48.2097429162
275,1,60,positive,0.167971388337,-0.0557394319937,0.017734814495,167.971388337,-55.7394319937,17.734814495,59.7580321988,59.7580321988,48.6208145173
276,0,60,positive,0.167971388337,-0.0557394319937,0.017734814495,167.971388337,-55.7394319937,17.734814495,59.7580321988,59.7580321988,48.6208145173
276,1,60,positive,0.168040867147,-0.0556190911642,0.0179915220392,168.040867147,-55.6190911642,17.9915220392,59.8969898193,59.8969898193,48.8775220615
277,0,60,positive,0.16734479995,-0.0568247149142,0.00664338993365,167.34479995,-56.8247149142,6.64338993365,58.5048554261,58.5048554261,37.5293899559
277,1,60,positive,0.167430271248,-0.0566766742836,0.00699356353975,167.430271248,-56.6766742836,6.99356353975,58.675798022,58.675798022,37.879563562
278,0,60,positive,0.167783190878,-0.0560653995532,0.00850401868459,167.783190878,-56.0653995532,8.50401868459,59.3816372823,59.3816372823,39.3900187069
278,1,60,positive,0.167957910966,-0.055762775484,0.00930988755702,167.957910966,-55.762775484,9.30988755702,59.7310774579,59.7310774579,40.1958875793
279,0,60,positive,0.168100238651,-0.0555162567023,0.0100485256179,168.100238651,-55.5162567023,10.0485256179,60.0157328279,60.0157328279,40.9345256402
279,1,60,positive,0.167957910966,-0.055762775484,0.00930988755702,167.957910966,-55.762775484,9.30988755702,59.7310774579,59.7310774579,40.1958875793
280,0,60,positive,0.16826194675,-0.0552361700591,0.0192336739965,168.26194675,-55.2361700591,19.2336739965,60.3391490255,60.3391490255,50.1196740188
280,1,60,positive,0.168195386296,-0.0553514561479,0.0187286678228,168.195386296,-55.3514561479,18.7286678228,60.2060281167,60.2060281167,49.6146678451
281,0,60,positive,0.16826194675,-0.0552361700591,0.0192336739965,168.26194675,-55.2361700591,19.2336739965,60.3391490255,60.3391490255,50.1196740188
281,1,60,positive,0.168304744787,-0.0551620416852,0.0195156034187,168.304744787,-55.1620416852,19.5156034187,60.4247450989,60.4247450989,50.401603441
282,0,60,positive,0.168040867147,-0.0556190911642,0.0179915220392,168.040867147,-55.6190911642,17.9915220392,59.8969898193,59.8969898193,48.8775220615
282,1,60,positive,0.168118079923,-0.0554853547136,0.0183987075018,168.118079923,-55.4853547136,18.3987075018,60.0514153708,60.0514153708,49.2847075241
283,0,60,positive,0.168195386296,-0.0553514561479,0.0187286678228,168.195386296,-55.3514561479,18.7286678228,60.2060281167,60.2060281167,49.6146678451
283,1,60,positive,0.168118079923,-0.0554853547136,0.0183987075018,168.118079923,-55.4853547136,18.3987075018,60.0514153708,60.0514153708,49.2847075241
284,0,60,positive,0.167866795437,-0.0559205922106,0.0173237428939,167.866795437,-55.9205922106,17.3237428939,59.5488463988,59.5488463988,48.2097429162
284,1,60,positive,0.167723649535,-0.0561685281844,0.0168176837494,167.723649535,-56.1685281844,16.8176837494,59.2625545963,59.2625545963,47.7036837717
285,0,60,positive,0.155252066778,-0.0777699431716,-0.0298298147492,155.252066778,-77.7699431716,-29.8298147492,34.3193890809,34.3193890809,1.0561852731
285,1,60,positive,0.155134058043,-0.077974340295,-0.0298487431593,155.134058043,-77.974340295,-29.8487431593,34.0833716125,34.0833716125,1.03725686297
286,0,60,positive,0.155134058043,-0.077974340295,-0.0298487431593,155.134058043,-77.974340295,-29.8487431593,34.0833716125,34.0833716125,1.03725686297
286,1,60,positive,0.154956522652,-0.0782818406126,-0.0298765499875,154.956522652,-78.2818406126,-29.8765499875,33.7283008302,33.7283008302,1.00945003478
287,0,60,positive,0.154413246539,-0.0792228224433,-0.0300080144322,154.413246539,-79.2228224433,-30.0080144322,32.6417486036,32.6417486036,0.877985590079
287,1,60,positive,0.154956522652,-0.0782818406126,-0.0298765499875,154.956522652,-78.2818406126,-29.8765499875,33.7283008302,33.7283008302,1.00945003478
288,0,60,positive,0.154413246539,-0.0792228224433,-0.0300080144322,154.413246539,-79.2228224433,-30.0080144322,32.6417486036,32.6417486036,0.877985590079
288,1,60,positive,0.154003765363,-0.0799320646446,-0.0300606770564,154.003765363,-79.9320646446,-30.0606770564,31.8227862519,31.8227862519,0.82532296585
289,0,60,positive,0.153563385801,-0.0806948244208,-0.0301121784796,153.563385801,-80.6948244208,-30.1121784796,30.9420271277,30.9420271277,0.773821542701
289,1,60,positive,0.153339223296,-0.0810830852688,-0.0301537773493,153.339223296,-81.0830852688,-30.1537773493,30.4937021175,30.4937021175,0.732222672957
290,0,60,positive,0.153784479485,-0.0803118789263,-0.0300968763997,153.784479485,-80.3118789263,-30.0968763997,31.3842144964,31.3842144964,0.789123622596
290,1,60,positive,0.154003765363,-0.0799320646446,-0.0300606770564,154.003765363,-79.9320646446,-30.0606770564,31.8227862519,31.8227862519,0.82532296585
291,0,60,positive,0.153563385801,-0.0806948244208,-0.0301121784796,153.563385801,-80.6948244208,-30.1121784796,30.9420271277,30.9420271277,0.773821542701
291,1,60,positive,0.153784479485,-0.0803118789263,-0.0300968763997,153.784479485,-80.3118789263,-30.0968763997,31.3842144964,31.3842144964,0.789123622596
292,0,60,positive,0.153090807803,-0.0815133535239,-0.0301899130345,153.090807803,-81.5133535239,-30.1899130345,29.9968711317,29.9968711317,0.696086987761
292,1,60,positive,0.152622511925,-0.0823244657772,-0.0302465247149,152.622511925,-82.3244657772,-30.2465247149,29.060279376,29.060279376,0.639475307405
293,0,60,positive,0.153090807803,-0.0815133535239,-0.0301899130345,153.090807803,-81.5133535239,-30.1899130345,29.9968711317,29.9968711317,0.696086987761
293,1,60,positive,0.153339223296,-0.0810830852688,-0.0301537773493,153.339223296,-81.0830852688,-30.1537773493,30.4937021175,30.4937021175,0.732222672957
294,0,60,positive,0.15171456816,-0.0838970705099,-0.0302969205697,151.71456816,-83.8970705099,-30.2969205697,27.2443918446,27.2443918446,0.589079452571
294,1,60,positive,0.152622511925,-0.0823244657772,-0.0302465247149,152.622511925,-82.3244657772,-30.2465247149,29.060279376,29.060279376,0.639475307405
295,0,60,positive,0.154998989621,-0.0782082856658,-0.0224065163938,154.998989621,-78.2082856658,-22.4065163938,33.8132347668,33.8132347668,8.47948362854
295,1,60,positive,0.1547043774,-0.0787185690012,-0.0227147470985,154.7043774,-78.7185690012,-22.7147470985,33.2240103247,33.2240103247,8.17125292382
296,0,60,positive,0.154228584071,-0.0795426672204,-0.0229786500585,154.228584071,-79.5426672204,-22.9786500585,32.2724236673,32.2724236673,7.90734996377
296,1,60,positive,0.154256625495,-0.0794940980485,-0.0229641792681,154.256625495,-79.4940980485,-22.9641792681,32.3285065162,32.3285065162,7.92182075418
297,0,60,positive,0.154659433565,-0.0787964140061,-0.0227587093966,154.659433565,-78.7964140061,-22.7587093966,33.1341226556,33.1341226556,8.12729062567
297,1,60,positive,0.154671006816,-0.0787763685477,-0.0227424819196,154.671006816,-78.7763685477,-22.7424819196,33.1572691572,33.1572691572,8.14351810267
298,0,60,positive,0.154671006816,-0.0787763685477,-0.0227424819196,154.671006816,-78.7763685477,-22.7424819196,33.1572691572,33.1572691572,8.14351810267
298,1,60,positive,0.1547043774,-0.0787185690012,-0.0227147470985,154.7043774,-78.7185690012,-22.7147470985,33.2240103247,33.2240103247,8.17125292382
299,0,60,positive,0.154659433565,-0.0787964140061,-0.0227587093966,154.659433565,-78.7964140061,-22.7587093966,33.1341226556,33.1341226556,8.12729062567
299,1,60,positive,0.154404001089,-0.0792388360326,-0.0228661450067,154.404001089,-79.2388360326,-22.8661450067,32.6232577035,32.6232577035,8.0198550156
300,0,60,positive,0.154404001089,-0.0792388360326,-0.0228661450067,154.404001089,-79.2388360326,-22.8661450067,32.6232577035,32.6232577035,8.0198550156
300,1,60,positive,0.154256625495,-0.0794940980485,-0.0229641792681,154.256625495,-79.4940980485,-22.9641792681,32.3285065162,32.3285065162,7.92182075418
301,0,60,positive,0.155156897906,-0.0779347804932,-0.0222047586757,155.156897906,-77.9347804932,-22.2047586757,34.1290513369,34.1290513369,8.68124134662
301,1,60,positive,0.155204716201,-0.0778519567765,-0.0221359485449,155.204716201,-77.8519567765,-22.1359485449,34.2246879271,34.2246879271,8.75005147736
302,0,60,positive,0.155389023619,-0.0775327269643,-0.0218683811413,155.389023619,-77.5327269643,-21.8683811413,34.5933027631,34.5933027631,9.01761888102
302,1,60,positive,0.155204716201,-0.0778519567765,-0.0221359485449,155.204716201,-77.8519567765,-22.1359485449,34.2246879271,34.2246879271,8.75005147736
303,0,60,positive,0.155389023619,-0.0775327269643,-0.0218683811413,155.389023619,-77.5327269643,-21.8683811413,34.5933027631,34.5933027631,9.01761888102
303,1,60,positive,0.155483915636,-0.0773683691691,-0.0218227763305,155.483915636,-77.3683691691,-21.8227763305,34.7830867978,34.7830867978,9.06322369179
304,0,60,positive,0.154998989621,-0.0782082856658,-0.0224065163938,154.998989621,-78.2082856658,-22.4065163938,33.8132347668,33.8132347668,8.47948362854
304,1,60,positive,0.155156897906,-0.0779347804932,-0.0222047586757,155.156897906,-77.9347804932,-22.2047586757,34.1290513369,34.1290513369,8.68124134662
305,0,60,positive,0.15417984533,-0.0796270851953,-0.0229960876303,154.17984533,-79.6270851953,-22.9960876303,32.1749461863,32.1749461863,7.88991239197
305,1,60,positive,0.154228584071,-0.0795426672204,-0.0229786500585,154.228584071,-79.5426672204,-22.9786500585,32.2724236673,32.2724236673,7.90734996377
306,0,60,positive,0.153454758898,-0.0808829717365,-0.023076253587,153.454758898,-80.8829717365,-23.076253587,30.7247733209,30.7247733209,7.80974643525
306,1,60,positive,0.153708435642,-0.0804435907266,-0.0230287173249,153.708435642,-80.4435907266,-23.0287173249,31.2321268097,31.2321268097,7.8572826974
307,0,60,positive,0.153865507131,-0.0801715349276,-0.0230569299731,153.865507131,-80.1715349276,-23.0569299731,31.5462697873,31.5462697873,7.82907004918
307,1,60,positive,0.154023046286,-0.0798986691059,-0.0230664918778,154.023046286,-79.8986691059,-23.0664918778,31.8613480985,31.8613480985,7.81950814447
308,0,60,positive,0.15417984533,-0.0796270851953,-0.0229960876303,154.17984533,-79.6270851953,-22.9960876303,32.1749461863,32.1749461863,7.88991239197
308,1,60,positive,0.154023046286,-0.0798986691059,-0.0230664918778,154.023046286,-79.8986691059,-23.0664918778,31.8613480985,31.8613480985,7.81950814447
309,0,60,positive,0.153865507131,-0.0801715349276,-0.0230569299731,153.865507131,-80.1715349276,-23.0569299731,31.5462697873,31.5462697873,7.82907004918
309,1,60,positive,0.153708435642,-0.0804435907266,-0.0230287173249,153.708435642,-80.4435907266,-23.0287173249,31.2321268097,31.2321268097,7.8572826974
310,0,60,positive,0.152741657163,-0.082118100172,-0.0230540495122,152.741657163,-82.118100172,-23.0540495122,29.2985698516,29.2985698516,7.83195051011
310,1,60,positive,0.153063979843,-0.0815598209142,-0.0230662996052,153.063979843,-81.5598209142,-23.0662996052,29.9432152111,29.9432152111,7.81970041708
311,0,60,positive,0.153454758898,-0.0808829717365,-0.023076253587,153.454758898,-80.8829717365,-23.076253587,30.7247733209,30.7247733209,7.80974643525
311,1,60,positive,0.153063979843,-0.0815598209142,-0.0230662996052,153.063979843,-81.5598209142,-23.0662996052,29.9432152111,29.9432152111,7.81970041708
312,0,60,positive,0.152235665228,-0.0829945039124,-0.0229821314116,152.235665228,-82.9945039124,-22.9821314116,28.2865859807,28.2865859807,7.90386861073
312,1,60,positive,0.152512208406,-0.0825155170773,-0.0230380990354,152.512208406,-82.5155170773,-23.0380990354,28.839672337,28.839672337,7.84790098686
313,0,60,positive,0.152131441152,-0.083175025306,-0.0230197042843,152.131441152,-83.175025306,-23.0197042843,28.0781378303,28.0781378303,7.86629573799
313,1,60,positive,0.152235665228,-0.0829945039124,-0.0229821314116,152.235665228,-82.9945039124,-22.9821314116,28.2865859807,28.2865859807,7.90386861073
314,0,60,positive,0.152023674484,-0.0833616826503,-0.0230381445503,152.023674484,-83.3616826503,-23.0381445503,27.8626044943,27.8626044943,7.84785547202
314,1,60,positive,0.152131441152,-0.083175025306,-0.0230197042843,152.131441152,-83.175025306,-23.0197042843,28.0781378303,28.0781378303,7.86629573799
315,0,60,positive,0.151638548,-0.0840287412885,-0.023063096481,151.638548,-84.0287412885,-23.063096481,27.0923515257,27.0923515257,7.82290354125
315,1,60,positive,0.15175944258,-0.0838193457344,-0.0230717957428,151.75944258,-83.8193457344,-23.0717957428,27.3341406847,27.3341406847,7.81420427948
316,0,60,positive,0.152023674484,-0.0833616826503,-0.0230381445503,152.023674484,-83.3616826503,-23.0381445503,27.8626044943,27.8626044943,7.84785547202
316,1,60,positive,0.15175944258,-0.0838193457344,-0.0230717957428,151.75944258,-83.8193457344,-23.0717957428,27.3341406847,27.3341406847,7.81420427948
317,0,60,positive,0.152741657163,-0.082118100172,-0.0230540495122,152.741657163,-82.118100172,-23.0540495122,29.2985698516,29.2985698516,7.83195051011
317,1,60,positive,0.152675339841,-0.0822329651423,-0.0230415605875,152.675339841,-82.2329651423,-23.0415605875,29.1659352085,29.1659352085,7.84443943483
318,0,60,positive,0.152675339841,-0.0822329651423,-0.0230415605875,152.675339841,-82.2329651423,-23.0415605875,29.1659352085,29.1659352085,7.84443943483
318,1,60,positive,0.152512208406,-0.0825155170773,-0.0230380990354,152.512208406,-82.5155170773,-23.0380990354,28.839672337,28.839672337,7.84790098686
319,0,60,positive,0.15672132567,-0.07522511212,-0.0285006238671,156.72132567,-75.22511212,-28.5006238671,37.2579068662,37.2579068662,2.3853761552
319,1,60,positive,0.156236942922,-0.0760640876497,-0.029045291532,156.236942922,-76.0640876497,-29.045291532,36.2891413704,36.2891413704,1.84070849025
320,0,60,positive,0.156166832239,-0.0761855229159,-0.0291184763718,156.166832239,-76.1855229159,-29.1184763718,36.1489200032,36.1489200032,1.76752365053
320,1,60,positive,0.156236942922,-0.0760640876497,-0.029045291532,156.236942922,-76.0640876497,-29.045291532,36.2891413704,36.2891413704,1.84070849025
321,0,60,positive,0.156108515814,-0.0762865299264,-0.0291716078208,156.108515814,-76.2865299264,-29.1716078208,36.0322871537,36.0322871537,1.71439220148
321,1,60,positive,0.155731294814,-0.076939895864,-0.0294960655715,155.731294814,-76.939895864,-29.4960655715,35.2778451538,35.2778451538,1.38993445078
322,0,60,positive,0.155731294814,-0.076939895864,-0.0294960655715,155.731294814,-76.939895864,-29.4960655715,35.2778451538,35.2778451538,1.38993445078
322,1,60,positive,0.15565592397,-0.0770704419952,-0.0295763466922,155.65592397,-77.0704419952,-29.5763466922,35.1271034659,35.1271034659,1.30965333008
323,0,60,positive,0.15565592397,-0.0770704419952,-0.0295763466922,155.65592397,-77.0704419952,-29.5763466922,35.1271034659,35.1271034659,1.30965333008
323,1,60,positive,0.155521326665,-0.077303571367,-0.0296728098603,155.521326665,-77.303571367,-29.6728098603,34.8579088547,34.8579088547,1.21319016198
324,0,60,positive,0.155252066778,-0.0777699431716,-0.0298298147492,155.252066778,-77.7699431716,-29.8298147492,34.3193890809,34.3193890809,1.0561852731
324,1,60,positive,0.155521326665,-0.077303571367,-0.0296728098603,155.521326665,-77.303571367,-29.6728098603,34.8579088547,34.8579088547,1.21319016198
325,0,60,positive,0.156108515814,-0.0762865299264,-0.0291716078208,156.108515814,-76.2865299264,-29.1716078208,36.0322871537,36.0322871537,1.71439220148
325,1,60,positive,0.156166832239,-0.0761855229159,-0.0291184763718,156.166832239,-76.1855229159,-29.1184763718,36.1489200032,36.1489200032,1.76752365053
326,0,60,positive,0.155646504966,-0.0770867561891,-0.0217010611836,155.646504966,-77.0867561891,-21.7010611836,35.1082654573,35.1082654573,9.18493883871
326,1,60,positive,0.15589929587,-0.0766489094996,-0.021481008123,155.89929587,-76.6489094996,-21.481008123,35.6138472655,35.6138472655,9.40499189933
327,0,60,positive,0.156025944012,-0.0764295484834,-0.0213597298531,156.025944012,-76.4295484834,-21.3597298531,35.867143549,35.867143549,9.52627016915
327,1,60,positive,0.156010777242,-0.0764558180985,-0.0213578420381,156.010777242,-76.4558180985,-21.3578420381,35.8368100102,35.8368100102,9.52815798424
328,0,60,positive,0.156010777242,-0.0764558180985,-0.0213578420381,156.010777242,-76.4558180985,-21.3578420381,35.8368100102,35.8368100102,9.52815798424
328,1,60,positive,0.15589929587,-0.0766489094996,-0.021481008123,155.89929587,-76.6489094996,-21.481008123,35.6138472655,35.6138472655,9.40499189933
329,0,60,positive,0.156085553888,-0.0763263011483,-0.0212958379961,156.085553888,-76.3263011483,-21.2958379961,35.9863633024,35.9863633024,9.5901620262
329,1,60,positive,0.156176561573,-0.0761686712149,-0.0210512610911,156.176561573,-76.1686712149,-21.0512610911,36.1683786713,36.1683786713,9.83473893122
330,0,60,positive,0.156085553888,-0.0763263011483,-0.0212958379961,156.085553888,-76.3263011483,-21.2958379961,35.9863633024,35.9863633024,9.5901620262
330,1,60,positive,0.156025944012,-0.0764295484834,-0.0213597298531,156.025944012,-76.4295484834,-21.3597298531,35.867143549,35.867143549,9.52627016915
331,0,60,positive,0.15620400919,-0.0761211305478,-0.0208249224117,156.20400919,-76.1211305478,-20.8249224117,36.2232739052,36.2232739052,10.0610776106
331,1,60,positive,0.156331792457,-0.0758998034367,-0.0202382843546,156.331792457,-75.8998034367,-20.2382843546,36.4788404396,36.4788404396,10.6477156677
332,0,60,positive,0.15620400919,-0.0761211305478,-0.0208249224117,156.20400919,-76.1211305478,-20.8249224117,36.2232739052,36.2232739052,10.0610776106
332,1,60,positive,0.156176561573,-0.0761686712149,-0.0210512610911,156.176561573,-76.1686712149,-21.0512610911,36.1683786713,36.1683786713,9.83473893122
333,0,60,positive,0.156563976655,-0.0754976486095,-0.0193183808304,156.563976655,-75.4976486095,-19.3183808304,36.9432088351,36.9432088351,11.5676191919
333,1,60,positive,0.156743323085,-0.0751870114793,-0.018978627865,156.743323085,-75.1870114793,-18.978627865,37.3019016965,37.3019016965,11.9073721573
334,0,60,positive,0.156341701329,-0.075882640767,-0.020169573907,156.341701329,-75.882640767,-20.169573907,36.4986581836,36.4986581836,10.7164261153
334,1,60,positive,0.156479987337,-0.0756431223746,-0.019550306116,156.479987337,-75.6431223746,-19.550306116,36.7752302002,36.7752302002,11.3356939063
335,0,60,positive,0.156563976655,-0.0754976486095,-0.0193183808304,156.563976655,-75.4976486095,-19.3183808304,36.9432088351,36.9432088351,11.5676191919
335,1,60,positive,0.156479987337,-0.0756431223746,-0.019550306116,156.479987337,-75.6431223746,-19.550306116,36.7752302002,36.7752302002,11.3356939063
336,0,60,positive,0.156977256475,-0.0747818269622,-0.0187661631016,156.977256475,-74.7818269622,-18.7661631016,37.7697684765,37.7697684765,12.1198369207
336,1,60,positive,0.156743323085,-0.0751870114793,-0.018978627865,156.743323085,-75.1870114793,-18.978627865,37.3019016965,37.3019016965,11.9073721573
337,0,60,positive,0.156341701329,-0.075882640767,-0.020169573907,156.341701329,-75.882640767,-20.169573907,36.4986581836,36.4986581836,10.7164261153
337,1,60,positive,0.156331792457,-0.0758998034367,-0.0202382843546,156.331792457,-75.8998034367,-20.2382843546,36.4788404396,36.4788404396,10.6477156677
338,0,60,positive,0.155646504966,-0.0770867561891,-0.0217010611836,155.646504966,-77.0867561891,-21.7010611836,35.1082654573,35.1082654573,9.18493883871
338,1,60,positive,0.155483915636,-0.0773683691691,-0.0218227763305,155.483915636,-77.3683691691,-21.8227763305,34.7830867978,34.7830867978,9.06322369179
339,0,60,positive,0.151496497211,-0.084274780472,-0.0230673292013,151.496497211,-84.274780472,-23.0673292013,26.808249948,26.808249948,7.81867082098
339,1,60,positive,0.151317966177,-0.084584005294,-0.0230397835946,151.317966177,-84.584005294,-23.0397835946,26.4511878795,26.4511878795,7.8462164277
340,0,60,positive,0.151496497211,-0.084274780472,-0.0230673292013,151.496497211,-84.274780472,-23.0673292013,26.808249948,26.808249948,7.81867082098
340,1,60,positive,0.151638548,-0.0840287412885,-0.023063096481,151.638548,-84.0287412885,-23.063096481,27.0923515257,27.0923515257,7.82290354125
341,0,60,positive,0.170896443818,-0.0506730872855,0.0238862754913,170.896443818,-50.6730872855,23.8862754913,65.6081431609,65.6081431609,54.7722755135
341,1,60,positive,0.170823217835,-0.0507999184083,0.0234751633156,170.823217835,-50.7999184083,23.4751633156,65.4616911952,65.4616911952,54.3611633379
342,0,60,positive,0.171002353698,-0.0504896459924,0.0244589623707,171.002353698,-50.4896459924,24.4589623707,65.8199629208,65.8199629208,55.344962393
342,1,60,positive,0.170896443818,-0.0506730872855,0.0238862754913,170.896443818,-50.6730872855,23.8862754913,65.6081431609,65.6081431609,54.7722755135
343,0,60,positive,0.171233510325,-0.0500892709695,0.0257762614938,171.233510325,-50.0892709695,25.7762614938,66.2822761753,66.2822761753,56.6622615161
343,1,60,positive,0.171159650434,-0.0502172000532,0.0253881747842,171.159650434,-50.2172000532,25.3881747842,66.1345563935,66.1345563935,56.2741748065
344,0,60,positive,0.171760111628,-0.0491771707566,0.0285193573745,171.760111628,-49.1771707566,28.5193573745,67.3354787822,67.3354787822,59.4053573968
344,1,60,positive,0.171703345739,-0.0492754921618,0.0282589534479,171.703345739,-49.2754921618,28.2589534479,67.2219470027,67.2219470027,59.1449534702
345,0,60,positive,0.171233510325,-0.0500892709695,0.0257762614938,171.233510325,-50.0892709695,25.7762614938,66.2822761753,66.2822761753,56.6622615161
345,1,60,positive,0.171513817551,-0.0496037646127,0.0272082157892,171.513817551,-49.6037646127,27.2082157892,66.8428906269,66.8428906269,58.0942158115
346,0,60,positive,0.171513817551,-0.0496037646127,0.0272082157892,171.513817551,-49.6037646127,27.2082157892,66.8428906269,66.8428906269,58.0942158115
346,1,60,positive,0.171703345739,-0.0492754921618,0.0282589534479,171.703345739,-49.2754921618,28.2589534479,67.2219470027,67.2219470027,59.1449534702
347,0,60,positive,0.16992457476,-0.0523564138725,0.0190393724244,169.92457476,-52.3564138725,19.0393724244,63.6644050447,63.6644050447,49.9253724467
347,1,60,positive,0.169957428977,-0.052299508699,0.0195649844168,169.957428977,-52.299508699,19.5649844168,63.7301134791,63.7301134791,50.450984439
348,0,60,positive,0.1701217329,-0.0520149259568,0.0204125085134,170.1217329,-52.0149259568,20.4125085134,64.0587213247,64.0587213247,51.2985085357
348,1,60,positive,0.170015739607,-0.0521985117248,0.0201411828886,170.015739607,-52.1985117248,20.1411828886,63.8467347396,63.8467347396,51.0271829109
349,0,60,positive,0.169982878734,-0.0522554284266,0.0197835673678,169.982878734,-52.2554284266,19.7835673678,63.7810129934,63.7810129934,50.6695673901
349,1,60,positive,0.169957428977,-0.052299508699,0.0195649844168,169.957428977,-52.299508699,19.5649844168,63.7301134791,63.7301134791,50.450984439
350,0,60,positive,0.169982878734,-0.0522554284266,0.0197835673678,169.982878734,-52.2554284266,19.7835673678,63.7810129934,63.7810129934,50.6695673901
350,1,60,positive,0.169984669265,-0.0522523271357,0.0200002707076,169.984669265,-52.2523271357,20.0002707076,63.7845940557,63.7845940557,50.8862707299
351,0,60,positive,0.169984669265,-0.0522523271357,0.0200002707076,169.984669265,-52.2523271357,20.0002707076,63.7845940557,63.7845940557,50.8862707299
351,1,60,positive,0.170015739607,-0.0521985117248,0.0201411828886,170.015739607,-52.1985117248,20.1411828886,63.8467347396,63.8467347396,51.0271829109
352,0,60,positive,0.170271276881,-0.0517559081834,0.0208225032225,170.271276881,-51.7559081834,20.8225032225,64.3578092872,64.3578092872,51.7085032448
352,1,60,positive,0.170185411112,-0.0519046320574,0.020537295635,170.185411112,-51.9046320574,20.537295635,64.1860777498,64.1860777498,51.4232956573
353,0,60,positive,0.1701217329,-0.0520149259568,0.0204125085134,170.1217329,-52.0149259568,20.4125085134,64.0587213247,64.0587213247,51.2985085357
353,1,60,positive,0.170151058616,-0.0519641323267,0.0204475620642,170.151058616,-51.9641323267,20.4475620642,64.1173727568,64.1173727568,51.3335620865
354,0,60,positive,0.170151058616,-0.0519641323267,0.0204475620642,170.151058616,-51.9641323267,20.4475620642,64.1173727568,64.1173727568,51.3335620865
354,1,60,positive,0.170185411112,-0.0519046320574,0.020537295635,170.185411112,-51.9046320574,20.537295635,64.1860777498,64.1860777498,51.4232956573
355,0,60,positive,0.170590482296,-0.0512030281859,0.0222929568674,170.590482296,-51.2030281859,22.2929568674,64.9962201179,64.9962201179,53.1789568897
355,1,60,positive,0.170446416556,-0.0514525573679,0.0216161268233,170.446416556,-51.4525573679,21.6161268233,64.7080886371,64.7080886371,52.5021268456
356,0,60,positive,0.170590482296,-0.0512030281859,0.0222929568674,170.590482296,-51.2030281859,22.2929568674,64.9962201179,64.9962201179,53.1789568897
356,1,60,positive,0.170823217835,-0.0507999184083,0.0234751633156,170.823217835,-50.7999184083,23.4751633156,65.4616911952,65.4616911952,54.3611633379
357,0,60,positive,0.170271276881,-0.0517559081834,0.0208225032225,170.271276881,-51.7559081834,20.8225032225,64.3578092872,64.3578092872,51.7085032448
357,1,60,positive,0.170446416556,-0.0514525573679,0.0216161268233,170.446416556,-51.4525573679,21.6161268233,64.7080886371,64.7080886371,52.5021268456
358,0,60,positive,0.168582512419,-0.0546809340333,0.0222748886203,168.582512419,-54.6809340333,22.2748886203,60.9802803635,60.9802803635,53.1608886426
358,1,60,positive,0.168647116406,-0.0545690366461,0.0226049601061,168.647116406,-54.5690366461,22.6049601061,61.1094883368,61.1094883368,53.4909601284
359,0,60,positive,0.168770108072,-0.0543560088314,0.0233637244814,168.770108072,-54.3560088314,23.3637244814,61.3554716691,61.3554716691,54.2497245037
359,1,60,positive,0.168808114813,-0.0542901792247,0.0235765331695,168.808114813,-54.2901792247,23.5765331695,61.4314851514,61.4314851514,54.4625331918
360,0,60,positive,0.168808114813,-0.0542901792247,0.0235765331695,168.808114813,-54.2901792247,23.5765331695,61.4314851514,61.4314851514,54.4625331918
360,1,60,positive,0.168827689447,-0.0542562749637,0.0236980343107,168.827689447,-54.2562749637,23.6980343107,61.4706344198,61.4706344198,54.584034333
361,0,60,positive,0.168827689447,-0.0542562749637,0.0236980343107,168.827689447,-54.2562749637,23.6980343107,61.4706344198,61.4706344198,54.584034333
361,1,60,positive,0.168951975858,-0.0540410045847,0.0241615928086,168.951975858,-54.0410045847,24.1615928086,61.7192072424,61.7192072424,55.0475928309
362,0,60,positive,0.171002353698,-0.0504896459924,0.0244589623707,171.002353698,-50.4896459924,24.4589623707,65.8199629208,65.8199629208,55.344962393
362,1,60,positive,0.171159650434,-0.0502172000532,0.0253881747842,171.159650434,-50.2172000532,25.3881747842,66.1345563935,66.1345563935,56.2741748065
363,0,60,positive,0.168973507995,-0.0540037098295,0.0242671784764,168.973507995,-54.0037098295,24.2671784764,61.7622715162,61.7622715162,55.1531784987
363,1,60,positive,0.169124436688,-0.0537422936655,0.0251585692413,169.124436688,-53.7422936655,25.1585692413,62.0641289016,62.0641289016,56.0445692636
364,0,60,positive,0.169124436688,-0.0537422936655,0.0251585692413,169.124436688,-53.7422936655,25.1585692413,62.0641289016,62.0641289016,56.0445692636
364,1,60,positive,0.169158303728,-0.0536836342317,0.0253207958437,169.158303728,-53.6836342317,25.3207958437,62.1318629813,62.1318629813,56.206795866
365,0,60,positive,0.168973507995,-0.0540037098295,0.0242671784764,168.973507995,-54.0037098295,24.2671784764,61.7622715162,61.7622715162,55.1531784987
365,1,60,positive,0.168964863193,-0.0540186830667,0.0242139296951,168.964863193,-54.0186830667,24.2139296951,61.7449819112,61.7449819112,55.0999297174
366,0,60,positive,0.169158303728,-0.0536836342317,0.0253207958437,169.158303728,-53.6836342317,25.3207958437,62.1318629813,62.1318629813,56.206795866
366,1,60,positive,0.169163372703,-0.05367485451,0.025422166897,169.163372703,-53.67485451,25.422166897,62.1420009307,62.1420009307,56.3081669193
367,0,60,positive,0.169313463821,-0.0534148890674,0.0259580163462,169.313463821,-53.4148890674,25.9580163462,62.4421831672,62.4421831672,56.8440163685
367,1,60,positive,0.169163372703,-0.05367485451,0.025422166897,169.163372703,-53.67485451,25.422166897,62.1420009307,62.1420009307,56.3081669193
368,0,60,positive,0.169313463821,-0.0534148890674,0.0259580163462,169.313463821,-53.4148890674,25.9580163462,62.4421831672,62.4421831672,56.8440163685
368,1,60,positive,0.169382140451,-0.0532959376544,0.0262218769772,169.382140451,-53.2959376544,26.2218769772,62.5795364279,62.5795364279,57.1078769995
369,0,60,positive,0.168964863193,-0.0540186830667,0.0242139296951,168.964863193,-54.0186830667,24.2139296951,61.7449819112,61.7449819112,55.0999297174
369,1,60,positive,0.168951975858,-0.0540410045847,0.0241615928086,168.951975858,-54.0410045847,24.1615928086,61.7192072424,61.7192072424,55.0475928309
370,0,60,positive,0.169454275721,-0.0531709957021,0.0265753486997,169.454275721,-53.1709957021,26.5753486997,62.7238069674,62.7238069674,57.461348722
370,1,60,positive,0.169382140451,-0.0532959376544,0.0262218769772,169.382140451,-53.2959376544,26.2218769772,62.5795364279,62.5795364279,57.1078769995
371,0,60,positive,0.169578456824,-0.0529559077218,0.0274727405625,169.578456824,-52.9559077218,27.4727405625,62.9721691741,62.9721691741,58.3587405848
371,1,60,positive,0.169637074018,-0.0528543797641,0.0277870718834,169.637074018,-52.8543797641,27.7870718834,63.0894035615,63.0894035615,58.6730719057
372,0,60,positive,0.169637074018,-0.0528543797641,0.0277870718834,169.637074018,-52.8543797641,27.7870718834,63.0894035615,63.0894035615,58.6730719057
372,1,60,positive,0.16967174244,-0.0527943322958,0.0280412710842,169.67174244,-52.7943322958,28.0412710842,63.1587404054,63.1587404054,58.9272711065
373,0,60,positive,0.169578456824,-0.0529559077218,0.0274727405625,169.578456824,-52.9559077218,27.4727405625,62.9721691741,62.9721691741,58.3587405848
373,1,60,positive,0.169488522412,-0.0531116786929,0.0267898667403,169.488522412,-53.1116786929,26.7898667403,62.7923003499,62.7923003499,57.6758667626
374,0,60,positive,0.169858634134,-0.0524706263865,0.0287894477812,169.858634134,-52.4706263865,28.7894477812,63.5325237933,63.5325237933,59.6754478035
374,1,60,positive,0.16967174244,-0.0527943322958,0.0280412710842,169.67174244,-52.7943322958,28.0412710842,63.1587404054,63.1587404054,58.9272711065
375,0,60,positive,0.169488522412,-0.0531116786929,0.0267898667403,169.488522412,-53.1116786929,26.7898667403,62.7923003499,62.7923003499,57.6758667626
375,1,60,positive,0.169454275721,-0.0531709957021,0.0265753486997,169.454275721,-53.1709957021,26.5753486997,62.7238069674,62.7238069674,57.461348722
376,0,60,positive,0.172224677556,-0.0483725189655,0.0310407034179,172.224677556,-48.3725189655,31.0407034179,68.2646106386,68.2646106386,61.9267034401
376,1,60,positive,0.171760111628,-0.0491771707566,0.0285193573745,171.760111628,-49.1771707566,28.5193573745,67.3354787822,67.3354787822,59.4053573968
377,0,60,positive,0.172224677556,-0.0483725189655,0.0310407034179,172.224677556,-48.3725189655,31.0407034179,68.2646106386,68.2646106386,61.9267034401
377,1,60,positive,0.172243900019,-0.0483392246841,0.0311421041137,172.243900019,-48.3392246841,31.1421041137,68.3030555632,68.3030555632,62.028104136
378,0,60,positive,0.172348873573,-0.0481574051551,0.0315547397358,172.348873573,-48.1574051551,31.5547397358,68.5130026713,68.5130026713,62.4407397581
378,1,60,positive,0.172249594967,-0.0483293607449,0.0311700942246,172.249594967,-48.3293607449,31.1700942246,68.3144454591,68.3144454591,62.0560942469
379,0,60,positive,0.172437391572,-0.0480040874823,0.0319764092494,172.437391572,-48.0040874823,31.9764092494,68.6900386706,68.6900386706,62.8624092717
379,1,60,positive,0.172348873573,-0.0481574051551,0.0315547397358,172.348873573,-48.1574051551,31.5547397358,68.5130026713,68.5130026713,62.4407397581
380,0,60,positive,0.172510957886,-0.0478766668897,0.0323473823313,172.510957886,-47.8766668897,32.3473823313,68.8371712974,68.8371712974,63.2333823536
380,1,60,positive,0.172437391572,-0.0480040874823,0.0319764092494,172.437391572,-48.0040874823,31.9764092494,68.6900386706,68.6900386706,62.8624092717
381,0,60,positive,0.172243900019,-0.0483392246841,0.0311421041137,172.243900019,-48.3392246841,31.1421041137,68.3030555632,68.3030555632,62.028104136
381,1,60,positive,0.172249594967,-0.0483293607449,0.0311700942246,172.249594967,-48.3293607449,31.1700942246,68.3144454591,68.3144454591,62.0560942469
382,0,60,positive,0.172510957886,-0.0478766668897,0.0323473823313,172.510957886,-47.8766668897,32.3473823313,68.8371712974,68.8371712974,63.2333823536
382,1,60,positive,0.172763470882,-0.0474393015512,0.0335797530435,172.763470882,-47.4393015512,33.5797530435,69.3421972893,69.3421972893,64.4657530658
383,0,60,positive,0.173426504415,-0.0462908937853,0.036728490976,173.426504415,-46.2908937853,36.728490976,70.6682643549,70.6682643549,67.6144909983
383,1,60,positive,0.17299570393,-0.0470370621122,0.0346311357742,172.99570393,-47.0370621122,34.6311357742,69.8066633861,69.8066633861,65.5171357964
384,0,60,positive,0.17299570393,-0.0470370621122,0.0346311357742,172.99570393,-47.0370621122,34.6311357742,69.8066633861,69.8066633861,65.5171357964
384,1,60,positive,0.172763470882,-0.0474393015512,0.0335797530435,172.763470882,-47.4393015512,33.5797530435,69.3421972893,69.3421972893,64.4657530658
385,0,60,positive,0.173426504415,-0.0462908937853,0.036728490976,173.426504415,-46.2908937853,36.728490976,70.6682643549,70.6682643549,67.6144909983
385,1,60,positive,0.173463952673,-0.0462260314985,0.0368919502421,173.463952673,-46.2260314985,36.8919502421,70.7431608724,70.7431608724,67.7779502644
386,0,60,positive,0.173463952673,-0.0462260314985,0.0368919502421,173.463952673,-46.2260314985,36.8919502421,70.7431608724,70.7431608724,67.7779502644
386,1,60,positive,0.173482167213,-0.0461944829907,0.0370098354399,173.482167213,-46.1944829907,37.0098354399,70.7795899513,70.7795899513,67.8958354622
387,0,60,positive,0.173482167213,-0.0461944829907,0.0370098354399,173.482167213,-46.1944829907,37.0098354399,70.7795899513,70.7795899513,67.8958354622
387,1,60,positive,0.173503757331,-0.0461570878086,0.037096271115,173.503757331,-46.1570878086,37.096271115,70.8227701882,70.8227701882,67.9822711373
388,0,60,positive,0.173503757331,-0.0461570878086,0.037096271115,173.503757331,-46.1570878086,37.096271115,70.8227701882,70.8227701882,67.9822711373
388,1,60,positive,0.173757894371,-0.0457169095441,0.0383267033609,173.757894371,-45.7169095441,38.3267033609,71.3310442672,71.3310442672,69.2127033832
389,0,60,positive,0.17013124807,-0.051998445199,0.030074852209,170.13124807,-51.998445199,30.074852209,64.0777516646,64.0777516646,60.9608522313
389,1,60,positive,0.170220560321,-0.0518437518422,0.0305493722681,170.220560321,-51.8437518422,30.5493722681,64.2563761671,64.2563761671,61.4353722904
390,0,60,positive,0.170220560321,-0.0518437518422,0.0305493722681,170.220560321,-51.8437518422,30.5493722681,64.2563761671,64.2563761671,61.4353722904
390,1,60,positive,0.170243733575,-0.0518036145883,0.0307721985258,170.243733575,-51.8036145883,30.7721985258,64.3027226758,64.3027226758,61.6581985481
391,0,60,positive,0.170321189137,-0.051669457619,0.0312288943366,170.321189137,-51.669457619,31.2288943366,64.4576338003,64.4576338003,62.1148943589
391,1,60,positive,0.170416278487,-0.0515047580351,0.0316339154694,170.416278487,-51.5047580351,31.6339154694,64.6478124987,64.6478124987,62.5199154917
392,0,60,positive,0.170321189137,-0.051669457619,0.0312288943366,170.321189137,-51.669457619,31.2288943366,64.4576338003,64.4576338003,62.1148943589
392,1,60,positive,0.170243733575,-0.0518036145883,0.0307721985258,170.243733575,-51.8036145883,30.7721985258,64.3027226758,64.3027226758,61.6581985481
393,0,60,positive,0.170459862226,-0.0514292687843,0.031787492953,170.459862226,-51.4292687843,31.787492953,64.7349799771,64.7349799771,62.6734929753
393,1,60,positive,0.170579510508,-0.0512220318808,0.0322648808276,170.579510508,-51.2220318808,32.2648808276,64.9742765412,64.9742765412,63.1508808499
394,0,60,positive,0.170459862226,-0.0514292687843,0.031787492953,170.459862226,-51.4292687843,31.787492953,64.7349799771,64.7349799771,62.6734929753
394,1,60,positive,0.170416278487,-0.0515047580351,0.0316339154694,170.416278487,-51.5047580351,31.6339154694,64.6478124987,64.6478124987,62.5199154917
395,0,60,positive,0.170594675451,-0.0511957654278,0.0323519220986,170.594675451,-51.1957654278,32.3519220986,65.0046064286,65.0046064286,63.2379221209
395,1,60,positive,0.170620461605,-0.0511511024999,0.0327080188709,170.620461605,-51.1511024999,32.7080188709,65.0561787355,65.0561787355,63.5940188932
396,0,60,positive,0.170620461605,-0.0511511024999,0.0327080188709,170.620461605,-51.1511024999,32.7080188709,65.0561787355,65.0561787355,63.5940188932
396,1,60,positive,0.170678021337,-0.0510514061198,0.0330216575854,170.678021337,-51.0514061198,33.0216575854,65.1712981993,65.1712981993,63.9076576077
397,0,60,positive,0.170678021337,-0.0510514061198,0.0330216575854,170.678021337,-51.0514061198,33.0216575854,65.1712981993,65.1712981993,63.9076576077
397,1,60,positive,0.170750250424,-0.0509263016702,0.0333019109876,170.750250424,-50.9263016702,33.3019109876,65.3157563745,65.3157563745,64.1879110099
398,0,60,positive,0.170594675451,-0.0511957654278,0.0323519220986,170.594675451,-51.1957654278,32.3519220986,65.0046064286,65.0046064286,63.2379221209
398,1,60,positive,0.170579510508,-0.0512220318808,0.0322648808276,170.579510508,-51.2220318808,32.2648808276,64.9742765412,64.9742765412,63.1508808499
399,0,60,positive,0.170832410011,-0.0507839970923,0.0337134909947,170.832410011,-50.7839970923,33.7134909947,65.4800755473,65.4800755473,64.599491017
399,1,60,positive,0.170750250424,-0.0509263016702,0.0333019109876,170.750250424,-50.9263016702,33.3019109876,65.3157563745,65.3157563745,64.1879110099
400,0,60,positive,0.169858634134,-0.0524706263865,0.0287894477812,169.858634134,-52.4706263865,28.7894477812,63.5325237933,63.5325237933,59.6754478035
400,1,60,positive,0.169864329553,-0.0524607616313,0.0288069341661,169.864329553,-52.4607616313,28.8069341661,63.5439146313,63.5439146313,59.6929341884
401,0,60,positive,0.169951074917,-0.0523105142526,0.0290658315907,169.951074917,-52.3105142526,29.0658315907,63.7174053604,63.7174053604,59.9518316129
401,1,60,positive,0.169864329553,-0.0524607616313,0.0288069341661,169.864329553,-52.4607616313,28.8069341661,63.5439146313,63.5439146313,59.6929341884
402,0,60,positive,0.17013124807,-0.051998445199,0.030074852209,170.13124807,-51.998445199,30.074852209,64.0777516646,64.0777516646,60.9608522313
402,1,60,positive,0.169951074917,-0.0523105142526,0.0290658315907,169.951074917,-52.3105142526,29.0658315907,63.7174053604,63.7174053604,59.9518316129
403,0,60,positive,0.170941830693,-0.0505944749119,0.0345750861567,170.941830693,-50.5944749119,34.5750861567,65.698916911,65.698916911,65.461086179
403,1,60,positive,0.171015104405,-0.0504675611202,0.0352608277742,171.015104405,-50.4675611202,35.2608277742,65.8454643346,65.8454643346,66.1468277965
404,0,60,positive,0.170889358335,-0.0506853597014,0.0340673838154,170.889358335,-50.6853597014,34.0673838154,65.5939721957,65.5939721957,64.9533838377
404,1,60,positive,0.170832410011,-0.0507839970923,0.0337134909947,170.832410011,-50.7839970923,33.7134909947,65.4800755473,65.4800755473,64.599491017
405,0,60,positive,0.170889358335,-0.0506853597014,0.0340673838154,170.889358335,-50.6853597014,34.0673838154,65.5939721957,65.5939721957,64.9533838377
405,1,60,positive,0.170941830693,-0.0505944749119,0.0345750861567,170.941830693,-50.5944749119,34.5750861567,65.698916911,65.698916911,65.461086179
406,0,60,positive,0.171041472559,-0.050421890137,0.035561014114,171.041472559,-50.421890137,35.561014114,65.8982006435,65.8982006435,66.4470141363
406,1,60,positive,0.171015104405,-0.0504675611202,0.0352608277742,171.015104405,-50.4675611202,35.2608277742,65.8454643346,65.8454643346,66.1468277965
407,0,60,positive,0.171065744466,-0.0503798499609,0.0357510603989,171.065744466,-50.3798499609,35.7510603989,65.9467444575,65.9467444575,66.6370604212
407,1,60,positive,0.17112247639,-0.0502815873854,0.0360509889551,171.12247639,-50.2815873854,36.0509889551,66.0602083063,66.0602083063,66.9369889774
408,0,60,positive,0.171065744466,-0.0503798499609,0.0357510603989,171.065744466,-50.3798499609,35.7510603989,65.9467444575,65.9467444575,66.6370604212
408,1,60,positive,0.171041472559,-0.050421890137,0.035561014114,171.041472559,-50.421890137,35.561014114,65.8982006435,65.8982006435,66.4470141363
409,0,60,positive,0.171162320139,-0.050212575988,0.0361865675221,171.162320139,-50.212575988,36.1865675221,66.1398958041,66.1398958041,67.0725675444
409,1,60,positive,0.17112247639,-0.0502815873854,0.0360509889551,171.12247639,-50.2815873854,36.0509889551,66.0602083063,66.0602083063,66.9369889774
410,0,60,positive,0.171162320139,-0.050212575988,0.0361865675221,171.162320139,-50.212575988,36.1865675221,66.1398958041,66.1398958041,67.0725675444
410,1,60,positive,0.171285055241,-0.0499999925564,0.0369940035622,171.285055241,-49.9999925564,36.9940035622,66.3853660069,66.3853660069,67.8800035845
411,0,60,positive,0.171308104557,-0.0499600699701,0.0373053489396,171.308104557,-49.9600699701,37.3053489396,66.4314646389,66.4314646389,68.1913489619
411,1,60,positive,0.171285055241,-0.0499999925564,0.0369940035622,171.285055241,-49.9999925564,36.9940035622,66.3853660069,66.3853660069,67.8800035845
412,0,60,positive,0.171308104557,-0.0499600699701,0.0373053489396,171.308104557,-49.9600699701,37.3053489396,66.4314646389,66.4314646389,68.1913489619
412,1,60,positive,0.171363744426,-0.0498636988894,0.0377614099915,171.363744426,-49.8636988894,37.7614099915,66.5427443776,66.5427443776,68.6474100138
413,0,60,positive,0.171501554857,-0.0496250042206,0.0385307758942,171.501554857,-49.6250042206,38.5307758942,66.8183652402,66.8183652402,69.4167759165
413,1,60,positive,0.171363744426,-0.0498636988894,0.0377614099915,171.363744426,-49.8636988894,37.7614099915,66.5427443776,66.5427443776,68.6474100138
414,0,60,positive,0.175387351571,-0.0428946068838,0.0457801299582,175.387351571,-42.8946068838,45.7801299582,74.5899586686,74.5899586686,76.6661299805
414,1,60,positive,0.175341856019,-0.0429734074923,0.0455747540569,175.341856019,-42.9734074923,45.5747540569,74.4989675635,74.4989675635,76.4607540792
415,0,60,positive,0.175400184549,-0.0428723795143,0.0458518486752,175.400184549,-42.8723795143,45.8518486752,74.6156246241,74.6156246241,76.7378486975
415,1,60,positive,0.175387351571,-0.0428946068838,0.0457801299582,175.387351571,-42.8946068838,45.7801299582,74.5899586686,74.5899586686,76.6661299805
416,0,60,positive,0.174297580154,-0.0447821463477,0.0409197410452,174.297580154,-44.7821463477,40.9197410452,72.4104158334,72.4104158334,71.8057410675
416,1,60,positive,0.174170237779,-0.0450027098107,0.0403360916434,174.170237779,-45.0027098107,40.3360916434,72.1557310839,72.1557310839,71.2220916657
417,0,60,positive,0.174297580154,-0.0447821463477,0.0409197410452,174.297580154,-44.7821463477,40.9197410452,72.4104158334,72.4104158334,71.8057410675
417,1,60,positive,0.174522916819,-0.044391851795,0.0419059686814,174.522916819,-44.391851795,41.9059686814,72.8610891635,72.8610891635,72.7919687037
418,0,60,positive,0.174894646895,-0.0437479964174,0.0436159451449,174.894646895,-43.7479964174,43.6159451449,73.6045493147,73.6045493147,74.5019451672
418,1,60,positive,0.174790252345,-0.0439288130818,0.0431274436588,174.790252345,-43.9288130818,43.1274436588,73.3957602149,73.3957602149,74.0134436811
419,0,60,positive,0.174522916819,-0.044391851795,0.0419059686814,174.522916819,-44.391851795,41.9059686814,72.8610891635,72.8610891635,72.7919687037
419,1,60,positive,0.174790252345,-0.0439288130818,0.0431274436588,174.790252345,-43.9288130818,43.1274436588,73.3957602149,73.3957602149,74.0134436811
420,0,60,positive,0.175035648066,-0.0435037752252,0.0442631193692,175.035648066,-43.5037752252,44.2631193692,73.8865516568,73.8865516568,75.1491193915
420,1,60,positive,0.174894646895,-0.0437479964174,0.0436159451449,174.894646895,-43.7479964174,43.6159451449,73.6045493147,73.6045493147,74.5019451672
421,0,60,positive,0.175341856019,-0.0429734074923,0.0455747540569,175.341856019,-42.9734074923,45.5747540569,74.4989675635,74.4989675635,76.4607540792
421,1,60,positive,0.175278178936,-0.0430836994349,0.045322003144,175.278178936,-43.0836994349,45.322003144,74.371613398,74.371613398,76.2080031663
422,0,60,positive,0.175485032056,-0.0427254193219,0.0462355479857,175.485032056,-42.7254193219,46.2355479857,74.7853196374,74.7853196374,77.121548008
422,1,60,positive,0.175400184549,-0.0428723795143,0.0458518486752,175.400184549,-42.8723795143,45.8518486752,74.6156246241,74.6156246241,76.7378486975
423,0,60,positive,0.175485032056,-0.0427254193219,0.0462355479857,175.485032056,-42.7254193219,46.2355479857,74.7853196374,74.7853196374,77.121548008
423,1,60,positive,0.175749071399,-0.0422680897641,0.0474884577429,175.749071399,-42.2680897641,47.4884577429,75.3133983239,75.3133983239,78.3744577652
424,0,60,positive,0.175753483613,-0.0422604475855,0.0475482198053,175.753483613,-42.2604475855,47.5482198053,75.3222227517,75.3222227517,78.4342198276
424,1,60,positive,0.175749071399,-0.0422680897641,0.0474884577429,175.749071399,-42.2680897641,47.4884577429,75.3133983239,75.3133983239,78.3744577652
425,0,60,positive,0.175035648066,-0.0435037752252,0.0442631193692,175.035648066,-43.5037752252,44.2631193692,73.8865516568,73.8865516568,75.1491193915
425,1,60,positive,0.175278178936,-0.0430836994349,0.045322003144,175.278178936,-43.0836994349,45.322003144,74.371613398,74.371613398,76.2080031663
426,0,60,positive,0.174771012669,-0.0439621371784,0.0540432826234,174.771012669,-43.9621371784,54.0432826234,73.3572808626,73.3572808626,84.9292826457
426,1,60,positive,0.174776446177,-0.0439527260652,0.0540597456892,174.776446177,-43.9527260652,54.0597456892,73.3681478801,73.3681478801,84.9457457115
427,0,60,positive,0.176246756808,-0.0414060733491,0.0500142118397,176.246756808,-41.4060733491,50.0142118397,76.3087691424,76.3087691424,80.900211862
427,1,60,positive,0.175886412204,-0.0420302085129,0.0481657750406,175.886412204,-42.0302085129,48.1657750406,75.5880799327,75.5880799327,79.0517750629
428,0,60,positive,0.176503976028,-0.0409605565914,0.0512409296964,176.503976028,-40.9605565914,51.2409296964,76.8232075824,76.8232075824,82.1269297187
428,1,60,positive,0.176246756808,-0.0414060733491,0.0500142118397,176.246756808,-41.4060733491,50.0142118397,76.3087691424,76.3087691424,80.900211862
429,0,60,positive,0.176814914961,-0.0404219945629,0.0526492918197,176.814914961,-40.4219945629,52.6492918197,77.4450854467,77.4450854467,83.535291842
429,1,60,positive,0.176503976028,-0.0409605565914,0.0512409296964,176.503976028,-40.9605565914,51.2409296964,76.8232075824,76.8232075824,82.1269297187
430,0,60,positive,0.176814914961,-0.0404219945629,0.0526492918197,176.814914961,-40.4219945629,52.6492918197,77.4450854467,77.4450854467,83.535291842
430,1,60,positive,0.17681606989,-0.0404199941671,0.0526555697262,176.81606989,-40.4199941671,52.6555697262,77.4473953048,77.4473953048,83.5415697485
431,0,60,positive,0.175753483613,-0.0422604475855,0.0475482198053,175.753483613,-42.2604475855,47.5482198053,75.3222227517,75.3222227517,78.4342198276
431,1,60,positive,0.175886412204,-0.0420302085129,0.0481657750406,175.886412204,-42.0302085129,48.1657750406,75.5880799327,75.5880799327,79.0517750629
432,0,60,positive,0.176959697635,-0.0401712236146,0.0534055953777,176.959697635,-40.1712236146,53.4055953777,77.7346507957,77.7346507957,84.2915954
432,1,60,positive,0.176819870359,-0.0404134115609,0.0526740769769,176.819870359,-40.4134115609,52.6740769769,77.4549962437,77.4549962437,83.5600769992
433,0,60,positive,0.177006176636,-0.0400907196227,0.0536027278262,177.006176636,-40.0907196227,53.6027278262,77.8276087985,77.8276087985,84.4887278485
433,1,60,positive,0.176959697635,-0.0401712236146,0.0534055953777,176.959697635,-40.1712236146,53.4055953777,77.7346507957,77.7346507957,84.2915954
434,0,60,positive,0.17681781095,-0.0404169785613,0.0526633141514,176.81781095,-40.4169785613,52.6633141514,77.4508774264,77.4508774264,83.5493141737
434,1,60,positive,0.176819870359,-0.0404134115609,0.0526740769769,176.819870359,-40.4134115609,52.6740769769,77.4549962437,77.4549962437,83.5600769992
435,0,60,positive,0.17681606989,-0.0404199941671,0.0526555697262,176.81606989,-40.4199941671,52.6555697262,77.4473953048,77.4473953048,83.5415697485
435,1,60,positive,0.17681781095,-0.0404169785613,0.0526633141514,176.81781095,-40.4169785613,52.6633141514,77.4508774264,77.4508774264,83.5493141737
436,0,60,positive,0.177600209328,-0.0390618248203,0.0564133891467,177.600209328,-39.0618248203,56.4133891467,79.0156741807,79.0156741807,87.299389169
436,1,60,positive,0.177357641966,-0.0394819638143,0.0552482573616,177.357641966,-39.4819638143,55.2482573616,78.5305394582,78.5305394582,86.1342573839
437,0,60,positive,0.177006176636,-0.0400907196227,0.0536027278262,177.006176636,-40.0907196227,53.6027278262,77.8276087985,77.8276087985,84.4887278485
437,1,60,positive,0.177357641966,-0.0394819638143,0.0552482573616,177.357641966,-39.4819638143,55.2482573616,78.5305394582,78.5305394582,86.1342573839
438,0,60,positive,0.17488131893,-0.0437710811288,0.0545223800501,174.88131893,-43.7710811288,54.5223800501,73.5778933859,73.5778933859,85.4083800724
438,1,60,positive,0.174776446177,-0.0439527260652,0.0540597456892,174.776446177,-43.9527260652,54.0597456892,73.3681478801,73.3681478801,84.9457457115
439,0,60,positive,0.175457095227,-0.0427738073286,0.0563350511445,175.457095227,-42.7738073286,56.3350511445,74.72944598,74.72944598,87.2210511668
439,1,60,positive,0.175508240613,-0.0426852209226,0.0564844914112,175.508240613,-42.6852209226,56.4844914112,74.8317367506,74.8317367506,87.3704914335
440,0,60,positive,0.175611706928,-0.0425060120078,0.0568569003005,175.611706928,-42.5060120078,56.8569003005,75.038669381,75.038669381,87.7429003228
440,1,60,positive,0.175508240613,-0.0426852209226,0.0564844914112,175.508240613,-42.6852209226,56.4844914112,74.8317367506,74.8317367506,87.3704914335
441,0,60,positive,0.175241921701,-0.0431464988088,0.05570451622,175.241921701,-43.1464988088,55.70451622,74.2990989271,74.2990989271,86.5905162423
441,1,60,positive,0.17529007323,-0.0430630979131,0.0558949064227,175.29007323,-43.0630979131,55.8949064227,74.3954019863,74.3954019863,86.7809064449
442,0,60,positive,0.174965117834,-0.0436259371706,0.0547428991744,174.965117834,-43.6259371706,54.7428991744,73.7454911927,73.7454911927,85.6288991967
442,1,60,positive,0.175001081632,-0.0435636460439,0.0548681669102,175.001081632,-43.5636460439,54.8681669102,73.8174187902,73.8174187902,85.7541669325
443,0,60,positive,0.174965117834,-0.0436259371706,0.0547428991744,174.965117834,-43.6259371706,54.7428991744,73.7454911927,73.7454911927,85.6288991967
443,1,60,positive,0.17488131893,-0.0437710811288,0.0545223800501,174.88131893,-43.7710811288,54.5223800501,73.5778933859,73.5778933859,85.4083800724
444,0,60,positive,0.175241921701,-0.0431464988088,0.05570451622,175.241921701,-43.1464988088,55.70451622,74.2990989271,74.2990989271,86.5905162423
444,1,60,positive,0.175001081632,-0.0435636460439,0.0548681669102,175.001081632,-43.5636460439,54.8681669102,73.8174187902,73.8174187902,85.7541669325
445,0,60,positive,0.175457095227,-0.0427738073286,0.0563350511445,175.457095227,-42.7738073286,56.3350511445,74.72944598,74.72944598,87.2210511668
445,1,60,positive,0.17529007323,-0.0430630979131,0.0558949064227,175.29007323,-43.0630979131,55.8949064227,74.3954019863,74.3954019863,86.7809064449
446,0,60,positive,0.173785411789,-0.0456692479776,0.0384632495083,173.785411789,-45.6692479776,38.4632495083,71.3860791037,71.3860791037,69.3492495306
446,1,60,positive,0.173757894371,-0.0457169095441,0.0383267033609,173.757894371,-45.7169095441,38.3267033609,71.3310442672,71.3310442672,69.2127033832
447,0,60,positive,0.173810942261,-0.0456250279034,0.0385738655814,173.810942261,-45.6250279034,38.5738655814,71.4371400472,71.4371400472,69.4598656037
447,1,60,positive,0.173785411789,-0.0456692479776,0.0384632495083,173.785411789,-45.6692479776,38.4632495083,71.3860791037,71.3860791037,69.3492495306
448,0,60,positive,0.174170237779,-0.0450027098107,0.0403360916434,174.170237779,-45.0027098107,40.3360916434,72.1557310839,72.1557310839,71.2220916657
448,1,60,positive,0.174050274273,-0.0452104926983,0.0396842610526,174.050274273,-45.2104926983,39.6842610526,71.9158040717,71.9158040717,70.5702610749
449,0,60,positive,0.171637107597,-0.0493902199879,0.0393978337003,171.637107597,-49.3902199879,39.3978337003,67.0894707202,67.0894707202,70.2838337226
449,1,60,positive,0.171550843586,-0.0495396336383,0.0388126764491,171.550843586,-49.5396336383,38.8126764491,66.9169426976,66.9169426976,69.6986764714
450,0,60,positive,0.171637107597,-0.0493902199879,0.0393978337003,171.637107597,-49.3902199879,39.3978337003,67.0894707202,67.0894707202,70.2838337226
450,1,60,positive,0.171666940393,-0.0493385480706,0.0396056841808,171.666940393,-49.3385480706,39.6056841808,67.1491363108,67.1491363108,70.4916842031
451,0,60,positive,0.171666940393,-0.0493385480706,0.0396056841808,171.666940393,-49.3385480706,39.6056841808,67.1491363108,67.1491363108,70.4916842031
451,1,60,positive,0.171685426232,-0.0493065296571,0.0398165184435,171.685426232,-49.3065296571,39.8165184435,67.1861079902,67.1861079902,70.7025184658
452,0,60,positive,0.171685426232,-0.0493065296571,0.0398165184435,171.685426232,-49.3065296571,39.8165184435,67.1861079902,67.1861079902,70.7025184658
452,1,60,positive,0.171714598597,-0.0492560016395,0.0401033107483,171.714598597,-49.2560016395,40.1033107483,67.2444527192,67.2444527192,70.9893107706
453,0,60,positive,0.171804514732,-0.0491002623256,0.0407657173978,171.804514732,-49.1002623256,40.7657173978,67.4242849889,67.4242849889,71.6517174201
453,1,60,positive,0.171879364603,-0.048970618546,0.0413012011593,171.879364603,-48.970618546,41.3012011593,67.573984731,67.573984731,72.1872011816
454,0,60,positive,0.171950010473,-0.0488482563102,0.0420561184279,171.950010473,-48.8482563102,42.0561184279,67.7152764706,67.7152764706,72.9421184502
454,1,60,positive,0.171879364603,-0.048970618546,0.0413012011593,171.879364603,-48.970618546,41.3012011593,67.573984731,67.573984731,72.1872011816
455,0,60,positive,0.171950010473,-0.0488482563102,0.0420561184279,171.950010473,-48.8482563102,42.0561184279,67.7152764706,67.7152764706,72.9421184502
455,1,60,positive,0.171957654812,-0.048835015925,0.0421438394316,171.957654812,-48.835015925,42.1438394316,67.7305651504,67.7305651504,73.0298394539
456,0,60,positive,0.171957654812,-0.048835015925,0.0421438394316,171.957654812,-48.835015925,42.1438394316,67.7305651504,67.7305651504,73.0298394539
456,1,60,positive,0.17199568736,-0.0487691416195,0.0423081329274,171.99568736,-48.7691416195,42.3081329274,67.8066302465,67.8066302465,73.1941329497
457,0,60,positive,0.172084465903,-0.0486153726734,0.0428390222867,172.084465903,-48.6153726734,42.8390222867,67.9841873313,67.9841873313,73.725022309
457,1,60,positive,0.17199568736,-0.0487691416195,0.0423081329274,171.99568736,-48.7691416195,42.3081329274,67.8066302465,67.8066302465,73.1941329497
458,0,60,positive,0.172170524988,-0.0484663139653,0.043578807283,172.170524988,-48.4663139653,43.578807283,68.1563055018,68.1563055018,74.4648073053
458,1,60,positive,0.172229670423,-0.0483638710679,0.0441117886674,172.229670423,-48.3638710679,44.1117886674,68.2745963706,68.2745963706,74.9977886897
459,0,60,positive,0.172084465903,-0.0486153726734,0.0428390222867,172.084465903,-48.6153726734,42.8390222867,67.9841873313,67.9841873313,73.725022309
459,1,60,positive,0.172121101105,-0.0485519186413,0.043195475065,172.121101105,-48.5519186413,43.195475065,68.0574577363,68.0574577363,74.0814750873
460,0,60,positive,0.172229670423,-0.0483638710679,0.0441117886674,172.229670423,-48.3638710679,44.1117886674,68.2745963706,68.2745963706,74.9977886897
460,1,60,positive,0.17229943285,-0.0482430389993,0.044668632259,172.29943285,-48.2430389993,44.668632259,68.4141212253,68.4141212253,75.5546322813
461,0,60,positive,0.172359749416,-0.0481385676423,0.0449183344744,172.359749416,-48.1385676423,44.9183344744,68.5347543575,68.5347543575,75.8043344967
461,1,60,positive,0.172448971983,-0.0479840296238,0.0452280499241,172.448971983,-47.9840296238,45.2280499241,68.7131994906,68.7131994906,76.1140499464
462,0,60,positive,0.17215765578,-0.0484886040879,0.0434280838876,172.15765578,-48.4886040879,43.4280838876,68.1305670853,68.1305670853,74.3140839099
462,1,60,positive,0.172121101105,-0.0485519186413,0.043195475065,172.121101105,-48.5519186413,43.195475065,68.0574577363,68.0574577363,74.0814750873
463,0,60,positive,0.172170524988,-0.0484663139653,0.043578807283,172.170524988,-48.4663139653,43.578807283,68.1563055018,68.1563055018,74.4648073053
463,1,60,positive,0.17215765578,-0.0484886040879,0.0434280838876,172.15765578,-48.4886040879,43.4280838876,68.1305670853,68.1305670853,74.3140839099
464,0,60,positive,0.172359749416,-0.0481385676423,0.0449183344744,172.359749416,-48.1385676423,44.9183344744,68.5347543575,68.5347543575,75.8043344967
464,1,60,positive,0.172321947252,-0.0482040429111,0.0448014664352,172.321947252,-48.2040429111,44.8014664352,68.4591500293,68.4591500293,75.6874664575
465,0,60,positive,0.172310728927,-0.0482234736193,0.0447520755755,172.310728927,-48.2234736193,44.7520755755,68.4367133801,68.4367133801,75.6380755978
465,1,60,positive,0.17229943285,-0.0482430389993,0.044668632259,172.29943285,-48.2430389993,44.668632259,68.4141212253,68.4141212253,75.5546322813
466,0,60,positive,0.172321947252,-0.0482040429111,0.0448014664352,172.321947252,-48.2040429111,44.8014664352,68.4591500293,68.4591500293,75.6874664575
466,1,60,positive,0.172310728927,-0.0482234736193,0.0447520755755,172.310728927,-48.2234736193,44.7520755755,68.4367133801,68.4367133801,75.6380755978
467,0,60,positive,0.172448971983,-0.0479840296238,0.0452280499241,172.448971983,-47.9840296238,45.2280499241,68.7131994906,68.7131994906,76.1140499464
467,1,60,positive,0.172476232161,-0.0479368136103,0.0453048999905,172.476232161,-47.9368136103,45.3048999905,68.7677198468,68.7677198468,76.1909000128
468,0,60,positive,0.172667258637,-0.0476059460482,0.0463166095381,172.667258637,-47.6059460482,46.3166095381,69.1497727989,69.1497727989,77.2026095604
468,1,60,positive,0.172476232161,-0.0479368136103,0.0453048999905,172.476232161,-47.9368136103,45.3048999905,68.7677198468,68.7677198468,76.1909000128
469,0,60,positive,0.172667258637,-0.0476059460482,0.0463166095381,172.667258637,-47.6059460482,46.3166095381,69.1497727989,69.1497727989,77.2026095604
469,1,60,positive,0.172685720396,-0.0475739693424,0.0464269097262,172.685720396,-47.5739693424,46.4269097262,69.1866963183,69.1866963183,77.3129097485
470,0,60,positive,0.172734821286,-0.047488924106,0.0466330789688,172.734821286,-47.488924106,46.6330789688,69.2848980986,69.2848980986,77.5190789911
470,1,60,positive,0.172685720396,-0.0475739693424,0.0464269097262,172.685720396,-47.5739693424,46.4269097262,69.1866963183,69.1866963183,77.3129097485
471,0,60,positive,0.172734821286,-0.047488924106,0.0466330789688,172.734821286,-47.488924106,46.6330789688,69.2848980986,69.2848980986,77.5190789911
471,1,60,positive,0.172926890707,-0.0471562501118,0.0476389432405,172.926890707,-47.1562501118,47.6389432405,69.6690369388,69.6690369388,78.5249432628
472,0,60,positive,0.172931016868,-0.0471491033912,0.0476531846399,172.931016868,-47.1491033912,47.6531846399,69.6772892609,69.6772892609,78.5391846622
472,1,60,positive,0.172926890707,-0.0471562501118,0.0476389432405,172.926890707,-47.1562501118,47.6389432405,69.6690369388,69.6690369388,78.5249432628
473,0,60,positive,0.173810942261,-0.0456250279034,0.0385738655814,173.810942261,-45.6250279034,38.5738655814,71.4371400472,71.4371400472,69.4598656037
473,1,60,positive,0.173986747976,-0.045320523472,0.0393679174557,173.986747976,-45.320523472,39.3679174557,71.7887514781,71.7887514781,70.253917478
474,0,60,positive,0.173986747976,-0.045320523472,0.0393679174557,173.986747976,-45.320523472,39.3679174557,71.7887514781,71.7887514781,70.253917478
474,1,60,positive,0.174050274273,-0.0452104926983,0.0396842610526,174.050274273,-45.2104926983,39.6842610526,71.9158040717,71.9158040717,70.5702610749
475,0,60,positive,0.171537628834,-0.0495625222597,0.0387605974549,171.537628834,-49.5625222597,38.7605974549,66.8905131941,66.8905131941,69.6465974772
475,1,60,positive,0.171550843586,-0.0495396336383,0.0388126764491,171.550843586,-49.5396336383,38.8126764491,66.9169426976,66.9169426976,69.6986764714
476,0,60,positive,0.171501554857,-0.0496250042206,0.0385307758942,171.501554857,-49.6250042206,38.5307758942,66.8183652402,66.8183652402,69.4167759165
476,1,60,positive,0.171537628834,-0.0495625222597,0.0387605974549,171.537628834,-49.5625222597,38.7605974549,66.8905131941,66.8905131941,69.6465974772
477,0,60,positive,0.171804514732,-0.0491002623256,0.0407657173978,171.804514732,-49.1002623256,40.7657173978,67.4242849889,67.4242849889,71.6517174201
477,1,60,positive,0.171714598597,-0.0492560016395,0.0401033107483,171.714598597,-49.2560016395,40.1033107483,67.2444527192,67.2444527192,70.9893107706
478,0,60,positive,0.173356146708,-0.0464127569077,0.0495377814819,173.356146708,-46.4127569077,49.5377814819,70.5275489418,70.5275489418,80.4237815042
478,1,60,positive,0.173368327099,-0.046391659851,0.049628439139,173.368327099,-46.391659851,49.628439139,70.5519097246,70.5519097246,80.5144391613
479,0,60,positive,0.174066033028,-0.0451831977348,0.0519392850999,174.066033028,-45.1831977348,51.9392850999,71.9473215808,71.9473215808,82.8252851222
479,1,60,positive,0.17419568887,-0.0449586272285,0.0523567926608,174.19568887,-44.9586272285,52.3567926608,72.2066332653,72.2066332653,83.2427926831
480,0,60,positive,0.173675341454,-0.0458598953896,0.0505460401897,173.675341454,-45.8598953896,50.5460401897,71.1659384345,71.1659384345,81.432040212
480,1,60,positive,0.173777087729,-0.0456836656728,0.0508736548928,173.777087729,-45.6836656728,50.8736548928,71.3694309833,71.3694309833,81.7596549151
481,0,60,positive,0.173855786335,-0.0455473556893,0.0510895599321,173.855786335,-45.5473556893,51.0895599321,71.5268281946,71.5268281946,81.9755599544
481,1,60,positive,0.173777087729,-0.0456836656728,0.0508736548928,173.777087729,-45.6836656728,50.8736548928,71.3694309833,71.3694309833,81.7596549151
482,0,60,positive,0.173528951548,-0.0461134501455,0.0500399280556,173.528951548,-46.1134501455,50.0399280556,70.8731586213,70.8731586213,80.9259280779
482,1,60,positive,0.173580779911,-0.0460236807873,0.0501741012559,173.580779911,-46.0236807873,50.1741012559,70.9768153475,70.9768153475,81.0601012782
483,0,60,positive,0.173675341454,-0.0458598953896,0.0505460401897,173.675341454,-45.8598953896,50.5460401897,71.1659384345,71.1659384345,81.432040212
483,1,60,positive,0.173580779911,-0.0460236807873,0.0501741012559,173.580779911,-46.0236807873,50.1741012559,70.9768153475,70.9768153475,81.0601012782
484,0,60,positive,0.173528951548,-0.0461134501455,0.0500399280556,173.528951548,-46.1134501455,50.0399280556,70.8731586213,70.8731586213,80.9259280779
484,1,60,positive,0.173368327099,-0.046391659851,0.049628439139,173.368327099,-46.391659851,49.628439139,70.5519097246,70.5519097246,80.5144391613
485,0,60,positive,0.173919740299,-0.0454365841733,0.0512634863925,173.919740299,-45.4365841733,51.2634863925,71.6547361238,71.6547361238,82.1494864148
485,1,60,positive,0.173959000498,-0.045368583514,0.0514814475822,173.959000498,-45.368583514,51.4814475822,71.7332565217,71.7332565217,82.3674476045
486,0,60,positive,0.174066033028,-0.0451831977348,0.0519392850999,174.066033028,-45.1831977348,51.9392850999,71.9473215808,71.9473215808,82.8252851222
486,1,60,positive,0.173959000498,-0.045368583514,0.0514814475822,173.959000498,-45.368583514,51.4814475822,71.7332565217,71.7332565217,82.3674476045
487,0,60,positive,0.173919740299,-0.0454365841733,0.0512634863925,173.919740299,-45.4365841733,51.2634863925,71.6547361238,71.6547361238,82.1494864148
487,1,60,positive,0.173855786335,-0.0455473556893,0.0510895599321,173.855786335,-45.5473556893,51.0895599321,71.5268281946,71.5268281946,81.9755599544
488,0,60,positive,0.172942620612,-0.0471290051163,0.0477067469278,172.942620612,-47.1290051163,47.7067469278,69.7004967497,69.7004967497,78.5927469501
488,1,60,positive,0.173138746601,-0.0467893049382,0.048653719972,173.138746601,-46.7893049382,48.653719972,70.0927487283,70.0927487283,79.5397199943
489,0,60,positive,0.172942620612,-0.0471290051163,0.0477067469278,172.942620612,-47.1290051163,47.7067469278,69.7004967497,69.7004967497,78.5927469501
489,1,60,positive,0.172933751905,-0.047144366167,0.0476729678032,172.933751905,-47.144366167,47.6729678032,69.6827593362,69.6827593362,78.5589678255
490,0,60,positive,0.172933751905,-0.047144366167,0.0476729678032,172.933751905,-47.144366167,47.6729678032,69.6827593362,69.6827593362,78.5589678255
490,1,60,positive,0.172931016868,-0.0471491033912,0.0476531846399,172.931016868,-47.1491033912,47.6531846399,69.6772892609,69.6772892609,78.5391846622
491,0,60,positive,0.173138746601,-0.0467893049382,0.048653719972,173.138746601,-46.7893049382,48.653719972,70.0927487283,70.0927487283,79.5397199943
491,1,60,positive,0.173218477171,-0.0466512075409,0.0488513807205,173.218477171,-46.6512075409,48.8513807205,70.2522098673,70.2522098673,79.7373807428
492,0,60,positive,0.173356146708,-0.0464127569077,0.0495377814819,173.356146708,-46.4127569077,49.5377814819,70.5275489418,70.5275489418,80.4237815042
492,1,60,positive,0.173218477171,-0.0466512075409,0.0488513807205,173.218477171,-46.6512075409,48.8513807205,70.2522098673,70.2522098673,79.7373807428
493,0,60,positive,0.174766896382,-0.0439692667957,0.054028948828,174.766896382,-43.9692667957,54.028948828,73.3490482896,73.3490482896,84.9149488503
493,1,60,positive,0.174771012669,-0.0439621371784,0.0540432826234,174.771012669,-43.9621371784,54.0432826234,73.3572808626,73.3572808626,84.9292826457
494,0,60,positive,0.174758520673,-0.0439837739495,0.053995043662,174.758520673,-43.9837739495,53.995043662,73.3322968713,73.3322968713,84.8810436843
494,1,60,positive,0.174766896382,-0.0439692667957,0.054028948828,174.766896382,-43.9692667957,54.028948828,73.3490482896,73.3490482896,84.9149488503
495,0,60,positive,0.174435355809,-0.0445435119125,0.0529713051354,174.435355809,-44.5435119125,52.9713051354,72.6859671441,72.6859671441,83.8573051577
495,1,60,positive,0.174610066762,-0.044240903665,0.0534757068674,174.610066762,-44.240903665,53.4757068674,73.0353890504,73.0353890504,84.3617068897
496,0,60,positive,0.174248489706,-0.0448671734973,0.0525085346955,174.248489706,-44.8671734973,52.5085346955,72.3122349379,72.3122349379,83.3945347178
496,1,60,positive,0.174335873554,-0.0447158202323,0.0526821057698,174.335873554,-44.7158202323,52.6821057698,72.4870026346,72.4870026346,83.5681057921
497,0,60,positive,0.174248489706,-0.0448671734973,0.0525085346955,174.248489706,-44.8671734973,52.5085346955,72.3122349379,72.3122349379,83.3945347178
497,1,60,positive,0.17419568887,-0.0449586272285,0.0523567926608,174.19568887,-44.9586272285,52.3567926608,72.2066332653,72.2066332653,83.2427926831
498,0,60,positive,0.174389635042,-0.0446227026036,0.0528722848141,174.389635042,-44.6227026036,52.8722848141,72.5945256105,72.5945256105,83.7582848364
498,1,60,positive,0.174335873554,-0.0447158202323,0.0526821057698,174.335873554,-44.7158202323,52.6821057698,72.4870026346,72.4870026346,83.5681057921
499,0,60,positive,0.174435355809,-0.0445435119125,0.0529713051354,174.435355809,-44.5435119125,52.9713051354,72.6859671441,72.6859671441,83.8573051577
499,1,60,positive,0.174389635042,-0.0446227026036,0.0528722848141,174.389635042,-44.6227026036,52.8722848141,72.5945256105,72.5945256105,83.7582848364
500,0,60,positive,0.174758520673,-0.0439837739495,0.053995043662,174.758520673,-43.9837739495,53.995043662,73.3322968713,73.3322968713,84.8810436843
500,1,60,positive,0.174610066762,-0.044240903665,0.0534757068674,174.610066762,-44.240903665,53.4757068674,73.0353890504,73.0353890504,84.3617068897
501,0,60,positive,0.168304744787,-0.0551620416852,0.0195156034187,168.304744787,-55.1620416852,19.5156034187,60.4247450989,60.4247450989,50.401603441
501,1,60,positive,0.168323459131,-0.0551296274907,0.0199179412049,168.323459131,-55.1296274907,19.9179412049,60.4621737867,60.4621737867,50.8039412272
502,0,60,positive,0.168383492523,-0.0550256466042,0.0207960785892,168.383492523,-55.0256466042,20.7960785892,60.5822405723,60.5822405723,51.6820786115
502,1,60,positive,0.168323459131,-0.0551296274907,0.0199179412049,168.323459131,-55.1296274907,19.9179412049,60.4621737867,60.4621737867,50.8039412272
503,0,60,positive,0.168383492523,-0.0550256466042,0.0207960785892,168.383492523,-55.0256466042,20.7960785892,60.5822405723,60.5822405723,51.6820786115
503,1,60,positive,0.168432432844,-0.0549408794825,0.0210335296655,168.432432844,-54.9408794825,21.0335296655,60.6801212133,60.6801212133,51.9195296878
504,0,60,positive,0.168473377577,-0.0548699611243,0.021438469792,168.473377577,-54.8699611243,21.438469792,60.7620106797,60.7620106797,52.3244698143
504,1,60,positive,0.168498910712,-0.0548257364369,0.0217511070575,168.498910712,-54.8257364369,21.7511070575,60.81307695,60.81307695,52.6371070798
505,0,60,positive,0.168473377577,-0.0548699611243,0.021438469792,168.473377577,-54.8699611243,21.438469792,60.7620106797,60.7620106797,52.3244698143
505,1,60,positive,0.168432432844,-0.0549408794825,0.0210335296655,168.432432844,-54.9408794825,21.0335296655,60.6801212133,60.6801212133,51.9195296878
506,0,60,positive,0.168582512419,-0.0546809340333,0.0222748886203,168.582512419,-54.6809340333,22.2748886203,60.9802803635,60.9802803635,53.1608886426
506,1,60,positive,0.168498910712,-0.0548257364369,0.0217511070575,168.498910712,-54.8257364369,21.7511070575,60.81307695,60.81307695,52.6371070798
507,0,60,positive,0.168667010163,-0.054534579647,0.0227086125934,168.667010163,-54.534579647,22.7086125934,61.1492758522,61.1492758522,53.5946126157
507,1,60,positive,0.168647116406,-0.0545690366461,0.0226049601061,168.647116406,-54.5690366461,22.6049601061,61.1094883368,61.1094883368,53.4909601284
508,0,60,positive,0.168770108072,-0.0543560088314,0.0233637244814,168.770108072,-54.3560088314,23.3637244814,61.3554716691,61.3554716691,54.2497245037
508,1,60,positive,0.168667010163,-0.054534579647,0.0227086125934,168.667010163,-54.534579647,22.7086125934,61.1492758522,61.1492758522,53.5946126157
509,0,60,positive,0.178010520846,-0.0383511444239,0.0582825236276,178.010520846,-38.3511444239,58.2825236276,79.8362972171,79.8362972171,89.1685236499
509,1,60,positive,0.177994581187,-0.0383787527233,0.0581401680274,177.994581187,-38.3787527233,58.1401680274,79.8044178989,79.8044178989,89.0261680497
510,0,60,positive,0.17812977106,-0.0381445969947,0.0587978150206,178.12977106,-38.1445969947,58.7978150206,80.0747976448,80.0747976448,89.6838150429
510,1,60,positive,0.178010520846,-0.0383511444239,0.0582825236276,178.010520846,-38.3511444239,58.2825236276,79.8362972171,79.8362972171,89.1685236499
511,0,60,positive,0.178242788749,-0.0379488446146,0.0593852893225,178.242788749,-37.9488446146,59.3852893225,80.3008330234,80.3008330234,90.2712893447
511,1,60,positive,0.17812977106,-0.0381445969947,0.0587978150206,178.12977106,-38.1445969947,58.7978150206,80.0747976448,80.0747976448,89.6838150429
512,0,60,positive,0.177600209328,-0.0390618248203,0.0564133891467,177.600209328,-39.0618248203,56.4133891467,79.0156741807,79.0156741807,87.299389169
512,1,60,positive,0.17784516792,-0.0386375440921,0.0574778545379,177.84516792,-38.6375440921,57.4778545379,79.505591366,79.505591366,88.3638545602
513,0,60,positive,0.17784516792,-0.0386375440921,0.0574778545379,177.84516792,-38.6375440921,57.4778545379,79.505591366,79.505591366,88.3638545602
513,1,60,positive,0.177994581187,-0.0383787527233,0.0581401680274,177.994581187,-38.3787527233,58.1401680274,79.8044178989,79.8044178989,89.0261680497
514,0,60,positive,0.178586574123,-0.0373533908792,0.0610848140522,178.586574123,-37.3533908792,61.0848140522,80.9884037723,80.9884037723,91.9708140745
514,1,60,positive,0.178466551167,-0.0375612767383,0.0605097658582,178.466551167,-37.5612767383,60.5097658582,80.7483578589,80.7483578589,91.3957658805
515,0,60,positive,0.178242788749,-0.0379488446146,0.0593852893225,178.242788749,-37.9488446146,59.3852893225,80.3008330234,80.3008330234,90.2712893447
515,1,60,positive,0.178466551167,-0.0375612767383,0.0605097658582,178.466551167,-37.5612767383,60.5097658582,80.7483578589,80.7483578589,91.3957658805
516,0,60,positive,0.178809523116,-0.0369672318971,0.0625387732781,178.809523116,-36.9672318971,62.5387732781,81.4343017568,81.4343017568,93.4247733004
516,1,60,positive,0.178806995089,-0.036971610567,0.0624917569452,178.806995089,-36.971610567,62.4917569452,81.4292457044,81.4292457044,93.3777569675
517,0,60,positive,0.178863340717,-0.0368740170767,0.0629140949111,178.863340717,-36.8740170767,62.9140949111,81.5419369602,81.5419369602,93.8000949334
517,1,60,positive,0.178809523116,-0.0369672318971,0.0625387732781,178.809523116,-36.9672318971,62.5387732781,81.4343017568,81.4343017568,93.4247733004
518,0,60,positive,0.178917375824,-0.0367804255269,0.0632559168856,178.917375824,-36.7804255269,63.2559168856,81.6500071731,81.6500071731,94.1419169079
518,1,60,positive,0.178863340717,-0.0368740170767,0.0629140949111,178.863340717,-36.8740170767,62.9140949111,81.5419369602,81.5419369602,93.8000949334
519,0,60,positive,0.178665698707,-0.0372163430797,0.0615397976175,178.665698707,-37.2163430797,61.5397976175,81.1466529402,81.1466529402,92.4257976398
519,1,60,positive,0.178586574123,-0.0373533908792,0.0610848140522,178.586574123,-37.3533908792,61.0848140522,80.9884037723,80.9884037723,91.9708140745
520,0,60,positive,0.178665698707,-0.0372163430797,0.0615397976175,178.665698707,-37.2163430797,61.5397976175,81.1466529402,81.1466529402,92.4257976398
520,1,60,positive,0.178806995089,-0.036971610567,0.0624917569452,178.806995089,-36.971610567,62.4917569452,81.4292457044,81.4292457044,93.3777569675
521,0,60,positive,0.176448695163,-0.041056305859,0.0614801623159,176.448695163,-41.056305859,61.4801623159,76.7126458516,76.7126458516,92.3661623382
521,1,60,positive,0.17646020826,-0.0410363645901,0.0615817441813,176.46020826,-41.0363645901,61.5817441813,76.7356720455,76.7356720455,92.4677442036
522,0,60,positive,0.176316870276,-0.0412846332609,0.0601103994788,176.316870276,-41.2846332609,60.1103994788,76.4489960777,76.4489960777,90.9963995011
522,1,60,positive,0.176345320154,-0.0412353566269,0.0605166254425,176.345320154,-41.2353566269,60.5166254425,76.5058958335,76.5058958335,91.4026254648
523,0,60,positive,0.176448695163,-0.041056305859,0.0614801623159,176.448695163,-41.056305859,61.4801623159,76.7126458516,76.7126458516,92.3661623382
523,1,60,positive,0.176345320154,-0.0412353566269,0.0605166254425,176.345320154,-41.2353566269,60.5166254425,76.5058958335,76.5058958335,91.4026254648
524,0,60,positive,0.175963510282,-0.041896670724,0.0584548554789,175.963510282,-41.896670724,58.4548554789,75.7422760895,75.7422760895,89.3408555012
524,1,60,positive,0.175963992417,-0.0418958356425,0.0584566397102,175.963992417,-41.8958356425,58.4566397102,75.7432403586,75.7432403586,89.3426397325
525,0,60,positive,0.175963992417,-0.0418958356425,0.0584566397102,175.963992417,-41.8958356425,58.4566397102,75.7432403586,75.7432403586,89.3426397325
525,1,60,positive,0.175969048174,-0.0418870788131,0.0584813545761,175.969048174,-41.8870788131,58.4813545761,75.7533518742,75.7533518742,89.3673545984
526,0,60,positive,0.175611706928,-0.0425060120078,0.0568569003005,175.611706928,-42.5060120078,56.8569003005,75.038669381,75.038669381,87.7429003228
526,1,60,positive,0.175719830391,-0.0423187366751,0.0573087631823,175.719830391,-42.3187366751,57.3087631823,75.2549163085,75.2549163085,88.1947632046
527,0,60,positive,0.175928289126,-0.0419576755556,0.058290655859,175.928289126,-41.9576755556,58.290655859,75.6718337776,75.6718337776,89.1766558813
527,1,60,positive,0.175719830391,-0.0423187366751,0.0573087631823,175.719830391,-42.3187366751,57.3087631823,75.2549163085,75.2549163085,88.1947632046
528,0,60,positive,0.175928289126,-0.0419576755556,0.058290655859,175.928289126,-41.9576755556,58.290655859,75.6718337776,75.6718337776,89.1766558813
528,1,60,positive,0.175963510282,-0.041896670724,0.0584548554789,175.963510282,-41.896670724,58.4548554789,75.7422760895,75.7422760895,89.3408555012
529,0,60,positive,0.176174034713,-0.041532031713,0.0593214703617,176.174034713,-41.532031713,59.3214703617,76.1633249519,76.1633249519,90.207470384
529,1,60,positive,0.175969048174,-0.0418870788131,0.0584813545761,175.969048174,-41.8870788131,58.4813545761,75.7533518742,75.7533518742,89.3673545984
530,0,60,positive,0.176174034713,-0.041532031713,0.0593214703617,176.174034713,-41.532031713,59.3214703617,76.1633249519,76.1633249519,90.207470384
530,1,60,positive,0.176226126884,-0.0414418054261,0.0595390402897,176.226126884,-41.4418054261,59.5390402897,76.2675092939,76.2675092939,90.425040312
531,0,60,positive,0.176226126884,-0.0414418054261,0.0595390402897,176.226126884,-41.4418054261,59.5390402897,76.2675092939,76.2675092939,90.425040312
531,1,60,positive,0.176282365244,-0.0413443977295,0.0599124900284,176.282365244,-41.3443977295,59.9124900284,76.3799860136,76.3799860136,90.7984900507
532,0,60,positive,0.176316870276,-0.0412846332609,0.0601103994788,176.316870276,-41.2846332609,60.1103994788,76.4489960777,76.4489960777,90.9963995011
532,1,60,positive,0.176282365244,-0.0413443977295,0.0599124900284,176.282365244,-41.3443977295,59.9124900284,76.3799860136,76.3799860136,90.7984900507
533,0,60,positive,0.17646020826,-0.0410363645901,0.0615817441813,176.46020826,-41.0363645901,61.5817441813,76.7356720455,76.7356720455,92.4677442036
533,1,60,positive,0.176461659228,-0.041033851439,0.0616041369964,176.461659228,-41.033851439,61.6041369964,76.7385739824,76.7385739824,92.4901370187
534,0,60,positive,0.176461659228,-0.041033851439,0.0616041369964,176.461659228,-41.033851439,61.6041369964,76.7385739824,76.7385739824,92.4901370187
534,1,60,positive,0.176462284892,-0.0410327677576,0.0616659628559,176.462284892,-41.0327677576,61.6659628559,76.7398253099,76.7398253099,92.5519628782
535,0,60,positive,0.176494331776,-0.0409772609263,0.0626814727314,176.494331776,-40.9772609263,62.6814727314,76.8039190779,76.8039190779,93.5674727537
535,1,60,positive,0.176462284892,-0.0410327677576,0.0616659628559,176.462284892,-41.0327677576,61.6659628559,76.7398253099,76.7398253099,92.5519628782
536,0,60,positive,0.176494331776,-0.0409772609263,0.0626814727314,176.494331776,-40.9772609263,62.6814727314,76.8039190779,76.8039190779,93.5674727537
536,1,60,positive,0.176500911819,-0.0409658639578,0.0635389157896,176.500911819,-40.9658639578,63.5389157896,76.8170791636,76.8170791636,94.4249158119
537,0,60,positive,0.176501120597,-0.0409655023441,0.0637725026817,176.501120597,-40.9655023441,63.7725026817,76.8174967191,76.8174967191,94.658502704
537,1,60,positive,0.176500911819,-0.0409658639578,0.0635389157896,176.500911819,-40.9658639578,63.5389157896,76.8170791636,76.8170791636,94.4249158119
538,0,60,positive,0.17652162386,-0.0409299896502,0.0640056469301,176.52162386,-40.9299896502,64.0056469301,76.8585032459,76.8585032459,94.8916469524
538,1,60,positive,0.176563374136,-0.0408576760519,0.0646203119815,176.563374136,-40.8576760519,64.6203119815,76.9420037968,76.9420037968,95.5063120038
539,0,60,positive,0.17657844131,-0.0408315789405,0.0652421273125,176.57844131,-40.8315789405,65.2421273125,76.9721381454,76.9721381454,96.1281273348
539,1,60,positive,0.176563374136,-0.0408576760519,0.0646203119815,176.563374136,-40.8576760519,64.6203119815,76.9420037968,76.9420037968,95.5063120038
540,0,60,positive,0.17657844131,-0.0408315789405,0.0652421273125,176.57844131,-40.8315789405,65.2421273125,76.9721381454,76.9721381454,96.1281273348
540,1,60,positive,0.176607919035,-0.0407805220228,0.0658492981581,176.607919035,-40.7805220228,65.8492981581,77.0310935957,77.0310935957,96.7352981803
541,0,60,positive,0.17650417231,-0.0409602166222,0.0638109858952,176.50417231,-40.9602166222,63.8109858952,76.823600145,76.823600145,94.6969859175
541,1,60,positive,0.176501120597,-0.0409655023441,0.0637725026817,176.501120597,-40.9655023441,63.7725026817,76.8174967191,76.8174967191,94.658502704
542,0,60,positive,0.17652162386,-0.0409299896502,0.0640056469301,176.52162386,-40.9299896502,64.0056469301,76.8585032459,76.8585032459,94.8916469524
542,1,60,positive,0.17650417231,-0.0409602166222,0.0638109858952,176.50417231,-40.9602166222,63.8109858952,76.823600145,76.823600145,94.6969859175
543,0,60,positive,0.180693839083,-0.0337035009035,0.0963512060518,180.693839083,-33.7035009035,96.3512060518,85.2029336923,85.2029336923,127.237206074
543,1,60,positive,0.180645331388,-0.0337875186973,0.0961793875708,180.645331388,-33.7875186973,96.1793875708,85.1059183006,85.1059183006,127.065387593
544,0,60,positive,0.18036490295,-0.0342732349995,0.0946366729384,180.36490295,-34.2732349995,94.6366729384,84.5450614249,84.5450614249,125.522672961
544,1,60,positive,0.180483716015,-0.0340674447341,0.0953679413231,180.483716015,-34.0674447341,95.3679413231,84.7826875552,84.7826875552,126.253941345
545,0,60,positive,0.18036490295,-0.0342732349995,0.0946366729384,180.36490295,-34.2732349995,94.6366729384,84.5450614249,84.5450614249,125.522672961
545,1,60,positive,0.180359916819,-0.0342818712305,0.0946053155774,180.359916819,-34.2818712305,94.6053155774,84.5350891643,84.5350891643,125.4913156
546,0,60,positive,0.180483716015,-0.0340674447341,0.0953679413231,180.483716015,-34.0674447341,95.3679413231,84.7826875552,84.7826875552,126.253941345
546,1,60,positive,0.180611851578,-0.0338455074285,0.0959938614869,180.611851578,-33.8455074285,95.9938614869,85.0389586814,85.0389586814,126.879861509
547,0,60,positive,0.180645331388,-0.0337875186973,0.0961793875708,180.645331388,-33.7875186973,96.1793875708,85.1059183006,85.1059183006,127.065387593
547,1,60,positive,0.180611851578,-0.0338455074285,0.0959938614869,180.611851578,-33.8455074285,95.9938614869,85.0389586814,85.0389586814,126.879861509
548,0,60,positive,0.181012987099,-0.0331507203259,0.0976987458055,181.012987099,-33.1507203259,97.6987458055,85.8412297228,85.8412297228,128.584745828
548,1,60,positive,0.181142251001,-0.03292682868,0.0985270774227,181.142251001,-32.92682868,98.5270774227,86.0997575269,86.0997575269,129.413077445
549,0,60,positive,0.180743172383,-0.033618053122,0.0965850049071,180.743172383,-33.618053122,96.5850049071,85.3016002916,85.3016002916,127.471004929
549,1,60,positive,0.181012987099,-0.0331507203259,0.0976987458055,181.012987099,-33.1507203259,97.6987458055,85.8412297228,85.8412297228,128.584745828
550,0,60,positive,0.180743172383,-0.033618053122,0.0965850049071,180.743172383,-33.618053122,96.5850049071,85.3016002916,85.3016002916,127.471004929
550,1,60,positive,0.180693839083,-0.0337035009035,0.0963512060518,180.693839083,-33.7035009035,96.3512060518,85.2029336923,85.2029336923,127.237206074
551,0,60,positive,0.181148734509,-0.0329155989141,0.0985615568998,181.148734509,-32.9155989141,98.5615568998,86.1127245437,86.1127245437,129.447556922
551,1,60,positive,0.181142251001,-0.03292682868,0.0985270774227,181.142251001,-32.92682868,98.5270774227,86.0997575269,86.0997575269,129.413077445
552,0,60,positive,0.18115404195,-0.0329064061566,0.0986152368192,181.15404195,-32.9064061566,98.6152368192,86.1233394256,86.1233394256,129.501236841
552,1,60,positive,0.181148734509,-0.0329155989141,0.0985615568998,181.148734509,-32.9155989141,98.5615568998,86.1127245437,86.1127245437,129.447556922
553,0,60,positive,0.18115404195,-0.0329064061566,0.0986152368192,181.15404195,-32.9064061566,98.6152368192,86.1233394256,86.1233394256,129.501236841
553,1,60,positive,0.181246180267,-0.0327468179104,0.0993402671797,181.246180267,-32.7468179104,99.3402671797,86.3076160595,86.3076160595,130.226267202
554,0,60,positive,0.181265741273,-0.0327129372548,0.0994714801735,181.265741273,-32.7129372548,99.4714801735,86.3467380708,86.3467380708,130.357480196
554,1,60,positive,0.181246180267,-0.0327468179104,0.0993402671797,181.246180267,-32.7468179104,99.3402671797,86.3076160595,86.3076160595,130.226267202
555,0,60,positive,0.181265741273,-0.0327129372548,0.0994714801735,181.265741273,-32.7129372548,99.4714801735,86.3467380708,86.3467380708,130.357480196
555,1,60,positive,0.181340205104,-0.0325839621163,0.0997754389171,181.340205104,-32.5839621163,99.7754389171,86.4956657326,86.4956657326,130.661438939
556,0,60,positive,0.181425879864,-0.0324355690775,0.10024507611,181.425879864,-32.4355690775,100.24507611,86.6670152544,86.6670152544,131.131076132
556,1,60,positive,0.181340205104,-0.0325839621163,0.0997754389171,181.340205104,-32.5839621163,99.7754389171,86.4956657326,86.4956657326,130.661438939
557,0,60,positive,0.18087645716,-0.0333871971169,0.0821047683583,180.87645716,-33.3871971169,82.1047683583,85.568169845,85.568169845,112.990768381
557,1,60,positive,0.180724435562,-0.0336505062488,0.0809999619477,180.724435562,-33.6505062488,80.9999619477,85.2641266486,85.2641266486,111.88596197
558,0,60,positive,0.18088417897,-0.033373822549,0.0821645190699,180.88417897,-33.373822549,82.1645190699,85.5836134657,85.5836134657,113.050519092
558,1,60,positive,0.18087645716,-0.0333871971169,0.0821047683583,180.87645716,-33.3871971169,82.1047683583,85.568169845,85.568169845,112.990768381
559,0,60,positive,0.18088417897,-0.033373822549,0.0821645190699,180.88417897,-33.373822549,82.1645190699,85.5836134657,85.5836134657,113.050519092
559,1,60,positive,0.181090985291,-0.0330156234943,0.0835171500901,181.090985291,-33.0156234943,83.5171500901,85.997226107,85.997226107,114.403150112
560,0,60,positive,0.181152175677,-0.0329096386366,0.0839044561959,181.152175677,-32.9096386366,83.9044561959,86.1196068793,86.1196068793,114.790456218
560,1,60,positive,0.181090985291,-0.0330156234943,0.0835171500901,181.090985291,-33.0156234943,83.5171500901,85.997226107,85.997226107,114.403150112
561,0,60,positive,0.181295860151,-0.0326607698264,0.0847273535653,181.295860151,-32.6607698264,84.7273535653,86.4069758284,86.4069758284,115.613353588
561,1,60,positive,0.181152175677,-0.0329096386366,0.0839044561959,181.152175677,-32.9096386366,83.9044561959,86.1196068793,86.1196068793,114.790456218
562,0,60,positive,0.181295860151,-0.0326607698264,0.0847273535653,181.295860151,-32.6607698264,84.7273535653,86.4069758284,86.4069758284,115.613353588
562,1,60,positive,0.181296674446,-0.0326593594267,0.0847327755017,181.296674446,-32.6593594267,84.7327755017,86.4086044177,86.4086044177,115.618775524
563,0,60,positive,0.181296674446,-0.0326593594267,0.0847327755017,181.296674446,-32.6593594267,84.7327755017,86.4086044177,86.4086044177,115.618775524
563,1,60,positive,0.181296724714,-0.0326592723594,0.0847336123679,181.296724714,-32.6592723594,84.7336123679,86.4087049543,86.4087049543,115.61961239
564,0,60,positive,0.181331981211,-0.0325982063156,0.0856661924147,181.331981211,-32.5982063156,85.6661924147,86.479217948,86.479217948,116.552192437
564,1,60,positive,0.181296949947,-0.0326588822442,0.0847375272292,181.296949947,-32.6588822442,84.7375272292,86.4091554206,86.4091554206,115.623527251
565,0,60,positive,0.181331981211,-0.0325982063156,0.0856661924147,181.331981211,-32.5982063156,85.6661924147,86.479217948,86.479217948,116.552192437
565,1,60,positive,0.181551068527,-0.0322187359539,0.0869902192492,181.551068527,-32.2187359539,86.9902192492,86.917392579,86.917392579,117.876219272
566,0,60,positive,0.181700798182,-0.0319593965829,0.0877793345567,181.700798182,-31.9593965829,87.7793345567,87.2168518902,87.2168518902,118.665334579
566,1,60,positive,0.181551068527,-0.0322187359539,0.0869902192492,181.551068527,-32.2187359539,86.9902192492,86.917392579,86.917392579,117.876219272
567,0,60,positive,0.181296724714,-0.0326592723594,0.0847336123679,181.296724714,-32.6592723594,84.7336123679,86.4087049543,86.4087049543,115.61961239
567,1,60,positive,0.181296949947,-0.0326588822442,0.0847375272292,181.296949947,-32.6588822442,84.7375272292,86.4091554206,86.4091554206,115.623527251
568,0,60,positive,0.18189664494,-0.0316201800474,0.0888011959237,181.89664494,-31.6201800474,88.8011959237,87.6085454064,87.6085454064,119.687195946
568,1,60,positive,0.181700798182,-0.0319593965829,0.0877793345567,181.700798182,-31.9593965829,87.7793345567,87.2168518902,87.2168518902,118.665334579
569,0,60,positive,0.18189664494,-0.0316201800474,0.0888011959237,181.89664494,-31.6201800474,88.8011959237,87.6085454064,87.6085454064,119.687195946
569,1,60,positive,0.182063372857,-0.0313313988248,0.0895036998403,182.063372857,-31.3313988248,89.5036998403,87.9420012397,87.9420012397,120.389699863
570,0,60,positive,0.182740043524,-0.0301593708503,0.0932842180023,182.740043524,-30.1593708503,93.2842180023,89.2953425727,89.2953425727,124.170218025
570,1,60,positive,0.182712977087,-0.030206251293,0.0931474326498,182.712977087,-30.206251293,93.1474326498,89.2412097003,89.2412097003,124.033432672
571,0,60,positive,0.182476640928,-0.030615597529,0.0917289189079,182.476640928,-30.615597529,91.7289189079,88.7685373813,88.7685373813,122.61491893
571,1,60,positive,0.182712977087,-0.030206251293,0.0931474326498,182.712977087,-30.206251293,93.1474326498,89.2412097003,89.2412097003,124.033432672
572,0,60,positive,0.182740043524,-0.0301593708503,0.0932842180023,182.740043524,-30.1593708503,93.2842180023,89.2953425727,89.2953425727,124.170218025
572,1,60,positive,0.183012148244,-0.0296880716498,0.0945491237002,183.012148244,-29.6880716498,94.5491237002,89.8395520133,89.8395520133,125.435123723
573,0,60,positive,0.182156743103,-0.0311696768153,0.0900851935092,182.156743103,-31.1696768153,90.0851935092,88.1287417311,88.1287417311,120.971193532
573,1,60,positive,0.182063372857,-0.0313313988248,0.0895036998403,182.063372857,-31.3313988248,89.5036998403,87.9420012397,87.9420012397,120.389699863
574,0,60,positive,0.182300553411,-0.0309205900552,0.0908083333805,182.300553411,-30.9205900552,90.8083333805,88.4163623471,88.4163623471,121.694333403
574,1,60,positive,0.182156743103,-0.0311696768153,0.0900851935092,182.156743103,-31.1696768153,90.0851935092,88.1287417311,88.1287417311,120.971193532
575,0,60,positive,0.182300553411,-0.0309205900552,0.0908083333805,182.300553411,-30.9205900552,90.8083333805,88.4163623471,88.4163623471,121.694333403
575,1,60,positive,0.182476640928,-0.030615597529,0.0917289189079,182.476640928,-30.615597529,91.7289189079,88.7685373813,88.7685373813,122.61491893
576,0,60,positive,0.184480507562,-0.0271447987079,0.104076320747,184.480507562,-27.1447987079,104.076320747,92.7762706486,92.7762706486,134.962320769
576,1,60,positive,0.18428823036,-0.02747783259,0.102528653218,184.28823036,-27.47783259,102.528653218,92.3917162457,92.3917162457,133.41465324
577,0,60,positive,0.184090869158,-0.0278196722188,0.100962672745,184.090869158,-27.8196722188,100.962672745,91.9969938422,91.9969938422,131.848672767
577,1,60,positive,0.18428823036,-0.02747783259,0.102528653218,184.28823036,-27.47783259,102.528653218,92.3917162457,92.3917162457,133.41465324
578,0,60,positive,0.183037318883,-0.0296444748234,0.0947057037276,183.037318883,-29.6444748234,94.7057037276,89.8898932923,89.8898932923,125.59170375
578,1,60,positive,0.183012148244,-0.0296880716498,0.0945491237002,183.012148244,-29.6880716498,94.5491237002,89.8395520133,89.8395520133,125.435123723
579,0,60,positive,0.183085766699,-0.0295605607451,0.0949733612305,183.085766699,-29.5605607451,94.9733612305,89.9867889237,89.9867889237,125.859361253
579,1,60,positive,0.183037318883,-0.0296444748234,0.0947057037276,183.037318883,-29.6444748234,94.7057037276,89.8898932923,89.8898932923,125.59170375
580,0,60,positive,0.183686387399,-0.0285202551772,0.0984844864279,183.686387399,-28.5202551772,98.4844864279,91.188030323,91.188030323,129.37048645
580,1,60,positive,0.183630289696,-0.0286174192484,0.0980685623594,183.630289696,-28.6174192484,98.0685623594,91.0758349177,91.0758349177,128.954562382
581,0,60,positive,0.183085766699,-0.0295605607451,0.0949733612305,183.085766699,-29.5605607451,94.9733612305,89.9867889237,89.9867889237,125.859361253
581,1,60,positive,0.183260723602,-0.0292575264996,0.0960142768313,183.260723602,-29.2575264996,96.0142768313,90.3367027301,90.3367027301,126.900276854
582,0,60,positive,0.183454367636,-0.0289221251951,0.0970584190115,183.454367636,-28.9221251951,97.0584190115,90.723990797,90.723990797,127.944419034
582,1,60,positive,0.183260723602,-0.0292575264996,0.0960142768313,183.260723602,-29.2575264996,96.0142768313,90.3367027301,90.3367027301,126.900276854
583,0,60,positive,0.183454367636,-0.0289221251951,0.0970584190115,183.454367636,-28.9221251951,97.0584190115,90.723990797,90.723990797,127.944419034
583,1,60,positive,0.183630289696,-0.0286174192484,0.0980685623594,183.630289696,-28.6174192484,98.0685623594,91.0758349177,91.0758349177,128.954562382
584,0,60,positive,0.183732502733,-0.0284403810746,0.0987477504984,183.732502733,-28.4403810746,98.7477504984,91.2802609923,91.2802609923,129.633750521
584,1,60,positive,0.183686387399,-0.0285202551772,0.0984844864279,183.686387399,-28.5202551772,98.4844864279,91.188030323,91.188030323,129.37048645
585,0,60,positive,0.183959600388,-0.0280470363979,0.100098185378,183.959600388,-28.0470363979,100.098185378,91.7344563022,91.7344563022,130.9841854
585,1,60,positive,0.183732502733,-0.0284403810746,0.0987477504984,183.732502733,-28.4403810746,98.7477504984,91.2802609923,91.2802609923,129.633750521
586,0,60,positive,0.183959600388,-0.0280470363979,0.100098185378,183.959600388,-28.0470363979,100.098185378,91.7344563022,91.7344563022,130.9841854
586,1,60,positive,0.18402775395,-0.0279289909662,0.100523426872,184.02775395,-27.9289909662,100.523426872,91.8707634258,91.8707634258,131.409426894
587,0,60,positive,0.18402775395,-0.0279289909662,0.100523426872,184.02775395,-27.9289909662,100.523426872,91.8707634258,91.8707634258,131.409426894
587,1,60,positive,0.184090869158,-0.0278196722188,0.100962672745,184.090869158,-27.8196722188,100.962672745,91.9969938422,91.9969938422,131.848672767
588,0,60,positive,0.181425879864,-0.0324355690775,0.10024507611,181.425879864,-32.4355690775,100.24507611,86.6670152544,86.6670152544,131.131076132
588,1,60,positive,0.181433851767,-0.0324217613367,0.100392902043,181.433851767,-32.4217613367,100.392902043,86.6829590602,86.6829590602,131.278902065
589,0,60,positive,0.1816161127,-0.0321060761401,0.101700119005,181.6161127,-32.1060761401,101.700119005,87.0474809266,87.0474809266,132.586119027
589,1,60,positive,0.181667675799,-0.0320167662337,0.102019418763,181.667675799,-32.0167662337,102.019418763,87.1506071237,87.1506071237,132.905418785
590,0,60,positive,0.181456725189,-0.0323821434088,0.100872225254,181.456725189,-32.3821434088,100.872225254,86.7287059028,86.7287059028,131.758225276
590,1,60,positive,0.181482181684,-0.0323380514651,0.100946865403,181.482181684,-32.3380514651,100.946865403,86.779618894,86.779618894,131.832865425
591,0,60,positive,0.181456725189,-0.0323821434088,0.100872225254,181.456725189,-32.3821434088,100.872225254,86.7287059028,86.7287059028,131.758225276
591,1,60,positive,0.181433851767,-0.0324217613367,0.100392902043,181.433851767,-32.4217613367,100.392902043,86.6829590602,86.6829590602,131.278902065
592,0,60,positive,0.1816161127,-0.0321060761401,0.101700119005,181.6161127,-32.1060761401,101.700119005,87.0474809266,87.0474809266,132.586119027
592,1,60,positive,0.181482181684,-0.0323380514651,0.100946865403,181.482181684,-32.3380514651,100.946865403,86.779618894,86.779618894,131.832865425
593,0,60,positive,0.181667675799,-0.0320167662337,0.102019418763,181.667675799,-32.0167662337,102.019418763,87.1506071237,87.1506071237,132.905418785
593,1,60,positive,0.181676112924,-0.0320021527047,0.10223059534,181.676112924,-32.0021527047,102.23059534,87.1674813734,87.1674813734,133.116595362
594,0,60,positive,0.181676112924,-0.0320021527047,0.10223059534,181.676112924,-32.0021527047,102.23059534,87.1674813734,87.1674813734,133.116595362
594,1,60,positive,0.181698318225,-0.0319636919946,0.102333342004,181.698318225,-31.9636919946,102.333342004,87.2118919761,87.2118919761,133.219342026
595,0,60,positive,0.181698318225,-0.0319636919946,0.102333342004,181.698318225,-31.9636919946,102.333342004,87.2118919761,87.2118919761,133.219342026
595,1,60,positive,0.181786710535,-0.0318105920227,0.103171484768,181.786710535,-31.8105920227,103.171484768,87.388676596,87.388676596,134.05748479
596,0,60,positive,0.181801309818,-0.0317853053236,0.103291661527,181.801309818,-31.7853053236,103.291661527,87.4178751611,87.4178751611,134.177661549
596,1,60,positive,0.181786710535,-0.0318105920227,0.103171484768,181.786710535,-31.8105920227,103.171484768,87.388676596,87.388676596,134.05748479
597,0,60,positive,0.181810674712,-0.0317690848518,0.103343599122,181.810674712,-31.7690848518,103.343599122,87.4366049486,87.4366049486,134.229599144
597,1,60,positive,0.181888260858,-0.031634701704,0.103737692367,181.888260858,-31.634701704,103.737692367,87.5917772418,87.5917772418,134.623692389
598,0,60,positive,0.181810674712,-0.0317690848518,0.103343599122,181.810674712,-31.7690848518,103.343599122,87.4366049486,87.4366049486,134.229599144
598,1,60,positive,0.181801309818,-0.0317853053236,0.103291661527,181.801309818,-31.7853053236,103.291661527,87.4178751611,87.4178751611,134.177661549
599,0,60,positive,0.184516960079,-0.027081661095,0.104345399635,184.516960079,-27.081661095,104.345399635,92.8491756843,92.8491756843,135.231399657
599,1,60,positive,0.184480507562,-0.0271447987079,0.104076320747,184.480507562,-27.1447987079,104.076320747,92.7762706486,92.7762706486,134.962320769
600,0,60,positive,0.184516960079,-0.027081661095,0.104345399635,184.516960079,-27.081661095,104.345399635,92.8491756843,92.8491756843,135.231399657
600,1,60,positive,0.184689206208,-0.026783322048,0.105738745219,184.689206208,-26.783322048,105.738745219,93.1936679424,93.1936679424,136.624745241
601,0,60,positive,0.184689206208,-0.026783322048,0.105738745219,184.689206208,-26.783322048,105.738745219,93.1936679424,93.1936679424,136.624745241
601,1,60,positive,0.184788133055,-0.0266119757228,0.106346854111,184.788133055,-26.6119757228,106.346854111,93.3915216364,93.3915216364,137.232854133
602,0,60,positive,0.184969301073,-0.0262981835115,0.107520311646,184.969301073,-26.2981835115,107.520311646,93.7538576717,93.7538576717,138.406311668
602,1,60,positive,0.184788133055,-0.0266119757228,0.106346854111,184.788133055,-26.6119757228,106.346854111,93.3915216364,93.3915216364,137.232854133
603,0,60,positive,0.184969301073,-0.0262981835115,0.107520311646,184.969301073,-26.2981835115,107.520311646,93.7538576717,93.7538576717,138.406311668
603,1,60,positive,0.185061047699,-0.0261392736941,0.108176071214,185.061047699,-26.1392736941,108.176071214,93.9373509234,93.9373509234,139.062071236
604,0,60,positive,0.185685613173,-0.0250574945597,0.112242367048,185.685613173,-25.0574945597,112.242367048,95.1864818723,95.1864818723,143.12836707
604,1,60,positive,0.18586015934,-0.0247551717308,0.113449670537,185.86015934,-24.7551717308,113.449670537,95.5355742056,95.5355742056,144.33567056
605,0,60,positive,0.185316905843,-0.0256961143889,0.109837232051,185.316905843,-25.6961143889,109.837232051,94.4490672117,94.4490672117,140.723232074
605,1,60,positive,0.185213793603,-0.0258747100284,0.109157840411,185.213793603,-25.8747100284,109.157840411,94.2428427306,94.2428427306,140.043840433
606,0,60,positive,0.185061047699,-0.0261392736941,0.108176071214,185.061047699,-26.1392736941,108.176071214,93.9373509234,93.9373509234,139.062071236
606,1,60,positive,0.185213793603,-0.0258747100284,0.109157840411,185.213793603,-25.8747100284,109.157840411,94.2428427306,94.2428427306,140.043840433
607,0,60,positive,0.185316905843,-0.0256961143889,0.109837232051,185.316905843,-25.6961143889,109.837232051,94.4490672117,94.4490672117,140.723232074
607,1,60,positive,0.185386915153,-0.0255748547075,0.110399063987,185.386915153,-25.5748547075,110.399063987,94.5890858311,94.5890858311,141.285064009
608,0,60,positive,0.185585760156,-0.0252304450583,0.111675006905,185.585760156,-25.2304450583,111.675006905,94.9867758385,94.9867758385,142.561006927
608,1,60,positive,0.185685613173,-0.0250574945597,0.112242367048,185.685613173,-25.0574945597,112.242367048,95.1864818723,95.1864818723,143.12836707
609,0,60,positive,0.185585760156,-0.0252304450583,0.111675006905,185.585760156,-25.2304450583,111.675006905,94.9867758385,94.9867758385,142.561006927
609,1,60,positive,0.185386915153,-0.0255748547075,0.110399063987,185.386915153,-25.5748547075,110.399063987,94.5890858311,94.5890858311,141.285064009
610,0,60,positive,0.182208183533,-0.0310805793762,0.105935785113,182.208183533,-31.0805793762,105.935785113,88.231622592,88.231622592,136.821785136
610,1,60,positive,0.182277590596,-0.0309603628165,0.106331255403,182.277590596,-30.9603628165,106.331255403,88.3704367182,88.3704367182,137.217255425
611,0,60,positive,0.18199986851,-0.031441391581,0.104569637557,181.99986851,-31.441391581,104.569637557,87.8149925449,87.8149925449,135.455637579
611,1,60,positive,0.18200930144,-0.0314250532669,0.104615968045,182.00930144,-31.4250532669,104.615968045,87.8338584049,87.8338584049,135.501968067
612,0,60,positive,0.18200930144,-0.0314250532669,0.104615968045,182.00930144,-31.4250532669,104.615968045,87.8338584049,87.8338584049,135.501968067
612,1,60,positive,0.182015192596,-0.0314148494841,0.104665531176,182.015192596,-31.4148494841,104.665531176,87.8456407184,87.8456407184,135.551531198
613,0,60,positive,0.182015192596,-0.0314148494841,0.104665531176,182.015192596,-31.4148494841,104.665531176,87.8456407184,87.8456407184,135.551531198
613,1,60,positive,0.182029574121,-0.0313899399521,0.104749766017,182.029574121,-31.3899399521,104.749766017,87.8744037684,87.8744037684,135.63576604
614,0,60,positive,0.18199986851,-0.031441391581,0.104569637557,181.99986851,-31.441391581,104.569637557,87.8149925449,87.8149925449,135.455637579
614,1,60,positive,0.181888260858,-0.031634701704,0.103737692367,181.888260858,-31.634701704,103.737692367,87.5917772418,87.5917772418,134.623692389
615,0,60,positive,0.182171558753,-0.0311440153568,0.105584510361,182.171558753,-31.1440153568,105.584510361,88.158373031,88.158373031,136.470510383
615,1,60,positive,0.182029574121,-0.0313899399521,0.104749766017,182.029574121,-31.3899399521,104.749766017,87.8744037684,87.8744037684,135.63576604
616,0,60,positive,0.182208183533,-0.0310805793762,0.105935785113,182.208183533,-31.0805793762,105.935785113,88.231622592,88.231622592,136.821785136
616,1,60,positive,0.182171558753,-0.0311440153568,0.105584510361,182.171558753,-31.1440153568,105.584510361,88.158373031,88.158373031,136.470510383
617,0,60,positive,0.182410433734,-0.0307302717527,0.107099008997,182.410433734,-30.7302717527,107.099008997,88.6361229935,88.6361229935,137.985009019
617,1,60,positive,0.182277590596,-0.0309603628165,0.106331255403,182.277590596,-30.9603628165,106.331255403,88.3704367182,88.3704367182,137.217255425
618,0,60,positive,0.1824412795,-0.0306768453183,0.107279603412,182.4412795,-30.6768453183,107.279603412,88.6978145261,88.6978145261,138.165603434
618,1,60,positive,0.182410433734,-0.0307302717527,0.107099008997,182.410433734,-30.7302717527,107.099008997,88.6361229935,88.6361229935,137.985009019
619,0,60,positive,0.182646821185,-0.0303208366766,0.108698411431,182.646821185,-30.3208366766,108.698411431,89.1088978962,89.1088978962,139.584411453
619,1,60,positive,0.182670837702,-0.0302792388503,0.108808855828,182.670837702,-30.2792388503,108.808855828,89.1569309287,89.1569309287,139.69485585
620,0,60,positive,0.1824412795,-0.0306768453183,0.107279603412,182.4412795,-30.6768453183,107.279603412,88.6978145261,88.6978145261,138.165603434
620,1,60,positive,0.182561803577,-0.0304680914946,0.108130928485,182.561803577,-30.4680914946,108.130928485,88.9388626786,88.9388626786,139.016928507
621,0,60,positive,0.182646821185,-0.0303208366766,0.108698411431,182.646821185,-30.3208366766,108.698411431,89.1088978962,89.1088978962,139.584411453
621,1,60,positive,0.182561803577,-0.0304680914946,0.108130928485,182.561803577,-30.4680914946,108.130928485,88.9388626786,88.9388626786,139.016928507
622,0,60,positive,0.183084891958,-0.0295620758413,0.111107355498,183.084891958,-29.5620758413,111.107355498,89.9850394413,89.9850394413,141.993355521
622,1,60,positive,0.183056012503,-0.0296120965237,0.110897587304,183.056012503,-29.6120965237,110.897587304,89.9272805323,89.9272805323,141.783587326
623,0,60,positive,0.183084891958,-0.0295620758413,0.111107355498,183.084891958,-29.5620758413,111.107355498,89.9850394413,89.9850394413,141.993355521
623,1,60,positive,0.183153139938,-0.029443866873,0.111656016731,183.153139938,-29.443866873,111.656016731,90.1215354006,90.1215354006,142.542016753
624,0,60,positive,0.183256145126,-0.0292654566527,0.112038111156,183.256145126,-29.2654566527,112.038111156,90.3275457781,90.3275457781,142.924111179
624,1,60,positive,0.183153139938,-0.029443866873,0.111656016731,183.153139938,-29.443866873,111.656016731,90.1215354006,90.1215354006,142.542016753
625,0,60,positive,0.183379967568,-0.0290509898926,0.112961093574,183.379967568,-29.0509898926,112.961093574,90.5751906614,90.5751906614,143.847093597
625,1,60,positive,0.18342952892,-0.0289651471133,0.11330293929,183.42952892,-28.9651471133,113.30293929,90.6743133649,90.6743133649,144.188939313
626,0,60,positive,0.183256145126,-0.0292654566527,0.112038111156,183.256145126,-29.2654566527,112.038111156,90.3275457781,90.3275457781,142.924111179
626,1,60,positive,0.18331497956,-0.0291635524235,0.112455843958,183.31497956,-29.1635524235,112.455843958,90.4452146463,90.4452146463,143.34184398
627,0,60,positive,0.18334892861,-0.029104750945,0.112758589624,183.34892861,-29.104750945,112.758589624,90.5131127453,90.5131127453,143.644589646
627,1,60,positive,0.18331497956,-0.0291635524235,0.112455843958,183.31497956,-29.1635524235,112.455843958,90.4452146463,90.4452146463,143.34184398
628,0,60,positive,0.183379967568,-0.0290509898926,0.112961093574,183.379967568,-29.0509898926,112.961093574,90.5751906614,90.5751906614,143.847093597
628,1,60,positive,0.18334892861,-0.029104750945,0.112758589624,183.34892861,-29.104750945,112.758589624,90.5131127453,90.5131127453,143.644589646
629,0,60,positive,0.182670837702,-0.0302792388503,0.108808855828,182.670837702,-30.2792388503,108.808855828,89.1569309287,89.1569309287,139.69485585
629,1,60,positive,0.182675275764,-0.0302715519005,0.108872838193,182.675275764,-30.2715519005,108.872838193,89.1658070537,89.1658070537,139.758838215
630,0,60,positive,0.182675275764,-0.0302715519005,0.108872838193,182.675275764,-30.2715519005,108.872838193,89.1658070537,89.1658070537,139.758838215
630,1,60,positive,0.182727637217,-0.0301808592031,0.109145878904,182.727637217,-30.1808592031,109.145878904,89.2705299602,89.2705299602,140.031878927
631,0,60,positive,0.182879711971,-0.0299174580028,0.109991884121,182.879711971,-29.9174580028,109.991884121,89.574679468,89.574679468,140.877884144
631,1,60,positive,0.182727637217,-0.0301808592031,0.109145878904,182.727637217,-30.1808592031,109.145878904,89.2705299602,89.2705299602,140.031878927
632,0,60,positive,0.182879711971,-0.0299174580028,0.109991884121,182.879711971,-29.9174580028,109.991884121,89.574679468,89.574679468,140.877884144
632,1,60,positive,0.183034578831,-0.0296492207337,0.110731211776,183.034578831,-29.6492207337,110.731211776,89.8844131871,89.8844131871,141.617211799
633,0,60,positive,0.183056012503,-0.0296120965237,0.110897587304,183.056012503,-29.6120965237,110.897587304,89.9272805323,89.9272805323,141.783587326
633,1,60,positive,0.183034578831,-0.0296492207337,0.110731211776,183.034578831,-29.6492207337,110.731211776,89.8844131871,89.8844131871,141.617211799
634,0,60,positive,0.185869690352,-0.0247386635335,0.113506987701,185.869690352,-24.7386635335,113.506987701,95.5546362299,95.5546362299,144.392987723
634,1,60,positive,0.18586015934,-0.0247551717308,0.113449670537,185.86015934,-24.7551717308,113.449670537,95.5355742056,95.5355742056,144.33567056
635,0,60,positive,0.185898615614,-0.0246885635112,0.113672294867,185.898615614,-24.6885635112,113.672294867,95.6124867527,95.6124867527,144.55829489
635,1,60,positive,0.185869690352,-0.0247386635335,0.113506987701,185.869690352,-24.7386635335,113.506987701,95.5546362299,95.5546362299,144.392987723
636,0,60,positive,0.185898615614,-0.0246885635112,0.113672294867,185.898615614,-24.6885635112,113.672294867,95.6124867527,95.6124867527,144.55829489
636,1,60,positive,0.186301487904,-0.0239907682359,0.115922872747,186.301487904,-23.9907682359,115.922872747,96.4182313327,96.4182313327,146.808872769
637,0,60,positive,0.186328515171,-0.0239439556363,0.116212442962,186.328515171,-23.9439556363,116.212442962,96.4722858667,96.4722858667,147.098442984
637,1,60,positive,0.186301487904,-0.0239907682359,0.115922872747,186.301487904,-23.9907682359,115.922872747,96.4182313327,96.4182313327,146.808872769
638,0,60,positive,0.186328515171,-0.0239439556363,0.116212442962,186.328515171,-23.9439556363,116.212442962,96.4722858667,96.4722858667,147.098442984
638,1,60,positive,0.186346248726,-0.0239132402175,0.116737960085,186.346248726,-23.9132402175,116.737960085,96.5077529772,96.5077529772,147.623960107
639,0,60,positive,0.186226517066,-0.0241206215363,0.117715849202,186.226517066,-24.1206215363,117.715849202,96.2682896568,96.2682896568,148.601849224
639,1,60,positive,0.186227057438,-0.0241196855845,0.11770292137,186.227057438,-24.1196855845,117.70292137,96.2693704009,96.2693704009,148.588921393
640,0,60,positive,0.186227374107,-0.0241191370975,0.117766373187,186.227374107,-24.1191370975,117.766373187,96.2700037391,96.2700037391,148.65237321
640,1,60,positive,0.186226517066,-0.0241206215363,0.117715849202,186.226517066,-24.1206215363,117.715849202,96.2682896568,96.2682896568,148.601849224
641,0,60,positive,0.186335397482,-0.0239320351236,0.117068651382,186.335397482,-23.9320351236,117.068651382,96.4860504891,96.4860504891,147.954651404
641,1,60,positive,0.186346248726,-0.0239132402175,0.116737960085,186.346248726,-23.9132402175,116.737960085,96.5077529772,96.5077529772,147.623960107
642,0,60,positive,0.186227057438,-0.0241196855845,0.11770292137,186.227057438,-24.1196855845,117.70292137,96.2693704009,96.2693704009,148.588921393
642,1,60,positive,0.186255407781,-0.0240705813488,0.117552872865,186.255407781,-24.0705813488,117.552872865,96.3260710883,96.3260710883,148.438872887
643,0,60,positive,0.186227374107,-0.0241191370975,0.117766373187,186.227374107,-24.1191370975,117.766373187,96.2700037391,96.2700037391,148.65237321
643,1,60,positive,0.186237019388,-0.0241024309811,0.118082015176,186.237019388,-24.1024309811,118.082015176,96.2892943007,96.2892943007,148.968015199
644,0,60,positive,0.186335397482,-0.0239320351236,0.117068651382,186.335397482,-23.9320351236,117.068651382,96.4860504891,96.4860504891,147.954651404
644,1,60,positive,0.186336538277,-0.023930059209,0.1170847559,186.336538277,-23.930059209,117.0847559,96.4883320787,96.4883320787,147.970755922
645,0,60,positive,0.186336538277,-0.023930059209,0.1170847559,186.336538277,-23.930059209,117.0847559,96.4883320787,96.4883320787,147.970755922
645,1,60,positive,0.186255407781,-0.0240705813488,0.117552872865,186.255407781,-24.0705813488,117.552872865,96.3260710883,96.3260710883,148.438872887
646,0,60,positive,0.18360212157,-0.0286662078736,0.114484844662,183.60212157,-28.6662078736,114.484844662,91.0194986658,91.0194986658,145.370844685
646,1,60,positive,0.18360320016,-0.028664339702,0.114495816229,183.60320016,-28.664339702,114.495816229,91.0216558446,91.0216558446,145.381816251
647,0,60,positive,0.18360212157,-0.0286662078736,0.114484844662,183.60212157,-28.6662078736,114.484844662,91.0194986658,91.0194986658,145.370844685
647,1,60,positive,0.18342952892,-0.0289651471133,0.11330293929,183.42952892,-28.9651471133,113.30293929,90.6743133649,90.6743133649,144.188939313
648,0,60,positive,0.18360320016,-0.028664339702,0.114495816229,183.60320016,-28.664339702,114.495816229,91.0216558446,91.0216558446,145.381816251
648,1,60,positive,0.183604824514,-0.028661526238,0.114508742682,183.604824514,-28.661526238,114.508742682,91.0249045531,91.0249045531,145.394742705
649,0,60,positive,0.183604824514,-0.028661526238,0.114508742682,183.604824514,-28.661526238,114.508742682,91.0249045531,91.0249045531,145.394742705
649,1,60,positive,0.183607089163,-0.0286576037503,0.114524006853,183.607089163,-28.6576037503,114.524006853,91.0294338517,91.0294338517,145.410006875
650,0,60,positive,0.183631583747,-0.0286151778862,0.115418597806,183.631583747,-28.6151778862,115.418597806,91.0784230198,91.0784230198,146.304597828
650,1,60,positive,0.183626957939,-0.0286231900201,0.115476178521,183.626957939,-28.6231900201,115.476178521,91.0691714045,91.0691714045,146.362178543
651,0,60,positive,0.183626957939,-0.0286231900201,0.115476178521,183.626957939,-28.6231900201,115.476178521,91.0691714045,91.0691714045,146.362178543
651,1,60,positive,0.183617977113,-0.0286387452672,0.115508208605,183.617977113,-28.6387452672,115.508208605,91.0512097523,91.0512097523,146.394208627
652,0,60,positive,0.183530377113,-0.0287904729183,0.116650522713,183.530377113,-28.7904729183,116.650522713,90.8760097518,90.8760097518,147.536522736
652,1,60,positive,0.183617977113,-0.0286387452672,0.115508208605,183.617977113,-28.6387452672,115.508208605,91.0512097523,91.0512097523,146.394208627
653,0,60,positive,0.183530377113,-0.0287904729183,0.116650522713,183.530377113,-28.7904729183,116.650522713,90.8760097518,90.8760097518,147.536522736
653,1,60,positive,0.183533371142,-0.0287852871089,0.116719414774,183.533371142,-28.7852871089,116.719414774,90.8819978088,90.8819978088,147.605414796
654,0,60,positive,0.18358972905,-0.0286876723485,0.117935471328,183.58972905,-28.6876723485,117.935471328,90.9947136252,90.9947136252,148.82147135
654,1,60,positive,0.183602167145,-0.0286661289365,0.118202333625,183.602167145,-28.6661289365,118.202333625,91.0195898146,91.0195898146,149.088333648
655,0,60,positive,0.183631583747,-0.0286151778862,0.115418597806,183.631583747,-28.6151778862,115.418597806,91.0784230198,91.0784230198,146.304597828
655,1,60,positive,0.183607089163,-0.0286576037503,0.114524006853,183.607089163,-28.6576037503,114.524006853,91.0294338517,91.0294338517,145.410006875
656,0,60,positive,0.183538744053,-0.0287759809536,0.117000648379,183.538744053,-28.7759809536,117.000648379,90.8927436314,90.8927436314,147.886648401
656,1,60,positive,0.183533371142,-0.0287852871089,0.116719414774,183.533371142,-28.7852871089,116.719414774,90.8819978088,90.8819978088,147.605414796
657,0,60,positive,0.18358972905,-0.0286876723485,0.117935471328,183.58972905,-28.6876723485,117.935471328,90.9947136252,90.9947136252,148.82147135
657,1,60,positive,0.183538744053,-0.0287759809536,0.117000648379,183.538744053,-28.7759809536,117.000648379,90.8927436314,90.8927436314,147.886648401
658,0,60,positive,0.183617382239,-0.02863977562,0.11859666035,183.617382239,-28.63977562,118.59666035,91.0500200034,91.0500200034,149.482660372
658,1,60,positive,0.18364603183,-0.0285901530728,0.11915621997,183.64603183,-28.5901530728,119.15621997,91.1073191853,91.1073191853,150.042219992
659,0,60,positive,0.18364603183,-0.0285901530728,0.11915621997,183.64603183,-28.5901530728,119.15621997,91.1073191853,91.1073191853,150.042219992
659,1,60,positive,0.183674557938,-0.0285407444034,0.119859317808,183.674557938,-28.5407444034,119.859317808,91.1643714024,91.1643714024,150.74531783
660,0,60,positive,0.183617382239,-0.02863977562,0.11859666035,183.617382239,-28.63977562,118.59666035,91.0500200034,91.0500200034,149.482660372
660,1,60,positive,0.183602167145,-0.0286661289365,0.118202333625,183.602167145,-28.6661289365,118.202333625,91.0195898146,91.0195898146,149.088333648
661,0,60,positive,0.183692556153,-0.0285095705808,0.120153637663,183.692556153,-28.5095705808,120.153637663,91.2003678322,91.2003678322,151.039637686
661,1,60,positive,0.183674557938,-0.0285407444034,0.119859317808,183.674557938,-28.5407444034,119.859317808,91.1643714024,91.1643714024,150.74531783
662,0,60,positive,0.176811613785,-0.0404277123659,0.0706935862323,176.811613785,-40.4277123659,70.6935862323,77.4384830965,77.4384830965,101.579586255
662,1,60,positive,0.176764104245,-0.0405100013043,0.070101421512,176.764104245,-40.5100013043,70.101421512,77.343464015,77.343464015,100.987421534
663,0,60,positive,0.176811613785,-0.0404277123659,0.0706935862323,176.811613785,-40.4277123659,70.6935862323,77.4384830965,77.4384830965,101.579586255
663,1,60,positive,0.176831237261,-0.040393723509,0.0710145962129,176.831237261,-40.393723509,71.0145962129,77.4777300479,77.4777300479,101.900596235
664,0,60,positive,0.177040509034,-0.0400312541664,0.0730597219821,177.040509034,-40.0312541664,73.0597219821,77.8962735928,77.8962735928,103.945722004
664,1,60,positive,0.176831237261,-0.040393723509,0.0710145962129,176.831237261,-40.393723509,71.0145962129,77.4777300479,77.4777300479,101.900596235
665,0,60,positive,0.177040509034,-0.0400312541664,0.0730597219821,177.040509034,-40.0312541664,73.0597219821,77.8962735928,77.8962735928,103.945722004
665,1,60,positive,0.177065351671,-0.039988225456,0.0732023744636,177.065351671,-39.988225456,73.2023744636,77.945958868,77.945958868,104.088374486
666,0,60,positive,0.177065351671,-0.039988225456,0.0732023744636,177.065351671,-39.988225456,73.2023744636,77.945958868,77.945958868,104.088374486
666,1,60,positive,0.177091323714,-0.0399432405578,0.0741996703667,177.091323714,-39.9432405578,74.1996703667,77.9979029542,77.9979029542,105.085670389
667,0,60,positive,0.177092983683,-0.0399403654084,0.0742355426558,177.092983683,-39.9403654084,74.2355426558,78.0012228906,78.0012228906,105.121542678
667,1,60,positive,0.177197352905,-0.0397595926122,0.0754074960144,177.197352905,-39.7595926122,75.4074960144,78.2099613358,78.2099613358,106.293496037
668,0,60,positive,0.177091432823,-0.0399430515753,0.074214208723,177.091432823,-39.9430515753,74.214208723,77.9981211724,77.9981211724,105.100208745
668,1,60,positive,0.177091323714,-0.0399432405578,0.0741996703667,177.091323714,-39.9432405578,74.1996703667,77.9979029542,77.9979029542,105.085670389
669,0,60,positive,0.177092983683,-0.0399403654084,0.0742355426558,177.092983683,-39.9403654084,74.2355426558,78.0012228906,78.0012228906,105.121542678
669,1,60,positive,0.177091432823,-0.0399430515753,0.074214208723,177.091432823,-39.9430515753,74.214208723,77.9981211724,77.9981211724,105.100208745
670,0,60,positive,0.177239567591,-0.0396864746322,0.0758215044644,177.239567591,-39.6864746322,75.8215044644,78.2943907067,78.2943907067,106.707504487
670,1,60,positive,0.177197352905,-0.0397595926122,0.0754074960144,177.197352905,-39.7595926122,75.4074960144,78.2099613358,78.2099613358,106.293496037
671,0,60,positive,0.180165519754,-0.0346185768251,0.0750718968199,180.165519754,-34.6185768251,75.0718968199,84.1462950329,84.1462950329,105.957896842
671,1,60,positive,0.179969652579,-0.034957828723,0.0728654583036,179.969652579,-34.957828723,72.8654583036,83.7545606838,83.7545606838,103.751458326
672,0,60,positive,0.180276719343,-0.0344259734868,0.0766121075209,180.276719343,-34.4259734868,76.6121075209,84.3686942113,84.3686942113,107.498107543
672,1,60,positive,0.180165519754,-0.0346185768251,0.0750718968199,180.165519754,-34.6185768251,75.0718968199,84.1462950329,84.1462950329,105.957896842
673,0,60,positive,0.180460885678,-0.0341069880376,0.0787151079954,180.460885678,-34.1069880376,78.7151079954,84.7370268813,84.7370268813,109.601108018
673,1,60,positive,0.180347534269,-0.0343033184367,0.0774536035406,180.347534269,-34.3033184367,77.4536035406,84.5103240638,84.5103240638,108.339603563
674,0,60,positive,0.178152293468,-0.0381055870386,0.0818806360861,178.152293468,-38.1055870386,81.8806360861,80.1198424621,80.1198424621,112.766636108
674,1,60,positive,0.178217362505,-0.0379928841612,0.0821053161481,178.217362505,-37.9928841612,82.1053161481,80.2499805353,80.2499805353,112.99131617
675,0,60,positive,0.17833217539,-0.0377940224113,0.0826536394496,178.33217539,-37.7940224113,82.6536394496,80.4796063049,80.4796063049,113.539639472
675,1,60,positive,0.178399627556,-0.0376771918326,0.0832719808298,178.399627556,-37.6771918326,83.2719808298,80.6145106371,80.6145106371,114.157980852
676,0,60,positive,0.17851328224,-0.0374803361448,0.0839217960998,178.51328224,-37.4803361448,83.9217960998,80.8418200058,80.8418200058,114.807796122
676,1,60,positive,0.178595019714,-0.0373387626879,0.0843448522714,178.595019714,-37.3387626879,84.3448522714,81.0052949527,81.0052949527,115.230852294
677,0,60,positive,0.178655186919,-0.0372345500315,0.0847873450298,178.655186919,-37.2345500315,84.7873450298,81.1256293632,81.1256293632,115.673345052
677,1,60,positive,0.178662551902,-0.037221793507,0.0848322861415,178.662551902,-37.221793507,84.8322861415,81.1403593289,81.1403593289,115.718286164
678,0,60,positive,0.178841113057,-0.0369125165134,0.0856043636616,178.841113057,-36.9125165134,85.6043636616,81.4974816399,81.4974816399,116.490363684
678,1,60,positive,0.178662551902,-0.037221793507,0.0848322861415,178.662551902,-37.221793507,84.8322861415,81.1403593289,81.1403593289,115.718286164
679,0,60,positive,0.17851328224,-0.0374803361448,0.0839217960998,178.51328224,-37.4803361448,83.9217960998,80.8418200058,80.8418200058,114.807796122
679,1,60,positive,0.178446546645,-0.0375959255854,0.0836118726425,178.446546645,-37.5959255854,83.6118726425,80.7083488165,80.7083488165,114.497872665
680,0,60,positive,0.178446546645,-0.0375959255854,0.0836118726425,178.446546645,-37.5959255854,83.6118726425,80.7083488165,80.7083488165,114.497872665
680,1,60,positive,0.178399627556,-0.0376771918326,0.0832719808298,178.399627556,-37.6771918326,83.2719808298,80.6145106371,80.6145106371,114.157980852
681,0,60,positive,0.178655186919,-0.0372345500315,0.0847873450298,178.655186919,-37.2345500315,84.7873450298,81.1256293632,81.1256293632,115.673345052
681,1,60,positive,0.178595019714,-0.0373387626879,0.0843448522714,178.595019714,-37.3387626879,84.3448522714,81.0052949527,81.0052949527,115.230852294
682,0,60,positive,0.177382030202,-0.0394397221506,0.0774297810095,177.382030202,-39.4397221506,77.4297810095,78.57931593,78.57931593,108.315781032
682,1,60,positive,0.177444453062,-0.0393316025853,0.077948144981,177.444453062,-39.3316025853,77.948144981,78.7041616502,78.7041616502,108.834145003
683,0,60,positive,0.177239567591,-0.0396864746322,0.0758215044644,177.239567591,-39.6864746322,75.8215044644,78.2943907067,78.2943907067,106.707504487
683,1,60,positive,0.177286146081,-0.0396057983202,0.0763527943328,177.286146081,-39.6057983202,76.3527943328,78.3875476875,78.3875476875,107.238794355
684,0,60,positive,0.177286146081,-0.0396057983202,0.0763527943328,177.286146081,-39.6057983202,76.3527943328,78.3875476875,78.3875476875,107.238794355
684,1,60,positive,0.177340247572,-0.0395120917891,0.0768562174333,177.340247572,-39.5120917891,76.8562174333,78.4957506695,78.4957506695,107.742217456
685,0,60,positive,0.177382030202,-0.0394397221506,0.0774297810095,177.382030202,-39.4397221506,77.4297810095,78.57931593,78.57931593,108.315781032
685,1,60,positive,0.177340247572,-0.0395120917891,0.0768562174333,177.340247572,-39.5120917891,76.8562174333,78.4957506695,78.4957506695,107.742217456
686,0,60,positive,0.177449172711,-0.0393234279143,0.0780557405558,177.449172711,-39.3234279143,78.0557405558,78.7136009472,78.7136009472,108.941740578
686,1,60,positive,0.177444453062,-0.0393316025853,0.077948144981,177.444453062,-39.3316025853,77.948144981,78.7041616502,78.7041616502,108.834145003
687,0,60,positive,0.177699595907,-0.0388896822145,0.0799967174242,177.699595907,-38.8896822145,79.9967174242,79.2144473403,79.2144473403,110.882717446
687,1,60,positive,0.177806665145,-0.0387042328552,0.0803089140427,177.806665145,-38.7042328552,80.3089140427,79.4285858153,79.4285858153,111.194914065
688,0,60,positive,0.177806665145,-0.0387042328552,0.0803089140427,177.806665145,-38.7042328552,80.3089140427,79.4285858153,79.4285858153,111.194914065
688,1,60,positive,0.177891836377,-0.0385567119538,0.0806357711049,177.891836377,-38.5567119538,80.6357711049,79.5989282796,79.5989282796,111.521771127
689,0,60,positive,0.177540571929,-0.0391651198246,0.0793532330428,177.540571929,-39.1651198246,79.3532330428,78.8963993837,78.8963993837,110.239233065
689,1,60,positive,0.17757708794,-0.0391018722375,0.079572432302,177.57708794,-39.1018722375,79.572432302,78.9694314065,78.9694314065,110.458432324
690,0,60,positive,0.177589068388,-0.0390811214931,0.0796321163305,177.589068388,-39.0811214931,79.6321163305,78.9933923023,78.9933923023,110.518116353
690,1,60,positive,0.17757708794,-0.0391018722375,0.079572432302,177.57708794,-39.1018722375,79.572432302,78.9694314065,78.9694314065,110.458432324
691,0,60,positive,0.177699595907,-0.0388896822145,0.0799967174242,177.699595907,-38.8896822145,79.9967174242,79.2144473403,79.2144473403,110.882717446
691,1,60,positive,0.177589068388,-0.0390811214931,0.0796321163305,177.589068388,-39.0811214931,79.6321163305,78.9933923023,78.9933923023,110.518116353
692,0,60,positive,0.177478804242,-0.0392721045962,0.0782079331156,177.478804242,-39.2721045962,78.2079331156,78.7728640103,78.7728640103,109.093933138
692,1,60,positive,0.177449172711,-0.0393234279143,0.0780557405558,177.449172711,-39.3234279143,78.0557405558,78.7136009472,78.7136009472,108.941740578
693,0,60,positive,0.177478804242,-0.0392721045962,0.0782079331156,177.478804242,-39.2721045962,78.2079331156,78.7728640103,78.7728640103,109.093933138
693,1,60,positive,0.177520800662,-0.0391993646629,0.0791130340444,177.520800662,-39.1993646629,79.1130340444,78.8568568505,78.8568568505,109.999034067
694,0,60,positive,0.177540571929,-0.0391651198246,0.0793532330428,177.540571929,-39.1651198246,79.3532330428,78.8963993837,78.8963993837,110.239233065
694,1,60,positive,0.177520800662,-0.0391993646629,0.0791130340444,177.520800662,-39.1993646629,79.1130340444,78.8568568505,78.8568568505,109.999034067
695,0,60,positive,0.177968282354,-0.038424303637,0.0809306577458,177.968282354,-38.424303637,80.9306577458,79.7518202343,79.7518202343,111.816657768
695,1,60,positive,0.177998360707,-0.0383722064014,0.0811398219456,177.998360707,-38.3722064014,81.1398219456,79.8119769404,79.8119769404,112.025821968
696,0,60,positive,0.177998360707,-0.0383722064014,0.0811398219456,177.998360707,-38.3722064014,81.1398219456,79.8119769404,79.8119769404,112.025821968
696,1,60,positive,0.178017901047,-0.0383383615407,0.081186051069,178.017901047,-38.3383615407,81.186051069,79.8510576192,79.8510576192,112.072051091
697,0,60,positive,0.177968282354,-0.038424303637,0.0809306577458,177.968282354,-38.424303637,80.9306577458,79.7518202343,79.7518202343,111.816657768
697,1,60,positive,0.177891836377,-0.0385567119538,0.0806357711049,177.891836377,-38.5567119538,80.6357711049,79.5989282796,79.5989282796,111.521771127
698,0,60,positive,0.178050113044,-0.0382825687241,0.0815327122894,178.050113044,-38.2825687241,81.5327122894,79.9154816145,79.9154816145,112.418712312
698,1,60,positive,0.178017901047,-0.0383383615407,0.081186051069,178.017901047,-38.3383615407,81.186051069,79.8510576192,79.8510576192,112.072051091
699,0,60,positive,0.178152293468,-0.0381055870386,0.0818806360861,178.152293468,-38.1055870386,81.8806360861,80.1198424621,80.1198424621,112.766636108
699,1,60,positive,0.178050113044,-0.0382825687241,0.0815327122894,178.050113044,-38.2825687241,81.5327122894,79.9154816145,79.9154816145,112.418712312
700,0,60,positive,0.17833217539,-0.0377940224113,0.0826536394496,178.33217539,-37.7940224113,82.6536394496,80.4796063049,80.4796063049,113.539639472
700,1,60,positive,0.178217362505,-0.0379928841612,0.0821053161481,178.217362505,-37.9928841612,82.1053161481,80.2499805353,80.2499805353,112.99131617
701,0,60,positive,0.179681523753,-0.0354568824895,0.085687474298,179.681523753,-35.4568824895,85.687474298,83.178303031,83.178303031,116.57347432
701,1,60,positive,0.17973579182,-0.0353628874392,0.0858484358519,179.73579182,-35.3628874392,85.8484358519,83.2868391662,83.2868391662,116.734435874
702,0,60,positive,0.179772399914,-0.0352994803601,0.0862148365254,179.772399914,-35.2994803601,86.2148365254,83.3600553545,83.3600553545,117.100836548
702,1,60,positive,0.17973579182,-0.0353628874392,0.0858484358519,179.73579182,-35.3628874392,85.8484358519,83.2868391662,83.2868391662,116.734435874
703,0,60,positive,0.179816495035,-0.035223105371,0.0869469403221,179.816495035,-35.223105371,86.9469403221,83.4482455956,83.4482455956,117.832940344
703,1,60,positive,0.179845628104,-0.0351726454152,0.0872561882957,179.845628104,-35.1726454152,87.2561882957,83.5065117337,83.5065117337,118.142188318
704,0,60,positive,0.179793478618,-0.0352629709749,0.0867617818127,179.793478618,-35.2629709749,86.7617818127,83.4022127612,83.4022127612,117.647781835
704,1,60,positive,0.179816495035,-0.035223105371,0.0869469403221,179.816495035,-35.223105371,86.9469403221,83.4482455956,83.4482455956,117.832940344
705,0,60,positive,0.179793478618,-0.0352629709749,0.0867617818127,179.793478618,-35.2629709749,86.7617818127,83.4022127612,83.4022127612,117.647781835
705,1,60,positive,0.179772399914,-0.0352994803601,0.0862148365254,179.772399914,-35.2994803601,86.2148365254,83.3600553545,83.3600553545,117.100836548
706,0,60,positive,0.179845628104,-0.0351726454152,0.0872561882957,179.845628104,-35.1726454152,87.2561882957,83.5065117337,83.5065117337,118.142188318
706,1,60,positive,0.179848662291,-0.0351673900499,0.0874123372198,179.848662291,-35.1673900499,87.4123372198,83.5125801068,83.5125801068,118.298337242
707,0,60,positive,0.179888201637,-0.0350989058927,0.0878486271074,179.888201637,-35.0989058927,87.8486271074,83.5916588,83.5916588,118.73462713
707,1,60,positive,0.179848662291,-0.0351673900499,0.0874123372198,179.848662291,-35.1673900499,87.4123372198,83.5125801068,83.5125801068,118.298337242
708,0,60,positive,0.179924777025,-0.0350355554625,0.0882661628583,179.924777025,-35.0355554625,88.2661628583,83.6648095759,83.6648095759,119.152162881
708,1,60,positive,0.179888201637,-0.0350989058927,0.0878486271074,179.888201637,-35.0989058927,87.8486271074,83.5916588,83.5916588,118.73462713
709,0,60,positive,0.179924777025,-0.0350355554625,0.0882661628583,179.924777025,-35.0355554625,88.2661628583,83.6648095759,83.6648095759,119.152162881
709,1,60,positive,0.179945171868,-0.035000230558,0.0884007447608,179.945171868,-35.000230558,88.4007447608,83.7055992621,83.7055992621,119.286744783
710,0,60,positive,0.179929661644,-0.0350270950542,0.0889944841749,179.929661644,-35.0270950542,88.9944841749,83.6745788139,83.6745788139,119.880484197
710,1,60,positive,0.179945171868,-0.035000230558,0.0884007447608,179.945171868,-35.000230558,88.4007447608,83.7055992621,83.7055992621,119.286744783
711,0,60,positive,0.179929661644,-0.0350270950542,0.0889944841749,179.929661644,-35.0270950542,88.9944841749,83.6745788139,83.6745788139,119.880484197
711,1,60,positive,0.179932891626,-0.0350215005615,0.089128247615,179.932891626,-35.0215005615,89.128247615,83.6810387776,83.6810387776,120.014247637
712,0,60,positive,0.180011837001,-0.0348847631605,0.0898386036094,180.011837001,-34.8847631605,89.8386036094,83.8389295281,83.8389295281,120.724603632
712,1,60,positive,0.180042503675,-0.0348316469238,0.090166685184,180.042503675,-34.8316469238,90.166685184,83.9002628753,83.9002628753,121.052685206
713,0,60,positive,0.180011837001,-0.0348847631605,0.0898386036094,180.011837001,-34.8847631605,89.8386036094,83.8389295281,83.8389295281,120.724603632
713,1,60,positive,0.179932891626,-0.0350215005615,0.089128247615,179.932891626,-35.0215005615,89.128247615,83.6810387776,83.6810387776,120.014247637
714,0,60,positive,0.179209421035,-0.0362745883835,0.0859678075823,179.209421035,-36.2745883835,85.9678075823,82.2340975949,82.2340975949,116.853807605
714,1,60,positive,0.179468817245,-0.0358253009682,0.0855928193946,179.468817245,-35.8253009682,85.5928193946,82.7528900153,82.7528900153,116.478819417
715,0,60,positive,0.179608686329,-0.0355830406077,0.0856108981274,179.608686329,-35.5830406077,85.6108981274,83.0326281839,83.0326281839,116.49689815
715,1,60,positive,0.179681523753,-0.0354568824895,0.085687474298,179.681523753,-35.4568824895,85.687474298,83.178303031,83.178303031,116.57347432
716,0,60,positive,0.179608686329,-0.0355830406077,0.0856108981274,179.608686329,-35.5830406077,85.6108981274,83.0326281839,83.0326281839,116.49689815
716,1,60,positive,0.179534317474,-0.0357118512427,0.0855354989203,179.534317474,-35.7118512427,85.5354989203,82.8838904743,82.8838904743,116.421498943
717,0,60,positive,0.179534317474,-0.0357118512427,0.0855354989203,179.534317474,-35.7118512427,85.5354989203,82.8838904743,82.8838904743,116.421498943
717,1,60,positive,0.179468817245,-0.0358253009682,0.0855928193946,179.468817245,-35.8253009682,85.5928193946,82.7528900153,82.7528900153,116.478819417
718,0,60,positive,0.178973338586,-0.0366834951788,0.0860744378029,178.973338586,-36.6834951788,86.0744378029,81.7619326983,81.7619326983,116.960437825
718,1,60,positive,0.179140036197,-0.0363947664478,0.0859741671462,179.140036197,-36.3947664478,85.9741671462,82.0953279193,82.0953279193,116.860167168
719,0,60,positive,0.179209421035,-0.0362745883835,0.0859678075823,179.209421035,-36.2745883835,85.9678075823,82.2340975949,82.2340975949,116.853807605
719,1,60,positive,0.179140036197,-0.0363947664478,0.0859741671462,179.140036197,-36.3947664478,85.9741671462,82.0953279193,82.0953279193,116.860167168
720,0,60,positive,0.178841113057,-0.0369125165134,0.0856043636616,178.841113057,-36.9125165134,85.6043636616,81.4974816399,81.4974816399,116.490363684
720,1,60,positive,0.178861488603,-0.0368772250325,0.0857810779077,178.861488603,-36.8772250325,85.7810779077,81.5382327318,81.5382327318,116.66707793
721,0,60,positive,0.178861488603,-0.0368772250325,0.0857810779077,178.861488603,-36.8772250325,85.7810779077,81.5382327318,81.5382327318,116.66707793
721,1,60,positive,0.178878456707,-0.0368478354141,0.0858256441089,178.878456707,-36.8478354141,85.8256441089,81.57216894,81.57216894,116.711644131
722,0,60,positive,0.178878456707,-0.0368478354141,0.0858256441089,178.878456707,-36.8478354141,85.8256441089,81.57216894,81.57216894,116.711644131
722,1,60,positive,0.178903896341,-0.0368037726753,0.0859078495177,178.903896341,-36.8037726753,85.9078495177,81.6230482083,81.6230482083,116.79384954
723,0,60,positive,0.178973338586,-0.0366834951788,0.0860744378029,178.973338586,-36.6834951788,86.0744378029,81.7619326983,81.7619326983,116.960437825
723,1,60,positive,0.178903896341,-0.0368037726753,0.0859078495177,178.903896341,-36.8037726753,85.9078495177,81.6230482083,81.6230482083,116.79384954
724,0,60,positive,0.180071053436,-0.0347821972867,0.0905122020974,180.071053436,-34.7821972867,90.5122020974,83.9573623978,83.9573623978,121.39820212
724,1,60,positive,0.180092746602,-0.0347446236207,0.0908757972538,180.092746602,-34.7446236207,90.8757972538,84.0007487302,84.0007487302,121.761797276
725,0,60,positive,0.180092746602,-0.0347446236207,0.0908757972538,180.092746602,-34.7446236207,90.8757972538,84.0007487302,84.0007487302,121.761797276
725,1,60,positive,0.180094412569,-0.0347417380812,0.0916401654135,180.094412569,-34.7417380812,91.6401654135,84.0040806643,84.0040806643,122.526165436
726,0,60,positive,0.180073100833,-0.0347786510909,0.0920554327143,180.073100833,-34.7786510909,92.0554327143,83.961457192,83.961457192,122.941432737
726,1,60,positive,0.180094412569,-0.0347417380812,0.0916401654135,180.094412569,-34.7417380812,91.6401654135,84.0040806643,84.0040806643,122.526165436
727,0,60,positive,0.180127472393,-0.0346844767862,0.0926463657364,180.127472393,-34.6844767862,92.6463657364,84.0702003124,84.0702003124,123.532365759
727,1,60,positive,0.180156073372,-0.0346349384389,0.0930931625942,180.156073372,-34.6349384389,93.0931625942,84.1274022688,84.1274022688,123.979162616
728,0,60,positive,0.180127472393,-0.0346844767862,0.0926463657364,180.127472393,-34.6844767862,92.6463657364,84.0702003124,84.0702003124,123.532365759
728,1,60,positive,0.180073100833,-0.0347786510909,0.0920554327143,180.073100833,-34.7786510909,92.0554327143,83.961457192,83.961457192,122.941432737
729,0,60,positive,0.180234876186,-0.0344984479604,0.0939504278008,180.234876186,-34.4984479604,93.9504278008,84.2850078977,84.2850078977,124.836427823
729,1,60,positive,0.18035255854,-0.0342946161441,0.0945728896783,180.35255854,-34.2946161441,94.5728896783,84.5203726057,84.5203726057,125.458889701
730,0,60,positive,0.180234876186,-0.0344984479604,0.0939504278008,180.234876186,-34.4984479604,93.9504278008,84.2850078977,84.2850078977,124.836427823
730,1,60,positive,0.180156073372,-0.0346349384389,0.0930931625942,180.156073372,-34.6349384389,93.0931625942,84.1274022688,84.1274022688,123.979162616
731,0,60,positive,0.180276719343,-0.0344259734868,0.0766121075209,180.276719343,-34.4259734868,76.6121075209,84.3686942113,84.3686942113,107.498107543
731,1,60,positive,0.180306702529,-0.0343740410845,0.0770461564863,180.306702529,-34.3740410845,77.0461564863,84.4286605843,84.4286605843,107.932156509
732,0,60,positive,0.180306702529,-0.0343740410845,0.0770461564863,180.306702529,-34.3740410845,77.0461564863,84.4286605843,84.4286605843,107.932156509
732,1,60,positive,0.180347534269,-0.0343033184367,0.0774536035406,180.347534269,-34.3033184367,77.4536035406,84.5103240638,84.5103240638,108.339603563
733,0,60,positive,0.180608310956,-0.0338516399649,0.0801423241047,180.608310956,-33.8516399649,80.1423241047,85.0318774384,85.0318774384,111.028324127
733,1,60,positive,0.180460885678,-0.0341069880376,0.0787151079954,180.460885678,-34.1069880376,78.7151079954,84.7370268813,84.7370268813,109.601108018
734,0,60,positive,0.180608310956,-0.0338516399649,0.0801423241047,180.608310956,-33.8516399649,80.1423241047,85.0318774384,85.0318774384,111.028324127
734,1,60,positive,0.180613933308,-0.0338419017661,0.0801911467033,180.613933308,-33.8419017661,80.1911467033,85.0431221418,85.0431221418,111.077146726
735,0,60,positive,0.180613933308,-0.0338419017661,0.0801911467033,180.613933308,-33.8419017661,80.1911467033,85.0431221418,85.0431221418,111.077146726
735,1,60,positive,0.180724435562,-0.0336505062488,0.0809999619477,180.724435562,-33.6505062488,80.9999619477,85.2641266486,85.2641266486,111.88596197
736,0,60,positive,0.180071053436,-0.0347821972867,0.0905122020974,180.071053436,-34.7821972867,90.5122020974,83.9573623978,83.9573623978,121.39820212
736,1,60,positive,0.180042503675,-0.0348316469238,0.090166685184,180.042503675,-34.8316469238,90.166685184,83.9002628753,83.9002628753,121.052685206
737,0,60,positive,0.180359916819,-0.0342818712305,0.0946053155774,180.359916819,-34.2818712305,94.6053155774,84.5350891643,84.5350891643,125.4913156
737,1,60,positive,0.18035255854,-0.0342946161441,0.0945728896783,180.35255854,-34.2946161441,94.5728896783,84.5203726057,84.5203726057,125.458889701
738,0,60,positive,0.148351114786,-0.089722742641,-0.0303419152978,148.351114786,-89.722742641,-30.3419152978,20.5174850984,20.5174850984,0.544084724519
738,1,60,positive,0.148237691897,-0.0899191968477,-0.030359505178,148.237691897,-89.9191968477,-30.359505178,20.2906393201,20.2906393201,0.526494844297
739,0,60,positive,0.148351114786,-0.089722742641,-0.0303419152978,148.351114786,-89.722742641,-30.3419152978,20.5174850984,20.5174850984,0.544084724519
739,1,60,positive,0.148732064583,-0.0890629182381,-0.0301909704174,148.732064583,-89.0629182381,-30.1909704174,21.2793846916,21.2793846916,0.695029604927
740,0,60,positive,0.148864104469,-0.0888342184478,-0.0301409698561,148.864104469,-88.8342184478,-30.1409698561,21.5434644627,21.5434644627,0.745030166145
740,1,60,positive,0.148732064583,-0.0890629182381,-0.0301909704174,148.732064583,-89.0629182381,-30.1909704174,21.2793846916,21.2793846916,0.695029604927
741,0,60,positive,0.14788594744,-0.0905284361182,-0.0303854484745,147.88594744,-90.5284361182,-30.3854484745,19.5871504065,19.5871504065,0.500551547774
741,1,60,positive,0.147700140672,-0.0908502628821,-0.0303325745446,147.700140672,-90.8502628821,-30.3325745446,19.2155368689,19.2155368689,0.553425477678
742,0,60,positive,0.14788594744,-0.0905284361182,-0.0303854484745,147.88594744,-90.5284361182,-30.3854484745,19.5871504065,19.5871504065,0.500551547774
742,1,60,positive,0.148237691897,-0.0899191968477,-0.030359505178,148.237691897,-89.9191968477,-30.359505178,20.2906393201,20.2906393201,0.526494844297
743,0,60,positive,0.147291563455,-0.0915579393811,-0.0302981855352,147.291563455,-91.5579393811,-30.2981855352,18.3983824346,18.3983824346,0.58781448712
743,1,60,positive,0.147700140672,-0.0908502628821,-0.0303325745446,147.700140672,-90.8502628821,-30.3325745446,19.2155368689,19.2155368689,0.553425477678
744,0,60,positive,0.147291563455,-0.0915579393811,-0.0302981855352,147.291563455,-91.5579393811,-30.2981855352,18.3983824346,18.3983824346,0.58781448712
744,1,60,positive,0.147191284703,-0.0917316272742,-0.0303002314982,147.191284703,-91.7316272742,-30.3002314982,18.1978249309,18.1978249309,0.585768524141
745,0,60,positive,0.149082491658,-0.0884559607392,-0.0231004167854,149.082491658,-88.4559607392,-23.1004167854,21.9802388424,21.9802388424,7.78558323691
745,1,60,positive,0.149205467495,-0.0882429603416,-0.0230680939747,149.205467495,-88.2429603416,-23.0680939747,22.2261905162,22.2261905162,7.81790604762
746,0,60,positive,0.148758904708,-0.0890164297788,-0.0233339700815,148.758904708,-89.0164297788,-23.3339700815,21.3330649406,21.3330649406,7.55202994077
746,1,60,positive,0.148949875555,-0.0886856585681,-0.0232162464355,148.949875555,-88.6856585681,-23.2162464355,21.7150066358,21.7150066358,7.66975358682
747,0,60,positive,0.149082491658,-0.0884559607392,-0.0231004167854,149.082491658,-88.4559607392,-23.1004167854,21.9802388424,21.9802388424,7.78558323691
747,1,60,positive,0.148949875555,-0.0886856585681,-0.0232162464355,148.949875555,-88.6856585681,-23.2162464355,21.7150066358,21.7150066358,7.66975358682
748,0,60,positive,0.14839541448,-0.089646013321,-0.023383168605,148.39541448,-89.646013321,-23.383168605,20.6060844855,20.6060844855,7.50283141731
748,1,60,positive,0.148459553888,-0.089534920608,-0.0233948245534,148.459553888,-89.534920608,-23.3948245534,20.734363301,20.734363301,7.49117546887
749,0,60,positive,0.148758904708,-0.0890164297788,-0.0233339700815,148.758904708,-89.0164297788,-23.3339700815,21.3330649406,21.3330649406,7.55202994077
749,1,60,positive,0.148459553888,-0.089534920608,-0.0233948245534,148.459553888,-89.534920608,-23.3948245534,20.734363301,20.734363301,7.49117546887
750,0,60,positive,0.148103763357,-0.0901511678836,-0.0232604409357,148.103763357,-90.1511678836,-23.2604409357,20.0227822402,20.0227822402,7.62555908658
750,1,60,positive,0.148139874943,-0.0900886207816,-0.0232861873405,148.139874943,-90.0886207816,-23.2861873405,20.0950054125,20.0950054125,7.59981268179
751,0,60,positive,0.148073569411,-0.0902034653331,-0.023247361198,148.073569411,-90.2034653331,-23.247361198,19.962394347,19.962394347,7.63863882427
751,1,60,positive,0.148103763357,-0.0901511678836,-0.0232604409357,148.103763357,-90.1511678836,-23.2604409357,20.0227822402,20.0227822402,7.62555908658
752,0,60,positive,0.147990212,-0.0903478446034,-0.0232257649968,147.990212,-90.3478446034,-23.2257649968,19.7956795258,19.7956795258,7.6602350255
752,1,60,positive,0.148073569411,-0.0902034653331,-0.023247361198,148.073569411,-90.2034653331,-23.247361198,19.962394347,19.962394347,7.63863882427
753,0,60,positive,0.14797096036,-0.0903811894223,-0.0232204956049,147.97096036,-90.3811894223,-23.2204956049,19.7571762456,19.7571762456,7.66550441735
753,1,60,positive,0.147990212,-0.0903478446034,-0.0232257649968,147.990212,-90.3478446034,-23.2257649968,19.7956795258,19.7956795258,7.6602350255
754,0,60,positive,0.14839541448,-0.089646013321,-0.023383168605,148.39541448,-89.646013321,-23.383168605,20.6060844855,20.6060844855,7.50283141731
754,1,60,positive,0.148139874943,-0.0900886207816,-0.0232861873405,148.139874943,-90.0886207816,-23.2861873405,20.0950054125,20.0950054125,7.59981268179
755,0,60,positive,0.14797096036,-0.0903811894223,-0.0232204956049,147.97096036,-90.3811894223,-23.2204956049,19.7571762456,19.7571762456,7.66550441735
755,1,60,positive,0.147811983487,-0.0906565454442,-0.0231429780038,147.811983487,-90.6565454442,-23.1429780038,19.4392224988,19.4392224988,7.74302201849
756,0,60,positive,0.14763255571,-0.0909673234696,-0.0230573913102,147.63255571,-90.9673234696,-23.0573913102,19.0803669456,19.0803669456,7.82860871213
756,1,60,positive,0.147751720851,-0.0907609233901,-0.0231192548184,147.751720851,-90.7609233901,-23.1192548184,19.3186972285,19.3186972285,7.76674520389
757,0,60,positive,0.147311801452,-0.0915228861419,-0.0231930162719,147.311801452,-91.5228861419,-23.1930162719,18.4388584288,18.4388584288,7.69298375042
757,1,60,positive,0.14763255571,-0.0909673234696,-0.0230573913102,147.63255571,-90.9673234696,-23.0573913102,19.0803669456,19.0803669456,7.82860871213
758,0,60,positive,0.147811983487,-0.0906565454442,-0.0231429780038,147.811983487,-90.6565454442,-23.1429780038,19.4392224988,19.4392224988,7.74302201849
758,1,60,positive,0.147751720851,-0.0907609233901,-0.0231192548184,147.751720851,-90.7609233901,-23.1192548184,19.3186972285,19.3186972285,7.76674520389
759,0,60,positive,0.147311801452,-0.0915228861419,-0.0231930162719,147.311801452,-91.5228861419,-23.1930162719,18.4388584288,18.4388584288,7.69298375042
759,1,60,positive,0.147303701919,-0.0915369149438,-0.0231968669204,147.303701919,-91.5369149438,-23.1968669204,18.4226593637,18.4226593637,7.68913310185
760,0,60,positive,0.190928990546,-0.0159756985469,0.167705645664,190.928990546,-15.9756985469,167.705645664,105.673236618,105.673236618,198.591645686
760,1,60,positive,0.190931520713,-0.0159713161691,0.167837780818,190.931520713,-15.9713161691,167.837780818,105.678296952,105.678296952,198.72378084
761,0,60,positive,0.187376413168,-0.022128943063,0.127064136575,187.376413168,-22.128943063,127.064136575,98.5680818623,98.5680818623,157.950136598
761,1,60,positive,0.18733639237,-0.022198261119,0.1268659799,187.33639237,-22.198261119,126.8659799,98.4880402656,98.4880402656,157.751979922
762,0,60,positive,0.187443024165,-0.0220135694326,0.1276112326,187.443024165,-22.0135694326,127.6112326,98.7013038553,98.7013038553,158.497232622
762,1,60,positive,0.187376413168,-0.022128943063,0.127064136575,187.376413168,-22.128943063,127.064136575,98.5680818623,98.5680818623,157.950136598
763,0,60,positive,0.187443024165,-0.0220135694326,0.1276112326,187.443024165,-22.0135694326,127.6112326,98.7013038553,98.7013038553,158.497232622
763,1,60,positive,0.18756890595,-0.0217955357855,0.128846291695,187.56890595,-21.7955357855,128.846291695,98.953067425,98.953067425,159.732291717
764,0,60,positive,0.18756890595,-0.0217955357855,0.128846291695,187.56890595,-21.7955357855,128.846291695,98.953067425,98.953067425,159.732291717
764,1,60,positive,0.187730223119,-0.0215161262527,0.130656062306,187.730223119,-21.5161262527,130.656062306,99.275701763,99.275701763,161.542062328
765,0,60,positive,0.187735723089,-0.0215066000239,0.13071397487,187.735723089,-21.5066000239,130.71397487,99.2867017045,99.2867017045,161.599974892
765,1,60,positive,0.187730223119,-0.0215161262527,0.130656062306,187.730223119,-21.5161262527,130.656062306,99.275701763,99.275701763,161.542062328
766,0,60,positive,0.187741034625,-0.021497400174,0.130767156017,187.741034625,-21.497400174,130.767156017,99.2973247762,99.2973247762,161.653156039
766,1,60,positive,0.187735723089,-0.0215066000239,0.13071397487,187.735723089,-21.5066000239,130.71397487,99.2867017045,99.2867017045,161.599974892
767,0,60,positive,0.187741034625,-0.021497400174,0.130767156017,187.741034625,-21.497400174,130.767156017,99.2973247762,99.2973247762,161.653156039
767,1,60,positive,0.18789464003,-0.0212313478082,0.132268224759,187.89464003,-21.2313478082,132.268224759,99.6045355861,99.6045355861,163.154224781
768,0,60,positive,0.187269790986,-0.0223136180994,0.126359433166,187.269790986,-22.3136180994,126.359433166,98.3548374983,98.3548374983,157.245433188
768,1,60,positive,0.187260656814,-0.0223294389494,0.1260625937,187.260656814,-22.3294389494,126.0625937,98.3365691542,98.3365691542,156.948593723
769,0,60,positive,0.187269790986,-0.0223136180994,0.126359433166,187.269790986,-22.3136180994,126.359433166,98.3548374983,98.3548374983,157.245433188
769,1,60,positive,0.18733639237,-0.022198261119,0.1268659799,187.33639237,-22.198261119,126.8659799,98.4880402656,98.4880402656,157.751979922
770,0,60,positive,0.183943328672,-0.0280752198375,0.123520539611,183.943328672,-28.0752198375,123.520539611,91.7019128694,91.7019128694,154.406539634
770,1,60,positive,0.184039411497,-0.0279087995027,0.124765800631,184.039411497,-27.9087995027,124.765800631,91.8940785195,91.8940785195,155.651800653
771,0,60,positive,0.184039411497,-0.0279087995027,0.124765800631,184.039411497,-27.9087995027,124.765800631,91.8940785195,91.8940785195,155.651800653
771,1,60,positive,0.184080647521,-0.0278373766146,0.124986741646,184.080647521,-27.8373766146,124.986741646,91.9765505669,91.9765505669,155.872741668
772,0,60,positive,0.184141874014,-0.0277313292166,0.12590556395,184.141874014,-27.7313292166,125.90556395,92.0990035544,92.0990035544,156.791563972
772,1,60,positive,0.184080647521,-0.0278373766146,0.124986741646,184.080647521,-27.8373766146,124.986741646,91.9765505669,91.9765505669,155.872741668
773,0,60,positive,0.184141874014,-0.0277313292166,0.12590556395,184.141874014,-27.7313292166,125.90556395,92.0990035544,92.0990035544,156.791563972
773,1,60,positive,0.184149325884,-0.0277184221995,0.126088183238,184.149325884,-27.7184221995,126.088183238,92.113907294,92.113907294,156.974183261
774,0,60,positive,0.184149325884,-0.0277184221995,0.126088183238,184.149325884,-27.7184221995,126.088183238,92.113907294,92.113907294,156.974183261
774,1,60,positive,0.184198899807,-0.0276325576474,0.12671755873,184.198899807,-27.6325576474,126.71755873,92.2130551386,92.2130551386,157.603558752
775,0,60,positive,0.184218119756,-0.0275992677188,0.126951004926,184.218119756,-27.5992677188,126.951004926,92.2514950371,92.2514950371,157.837004949
775,1,60,positive,0.184198899807,-0.0276325576474,0.12671755873,184.198899807,-27.6325576474,126.71755873,92.2130551386,92.2130551386,157.603558752
776,0,60,positive,0.184223069503,-0.0275906945053,0.127027914035,184.223069503,-27.5906945053,127.027914035,92.2613945312,92.2613945312,157.913914057
776,1,60,positive,0.184281361089,-0.0274897305158,0.127432685394,184.281361089,-27.4897305158,127.432685394,92.3779777043,92.3779777043,158.318685416
777,0,60,positive,0.184305733773,-0.0274475157887,0.127646723033,184.305733773,-27.4475157887,127.646723033,92.4267230725,92.4267230725,158.532723055
777,1,60,positive,0.184281361089,-0.0274897305158,0.127432685394,184.281361089,-27.4897305158,127.432685394,92.3779777043,92.3779777043,158.318685416
778,0,60,positive,0.184218647895,-0.0275983529552,0.126997685322,184.218647895,-27.5983529552,126.997685322,92.2525513151,92.2525513151,157.883685344
778,1,60,positive,0.184218119756,-0.0275992677188,0.126951004926,184.218119756,-27.5992677188,126.951004926,92.2514950371,92.2514950371,157.837004949
779,0,60,positive,0.184223069503,-0.0275906945053,0.127027914035,184.223069503,-27.5906945053,127.027914035,92.2613945312,92.2613945312,157.913914057
779,1,60,positive,0.184218647895,-0.0275983529552,0.126997685322,184.218647895,-27.5983529552,126.997685322,92.2525513151,92.2525513151,157.883685344
780,0,60,positive,0.184305733773,-0.0274475157887,0.127646723033,184.305733773,-27.4475157887,127.646723033,92.4267230725,92.4267230725,158.532723055
780,1,60,positive,0.184397212683,-0.0272890696699,0.128473038874,184.397212683,-27.2890696699,128.473038874,92.6096808912,92.6096808912,159.359038896
781,0,60,positive,0.184440221126,-0.0272145768611,0.128780539691,184.440221126,-27.2145768611,128.780539691,92.6956977776,92.6956977776,159.666539713
781,1,60,positive,0.184397212683,-0.0272890696699,0.128473038874,184.397212683,-27.2890696699,128.473038874,92.6096808912,92.6096808912,159.359038896
782,0,60,positive,0.184494048764,-0.0271213446573,0.129403131239,184.494048764,-27.1213446573,129.403131239,92.8033530535,92.8033530535,160.289131261
782,1,60,positive,0.184501509752,-0.0271084218462,0.129506157606,184.501509752,-27.1084218462,129.506157606,92.8182750304,92.8182750304,160.392157628
783,0,60,positive,0.184473031805,-0.0271577470974,0.129160018684,184.473031805,-27.1577470974,129.160018684,92.7613191363,92.7613191363,160.046018707
783,1,60,positive,0.184494048764,-0.0271213446573,0.129403131239,184.494048764,-27.1213446573,129.403131239,92.8033530535,92.8033530535,160.289131261
784,0,60,positive,0.184501509752,-0.0271084218462,0.129506157606,184.501509752,-27.1084218462,129.506157606,92.8182750304,92.8182750304,160.392157628
784,1,60,positive,0.184525375742,-0.0270670847394,0.129628617818,184.525375742,-27.0670847394,129.628617818,92.8660070098,92.8660070098,160.51461784
785,0,60,positive,0.184525375742,-0.0270670847394,0.129628617818,184.525375742,-27.0670847394,129.628617818,92.8660070098,92.8660070098,160.51461784
785,1,60,positive,0.184561574246,-0.0270043870914,0.12985891608,184.561574246,-27.0043870914,129.85891608,92.9384040178,92.9384040178,160.744916103
786,0,60,positive,0.184617783114,-0.0269070304756,0.130181220917,184.617783114,-26.9070304756,130.181220917,93.0508217545,93.0508217545,161.067220939
786,1,60,positive,0.184561574246,-0.0270043870914,0.12985891608,184.561574246,-27.0043870914,129.85891608,92.9384040178,92.9384040178,160.744916103
787,0,60,positive,0.184473031805,-0.0271577470974,0.129160018684,184.473031805,-27.1577470974,129.160018684,92.7613191363,92.7613191363,160.046018707
787,1,60,positive,0.184440221126,-0.0272145768611,0.128780539691,184.440221126,-27.2145768611,128.780539691,92.6956977776,92.6956977776,159.666539713
788,0,60,positive,0.184766807198,-0.0266489131916,0.131283547408,184.766807198,-26.6489131916,131.283547408,93.3488699212,93.3488699212,162.16954743
788,1,60,positive,0.184799344339,-0.0265925572095,0.13157718183,184.799344339,-26.5925572095,131.57718183,93.4139442042,93.4139442042,162.463181852
789,0,60,positive,0.184799344339,-0.0265925572095,0.13157718183,184.799344339,-26.5925572095,131.57718183,93.4139442042,93.4139442042,162.463181852
789,1,60,positive,0.184828799016,-0.0265415402121,0.131798696078,184.828799016,-26.5415402121,131.798696078,93.4728535585,93.4728535585,162.6846961
790,0,60,positive,0.184893196684,-0.0264300001795,0.132086411988,184.893196684,-26.4300001795,132.086411988,93.6016488942,93.6016488942,162.972412011
790,1,60,positive,0.184828799016,-0.0265415402121,0.131798696078,184.828799016,-26.5415402121,131.798696078,93.4728535585,93.4728535585,162.6846961
791,0,60,positive,0.184893196684,-0.0264300001795,0.132086411988,184.893196684,-26.4300001795,132.086411988,93.6016488942,93.6016488942,162.972412011
791,1,60,positive,0.184940808523,-0.0263475340553,0.132726545251,184.940808523,-26.3475340553,132.726545251,93.6968725722,93.6968725722,163.612545274
792,0,60,positive,0.18465999592,-0.0268339157523,0.130489932124,184.65999592,-26.8339157523,130.489932124,93.1352473648,93.1352473648,161.375932147
792,1,60,positive,0.184617783114,-0.0269070304756,0.130181220917,184.617783114,-26.9070304756,130.181220917,93.0508217545,93.0508217545,161.067220939
793,0,60,positive,0.18465999592,-0.0268339157523,0.130489932124,184.65999592,-26.8339157523,130.489932124,93.1352473648,93.1352473648,161.375932147
793,1,60,positive,0.184726151993,-0.0267193300723,0.130938369793,184.726151993,-26.7193300723,130.938369793,93.2675595111,93.2675595111,161.824369815
794,0,60,positive,0.184766807198,-0.0266489131916,0.131283547408,184.766807198,-26.6489131916,131.283547408,93.3488699212,93.3488699212,162.16954743
794,1,60,positive,0.184726151993,-0.0267193300723,0.130938369793,184.726151993,-26.7193300723,130.938369793,93.2675595111,93.2675595111,161.824369815
795,0,60,positive,0.187972392713,-0.0210966762105,0.133074231798,187.972392713,-21.0966762105,133.074231798,99.7600409526,99.7600409526,163.960231821
795,1,60,positive,0.18789464003,-0.0212313478082,0.132268224759,187.89464003,-21.2313478082,132.268224759,99.6045355861,99.6045355861,163.154224781
796,0,60,positive,0.187972392713,-0.0210966762105,0.133074231798,187.972392713,-21.0966762105,133.074231798,99.7600409526,99.7600409526,163.960231821
796,1,60,positive,0.188154309973,-0.0207815862742,0.13471427284,188.154309973,-20.7815862742,134.71427284,100.123875472,100.123875472,165.600272863
797,0,60,positive,0.188460312396,-0.0202515745309,0.13730983938,188.460312396,-20.2515745309,137.30983938,100.735880317,100.735880317,168.195839402
797,1,60,positive,0.188351232065,-0.020440507206,0.136506347218,188.351232065,-20.440507206,136.506347218,100.517719655,100.517719655,167.39234724
798,0,60,positive,0.188154309973,-0.0207815862742,0.13471427284,188.154309973,-20.7815862742,134.71427284,100.123875472,100.123875472,165.600272863
798,1,60,positive,0.188206550189,-0.0206911035655,0.135225349128,188.206550189,-20.6911035655,135.225349128,100.228355904,100.228355904,166.11134915
799,0,60,positive,0.188351232065,-0.020440507206,0.136506347218,188.351232065,-20.440507206,136.506347218,100.517719655,100.517719655,167.39234724
799,1,60,positive,0.188206550189,-0.0206911035655,0.135225349128,188.206550189,-20.6911035655,135.225349128,100.228355904,100.228355904,166.11134915
800,0,60,positive,0.188588540025,-0.0200294777626,0.138641342944,188.588540025,-20.0294777626,138.641342944,100.992335575,100.992335575,169.527342966
800,1,60,positive,0.188465282576,-0.0202429659258,0.137361596891,188.465282576,-20.2429659258,137.361596891,100.745820678,100.745820678,168.247596914
801,0,60,positive,0.188588540025,-0.0200294777626,0.138641342944,188.588540025,-20.0294777626,138.641342944,100.992335575,100.992335575,169.527342966
801,1,60,positive,0.188611528352,-0.0199896608124,0.138806893298,188.611528352,-19.9896608124,138.806893298,101.038312229,101.038312229,169.692893321
802,0,60,positive,0.188460312396,-0.0202515745309,0.13730983938,188.460312396,-20.2515745309,137.30983938,100.735880317,100.735880317,168.195839402
802,1,60,positive,0.188463720561,-0.020245671415,0.137346666536,188.463720561,-20.245671415,137.346666536,100.742696648,100.742696648,168.232666558
803,0,60,positive,0.188463720561,-0.020245671415,0.137346666536,188.463720561,-20.245671415,137.346666536,100.742696648,100.742696648,168.232666558
803,1,60,positive,0.188465282576,-0.0202429659258,0.137361596891,188.465282576,-20.2429659258,137.361596891,100.745820678,100.745820678,168.247596914
804,0,60,positive,0.18885872803,-0.019561498409,0.140445383242,188.85872803,-19.561498409,140.445383242,101.532711586,101.532711586,171.331383265
804,1,60,positive,0.188611528352,-0.0199896608124,0.138806893298,188.611528352,-19.9896608124,138.806893298,101.038312229,101.038312229,169.692893321
805,0,60,positive,0.18902656108,-0.0192708030398,0.141512576654,189.02656108,-19.2708030398,141.512576654,101.868377686,101.868377686,172.398576676
805,1,60,positive,0.188896250517,-0.0194965075559,0.140681728661,188.896250517,-19.4965075559,140.681728661,101.607756559,101.607756559,171.567728683
806,0,60,positive,0.18885872803,-0.019561498409,0.140445383242,188.85872803,-19.561498409,140.445383242,101.532711586,101.532711586,171.331383265
806,1,60,positive,0.188872134754,-0.0195382772825,0.140540468341,188.872134754,-19.5382772825,140.540468341,101.559525034,101.559525034,171.426468363
807,0,60,positive,0.188872134754,-0.0195382772825,0.140540468341,188.872134754,-19.5382772825,140.540468341,101.559525034,101.559525034,171.426468363
807,1,60,positive,0.188896250517,-0.0194965075559,0.140681728661,188.896250517,-19.4965075559,140.681728661,101.607756559,101.607756559,171.567728683
808,0,60,positive,0.189070095608,-0.0191953990261,0.141735905113,189.070095608,-19.1953990261,141.735905113,101.955446741,101.955446741,172.621905136
808,1,60,positive,0.18902656108,-0.0192708030398,0.141512576654,189.02656108,-19.2708030398,141.512576654,101.868377686,101.868377686,172.398576676
809,0,60,positive,0.189123273811,-0.019103291676,0.142069813408,189.123273811,-19.103291676,142.069813408,102.061803148,102.061803148,172.95581343
809,1,60,positive,0.189070095608,-0.0191953990261,0.141735905113,189.070095608,-19.1953990261,141.735905113,101.955446741,101.955446741,172.621905136
810,0,60,positive,0.189123273811,-0.019103291676,0.142069813408,189.123273811,-19.103291676,142.069813408,102.061803148,102.061803148,172.95581343
810,1,60,positive,0.189270810346,-0.0188477509007,0.143054667985,189.270810346,-18.8477509007,143.054667985,102.356876219,102.356876219,173.940668008
811,0,60,positive,0.189484033745,-0.0184784371408,0.14471535263,189.484033745,-18.4784371408,144.71535263,102.783323016,102.783323016,175.601352652
811,1,60,positive,0.189270810346,-0.0188477509007,0.143054667985,189.270810346,-18.8477509007,143.054667985,102.356876219,102.356876219,173.940668008
812,0,60,positive,0.189484033745,-0.0184784371408,0.14471535263,189.484033745,-18.4784371408,144.71535263,102.783323016,102.783323016,175.601352652
812,1,60,positive,0.189493608221,-0.0184618536627,0.14479949317,189.493608221,-18.4618536627,144.79949317,102.802471967,102.802471967,175.685493192
813,0,60,positive,0.189493608221,-0.0184618536627,0.14479949317,189.493608221,-18.4618536627,144.79949317,102.802471967,102.802471967,175.685493192
813,1,60,positive,0.189501392432,-0.0184483710132,0.144844368537,189.501392432,-18.4483710132,144.844368537,102.81804039,102.81804039,175.73036856
814,0,60,positive,0.189501392432,-0.0184483710132,0.144844368537,189.501392432,-18.4483710132,144.844368537,102.81804039,102.81804039,175.73036856
814,1,60,positive,0.189685596592,-0.0181293200499,0.146104988087,189.685596592,-18.1293200499,146.104988087,103.186448709,103.186448709,176.99098811
815,0,60,positive,0.189816890402,-0.0179019124998,0.14701753142,189.816890402,-17.9019124998,147.01753142,103.449036329,103.449036329,177.903531442
815,1,60,positive,0.189805477311,-0.0179216805522,0.146930170031,189.805477311,-17.9216805522,146.930170031,103.426210149,103.426210149,177.816170053
816,0,60,positive,0.189881359241,-0.0177902491947,0.147531127201,189.881359241,-17.7902491947,147.531127201,103.577974008,103.577974008,178.417127224
816,1,60,positive,0.189816890402,-0.0179019124998,0.14701753142,189.816890402,-17.9019124998,147.01753142,103.449036329,103.449036329,177.903531442
817,0,60,positive,0.189805477311,-0.0179216805522,0.146930170031,189.805477311,-17.9216805522,146.930170031,103.426210149,103.426210149,177.816170053
817,1,60,positive,0.189685596592,-0.0181293200499,0.146104988087,189.685596592,-18.1293200499,146.104988087,103.186448709,103.186448709,176.99098811
818,0,60,positive,0.189881359241,-0.0177902491947,0.147531127201,189.881359241,-17.7902491947,147.531127201,103.577974008,103.577974008,178.417127224
818,1,60,positive,0.190012161822,-0.0175636924788,0.14853818537,190.012161822,-17.5636924788,148.53818537,103.83957917,103.83957917,179.424185392
819,0,60,positive,0.190025075358,-0.0175413255775,0.148637809978,190.025075358,-17.5413255775,148.637809978,103.865406243,103.865406243,179.52381
819,1,60,positive,0.190046842798,-0.0175036232669,0.148800796162,190.046842798,-17.5036232669,148.800796162,103.908941121,103.908941121,179.686796184
820,0,60,positive,0.190012161822,-0.0175636924788,0.14853818537,190.012161822,-17.5636924788,148.53818537,103.83957917,103.83957917,179.424185392
820,1,60,positive,0.190025075358,-0.0175413255775,0.148637809978,190.025075358,-17.5413255775,148.637809978,103.865406243,103.865406243,179.52381
821,0,60,positive,0.190131580972,-0.0173568524442,0.149456428665,190.131580972,-17.3568524442,149.456428665,104.078417469,104.078417469,180.342428687
821,1,60,positive,0.190046842798,-0.0175036232669,0.148800796162,190.046842798,-17.5036232669,148.800796162,103.908941121,103.908941121,179.686796184
822,0,60,positive,0.190131580972,-0.0173568524442,0.149456428665,190.131580972,-17.3568524442,149.456428665,104.078417469,104.078417469,180.342428687
822,1,60,positive,0.190210876385,-0.0172195087603,0.150205718831,190.210876385,-17.2195087603,150.205718831,104.237008295,104.237008295,181.091718854
823,0,60,positive,0.190301447635,-0.0170626347534,0.151282920594,190.301447635,-17.0626347534,151.282920594,104.418150795,104.418150795,182.168920616
823,1,60,positive,0.190210876385,-0.0172195087603,0.150205718831,190.210876385,-17.2195087603,150.205718831,104.237008295,104.237008295,181.091718854
824,0,60,positive,0.190452403299,-0.0168011718722,0.152961381256,190.452403299,-16.8011718722,152.961381256,104.720062125,104.720062125,183.847381278
824,1,60,positive,0.190301447635,-0.0170626347534,0.151282920594,190.301447635,-17.0626347534,151.282920594,104.418150795,104.418150795,182.168920616
825,0,60,positive,0.190452403299,-0.0168011718722,0.152961381256,190.452403299,-16.8011718722,152.961381256,104.720062125,104.720062125,183.847381278
825,1,60,positive,0.190469509886,-0.0167715423958,0.153189051386,190.469509886,-16.7715423958,153.189051386,104.754275297,104.754275297,184.075051409
826,0,60,positive,0.190469509886,-0.0167715423958,0.153189051386,190.469509886,-16.7715423958,153.189051386,104.754275297,104.754275297,184.075051409
826,1,60,positive,0.190480688641,-0.0167521802241,0.153342332565,190.480688641,-16.7521802241,153.342332565,104.776632807,104.776632807,184.228332587
827,0,60,positive,0.185207732478,-0.0258852082047,0.134268354004,185.207732478,-25.8852082047,134.268354004,94.2307204808,94.2307204808,165.154354026
827,1,60,positive,0.185298512103,-0.0257279732812,0.134802176915,185.298512103,-25.7279732812,134.802176915,94.4122797316,94.4122797316,165.688176937
828,0,60,positive,0.185136502807,-0.0260085816127,0.133674914482,185.136502807,-26.0085816127,133.674914482,94.0882611402,94.0882611402,164.560914504
828,1,60,positive,0.185207732478,-0.0258852082047,0.134268354004,185.207732478,-25.8852082047,134.268354004,94.2307204808,94.2307204808,165.154354026
829,0,60,positive,0.184959148494,-0.0263157682938,0.132917687191,184.959148494,-26.3157682938,132.917687191,93.7335525141,93.7335525141,163.803687214
829,1,60,positive,0.185135722843,-0.0260099325508,0.133668792533,185.135722843,-26.0099325508,133.668792533,94.0867012112,94.0867012112,164.554792556
830,0,60,positive,0.185136104083,-0.0260092722241,0.133671281578,185.136104083,-26.0092722241,133.671281578,94.0874636908,94.0874636908,164.557281601
830,1,60,positive,0.185135722843,-0.0260099325508,0.133668792533,185.135722843,-26.0099325508,133.668792533,94.0867012112,94.0867012112,164.554792556
831,0,60,positive,0.185333769603,-0.0256669055006,0.13499596052,185.333769603,-25.6669055006,134.99596052,94.4827947307,94.4827947307,165.881960543
831,1,60,positive,0.185298512103,-0.0257279732812,0.134802176915,185.298512103,-25.7279732812,134.802176915,94.4122797316,94.4122797316,165.688176937
832,0,60,positive,0.185136502807,-0.0260085816127,0.133674914482,185.136502807,-26.0085816127,133.674914482,94.0882611402,94.0882611402,164.560914504
832,1,60,positive,0.185136104083,-0.0260092722241,0.133671281578,185.136104083,-26.0092722241,133.671281578,94.0874636908,94.0874636908,164.557281601
833,0,60,positive,0.185718551422,-0.0250004438395,0.137206869948,185.718551422,-25.0004438395,137.206869948,95.2523583696,95.2523583696,168.092869971
833,1,60,positive,0.185741871136,-0.0249600529107,0.137322808801,185.741871136,-24.9600529107,137.322808801,95.2989977969,95.2989977969,168.208808824
834,0,60,positive,0.185484669537,-0.0254055391469,0.135764321068,185.484669537,-25.4055391469,135.764321068,94.7845946001,94.7845946001,166.65032109
834,1,60,positive,0.185565524523,-0.0252654942029,0.136207552036,185.565524523,-25.2654942029,136.207552036,94.9463045723,94.9463045723,167.093552059
835,0,60,positive,0.185565524523,-0.0252654942029,0.136207552036,185.565524523,-25.2654942029,136.207552036,94.9463045723,94.9463045723,167.093552059
835,1,60,positive,0.185612023694,-0.0251849552774,0.13656087741,185.612023694,-25.1849552774,136.56087741,95.039302913,95.039302913,167.446877432
836,0,60,positive,0.185484669537,-0.0254055391469,0.135764321068,185.484669537,-25.4055391469,135.764321068,94.7845946001,94.7845946001,166.65032109
836,1,60,positive,0.185333769603,-0.0256669055006,0.13499596052,185.333769603,-25.6669055006,134.99596052,94.4827947307,94.4827947307,165.881960543
837,0,60,positive,0.185718551422,-0.0250004438395,0.137206869948,185.718551422,-25.0004438395,137.206869948,95.2523583696,95.2523583696,168.092869971
837,1,60,positive,0.185612023694,-0.0251849552774,0.13656087741,185.612023694,-25.1849552774,136.56087741,95.039302913,95.039302913,167.446877432
838,0,60,positive,0.185865826401,-0.0247453560931,0.138054740072,185.865826401,-24.7453560931,138.054740072,95.5469083278,95.5469083278,168.940740094
838,1,60,positive,0.185741871136,-0.0249600529107,0.137322808801,185.741871136,-24.9600529107,137.322808801,95.2989977969,95.2989977969,168.208808824
839,0,60,positive,0.185865826401,-0.0247453560931,0.138054740072,185.865826401,-24.7453560931,138.054740072,95.5469083278,95.5469083278,168.940740094
839,1,60,positive,0.18606119612,-0.0244069658144,0.139139692745,186.06119612,-24.4069658144,139.139692745,95.9376477647,95.9376477647,170.025692768
840,0,60,positive,0.186082611545,-0.0243698732101,0.13925896827,186.082611545,-24.3698732101,139.25896827,95.9804786149,95.9804786149,170.144968292
840,1,60,positive,0.18606119612,-0.0244069658144,0.139139692745,186.06119612,-24.4069658144,139.139692745,95.9376477647,95.9376477647,170.025692768
841,0,60,positive,0.186085167619,-0.0243654459592,0.139310173885,186.085167619,-24.3654459592,139.310173885,95.9855907638,95.9855907638,170.196173907
841,1,60,positive,0.186082611545,-0.0243698732101,0.13925896827,186.082611545,-24.3698732101,139.25896827,95.9804786149,95.9804786149,170.144968292
842,0,60,positive,0.186144446858,-0.0242627713055,0.139601309261,186.144446858,-24.2627713055,139.601309261,96.1041492417,96.1041492417,170.487309283
842,1,60,positive,0.186085167619,-0.0243654459592,0.139310173885,186.085167619,-24.3654459592,139.310173885,95.9855907638,95.9855907638,170.196173907
843,0,60,positive,0.186342434715,-0.0239198462775,0.140637996188,186.342434715,-23.9198462775,140.637996188,96.5001249562,96.5001249562,171.52399621
843,1,60,positive,0.186346072084,-0.0239135461695,0.140662531953,186.346072084,-23.9135461695,140.662531953,96.5073996943,96.5073996943,171.548531975
844,0,60,positive,0.186144446858,-0.0242627713055,0.139601309261,186.144446858,-24.2627713055,139.601309261,96.1041492417,96.1041492417,170.487309283
844,1,60,positive,0.186205805441,-0.0241564951232,0.139931499392,186.205805441,-24.1564951232,139.931499392,96.2268664068,96.2268664068,170.817499414
845,0,60,positive,0.186342434715,-0.0239198462775,0.140637996188,186.342434715,-23.9198462775,140.637996188,96.5001249562,96.5001249562,171.52399621
845,1,60,positive,0.186205805441,-0.0241564951232,0.139931499392,186.205805441,-24.1564951232,139.931499392,96.2268664068,96.2268664068,170.817499414
846,0,60,positive,0.186346072084,-0.0239135461695,0.140662531953,186.346072084,-23.9135461695,140.662531953,96.5073996943,96.5073996943,171.548531975
846,1,60,positive,0.186370496398,-0.0238712420167,0.14085100055,186.370496398,-23.8712420167,140.85100055,96.5562483223,96.5562483223,171.737000572
847,0,60,positive,0.186414870826,-0.0237943832529,0.141255093737,186.414870826,-23.7943832529,141.255093737,96.6449971783,96.6449971783,172.141093759
847,1,60,positive,0.186370496398,-0.0238712420167,0.14085100055,186.370496398,-23.8712420167,140.85100055,96.5562483223,96.5562483223,171.737000572
848,0,60,positive,0.186433641013,-0.0237618723368,0.141316528075,186.433641013,-23.7618723368,141.316528075,96.6825375506,96.6825375506,172.202528097
848,1,60,positive,0.186414870826,-0.0237943832529,0.141255093737,186.414870826,-23.7943832529,141.255093737,96.6449971783,96.6449971783,172.141093759
849,0,60,positive,0.186433641013,-0.0237618723368,0.141316528075,186.433641013,-23.7618723368,141.316528075,96.6825375506,96.6825375506,172.202528097
849,1,60,positive,0.186509674193,-0.0236301790045,0.141947501919,186.509674193,-23.6301790045,141.947501919,96.8346039123,96.8346039123,172.833501941
850,0,60,positive,0.186527782248,-0.0235988149333,0.14213814843,186.527782248,-23.5988149333,142.13814843,96.8708200222,96.8708200222,173.024148452
850,1,60,positive,0.186509674193,-0.0236301790045,0.141947501919,186.509674193,-23.6301790045,141.947501919,96.8346039123,96.8346039123,172.833501941
851,0,60,positive,0.184951816439,-0.0263284677861,0.132888260306,184.951816439,-26.3284677861,132.888260306,93.7188884036,93.7188884036,163.774260328
851,1,60,positive,0.184940808523,-0.0263475340553,0.132726545251,184.940808523,-26.3475340553,132.726545251,93.6968725722,93.6968725722,163.612545274
852,0,60,positive,0.184959148494,-0.0263157682938,0.132917687191,184.959148494,-26.3157682938,132.917687191,93.7335525141,93.7335525141,163.803687214
852,1,60,positive,0.184951816439,-0.0263284677861,0.132888260306,184.951816439,-26.3284677861,132.888260306,93.7188884036,93.7188884036,163.774260328
853,0,60,positive,0.186524339701,-0.0236047776002,0.142535221678,186.524339701,-23.6047776002,142.535221678,96.8639349276,96.8639349276,173.4212217
853,1,60,positive,0.186524882431,-0.023603837564,0.14260399783,186.524882431,-23.603837564,142.60399783,96.8650203879,96.8650203879,173.489997852
854,0,60,positive,0.186655116353,-0.0233782657942,0.143014851953,186.655116353,-23.3782657942,143.014851953,97.1254882318,97.1254882318,173.900851975
854,1,60,positive,0.186664057892,-0.0233627785938,0.143028029157,186.664057892,-23.3627785938,143.028029157,97.1433713105,97.1433713105,173.914029179
855,0,60,positive,0.186524882431,-0.023603837564,0.14260399783,186.524882431,-23.603837564,142.60399783,96.8650203879,96.8650203879,173.489997852
855,1,60,positive,0.186527634713,-0.0235990704713,0.142640375874,186.527634713,-23.5990704713,142.640375874,96.8705249524,96.8705249524,173.526375897
856,0,60,positive,0.186923745402,-0.022912986634,0.144280153686,186.923745402,-22.912986634,144.280153686,97.6627463286,97.6627463286,175.166153708
856,1,60,positive,0.186935170728,-0.0228931973887,0.144366160652,186.935170728,-22.8931973887,144.366160652,97.6855969809,97.6855969809,175.252160674
857,0,60,positive,0.186664057892,-0.0233627785938,0.143028029157,186.664057892,-23.3627785938,143.028029157,97.1433713105,97.1433713105,173.914029179
857,1,60,positive,0.186681390679,-0.0233327573274,0.14306301054,186.681390679,-23.3327573274,143.06301054,97.178036883,97.178036883,173.949010562
858,0,60,positive,0.186924713876,-0.0229113091876,0.144217693883,186.924713876,-22.9113091876,144.217693883,97.6646832769,97.6646832769,175.103693905
858,1,60,positive,0.186877691722,-0.0229927539466,0.14343738713,186.877691722,-22.9927539466,143.43738713,97.5706389699,97.5706389699,174.323387152
859,0,60,positive,0.186924713876,-0.0229113091876,0.144217693883,186.924713876,-22.9113091876,144.217693883,97.6646832769,97.6646832769,175.103693905
859,1,60,positive,0.186923745402,-0.022912986634,0.144280153686,186.923745402,-22.912986634,144.280153686,97.6627463286,97.6627463286,175.166153708
860,0,60,positive,0.186877691722,-0.0229927539466,0.14343738713,186.877691722,-22.9927539466,143.43738713,97.5706389699,97.5706389699,174.323387152
860,1,60,positive,0.186681390679,-0.0233327573274,0.14306301054,186.681390679,-23.3327573274,143.06301054,97.178036883,97.178036883,173.949010562
861,0,60,positive,0.186935170728,-0.0228931973887,0.144366160652,186.935170728,-22.8931973887,144.366160652,97.6855969809,97.6855969809,175.252160674
861,1,60,positive,0.187013048116,-0.0227583097951,0.144975773161,187.013048116,-22.7583097951,144.975773161,97.8413517578,97.8413517578,175.861773184
862,0,60,positive,0.18710097993,-0.0226060074264,0.145623648792,187.10097993,-22.6060074264,145.623648792,98.0172153849,98.0172153849,176.509648814
862,1,60,positive,0.187185117559,-0.0224602767779,0.146188164519,187.185117559,-22.4602767779,146.188164519,98.1854906433,98.1854906433,177.074164541
863,0,60,positive,0.18710097993,-0.0226060074264,0.145623648792,187.10097993,-22.6060074264,145.623648792,98.0172153849,98.0172153849,176.509648814
863,1,60,positive,0.187013048116,-0.0227583097951,0.144975773161,187.013048116,-22.7583097951,144.975773161,97.8413517578,97.8413517578,175.861773184
864,0,60,positive,0.186524339701,-0.0236047776002,0.142535221678,186.524339701,-23.6047776002,142.535221678,96.8639349276,96.8639349276,173.4212217
864,1,60,positive,0.186527782248,-0.0235988149333,0.14213814843,186.527782248,-23.5988149333,142.13814843,96.8708200222,96.8708200222,173.024148452
865,0,60,positive,0.186542244352,-0.0235737658355,0.142792284365,186.542244352,-23.5737658355,142.792284365,96.899744229,96.899744229,173.678284388
865,1,60,positive,0.186527634713,-0.0235990704713,0.142640375874,186.527634713,-23.5990704713,142.640375874,96.8705249524,96.8705249524,173.526375897
866,0,60,positive,0.186655116353,-0.0233782657942,0.143014851953,186.655116353,-23.3782657942,143.014851953,97.1254882318,97.1254882318,173.900851975
866,1,60,positive,0.186542244352,-0.0235737658355,0.142792284365,186.542244352,-23.5737658355,142.792284365,96.899744229,96.899744229,173.678284388
867,0,60,positive,0.187374513472,-0.0221322334329,0.147837641162,187.374513472,-22.1322334329,147.837641162,98.5642824703,98.5642824703,178.723641184
867,1,60,positive,0.187440203362,-0.0220184552064,0.148391629103,187.440203362,-22.0184552064,148.391629103,98.6956622497,98.6956622497,179.277629125
868,0,60,positive,0.187440203362,-0.0220184552064,0.148391629103,187.440203362,-22.0184552064,148.391629103,98.6956622497,98.6956622497,179.277629125
868,1,60,positive,0.187509869951,-0.0218977891351,0.148941017812,187.509869951,-21.8977891351,148.941017812,98.8349954272,98.8349954272,179.827017835
869,0,60,positive,0.187253859343,-0.022341212515,0.14678190311,187.253859343,-22.341212515,146.78190311,98.3229742117,98.3229742117,177.667903133
869,1,60,positive,0.187336128412,-0.0221987183072,0.147430235845,187.336128412,-22.1987183072,147.430235845,98.4875123502,98.4875123502,178.316235867
870,0,60,positive,0.187253859343,-0.022341212515,0.14678190311,187.253859343,-22.341212515,146.78190311,98.3229742117,98.3229742117,177.667903133
870,1,60,positive,0.187185117559,-0.0224602767779,0.146188164519,187.185117559,-22.4602767779,146.188164519,98.1854906433,98.1854906433,177.074164541
871,0,60,positive,0.187336128412,-0.0221987183072,0.147430235845,187.336128412,-22.1987183072,147.430235845,98.4875123502,98.4875123502,178.316235867
871,1,60,positive,0.187373978377,-0.0221331602455,0.147833303808,187.373978377,-22.1331602455,147.833303808,98.5632122793,98.5632122793,178.71930383
872,0,60,positive,0.187374513472,-0.0221322334329,0.147837641162,187.374513472,-22.1322334329,147.837641162,98.5642824703,98.5642824703,178.723641184
872,1,60,positive,0.187373978377,-0.0221331602455,0.147833303808,187.373978377,-22.1331602455,147.833303808,98.5632122793,98.5632122793,178.71930383
873,0,60,positive,0.18751090979,-0.0218959880804,0.148955677393,187.51090979,-21.8959880804,148.955677393,98.837075106,98.837075106,179.841677415
873,1,60,positive,0.187509869951,-0.0218977891351,0.148941017812,187.509869951,-21.8977891351,148.941017812,98.8349954272,98.8349954272,179.827017835
874,0,60,positive,0.187514125953,-0.0218904175228,0.148990238214,187.514125953,-21.8904175228,148.990238214,98.8435074319,98.8435074319,179.876238237
874,1,60,positive,0.187577088317,-0.0217813635091,0.149777725308,187.577088317,-21.7813635091,149.777725308,98.9694321602,98.9694321602,180.66372533
875,0,60,positive,0.187577088317,-0.0217813635091,0.149777725308,187.577088317,-21.7813635091,149.777725308,98.9694321602,98.9694321602,180.66372533
875,1,60,positive,0.187644198101,-0.0216651259543,0.150496132659,187.644198101,-21.6651259543,150.496132659,99.1036517273,99.1036517273,181.382132681
876,0,60,positive,0.187678001925,-0.0216065760137,0.150849024101,187.678001925,-21.6065760137,150.849024101,99.1712593753,99.1712593753,181.735024124
876,1,60,positive,0.187644198101,-0.0216651259543,0.150496132659,187.644198101,-21.6651259543,150.496132659,99.1036517273,99.1036517273,181.382132681
877,0,60,positive,0.187705175952,-0.0215595092173,0.1511997977,187.705175952,-21.5595092173,151.1997977,99.2256074304,99.2256074304,182.085797722
877,1,60,positive,0.187678001925,-0.0216065760137,0.150849024101,187.678001925,-21.6065760137,150.849024101,99.1712593753,99.1712593753,181.735024124
878,0,60,positive,0.187514125953,-0.0218904175228,0.148990238214,187.514125953,-21.8904175228,148.990238214,98.8435074319,98.8435074319,179.876238237
878,1,60,positive,0.187512272395,-0.0218936279791,0.148962566547,187.512272395,-21.8936279791,148.962566547,98.8398003163,98.8398003163,179.848566569
879,0,60,positive,0.187512272395,-0.0218936279791,0.148962566547,187.512272395,-21.8936279791,148.962566547,98.8398003163,98.8398003163,179.848566569
879,1,60,positive,0.18751090979,-0.0218959880804,0.148955677393,187.51090979,-21.8959880804,148.955677393,98.837075106,98.837075106,179.841677415
880,0,60,positive,0.190480688641,-0.0167521802241,0.153342332565,190.480688641,-16.7521802241,153.342332565,104.776632807,104.776632807,184.228332587
880,1,60,positive,0.190494945095,-0.0167274873214,0.153646516414,190.494945095,-16.7274873214,153.646516414,104.805145715,104.805145715,184.532516436
881,0,60,positive,0.190541764296,-0.0166463940856,0.154859606733,190.541764296,-16.6463940856,154.859606733,104.898784118,104.898784118,185.745606755
881,1,60,positive,0.190606724221,-0.0165338801959,0.155795234188,190.606724221,-16.5338801959,155.795234188,105.028703967,105.028703967,186.681234211
882,0,60,positive,0.190541764296,-0.0166463940856,0.154859606733,190.541764296,-16.6463940856,154.859606733,104.898784118,104.898784118,185.745606755
882,1,60,positive,0.190494945095,-0.0167274873214,0.153646516414,190.494945095,-16.7274873214,153.646516414,104.805145715,104.805145715,184.532516436
883,0,60,positive,0.190610989174,-0.0165264930807,0.156163265276,190.610989174,-16.5264930807,156.163265276,105.037233873,105.037233873,187.049265299
883,1,60,positive,0.190606724221,-0.0165338801959,0.155795234188,190.606724221,-16.5338801959,155.795234188,105.028703967,105.028703967,186.681234211
884,0,60,positive,0.190610989174,-0.0165264930807,0.156163265276,190.610989174,-16.5264930807,156.163265276,105.037233873,105.037233873,187.049265299
884,1,60,positive,0.190652550925,-0.0164545060157,0.156779323057,190.652550925,-16.4545060157,156.779323057,105.120357376,105.120357376,187.66532308
885,0,60,positive,0.190736839638,-0.0163085136827,0.158460710089,190.736839638,-16.3085136827,158.460710089,105.288934801,105.288934801,189.346710112
885,1,60,positive,0.190708513145,-0.0163575766068,0.157902945384,190.708513145,-16.3575766068,157.902945384,105.232281816,105.232281816,188.788945406
886,0,60,positive,0.190652550925,-0.0164545060157,0.156779323057,190.652550925,-16.4545060157,156.779323057,105.120357376,105.120357376,187.66532308
886,1,60,positive,0.190708513145,-0.0163575766068,0.157902945384,190.708513145,-16.3575766068,157.902945384,105.232281816,105.232281816,188.788945406
887,0,60,positive,0.190750272554,-0.0162852471886,0.15879720451,190.750272554,-16.2852471886,158.79720451,105.315800635,105.315800635,189.683204532
887,1,60,positive,0.190736839638,-0.0163085136827,0.158460710089,190.736839638,-16.3085136827,158.460710089,105.288934801,105.288934801,189.346710112
888,0,60,positive,0.190750272554,-0.0162852471886,0.15879720451,190.750272554,-16.2852471886,158.79720451,105.315800635,105.315800635,189.683204532
888,1,60,positive,0.190769702346,-0.0162515938021,0.159729455917,190.769702346,-16.2515938021,159.729455917,105.354660218,105.354660218,190.615455939
889,0,60,positive,0.190774156064,-0.0162438797374,0.160246229475,190.774156064,-16.2438797374,160.246229475,105.363567653,105.363567653,191.132229498
889,1,60,positive,0.190769702346,-0.0162515938021,0.159729455917,190.769702346,-16.2515938021,159.729455917,105.354660218,105.354660218,190.615455939
890,0,60,positive,0.190758322439,-0.0162713043794,0.162768471298,190.758322439,-16.2713043794,162.768471298,105.331900404,105.331900404,193.654471321
890,1,60,positive,0.190753055279,-0.016280427368,0.163412674588,190.753055279,-16.280427368,163.412674588,105.321366084,105.321366084,194.298674611
891,0,60,positive,0.190758322439,-0.0162713043794,0.162768471298,190.758322439,-16.2713043794,162.768471298,105.331900404,105.331900404,193.654471321
891,1,60,positive,0.190774156064,-0.0162438797374,0.160246229475,190.774156064,-16.2438797374,160.246229475,105.363567653,105.363567653,191.132229498
892,0,60,positive,0.190753055279,-0.016280427368,0.163412674588,190.753055279,-16.280427368,163.412674588,105.321366084,105.321366084,194.298674611
892,1,60,positive,0.19075413321,-0.0162785603367,0.163526847681,190.75413321,-16.2785603367,163.526847681,105.323521946,105.323521946,194.412847704
893,0,60,positive,0.19075413321,-0.0162785603367,0.163526847681,190.75413321,-16.2785603367,163.526847681,105.323521946,105.323521946,194.412847704
893,1,60,positive,0.190753386798,-0.0162798531601,0.163615858231,190.753386798,-16.2798531601,163.615858231,105.322029122,105.322029122,194.501858253
894,0,60,positive,0.190753386798,-0.0162798531601,0.163615858231,190.753386798,-16.2798531601,163.615858231,105.322029122,105.322029122,194.501858253
894,1,60,positive,0.190754556095,-0.016277827878,0.163693922068,190.754556095,-16.277827878,163.693922068,105.324367716,105.324367716,194.579922091
895,0,60,positive,0.190756087844,-0.0162751748122,0.164348591124,190.756087844,-16.2751748122,164.348591124,105.327431213,105.327431213,195.234591147
895,1,60,positive,0.190754556095,-0.016277827878,0.163693922068,190.754556095,-16.277827878,163.693922068,105.324367716,105.324367716,194.579922091
896,0,60,positive,0.190763583619,-0.0162621917486,0.165146009702,190.763583619,-16.2621917486,165.146009702,105.342422764,105.342422764,196.032009725
896,1,60,positive,0.190756087844,-0.0162751748122,0.164348591124,190.756087844,-16.2751748122,164.348591124,105.327431213,105.327431213,195.234591147
897,0,60,positive,0.190763583619,-0.0162621917486,0.165146009702,190.763583619,-16.2621917486,165.146009702,105.342422764,105.342422764,196.032009725
897,1,60,positive,0.190788884364,-0.0162183695731,0.165801798589,190.788884364,-16.2183695731,165.801798589,105.393024253,105.393024253,196.687798611
898,0,60,positive,0.190850629923,-0.0161114231268,0.166734080833,190.850629923,-16.1114231268,166.734080833,105.516515372,105.516515372,197.620080856
898,1,60,positive,0.190814685153,-0.016173681295,0.166257366254,190.814685153,-16.173681295,166.257366254,105.444625832,105.444625832,197.143366276
899,0,60,positive,0.190814685153,-0.016173681295,0.166257366254,190.814685153,-16.173681295,166.257366254,105.444625832,105.444625832,197.143366276
899,1,60,positive,0.190788884364,-0.0162183695731,0.165801798589,190.788884364,-16.2183695731,165.801798589,105.393024253,105.393024253,196.687798611
900,0,60,positive,0.190910694115,-0.0160073888956,0.167398590612,190.910694115,-16.0073888956,167.398590612,105.636643755,105.636643755,198.284590635
900,1,60,positive,0.190850629923,-0.0161114231268,0.166734080833,190.850629923,-16.1114231268,166.734080833,105.516515372,105.516515372,197.620080856
901,0,60,positive,0.190910694115,-0.0160073888956,0.167398590612,190.910694115,-16.0073888956,167.398590612,105.636643755,105.636643755,198.284590635
901,1,60,positive,0.190928990546,-0.0159756985469,0.167705645664,190.928990546,-15.9756985469,167.705645664,105.673236618,105.673236618,198.591645686
902,0,60,positive,0.19093136914,-0.0159715787019,0.168997347469,190.93136914,-15.9715787019,168.997347469,105.677993805,105.677993805,199.883347491
902,1,60,positive,0.190928571281,-0.0159764247348,0.168940449471,190.928571281,-15.9764247348,168.940449471,105.672398088,105.672398088,199.826449493
903,0,60,positive,0.190928571281,-0.0159764247348,0.168940449471,190.928571281,-15.9764247348,168.940449471,105.672398088,105.672398088,199.826449493
903,1,60,positive,0.190929674195,-0.0159745144321,0.168511521177,190.929674195,-15.9745144321,168.511521177,105.674603916,105.674603916,199.397521199
904,0,60,positive,0.190931453326,-0.0159714328868,0.169257240319,190.931453326,-15.9714328868,169.257240319,105.678162178,105.678162178,200.143240341
904,1,60,positive,0.19093136914,-0.0159715787019,0.168997347469,190.93136914,-15.9715787019,168.997347469,105.677993805,105.677993805,199.883347491
905,0,60,positive,0.190937585189,-0.0159608121883,0.168451747518,190.937585189,-15.9608121883,168.451747518,105.690425904,105.690425904,199.33774754
905,1,60,positive,0.190929674195,-0.0159745144321,0.168511521177,190.929674195,-15.9745144321,168.511521177,105.674603916,105.674603916,199.397521199
906,0,60,positive,0.190931453326,-0.0159714328868,0.169257240319,190.931453326,-15.9714328868,169.257240319,105.678162178,105.678162178,200.143240341
906,1,60,positive,0.190950652863,-0.0159381783132,0.170841213649,190.950652863,-15.9381783132,170.841213649,105.716561252,105.716561252,201.727213672
907,0,60,positive,0.190931520713,-0.0159713161691,0.167837780818,190.931520713,-15.9713161691,167.837780818,105.678296952,105.678296952,198.72378084
907,1,60,positive,0.190937585189,-0.0159608121883,0.168451747518,190.937585189,-15.9608121883,168.451747518,105.690425904,105.690425904,199.33774754
908,0,60,positive,0.187705175952,-0.0215595092173,0.1511997977,187.705175952,-21.5595092173,151.1997977,99.2256074304,99.2256074304,182.085797722
908,1,60,positive,0.187703867652,-0.0215617752609,0.151597454439,187.703867652,-21.5617752609,151.597454439,99.2229908287,99.2229908287,182.483454461
909,0,60,positive,0.187715829547,-0.0215410566509,0.152101685656,187.715829547,-21.5410566509,152.101685656,99.2469146187,99.2469146187,182.987685678
909,1,60,positive,0.187703867652,-0.0215617752609,0.151597454439,187.703867652,-21.5617752609,151.597454439,99.2229908287,99.2229908287,182.483454461
910,0,60,positive,0.187715829547,-0.0215410566509,0.152101685656,187.715829547,-21.5410566509,152.101685656,99.2469146187,99.2469146187,182.987685678
910,1,60,positive,0.187782488044,-0.0214256007469,0.152597357594,187.782488044,-21.4256007469,152.597357594,99.3802316133,99.3802316133,183.483357616
911,0,60,positive,0.187790080212,-0.0214124507253,0.153158684602,187.790080212,-21.4124507253,153.158684602,99.3954159504,99.3954159504,184.044684624
911,1,60,positive,0.187799220705,-0.0213966189281,0.153838802189,187.799220705,-21.3966189281,153.838802189,99.413696935,99.413696935,184.724802211
912,0,60,positive,0.187799220705,-0.0213966189281,0.153838802189,187.799220705,-21.3966189281,153.838802189,99.413696935,99.413696935,184.724802211
912,1,60,positive,0.187806073948,-0.0213847487625,0.153977004149,187.806073948,-21.3847487625,153.977004149,99.4274034216,99.4274034216,184.863004171
913,0,60,positive,0.187790080212,-0.0214124507253,0.153158684602,187.790080212,-21.4124507253,153.158684602,99.3954159504,99.3954159504,184.044684624
913,1,60,positive,0.187781940555,-0.021426549026,0.152677403568,187.781940555,-21.426549026,152.677403568,99.3791366349,99.3791366349,183.563403591
914,0,60,positive,0.187781940555,-0.021426549026,0.152677403568,187.781940555,-21.426549026,152.677403568,99.3791366349,99.3791366349,183.563403591
914,1,60,positive,0.187782488044,-0.0214256007469,0.152597357594,187.782488044,-21.4256007469,152.597357594,99.3802316133,99.3802316133,183.483357616
915,0,60,positive,0.187806073948,-0.0213847487625,0.153977004149,187.806073948,-21.3847487625,153.977004149,99.4274034216,99.4274034216,184.863004171
915,1,60,positive,0.187808952151,-0.0213797635688,0.153974627698,187.808952151,-21.3797635688,153.974627698,99.4331598275,99.4331598275,184.860627721
916,0,60,positive,0.187868764472,-0.021276165589,0.154395616422,187.868764472,-21.276165589,154.395616422,99.5527844705,99.5527844705,185.281616444
916,1,60,positive,0.187863008901,-0.0212861345313,0.154653658952,187.863008901,-21.2861345313,154.653658952,99.5412733276,99.5412733276,185.539658974
917,0,60,positive,0.187863008901,-0.0212861345313,0.154653658952,187.863008901,-21.2861345313,154.653658952,99.5412733276,99.5412733276,185.539658974
917,1,60,positive,0.187869174871,-0.0212754547578,0.154807382103,187.869174871,-21.2754547578,154.807382103,99.5536052677,99.5536052677,185.693382125
918,0,60,positive,0.187869174871,-0.0212754547578,0.154807382103,187.869174871,-21.2754547578,154.807382103,99.5536052677,99.5536052677,185.693382125
918,1,60,positive,0.187886551018,-0.0212453583879,0.155025779888,187.886551018,-21.2453583879,155.025779888,99.5883575622,99.5883575622,185.91177991
919,0,60,positive,0.187808952151,-0.0213797635688,0.153974627698,187.808952151,-21.3797635688,153.974627698,99.4331598275,99.4331598275,184.860627721
919,1,60,positive,0.187848652822,-0.0213109999895,0.154195249808,187.848652822,-21.3109999895,154.195249808,99.5125611695,99.5125611695,185.081249831
920,0,60,positive,0.187906433271,-0.021210921316,0.156245560059,187.906433271,-21.210921316,156.245560059,99.6281220677,99.6281220677,187.131560081
920,1,60,positive,0.187886551018,-0.0212453583879,0.155025779888,187.886551018,-21.2453583879,155.025779888,99.5883575622,99.5883575622,185.91177991
921,0,60,positive,0.187906433271,-0.021210921316,0.156245560059,187.906433271,-21.210921316,156.245560059,99.6281220677,99.6281220677,187.131560081
921,1,60,positive,0.187906056537,-0.0212115738392,0.156548028033,187.906056537,-21.2115738392,156.548028033,99.6273685988,99.6273685988,187.434028055
922,0,60,positive,0.187866395702,-0.0212802684194,0.15431084232,187.866395702,-21.2802684194,154.31084232,99.5480469301,99.5480469301,185.196842342
922,1,60,positive,0.187848652822,-0.0213109999895,0.154195249808,187.848652822,-21.3109999895,154.195249808,99.5125611695,99.5125611695,185.081249831
923,0,60,positive,0.187868764472,-0.021276165589,0.154395616422,187.868764472,-21.276165589,154.395616422,99.5527844705,99.5527844705,185.281616444
923,1,60,positive,0.187866395702,-0.0212802684194,0.15431084232,187.866395702,-21.2802684194,154.31084232,99.5480469301,99.5480469301,185.196842342
924,0,60,positive,0.187929003523,-0.0211718284925,0.1569512554,187.929003523,-21.1718284925,156.9512554,99.673262572,99.673262572,187.837255423
924,1,60,positive,0.187942148823,-0.0211490601652,0.157050880553,187.942148823,-21.1490601652,157.050880553,99.6995531719,99.6995531719,187.936880576
925,0,60,positive,0.188044769728,-0.0209713155439,0.157517714273,188.044769728,-20.9713155439,157.517714273,99.9047949817,99.9047949817,188.403714295
925,1,60,positive,0.187942148823,-0.0211490601652,0.157050880553,187.942148823,-21.1490601652,157.050880553,99.6995531719,99.6995531719,187.936880576
926,0,60,positive,0.187906056537,-0.0212115738392,0.156548028033,187.906056537,-21.2115738392,156.548028033,99.6273685988,99.6273685988,187.434028055
926,1,60,positive,0.187897444371,-0.0212264905481,0.156845898066,187.897444371,-21.2264905481,156.845898066,99.610144267,99.610144267,187.731898088
927,0,60,positive,0.188044769728,-0.0209713155439,0.157517714273,188.044769728,-20.9713155439,157.517714273,99.9047949817,99.9047949817,188.403714295
927,1,60,positive,0.188123498422,-0.0208349534464,0.157716641993,188.123498422,-20.8349534464,157.716641993,100.062252369,100.062252369,188.602642015
928,0,60,positive,0.188082822905,-0.0209054055072,0.158348335407,188.082822905,-20.9054055072,158.348335407,99.9809013366,99.9809013366,189.234335429
928,1,60,positive,0.188036995276,-0.0209847812898,0.15876887442,188.036995276,-20.9847812898,158.76887442,99.8892460778,99.8892460778,189.654874443
929,0,60,positive,0.187929003523,-0.0211718284925,0.1569512554,187.929003523,-21.1718284925,156.9512554,99.673262572,99.673262572,187.837255423
929,1,60,positive,0.187897444371,-0.0212264905481,0.156845898066,187.897444371,-21.2264905481,156.845898066,99.610144267,99.610144267,187.731898088
930,0,60,positive,0.188130831872,-0.0208222515374,0.157939234777,188.130831872,-20.8222515374,157.939234777,100.07691927,100.07691927,188.8252348
930,1,60,positive,0.188123498422,-0.0208349534464,0.157716641993,188.123498422,-20.8349534464,157.716641993,100.062252369,100.062252369,188.602642015
931,0,60,positive,0.188082822905,-0.0209054055072,0.158348335407,188.082822905,-20.9054055072,158.348335407,99.9809013366,99.9809013366,189.234335429
931,1,60,positive,0.188130831872,-0.0208222515374,0.157939234777,188.130831872,-20.8222515374,157.939234777,100.07691927,100.07691927,188.8252348
932,0,60,positive,0.188036995276,-0.0209847812898,0.15876887442,188.036995276,-20.9847812898,158.76887442,99.8892460778,99.8892460778,189.654874443
932,1,60,positive,0.188034598166,-0.0209889332061,0.159016989894,188.034598166,-20.9889332061,159.016989894,99.8844518577,99.8844518577,189.902989916
933,0,60,positive,0.188066907156,-0.0209329723937,0.159558953267,188.066907156,-20.9329723937,159.558953267,99.9490698379,99.9490698379,190.444953289
933,1,60,positive,0.188034598166,-0.0209889332061,0.159016989894,188.034598166,-20.9889332061,159.016989894,99.8844518577,99.8844518577,189.902989916
934,0,60,positive,0.188066907156,-0.0209329723937,0.159558953267,188.066907156,-20.9329723937,159.558953267,99.9490698379,99.9490698379,190.444953289
934,1,60,positive,0.188132043083,-0.0208201536596,0.160200067651,188.132043083,-20.8201536596,160.200067651,100.079341691,100.079341691,191.086067673
935,0,60,positive,0.188169602271,-0.0207550992379,0.160900338178,188.169602271,-20.7550992379,160.900338178,100.154460067,100.154460067,191.786338201
935,1,60,positive,0.188181138166,-0.0207351184816,0.161175026651,188.181138166,-20.7351184816,161.175026651,100.177531857,100.177531857,192.061026673
936,0,60,positive,0.188147582132,-0.0207932392374,0.16033063709,188.147582132,-20.7932392374,160.33063709,100.110419789,100.110419789,191.216637113
936,1,60,positive,0.188132043083,-0.0208201536596,0.160200067651,188.132043083,-20.8201536596,160.200067651,100.079341691,100.079341691,191.086067673
937,0,60,positive,0.188151758764,-0.0207860050975,0.160407876552,188.151758764,-20.7860050975,160.407876552,100.118773054,100.118773054,191.293876575
937,1,60,positive,0.188147582132,-0.0207932392374,0.16033063709,188.147582132,-20.7932392374,160.33063709,100.110419789,100.110419789,191.216637113
938,0,60,positive,0.188169602271,-0.0207550992379,0.160900338178,188.169602271,-20.7550992379,160.900338178,100.154460067,100.154460067,191.786338201
938,1,60,positive,0.188151758764,-0.0207860050975,0.160407876552,188.151758764,-20.7860050975,160.407876552,100.118773054,100.118773054,191.293876575
939,0,60,positive,0.188181138166,-0.0207351184816,0.161175026651,188.181138166,-20.7351184816,161.175026651,100.177531857,100.177531857,192.061026673
939,1,60,positive,0.188187915691,-0.0207233794624,0.161248326779,188.187915691,-20.7233794624,161.248326779,100.191086909,100.191086909,192.134326802
940,0,60,positive,0.188187915691,-0.0207233794624,0.161248326779,188.187915691,-20.7233794624,161.248326779,100.191086909,100.191086909,192.134326802
940,1,60,positive,0.188247357756,-0.0206204227862,0.161910003016,188.247357756,-20.6204227862,161.910003016,100.309971038,100.309971038,192.796003038
941,0,60,positive,0.188286594228,-0.0205524632227,0.162345167021,188.286594228,-20.5524632227,162.345167021,100.388443983,100.388443983,193.231167043
941,1,60,positive,0.188247357756,-0.0206204227862,0.161910003016,188.247357756,-20.6204227862,161.910003016,100.309971038,100.309971038,192.796003038
942,0,60,positive,0.188288453826,-0.020549242306,0.162402629496,188.288453826,-20.549242306,162.402629496,100.392163177,100.392163177,193.288629518
942,1,60,positive,0.188288195814,-0.0205496891951,0.163214989008,188.288195814,-20.5496891951,163.214989008,100.391647154,100.391647154,194.10098903
943,0,60,positive,0.188288453826,-0.020549242306,0.162402629496,188.288453826,-20.549242306,162.402629496,100.392163177,100.392163177,193.288629518
943,1,60,positive,0.188286594228,-0.0205524632227,0.162345167021,188.286594228,-20.5524632227,162.345167021,100.388443983,100.388443983,193.231167043
944,0,60,positive,0.188315824267,-0.0205018353104,0.163923907247,188.315824267,-20.5018353104,163.923907247,100.44690406,100.44690406,194.809907269
944,1,60,positive,0.188324040399,-0.0204876045528,0.164073222089,188.324040399,-20.4876045528,164.073222089,100.463336324,100.463336324,194.959222111
945,0,60,positive,0.188324040399,-0.0204876045528,0.164073222089,188.324040399,-20.4876045528,164.073222089,100.463336324,100.463336324,194.959222111
945,1,60,positive,0.188330265069,-0.0204768231078,0.164159192767,188.330265069,-20.4768231078,164.159192767,100.475785664,100.475785664,195.045192789
946,0,60,positive,0.188315824267,-0.0205018353104,0.163923907247,188.315824267,-20.5018353104,163.923907247,100.44690406,100.44690406,194.809907269
946,1,60,positive,0.188288195814,-0.0205496891951,0.163214989008,188.288195814,-20.5496891951,163.214989008,100.391647154,100.391647154,194.10098903
947,0,60,positive,0.188340019955,-0.0204599271505,0.164602578797,188.340019955,-20.4599271505,164.602578797,100.495295435,100.495295435,195.488578819
947,1,60,positive,0.188330265069,-0.0204768231078,0.164159192767,188.330265069,-20.4768231078,164.159192767,100.475785664,100.475785664,195.045192789
948,0,60,positive,0.188336715369,-0.0204656508616,0.164793125878,188.336715369,-20.4656508616,164.793125878,100.488686263,100.488686263,195.6791259
948,1,60,positive,0.188340019955,-0.0204599271505,0.164602578797,188.340019955,-20.4599271505,164.602578797,100.495295435,100.495295435,195.488578819
949,0,60,positive,0.188336715369,-0.0204656508616,0.164793125878,188.336715369,-20.4656508616,164.793125878,100.488686263,100.488686263,195.6791259
949,1,60,positive,0.188333381322,-0.0204714255991,0.165378913775,188.333381322,-20.4714255991,165.378913775,100.48201817,100.48201817,196.264913798
950,0,60,positive,0.188379570703,-0.0203914232444,0.166067087849,188.379570703,-20.3914232444,166.067087849,100.574396932,100.574396932,196.953087871
950,1,60,positive,0.188333381322,-0.0204714255991,0.165378913775,188.333381322,-20.4714255991,165.378913775,100.48201817,100.48201817,196.264913798
951,0,60,positive,0.188379570703,-0.0203914232444,0.166067087849,188.379570703,-20.3914232444,166.067087849,100.574396932,100.574396932,196.953087871
951,1,60,positive,0.188417433253,-0.0203258433854,0.166814315921,188.417433253,-20.3258433854,166.814315921,100.650122031,100.650122031,197.700315944
952,0,60,positive,0.188417433253,-0.0203258433854,0.166814315921,188.417433253,-20.3258433854,166.814315921,100.650122031,100.650122031,197.700315944
952,1,60,positive,0.188430294939,-0.0203035662918,0.167090532605,188.430294939,-20.3035662918,167.090532605,100.675845403,100.675845403,197.976532627
953,0,60,positive,0.188443317767,-0.0202810100914,0.167782202662,188.443317767,-20.2810100914,167.782202662,100.701891059,100.701891059,198.668202684
953,1,60,positive,0.188430294939,-0.0203035662918,0.167090532605,188.430294939,-20.3035662918,167.090532605,100.675845403,100.675845403,197.976532627
954,0,60,positive,0.188443317767,-0.0202810100914,0.167782202662,188.443317767,-20.2810100914,167.782202662,100.701891059,100.701891059,198.668202684
954,1,60,positive,0.188476613906,-0.0202233394865,0.168861719436,188.476613906,-20.2233394865,168.861719436,100.768483338,100.768483338,199.747719458
955,0,60,positive,0.188477564702,-0.02022169266,0.168889904725,188.477564702,-20.22169266,168.889904725,100.770384929,100.770384929,199.775904748
955,1,60,positive,0.188476613906,-0.0202233394865,0.168861719436,188.476613906,-20.2233394865,168.861719436,100.768483338,100.768483338,199.747719458
956,0,60,positive,0.188478382183,-0.0202202767411,0.168902804536,188.478382183,-20.2202767411,168.902804536,100.772019892,100.772019892,199.788804558
956,1,60,positive,0.188477564702,-0.02022169266,0.168889904725,188.477564702,-20.22169266,168.889904725,100.770384929,100.770384929,199.775904748
957,0,60,positive,0.188478382183,-0.0202202767411,0.168902804536,188.478382183,-20.2202767411,168.902804536,100.772019892,100.772019892,199.788804558
957,1,60,positive,0.188530333602,-0.0201302942434,0.170034819197,188.530333602,-20.1302942434,170.034819197,100.87592273,100.87592273,200.920819219
958,0,60,positive,0.188560920552,-0.0200773160929,0.170386847262,188.560920552,-20.0773160929,170.386847262,100.937096629,100.937096629,201.272847284
958,1,60,positive,0.188530333602,-0.0201302942434,0.170034819197,188.530333602,-20.1302942434,170.034819197,100.87592273,100.87592273,200.920819219
959,0,60,positive,0.190968616143,-0.0159070650003,0.171947509573,190.968616143,-15.9070650003,171.947509573,105.752487811,105.752487811,202.833509596
959,1,60,positive,0.190950652863,-0.0159381783132,0.170841213649,190.950652863,-15.9381783132,170.841213649,105.716561252,105.716561252,201.727213672
960,0,60,positive,0.190968616143,-0.0159070650003,0.171947509573,190.968616143,-15.9070650003,171.947509573,105.752487811,105.752487811,202.833509596
960,1,60,positive,0.190969773583,-0.0159050602548,0.172257437305,190.969773583,-15.9050602548,172.257437305,105.754802692,105.754802692,203.143437327
961,0,60,positive,0.190969773583,-0.0159050602548,0.172257437305,190.969773583,-15.9050602548,172.257437305,105.754802692,105.754802692,203.143437327
961,1,60,positive,0.190969891125,-0.0159048566666,0.172401504306,190.969891125,-15.9048566666,172.401504306,105.755037775,105.755037775,203.287504328
962,0,60,positive,0.191004137518,-0.0158455401733,0.174912200005,191.004137518,-15.8455401733,174.912200005,105.823530562,105.823530562,205.798200027
962,1,60,positive,0.190987155693,-0.0158749535576,0.173555313538,190.987155693,-15.8749535576,173.555313538,105.789566911,105.789566911,204.441313561
963,0,60,positive,0.190987046746,-0.0158751422585,0.173487699559,190.987046746,-15.8751422585,173.487699559,105.789349018,105.789349018,204.373699581
963,1,60,positive,0.190969891125,-0.0159048566666,0.172401504306,190.969891125,-15.9048566666,172.401504306,105.755037775,105.755037775,203.287504328
964,0,60,positive,0.190987046746,-0.0158751422585,0.173487699559,190.987046746,-15.8751422585,173.487699559,105.789349018,105.789349018,204.373699581
964,1,60,positive,0.190987155693,-0.0158749535576,0.173555313538,190.987155693,-15.8749535576,173.555313538,105.789566911,105.789566911,204.441313561
965,0,60,positive,0.18883643188,-0.0196001164737,0.173934630498,188.83643188,-19.6001164737,173.934630498,101.488119286,101.488119286,204.82063052
965,1,60,positive,0.188905089928,-0.0194811972472,0.174832145384,188.905089928,-19.4811972472,174.832145384,101.625435381,101.625435381,205.718145406
966,0,60,positive,0.188919458752,-0.0194563097143,0.175303458139,188.919458752,-19.4563097143,175.303458139,101.654173029,101.654173029,206.189458161
966,1,60,positive,0.188905089928,-0.0194811972472,0.174832145384,188.905089928,-19.4811972472,174.832145384,101.625435381,101.625435381,205.718145406
967,0,60,positive,0.191047938264,-0.015769675056,0.175769975551,191.047938264,-15.769675056,175.769975551,105.911132054,105.911132054,206.655975573
967,1,60,positive,0.191004137518,-0.0158455401733,0.174912200005,191.004137518,-15.8455401733,174.912200005,105.823530562,105.823530562,205.798200027
968,0,60,positive,0.191121321798,-0.0156425710471,0.177342036833,191.121321798,-15.6425710471,177.342036833,106.057899121,106.057899121,208.228036855
968,1,60,positive,0.191093215313,-0.0156912529064,0.176654112765,191.093215313,-15.6912529064,176.654112765,106.001686152,106.001686152,207.540112787
969,0,60,positive,0.191047938264,-0.015769675056,0.175769975551,191.047938264,-15.769675056,175.769975551,105.911132054,105.911132054,206.655975573
969,1,60,positive,0.191068678312,-0.0157337522393,0.17609611564,191.068678312,-15.7337522393,176.09611564,105.952612149,105.952612149,206.982115662
970,0,60,positive,0.191068678312,-0.0157337522393,0.17609611564,191.068678312,-15.7337522393,176.09611564,105.952612149,105.952612149,206.982115662
970,1,60,positive,0.191079067951,-0.0157157568556,0.17625639731,191.079067951,-15.7157568556,176.25639731,105.973391429,105.973391429,207.142397332
971,0,60,positive,0.191079067951,-0.0157157568556,0.17625639731,191.079067951,-15.7157568556,176.25639731,105.973391429,105.973391429,207.142397332
971,1,60,positive,0.191093215313,-0.0156912529064,0.176654112765,191.093215313,-15.6912529064,176.654112765,106.001686152,106.001686152,207.540112787
972,0,60,positive,0.191100937708,-0.015677877327,0.177946921039,191.100937708,-15.677877327,177.946921039,106.017130941,106.017130941,208.832921061
972,1,60,positive,0.191121321798,-0.0156425710471,0.177342036833,191.121321798,-15.6425710471,177.342036833,106.057899121,106.057899121,208.228036855
973,0,60,positive,0.191100937708,-0.015677877327,0.177946921039,191.100937708,-15.677877327,177.946921039,106.017130941,106.017130941,208.832921061
973,1,60,positive,0.191095388382,-0.0156874890405,0.178215467154,191.095388382,-15.6874890405,178.215467154,106.00603229,106.00603229,209.101467176
974,0,60,positive,0.191095388382,-0.0156874890405,0.178215467154,191.095388382,-15.6874890405,178.215467154,106.00603229,106.00603229,209.101467176
974,1,60,positive,0.191137333777,-0.015614837485,0.178577223031,191.137333777,-15.614837485,178.577223031,106.08992308,106.08992308,209.463223053
975,0,60,positive,0.188919458752,-0.0194563097143,0.175303458139,188.919458752,-19.4563097143,175.303458139,101.654173029,101.654173029,206.189458161
975,1,60,positive,0.188935067835,-0.0194292739882,0.175586431545,188.935067835,-19.4292739882,175.586431545,101.685391196,101.685391196,206.472431567
976,0,60,positive,0.188935067835,-0.0194292739882,0.175586431545,188.935067835,-19.4292739882,175.586431545,101.685391196,101.685391196,206.472431567
976,1,60,positive,0.188945566321,-0.0194110900769,0.175832562674,188.945566321,-19.4110900769,175.832562674,101.706388169,101.706388169,206.718562697
977,0,60,positive,0.188977960167,-0.0193549822898,0.176259877776,188.977960167,-19.3549822898,176.259877776,101.77117586,101.77117586,207.145877798
977,1,60,positive,0.188945566321,-0.0194110900769,0.175832562674,188.945566321,-19.4110900769,175.832562674,101.706388169,101.706388169,206.718562697
978,0,60,positive,0.188964041116,-0.0193790907935,0.176611906698,188.964041116,-19.3790907935,176.611906698,101.743337758,101.743337758,207.497906721
978,1,60,positive,0.188977960167,-0.0193549822898,0.176259877776,188.977960167,-19.3549822898,176.259877776,101.77117586,101.77117586,207.145877798
979,0,60,positive,0.188964041116,-0.0193790907935,0.176611906698,188.964041116,-19.3790907935,176.611906698,101.743337758,101.743337758,207.497906721
979,1,60,positive,0.188958015796,-0.0193895269546,0.176882299592,188.958015796,-19.3895269546,176.882299592,101.731287117,101.731287117,207.768299615
980,0,60,positive,0.188958015796,-0.0193895269546,0.176882299592,188.958015796,-19.3895269546,176.882299592,101.731287117,101.731287117,207.768299615
980,1,60,positive,0.188939881007,-0.0194209373309,0.176990911276,188.939881007,-19.4209373309,176.990911276,101.695017539,101.695017539,207.876911298
981,0,60,positive,0.188922763801,-0.0194505852012,0.178064256798,188.922763801,-19.4505852012,178.064256798,101.660783127,101.660783127,208.95025682
981,1,60,positive,0.188939881007,-0.0194209373309,0.176990911276,188.939881007,-19.4209373309,176.990911276,101.695017539,101.695017539,207.876911298
982,0,60,positive,0.188922763801,-0.0194505852012,0.178064256798,188.922763801,-19.4505852012,178.064256798,101.660783127,101.660783127,208.95025682
982,1,60,positive,0.188921643619,-0.0194525254127,0.178227306733,188.921643619,-19.4525254127,178.227306733,101.658542764,101.658542764,209.113306755
983,0,60,positive,0.188921643619,-0.0194525254127,0.178227306733,188.921643619,-19.4525254127,178.227306733,101.658542764,101.658542764,209.113306755
983,1,60,positive,0.188911998468,-0.0194692313046,0.178355716506,188.911998468,-19.4692313046,178.355716506,101.639252462,101.639252462,209.241716528
984,0,60,positive,0.188600492804,-0.0200087749414,0.171130580598,188.600492804,-20.0087749414,171.130580598,101.016241134,101.016241134,202.01658062
984,1,60,positive,0.188611909015,-0.0199890014835,0.171265621698,188.611909015,-19.9890014835,171.265621698,101.039073556,101.039073556,202.151621721
985,0,60,positive,0.188600492804,-0.0200087749414,0.171130580598,188.600492804,-20.0087749414,171.130580598,101.016241134,101.016241134,202.01658062
985,1,60,positive,0.188560920552,-0.0200773160929,0.170386847262,188.560920552,-20.0773160929,170.386847262,100.937096629,100.937096629,201.272847284
986,0,60,positive,0.188611909015,-0.0199890014835,0.171265621698,188.611909015,-19.9890014835,171.265621698,101.039073556,101.039073556,202.151621721
986,1,60,positive,0.188614330556,-0.0199848072525,0.171312499229,188.614330556,-19.9848072525,171.312499229,101.043916637,101.043916637,202.198499251
987,0,60,positive,0.188614330556,-0.0199848072525,0.171312499229,188.614330556,-19.9848072525,171.312499229,101.043916637,101.043916637,202.198499251
987,1,60,positive,0.188613112243,-0.0199869174322,0.171480630001,188.613112243,-19.9869174322,171.480630001,101.041480011,101.041480011,202.366630024
988,0,60,positive,0.188631339159,-0.0199553474872,0.171849711426,188.631339159,-19.9553474872,171.849711426,101.077933844,101.077933844,202.735711448
988,1,60,positive,0.188719874987,-0.0198019989345,0.17266533883,188.719874987,-19.8019989345,172.66533883,101.2550055,101.2550055,203.551338852
989,0,60,positive,0.188631339159,-0.0199553474872,0.171849711426,188.631339159,-19.9553474872,171.849711426,101.077933844,101.077933844,202.735711448
989,1,60,positive,0.188613112243,-0.0199869174322,0.171480630001,188.613112243,-19.9869174322,171.480630001,101.041480011,101.041480011,202.366630024
990,0,60,positive,0.188719874987,-0.0198019989345,0.17266533883,188.719874987,-19.8019989345,172.66533883,101.2550055,101.2550055,203.551338852
990,1,60,positive,0.188791454943,-0.0196780188138,0.173397444107,188.791454943,-19.6780188138,173.397444107,101.398165412,101.398165412,204.283444129
991,0,60,positive,0.188809507385,-0.0196467510681,0.173610955234,188.809507385,-19.6467510681,173.610955234,101.434270295,101.434270295,204.496955257
991,1,60,positive,0.188791454943,-0.0196780188138,0.173397444107,188.791454943,-19.6780188138,173.397444107,101.398165412,101.398165412,204.283444129
992,0,60,positive,0.188816288601,-0.0196350056569,0.173776427523,188.816288601,-19.6350056569,173.776427523,101.447832728,101.447832728,204.662427546
992,1,60,positive,0.188809507385,-0.0196467510681,0.173610955234,188.809507385,-19.6467510681,173.610955234,101.434270295,101.434270295,204.496955257
993,0,60,positive,0.18883643188,-0.0196001164737,0.173934630498,188.83643188,-19.6001164737,173.934630498,101.488119286,101.488119286,204.82063052
993,1,60,positive,0.188816288601,-0.0196350056569,0.173776427523,188.816288601,-19.6350056569,173.776427523,101.447832728,101.447832728,204.662427546
994,0,60,positive,0.188911998468,-0.0194692313046,0.178355716506,188.911998468,-19.4692313046,178.355716506,101.639252462,101.639252462,209.241716528
994,1,60,positive,0.188928266399,-0.0194410544224,0.178575717359,188.928266399,-19.4410544224,178.575717359,101.671788323,101.671788323,209.461717381
995,0,60,positive,0.188914351069,-0.0194651564805,0.178813348298,188.914351069,-19.4651564805,178.813348298,101.643957663,101.643957663,209.699348321
995,1,60,positive,0.188928266399,-0.0194410544224,0.178575717359,188.928266399,-19.4410544224,178.575717359,101.671788323,101.671788323,209.461717381
996,0,60,positive,0.188969592858,-0.0193694748941,0.17943004885,188.969592858,-19.3694748941,179.43004885,101.754441243,101.754441243,210.316048872
996,1,60,positive,0.188914351069,-0.0194651564805,0.178813348298,188.914351069,-19.4651564805,178.813348298,101.643957663,101.643957663,209.699348321
997,0,60,positive,0.193554567627,-0.011428065643,0.24613540225,193.554567627,-11.428065643,246.13540225,110.92439078,110.92439078,277.021402272
997,1,60,positive,0.193554694061,-0.011427846653,0.245856074791,193.554694061,-11.427846653,245.856074791,110.924643648,110.924643648,276.742074814
998,0,60,positive,0.193432584826,-0.0116393460532,0.245187510686,193.432584826,-11.6393460532,245.187510686,110.680425177,110.680425177,276.073510708
998,1,60,positive,0.193397750628,-0.0116996806538,0.245104444637,193.397750628,-11.6996806538,245.104444637,110.610756781,110.610756781,275.990444659
999,0,60,positive,0.193432584826,-0.0116393460532,0.245187510686,193.432584826,-11.6393460532,245.187510686,110.680425177,110.680425177,276.073510708
999,1,60,positive,0.193497829409,-0.0115263391191,0.245407047582,193.497829409,-11.5263391191,245.407047582,110.810914344,110.810914344,276.293047604
1000,0,60,positive,0.193397750628,-0.0116996806538,0.245104444637,193.397750628,-11.6996806538,245.104444637,110.610756781,110.610756781,275.990444659
1000,1,60,positive,0.193289673963,-0.0118868749275,0.244991244232,193.289673963,-11.8868749275,244.991244232,110.394603452,110.394603452,275.877244254
1001,0,60,positive,0.193186465355,-0.0120656374811,0.244853133792,193.186465355,-12.0656374811,244.853133792,110.188186235,110.188186235,275.739133815
1001,1,60,positive,0.193289673963,-0.0118868749275,0.244991244232,193.289673963,-11.8868749275,244.991244232,110.394603452,110.394603452,275.877244254
1002,0,60,positive,0.192927822295,-0.0125136204012,0.24461485811,192.927822295,-12.5136204012,244.61485811,109.670900116,109.670900116,275.500858132
1002,1,60,positive,0.193186465355,-0.0120656374811,0.244853133792,193.186465355,-12.0656374811,244.853133792,110.188186235,110.188186235,275.739133815
1003,0,60,positive,0.193535838781,-0.0114605049567,0.245599090207,193.535838781,-11.4605049567,245.599090207,110.886933087,110.886933087,276.485090229
1003,1,60,positive,0.193497829409,-0.0115263391191,0.245407047582,193.497829409,-11.5263391191,245.407047582,110.810914344,110.810914344,276.293047604
1004,0,60,positive,0.193535838781,-0.0114605049567,0.245599090207,193.535838781,-11.4605049567,245.599090207,110.886933087,110.886933087,276.485090229
1004,1,60,positive,0.193554694061,-0.011427846653,0.245856074791,193.554694061,-11.427846653,245.856074791,110.924643648,110.924643648,276.742074814
1005,0,60,positive,0.193554567627,-0.011428065643,0.24613540225,193.554567627,-11.428065643,246.13540225,110.92439078,110.92439078,277.021402272
1005,1,60,positive,0.193556747567,-0.0114242898762,0.246408214974,193.556747567,-11.4242898762,246.408214974,110.92875066,110.92875066,277.294214997
1006,0,60,positive,0.193556747567,-0.0114242898762,0.246408214974,193.556747567,-11.4242898762,246.408214974,110.92875066,110.92875066,277.294214997
1006,1,60,positive,0.19351672681,-0.0114936078615,0.246806507838,193.51672681,-11.4936078615,246.806507838,110.848709145,110.848709145,277.69250786
1007,0,60,positive,0.192410688475,-0.0134093224529,0.244384475986,192.410688475,-13.4093224529,244.384475986,108.636632475,108.636632475,275.270476008
1007,1,60,positive,0.192612941135,-0.0130590105692,0.244455539743,192.612941135,-13.0590105692,244.455539743,109.041137796,109.041137796,275.341539766
1008,0,60,positive,0.192157080379,-0.0138485845595,0.244252936513,192.157080379,-13.8485845595,244.252936513,108.129416284,108.129416284,275.138936535
1008,1,60,positive,0.192410688475,-0.0134093224529,0.244384475986,192.410688475,-13.4093224529,244.384475986,108.636632475,108.636632475,275.270476008
1009,0,60,positive,0.188882992721,-0.0195194707319,0.209806113123,188.882992721,-19.5194707319,209.806113123,101.581240968,101.581240968,240.692113145
1009,1,60,positive,0.189116443773,-0.0191151216488,0.208650638884,189.116443773,-19.1151216488,208.650638884,102.048143072,102.048143072,239.536638906
1010,0,60,positive,0.188677168391,-0.0198759689291,0.21079776765,188.677168391,-19.8759689291,210.79776765,101.169592308,101.169592308,241.683767672
1010,1,60,positive,0.188882992721,-0.0195194707319,0.209806113123,188.882992721,-19.5194707319,209.806113123,101.581240968,101.581240968,240.692113145
1011,0,60,positive,0.18913939903,-0.0190753619773,0.208530082084,189.13939903,-19.0753619773,208.530082084,102.094053586,102.094053586,239.416082107
1011,1,60,positive,0.189116443773,-0.0191151216488,0.208650638884,189.116443773,-19.1151216488,208.650638884,102.048143072,102.048143072,239.536638906
1012,0,60,positive,0.188677168391,-0.0198759689291,0.21079776765,188.677168391,-19.8759689291,210.79776765,101.169592308,101.169592308,241.683767672
1012,1,60,positive,0.188562513469,-0.0200745570786,0.211287905664,188.562513469,-20.0745570786,211.287905664,100.940282464,100.940282464,242.173905686
1013,0,60,positive,0.188150767807,-0.0207877214866,0.212906151129,188.150767807,-20.7877214866,212.906151129,100.116791139,100.116791139,243.792151151
1013,1,60,positive,0.188247026157,-0.0206209971321,0.212556423111,188.247026157,-20.6209971321,212.556423111,100.30930784,100.30930784,243.442423134
1014,0,60,positive,0.188562513469,-0.0200745570786,0.211287905664,188.562513469,-20.0745570786,211.287905664,100.940282464,100.940282464,242.173905686
1014,1,60,positive,0.188247026157,-0.0206209971321,0.212556423111,188.247026157,-20.6209971321,212.556423111,100.30930784,100.30930784,243.442423134
1015,0,60,positive,0.188150767807,-0.0207877214866,0.212906151129,188.150767807,-20.7877214866,212.906151129,100.116791139,100.116791139,243.792151151
1015,1,60,positive,0.188042398461,-0.0209754226989,0.213295169926,188.042398461,-20.9754226989,213.295169926,99.9000524476,99.9000524476,244.181169948
1016,0,60,positive,0.188042398461,-0.0209754226989,0.213295169926,188.042398461,-20.9754226989,213.295169926,99.9000524476,99.9000524476,244.181169948
1016,1,60,positive,0.187921698848,-0.0211844805607,0.21369102179,187.921698848,-21.1844805607,213.69102179,99.6586532221,99.6586532221,244.577021812
1017,0,60,positive,0.187726676825,-0.0215222686127,0.214452864182,187.726676825,-21.5222686127,214.452864182,99.2686091766,99.2686091766,245.338864204
1017,1,60,positive,0.187921698848,-0.0211844805607,0.21369102179,187.921698848,-21.1844805607,213.69102179,99.6586532221,99.6586532221,244.577021812
1018,0,60,positive,0.187404412871,-0.0220804461551,0.215533184372,187.404412871,-22.0804461551,215.533184372,98.6240812678,98.6240812678,246.419184395
1018,1,60,positive,0.187487944174,-0.0219357656951,0.215241459095,187.487944174,-21.9357656951,215.241459095,98.7911438729,98.7911438729,246.127459117
1019,0,60,positive,0.187726676825,-0.0215222686127,0.214452864182,187.726676825,-21.5222686127,214.452864182,99.2686091766,99.2686091766,245.338864204
1019,1,60,positive,0.187487944174,-0.0219357656951,0.215241459095,187.487944174,-21.9357656951,215.241459095,98.7911438729,98.7911438729,246.127459117
1020,0,60,positive,0.185798284585,-0.0248623419507,0.211014849637,185.798284585,-24.8623419507,211.014849637,95.411824695,95.411824695,241.90084966
1020,1,60,positive,0.185554118904,-0.0252852493152,0.211547677432,185.554118904,-25.2852493152,211.547677432,94.9234933335,94.9234933335,242.433677454
1021,0,60,positive,0.185554118904,-0.0252852493152,0.211547677432,185.554118904,-25.2852493152,211.547677432,94.9234933335,94.9234933335,242.433677454
1021,1,60,positive,0.18503197404,-0.0261896307484,0.212319490176,185.03197404,-26.1896307484,212.319490176,93.8792036057,93.8792036057,243.205490198
1022,0,60,positive,0.186965180569,-0.022841218818,0.217171194745,186.965180569,-22.841218818,217.171194745,97.7456166645,97.7456166645,248.057194767
1022,1,60,positive,0.187036335194,-0.0227179753928,0.216930960864,187.036335194,-22.7179753928,216.930960864,97.8879259139,97.8879259139,247.816960886
1023,0,60,positive,0.186965180569,-0.022841218818,0.217171194745,186.965180569,-22.841218818,217.171194745,97.7456166645,97.7456166645,248.057194767
1023,1,60,positive,0.186685030435,-0.0233264530842,0.218000709743,186.685030435,-23.3264530842,218.000709743,97.1853163961,97.1853163961,248.886709765
1024,0,60,positive,0.186576938918,-0.0235136730831,0.218325421786,186.576938918,-23.5136730831,218.325421786,96.9691333625,96.9691333625,249.211421808
1024,1,60,positive,0.186685030435,-0.0233264530842,0.218000709743,186.685030435,-23.3264530842,218.000709743,97.1853163961,97.1853163961,248.886709765
1025,0,60,positive,0.18655179093,-0.0235572306775,0.209162915161,186.55179093,-23.5572306775,209.162915161,96.9188373848,96.9188373848,240.048915183
1025,1,60,positive,0.185798284585,-0.0248623419507,0.211014849637,185.798284585,-24.8623419507,211.014849637,95.411824695,95.411824695,241.90084966
1026,0,60,positive,0.18655179093,-0.0235572306775,0.209162915161,186.55179093,-23.5572306775,209.162915161,96.9188373848,96.9188373848,240.048915183
1026,1,60,positive,0.1866149111,-0.0234479033346,0.209021578357,186.6149111,-23.4479033346,209.021578357,97.0450777264,97.0450777264,239.907578379
1027,0,60,positive,0.187324660456,-0.0222185813904,0.215818458943,187.324660456,-22.2185813904,215.818458943,98.4645764373,98.4645764373,246.704458965
1027,1,60,positive,0.187404412871,-0.0220804461551,0.215533184372,187.404412871,-22.0804461551,215.533184372,98.6240812678,98.6240812678,246.419184395
1028,0,60,positive,0.187324660456,-0.0222185813904,0.215818458943,187.324660456,-22.2185813904,215.818458943,98.4645764373,98.4645764373,246.704458965
1028,1,60,positive,0.187078561369,-0.0226448375132,0.216731145515,187.078561369,-22.6448375132,216.731145515,97.9723782629,97.9723782629,247.617145538
1029,0,60,positive,0.187078561369,-0.0226448375132,0.216731145515,187.078561369,-22.6448375132,216.731145515,97.9723782629,97.9723782629,247.617145538
1029,1,60,positive,0.187036335194,-0.0227179753928,0.216930960864,187.036335194,-22.7179753928,216.930960864,97.8879259139,97.8879259139,247.816960886
1030,0,60,positive,0.186576938918,-0.0235136730831,0.218325421786,186.576938918,-23.5136730831,218.325421786,96.9691333625,96.9691333625,249.211421808
1030,1,60,positive,0.186547250133,-0.0235650955681,0.218434787786,186.547250133,-23.5650955681,218.434787786,96.9097557914,96.9097557914,249.320787808
1031,0,60,positive,0.186287530045,-0.024014943956,0.219206955832,186.287530045,-24.014943956,219.206955832,96.3903156157,96.3903156157,250.092955854
1031,1,60,positive,0.186472507086,-0.0236945543231,0.218655510461,186.472507086,-23.6945543231,218.655510461,96.7602696973,96.7602696973,249.541510483
1032,0,60,positive,0.18605847887,-0.0244116722286,0.219938797871,186.05847887,-24.4116722286,219.938797871,95.9322132657,95.9322132657,250.824797893
1032,1,60,positive,0.186287530045,-0.024014943956,0.219206955832,186.287530045,-24.014943956,219.206955832,96.3903156157,96.3903156157,250.092955854
1033,0,60,positive,0.185624553169,-0.025163253589,0.221031628033,185.624553169,-25.163253589,221.031628033,95.0643618642,95.0643618642,251.917628055
1033,1,60,positive,0.185789749636,-0.0248771249163,0.220607440778,185.789749636,-24.8771249163,220.607440778,95.3947547967,95.3947547967,251.493440801
1034,0,60,positive,0.185789749636,-0.0248771249163,0.220607440778,185.789749636,-24.8771249163,220.607440778,95.3947547967,95.3947547967,251.493440801
1034,1,60,positive,0.185941467984,-0.0246143410276,0.220279467324,185.941467984,-24.6143410276,220.279467324,95.6981914945,95.6981914945,251.165467346
1035,0,60,positive,0.185967179333,-0.0245698076651,0.220217444981,185.967179333,-24.5698076651,220.217444981,95.7496141921,95.7496141921,251.103445003
1035,1,60,positive,0.185941467984,-0.0246143410276,0.220279467324,185.941467984,-24.6143410276,220.279467324,95.6981914945,95.6981914945,251.165467346
1036,0,60,positive,0.185377397069,-0.0255913405129,0.221737021734,185.377397069,-25.5913405129,221.737021734,94.5700496628,94.5700496628,252.623021756
1036,1,60,positive,0.185412446344,-0.0255306333865,0.221632539896,185.412446344,-25.5306333865,221.632539896,94.6401482142,94.6401482142,252.518539919
1037,0,60,positive,0.185319353394,-0.0256918751062,0.221884394587,185.319353394,-25.6918751062,221.884394587,94.4539623137,94.4539623137,252.770394609
1037,1,60,positive,0.185377397069,-0.0255913405129,0.221737021734,185.377397069,-25.5913405129,221.737021734,94.5700496628,94.5700496628,252.623021756
1038,0,60,positive,0.185624553169,-0.025163253589,0.221031628033,185.624553169,-25.163253589,221.031628033,95.0643618642,95.0643618642,251.917628055
1038,1,60,positive,0.185412446344,-0.0255306333865,0.221632539896,185.412446344,-25.5306333865,221.632539896,94.6401482142,94.6401482142,252.518539919
1039,0,60,positive,0.185319353394,-0.0256918751062,0.221884394587,185.319353394,-25.6918751062,221.884394587,94.4539623137,94.4539623137,252.770394609
1039,1,60,positive,0.18485555529,-0.0264951969862,0.222960412472,184.85555529,-26.4951969862,222.960412472,93.5263661064,93.5263661064,253.846412494
1040,0,60,positive,0.186547250133,-0.0235650955681,0.218434787786,186.547250133,-23.5650955681,218.434787786,96.9097557914,96.9097557914,249.320787808
1040,1,60,positive,0.186472507086,-0.0236945543231,0.218655510461,186.472507086,-23.6945543231,218.655510461,96.7602696973,96.7602696973,249.541510483
1041,0,60,positive,0.18605847887,-0.0244116722286,0.219938797871,186.05847887,-24.4116722286,219.938797871,95.9322132657,95.9322132657,250.824797893
1041,1,60,positive,0.185981435653,-0.0245451149951,0.220173046982,185.981435653,-24.5451149951,220.173046982,95.7781268314,95.7781268314,251.059047005
1042,0,60,positive,0.185981435653,-0.0245451149951,0.220173046982,185.981435653,-24.5451149951,220.173046982,95.7781268314,95.7781268314,251.059047005
1042,1,60,positive,0.185967179333,-0.0245698076651,0.220217444981,185.967179333,-24.5698076651,220.217444981,95.7496141921,95.7496141921,251.103445003
1043,0,60,positive,0.192927822295,-0.0125136204012,0.24461485811,192.927822295,-12.5136204012,244.61485811,109.670900116,109.670900116,275.500858132
1043,1,60,positive,0.192840646459,-0.0126646133796,0.244556729755,192.840646459,-12.6646133796,244.556729755,109.496548443,109.496548443,275.442729777
1044,0,60,positive,0.192840646459,-0.0126646133796,0.244556729755,192.840646459,-12.6646133796,244.556729755,109.496548443,109.496548443,275.442729777
1044,1,60,positive,0.192612941135,-0.0130590105692,0.244455539743,192.612941135,-13.0590105692,244.455539743,109.041137796,109.041137796,275.341539766
1045,0,60,positive,0.192157080379,-0.0138485845595,0.244252936513,192.157080379,-13.8485845595,244.252936513,108.129416284,108.129416284,275.138936535
1045,1,60,positive,0.191828480009,-0.0144177370963,0.244019126874,191.828480009,-14.4177370963,244.019126874,107.472215544,107.472215544,274.905126896
1046,0,60,positive,0.191463401988,-0.0150500707771,0.243807508989,191.463401988,-15.0500707771,243.807508989,106.742059502,106.742059502,274.693509011
1046,1,60,positive,0.191828480009,-0.0144177370963,0.244019126874,191.828480009,-14.4177370963,244.019126874,107.472215544,107.472215544,274.905126896
1047,0,60,positive,0.191463401988,-0.0150500707771,0.243807508989,191.463401988,-15.0500707771,243.807508989,106.742059502,106.742059502,274.693509011
1047,1,60,positive,0.191261586372,-0.0153996256773,0.243717320878,191.261586372,-15.3996256773,243.717320878,106.33842827,106.33842827,274.6033209
1048,0,60,positive,0.191261586372,-0.0153996256773,0.243717320878,191.261586372,-15.3996256773,243.717320878,106.33842827,106.33842827,274.6033209
1048,1,60,positive,0.191181261224,-0.0155387529154,0.243667263725,191.181261224,-15.5387529154,243.667263725,106.177777974,106.177777974,274.553263747
1049,0,60,positive,0.188576828808,-0.0200497621845,0.242284711661,188.576828808,-20.0497621845,242.284711661,100.968913142,100.968913142,273.170711683
1049,1,60,positive,0.188191426028,-0.0207172993819,0.242071583357,188.191426028,-20.7172993819,242.071583357,100.198107581,100.198107581,272.957583379
1050,0,60,positive,0.190568326104,-0.0166003876849,0.243302507397,190.568326104,-16.6003876849,243.302507397,104.951907734,104.951907734,274.188507419
1050,1,60,positive,0.190274893101,-0.0171086285554,0.243202333071,190.274893101,-17.1086285554,243.202333071,104.365041727,104.365041727,274.088333093
1051,0,60,positive,0.190568326104,-0.0166003876849,0.243302507397,190.568326104,-16.6003876849,243.302507397,104.951907734,104.951907734,274.188507419
1051,1,60,positive,0.191181261224,-0.0155387529154,0.243667263725,191.181261224,-15.5387529154,243.667263725,106.177777974,106.177777974,274.553263747
1052,0,60,positive,0.189957910587,-0.0176576583751,0.243030442579,189.957910587,-17.6576583751,243.030442579,103.731076699,103.731076699,273.916442602
1052,1,60,positive,0.189684555443,-0.0181311233716,0.242865538958,189.684555443,-18.1311233716,242.865538958,103.184366412,103.184366412,273.751538981
1053,0,60,positive,0.189957910587,-0.0176576583751,0.243030442579,189.957910587,-17.6576583751,243.030442579,103.731076699,103.731076699,273.916442602
1053,1,60,positive,0.190205352011,-0.0172290772556,0.24317148096,190.205352011,-17.2290772556,243.17148096,104.225959548,104.225959548,274.057480982
1054,0,60,positive,0.189684555443,-0.0181311233716,0.242865538958,189.684555443,-18.1311233716,242.865538958,103.184366412,103.184366412,273.751538981
1054,1,60,positive,0.18959862285,-0.0182799629888,0.242811237072,189.59862285,-18.2799629888,242.811237072,103.012501226,103.012501226,273.697237094
1055,0,60,positive,0.190205352011,-0.0172290772556,0.24317148096,190.205352011,-17.2290772556,243.17148096,104.225959548,104.225959548,274.057480982
1055,1,60,positive,0.190274893101,-0.0171086285554,0.243202333071,190.274893101,-17.1086285554,243.202333071,104.365041727,104.365041727,274.088333093
1056,0,60,positive,0.18959862285,-0.0182799629888,0.242811237072,189.59862285,-18.2799629888,242.811237072,103.012501226,103.012501226,273.697237094
1056,1,60,positive,0.189413319394,-0.0186009179897,0.242685903319,189.413319394,-18.6009179897,242.685903319,102.641894314,102.641894314,273.571903341
1057,0,60,positive,0.188972528381,-0.0193643904198,0.24247135359,188.972528381,-19.3643904198,242.47135359,101.760312288,101.760312288,273.357353612
1057,1,60,positive,0.189413319394,-0.0186009179897,0.242685903319,189.413319394,-18.6009179897,242.685903319,102.641894314,102.641894314,273.571903341
1058,0,60,positive,0.188972528381,-0.0193643904198,0.24247135359,188.972528381,-19.3643904198,242.47135359,101.760312288,101.760312288,273.357353612
1058,1,60,positive,0.188790374116,-0.0196798908616,0.242362498118,188.790374116,-19.6798908616,242.362498118,101.396003758,101.396003758,273.248498141
1059,0,60,positive,0.188576828808,-0.0200497621845,0.242284711661,188.576828808,-20.0497621845,242.284711661,100.968913142,100.968913142,273.170711683
1059,1,60,positive,0.188790374116,-0.0196798908616,0.242362498118,188.790374116,-19.6798908616,242.362498118,101.396003758,101.396003758,273.248498141
1060,0,60,positive,0.185954969894,-0.0245909550336,0.241868666724,185.954969894,-24.5909550336,241.868666724,95.7251953142,95.7251953142,272.754666746
1060,1,60,positive,0.186133400618,-0.0242819039538,0.241891215869,186.133400618,-24.2819039538,241.891215869,96.0820567625,96.0820567625,272.777215891
1061,0,60,positive,0.186316811735,-0.0239642265819,0.246817168917,186.316811735,-23.9642265819,246.817168917,96.4488789948,96.4488789948,277.703168939
1061,1,60,positive,0.186456828025,-0.0237217112536,0.24694138255,186.456828025,-23.7217112536,246.94138255,96.728911575,96.728911575,277.827382573
1062,0,60,positive,0.186178503458,-0.024203783545,0.246775121493,186.178503458,-24.203783545,246.775121493,96.1722624406,96.1722624406,277.661121516
1062,1,60,positive,0.186316811735,-0.0239642265819,0.246817168917,186.316811735,-23.9642265819,246.817168917,96.4488789948,96.4488789948,277.703168939
1063,0,60,positive,0.185773976294,-0.0249044451458,0.246757750435,185.773976294,-24.9044451458,246.757750435,95.363208113,95.363208113,277.643750457
1063,1,60,positive,0.185950758267,-0.0245982497864,0.246773322565,185.950758267,-24.5982497864,246.773322565,95.7167720593,95.7167720593,277.659322587
1064,0,60,positive,0.186178503458,-0.024203783545,0.246775121493,186.178503458,-24.203783545,246.775121493,96.1722624406,96.1722624406,277.661121516
1064,1,60,positive,0.185950758267,-0.0245982497864,0.246773322565,185.950758267,-24.5982497864,246.773322565,95.7167720593,95.7167720593,277.659322587
1065,0,60,positive,0.187992048095,-0.0210626320913,0.242042416562,187.992048095,-21.0626320913,242.042416562,99.7993517153,99.7993517153,272.928416584
1065,1,60,positive,0.187625679559,-0.0216972010102,0.24211973336,187.625679559,-21.6972010102,242.11973336,99.066614643,99.066614643,273.005733382
1066,0,60,positive,0.188191426028,-0.0207172993819,0.242071583357,188.191426028,-20.7172993819,242.071583357,100.198107581,100.198107581,272.957583379
1066,1,60,positive,0.188060863861,-0.0209434396877,0.242055885735,188.060863861,-20.9434396877,242.055885735,99.9369832479,99.9369832479,272.941885758
1067,0,60,positive,0.187992048095,-0.0210626320913,0.242042416562,187.992048095,-21.0626320913,242.042416562,99.7993517154,99.7993517154,272.928416584
1067,1,60,positive,0.188060863861,-0.0209434396877,0.242055885735,188.060863861,-20.9434396877,242.055885735,99.9369832479,99.9369832479,272.941885758
1068,0,60,positive,0.187625679559,-0.0216972010102,0.24211973336,187.625679559,-21.6972010102,242.11973336,99.066614643,99.066614643,273.005733382
1068,1,60,positive,0.18707793322,-0.022645925498,0.242206048302,187.07793322,-22.645925498,242.206048302,97.9711219662,97.9711219662,273.092048324
1069,0,60,positive,0.187044816669,-0.0227032850482,0.242205729927,187.044816669,-22.7032850482,242.205729927,97.9048888627,97.9048888627,273.091729949
1069,1,60,positive,0.18707793322,-0.022645925498,0.242206048302,187.07793322,-22.645925498,242.206048302,97.9711219662,97.9711219662,273.092048324
1070,0,60,positive,0.187000371074,-0.0227802670769,0.24219812276,187.000371074,-22.7802670769,242.19812276,97.8159976727,97.8159976727,273.084122782
1070,1,60,positive,0.186682912398,-0.0233301216329,0.242119147467,186.682912398,-23.3301216329,242.119147467,97.1810803208,97.1810803208,273.00514749
1071,0,60,positive,0.187000371074,-0.0227802670769,0.24219812276,187.000371074,-22.7802670769,242.19812276,97.8159976727,97.8159976727,273.084122782
1071,1,60,positive,0.187044816669,-0.0227032850482,0.242205729927,187.044816669,-22.7032850482,242.205729927,97.9048888627,97.9048888627,273.091729949
1072,0,60,positive,0.186682912398,-0.0233301216329,0.242119147467,186.682912398,-23.3301216329,242.119147467,97.1810803208,97.1810803208,273.00514749
1072,1,60,positive,0.186262308383,-0.0240586291558,0.241930363396,186.262308383,-24.0586291558,241.930363396,96.3398722919,96.3398722919,272.816363418
1073,0,60,positive,0.186133400618,-0.0242819039538,0.241891215869,186.133400618,-24.2819039538,241.891215869,96.0820567625,96.0820567625,272.777215891
1073,1,60,positive,0.186262308383,-0.0240586291558,0.241930363396,186.262308383,-24.0586291558,241.930363396,96.3398722919,96.3398722919,272.816363418
1074,0,60,positive,0.187250189998,-0.0223475680071,0.247352420741,187.250189998,-22.3475680071,247.352420741,98.3156355216,98.3156355216,278.238420764
1074,1,60,positive,0.187279591246,-0.0222966435511,0.247374072212,187.279591246,-22.2966435511,247.374072212,98.3744380183,98.3744380183,278.260072234
1075,0,60,positive,0.187250189998,-0.0223475680071,0.247352420741,187.250189998,-22.3475680071,247.352420741,98.3156355216,98.3156355216,278.238420764
1075,1,60,positive,0.186974469655,-0.0228251296498,0.24711067626,186.974469655,-22.8251296498,247.11067626,97.7641948356,97.7641948356,277.996676283
1076,0,60,positive,0.186974469655,-0.0228251296498,0.24711067626,186.974469655,-22.8251296498,247.11067626,97.7641948356,97.7641948356,277.996676283
1076,1,60,positive,0.186882688372,-0.0229840994944,0.247077179191,186.882688372,-22.9840994944,247.077179191,97.5806322705,97.5806322705,277.963179213
1077,0,60,positive,0.186602703703,-0.0234690471671,0.246994174709,186.602703703,-23.4690471671,246.994174709,97.0206629318,97.0206629318,277.880174731
1077,1,60,positive,0.186882688372,-0.0229840994944,0.247077179191,186.882688372,-22.9840994944,247.077179191,97.5806322705,97.5806322705,277.963179213
1078,0,60,positive,0.186602703703,-0.0234690471671,0.246994174709,186.602703703,-23.4690471671,246.994174709,97.0206629318,97.0206629318,277.880174731
1078,1,60,positive,0.186456828025,-0.0237217112536,0.24694138255,186.456828025,-23.7217112536,246.94138255,96.728911575,96.728911575,277.827382573
1079,0,60,positive,0.18077322658,-0.0335659977258,0.223563511433,180.77322658,-33.5659977258,223.563511433,85.3617086856,85.3617086856,254.449511455
1079,1,60,positive,0.180670262707,-0.0337443363847,0.223868800811,180.670262707,-33.7443363847,223.868800811,85.1557809401,85.1557809401,254.754800833
1080,0,60,positive,0.180670262707,-0.0337443363847,0.223868800811,180.670262707,-33.7443363847,223.868800811,85.1557809401,85.1557809401,254.754800833
1080,1,60,positive,0.180641242719,-0.0337946004796,0.223939412225,180.641242719,-33.7946004796,223.939412225,85.0977409627,85.0977409627,254.825412248
1081,0,60,positive,0.180641242719,-0.0337946004796,0.223939412225,180.641242719,-33.7946004796,223.939412225,85.0977409627,85.0977409627,254.825412248
1081,1,60,positive,0.180562676321,-0.0339306814726,0.224250744997,180.562676321,-33.9306814726,224.250744997,84.9406081668,84.9406081668,255.136745019
1082,0,60,positive,0.180152587421,-0.0346409762821,0.226331569371,180.152587421,-34.6409762821,226.331569371,84.1204303679,84.1204303679,257.217569394
1082,1,60,positive,0.180115715536,-0.0347048402599,0.226572296471,180.115715536,-34.7048402599,226.572296471,84.0466865983,84.0466865983,257.458296493
1083,0,60,positive,0.180303181185,-0.0343801402325,0.225407010155,180.303181185,-34.3801402325,225.407010155,84.4216178948,84.4216178948,256.293010177
1083,1,60,positive,0.180248928561,-0.0344741085331,0.225714435246,180.248928561,-34.4741085331,225.714435246,84.3131126475,84.3131126475,256.600435268
1084,0,60,positive,0.180152587421,-0.0346409762821,0.226331569371,180.152587421,-34.6409762821,226.331569371,84.1204303679,84.1204303679,257.217569394
1084,1,60,positive,0.180248928561,-0.0344741085331,0.225714435246,180.248928561,-34.4741085331,225.714435246,84.3131126475,84.3131126475,256.600435268
1085,0,60,positive,0.180115715536,-0.0347048402599,0.226572296471,180.115715536,-34.7048402599,226.572296471,84.0466865983,84.0466865983,257.458296493
1085,1,60,positive,0.18007399577,-0.034777101015,0.22719756186,180.07399577,-34.777101015,227.19756186,83.9632470656,83.9632470656,258.083561882
1086,0,60,positive,0.184249787743,-0.0275444171559,0.213676224899,184.249787743,-27.5444171559,213.676224899,92.3148310116,92.3148310116,244.562224922
1086,1,60,positive,0.18503197404,-0.0261896307484,0.212319490176,185.03197404,-26.1896307484,212.319490176,93.8792036057,93.8792036057,243.205490198
1087,0,60,positive,0.183908942014,-0.0281347792768,0.21436276278,183.908942014,-28.1347792768,214.36276278,91.6331395527,91.6331395527,245.248762802
1087,1,60,positive,0.183487358028,-0.0288649841588,0.215113335949,183.487358028,-28.8649841588,215.113335949,90.7899715824,90.7899715824,245.999335972
1088,0,60,positive,0.184249787743,-0.0275444171559,0.213676224899,184.249787743,-27.5444171559,213.676224899,92.3148310116,92.3148310116,244.562224922
1088,1,60,positive,0.183908942014,-0.0281347792768,0.21436276278,183.908942014,-28.1347792768,214.36276278,91.6331395527,91.6331395527,245.248762802
1089,0,60,positive,0.182494509966,-0.0305846474471,0.217928645891,182.494509966,-30.5846474471,217.928645891,88.8042754575,88.8042754575,248.814645913
1089,1,60,positive,0.182370141459,-0.0308000600197,0.218252298024,182.370141459,-30.8000600197,218.252298024,88.555538444,88.555538444,249.138298047
1090,0,60,positive,0.182494509966,-0.0305846474471,0.217928645891,182.494509966,-30.5846474471,217.928645891,88.8042754575,88.8042754575,248.814645913
1090,1,60,positive,0.183487358028,-0.0288649841588,0.215113335949,183.487358028,-28.8649841588,215.113335949,90.7899715824,90.7899715824,245.999335972
1091,0,60,positive,0.184809367399,-0.0265751967611,0.223089462442,184.809367399,-26.5751967611,223.089462442,93.4339903233,93.4339903233,253.975462464
1091,1,60,positive,0.18485555529,-0.0264951969862,0.222960412472,184.85555529,-26.4951969862,222.960412472,93.5263661064,93.5263661064,253.846412494
1092,0,60,positive,0.184809367399,-0.0265751967611,0.223089462442,184.809367399,-26.5751967611,223.089462442,93.4339903233,93.4339903233,253.975462464
1092,1,60,positive,0.184704027435,-0.0267576509313,0.223413069563,184.704027435,-26.7576509313,223.413069563,93.2233103947,93.2233103947,254.299069586
1093,0,60,positive,0.184091050072,-0.027819358867,0.225578222524,184.091050072,-27.819358867,225.578222524,91.9973556697,91.9973556697,256.464222547
1093,1,60,positive,0.184099057708,-0.0278054892344,0.225555231198,184.099057708,-27.8054892344,225.555231198,92.013370942,92.013370942,256.44123122
1094,0,60,positive,0.184091050072,-0.027819358867,0.225578222524,184.091050072,-27.819358867,225.578222524,91.9973556697,91.9973556697,256.464222547
1094,1,60,positive,0.18381528092,-0.0282970050499,0.226320487631,183.81528092,-28.2970050499,226.320487631,91.4458173651,91.4458173651,257.206487653
1095,0,60,positive,0.184481754983,-0.0271426381104,0.224116201832,184.481754983,-27.1426381104,224.116201832,92.7787654917,92.7787654917,255.002201854
1095,1,60,positive,0.184677821894,-0.0268030402581,0.223528840372,184.677821894,-26.8030402581,223.528840372,93.1708993146,93.1708993146,254.414840395
1096,0,60,positive,0.184704027435,-0.0267576509313,0.223413069563,184.704027435,-26.7576509313,223.413069563,93.2233103947,93.2233103947,254.299069586
1096,1,60,positive,0.184677821894,-0.0268030402581,0.223528840372,184.677821894,-26.8030402581,223.528840372,93.1708993146,93.1708993146,254.414840395
1097,0,60,positive,0.184352427498,-0.0273666398847,0.224578717347,184.352427498,-27.3666398847,224.578717347,92.5201105223,92.5201105223,255.464717369
1097,1,60,positive,0.184481754983,-0.0271426381104,0.224116201832,184.481754983,-27.1426381104,224.116201832,92.7787654917,92.7787654917,255.002201854
1098,0,60,positive,0.184352427498,-0.0273666398847,0.224578717347,184.352427498,-27.3666398847,224.578717347,92.5201105223,92.5201105223,255.464717369
1098,1,60,positive,0.184261151353,-0.0275247348065,0.224932937744,184.261151353,-27.5247348065,224.932937744,92.337558231,92.337558231,255.818937766
1099,0,60,positive,0.184261151353,-0.0275247348065,0.224932937744,184.261151353,-27.5247348065,224.932937744,92.337558231,92.337558231,255.818937766
1099,1,60,positive,0.184099057708,-0.0278054892344,0.225555231198,184.099057708,-27.8054892344,225.555231198,92.013370942,92.013370942,256.44123122
1100,0,60,positive,0.183485363771,-0.0288684383145,0.227066818405,183.485363771,-28.8684383145,227.066818405,90.7859830669,90.7859830669,257.952818427
1100,1,60,positive,0.183523019271,-0.0288032170743,0.226969696914,183.523019271,-28.8032170743,226.969696914,90.8612940681,90.8612940681,257.855696936
1101,0,60,positive,0.18381528092,-0.0282970050499,0.226320487631,183.81528092,-28.2970050499,226.320487631,91.4458173651,91.4458173651,257.206487653
1101,1,60,positive,0.183523019271,-0.0288032170743,0.226969696914,183.523019271,-28.8032170743,226.969696914,90.8612940681,90.8612940681,257.855696936
1102,0,60,positive,0.183313229207,-0.0291665841243,0.227579427108,183.313229207,-29.1665841243,227.579427108,90.4417139398,90.4417139398,258.46542713
1102,1,60,positive,0.183485363771,-0.0288684383145,0.227066818405,183.485363771,-28.8684383145,227.066818405,90.7859830669,90.7859830669,257.952818427
1103,0,60,positive,0.183313229207,-0.0291665841243,0.227579427108,183.313229207,-29.1665841243,227.579427108,90.4417139398,90.4417139398,258.46542713
1103,1,60,positive,0.183102543031,-0.029531503286,0.228187443079,183.102543031,-29.531503286,228.187443079,90.0203415873,90.0203415873,259.073443102
1104,0,60,positive,0.183102543031,-0.029531503286,0.228187443079,183.102543031,-29.531503286,228.187443079,90.0203415873,90.0203415873,259.073443102
1104,1,60,positive,0.182903607639,-0.0298760694917,0.229006970112,182.903607639,-29.8760694917,229.006970112,89.622470804,89.622470804,259.892970134
1105,0,60,positive,0.182370141459,-0.0308000600197,0.218252298024,182.370141459,-30.8000600197,218.252298024,88.555538444,88.555538444,249.138298047
1105,1,60,positive,0.182114689954,-0.0312425150057,0.218974356664,182.114689954,-31.2425150057,218.974356664,88.0446354334,88.0446354334,249.860356686
1106,0,60,positive,0.181722943618,-0.0319210395627,0.219959169884,181.722943618,-31.9210395627,219.959169884,87.2611427621,87.2611427621,250.845169906
1106,1,60,positive,0.182114689954,-0.0312425150057,0.218974356664,182.114689954,-31.2425150057,218.974356664,88.0446354334,88.0446354334,249.860356686
1107,0,60,positive,0.18142786151,-0.0324321367669,0.220828668982,181.42786151,-32.4321367669,220.828668982,86.6709785453,86.6709785453,251.714669004
1107,1,60,positive,0.181305017301,-0.0326449091784,0.221212648312,181.305017301,-32.6449091784,221.212648312,86.4252901272,86.4252901272,252.098648335
1108,0,60,positive,0.181592581214,-0.0321468338696,0.220392639295,181.592581214,-32.1468338696,220.392639295,87.0004179544,87.0004179544,251.278639318
1108,1,60,positive,0.181722943618,-0.0319210395627,0.219959169884,181.722943618,-31.9210395627,219.959169884,87.2611427621,87.2611427621,250.845169906
1109,0,60,positive,0.18142786151,-0.0324321367669,0.220828668982,181.42786151,-32.4321367669,220.828668982,86.6709785453,86.6709785453,251.714669004
1109,1,60,positive,0.181592581214,-0.0321468338696,0.220392639295,181.592581214,-32.1468338696,220.392639295,87.0004179544,87.0004179544,251.278639318
1110,0,60,positive,0.181305017301,-0.0326449091784,0.221212648312,181.305017301,-32.6449091784,221.212648312,86.4252901272,86.4252901272,252.098648335
1110,1,60,positive,0.181192913496,-0.0328390786641,0.221471700624,181.192913496,-32.8390786641,221.471700624,86.2010825175,86.2010825175,252.357700646
1111,0,60,positive,0.180975615801,-0.0332154493125,0.222217291132,180.975615801,-33.2154493125,222.217291132,85.7664871271,85.7664871271,253.103291154
1111,1,60,positive,0.180865429369,-0.0334062978102,0.22268813539,180.865429369,-33.4062978102,222.68813539,85.5461142641,85.5461142641,253.574135413
1112,0,60,positive,0.181050638292,-0.033085506546,0.221880138935,181.050638292,-33.085506546,221.880138935,85.9165321096,85.9165321096,252.766138957
1112,1,60,positive,0.181192913496,-0.0328390786641,0.221471700624,181.192913496,-32.8390786641,221.471700624,86.2010825175,86.2010825175,252.357700646
1113,0,60,positive,0.180975615801,-0.0332154493125,0.222217291132,180.975615801,-33.2154493125,222.217291132,85.7664871271,85.7664871271,253.103291154
1113,1,60,positive,0.181050638292,-0.033085506546,0.221880138935,181.050638292,-33.085506546,221.880138935,85.9165321096,85.9165321096,252.766138957
1114,0,60,positive,0.180865429369,-0.0334062978102,0.22268813539,180.865429369,-33.4062978102,222.68813539,85.5461142641,85.5461142641,253.574135413
1114,1,60,positive,0.180855401067,-0.03342366734,0.223155736371,180.855401067,-33.42366734,223.155736371,85.5260576587,85.5260576587,254.041736393
1115,0,60,positive,0.180840356002,-0.0334497261565,0.223345654989,180.840356002,-33.4497261565,223.345654989,85.4959675293,85.4959675293,254.231655012
1115,1,60,positive,0.180855401067,-0.03342366734,0.223155736371,180.855401067,-33.42366734,223.155736371,85.5260576587,85.5260576587,254.041736393
1116,0,60,positive,0.18077322658,-0.0335659977258,0.223563511433,180.77322658,-33.5659977258,223.563511433,85.3617086856,85.3617086856,254.449511455
1116,1,60,positive,0.180840356002,-0.0334497261565,0.223345654989,180.840356002,-33.4497261565,223.345654989,85.4959675293,85.4959675293,254.231655012
1117,0,60,positive,0.180455236899,-0.0341167720092,0.224665215231,180.455236899,-34.1167720092,224.665215231,84.7257293241,84.7257293241,255.551215253
1117,1,60,positive,0.180562676321,-0.0339306814726,0.224250744997,180.562676321,-33.9306814726,224.250744997,84.9406081668,84.9406081668,255.136745019
1118,0,60,positive,0.180303181185,-0.0343801402325,0.225407010155,180.303181185,-34.3801402325,225.407010155,84.4216178948,84.4216178948,256.293010177
1118,1,60,positive,0.180455236899,-0.0341167720092,0.224665215231,180.455236899,-34.1167720092,224.665215231,84.7257293241,84.7257293241,255.551215253
1119,0,60,positive,0.180057908007,-0.0348049658373,0.227401198651,180.057908007,-34.8049658373,227.401198651,83.9310715402,83.9310715402,258.287198673
1119,1,60,positive,0.18007399577,-0.034777101015,0.22719756186,180.07399577,-34.777101015,227.19756186,83.9632470656,83.9632470656,258.083561882
1120,0,60,positive,0.180017783125,-0.0348744641721,0.22766307106,180.017783125,-34.8744641721,227.66307106,83.8508217756,83.8508217756,258.549071082
1120,1,60,positive,0.179956998816,-0.0349797456839,0.228017558737,179.956998816,-34.9797456839,228.017558737,83.7292531573,83.7292531573,258.903558759
1121,0,60,positive,0.179927457441,-0.0350309128466,0.228181381215,179.927457441,-35.0309128466,228.181381215,83.6701704069,83.6701704069,259.067381237
1121,1,60,positive,0.179956998816,-0.0349797456839,0.228017558737,179.956998816,-34.9797456839,228.017558737,83.7292531573,83.7292531573,258.903558759
1122,0,60,positive,0.179927457441,-0.0350309128466,0.228181381215,179.927457441,-35.0309128466,228.181381215,83.6701704069,83.6701704069,259.067381237
1122,1,60,positive,0.179805674888,-0.0352418464145,0.228682003166,179.805674888,-35.2418464145,228.682003166,83.4266053026,83.4266053026,259.568003188
1123,0,60,positive,0.179805674888,-0.0352418464145,0.228682003166,179.805674888,-35.2418464145,228.682003166,83.4266053026,83.4266053026,259.568003188
1123,1,60,positive,0.179787362601,-0.035273564227,0.228770934625,179.787362601,-35.273564227,228.770934625,83.3899807274,83.3899807274,259.656934647
1124,0,60,positive,0.18003377588,-0.0348467639075,0.227504057694,180.03377588,-34.8467639075,227.504057694,83.8828072861,83.8828072861,258.390057717
1124,1,60,positive,0.180057908007,-0.0348049658373,0.227401198651,180.057908007,-34.8049658373,227.401198651,83.9310715402,83.9310715402,258.287198673
1125,0,60,positive,0.180017783125,-0.0348744641721,0.22766307106,180.017783125,-34.8744641721,227.66307106,83.8508217756,83.8508217756,258.549071082
1125,1,60,positive,0.18003377588,-0.0348467639075,0.227504057694,180.03377588,-34.8467639075,227.504057694,83.8828072861,83.8828072861,258.390057717
1126,0,60,positive,0.182608120602,-0.0303878680527,0.230783413576,182.608120602,-30.3878680527,230.783413576,89.0314967302,89.0314967302,261.669413599
1126,1,60,positive,0.182645889212,-0.0303224509011,0.230501160023,182.645889212,-30.3224509011,230.501160023,89.1070339503,89.1070339503,261.387160045
1127,0,60,positive,0.182892316532,-0.0298956262635,0.229055790065,182.892316532,-29.8956262635,229.055790065,89.5998885892,89.5998885892,259.941790088
1127,1,60,positive,0.182903607639,-0.0298760694917,0.229006970112,182.903607639,-29.8760694917,229.006970112,89.622470804,89.622470804,259.892970134
1128,0,60,positive,0.182888862301,-0.0299016091659,0.229078455592,182.888862301,-29.9016091659,229.078455592,89.5929801285,89.5929801285,259.964455614
1128,1,60,positive,0.182892316532,-0.0298956262635,0.229055790065,182.892316532,-29.8956262635,229.055790065,89.5998885892,89.5998885892,259.941790088
1129,0,60,positive,0.182888862301,-0.0299016091659,0.229078455592,182.888862301,-29.9016091659,229.078455592,89.5929801285,89.5929801285,259.964455614
1129,1,60,positive,0.182645889212,-0.0303224509011,0.230501160023,182.645889212,-30.3224509011,230.501160023,89.1070339503,89.1070339503,261.387160045
1130,0,60,positive,0.182555916054,-0.0304782889832,0.231406372169,182.555916054,-30.4782889832,231.406372169,88.927087633,88.927087633,262.292372191
1130,1,60,positive,0.182608120602,-0.0303878680527,0.230783413576,182.608120602,-30.3878680527,230.783413576,89.0314967302,89.0314967302,261.669413599
1131,0,60,positive,0.182535815856,-0.0305131035462,0.231607036851,182.535815856,-30.5131035462,231.607036851,88.8868872384,88.8868872384,262.493036874
1131,1,60,positive,0.182530042567,-0.0305231031767,0.231704059715,182.530042567,-30.5231031767,231.704059715,88.8753406597,88.8753406597,262.590059737
1132,0,60,positive,0.182483171888,-0.0306042855735,0.232363593118,182.483171888,-30.6042855735,232.363593118,88.7815993024,88.7815993024,263.24959314
1132,1,60,positive,0.182530042567,-0.0305231031767,0.231704059715,182.530042567,-30.5231031767,231.704059715,88.8753406597,88.8753406597,262.590059737
1133,0,60,positive,0.182483171888,-0.0306042855735,0.232363593118,182.483171888,-30.6042855735,232.363593118,88.7815993024,88.7815993024,263.24959314
1133,1,60,positive,0.182444122799,-0.0306719205804,0.232753298654,182.444122799,-30.6719205804,232.753298654,88.7035011235,88.7035011235,263.639298676
1134,0,60,positive,0.182408787896,-0.0307331224283,0.233307769731,182.408787896,-30.7331224283,233.307769731,88.6328313168,88.6328313168,264.193769753
1134,1,60,positive,0.182444122799,-0.0306719205804,0.232753298654,182.444122799,-30.6719205804,232.753298654,88.7035011235,88.7035011235,263.639298676
1135,0,60,positive,0.182555916054,-0.0304782889832,0.231406372169,182.555916054,-30.4782889832,231.406372169,88.927087633,88.927087633,262.292372191
1135,1,60,positive,0.182535815856,-0.0305131035462,0.231607036851,182.535815856,-30.5131035462,231.607036851,88.8868872384,88.8868872384,262.493036874
1136,0,60,positive,0.182384204682,-0.030775701803,0.233683313241,182.384204682,-30.775701803,233.683313241,88.58366489,88.58366489,264.569313263
1136,1,60,positive,0.182408787896,-0.0307331224283,0.233307769731,182.408787896,-30.7331224283,233.307769731,88.6328313168,88.6328313168,264.193769753
1137,0,60,positive,0.18223741177,-0.0310299545856,0.234962269529,182.23741177,-31.0299545856,234.962269529,88.2900790649,88.2900790649,265.848269551
1137,1,60,positive,0.182250328966,-0.0310075813455,0.234861814571,182.250328966,-31.0075813455,234.861814571,88.3159134573,88.3159134573,265.747814593
1138,0,60,positive,0.182207786327,-0.0310812673574,0.235286861359,182.207786327,-31.0812673574,235.286861359,88.2308281798,88.2308281798,266.172861381
1138,1,60,positive,0.18223741177,-0.0310299545856,0.234962269529,182.23741177,-31.0299545856,234.962269529,88.2900790649,88.2900790649,265.848269551
1139,0,60,positive,0.182384204682,-0.030775701803,0.233683313241,182.384204682,-30.775701803,233.683313241,88.58366489,88.58366489,264.569313263
1139,1,60,positive,0.182250328966,-0.0310075813455,0.234861814571,182.250328966,-31.0075813455,234.861814571,88.3159134573,88.3159134573,265.747814593
1140,0,60,positive,0.182056840078,-0.0313427139296,0.236678797615,182.056840078,-31.3427139296,236.678797615,87.928935682,87.928935682,267.564797637
1140,1,60,positive,0.182101802929,-0.0312648359876,0.23637328437,182.101802929,-31.2648359876,236.37328437,88.0188613835,88.0188613835,267.259284392
1141,0,60,positive,0.181774487202,-0.0318317634562,0.237872603336,181.774487202,-31.8317634562,237.872603336,87.3642299303,87.3642299303,268.758603358
1141,1,60,positive,0.181791816634,-0.0318017480008,0.23769614395,181.791816634,-31.8017480008,237.69614395,87.3988887929,87.3988887929,268.582143972
1142,0,60,positive,0.181776426341,-0.0318284047696,0.237958842844,181.776426341,-31.8284047696,237.958842844,87.3681082076,87.3681082076,268.844842867
1142,1,60,positive,0.181774487202,-0.0318317634562,0.237872603336,181.774487202,-31.8317634562,237.872603336,87.3642299303,87.3642299303,268.758603358
1143,0,60,positive,0.181776426341,-0.0318284047696,0.237958842844,181.776426341,-31.8284047696,237.958842844,87.3681082076,87.3681082076,268.844842867
1143,1,60,positive,0.18178545888,-0.0318127599534,0.238238886099,181.78545888,-31.8127599534,238.238886099,87.3861732853,87.3861732853,269.124886122
1144,0,60,positive,0.182207786327,-0.0310812673574,0.235286861359,182.207786327,-31.0812673574,235.286861359,88.2308281798,88.2308281798,266.172861381
1144,1,60,positive,0.182101802929,-0.0312648359876,0.23637328437,182.101802929,-31.2648359876,236.37328437,88.0188613835,88.0188613835,267.259284392
1145,0,60,positive,0.182056840078,-0.0313427139296,0.236678797615,182.056840078,-31.3427139296,236.678797615,87.928935682,87.928935682,267.564797637
1145,1,60,positive,0.182012798405,-0.0314189963457,0.23688283645,182.012798405,-31.4189963457,236.88283645,87.8408523352,87.8408523352,267.768836472
1146,0,60,positive,0.181810572441,-0.0317692619892,0.237538003806,181.810572441,-31.7692619892,237.538003806,87.436400408,87.436400408,268.424003828
1146,1,60,positive,0.182012798405,-0.0314189963457,0.23688283645,182.012798405,-31.4189963457,236.88283645,87.8408523352,87.8408523352,267.768836472
1147,0,60,positive,0.181810572441,-0.0317692619892,0.237538003806,181.810572441,-31.7692619892,237.538003806,87.436400408,87.436400408,268.424003828
1147,1,60,positive,0.181791816634,-0.0318017480008,0.23769614395,181.791816634,-31.8017480008,237.69614395,87.3988887929,87.3988887929,268.582143972
1148,0,60,positive,0.185458195147,-0.0254513941358,0.241767212618,185.458195147,-25.4513941358,241.767212618,94.7316458197,94.7316458197,272.65321264
1148,1,60,positive,0.185351423754,-0.025636327614,0.241744672908,185.351423754,-25.636327614,241.744672908,94.5181030328,94.5181030328,272.630672931
1149,0,60,positive,0.185533972405,-0.0253201440756,0.241774013258,185.533972405,-25.3201440756,241.774013258,94.8832003349,94.8832003349,272.660013281
1149,1,60,positive,0.185458195147,-0.0254513941358,0.241767212618,185.458195147,-25.4513941358,241.767212618,94.7316458197,94.7316458197,272.65321264
1150,0,60,positive,0.185533972405,-0.0253201440756,0.241774013258,185.533972405,-25.3201440756,241.774013258,94.8832003349,94.8832003349,272.660013281
1150,1,60,positive,0.185954969894,-0.0245909550336,0.241868666724,185.954969894,-24.5909550336,241.868666724,95.7251953142,95.7251953142,272.754666746
1151,0,60,positive,0.185351423754,-0.025636327614,0.241744672908,185.351423754,-25.636327614,241.744672908,94.5181030328,94.5181030328,272.630672931
1151,1,60,positive,0.184921570533,-0.0263808552323,0.241596968208,184.921570533,-26.3808552323,241.596968208,93.6583965912,93.6583965912,272.48296823
1152,0,60,positive,0.18483360748,-0.0265332117098,0.241570436794,184.83360748,-26.5332117098,241.570436794,93.4824704846,93.4824704846,272.456436816
1152,1,60,positive,0.184921570533,-0.0263808552323,0.241596968208,184.921570533,-26.3808552323,241.596968208,93.6583965912,93.6583965912,272.48296823
1153,0,60,positive,0.184818238171,-0.026559832133,0.241563394463,184.818238171,-26.559832133,241.563394463,93.4517318676,93.4517318676,272.449394486
1153,1,60,positive,0.18483360748,-0.0265332117098,0.241570436794,184.83360748,-26.5332117098,241.570436794,93.4824704846,93.4824704846,272.456436816
1154,0,60,positive,0.183973195432,-0.028023489092,0.241184829575,183.973195432,-28.023489092,241.184829575,91.761646389,91.761646389,272.070829597
1154,1,60,positive,0.183626396378,-0.0286241626724,0.241024680075,183.626396378,-28.6241626724,241.024680075,91.0680482823,91.0680482823,271.910680097
1155,0,60,positive,0.182776270085,-0.0300966246048,0.240352085514,182.776270085,-30.0966246048,240.352085514,89.3677956963,89.3677956963,271.238085536
1155,1,60,positive,0.182735467826,-0.0301672961905,0.240313699144,182.735467826,-30.1672961905,240.313699144,89.2861911782,89.2861911782,271.199699166
1156,0,60,positive,0.182776270085,-0.0300966246048,0.240352085514,182.776270085,-30.0966246048,240.352085514,89.3677956963,89.3677956963,271.238085536
1156,1,60,positive,0.183626396378,-0.0286241626724,0.241024680075,183.626396378,-28.6241626724,241.024680075,91.0680482823,91.0680482823,271.910680097
1157,0,60,positive,0.184808662935,-0.0265764169281,0.241557748482,184.808662935,-26.5764169281,241.557748482,93.4325813957,93.4325813957,272.443748504
1157,1,60,positive,0.184071271301,-0.0278536167029,0.241239379075,184.071271301,-27.8536167029,241.239379075,91.9577981282,91.9577981282,272.125379097
1158,0,60,positive,0.184808662935,-0.0265764169281,0.241557748482,184.808662935,-26.5764169281,241.557748482,93.4325813957,93.4325813957,272.443748504
1158,1,60,positive,0.184818238171,-0.026559832133,0.241563394463,184.818238171,-26.559832133,241.563394463,93.4517318676,93.4517318676,272.449394486
1159,0,60,positive,0.183973195432,-0.028023489092,0.241184829575,183.973195432,-28.023489092,241.184829575,91.761646389,91.761646389,272.070829597
1159,1,60,positive,0.184071271301,-0.0278536167029,0.241239379075,184.071271301,-27.8536167029,241.239379075,91.9577981282,91.9577981282,272.125379097
1160,0,60,positive,0.185562752455,-0.0252702955656,0.24659049475,185.562752455,-25.2702955656,246.59049475,94.9407604362,94.9407604362,277.476494772
1160,1,60,positive,0.185773976294,-0.0249044451458,0.246757750435,185.773976294,-24.9044451458,246.757750435,95.363208113,95.363208113,277.643750457
1161,0,60,positive,0.185562752455,-0.0252702955656,0.24659049475,185.562752455,-25.2702955656,246.59049475,94.9407604362,94.9407604362,277.476494772
1161,1,60,positive,0.185493606347,-0.0253900601389,0.246516289191,185.493606347,-25.3900601389,246.516289191,94.802468219,94.802468219,277.402289214
1162,0,60,positive,0.185219323109,-0.0258651326425,0.246509749543,185.219323109,-25.8651326425,246.509749543,94.2539017433,94.2539017433,277.395749565
1162,1,60,positive,0.185405716041,-0.0255422906147,0.24649139801,185.405716041,-25.5422906147,246.49139801,94.6266876066,94.6266876066,277.377398032
1163,0,60,positive,0.185493606347,-0.0253900601389,0.246516289191,185.493606347,-25.3900601389,246.516289191,94.802468219,94.802468219,277.402289214
1163,1,60,positive,0.185405716041,-0.0255422906147,0.24649139801,185.405716041,-25.5422906147,246.49139801,94.6266876066,94.6266876066,277.377398032
1164,0,60,positive,0.184584237139,-0.0269651338101,0.246371135013,184.584237139,-26.9651338101,246.371135013,92.9837298028,92.9837298028,277.257135035
1164,1,60,positive,0.184759300519,-0.0266619151401,0.246359460279,184.759300519,-26.6619151401,246.359460279,93.3338565643,93.3338565643,277.245460302
1165,0,60,positive,0.185219323109,-0.0258651326425,0.246509749543,185.219323109,-25.8651326425,246.509749543,94.2539017433,94.2539017433,277.395749565
1165,1,60,positive,0.185155156919,-0.0259762717426,0.246505451679,185.155156919,-25.9762717426,246.505451679,94.1255693646,94.1255693646,277.391451701
1166,0,60,positive,0.185155156919,-0.0259762717426,0.246505451679,185.155156919,-25.9762717426,246.505451679,94.1255693646,94.1255693646,277.391451701
1166,1,60,positive,0.185035464477,-0.026183585134,0.246463162971,185.035464477,-26.183585134,246.463162971,93.8861844799,93.8861844799,277.349162994
1167,0,60,positive,0.184934547936,-0.0263583777113,0.246334828936,184.934547936,-26.3583777113,246.334828936,93.6843513968,93.6843513968,277.220828959
1167,1,60,positive,0.185035464477,-0.026183585134,0.246463162971,185.035464477,-26.183585134,246.463162971,93.8861844799,93.8861844799,277.349162994
1168,0,60,positive,0.184759300519,-0.0266619151401,0.246359460279,184.759300519,-26.6619151401,246.359460279,93.3338565643,93.3338565643,277.245460302
1168,1,60,positive,0.184934547936,-0.0263583777113,0.246334828936,184.934547936,-26.3583777113,246.334828936,93.6843513968,93.6843513968,277.220828959
1169,0,60,positive,0.183491957903,-0.0288570169416,0.246102166954,183.491957903,-28.8570169416,246.102166954,90.7991713324,90.7991713324,276.988166977
1169,1,60,positive,0.183513628166,-0.0288194829464,0.246113996355,183.513628166,-28.8194829464,246.113996355,90.8425118568,90.8425118568,276.999996377
1170,0,60,positive,0.183458782656,-0.0289144781548,0.246093499158,183.458782656,-28.9144781548,246.093499158,90.7328208385,90.7328208385,276.97949918
1170,1,60,positive,0.183491957903,-0.0288570169416,0.246102166954,183.491957903,-28.8570169416,246.102166954,90.7991713324,90.7991713324,276.988166977
1171,0,60,positive,0.184345066401,-0.0273793896786,0.246257359372,184.345066401,-27.3793896786,246.257359372,92.5053883285,92.5053883285,277.143359394
1171,1,60,positive,0.184443689162,-0.0272085700472,0.246324044984,184.443689162,-27.2085700472,246.324044984,92.7026338488,92.7026338488,277.210045007
1172,0,60,positive,0.183785070879,-0.0283493303748,0.246219017738,183.785070879,-28.3493303748,246.219017738,91.3853972844,91.3853972844,277.10501776
1172,1,60,positive,0.184345066401,-0.0273793896786,0.246257359372,184.345066401,-27.3793896786,246.257359372,92.5053883285,92.5053883285,277.143359394
1173,0,60,positive,0.183785070879,-0.0283493303748,0.246219017738,183.785070879,-28.3493303748,246.219017738,91.3853972844,91.3853972844,277.10501776
1173,1,60,positive,0.18368729546,-0.0285186823684,0.246204636152,183.68729546,-28.5186823684,246.204636152,91.1898464462,91.1898464462,277.090636174
1174,0,60,positive,0.184584237139,-0.0269651338101,0.246371135013,184.584237139,-26.9651338101,246.371135013,92.9837298028,92.9837298028,277.257135035
1174,1,60,positive,0.184443689162,-0.0272085700472,0.246324044984,184.443689162,-27.2085700472,246.324044984,92.7026338488,92.7026338488,277.210045007
1175,0,60,positive,0.18368729546,-0.0285186823684,0.246204636152,183.68729546,-28.5186823684,246.204636152,91.1898464462,91.1898464462,277.090636174
1175,1,60,positive,0.183513628166,-0.0288194829464,0.246113996355,183.513628166,-28.8194829464,246.113996355,90.8425118568,90.8425118568,276.999996377
1176,0,60,positive,0.183458782656,-0.0289144781548,0.246093499158,183.458782656,-28.9144781548,246.093499158,90.7328208385,90.7328208385,276.97949918
1176,1,60,positive,0.183184087984,-0.0293902632842,0.246016735566,183.184087984,-29.3902632842,246.016735566,90.1834314934,90.1834314934,276.902735589
1177,0,60,positive,0.182735467826,-0.0301672961905,0.240313699144,182.735467826,-30.1672961905,240.313699144,89.2861911782,89.2861911782,271.199699166
1177,1,60,positive,0.182716104593,-0.0302008342936,0.240287242955,182.716104593,-30.2008342936,240.287242955,89.2474647125,89.2474647125,271.173242978
1178,0,60,positive,0.182716104593,-0.0302008342936,0.240287242955,182.716104593,-30.2008342936,240.287242955,89.2474647125,89.2474647125,271.173242978
1178,1,60,positive,0.182695803115,-0.0302359974863,0.240249497464,182.695803115,-30.2359974863,240.249497464,89.2068617549,89.2068617549,271.135497486
1179,0,60,positive,0.182590110932,-0.0304190617167,0.240079315415,182.590110932,-30.4190617167,240.079315415,88.9954773896,88.9954773896,270.965315438
1179,1,60,positive,0.182695803115,-0.0302359974863,0.240249497464,182.695803115,-30.2359974863,240.249497464,89.2068617549,89.2068617549,271.135497486
1180,0,60,positive,0.182532116182,-0.0305195115709,0.239994599119,182.532116182,-30.5195115709,239.994599119,88.8794878888,88.8794878888,270.880599141
1180,1,60,positive,0.182590110932,-0.0304190617167,0.240079315415,182.590110932,-30.4190617167,240.079315415,88.9954773896,88.9954773896,270.965315438
1181,0,60,positive,0.182116147983,-0.0312399896259,0.239210907508,182.116147983,-31.2399896259,239.210907508,88.0475514908,88.0475514908,270.09690753
1181,1,60,positive,0.181982093488,-0.0314721788221,0.238972847251,181.982093488,-31.4721788221,238.972847251,87.7794425009,87.7794425009,269.858847273
1182,0,60,positive,0.181849865245,-0.0317012048562,0.238540982832,181.849865245,-31.7012048562,238.540982832,87.5149860161,87.5149860161,269.426982854
1182,1,60,positive,0.181970668899,-0.03149196679,0.238935904649,181.970668899,-31.49196679,238.935904649,87.7565933238,87.7565933238,269.821904671
1183,0,60,positive,0.181982093488,-0.0314721788221,0.238972847251,181.982093488,-31.4721788221,238.972847251,87.7794425009,87.7794425009,269.858847273
1183,1,60,positive,0.181970668899,-0.03149196679,0.238935904649,181.970668899,-31.49196679,238.935904649,87.7565933238,87.7565933238,269.821904671
1184,0,60,positive,0.181795533433,-0.0317953103155,0.238303774749,181.795533433,-31.7953103155,238.303774749,87.4063223916,87.4063223916,269.189774771
1184,1,60,positive,0.18178545888,-0.0318127599534,0.238238886099,181.78545888,-31.8127599534,238.238886099,87.3861732853,87.3861732853,269.124886122
1185,0,60,positive,0.181795533433,-0.0317953103155,0.238303774749,181.795533433,-31.7953103155,238.303774749,87.4063223916,87.4063223916,269.189774771
1185,1,60,positive,0.181849865245,-0.0317012048562,0.238540982832,181.849865245,-31.7012048562,238.540982832,87.5149860161,87.5149860161,269.426982854
1186,0,60,positive,0.182532116182,-0.0305195115709,0.239994599119,182.532116182,-30.5195115709,239.994599119,88.8794878888,88.8794878888,270.880599141
1186,1,60,positive,0.182267679657,-0.0309775290664,0.23947818527,182.267679657,-30.9775290664,239.47818527,88.3506148402,88.3506148402,270.364185292
1187,0,60,positive,0.182116147983,-0.0312399896259,0.239210907508,182.116147983,-31.2399896259,239.210907508,88.0475514908,88.0475514908,270.09690753
1187,1,60,positive,0.1822507786,-0.0310068025563,0.239441299188,182.2507786,-31.0068025563,239.441299188,88.3168127257,88.3168127257,270.327299211
1188,0,60,positive,0.1822507786,-0.0310068025563,0.239441299188,182.2507786,-31.0068025563,239.441299188,88.3168127257,88.3168127257,270.327299211
1188,1,60,positive,0.182267679657,-0.0309775290664,0.23947818527,182.267679657,-30.9775290664,239.47818527,88.3506148402,88.3506148402,270.364185292
1189,0,60,positive,0.180653235001,-0.0337738292364,0.242978471684,180.653235001,-33.7738292364,242.978471684,85.1217255284,85.1217255284,273.864471706
1189,1,60,positive,0.180709260668,-0.033676789936,0.243059051208,180.709260668,-33.676789936,243.059051208,85.2337768608,85.2337768608,273.94505123
1190,0,60,positive,0.180612304782,-0.0338447224563,0.242906110142,180.612304782,-33.8447224563,242.906110142,85.0398650892,85.0398650892,273.792110164
1190,1,60,positive,0.180653235001,-0.0337738292364,0.242978471684,180.653235001,-33.7738292364,242.978471684,85.1217255284,85.1217255284,273.864471706
1191,0,60,positive,0.182056570307,-0.0313431811867,0.245436209679,182.056570307,-31.3431811867,245.436209679,87.92839614,87.92839614,276.322209701
1191,1,60,positive,0.182163014129,-0.0311588150797,0.245476028997,182.163014129,-31.1588150797,245.476028997,88.141283783,88.141283783,276.36202902
1192,0,60,positive,0.182056570307,-0.0313431811867,0.245436209679,182.056570307,-31.3431811867,245.436209679,87.92839614,87.92839614,276.322209701
1192,1,60,positive,0.181902574217,-0.0316099102387,0.245337576607,181.902574217,-31.6099102387,245.337576607,87.6204039601,87.6204039601,276.22357663
1193,0,60,positive,0.182864124824,-0.0299444557339,0.245709145607,182.864124824,-29.9444557339,245.709145607,89.5435051735,89.5435051735,276.595145629
1193,1,60,positive,0.183156601475,-0.0294378713147,0.245997007304,183.156601475,-29.4378713147,245.997007304,90.128458475,90.128458475,276.883007327
1194,0,60,positive,0.182697113406,-0.0302337279958,0.245571840656,182.697113406,-30.2337279958,245.571840656,89.2094823369,89.2094823369,276.457840678
1194,1,60,positive,0.182864124824,-0.0299444557339,0.245709145607,182.864124824,-29.9444557339,245.709145607,89.5435051735,89.5435051735,276.595145629
1195,0,60,positive,0.182697113406,-0.0302337279958,0.245571840656,182.697113406,-30.2337279958,245.571840656,89.2094823369,89.2094823369,276.457840678
1195,1,60,positive,0.182668484805,-0.0302833141872,0.245549692661,182.668484805,-30.2833141872,245.549692661,89.152225135,89.152225135,276.435692684
1196,0,60,positive,0.182163014129,-0.0311588150797,0.245476028997,182.163014129,-31.1588150797,245.476028997,88.141283783,88.141283783,276.36202902
1196,1,60,positive,0.182240834415,-0.0310240263898,0.245504419947,182.240834415,-31.0240263898,245.504419947,88.2969243558,88.2969243558,276.390419969
1197,0,60,positive,0.182240834415,-0.0310240263898,0.245504419947,182.240834415,-31.0240263898,245.504419947,88.2969243558,88.2969243558,276.390419969
1197,1,60,positive,0.182612447084,-0.0303803743669,0.245540266353,182.612447084,-30.3803743669,245.540266353,89.0401496932,89.0401496932,276.426266376
1198,0,60,positive,0.182668484805,-0.0302833141872,0.245549692661,182.668484805,-30.2833141872,245.549692661,89.152225135,89.152225135,276.435692684
1198,1,60,positive,0.182612447084,-0.0303803743669,0.245540266353,182.612447084,-30.3803743669,245.540266353,89.0401496932,89.0401496932,276.426266376
1199,0,60,positive,0.183184087984,-0.0293902632842,0.246016735566,183.184087984,-29.3902632842,246.016735566,90.1834314934,90.1834314934,276.902735589
1199,1,60,positive,0.183174829003,-0.0294063003091,0.246009592086,183.174829003,-29.4063003091,246.009592086,90.1649135322,90.1649135322,276.895592108
1200,0,60,positive,0.183174829003,-0.0294063003091,0.246009592086,183.174829003,-29.4063003091,246.009592086,90.1649135322,90.1649135322,276.895592108
1200,1,60,positive,0.183156601475,-0.0294378713147,0.245997007304,183.156601475,-29.4378713147,245.997007304,90.128458475,90.128458475,276.883007327
1201,0,60,positive,0.181336351148,-0.0325906373633,0.244339555996,181.336351148,-32.5906373633,244.339555996,86.4879578213,86.4879578213,275.225556018
1201,1,60,positive,0.18120757277,-0.0328136880561,0.244166536539,181.20757277,-32.8136880561,244.166536539,86.2304010663,86.2304010663,275.052536562
1202,0,60,positive,0.181782314668,-0.0318182058881,0.245151384117,181.782314668,-31.8182058881,245.151384117,87.3798848616,87.3798848616,276.037384139
1202,1,60,positive,0.181902574217,-0.0316099102387,0.245337576607,181.902574217,-31.6099102387,245.337576607,87.6204039601,87.6204039601,276.22357663
1203,0,60,positive,0.181782314668,-0.0318182058881,0.245151384117,181.782314668,-31.8182058881,245.151384117,87.3798848616,87.3798848616,276.037384139
1203,1,60,positive,0.181564648558,-0.0321952146495,0.244837778392,181.564648558,-32.1952146495,244.837778392,86.9445526419,86.9445526419,275.723778414
1204,0,60,positive,0.181564648558,-0.0321952146495,0.244837778392,181.564648558,-32.1952146495,244.837778392,86.9445526419,86.9445526419,275.723778414
1204,1,60,positive,0.181410490418,-0.0324622243809,0.244450762207,181.410490418,-32.4622243809,244.450762207,86.6362363613,86.6362363613,275.33676223
1205,0,60,positive,0.181336351148,-0.0325906373633,0.244339555996,181.336351148,-32.5906373633,244.339555996,86.4879578213,86.4879578213,275.225556018
1205,1,60,positive,0.181410490418,-0.0324622243809,0.244450762207,181.410490418,-32.4622243809,244.450762207,86.6362363613,86.6362363613,275.33676223
1206,0,60,positive,0.180915587504,-0.0333194213727,0.243417437642,180.915587504,-33.3194213727,243.417437642,85.6464305332,85.6464305332,274.303437664
1206,1,60,positive,0.180984513372,-0.0332000382667,0.243581848899,180.984513372,-33.2000382667,243.581848899,85.78428227,85.78428227,274.467848921
1207,0,60,positive,0.181052345918,-0.0330825488516,0.243699342528,181.052345918,-33.0825488516,243.699342528,85.919947361,85.919947361,274.585342551
1207,1,60,positive,0.180984513372,-0.0332000382667,0.243581848899,180.984513372,-33.2000382667,243.581848899,85.78428227,85.78428227,274.467848921
1208,0,60,positive,0.181052345918,-0.0330825488516,0.243699342528,181.052345918,-33.0825488516,243.699342528,85.919947361,85.919947361,274.585342551
1208,1,60,positive,0.18120757277,-0.0328136880561,0.244166536539,181.20757277,-32.8136880561,244.166536539,86.2304010663,86.2304010663,275.052536562
1209,0,60,positive,0.180915587504,-0.0333194213727,0.243417437642,180.915587504,-33.3194213727,243.417437642,85.6464305332,85.6464305332,274.303437664
1209,1,60,positive,0.180709260668,-0.033676789936,0.243059051208,180.709260668,-33.676789936,243.059051208,85.2337768608,85.2337768608,273.94505123
1210,0,60,positive,0.179662122886,-0.0354904857757,0.229182120765,179.662122886,-35.4904857757,229.182120765,83.1395012983,83.1395012983,260.068120788
1210,1,60,positive,0.179633504111,-0.0355400549491,0.229379395811,179.633504111,-35.5400549491,229.379395811,83.082263747,83.082263747,260.265395833
1211,0,60,positive,0.179633504111,-0.0355400549491,0.229379395811,179.633504111,-35.5400549491,229.379395811,83.082263747,83.082263747,260.265395833
1211,1,60,positive,0.179610749538,-0.0355794670247,0.229621727006,179.610749538,-35.5794670247,229.621727006,83.0367546021,83.0367546021,260.507727028
1212,0,60,positive,0.179662122886,-0.0354904857757,0.229182120765,179.662122886,-35.4904857757,229.182120765,83.1395012983,83.1395012983,260.068120788
1212,1,60,positive,0.179787362601,-0.035273564227,0.228770934625,179.787362601,-35.273564227,228.770934625,83.3899807274,83.3899807274,259.656934647
1213,0,60,positive,0.179561052985,-0.0356655439796,0.230031969791,179.561052985,-35.6655439796,230.031969791,82.937361496,82.937361496,260.917969814
1213,1,60,positive,0.179610749538,-0.0355794670247,0.229621727006,179.610749538,-35.5794670247,229.621727006,83.0367546021,83.0367546021,260.507727028
1214,0,60,positive,0.179561052985,-0.0356655439796,0.230031969791,179.561052985,-35.6655439796,230.031969791,82.937361496,82.937361496,260.917969814
1214,1,60,positive,0.179509378611,-0.0357550466219,0.230282485128,179.509378611,-35.7550466219,230.282485128,82.8340127467,82.8340127467,261.16848515
1215,0,60,positive,0.17949260824,-0.0357840937564,0.230470799532,179.49260824,-35.7840937564,230.470799532,82.8004720049,82.8004720049,261.356799554
1215,1,60,positive,0.179509378611,-0.0357550466219,0.230282485128,179.509378611,-35.7550466219,230.282485128,82.8340127467,82.8340127467,261.16848515
1216,0,60,positive,0.179322712689,-0.0360783614828,0.231609562624,179.322712689,-36.0783614828,231.609562624,82.4606809028,82.4606809028,262.495562646
1216,1,60,positive,0.179366857704,-0.0360019000724,0.231278908969,179.366857704,-36.0019000724,231.278908969,82.5489709345,82.5489709345,262.164908991
1217,0,60,positive,0.17949260824,-0.0357840937564,0.230470799532,179.49260824,-35.7840937564,230.470799532,82.8004720049,82.8004720049,261.356799554
1217,1,60,positive,0.179366857704,-0.0360019000724,0.231278908969,179.366857704,-36.0019000724,231.278908969,82.5489709345,82.5489709345,262.164908991
1218,0,60,positive,0.179322712689,-0.0360783614828,0.231609562624,179.322712689,-36.0783614828,231.609562624,82.4606809028,82.4606809028,262.495562646
1218,1,60,positive,0.179306677349,-0.0361061355058,0.232085109789,179.306677349,-36.1061355058,232.085109789,82.4286102235,82.4286102235,262.971109811
1219,0,60,positive,0.179288205154,-0.0361381302852,0.232287616336,179.288205154,-36.1381302852,232.287616336,82.3916658344,82.3916658344,263.173616358
1219,1,60,positive,0.179306677349,-0.0361061355058,0.232085109789,179.306677349,-36.1061355058,232.085109789,82.4286102235,82.4286102235,262.971109811
1220,0,60,positive,0.179288205154,-0.0361381302852,0.232287616336,179.288205154,-36.1381302852,232.287616336,82.3916658344,82.3916658344,263.173616358
1220,1,60,positive,0.179257460301,-0.036191381933,0.232658191233,179.257460301,-36.191381933,232.658191233,82.3301761281,82.3301761281,263.544191255
1221,0,60,positive,0.179256661323,-0.0361927658033,0.232861099761,179.256661323,-36.1927658033,232.861099761,82.3285781724,82.3285781724,263.747099783
1221,1,60,positive,0.179261308174,-0.0361847172216,0.233459130053,179.261308174,-36.1847172216,233.459130053,82.337871874,82.337871874,264.345130075
1222,0,60,positive,0.179256661323,-0.0361927658033,0.232861099761,179.256661323,-36.1927658033,232.861099761,82.3285781724,82.3285781724,263.747099783
1222,1,60,positive,0.179257460301,-0.036191381933,0.232658191233,179.257460301,-36.191381933,232.658191233,82.3301761281,82.3301761281,263.544191255
1223,0,60,positive,0.179259228661,-0.036188319044,0.233751285097,179.259228661,-36.188319044,233.751285097,82.3337128476,82.3337128476,264.637285119
1223,1,60,positive,0.179261308174,-0.0361847172216,0.233459130053,179.261308174,-36.1847172216,233.459130053,82.337871874,82.337871874,264.345130075
1224,0,60,positive,0.179258243669,-0.0361900251,0.23400731713,179.258243669,-36.1900251,234.00731713,82.3317428639,82.3317428639,264.893317153
1224,1,60,positive,0.179259228661,-0.036188319044,0.233751285097,179.259228661,-36.188319044,233.751285097,82.3337128476,82.3337128476,264.637285119
1225,0,60,positive,0.179258243669,-0.0361900251,0.23400731713,179.258243669,-36.1900251,234.00731713,82.3317428639,82.3317428639,264.893317153
1225,1,60,positive,0.179272279774,-0.0361657138537,0.234644534366,179.272279774,-36.1657138537,234.644534366,82.3598150731,82.3598150731,265.530534389
1226,0,60,positive,0.179280041174,-0.036152270714,0.234833408771,179.280041174,-36.152270714,234.833408771,82.3753378737,82.3753378737,265.719408793
1226,1,60,positive,0.179272279774,-0.0361657138537,0.234644534366,179.272279774,-36.1657138537,234.644534366,82.3598150731,82.3598150731,265.530534389
1227,0,60,positive,0.179291501926,-0.0361324201096,0.234967097117,179.291501926,-36.1324201096,234.967097117,82.3982593773,82.3982593773,265.853097139
1227,1,60,positive,0.179280041174,-0.036152270714,0.234833408771,179.280041174,-36.152270714,234.833408771,82.3753378737,82.3753378737,265.719408793
1228,0,60,positive,0.179291501926,-0.0361324201096,0.234967097117,179.291501926,-36.1324201096,234.967097117,82.3982593773,82.3982593773,265.853097139
1228,1,60,positive,0.17928547484,-0.0361428593288,0.235194056151,179.28547484,-36.1428593288,235.194056151,82.3862052053,82.3862052053,266.080056174
1229,0,60,positive,0.17928547484,-0.0361428593288,0.235194056151,179.28547484,-36.1428593288,235.194056151,82.3862052053,82.3862052053,266.080056174
1229,1,60,positive,0.17931118545,-0.0360983272456,0.235390360114,179.31118545,-36.0983272456,235.390360114,82.4376264257,82.4376264257,266.276360137
1230,0,60,positive,0.17931118545,-0.0360983272456,0.235390360114,179.31118545,-36.0983272456,235.390360114,82.4376264257,82.4376264257,266.276360137
1230,1,60,positive,0.179295529715,-0.0361254437748,0.23562156968,179.295529715,-36.1254437748,235.62156968,82.4063149548,82.4063149548,266.507569703
1231,0,60,positive,0.179268000793,-0.0361731252653,0.235926692586,179.268000793,-36.1731252653,235.926692586,82.3512571121,82.3512571121,266.812692608
1231,1,60,positive,0.179295529715,-0.0361254437748,0.23562156968,179.295529715,-36.1254437748,235.62156968,82.4063149548,82.4063149548,266.507569703
1232,0,60,positive,0.17925093901,-0.0362026771415,0.236620708416,179.25093901,-36.2026771415,236.620708416,82.3171335448,82.3171335448,267.506708439
1232,1,60,positive,0.179237538526,-0.0362258874591,0.236744288481,179.237538526,-36.2258874591,236.744288481,82.2903325785,82.2903325785,267.630288504
1233,0,60,positive,0.179247403788,-0.0362088003249,0.2363418022,179.247403788,-36.2088003249,236.3418022,82.3100631016,82.3100631016,267.227802222
1233,1,60,positive,0.179268000793,-0.0361731252653,0.235926692586,179.268000793,-36.1731252653,235.926692586,82.3512571121,82.3512571121,266.812692608
1234,0,60,positive,0.179247403788,-0.0362088003249,0.2363418022,179.247403788,-36.2088003249,236.3418022,82.3100631016,82.3100631016,267.227802222
1234,1,60,positive,0.17925093901,-0.0362026771415,0.236620708416,179.25093901,-36.2026771415,236.620708416,82.3171335448,82.3171335448,267.506708439
1235,0,60,positive,0.179251775689,-0.0362012279706,0.236916692813,179.251775689,-36.2012279706,236.916692813,82.3188069032,82.3188069032,267.802692836
1235,1,60,positive,0.179237538526,-0.0362258874591,0.236744288481,179.237538526,-36.2258874591,236.744288481,82.2903325785,82.2903325785,267.630288504
1236,0,60,positive,0.179308312048,-0.0361033041247,0.237232490814,179.308312048,-36.1033041247,237.232490814,82.4318796208,82.4318796208,268.118490837
1236,1,60,positive,0.179251775689,-0.0362012279706,0.236916692813,179.251775689,-36.2012279706,236.916692813,82.3188069032,82.3188069032,267.802692836
1237,0,60,positive,0.179308312048,-0.0361033041247,0.237232490814,179.308312048,-36.1033041247,237.232490814,82.4318796208,82.4318796208,268.118490837
1237,1,60,positive,0.179333817126,-0.0360591280324,0.237463388521,179.333817126,-36.0591280324,237.463388521,82.4828897783,82.4828897783,268.349388543
1238,0,60,positive,0.179495687429,-0.0357787604448,0.238127265128,179.495687429,-35.7787604448,238.127265128,82.8066303827,82.8066303827,269.01326515
1238,1,60,positive,0.179566728892,-0.0356557130199,0.238681660398,179.566728892,-35.6557130199,238.681660398,82.9487133104,82.9487133104,269.567660421
1239,0,60,positive,0.179333817126,-0.0360591280324,0.237463388521,179.333817126,-36.0591280324,237.463388521,82.4828897783,82.4828897783,268.349388543
1239,1,60,positive,0.179487003945,-0.0357938006796,0.23808377551,179.487003945,-35.7938006796,238.08377551,82.7892634154,82.7892634154,268.969775533
1240,0,60,positive,0.179492594081,-0.0357841182802,0.238111829629,179.492594081,-35.7841182802,238.111829629,82.8004436873,82.8004436873,268.997829651
1240,1,60,positive,0.179487003945,-0.0357938006796,0.23808377551,179.487003945,-35.7938006796,238.08377551,82.7892634154,82.7892634154,268.969775533
1241,0,60,positive,0.179495687429,-0.0357787604448,0.238127265128,179.495687429,-35.7787604448,238.127265128,82.8066303827,82.8066303827,269.01326515
1241,1,60,positive,0.179492594081,-0.0357841182802,0.238111829629,179.492594081,-35.7841182802,238.111829629,82.8004436873,82.8004436873,268.997829651
1242,0,60,positive,0.180140734768,-0.0346615056798,0.240707773944,180.140734768,-34.6615056798,240.707773944,84.0967250613,84.0967250613,271.593773966
1242,1,60,positive,0.180150788265,-0.034644092512,0.240893949331,180.150788265,-34.644092512,240.893949331,84.1168320556,84.1168320556,271.779949353
1243,0,60,positive,0.179838904782,-0.0351842905509,0.239976603511,179.838904782,-35.1842905509,239.976603511,83.4930650892,83.4930650892,270.862603533
1243,1,60,positive,0.179868666049,-0.035132742524,0.240114435306,179.868666049,-35.132742524,240.114435306,83.5525876236,83.5525876236,271.000435328
1244,0,60,positive,0.179868666049,-0.035132742524,0.240114435306,179.868666049,-35.132742524,240.114435306,83.5525876236,83.5525876236,271.000435328
1244,1,60,positive,0.17989339243,-0.0350899151763,0.240163929222,179.89339243,-35.0899151763,240.163929222,83.6020403851,83.6020403851,271.049929245
1245,0,60,positive,0.180106080858,-0.0347215280131,0.240480477503,180.106080858,-34.7215280131,240.480477503,84.0274172408,84.0274172408,271.366477526
1245,1,60,positive,0.17989339243,-0.0350899151763,0.240163929222,179.89339243,-35.0899151763,240.163929222,83.6020403851,83.6020403851,271.049929245
1246,0,60,positive,0.180140734768,-0.0346615056798,0.240707773944,180.140734768,-34.6615056798,240.707773944,84.0967250613,84.0967250613,271.593773966
1246,1,60,positive,0.180106080858,-0.0347215280131,0.240480477503,180.106080858,-34.7215280131,240.480477503,84.0274172408,84.0274172408,271.366477526
1247,0,60,positive,0.179598983875,-0.0355998457511,0.238856562438,179.598983875,-35.5998457511,238.856562438,83.0132232759,83.0132232759,269.74256246
1247,1,60,positive,0.179566728892,-0.0356557130199,0.238681660398,179.566728892,-35.6557130199,238.681660398,82.9487133104,82.9487133104,269.567660421
1248,0,60,positive,0.17965653277,-0.0355001681418,0.2391348752,179.65653277,-35.5001681418,239.1348752,83.128321065,83.128321065,270.020875222
1248,1,60,positive,0.179791940214,-0.0352656355679,0.239700083826,179.791940214,-35.2656355679,239.700083826,83.3991359543,83.3991359543,270.586083849
1249,0,60,positive,0.179838904782,-0.0351842905509,0.239976603511,179.838904782,-35.1842905509,239.976603511,83.4930650892,83.4930650892,270.862603533
1249,1,60,positive,0.179791940214,-0.0352656355679,0.239700083826,179.791940214,-35.2656355679,239.700083826,83.3991359543,83.3991359543,270.586083849
1250,0,60,positive,0.17965653277,-0.0355001681418,0.2391348752,179.65653277,-35.5001681418,239.1348752,83.128321065,83.128321065,270.020875222
1250,1,60,positive,0.179598983875,-0.0355998457511,0.238856562438,179.598983875,-35.5998457511,238.856562438,83.0132232759,83.0132232759,269.74256246
1251,0,60,positive,0.180134335841,-0.034672588946,0.241114270714,180.134335841,-34.672588946,241.114270714,84.0839272079,84.0839272079,272.000270736
1251,1,60,positive,0.180150788265,-0.034644092512,0.240893949331,180.150788265,-34.644092512,240.893949331,84.1168320556,84.1168320556,271.779949353
1252,0,60,positive,0.180204805944,-0.0345505311475,0.241408693568,180.204805944,-34.5505311475,241.408693568,84.2248674135,84.2248674135,272.29469359
1252,1,60,positive,0.180134335841,-0.034672588946,0.241114270714,180.134335841,-34.672588946,241.114270714,84.0839272079,84.0839272079,272.000270736
1253,0,60,positive,0.180204805944,-0.0345505311475,0.241408693568,180.204805944,-34.5505311475,241.408693568,84.2248674135,84.2248674135,272.29469359
1253,1,60,positive,0.180206240071,-0.0345480471659,0.241414250175,180.206240071,-34.5480471659,241.414250175,84.2277356684,84.2277356684,272.300250197
1254,0,60,positive,0.180206240071,-0.0345480471659,0.241414250175,180.206240071,-34.5480471659,241.414250175,84.2277356684,84.2277356684,272.300250197
1254,1,60,positive,0.180206598653,-0.034547426085,0.241416315711,180.206598653,-34.547426085,241.416315711,84.2284528309,84.2284528309,272.302315733
1255,0,60,positive,0.180206598653,-0.034547426085,0.241416315711,180.206598653,-34.547426085,241.416315711,84.2284528309,84.2284528309,272.302315733
1255,1,60,positive,0.18021745093,-0.0345286293892,0.241484896988,180.21745093,-34.5286293892,241.484896988,84.2501573856,84.2501573856,272.37089701
1256,0,60,positive,0.18032662767,-0.0343395297291,0.242191639793,180.32662767,-34.3395297291,242.191639793,84.4685108649,84.4685108649,273.077639816
1256,1,60,positive,0.18021745093,-0.0345286293892,0.241484896988,180.21745093,-34.5286293892,241.484896988,84.2501573856,84.2501573856,272.37089701
1257,0,60,positive,0.180370225033,-0.0342640168809,0.242331428759,180.370225033,-34.2640168809,242.331428759,84.5557055914,84.5557055914,273.217428781
1257,1,60,positive,0.180355979871,-0.0342886902245,0.242311742466,180.355979871,-34.2886902245,242.311742466,84.5272152683,84.5272152683,273.197742488
1258,0,60,positive,0.180370225033,-0.0342640168809,0.242331428759,180.370225033,-34.2640168809,242.331428759,84.5557055914,84.5557055914,273.217428781
1258,1,60,positive,0.180439697876,-0.0341436863875,0.242579531405,180.439697876,-34.1436863875,242.579531405,84.694651277,84.694651277,273.465531428
1259,0,60,positive,0.180355979871,-0.0342886902245,0.242311742466,180.355979871,-34.2886902245,242.311742466,84.5272152683,84.5272152683,273.197742488
1259,1,60,positive,0.18032662767,-0.0343395297291,0.242191639793,180.32662767,-34.3395297291,242.191639793,84.4685108649,84.4685108649,273.077639816
1260,0,60,positive,0.180612304782,-0.0338447224563,0.242906110142,180.612304782,-33.8447224563,242.906110142,85.0398650892,85.0398650892,273.792110164
1260,1,60,positive,0.180439697876,-0.0341436863875,0.242579531405,180.439697876,-34.1436863875,242.579531405,84.694651277,84.694651277,273.465531428
1261,0,60,positive,0.193220045089,-0.0120074756753,0.248169582433,193.220045089,-12.0074756753,248.169582433,110.255345704,110.255345704,279.055582455
1261,1,60,positive,0.193250225447,-0.0119552017618,0.248085283689,193.250225447,-11.9552017618,248.085283689,110.31570642,110.31570642,278.971283711
1262,0,60,positive,0.193043340442,-0.0123135371024,0.248461124694,193.043340442,-12.3135371024,248.461124694,109.901936409,109.901936409,279.347124717
1262,1,60,positive,0.193051821644,-0.0122988472299,0.248455224435,193.051821644,-12.2988472299,248.455224435,109.918898813,109.918898813,279.341224458
1263,0,60,positive,0.192886870925,-0.0125845502563,0.248575502766,192.886870925,-12.5845502563,248.575502766,109.588997375,109.588997375,279.461502788
1263,1,60,positive,0.193043340442,-0.0123135371024,0.248461124694,193.043340442,-12.3135371024,248.461124694,109.901936409,109.901936409,279.347124717
1264,0,60,positive,0.192051389428,-0.0140316466573,0.248646767572,192.051389428,-14.0316466573,248.646767572,107.918034381,107.918034381,279.532767594
1264,1,60,positive,0.192419742209,-0.0133936409245,0.248682256467,192.419742209,-13.3936409245,248.682256467,108.654739944,108.654739944,279.56825649
1265,0,60,positive,0.192051389428,-0.0140316466573,0.248646767572,192.051389428,-14.0316466573,248.646767572,107.918034381,107.918034381,279.532767594
1265,1,60,positive,0.191895321259,-0.0143019646548,0.248663654927,191.895321259,-14.3019646548,248.663654927,107.605898044,107.605898044,279.549654949
1266,0,60,positive,0.191530241318,-0.0149343016617,0.248638256705,191.530241318,-14.9343016617,248.638256705,106.875738162,106.875738162,279.524256727
1266,1,60,positive,0.191689442644,-0.014658556877,0.248642545207,191.689442644,-14.658556877,248.642545207,107.194140813,107.194140813,279.528545229
1267,0,60,positive,0.191895321259,-0.0143019646548,0.248663654927,191.895321259,-14.3019646548,248.663654927,107.605898044,107.605898044,279.549654949
1267,1,60,positive,0.191689442644,-0.014658556877,0.248642545207,191.689442644,-14.658556877,248.642545207,107.194140813,107.194140813,279.528545229
1268,0,60,positive,0.191530241318,-0.0149343016617,0.248638256705,191.530241318,-14.9343016617,248.638256705,106.875738162,106.875738162,279.524256727
1268,1,60,positive,0.190929416616,-0.0159749605729,0.248661824836,190.929416616,-15.9749605729,248.661824836,105.674088757,105.674088757,279.547824858
1269,0,60,positive,0.190739738192,-0.016303493239,0.248621338535,190.739738192,-16.303493239,248.621338535,105.29473191,105.29473191,279.507338558
1269,1,60,positive,0.190929416616,-0.0159749605729,0.248661824836,190.929416616,-15.9749605729,248.661824836,105.674088757,105.674088757,279.547824858
1270,0,60,positive,0.190739738192,-0.016303493239,0.248621338535,190.739738192,-16.303493239,248.621338535,105.29473191,105.29473191,279.507338558
1270,1,60,positive,0.190555438804,-0.0166227091426,0.248566396505,190.555438804,-16.6227091426,248.566396505,104.926133135,104.926133135,279.452396528
1271,0,60,positive,0.19036706908,-0.0169489750759,0.248478412944,190.36706908,-16.9489750759,248.478412944,104.549393686,104.549393686,279.364412966
1271,1,60,positive,0.190555438804,-0.0166227091426,0.248566396505,190.555438804,-16.6227091426,248.566396505,104.926133135,104.926133135,279.452396528
1272,0,60,positive,0.190075110239,-0.0174546626215,0.248391888357,190.075110239,-17.4546626215,248.391888357,103.965476005,103.965476005,279.277888379
1272,1,60,positive,0.190315535009,-0.0170382347048,0.248459284361,190.315535009,-17.0382347048,248.459284361,104.446325544,104.446325544,279.345284384
1273,0,60,positive,0.189977262187,-0.0176241404191,0.248353621531,189.977262187,-17.6241404191,248.353621531,103.7697799,103.7697799,279.239621554
1273,1,60,positive,0.190075110239,-0.0174546626215,0.248391888357,190.075110239,-17.4546626215,248.391888357,103.965476005,103.965476005,279.277888379
1274,0,60,positive,0.189416790165,-0.0185949064373,0.248133871889,189.416790165,-18.5949064373,248.133871889,102.648835857,102.648835857,279.019871912
1274,1,60,positive,0.189977262187,-0.0176241404191,0.248353621531,189.977262187,-17.6241404191,248.353621531,103.7697799,103.7697799,279.239621554
1275,0,60,positive,0.189416790165,-0.0185949064373,0.248133871889,189.416790165,-18.5949064373,248.133871889,102.648835857,102.648835857,279.019871912
1275,1,60,positive,0.189382691127,-0.0186539677044,0.248120672102,189.382691127,-18.6539677044,248.120672102,102.58063778,102.58063778,279.006672124
1276,0,60,positive,0.19036706908,-0.0169489750759,0.248478412944,190.36706908,-16.9489750759,248.478412944,104.549393686,104.549393686,279.364412966
1276,1,60,positive,0.190315535009,-0.0170382347048,0.248459284361,190.315535009,-17.0382347048,248.459284361,104.446325544,104.446325544,279.345284384
1277,0,60,positive,0.188850833548,-0.0195751720537,0.247902969114,188.850833548,-19.5751720537,247.902969114,101.516922622,101.516922622,278.788969136
1277,1,60,positive,0.189376823082,-0.0186641314565,0.24811863695,189.376823082,-18.6641314565,248.11863695,102.56890169,102.56890169,279.004636972
1278,0,60,positive,0.188275157083,-0.0205722729396,0.247699917275,188.275157083,-20.5722729396,247.699917275,100.365569692,100.365569692,278.585917297
1278,1,60,positive,0.188368960061,-0.0204098014162,0.247724192169,188.368960061,-20.4098014162,247.724192169,100.553175647,100.553175647,278.610192191
1279,0,60,positive,0.188850833548,-0.0195751720537,0.247902969114,188.850833548,-19.5751720537,247.902969114,101.516922622,101.516922622,278.788969136
1279,1,60,positive,0.188795022374,-0.019671839843,0.247862993022,188.795022374,-19.671839843,247.862993022,101.405300273,101.405300273,278.748993045
1280,0,60,positive,0.188681922045,-0.0198677353593,0.24782024979,188.681922045,-19.8677353593,247.82024979,101.179099615,101.179099615,278.706249812
1280,1,60,positive,0.188368960061,-0.0204098014162,0.247724192169,188.368960061,-20.4098014162,247.724192169,100.553175647,100.553175647,278.610192191
1281,0,60,positive,0.188795022374,-0.019671839843,0.247862993022,188.795022374,-19.671839843,247.862993022,101.405300273,101.405300273,278.748993045
1281,1,60,positive,0.188681922045,-0.0198677353593,0.24782024979,188.681922045,-19.8677353593,247.82024979,101.179099615,101.179099615,278.706249812
1282,0,60,positive,0.189382691127,-0.0186539677044,0.248120672102,189.382691127,-18.6539677044,248.120672102,102.58063778,102.58063778,279.006672124
1282,1,60,positive,0.189376823082,-0.0186641314565,0.24811863695,189.376823082,-18.6641314565,248.11863695,102.56890169,102.56890169,279.004636972
1283,0,60,positive,0.187562986869,-0.0218057879336,0.247354207548,187.562986869,-21.8057879336,247.354207548,98.9412292641,98.9412292641,278.240207571
1283,1,60,positive,0.187636660891,-0.0216781807853,0.247383685701,187.636660891,-21.6781807853,247.383685701,99.0885773069,99.0885773069,278.269685723
1284,0,60,positive,0.188180442987,-0.0207363225666,0.247641288505,188.180442987,-20.7363225666,247.641288505,100.176141499,100.176141499,278.527288527
1284,1,60,positive,0.187636660891,-0.0216781807853,0.247383685701,187.636660891,-21.6781807853,247.383685701,99.0885773069,99.0885773069,278.269685723
1285,0,60,positive,0.188180442987,-0.0207363225666,0.247641288505,188.180442987,-20.7363225666,247.641288505,100.176141499,100.176141499,278.527288527
1285,1,60,positive,0.188275157083,-0.0205722729396,0.247699917275,188.275157083,-20.5722729396,247.699917275,100.365569692,100.365569692,278.585917297
1286,0,60,positive,0.187540236493,-0.0218451927412,0.247353615964,187.540236493,-21.8451927412,247.353615964,98.8957285115,98.8957285115,278.239615986
1286,1,60,positive,0.187279591246,-0.0222966435511,0.247374072212,187.279591246,-22.2966435511,247.374072212,98.3744380183,98.3744380183,278.260072234
1287,0,60,positive,0.187540236493,-0.0218451927412,0.247353615964,187.540236493,-21.8451927412,247.353615964,98.8957285115,98.8957285115,278.239615986
1287,1,60,positive,0.187562986869,-0.0218057879336,0.247354207548,187.562986869,-21.8057879336,247.354207548,98.9412292641,98.9412292641,278.240207571
1288,0,60,positive,0.193381301987,-0.0117281705348,0.247664846384,193.381301987,-11.7281705348,247.664846384,110.5778595,110.5778595,278.550846406
1288,1,60,positive,0.193389296385,-0.0117143238319,0.247595038282,193.389296385,-11.7143238319,247.595038282,110.593848295,110.593848295,278.481038304
1289,0,60,positive,0.193367527475,-0.0117520286894,0.247719845139,193.367527475,-11.7520286894,247.719845139,110.550310476,110.550310476,278.605845161
1289,1,60,positive,0.193381301987,-0.0117281705348,0.247664846384,193.381301987,-11.7281705348,247.664846384,110.5778595,110.5778595,278.550846406
1290,0,60,positive,0.193510120959,-0.01150504953,0.246946419639,193.510120959,-11.50504953,246.946419639,110.835497444,110.835497444,277.832419662
1290,1,60,positive,0.19351672681,-0.0114936078615,0.246806507838,193.51672681,-11.4936078615,246.806507838,110.848709145,110.848709145,277.69250786
1291,0,60,positive,0.193510120959,-0.01150504953,0.246946419639,193.510120959,-11.50504953,246.946419639,110.835497444,110.835497444,277.832419662
1291,1,60,positive,0.193389296385,-0.0117143238319,0.247595038282,193.389296385,-11.7143238319,247.595038282,110.593848295,110.593848295,278.481038304
1292,0,60,positive,0.193367527475,-0.0117520286894,0.247719845139,193.367527475,-11.7520286894,247.719845139,110.550310476,110.550310476,278.605845161
1292,1,60,positive,0.193250225447,-0.0119552017618,0.248085283689,193.250225447,-11.9552017618,248.085283689,110.31570642,110.31570642,278.971283711
1293,0,60,positive,0.193220045089,-0.0120074756753,0.248169582433,193.220045089,-12.0074756753,248.169582433,110.255345704,110.255345704,279.055582455
1293,1,60,positive,0.193051821644,-0.0122988472299,0.248455224435,193.051821644,-12.2988472299,248.455224435,109.918898813,109.918898813,279.341224458
1294,0,60,positive,0.192886870925,-0.0125845502563,0.248575502766,192.886870925,-12.5845502563,248.575502766,109.588997375,109.588997375,279.461502788
1294,1,60,positive,0.192878834584,-0.0125984696065,0.248582098742,192.878834584,-12.5984696065,248.582098742,109.572924693,109.572924693,279.468098764
1295,0,60,positive,0.192878834584,-0.0125984696065,0.248582098742,192.878834584,-12.5984696065,248.582098742,109.572924693,109.572924693,279.468098764
1295,1,60,positive,0.192878086874,-0.0125997646786,0.248582063065,192.878086874,-12.5997646786,248.582063065,109.571429273,109.571429273,279.468063087
1296,0,60,positive,0.192499664286,-0.0132552118264,0.248674593818,192.499664286,-13.2552118264,248.674593818,108.814584098,108.814584098,279.560593841
1296,1,60,positive,0.192878086874,-0.0125997646786,0.248582063065,192.878086874,-12.5997646786,248.582063065,109.571429273,109.571429273,279.468063087
1297,0,60,positive,0.192499664286,-0.0132552118264,0.248674593818,192.499664286,-13.2552118264,248.674593818,108.814584098,108.814584098,279.560593841
1297,1,60,positive,0.192419742209,-0.0133936409245,0.248682256467,192.419742209,-13.3936409245,248.682256467,108.654739944,108.654739944,279.56825649
1298,0,60,positive,0.190983417792,-0.0158814277914,0.186586571127,190.983417792,-15.8814277914,186.586571127,105.78209111,105.78209111,217.472571149
1298,1,60,positive,0.190997876071,-0.015856385317,0.1862768861,190.997876071,-15.856385317,186.2768861,105.811007669,105.811007669,217.162886122
1299,0,60,positive,0.191046419119,-0.015772306292,0.185320666536,191.046419119,-15.772306292,185.320666536,105.908093764,105.908093764,216.206666558
1299,1,60,positive,0.191074345762,-0.0157239359284,0.184814393015,191.074345762,-15.7239359284,184.814393015,105.963947049,105.963947049,215.700393037
1300,0,60,positive,0.191046419119,-0.015772306292,0.185320666536,191.046419119,-15.772306292,185.320666536,105.908093764,105.908093764,216.206666558
1300,1,60,positive,0.191029447495,-0.0158017020079,0.185792280047,191.029447495,-15.8017020079,185.792280047,105.874150515,105.874150515,216.678280069
1301,0,60,positive,0.191029447495,-0.0158017020079,0.185792280047,191.029447495,-15.8017020079,185.792280047,105.874150515,105.874150515,216.678280069
1301,1,60,positive,0.190997876071,-0.015856385317,0.1862768861,190.997876071,-15.856385317,186.2768861,105.811007669,105.811007669,217.162886122
1302,0,60,positive,0.19096309598,-0.0159166262034,0.186889128421,190.96309598,-15.9166262034,186.889128421,105.741447485,105.741447485,217.775128443
1302,1,60,positive,0.190885263946,-0.0160514352404,0.187956883516,190.885263946,-16.0514352404,187.956883516,105.585783417,105.585783417,218.842883539
1303,0,60,positive,0.19096309598,-0.0159166262034,0.186889128421,190.96309598,-15.9166262034,186.889128421,105.741447485,105.741447485,217.775128443
1303,1,60,positive,0.190983417792,-0.0158814277914,0.186586571127,190.983417792,-15.8814277914,186.586571127,105.78209111,105.78209111,217.472571149
1304,0,60,positive,0.190885263946,-0.0160514352404,0.187956883516,190.885263946,-16.0514352404,187.956883516,105.585783417,105.585783417,218.842883539
1304,1,60,positive,0.190861083354,-0.0160933172533,0.188565678522,190.861083354,-16.0933172533,188.565678522,105.537422234,105.537422234,219.451678544
1305,0,60,positive,0.190861083354,-0.0160933172533,0.188565678522,190.861083354,-16.0933172533,188.565678522,105.537422234,105.537422234,219.451678544
1305,1,60,positive,0.190848738887,-0.0161146984985,0.189046470929,190.848738887,-16.1146984985,189.046470929,105.512733299,105.512733299,219.932470951
1306,0,60,positive,0.188996298993,-0.0193232185123,0.183916335039,188.996298993,-19.3232185123,183.916335039,101.807853511,101.807853511,214.802335061
1306,1,60,positive,0.188984244696,-0.0193440971677,0.184263639764,188.984244696,-19.3440971677,184.263639764,101.783744917,101.783744917,215.149639786
1307,0,60,positive,0.188998161492,-0.0193199925698,0.184909829361,188.998161492,-19.3199925698,184.909829361,101.811578509,101.811578509,215.795829383
1307,1,60,positive,0.188984244696,-0.0193440971677,0.184263639764,188.984244696,-19.3440971677,184.263639764,101.783744917,101.783744917,215.149639786
1308,0,60,positive,0.188998161492,-0.0193199925698,0.184909829361,188.998161492,-19.3199925698,184.909829361,101.811578509,101.811578509,215.795829383
1308,1,60,positive,0.189000456535,-0.0193160174386,0.184967103309,189.000456535,-19.3160174386,184.967103309,101.816168595,101.816168595,215.853103332
1309,0,60,positive,0.189000456535,-0.0193160174386,0.184967103309,189.000456535,-19.3160174386,184.967103309,101.816168595,101.816168595,215.853103332
1309,1,60,positive,0.188990213395,-0.0193337590771,0.185125850444,188.990213395,-19.3337590771,185.125850444,101.795682316,101.795682316,216.011850466
1310,0,60,positive,0.188956951596,-0.0193913702022,0.185612215835,188.956951596,-19.3913702022,185.612215835,101.729158718,101.729158718,216.498215857
1310,1,60,positive,0.188990213395,-0.0193337590771,0.185125850444,188.990213395,-19.3337590771,185.125850444,101.795682316,101.795682316,216.011850466
1311,0,60,positive,0.188956951596,-0.0193913702022,0.185612215835,188.956951596,-19.3913702022,185.612215835,101.729158718,101.729158718,216.498215857
1311,1,60,positive,0.188951710064,-0.0194004488027,0.186080026812,188.951710064,-19.4004488027,186.080026812,101.718675654,101.718675654,216.966026834
1312,0,60,positive,0.188928811866,-0.019440109645,0.18662369499,188.928811866,-19.440109645,186.62369499,101.672879258,101.672879258,217.509695013
1312,1,60,positive,0.188942353709,-0.0194166544845,0.187354551593,188.942353709,-19.4166544845,187.354551593,101.699962944,101.699962944,218.240551615
1313,0,60,positive,0.188868550904,-0.0195444846925,0.188948356958,188.868550904,-19.5444846925,188.948356958,101.552357334,101.552357334,219.834356981
1313,1,60,positive,0.188884544506,-0.0195167829613,0.188647834151,188.884544506,-19.5167829613,188.647834151,101.584344538,101.584344538,219.533834173
1314,0,60,positive,0.188868550904,-0.0195444846925,0.188948356958,188.868550904,-19.5444846925,188.948356958,101.552357334,101.552357334,219.834356981
1314,1,60,positive,0.188862956691,-0.0195541741538,0.189374024994,188.862956691,-19.5541741538,189.374024994,101.541168908,101.541168908,220.260025017
1315,0,60,positive,0.188951029014,-0.0194016284162,0.18625103153,188.951029014,-19.4016284162,186.25103153,101.717313553,101.717313553,217.137031552
1315,1,60,positive,0.188951710064,-0.0194004488027,0.186080026812,188.951710064,-19.4004488027,186.080026812,101.718675654,101.718675654,216.966026834
1316,0,60,positive,0.188938031636,-0.0194241405342,0.186460469999,188.938031636,-19.4241405342,186.460469999,101.691318798,101.691318798,217.346470022
1316,1,60,positive,0.188951029014,-0.0194016284162,0.18625103153,188.951029014,-19.4016284162,186.25103153,101.717313553,101.717313553,217.137031552
1317,0,60,positive,0.188928811866,-0.019440109645,0.18662369499,188.928811866,-19.440109645,186.62369499,101.672879258,101.672879258,217.509695013
1317,1,60,positive,0.188938031636,-0.0194241405342,0.186460469999,188.938031636,-19.4241405342,186.460469999,101.691318798,101.691318798,217.346470022
1318,0,60,positive,0.188945244228,-0.0194116479588,0.187377024199,188.945244228,-19.4116479588,187.377024199,101.705743982,101.705743982,218.263024221
1318,1,60,positive,0.188942353709,-0.0194166544845,0.187354551593,188.942353709,-19.4166544845,187.354551593,101.699962944,101.699962944,218.240551615
1319,0,60,positive,0.188945244228,-0.0194116479588,0.187377024199,188.945244228,-19.4116479588,187.377024199,101.705743982,101.705743982,218.263024221
1319,1,60,positive,0.188907856058,-0.0194764061685,0.188027308697,188.907856058,-19.4764061685,188.027308697,101.630967642,101.630967642,218.913308719
1320,0,60,positive,0.188884544506,-0.0195167829613,0.188647834151,188.884544506,-19.5167829613,188.647834151,101.584344538,101.584344538,219.533834173
1320,1,60,positive,0.188907856058,-0.0194764061685,0.188027308697,188.907856058,-19.4764061685,188.027308697,101.630967642,101.630967642,218.913308719
1321,0,60,positive,0.190803451345,-0.0161931388211,0.189965191949,190.803451345,-16.1931388211,189.965191949,105.422158216,105.422158216,220.851191971
1321,1,60,positive,0.190848738887,-0.0161146984985,0.189046470929,190.848738887,-16.1146984985,189.046470929,105.512733299,105.512733299,219.932470951
1322,0,60,positive,0.190803451345,-0.0161931388211,0.189965191949,190.803451345,-16.1931388211,189.965191949,105.422158216,105.422158216,220.851191971
1322,1,60,positive,0.190763748293,-0.0162619065247,0.1904662098,190.763748293,-16.2619065247,190.4662098,105.342752112,105.342752112,221.352209823
1323,0,60,positive,0.190656881604,-0.0164470050606,0.191822280712,190.656881604,-16.4470050606,191.822280712,105.129018733,105.129018733,222.708280735
1323,1,60,positive,0.190763748293,-0.0162619065247,0.1904662098,190.763748293,-16.2619065247,190.4662098,105.342752112,105.342752112,221.352209823
1324,0,60,positive,0.190656881604,-0.0164470050606,0.191822280712,190.656881604,-16.4470050606,191.822280712,105.129018733,105.129018733,222.708280735
1324,1,60,positive,0.190655563431,-0.016449288203,0.191853654884,190.655563431,-16.449288203,191.853654884,105.126382387,105.126382387,222.739654906
1325,0,60,positive,0.190579054314,-0.0165818058799,0.193371418113,190.579054314,-16.5818058799,193.371418113,104.973364154,104.973364154,224.257418135
1325,1,60,positive,0.190654285662,-0.0164515013634,0.191876309747,190.654285662,-16.4515013634,191.876309747,105.123826849,105.123826849,222.762309769
1326,0,60,positive,0.190579054314,-0.0165818058799,0.193371418113,190.579054314,-16.5818058799,193.371418113,104.973364154,104.973364154,224.257418135
1326,1,60,positive,0.190556783464,-0.0166203801247,0.193640388409,190.556783464,-16.6203801247,193.640388409,104.928822453,104.928822453,224.526388431
1327,0,60,positive,0.190531010098,-0.0166650209033,0.194227977198,190.531010098,-16.6650209033,194.227977198,104.877275722,104.877275722,225.113977221
1327,1,60,positive,0.190556783464,-0.0166203801247,0.193640388409,190.556783464,-16.6203801247,193.640388409,104.928822453,104.928822453,224.526388431
1328,0,60,positive,0.190655563431,-0.016449288203,0.191853654884,190.655563431,-16.449288203,191.853654884,105.126382387,105.126382387,222.739654906
1328,1,60,positive,0.190654285662,-0.0164515013634,0.191876309747,190.654285662,-16.4515013634,191.876309747,105.123826849,105.123826849,222.762309769
1329,0,60,positive,0.190417381341,-0.0168618316836,0.195754527837,190.417381341,-16.8618316836,195.754527837,104.650018208,104.650018208,226.640527859
1329,1,60,positive,0.190531010098,-0.0166650209033,0.194227977198,190.531010098,-16.6650209033,194.227977198,104.877275722,104.877275722,225.113977221
1330,0,60,positive,0.190353802352,-0.0169719537234,0.19682840225,190.353802352,-16.9719537234,196.82840225,104.522860229,104.522860229,227.714402272
1330,1,60,positive,0.190411996871,-0.0168711578587,0.195836501542,190.411996871,-16.8711578587,195.836501542,104.639249268,104.639249268,226.722501564
1331,0,60,positive,0.190417381341,-0.0168618316836,0.195754527837,190.417381341,-16.8618316836,195.754527837,104.650018208,104.650018208,226.640527859
1331,1,60,positive,0.190411996871,-0.0168711578587,0.195836501542,190.411996871,-16.8711578587,195.836501542,104.639249268,104.639249268,226.722501564
1332,0,60,positive,0.190322455421,-0.0170262482006,0.197252446519,190.322455421,-17.0262482006,197.252446519,104.460166367,104.460166367,228.138446541
1332,1,60,positive,0.190353802352,-0.0169719537234,0.19682840225,190.353802352,-16.9719537234,196.82840225,104.522860229,104.522860229,227.714402272
1333,0,60,positive,0.190227923675,-0.0171899819864,0.198878566279,190.227923675,-17.1899819864,198.878566279,104.271102876,104.271102876,229.764566301
1333,1,60,positive,0.190322455421,-0.0170262482006,0.197252446519,190.322455421,-17.0262482006,197.252446519,104.460166367,104.460166367,228.138446541
1334,0,60,positive,0.190227923675,-0.0171899819864,0.198878566279,190.227923675,-17.1899819864,198.878566279,104.271102876,104.271102876,229.764566301
1334,1,60,positive,0.190226488456,-0.0171924678587,0.19890349424,190.226488456,-17.1924678587,198.90349424,104.268232438,104.268232438,229.789494262
1335,0,60,positive,0.190226488456,-0.0171924678587,0.19890349424,190.226488456,-17.1924678587,198.90349424,104.268232438,104.268232438,229.789494262
1335,1,60,positive,0.190224743437,-0.0171954903216,0.198923354241,190.224743437,-17.1954903216,198.923354241,104.264742399,104.264742399,229.809354263
1336,0,60,positive,0.189976777064,-0.0176249806781,0.201330229305,189.976777064,-17.6249806781,201.330229305,103.768809653,103.768809653,232.216229327
1336,1,60,positive,0.190008179226,-0.0175705905368,0.201109608086,190.008179226,-17.5705905368,201.109608086,103.831613978,103.831613978,231.995608108
1337,0,60,positive,0.189946663474,-0.0176771389449,0.201602292227,189.946663474,-17.6771389449,201.602292227,103.708582474,103.708582474,232.48829225
1337,1,60,positive,0.189976777064,-0.0176249806781,0.201330229305,189.976777064,-17.6249806781,201.330229305,103.768809653,103.768809653,232.216229327
1338,0,60,positive,0.190094926397,-0.0174203400294,0.200428162952,190.094926397,-17.4203400294,200.428162952,104.00510832,104.00510832,231.314162975
1338,1,60,positive,0.190224743437,-0.0171954903216,0.198923354241,190.224743437,-17.1954903216,198.923354241,104.264742399,104.264742399,229.809354263
1339,0,60,positive,0.190094926397,-0.0174203400294,0.200428162952,190.094926397,-17.4203400294,200.428162952,104.00510832,104.00510832,231.314162975
1339,1,60,positive,0.190008179226,-0.0175705905368,0.201109608086,190.008179226,-17.5705905368,201.109608086,103.831613978,103.831613978,231.995608108
1340,0,60,positive,0.189946663474,-0.0176771389449,0.201602292227,189.946663474,-17.6771389449,201.602292227,103.708582474,103.708582474,232.48829225
1340,1,60,positive,0.189861328248,-0.0178249438918,0.202677043475,189.861328248,-17.8249438918,202.677043475,103.537912022,103.537912022,233.563043498
1341,0,60,positive,0.189810363792,-0.0179132169197,0.203172397593,189.810363792,-17.9132169197,203.172397593,103.43598311,103.43598311,234.058397615
1341,1,60,positive,0.189861328248,-0.0178249438918,0.202677043475,189.861328248,-17.8249438918,202.677043475,103.537912022,103.537912022,233.563043498
1342,0,60,positive,0.189810363792,-0.0179132169197,0.203172397593,189.810363792,-17.9132169197,203.172397593,103.43598311,103.43598311,234.058397615
1342,1,60,positive,0.189744576016,-0.0180271646899,0.203739371778,189.744576016,-18.0271646899,203.739371778,103.304407558,103.304407558,234.6253718
1343,0,60,positive,0.188845509647,-0.0195843933204,0.189892690047,188.845509647,-19.5843933204,189.892690047,101.50627482,101.50627482,220.778690069
1343,1,60,positive,0.188803373504,-0.0196573752616,0.190421371996,188.803373504,-19.6573752616,190.421371996,101.422002533,101.422002533,221.307372019
1344,0,60,positive,0.188845509647,-0.0195843933204,0.189892690047,188.845509647,-19.5843933204,189.892690047,101.50627482,101.50627482,220.778690069
1344,1,60,positive,0.188862956691,-0.0195541741538,0.189374024994,188.862956691,-19.5541741538,189.374024994,101.541168908,101.541168908,220.260025017
1345,0,60,positive,0.188746467373,-0.0197559395707,0.191571912034,188.746467373,-19.7559395707,191.571912034,101.308190272,101.308190272,222.457912057
1345,1,60,positive,0.18874396059,-0.0197602814467,0.192353320106,188.74396059,-19.7602814467,192.353320106,101.303176706,101.303176706,223.239320129
1346,0,60,positive,0.188803373504,-0.0196573752616,0.190421371996,188.803373504,-19.6573752616,190.421371996,101.422002533,101.422002533,221.307372019
1346,1,60,positive,0.188761735151,-0.0197294950041,0.191236877484,188.761735151,-19.7294950041,191.236877484,101.338725828,101.338725828,222.122877506
1347,0,60,positive,0.188754282095,-0.0197424040763,0.191460232357,188.754282095,-19.7424040763,191.460232357,101.323819715,101.323819715,222.346232379
1347,1,60,positive,0.188761735151,-0.0197294950041,0.191236877484,188.761735151,-19.7294950041,191.236877484,101.338725828,101.338725828,222.122877506
1348,0,60,positive,0.188746467373,-0.0197559395707,0.191571912034,188.746467373,-19.7559395707,191.571912034,101.308190272,101.308190272,222.457912057
1348,1,60,positive,0.188754282095,-0.0197424040763,0.191460232357,188.754282095,-19.7424040763,191.460232357,101.323819715,101.323819715,222.346232379
1349,0,60,positive,0.188734853931,-0.0197760546425,0.19262426734,188.734853931,-19.7760546425,192.62426734,101.284963388,101.284963388,223.510267362
1349,1,60,positive,0.188692810344,-0.0198488762718,0.193304636576,188.692810344,-19.8488762718,193.304636576,101.200876214,101.200876214,224.190636598
1350,0,60,positive,0.188734853931,-0.0197760546425,0.19262426734,188.734853931,-19.7760546425,192.62426734,101.284963388,101.284963388,223.510267362
1350,1,60,positive,0.18874396059,-0.0197602814467,0.192353320106,188.74396059,-19.7602814467,192.353320106,101.303176706,101.303176706,223.239320129
1351,0,60,positive,0.188665227255,-0.0198966515833,0.193791570888,188.665227255,-19.8966515833,193.791570888,101.145710036,101.145710036,224.67757091
1351,1,60,positive,0.188692810344,-0.0198488762718,0.193304636576,188.692810344,-19.8488762718,193.304636576,101.200876214,101.200876214,224.190636598
1352,0,60,positive,0.188665227255,-0.0198966515833,0.193791570888,188.665227255,-19.8966515833,193.791570888,101.145710036,101.145710036,224.67757091
1352,1,60,positive,0.188654916553,-0.0199145102437,0.194118556695,188.654916553,-19.9145102437,194.118556695,101.125088631,101.125088631,225.004556717
1353,0,60,positive,0.188578496139,-0.0200468742831,0.195132249118,188.578496139,-20.0468742831,195.132249118,100.972247803,100.972247803,226.01824914
1353,1,60,positive,0.188654916553,-0.0199145102437,0.194118556695,188.654916553,-19.9145102437,194.118556695,101.125088631,101.125088631,225.004556717
1354,0,60,positive,0.188578496139,-0.0200468742831,0.195132249118,188.578496139,-20.0468742831,195.132249118,100.972247803,100.972247803,226.01824914
1354,1,60,positive,0.188515548148,-0.0201559034018,0.195888016897,188.515548148,-20.1559034018,195.888016897,100.846351821,100.846351821,226.774016919
1355,0,60,positive,0.188515548148,-0.0201559034018,0.195888016897,188.515548148,-20.1559034018,195.888016897,100.846351821,100.846351821,226.774016919
1355,1,60,positive,0.188486647915,-0.0202059600741,0.196714456194,188.486647915,-20.2059600741,196.714456194,100.788551355,100.788551355,227.600456217
1356,0,60,positive,0.188353281367,-0.0204369577098,0.198097140649,188.353281367,-20.4369577098,198.097140649,100.52181826,100.52181826,228.983140671
1356,1,60,positive,0.188340830613,-0.0204585230484,0.198287395572,188.340830613,-20.4585230484,198.287395572,100.496916752,100.496916752,229.173395595
1357,0,60,positive,0.188270911168,-0.0205796270803,0.198996794726,188.270911168,-20.5796270803,198.996794726,100.357077862,100.357077862,229.882794748
1357,1,60,positive,0.188265947063,-0.0205882251621,0.199039551296,188.265947063,-20.5882251621,199.039551296,100.347149652,100.347149652,229.925551318
1358,0,60,positive,0.188270911168,-0.0205796270803,0.198996794726,188.270911168,-20.5796270803,198.996794726,100.357077862,100.357077862,229.882794748
1358,1,60,positive,0.188340830613,-0.0204585230484,0.198287395572,188.340830613,-20.4585230484,198.287395572,100.496916752,100.496916752,229.173395595
1359,0,60,positive,0.188474232252,-0.0202274646328,0.196860142308,188.474232252,-20.2274646328,196.860142308,100.763720029,100.763720029,227.746142331
1359,1,60,positive,0.188353281367,-0.0204369577098,0.198097140649,188.353281367,-20.4369577098,198.097140649,100.52181826,100.52181826,228.983140671
1360,0,60,positive,0.188474232252,-0.0202274646328,0.196860142308,188.474232252,-20.2274646328,196.860142308,100.763720029,100.763720029,227.746142331
1360,1,60,positive,0.188485627446,-0.0202077275773,0.196742149237,188.485627446,-20.2077275773,196.742149237,100.786510418,100.786510418,227.628149259
1361,0,60,positive,0.18848602803,-0.0202070337457,0.196734929561,188.48602803,-20.2070337457,196.734929561,100.787311586,100.787311586,227.620929583
1361,1,60,positive,0.188486647915,-0.0202059600741,0.196714456194,188.486647915,-20.2059600741,196.714456194,100.788551355,100.788551355,227.600456217
1362,0,60,positive,0.188485627446,-0.0202077275773,0.196742149237,188.485627446,-20.2077275773,196.742149237,100.786510418,100.786510418,227.628149259
1362,1,60,positive,0.18848602803,-0.0202070337457,0.196734929561,188.48602803,-20.2070337457,196.734929561,100.787311586,100.787311586,227.620929583
1363,0,60,positive,0.188265947063,-0.0205882251621,0.199039551296,188.265947063,-20.5882251621,199.039551296,100.347149652,100.347149652,229.925551318
1363,1,60,positive,0.188248046962,-0.0206192290462,0.19918445298,188.248046962,-20.6192290462,199.18445298,100.31134945,100.31134945,230.070453003
1364,0,60,positive,0.189744576016,-0.0180271646899,0.203739371778,189.744576016,-18.0271646899,203.739371778,103.304407558,103.304407558,234.6253718
1364,1,60,positive,0.189697089909,-0.0181094130396,0.204263108668,189.697089909,-18.1094130396,204.263108668,103.209435344,103.209435344,235.14910869
1365,0,60,positive,0.188248046962,-0.0206192290462,0.19918445298,188.248046962,-20.6192290462,199.18445298,100.31134945,100.31134945,230.070453003
1365,1,60,positive,0.188179033732,-0.0207387634676,0.200170352933,188.179033732,-20.7387634676,200.170352933,100.173322989,100.173322989,231.056352955
1366,0,60,positive,0.188115186065,-0.0208493508699,0.200844031512,188.115186065,-20.8493508699,200.844031512,100.045627656,100.045627656,231.730031534
1366,1,60,positive,0.188011055069,-0.0210297110464,0.201773192071,188.011055069,-21.0297110464,201.773192071,99.8373656636,99.8373656636,232.659192093
1367,0,60,positive,0.188011055069,-0.0210297110464,0.201773192071,188.011055069,-21.0297110464,201.773192071,99.8373656636,99.8373656636,232.659192093
1367,1,60,positive,0.188000001784,-0.0210488558984,0.201860660544,188.000001784,-21.0488558984,201.860660544,99.8152590927,99.8152590927,232.746660566
1368,0,60,positive,0.188000001784,-0.0210488558984,0.201860660544,188.000001784,-21.0488558984,201.860660544,99.8152590927,99.8152590927,232.746660566
1368,1,60,positive,0.187986572882,-0.0210721154388,0.20196503603,187.986572882,-21.0721154388,201.96503603,99.7884012889,99.7884012889,232.851036052
1369,0,60,positive,0.18816027691,-0.0207712512369,0.200429589854,188.16027691,-20.7712512369,200.429589854,100.135809345,100.135809345,231.315589876
1369,1,60,positive,0.188179033732,-0.0207387634676,0.200170352933,188.179033732,-20.7387634676,200.170352933,100.173322989,100.173322989,231.056352955
1370,0,60,positive,0.188156708113,-0.0207774325742,0.200456855668,188.156708113,-20.7774325742,200.456855668,100.128671751,100.128671751,231.342855691
1370,1,60,positive,0.18816027691,-0.0207712512369,0.200429589854,188.16027691,-20.7712512369,200.429589854,100.135809345,100.135809345,231.315589876
1371,0,60,positive,0.188115186065,-0.0208493508699,0.200844031512,188.115186065,-20.8493508699,200.844031512,100.045627656,100.045627656,231.730031534
1371,1,60,positive,0.188156708113,-0.0207774325742,0.200456855668,188.156708113,-20.7774325742,200.456855668,100.128671751,100.128671751,231.342855691
1372,0,60,positive,0.187986572882,-0.0210721154388,0.20196503603,187.986572882,-21.0721154388,201.96503603,99.7884012889,99.7884012889,232.851036052
1372,1,60,positive,0.187884928362,-0.0212481689106,0.202530353805,187.884928362,-21.2481689106,202.530353805,99.5851122502,99.5851122502,233.416353827
1373,0,60,positive,0.187790868102,-0.0214110860609,0.203033232593,187.790868102,-21.4110860609,203.033232593,99.3969917291,99.3969917291,233.919232615
1373,1,60,positive,0.187884928362,-0.0212481689106,0.202530353805,187.884928362,-21.2481689106,202.530353805,99.5851122502,99.5851122502,233.416353827
1374,0,60,positive,0.187762520204,-0.0214601860595,0.203282936892,187.762520204,-21.4601860595,203.282936892,99.3402959342,99.3402959342,234.168936914
1374,1,60,positive,0.187678568736,-0.021605594268,0.203941480007,187.678568736,-21.605594268,203.941480007,99.1723929976,99.1723929976,234.827480029
1375,0,60,positive,0.187762520204,-0.0214601860595,0.203282936892,187.762520204,-21.4601860595,203.282936892,99.3402959342,99.3402959342,234.168936914
1375,1,60,positive,0.187790868102,-0.0214110860609,0.203033232593,187.790868102,-21.4110860609,203.033232593,99.3969917291,99.3969917291,233.919232615
1376,0,60,positive,0.189606357366,-0.0182665664141,0.205099184572,189.606357366,-18.2665664141,205.099184572,103.027970258,103.027970258,235.985184595
1376,1,60,positive,0.189697089909,-0.0181094130396,0.204263108668,189.697089909,-18.1094130396,204.263108668,103.209435344,103.209435344,235.14910869
1377,0,60,positive,0.189301043448,-0.0187953856326,0.207363995072,189.301043448,-18.7953856326,207.363995072,102.417342422,102.417342422,238.249995094
1377,1,60,positive,0.189354662408,-0.0187025148693,0.207033910481,189.354662408,-18.7025148693,207.033910481,102.524580342,102.524580342,237.919910504
1378,0,60,positive,0.189272617968,-0.018844620008,0.207551264423,189.272617968,-18.844620008,207.551264423,102.360491462,102.360491462,238.437264446
1378,1,60,positive,0.189301043448,-0.0187953856326,0.207363995072,189.301043448,-18.7953856326,207.363995072,102.417342422,102.417342422,238.249995094
1379,0,60,positive,0.189164694316,-0.0190315492569,0.20836130223,189.164694316,-19.0315492569,208.36130223,102.144644158,102.144644158,239.247302253
1379,1,60,positive,0.189272617968,-0.018844620008,0.207551264423,189.272617968,-18.844620008,207.551264423,102.360491462,102.360491462,238.437264446
1380,0,60,positive,0.189354662408,-0.0187025148693,0.207033910481,189.354662408,-18.7025148693,207.033910481,102.524580342,102.524580342,237.919910504
1380,1,60,positive,0.189428529119,-0.0185745739741,0.20648430294,189.428529119,-18.5745739741,206.48430294,102.672313763,102.672313763,237.370302962
1381,0,60,positive,0.189606357366,-0.0182665664141,0.205099184572,189.606357366,-18.2665664141,205.099184572,103.027970258,103.027970258,235.985184595
1381,1,60,positive,0.189577938916,-0.0183157886132,0.205344010434,189.577938916,-18.3157886132,205.344010434,102.971133358,102.971133358,236.230010456
1382,0,60,positive,0.189577938916,-0.0183157886132,0.205344010434,189.577938916,-18.3157886132,205.344010434,102.971133358,102.971133358,236.230010456
1382,1,60,positive,0.189554509655,-0.0183563692841,0.205541217039,189.554509655,-18.3563692841,205.541217039,102.924274836,102.924274836,236.427217061
1383,0,60,positive,0.189554509655,-0.0183563692841,0.205541217039,189.554509655,-18.3563692841,205.541217039,102.924274836,102.924274836,236.427217061
1383,1,60,positive,0.189428529119,-0.0185745739741,0.20648430294,189.428529119,-18.5745739741,206.48430294,102.672313763,102.672313763,237.370302962
1384,0,60,positive,0.189164694316,-0.0190315492569,0.20836130223,189.164694316,-19.0315492569,208.36130223,102.144644158,102.144644158,239.247302253
1384,1,60,positive,0.189144201946,-0.0190670430835,0.208499758934,189.144201946,-19.0670430835,208.499758934,102.103659417,102.103659417,239.385758957
1385,0,60,positive,0.189144201946,-0.0190670430835,0.208499758934,189.144201946,-19.0670430835,208.499758934,102.103659417,102.103659417,239.385758957
1385,1,60,positive,0.18913939903,-0.0190753619773,0.208530082084,189.13939903,-19.0753619773,208.530082084,102.094053586,102.094053586,239.416082107
1386,0,60,positive,0.187678568736,-0.021605594268,0.203941480007,187.678568736,-21.605594268,203.941480007,99.1723929976,99.1723929976,234.827480029
1386,1,60,positive,0.187517877728,-0.0218839192585,0.20528684379,187.517877728,-21.8839192585,205.28684379,98.8510109812,98.8510109812,236.172843812
1387,0,60,positive,0.18750042198,-0.0219141534998,0.205402910125,187.50042198,-21.9141534998,205.402910125,98.8160994865,98.8160994865,236.288910147
1387,1,60,positive,0.187517877728,-0.0218839192585,0.20528684379,187.517877728,-21.8839192585,205.28684379,98.8510109812,98.8510109812,236.172843812
1388,0,60,positive,0.18750042198,-0.0219141534998,0.205402910125,187.50042198,-21.9141534998,205.402910125,98.8160994865,98.8160994865,236.288910147
1388,1,60,positive,0.187356906897,-0.0221627289156,0.206290621666,187.356906897,-22.1627289156,206.290621666,98.52906932,98.52906932,237.176621688
1389,0,60,positive,0.187337051672,-0.0221971191745,0.206513974463,187.337051672,-22.1971191745,206.513974463,98.4893588696,98.4893588696,237.399974486
1389,1,60,positive,0.187356906897,-0.0221627289156,0.206290621666,187.356906897,-22.1627289156,206.290621666,98.52906932,98.52906932,237.176621688
1390,0,60,positive,0.187337051672,-0.0221971191745,0.206513974463,187.337051672,-22.1971191745,206.513974463,98.4893588696,98.4893588696,237.399974486
1390,1,60,positive,0.187159562754,-0.0225045389976,0.207280359749,187.159562754,-22.5045389976,207.280359749,98.1343810344,98.1343810344,238.166359771
1391,0,60,positive,0.187134617031,-0.0225477462585,0.207397665254,187.134617031,-22.5477462585,207.397665254,98.0844895869,98.0844895869,238.283665276
1391,1,60,positive,0.187159562754,-0.0225045389976,0.207280359749,187.159562754,-22.5045389976,207.280359749,98.1343810344,98.1343810344,238.166359771
1392,0,60,positive,0.187108832054,-0.0225924071483,0.207481422374,187.108832054,-22.5924071483,207.481422374,98.0329196335,98.0329196335,238.367422396
1392,1,60,positive,0.187134617031,-0.0225477462585,0.207397665254,187.134617031,-22.5477462585,207.397665254,98.0844895869,98.0844895869,238.283665276
1393,0,60,positive,0.187108832054,-0.0225924071483,0.207481422374,187.108832054,-22.5924071483,207.481422374,98.0329196335,98.0329196335,238.367422396
1393,1,60,positive,0.186655941295,-0.0233768369536,0.20892358676,186.655941295,-23.3768369536,208.92358676,97.1271381148,97.1271381148,239.809586782
1394,0,60,positive,0.1866149111,-0.0234479033346,0.209021578357,186.6149111,-23.4479033346,209.021578357,97.0450777264,97.0450777264,239.907578379
1394,1,60,positive,0.186655941295,-0.0233768369536,0.20892358676,186.655941295,-23.3768369536,208.92358676,97.1271381148,97.1271381148,239.809586782
1395,0,60,positive,0.145001366991,-0.0955246760157,-0.0304944817916,145.001366991,-95.5246760157,-30.4944817916,13.817989507,13.817989507,0.391518230652
1395,1,60,positive,0.144650938904,-0.0961316352665,-0.0305038461744,144.650938904,-96.1316352665,-30.5038461744,13.1171333333,13.1171333333,0.382153847874
1396,0,60,positive,0.14431526928,-0.0967130321099,-0.0305084002578,144.31526928,-96.7130321099,-30.5084002578,12.4457940853,12.4457940853,0.377599764503
1396,1,60,positive,0.144650938904,-0.0961316352665,-0.0305038461744,144.650938904,-96.1316352665,-30.5038461744,13.1171333333,13.1171333333,0.382153847874
1397,0,60,positive,0.144095933756,-0.0970929323804,-0.0305032902229,144.095933756,-97.0929323804,-30.5032902229,12.0071230383,12.0071230383,0.382709799397
1397,1,60,positive,0.14431526928,-0.0967130321099,-0.0305084002578,144.31526928,-96.7130321099,-30.5084002578,12.4457940853,12.4457940853,0.377599764503
1398,0,60,positive,0.14385524793,-0.0975098124595,-0.0304174794072,143.85524793,-97.5098124595,-30.4174794072,11.5257513865,11.5257513865,0.468520615054
1398,1,60,positive,0.144095933756,-0.0970929323804,-0.0305032902229,144.095933756,-97.0929323804,-30.5032902229,12.0071230383,12.0071230383,0.382709799397
1399,0,60,positive,0.14385524793,-0.0975098124595,-0.0304174794072,143.85524793,-97.5098124595,-30.4174794072,11.5257513865,11.5257513865,0.468520615054
1399,1,60,positive,0.143776177614,-0.0976467662655,-0.0304006082522,143.776177614,-97.6467662655,-30.4006082522,11.3676107531,11.3676107531,0.485391770111
1400,0,60,positive,0.143776177614,-0.0976467662655,-0.0304006082522,143.776177614,-97.6467662655,-30.4006082522,11.3676107531,11.3676107531,0.485391770111
1400,1,60,positive,0.143723182392,-0.0977385566822,-0.0304022496091,143.723182392,-97.7385566822,-30.4022496091,11.2616203094,11.2616203094,0.483750413208
1401,0,60,positive,0.144247750886,-0.0968299773987,-0.0242501569477,144.247750886,-96.8299773987,-24.2501569477,12.3107572973,12.3107572973,6.63584307455
1401,1,60,positive,0.144661397012,-0.0961135212923,-0.0242373456404,144.661397012,-96.1135212923,-24.2373456404,13.1380495491,13.1380495491,6.64865438192
1402,0,60,positive,0.144788710268,-0.0958930082642,-0.0242599332529,144.788710268,-95.8930082642,-24.2599332529,13.3926760614,13.3926760614,6.62606676939
1402,1,60,positive,0.144661397012,-0.0961135212923,-0.0242373456404,144.661397012,-96.1135212923,-24.2373456404,13.1380495491,13.1380495491,6.64865438192
1403,0,60,positive,0.144247750886,-0.0968299773987,-0.0242501569477,144.247750886,-96.8299773987,-24.2501569477,12.3107572973,12.3107572973,6.63584307455
1403,1,60,positive,0.144035872664,-0.097196961244,-0.0243197224419,144.035872664,-97.196961244,-24.3197224419,11.8870008536,11.8870008536,6.56627758043
1404,0,60,positive,0.143910624078,-0.0974138981578,-0.0243531647412,143.910624078,-97.4138981578,-24.3531647412,11.6365036824,11.6365036824,6.5328352811
1404,1,60,positive,0.143918604048,-0.0974000764456,-0.0243529841152,143.918604048,-97.4000764456,-24.3529841152,11.652463621,11.652463621,6.53301590706
1405,0,60,positive,0.143918604048,-0.0974000764456,-0.0243529841152,143.918604048,-97.4000764456,-24.3529841152,11.652463621,11.652463621,6.53301590706
1405,1,60,positive,0.144035872664,-0.097196961244,-0.0243197224419,144.035872664,-97.196961244,-24.3197224419,11.8870008536,11.8870008536,6.56627758043
1406,0,60,positive,0.143493433254,-0.0981364938619,-0.0245907000208,143.493433254,-98.1364938619,-24.5907000208,10.8021220338,10.8021220338,6.29530000149
1406,1,60,positive,0.143910624078,-0.0974138981578,-0.0243531647412,143.910624078,-97.4138981578,-24.3531647412,11.6365036824,11.6365036824,6.5328352811
1407,0,60,positive,0.15171456816,-0.0838970705099,-0.0302969205697,151.71456816,-83.8970705099,-30.2969205697,27.2443918446,27.2443918446,0.589079452571
1407,1,60,positive,0.151574482796,-0.0841397054765,-0.0303029196068,151.574482796,-84.1397054765,-30.3029196068,26.964221118,26.964221118,0.583080415501
1408,0,60,positive,0.151574482796,-0.0841397054765,-0.0303029196068,151.574482796,-84.1397054765,-30.3029196068,26.964221118,26.964221118,0.583080415501
1408,1,60,positive,0.151442542932,-0.0843682320256,-0.0303241971616,151.442542932,-84.3682320256,-30.3241971616,26.7003413888,26.7003413888,0.561802860665
1409,0,60,positive,0.150987197253,-0.0851569138764,-0.030377752512,150.987197253,-85.1569138764,-30.377752512,25.789650031,25.789650031,0.508247510327
1409,1,60,positive,0.151442542932,-0.0843682320256,-0.0303241971616,151.442542932,-84.3682320256,-30.3241971616,26.7003413888,26.7003413888,0.561802860665
1410,0,60,positive,0.150850729813,-0.0853932824159,-0.0303761291706,150.850729813,-85.3932824159,-30.3761291706,25.5167151513,25.5167151513,0.509870851654
1410,1,60,positive,0.150308513825,-0.0863324280558,-0.0302584970888,150.308513825,-86.3324280558,-30.2584970888,24.4322831752,24.4322831752,0.627502933456
1411,0,60,positive,0.150286905334,-0.0863698550596,-0.0302504925035,150.286905334,-86.3698550596,-30.2504925035,24.3890661937,24.3890661937,0.635507518745
1411,1,60,positive,0.150308513825,-0.0863324280558,-0.0302584970888,150.308513825,-86.3324280558,-30.2584970888,24.4322831752,24.4322831752,0.627502933456
1412,0,60,positive,0.150850729813,-0.0853932824159,-0.0303761291706,150.850729813,-85.3932824159,-30.3761291706,25.5167151513,25.5167151513,0.509870851654
1412,1,60,positive,0.150987197253,-0.0851569138764,-0.030377752512,150.987197253,-85.1569138764,-30.377752512,25.789650031,25.789650031,0.508247510327
1413,0,60,positive,0.151009760531,-0.0851178331323,-0.0230318473974,151.009760531,-85.1178331323,-23.0318473974,25.8347765872,25.8347765872,7.85415262493
1413,1,60,positive,0.151317966177,-0.084584005294,-0.0230397835946,151.317966177,-84.584005294,-23.0397835946,26.4511878795,26.4511878795,7.8462164277
1414,0,60,positive,0.150676071941,-0.0856957987238,-0.0230159646602,150.676071941,-85.6957987238,-23.0159646602,25.1673994076,25.1673994076,7.87003536212
1414,1,60,positive,0.150709857713,-0.0856372800499,-0.0230105019378,150.709857713,-85.6372800499,-23.0105019378,25.2349709519,25.2349709519,7.87549808447
1415,0,60,positive,0.150676071941,-0.0856957987238,-0.0230159646602,150.676071941,-85.6957987238,-23.0159646602,25.1673994076,25.1673994076,7.87003536212
1415,1,60,positive,0.150443429478,-0.0860987472891,-0.0231145660056,150.443429478,-86.0987472891,-23.1145660056,24.7021144823,24.7021144823,7.77143401673
1416,0,60,positive,0.151009760531,-0.0851178331323,-0.0230318473974,151.009760531,-85.1178331323,-23.0318473974,25.8347765872,25.8347765872,7.85415262493
1416,1,60,positive,0.150835091622,-0.085420368557,-0.023061247792,150.835091622,-85.420368557,-23.061247792,25.4854387694,25.4854387694,7.82475223031
1417,0,60,positive,0.150835091622,-0.085420368557,-0.023061247792,150.835091622,-85.420368557,-23.061247792,25.4854387694,25.4854387694,7.82475223031
1417,1,60,positive,0.150709857713,-0.0856372800499,-0.0230105019378,150.709857713,-85.6372800499,-23.0105019378,25.2349709519,25.2349709519,7.87549808447
1418,0,60,positive,0.179279725806,-0.0361528169481,0.0662890199475,179.279725806,-36.1528169481,66.2890199475,82.3747071369,82.3747071369,97.1750199698
1418,1,60,positive,0.179178903801,-0.0363274457828,0.0653520861694,179.178903801,-36.3274457828,65.3520861694,82.1730631275,82.1730631275,96.2380861917
1419,0,60,positive,0.178917375824,-0.0367804255269,0.0632559168856,178.917375824,-36.7804255269,63.2559168856,81.6500071731,81.6500071731,94.1419169079
1419,1,60,positive,0.179178903801,-0.0363274457828,0.0653520861694,179.178903801,-36.3274457828,65.3520861694,82.1730631275,82.1730631275,96.2380861917
1420,0,60,positive,0.176619178947,-0.0407610192829,0.0664552999983,176.619178947,-40.7610192829,66.4552999983,77.05361342,77.05361342,97.3413000206
1420,1,60,positive,0.176607919035,-0.0407805220228,0.0658492981581,176.607919035,-40.7805220228,65.8492981581,77.0310935957,77.0310935957,96.7352981803
1421,0,60,positive,0.179474180928,-0.035816010797,0.0679558137816,179.474180928,-35.816010797,67.9558137816,82.7636173809,82.7636173809,98.8418138038
1421,1,60,positive,0.179279725806,-0.0361528169481,0.0662890199475,179.279725806,-36.1528169481,66.2890199475,82.3747071369,82.3747071369,97.1750199698
1422,0,60,positive,0.176619178947,-0.0407610192829,0.0664552999983,176.619178947,-40.7610192829,66.4552999983,77.05361342,77.05361342,97.3413000206
1422,1,60,positive,0.176642558051,-0.0407205254872,0.0667902546672,176.642558051,-40.7205254872,66.7902546672,77.1003716277,77.1003716277,97.6762546895
1423,0,60,positive,0.176642558051,-0.0407205254872,0.0667902546672,176.642558051,-40.7205254872,66.7902546672,77.1003716277,77.1003716277,97.6762546895
1423,1,60,positive,0.176646293988,-0.0407140546542,0.0671545177932,176.646293988,-40.7140546542,67.1545177932,77.107843502,77.107843502,98.0405178155
1424,0,60,positive,0.176645836474,-0.0407148470926,0.0676883731098,176.645836474,-40.7148470926,67.6883731098,77.106928473,77.106928473,98.5743731321
1424,1,60,positive,0.176646293988,-0.0407140546542,0.0671545177932,176.646293988,-40.7140546542,67.1545177932,77.107843502,77.107843502,98.0405178155
1425,0,60,positive,0.176662628211,-0.0406857629496,0.0681064821382,176.662628211,-40.6857629496,68.1064821382,77.1405119485,77.1405119485,98.9924821605
1425,1,60,positive,0.176645836474,-0.0407148470926,0.0676883731098,176.645836474,-40.7148470926,67.6883731098,77.106928473,77.106928473,98.5743731321
1426,0,60,positive,0.179474180928,-0.035816010797,0.0679558137816,179.474180928,-35.816010797,67.9558137816,82.7636173809,82.7636173809,98.8418138038
1426,1,60,positive,0.179511885916,-0.0357507038419,0.0682670123862,179.511885916,-35.7507038419,68.2670123862,82.8390273571,82.8390273571,99.1530124085
1427,0,60,positive,0.179511885916,-0.0357507038419,0.0682670123862,179.511885916,-35.7507038419,68.2670123862,82.8390273571,82.8390273571,99.1530124085
1427,1,60,positive,0.17952834557,-0.0357221948847,0.0684251356315,179.52834557,-35.7221948847,68.4251356315,82.8719466653,82.8719466653,99.3111356538
1428,0,60,positive,0.186585860569,-0.0234982203312,0.120416641222,186.585860569,-23.4982203312,120.416641222,96.9869766634,96.9869766634,151.302641245
1428,1,60,positive,0.186500246166,-0.023646508827,0.1198972926,186.500246166,-23.646508827,119.8972926,96.8157478574,96.8157478574,150.783292622
1429,0,60,positive,0.186358073194,-0.0238927596379,0.118778519328,186.358073194,-23.8927596379,118.778519328,96.5314019136,96.5314019136,149.66451935
1429,1,60,positive,0.186237019388,-0.0241024309811,0.118082015176,186.237019388,-24.1024309811,118.082015176,96.2892943007,96.2892943007,148.968015199
1430,0,60,positive,0.186358073194,-0.0238927596379,0.118778519328,186.358073194,-23.8927596379,118.778519328,96.5314019136,96.5314019136,149.66451935
1430,1,60,positive,0.186500246166,-0.023646508827,0.1198972926,186.500246166,-23.646508827,119.8972926,96.8157478574,96.8157478574,150.783292622
1431,0,60,positive,0.186798653816,-0.0231296516158,0.122045887018,186.798653816,-23.1296516158,122.045887018,97.4125631576,97.4125631576,152.931887041
1431,1,60,positive,0.186688935793,-0.0233196888058,0.121109341802,186.688935793,-23.3196888058,121.109341802,97.1931271119,97.1931271119,151.995341824
1432,0,60,positive,0.186585860569,-0.0234982203312,0.120416641222,186.585860569,-23.4982203312,120.416641222,96.9869766634,96.9869766634,151.302641245
1432,1,60,positive,0.186688935793,-0.0233196888058,0.121109341802,186.688935793,-23.3196888058,121.109341802,97.1931271119,97.1931271119,151.995341824
1433,0,60,positive,0.186798653816,-0.0231296516158,0.122045887018,186.798653816,-23.1296516158,122.045887018,97.4125631576,97.4125631576,152.931887041
1433,1,60,positive,0.186865423572,-0.0230140030058,0.122618722367,186.865423572,-23.0140030058,122.618722367,97.5461026698,97.5461026698,153.504722389
1434,0,60,positive,0.183692556153,-0.0285095705808,0.120153637663,183.692556153,-28.5095705808,120.153637663,91.2003678322,91.2003678322,151.039637686
1434,1,60,positive,0.183743712768,-0.0284209647253,0.12080995285,183.743712768,-28.4209647253,120.80995285,91.3026810612,91.3026810612,151.695952872
1435,0,60,positive,0.183768310967,-0.028378359394,0.121184147099,183.768310967,-28.378359394,121.184147099,91.3518774603,91.3518774603,152.070147122
1435,1,60,positive,0.183743712768,-0.0284209647253,0.12080995285,183.743712768,-28.4209647253,120.80995285,91.3026810612,91.3026810612,151.695952872
1436,0,60,positive,0.183778909094,-0.0283600028999,0.121360278039,183.778909094,-28.3600028999,121.360278039,91.3730737139,91.3730737139,152.246278061
1436,1,60,positive,0.183768310967,-0.028378359394,0.121184147099,183.768310967,-28.378359394,121.184147099,91.3518774603,91.3518774603,152.070147122
1437,0,60,positive,0.183785236548,-0.0283490434279,0.121376428587,183.785236548,-28.3490434279,121.376428587,91.3857286221,91.3857286221,152.26242861
1437,1,60,positive,0.183778909094,-0.0283600028999,0.121360278039,183.778909094,-28.3600028999,121.360278039,91.3730737139,91.3730737139,152.246278061
1438,0,60,positive,0.183798997211,-0.0283252092606,0.121667295401,183.798997211,-28.3252092606,121.667295401,91.4132499479,91.4132499479,152.553295424
1438,1,60,positive,0.183848105501,-0.0282401512082,0.12236994871,183.848105501,-28.2401512082,122.36994871,91.5114665269,91.5114665269,153.255948732
1439,0,60,positive,0.183798997211,-0.0283252092606,0.121667295401,183.798997211,-28.3252092606,121.667295401,91.4132499479,91.4132499479,152.553295424
1439,1,60,positive,0.183785236548,-0.0283490434279,0.121376428587,183.785236548,-28.3490434279,121.376428587,91.3857286221,91.3857286221,152.26242861
1440,0,60,positive,0.17974152124,-0.035352963794,0.0705752625652,179.74152124,-35.352963794,70.5752625652,83.2982980046,83.2982980046,101.461262587
1440,1,60,positive,0.179544997972,-0.0356933520785,0.0685824330622,179.544997972,-35.6933520785,68.5824330622,82.9052514692,82.9052514692,99.4684330845
1441,0,60,positive,0.17952834557,-0.0357221948847,0.0684251356315,179.52834557,-35.7221948847,68.4251356315,82.8719466653,82.8719466653,99.3111356538
1441,1,60,positive,0.179544997972,-0.0356933520785,0.0685824330622,179.544997972,-35.6933520785,68.5824330622,82.9052514692,82.9052514692,99.4684330845
1442,0,60,positive,0.179967376529,-0.0349617709566,0.0728413475159,179.967376529,-34.9617709566,72.8413475159,83.7500085846,83.7500085846,103.727347538
1442,1,60,positive,0.17974152124,-0.035352963794,0.0705752625652,179.74152124,-35.352963794,70.5752625652,83.2982980046,83.2982980046,101.461262587
1443,0,60,positive,0.176688313257,-0.040641275146,0.0686446710411,176.688313257,-40.641275146,68.6446710411,77.1918820393,77.1918820393,99.5306710634
1443,1,60,positive,0.176703573784,-0.0406148431378,0.0688593190749,176.703573784,-40.6148431378,68.8593190749,77.2224030934,77.2224030934,99.7453190972
1444,0,60,positive,0.176688313257,-0.040641275146,0.0686446710411,176.688313257,-40.641275146,68.6446710411,77.1918820393,77.1918820393,99.5306710634
1444,1,60,positive,0.176662628211,-0.0406857629496,0.0681064821382,176.662628211,-40.6857629496,68.1064821382,77.1405119485,77.1405119485,98.9924821605
1445,0,60,positive,0.176757859513,-0.0405208174968,0.0695814823556,176.757859513,-40.5208174968,69.5814823556,77.3309745517,77.3309745517,100.467482378
1445,1,60,positive,0.176764104245,-0.0405100013043,0.070101421512,176.764104245,-40.5100013043,70.101421512,77.343464015,77.343464015,100.987421534
1446,0,60,positive,0.176757859513,-0.0405208174968,0.0695814823556,176.757859513,-40.5208174968,69.5814823556,77.3309745517,77.3309745517,100.467482378
1446,1,60,positive,0.176703573784,-0.0406148431378,0.0688593190749,176.703573784,-40.6148431378,68.8593190749,77.2224030934,77.2224030934,99.7453190972
1447,0,60,positive,0.179967376529,-0.0349617709566,0.0728413475159,179.967376529,-34.9617709566,72.8413475159,83.7500085846,83.7500085846,103.727347538
1447,1,60,positive,0.179968284054,-0.0349601990773,0.0728515395823,179.968284054,-34.9601990773,72.8515395823,83.7518236345,83.7518236345,103.737539605
1448,0,60,positive,0.179968284054,-0.0349601990773,0.0728515395823,179.968284054,-34.9601990773,72.8515395823,83.7518236345,83.7518236345,103.737539605
1448,1,60,positive,0.179969652579,-0.034957828723,0.0728654583036,179.969652579,-34.957828723,72.8654583036,83.7545606838,83.7545606838,103.751458326
1449,0,60,positive,0.149322635435,-0.0880400195174,-0.0301929517715,149.322635435,-88.0400195174,-30.1929517715,22.4605263952,22.4605263952,0.693048250835
1449,1,60,positive,0.148995673408,-0.0886063343606,-0.0301366735113,148.995673408,-88.6063343606,-30.1366735113,21.8066023408,21.8066023408,0.749326510997
1450,0,60,positive,0.148864104469,-0.0888342184478,-0.0301409698561,148.864104469,-88.8342184478,-30.1409698561,21.5434644627,21.5434644627,0.745030166145
1450,1,60,positive,0.148995673408,-0.0886063343606,-0.0301366735113,148.995673408,-88.6063343606,-30.1366735113,21.8066023408,21.8066023408,0.749326510997
1451,0,60,positive,0.150286905334,-0.0863698550596,-0.0302504925035,150.286905334,-86.3698550596,-30.2504925035,24.3890661937,24.3890661937,0.635507518745
1451,1,60,positive,0.149882304076,-0.0870706449951,-0.0302122685608,149.882304076,-87.0706449951,-30.2122685608,23.579863678,23.579863678,0.673731461527
1452,0,60,positive,0.149718580806,-0.0873542220178,-0.0302323261385,149.718580806,-87.3542220178,-30.2323261385,23.2524171372,23.2524171372,0.653673883767
1452,1,60,positive,0.149882304076,-0.0870706449951,-0.0302122685608,149.882304076,-87.0706449951,-30.2122685608,23.579863678,23.579863678,0.673731461527
1453,0,60,positive,0.149718580806,-0.0873542220178,-0.0302323261385,149.718580806,-87.3542220178,-30.2323261385,23.2524171372,23.2524171372,0.653673883767
1453,1,60,positive,0.149441870113,-0.0878334989966,-0.0302206876767,149.441870113,-87.8334989966,-30.2206876767,22.6989957518,22.6989957518,0.665312345602
1454,0,60,positive,0.149322635435,-0.0880400195174,-0.0301929517715,149.322635435,-88.0400195174,-30.1929517715,22.4605263952,22.4605263952,0.693048250835
1454,1,60,positive,0.149441870113,-0.0878334989966,-0.0302206876767,149.441870113,-87.8334989966,-30.2206876767,22.6989957518,22.6989957518,0.665312345602
1455,0,60,positive,0.1466706903,-0.0926333232302,-0.0302931278608,146.6706903,-92.6333232302,-30.2931278608,17.1566361251,17.1566361251,0.592872161532
1455,1,60,positive,0.146266375835,-0.0933336164262,-0.0303870578922,146.266375835,-93.3336164262,-30.3870578922,16.3480071946,16.3480071946,0.49894213008
1456,0,60,positive,0.1466706903,-0.0926333232302,-0.0302931278608,146.6706903,-92.6333232302,-30.2931278608,17.1566361251,17.1566361251,0.592872161532
1456,1,60,positive,0.147191284703,-0.0917316272742,-0.0303002314982,147.191284703,-91.7316272742,-30.3002314982,18.1978249309,18.1978249309,0.585768524141
1457,0,60,positive,0.14616349651,-0.0935118086428,-0.0304180079771,146.16349651,-93.5118086428,-30.4180079771,16.1422485461,16.1422485461,0.4679920452
1457,1,60,positive,0.146266375835,-0.0933336164262,-0.0303870578922,146.266375835,-93.3336164262,-30.3870578922,16.3480071946,16.3480071946,0.49894213008
1458,0,60,positive,0.150423420806,-0.086133403327,-0.0231114189918,150.423420806,-86.133403327,-23.1114189918,24.6620971367,24.6620971367,7.77458103044
1458,1,60,positive,0.150443429478,-0.0860987472891,-0.0231145660056,150.443429478,-86.0987472891,-23.1145660056,24.7021144823,24.7021144823,7.77143401673
1459,0,60,positive,0.150414178033,-0.0861494122788,-0.0231115079884,150.414178033,-86.1494122788,-23.1115079884,24.6436115914,24.6436115914,7.77449203394
1459,1,60,positive,0.150423420806,-0.086133403327,-0.0231114189918,150.423420806,-86.133403327,-23.1114189918,24.6620971367,24.6620971367,7.77458103044
1460,0,60,positive,0.150414178033,-0.0861494122788,-0.0231115079884,150.414178033,-86.1494122788,-23.1115079884,24.6436115914,24.6436115914,7.77449203394
1460,1,60,positive,0.150145452752,-0.0866148581186,-0.023084602387,150.145452752,-86.6148581186,-23.084602387,24.1061610296,24.1061610296,7.80139763529
1461,0,60,positive,0.150145452752,-0.0866148581186,-0.023084602387,150.145452752,-86.6148581186,-23.084602387,24.1061610296,24.1061610296,7.80139763529
1461,1,60,positive,0.150036950585,-0.0868027893845,-0.0230760313905,150.036950585,-86.8027893845,-23.0760313905,23.8891566957,23.8891566957,7.80996863176
1462,0,60,positive,0.149828055467,-0.0871646063433,-0.0231554156357,149.828055467,-87.1646063433,-23.1554156357,23.4713664586,23.4713664586,7.73058438662
1462,1,60,positive,0.150036950585,-0.0868027893845,-0.0230760313905,150.036950585,-86.8027893845,-23.0760313905,23.8891566957,23.8891566957,7.80996863176
1463,0,60,positive,0.149828055467,-0.0871646063433,-0.0231554156357,149.828055467,-87.1646063433,-23.1554156357,23.4713664586,23.4713664586,7.73058438662
1463,1,60,positive,0.149733573662,-0.0873282536295,-0.0231778232087,149.733573662,-87.3282536295,-23.1778232087,23.2824028491,23.2824028491,7.70817681359
1464,0,60,positive,0.149470279497,-0.0877842924997,-0.0231268653627,149.470279497,-87.7842924997,-23.1268653627,22.7558145202,22.7558145202,7.75913465961
1464,1,60,positive,0.149733573662,-0.0873282536295,-0.0231778232087,149.733573662,-87.3282536295,-23.1778232087,23.2824028491,23.2824028491,7.70817681359
1465,0,60,positive,0.149470279497,-0.0877842924997,-0.0231268653627,149.470279497,-87.7842924997,-23.1268653627,22.7558145202,22.7558145202,7.75913465961
1465,1,60,positive,0.149205467495,-0.0882429603416,-0.0230680939747,149.205467495,-88.2429603416,-23.0680939747,22.2261905162,22.2261905162,7.81790604762
1466,0,60,positive,0.146737551764,-0.0925175157766,-0.0234372172157,146.737551764,-92.5175157766,-23.4372172157,17.2903590541,17.2903590541,7.44878280656
1466,1,60,positive,0.147299453639,-0.09154427318,-0.0231984019601,147.299453639,-91.54427318,-23.1984019601,18.4141628043,18.4141628043,7.68759806215
1467,0,60,positive,0.147303701919,-0.0915369149438,-0.0231968669204,147.303701919,-91.5369149438,-23.1968669204,18.4226593637,18.4226593637,7.68913310185
1467,1,60,positive,0.147299453639,-0.09154427318,-0.0231984019601,147.299453639,-91.54427318,-23.1984019601,18.4141628043,18.4141628043,7.68759806215
1468,0,60,positive,0.146587874275,-0.0927767647919,-0.0234748184863,146.587874275,-92.7767647919,-23.4748184863,16.9910040765,16.9910040765,7.411181536
1468,1,60,positive,0.146737551764,-0.0925175157766,-0.0234372172157,146.737551764,-92.5175157766,-23.4372172157,17.2903590541,17.2903590541,7.44878280656
1469,0,60,positive,0.145234045918,-0.0951216642916,-0.0304982606361,145.234045918,-95.1216642916,-30.4982606361,14.2833473618,14.2833473618,0.387739386195
1469,1,60,positive,0.145135522735,-0.0952923114507,-0.0304998023744,145.135522735,-95.2923114507,-30.4998023744,14.0863009953,14.0863009953,0.386197647875
1470,0,60,positive,0.145135522735,-0.0952923114507,-0.0304998023744,145.135522735,-95.2923114507,-30.4998023744,14.0863009953,14.0863009953,0.386197647875
1470,1,60,positive,0.145001366991,-0.0955246760157,-0.0304944817916,145.001366991,-95.5246760157,-30.4944817916,13.817989507,13.817989507,0.391518230652
1471,0,60,positive,0.14616349651,-0.0935118086428,-0.0304180079771,146.16349651,-93.5118086428,-30.4180079771,16.1422485461,16.1422485461,0.4679920452
1471,1,60,positive,0.146017203405,-0.0937651957333,-0.0304114785678,146.017203405,-93.7651957333,-30.4114785678,15.8496623364,15.8496623364,0.474521454535
1472,0,60,positive,0.145688431758,-0.09433464493,-0.030407080878,145.688431758,-94.33464493,-30.407080878,15.1921190423,15.1921190423,0.478919144334
1472,1,60,positive,0.146017203405,-0.0937651957333,-0.0304114785678,146.017203405,-93.7651957333,-30.4114785678,15.8496623364,15.8496623364,0.474521454535
1473,0,60,positive,0.145234045918,-0.0951216642916,-0.0304982606361,145.234045918,-95.1216642916,-30.4982606361,14.2833473618,14.2833473618,0.387739386195
1473,1,60,positive,0.145688431758,-0.09433464493,-0.030407080878,145.688431758,-94.33464493,-30.407080878,15.1921190423,15.1921190423,0.478919144334
1474,0,60,positive,0.145772094337,-0.0941897370924,-0.024063264808,145.772094337,-94.1897370924,-24.063264808,15.3594442004,15.3594442004,6.82273521432
1474,1,60,positive,0.146010498005,-0.0937768098268,-0.0239374466842,146.010498005,-93.7768098268,-23.9374466842,15.8362515363,15.8362515363,6.94855333807
1475,0,60,positive,0.145338933206,-0.0949399941803,-0.02409090596,145.338933206,-94.9399941803,-24.09090596,14.4931219371,14.4931219371,6.79509406225
1475,1,60,positive,0.145691808552,-0.0943287961524,-0.0240652371737,145.691808552,-94.3287961524,-24.0652371737,15.198872629,15.198872629,6.82076284854
1476,0,60,positive,0.145735934483,-0.094252367797,-0.0240597715967,145.735934483,-94.252367797,-24.0597715967,15.2871244921,15.2871244921,6.82622842557
1476,1,60,positive,0.145691808552,-0.0943287961524,-0.0240652371737,145.691808552,-94.3287961524,-24.0652371737,15.198872629,15.198872629,6.82076284854
1477,0,60,positive,0.145240448366,-0.0951105749265,-0.0240879274441,145.240448366,-95.1105749265,-24.0879274441,14.2961522576,14.2961522576,6.79807257817
1477,1,60,positive,0.145338933206,-0.0949399941803,-0.02409090596,145.338933206,-94.9399941803,-24.09090596,14.4931219371,14.4931219371,6.79509406225
1478,0,60,positive,0.145772094337,-0.0941897370924,-0.024063264808,145.772094337,-94.1897370924,-24.063264808,15.3594442004,15.3594442004,6.82273521432
1478,1,60,positive,0.145735934483,-0.094252367797,-0.0240597715967,145.735934483,-94.252367797,-24.0597715967,15.2871244921,15.2871244921,6.82622842557
1479,0,60,positive,0.146301569779,-0.0932726587258,-0.0236317881385,146.301569779,-93.2726587258,-23.6317881385,16.4183950841,16.4183950841,7.2542118838
1479,1,60,positive,0.146587874275,-0.0927767647919,-0.0234748184863,146.587874275,-92.7767647919,-23.4748184863,16.9910040765,16.9910040765,7.411181536
1480,0,60,positive,0.146301569779,-0.0932726587258,-0.0236317881385,146.301569779,-93.2726587258,-23.6317881385,16.4183950841,16.4183950841,7.2542118838
1480,1,60,positive,0.146264731976,-0.0933364636723,-0.0236539667226,146.264731976,-93.3364636723,-23.6539667226,16.344719478,16.344719478,7.2320332997
1481,0,60,positive,0.146084821899,-0.0936480770677,-0.0238844448166,146.084821899,-93.6480770677,-23.8844448166,15.9848993226,15.9848993226,7.00155520567
1481,1,60,positive,0.146264731976,-0.0933364636723,-0.0236539667226,146.264731976,-93.3364636723,-23.6539667226,16.344719478,16.344719478,7.2320332997
1482,0,60,positive,0.146084821899,-0.0936480770677,-0.0238844448166,146.084821899,-93.6480770677,-23.8844448166,15.9848993226,15.9848993226,7.00155520567
1482,1,60,positive,0.146010498005,-0.0937768098268,-0.0239374466842,146.010498005,-93.7768098268,-23.9374466842,15.8362515363,15.8362515363,6.94855333807
1483,0,60,positive,0.145240448366,-0.0951105749265,-0.0240879274441,145.240448366,-95.1105749265,-24.0879274441,14.2961522576,14.2961522576,6.79807257817
1483,1,60,positive,0.144971556972,-0.0955763084824,-0.0241616046479,144.971556972,-95.5763084824,-24.1616046479,13.7583694698,13.7583694698,6.72439537442
1484,0,60,positive,0.144788710268,-0.0958930082642,-0.0242599332529,144.788710268,-95.8930082642,-24.2599332529,13.3926760614,13.3926760614,6.62606676939
1484,1,60,positive,0.144971556972,-0.0955763084824,-0.0241616046479,144.971556972,-95.5763084824,-24.1616046479,13.7583694698,13.7583694698,6.72439537442
1485,0,60,positive,0.183848105501,-0.0282401512082,0.12236994871,183.848105501,-28.2401512082,122.36994871,91.5114665269,91.5114665269,153.255948732
1485,1,60,positive,0.183895820939,-0.0281575056444,0.122845664098,183.895820939,-28.1575056444,122.845664098,91.6068974038,91.6068974038,153.731664121
1486,0,60,positive,0.18391291724,-0.0281278939819,0.123087365018,183.91291724,-28.1278939819,123.087365018,91.6410900064,91.6410900064,153.973365041
1486,1,60,positive,0.183939824386,-0.0280812894394,0.123492596129,183.939824386,-28.0812894394,123.492596129,91.6949042968,91.6949042968,154.378596151
1487,0,60,positive,0.18391291724,-0.0281278939819,0.123087365018,183.91291724,-28.1278939819,123.087365018,91.6410900064,91.6410900064,153.973365041
1487,1,60,positive,0.183895820939,-0.0281575056444,0.122845664098,183.895820939,-28.1575056444,122.845664098,91.6068974038,91.6068974038,153.731664121
1488,0,60,positive,0.186865423572,-0.0230140030058,0.122618722367,186.865423572,-23.0140030058,122.618722367,97.5461026698,97.5461026698,153.504722389
1488,1,60,positive,0.1869789167,-0.0228174271418,0.123518072461,186.9789167,-22.8174271418,123.518072461,97.7730889258,97.7730889258,154.404072484
1489,0,60,positive,0.187096729286,-0.0226133697579,0.124490290991,187.096729286,-22.6133697579,124.490290991,98.0087140968,98.0087140968,155.376291013
1489,1,60,positive,0.1869789167,-0.0228174271418,0.123518072461,186.9789167,-22.8174271418,123.518072461,97.7730889258,97.7730889258,154.404072484
1490,0,60,positive,0.187156936414,-0.0225090879522,0.124999572113,187.156936414,-22.5090879522,124.999572113,98.129128354,98.129128354,155.885572135
1490,1,60,positive,0.187096729286,-0.0226133697579,0.124490290991,187.096729286,-22.6133697579,124.490290991,98.0087140968,98.0087140968,155.376291013
1491,0,60,positive,0.187156936414,-0.0225090879522,0.124999572113,187.156936414,-22.5090879522,124.999572113,98.129128354,98.129128354,155.885572135
1491,1,60,positive,0.187260656814,-0.0223294389494,0.1260625937,187.260656814,-22.3294389494,126.0625937,98.3365691542,98.3365691542,156.948593723
1492,0,60,positive,0.183940467341,-0.0280801758077,0.123493493197,183.940467341,-28.0801758077,123.493493197,91.6961902079,91.6961902079,154.379493219
1492,1,60,positive,0.183939824386,-0.0280812894394,0.123492596129,183.939824386,-28.0812894394,123.492596129,91.6949042968,91.6949042968,154.378596151
1493,0,60,positive,0.183943328672,-0.0280752198375,0.123520539611,183.943328672,-28.0752198375,123.520539611,91.7019128694,91.7019128694,154.406539634
1493,1,60,positive,0.183940467341,-0.0280801758077,0.123493493197,183.940467341,-28.0801758077,123.493493197,91.6961902079,91.6961902079,154.379493219
1494,0,60,positive,0.191170183492,-0.0155579401097,0.178882560556,191.170183492,-15.5579401097,178.882560556,106.15562251,106.15562251,209.768560578
1494,1,60,positive,0.191137333777,-0.015614837485,0.178577223031,191.137333777,-15.614837485,178.577223031,106.08992308,106.08992308,209.463223053
1495,0,60,positive,0.191170183492,-0.0155579401097,0.178882560556,191.170183492,-15.5579401097,178.882560556,106.15562251,106.15562251,209.768560578
1495,1,60,positive,0.191181622318,-0.0155381274832,0.179435483454,191.181622318,-15.5381274832,179.435483454,106.178500161,106.178500161,210.321483477
1496,0,60,positive,0.188969592858,-0.0193694748941,0.17943004885,188.969592858,-19.3694748941,179.43004885,101.754441243,101.754441243,210.316048872
1496,1,60,positive,0.188983236653,-0.0193458431483,0.179533283179,188.983236653,-19.3458431483,179.533283179,101.781728832,101.781728832,210.419283201
1497,0,60,positive,0.188983236653,-0.0193458431483,0.179533283179,188.983236653,-19.3458431483,179.533283179,101.781728832,101.781728832,210.419283201
1497,1,60,positive,0.189027536892,-0.0192691128832,0.180090417299,189.027536892,-19.2691128832,180.090417299,101.87032931,101.87032931,210.976417321
1498,0,60,positive,0.191206552943,-0.0154949463726,0.180629257414,191.206552943,-15.4949463726,180.629257414,106.228361412,106.228361412,211.515257436
1498,1,60,positive,0.191181622318,-0.0155381274832,0.179435483454,191.181622318,-15.5381274832,179.435483454,106.178500161,106.178500161,210.321483477
1499,0,60,positive,0.191201509201,-0.0155036823899,0.182090458739,191.201509201,-15.5036823899,182.090458739,106.218273928,106.218273928,212.976458762
1499,1,60,positive,0.191210491765,-0.0154881241339,0.181429427679,191.210491765,-15.4881241339,181.429427679,106.236239055,106.236239055,212.315427701
1500,0,60,positive,0.191206552943,-0.0154949463726,0.180629257414,191.206552943,-15.4949463726,180.629257414,106.228361412,106.228361412,211.515257436
1500,1,60,positive,0.191210491765,-0.0154881241339,0.181429427679,191.210491765,-15.4881241339,181.429427679,106.236239055,106.236239055,212.315427701
1501,0,60,positive,0.189046601692,-0.0192360916824,0.180321901336,189.046601692,-19.2360916824,180.321901336,101.908458909,101.908458909,211.207901359
1501,1,60,positive,0.189027536892,-0.0192691128832,0.180090417299,189.027536892,-19.2691128832,180.090417299,101.87032931,101.87032931,210.976417321
1502,0,60,positive,0.189046248661,-0.01923670315,0.180356990231,189.046248661,-19.23670315,180.356990231,101.907752847,101.907752847,211.242990254
1502,1,60,positive,0.189013284577,-0.0192937986181,0.181155957555,189.013284577,-19.2937986181,181.155957555,101.841824679,101.841824679,212.041957578
1503,0,60,positive,0.189046248661,-0.01923670315,0.180356990231,189.046248661,-19.23670315,180.356990231,101.907752847,101.907752847,211.242990254
1503,1,60,positive,0.189046601692,-0.0192360916824,0.180321901336,189.046601692,-19.2360916824,180.321901336,101.908458909,101.908458909,211.207901359
1504,0,60,positive,0.189018247166,-0.0192852031619,0.181288431315,189.018247166,-19.2852031619,181.288431315,101.851749857,101.851749857,212.174431337
1504,1,60,positive,0.189013284577,-0.0192937986181,0.181155957555,189.013284577,-19.2937986181,181.155957555,101.841824679,101.841824679,212.041957578
1505,0,60,positive,0.191191987129,-0.0155201751028,0.182473316537,191.191987129,-15.5201751028,182.473316537,106.199229784,106.199229784,213.359316559
1505,1,60,positive,0.191201509201,-0.0155036823899,0.182090458739,191.201509201,-15.5036823899,182.090458739,106.218273928,106.218273928,212.976458762
1506,0,60,positive,0.191150290279,-0.0155923961663,0.183844376826,191.150290279,-15.5923961663,183.844376826,106.115836083,106.115836083,214.730376848
1506,1,60,positive,0.191191987129,-0.0155201751028,0.182473316537,191.191987129,-15.5201751028,182.473316537,106.199229784,106.199229784,213.359316559
1507,0,60,positive,0.191150290279,-0.0155923961663,0.183844376826,191.150290279,-15.5923961663,183.844376826,106.115836083,106.115836083,214.730376848
1507,1,60,positive,0.191148416128,-0.0155956422902,0.183890436811,191.148416128,-15.5956422902,183.890436811,106.112087782,106.112087782,214.776436833
1508,0,60,positive,0.191148416128,-0.0155956422902,0.183890436811,191.148416128,-15.5956422902,183.890436811,106.112087782,106.112087782,214.776436833
1508,1,60,positive,0.191148155713,-0.0155960933428,0.183902463588,191.148155713,-15.5960933428,183.902463588,106.111566951,106.111566951,214.78846361
1509,0,60,positive,0.191074345762,-0.0157239359284,0.184814393015,191.074345762,-15.7239359284,184.814393015,105.963947049,105.963947049,215.700393037
1509,1,60,positive,0.191146975394,-0.0155981377147,0.183917250606,191.146975394,-15.5981377147,183.917250606,106.109206314,106.109206314,214.803250629
1510,0,60,positive,0.191148155713,-0.0155960933428,0.183902463588,191.148155713,-15.5960933428,183.902463588,106.111566951,106.111566951,214.78846361
1510,1,60,positive,0.191146975394,-0.0155981377147,0.183917250606,191.146975394,-15.5981377147,183.917250606,106.109206314,106.109206314,214.803250629
1511,0,60,positive,0.189015138509,-0.0192905875127,0.182439661788,189.015138509,-19.2905875127,182.439661788,101.845532544,101.845532544,213.325661811
1511,1,60,positive,0.18901648706,-0.0192882517553,0.182779675332,189.01648706,-19.2882517553,182.779675332,101.848229645,101.848229645,213.665675354
1512,0,60,positive,0.189015138509,-0.0192905875127,0.182439661788,189.015138509,-19.2905875127,182.439661788,101.845532544,101.845532544,213.325661811
1512,1,60,positive,0.189010954327,-0.0192978347283,0.181539283167,189.010954327,-19.2978347283,181.539283167,101.837164181,101.837164181,212.42528319
1513,0,60,positive,0.18901648706,-0.0192882517553,0.182779675332,189.01648706,-19.2882517553,182.779675332,101.848229645,101.848229645,213.665675354
1513,1,60,positive,0.189014530218,-0.0192916411044,0.182822702256,189.014530218,-19.2916411044,182.822702256,101.844315961,101.844315961,213.708702279
1514,0,60,positive,0.189014530218,-0.0192916411044,0.182822702256,189.014530218,-19.2916411044,182.822702256,101.844315961,101.844315961,213.708702279
1514,1,60,positive,0.18901377834,-0.0192929433943,0.182891663254,189.01377834,-19.2929433943,182.891663254,101.842812207,101.842812207,213.777663276
1515,0,60,positive,0.189010954327,-0.0192978347283,0.181539283167,189.010954327,-19.2978347283,181.539283167,101.837164181,101.837164181,212.42528319
1515,1,60,positive,0.189018247166,-0.0192852031619,0.181288431315,189.018247166,-19.2852031619,181.288431315,101.851749857,101.851749857,212.174431337
1516,0,60,positive,0.188996298993,-0.0193232185123,0.183916335039,188.996298993,-19.3232185123,183.916335039,101.807853511,101.807853511,214.802335061
1516,1,60,positive,0.18901377834,-0.0192929433943,0.182891663254,189.01377834,-19.2929433943,182.891663254,101.842812207,101.842812207,213.777663276
